Date,Rain,PET,SV,SF_complete,Soil_moisture,PSY
2022-05-28 10:30:00,0.0,0.0609474573784897,6.520279232686559,397.1859493198186,0.144,
2022-05-28 11:00:00,0.0,0.2248683321152876,7.301542933102842,444.777003850638,0.14433333333333334,
2022-05-28 11:30:00,0.0,0.2914104360941066,7.695296389483989,468.7626852592955,0.14433333333333334,
2022-05-28 12:00:00,0.0,0.3121544104875912,8.218622005699588,500.6413171801447,0.14366666666666666,
2022-05-28 12:30:00,0.0,0.3286336750438057,8.304746260774364,505.8876176514271,0.14366666666666666,
2022-05-28 13:00:00,0.0,0.3751223706986503,8.32929687584296,507.3831301907557,0.14233333333333334,
2022-05-28 13:30:00,0.0,0.3662428927681567,8.488271401203862,517.0671399577915,0.14233333333333334,
2022-05-28 14:00:00,0.0,0.2538146162132131,7.945923332408355,484.0297461777161,0.142,
2022-05-28 14:30:00,0.0,0.3084868475352611,7.7581997735356785,472.5944751901241,0.142,
2022-05-28 15:00:00,0.0,0.29124996313421,7.695296389483989,468.7626852592955,0.141,
2022-05-28 15:30:00,0.0,0.2548403490513825,8.169269730169924,497.63499955051367,0.141,
2022-05-28 16:00:00,0.0,0.2814304390489294,8.10743686378339,493.868420718769,0.13933333333333334,
2022-05-28 16:30:00,0.0,0.3009981032973132,8.045444696273234,490.0921379823671,0.13933333333333334,
2022-05-28 17:00:00,0.0,0.2275708442902891,7.518279158631817,457.97959539873807,0.13866666666666666,
2022-05-28 17:30:00,0.0,0.1578374334758204,7.682695801170291,467.9951143543141,0.13866666666666666,
2022-05-28 18:00:00,0.0,0.2917500418308226,7.365494634484,448.6726525364117,0.13733333333333334,
2022-05-28 18:30:00,0.0,0.2274636056045205,7.78331482766612,474.1243708067123,0.13733333333333334,
2022-05-28 19:00:00,0.0,0.1908614506503518,6.92717208023745,421.9720230688956,0.13599999999999998,
2022-05-28 19:30:00,0.0,0.1856935285656112,6.914156087211077,421.17914758580224,0.13599999999999998,
2022-05-28 20:00:00,0.0,0.0822572835170862,6.294098889425796,383.4080647922423,0.135,
2022-05-28 20:30:00,0.0,0.0416860466742578,5.380514255584952,327.7566168823093,0.135,
2022-05-28 21:00:00,0.0,0.0375467335242241,4.987663126274923,303.82590116170735,0.134,
2022-05-28 21:30:00,0.0,0.0450339359771462,4.12215532386197,251.10307658975177,0.134,
2022-05-28 22:00:00,0.0,0.0482188084884296,3.328741608612825,202.7718980545111,0.13433333333333333,
2022-05-28 22:30:00,0.0,0.0455558785522215,2.5847179146189077,157.4493364479508,0.13433333333333333,
2022-05-28 23:00:00,0.0,0.0426740159243164,2.0580922292000756,125.3696792224281,0.13466666666666668,-0.2880309977467495
2022-05-28 23:30:00,0.0,0.0414053356020387,1.6174817683163305,98.52968082035878,0.13466666666666668,-0.2880309977467495
2022-05-29 00:00:00,0.0,0.0439377653085392,1.369066254748455,83.39733018610949,0.13599999999999998,-0.2880309977467495
2022-05-29 00:30:00,0.0,0.0412995237834678,1.066950785359674,64.99382088364924,0.13599999999999998,-0.309717774143262
2022-05-29 01:00:00,0.0,0.0399074796616767,0.9142746730139106,55.69348197845094,0.13666666666666666,-0.3300784994510874
2022-05-29 01:30:00,0.0,0.0238119531895381,0.7604957957078851,46.325967614658374,0.13666666666666666,-0.3412133615051803
2022-05-29 02:00:00,0.0,2.1809250752999217e-05,0.4843306649509508,29.50323568642323,0.13699999999999998,-0.3406843986634652
2022-05-29 02:30:00,0.0,2.252740087865609e-05,0.3098804616431821,18.876517544893247,0.13699999999999998,-0.3317539798814773
2022-05-29 03:00:00,0.0,2.148704350693933e-05,0.4147232112445689,25.263064124213443,0.13733333333333334,-0.3207001158346361
2022-05-29 03:30:00,0.0,2.1550467758537072e-05,0.2221121492914959,13.530068532886858,0.13733333333333334,-0.3140772995746059
2022-05-29 04:00:00,0.0,2.1326666625175544e-05,0.0809185824176946,4.929194414568571,0.13766666666666666,-0.3172589382279269
2022-05-29 04:30:00,0.0,2.1906731267520072e-05,0.0454718106617578,2.7699372435526417,0.13766666666666666,-0.3334282643286491
2022-05-29 05:00:00,0.0,2.164708974293453e-05,0.0632026581216656,3.850020354917592,0.13766666666666666,-0.3633226714692436
2022-05-29 05:30:00,0.0,2.1841297402105628e-05,-0.0434072780876282,-2.644175247617465,0.13766666666666666,-0.4067240255773868
2022-05-29 06:00:00,0.0,2.299012349826155e-05,0.0454718106617578,2.7699372435526417,0.13766666666666666,-0.4646701265062481
2022-05-29 06:30:00,0.0,2.3224081724526502e-05,0.1516336172780244,9.23683481613024,0.13766666666666666,-0.4605950526301051
2022-05-29 07:00:00,0.0,0.0005333492405468,0.5016968115104109,30.56110286681456,0.13766666666666666,-0.456519978753962
2022-05-29 07:30:00,0.0,0.0005830281973317,0.8631384777025647,52.57849601626661,0.13766666666666666,-0.452444904877819
2022-05-29 08:00:00,0.0,0.0059912923364613,1.6340827121047297,99.54093530546515,0.13766666666666666,-0.448369831001676
2022-05-29 08:30:00,0.0,0.0060476081558626,2.8347763832906274,172.6817684835209,0.13766666666666666,
2022-05-29 09:00:00,0.0,0.0045871732479421,3.5699816662865116,217.4671523376028,0.13733333333333334,
2022-05-29 09:30:00,0.0,0.0047654686134342,4.120494488499566,251.0019060038705,0.13733333333333334,
2022-05-29 10:00:00,0.0,0.0759205659471107,4.629063281315424,281.98161892113023,0.13733333333333334,
2022-05-29 10:30:00,0.0,0.0775148668977242,5.433561064244164,330.98798877664063,0.13733333333333334,
2022-05-29 11:00:00,0.0,0.1235571241079695,5.995204479939583,365.2007679048584,0.13699999999999998,
2022-05-29 11:30:00,0.0,0.1658886133383174,6.143590076810842,374.2397479938162,0.13699999999999998,
2022-05-29 12:00:00,0.0,0.1306027219931431,6.371061566417279,388.0962833227947,0.13666666666666666,
2022-05-29 12:30:00,0.0,0.1366493879061029,6.410973545751521,390.5275407636776,0.13666666666666666,
2022-05-29 13:00:00,0.0,0.0645098807537209,6.38437316374837,388.90716568445913,0.13566666666666666,
2022-05-29 13:30:00,0.0,0.128143284711269,6.79331089744637,413.8178046579086,0.13566666666666666,
2022-05-29 14:00:00,0.0,0.0937040007458118,6.832508926319812,416.2055714626669,0.13566666666666666,
2022-05-29 14:30:00,0.0,0.1516654786776452,7.233776860071877,440.6490008789938,0.13566666666666666,
2022-05-29 15:00:00,0.0,0.1823998178057851,6.962698594664231,424.1361378031064,0.135,
2022-05-29 15:30:00,0.0,0.1236470441744386,7.105080307419402,432.80938839994366,0.135,
2022-05-29 16:00:00,0.0,0.1442035677310947,7.729123536253065,470.8232821943013,0.13433333333333333,
2022-05-29 16:30:00,0.0,0.0738402526995374,7.577805036396161,461.6056429076245,0.13433333333333333,
2022-05-29 17:00:00,0.0,0.1164403596057749,7.092171992219147,432.0230721634808,0.134,
2022-05-29 17:30:00,0.0,0.1601033393450971,6.897693900395735,420.1763455485285,0.134,
2022-05-29 18:00:00,0.0,0.0530343664813775,4.614691207953994,281.1061371514022,0.13266666666666668,
2022-05-29 18:30:00,0.0,0.0343354286432327,3.3276274515446373,202.70402864017663,0.13266666666666668,
2022-05-29 19:00:00,0.0,0.0140429698666962,2.5683730239290075,156.45367956064266,0.132,
2022-05-29 19:30:00,0.2,2.6258392924944224e-05,1.8470292774859003,112.51267788073916,0.132,
2022-05-29 20:00:00,0.0,2.600969466871188e-05,1.5846405895855469,96.52914460320147,0.132,
2022-05-29 20:30:00,0.0,2.5939746154101555e-05,1.2017516614790789,73.20528116624337,0.132,
2022-05-29 21:00:00,0.0,0.0107280239244252,1.0331171329241222,62.932827652837176,0.13266666666666668,
2022-05-29 21:30:00,0.0,2.5657134418759616e-05,0.9482973584167228,57.76599024349307,0.13266666666666668,
2022-05-29 22:00:00,0.0,0.0106032067812559,0.7089879382822549,43.188341675807386,0.13333333333333333,
2022-05-29 22:30:00,0.0,2.5833681681635627e-05,0.7776373643819823,47.370154525016645,0.13333333333333333,
2022-05-29 23:00:00,0.0,2.502899022333993e-05,0.5537099580900473,33.729508737805396,0.13333333333333333,
2022-05-29 23:30:00,0.0,2.502899022333993e-05,0.5190487248189022,31.618103021869057,0.13333333333333333,
2022-05-30 00:00:00,0.0,2.4993588956392983e-05,0.8229611679616957,50.131075845893285,0.134,
2022-05-30 00:30:00,0.0,2.4785996285137452e-05,0.9101016258131528,55.43927879867294,0.134,
2022-05-30 01:00:00,0.0,2.468334191378207e-05,0.7003613573894546,42.66284934656563,0.134,
2022-05-30 01:30:00,0.0,2.4648293879291414e-05,0.7354621327846362,44.80102998265054,0.134,
2022-05-30 02:00:00,0.0,2.4613281801622063e-05,0.7354621327846362,44.80102998265054,0.13433333333333333,
2022-05-30 02:30:00,0.0,2.369328662745624e-05,0.7529907884558655,45.868796483842054,0.13433333333333333,
2022-05-30 03:00:00,0.0,2.3123601439819645e-05,0.7354621327846362,44.80102998265054,0.13433333333333333,
2022-05-30 03:30:00,0.0,2.2329950177178775e-05,0.5947093354226947,36.22700555140111,0.13433333333333333,
2022-05-30 04:00:00,0.0,0.0069926796631551,0.3996350643460788,24.34396239014791,0.13433333333333333,
2022-05-30 04:30:00,0.0,0.0069546705050373,0.3103667063103208,18.90613737294463,0.13433333333333333,
2022-05-30 05:00:00,0.0,2.2004533985472384e-05,0.3103667063103208,18.90613737294463,0.13433333333333333,
2022-05-30 05:30:00,0.0,0.0067631800519073,0.2386793429703534,14.539267113818036,0.13433333333333333,
2022-05-30 06:00:00,0.0,2.2101415206849497e-05,0.1847535241927335,11.254349894833794,0.13433333333333333,
2022-05-30 06:30:00,0.0,2.2560223421108573e-05,0.3639729629423577,22.171588309944543,0.13433333333333333,
2022-05-30 07:00:00,0.0,2.275789808853537e-05,0.4352371136874593,26.512678370055543,0.13433333333333333,
2022-05-30 07:30:00,0.0,2.3123601439819645e-05,0.3639729629423577,22.171588309944543,0.13433333333333333,
2022-05-30 08:00:00,0.0,2.249461350944277e-05,0.346119320403454,21.084025077210203,0.13433333333333333,
2022-05-30 08:30:00,0.2,2.2593081150686816e-05,0.2386793429703534,14.539267113818036,0.13433333333333333,
2022-05-30 09:00:00,0.0,0.0001034788810977,0.3996350643460788,24.34396239014791,0.13433333333333333,
2022-05-30 09:30:00,0.0,0.0001069419381444,0.7880047724332407,48.00169017891661,0.13433333333333333,
2022-05-30 10:00:00,0.0,0.0033620558686428,1.4425699468684263,87.8748429875288,0.13433333333333333,
2022-05-30 10:30:00,0.0,0.0034371868034464,2.0447809365235283,124.5588154189419,0.13433333333333333,
2022-05-30 11:00:00,0.0,0.0319724293599372,2.9019810762876737,176.7755747200646,0.13433333333333333,
2022-05-30 11:30:00,0.0,0.0480437753843184,3.2949490929574012,200.71341069047008,0.13433333333333333,
2022-05-30 12:00:00,0.0,0.022088030338045,2.67880585543209,163.18074867092596,0.13433333333333333,
2022-05-30 12:30:00,0.0,0.0006880615050241,1.9455730594156728,118.5155198110555,0.13433333333333333,
2022-05-30 13:00:00,1.0,0.0139365430004148,1.0142015695140831,61.78057699886633,0.13433333333333333,
2022-05-30 13:30:00,0.2,0.01865673140735,0.8752882563939594,53.318605636016585,0.13433333333333333,
2022-05-30 14:00:00,0.2,0.0185988199626127,0.7179189982335598,43.73238149352078,0.13366666666666668,
2022-05-30 14:30:00,0.4,0.0085234628118441,0.5593746892997603,34.07457856731398,0.13366666666666668,
2022-05-30 15:00:00,0.0,0.1078252362062539,1.135012597277537,69.13983893200277,0.14300000000000002,
2022-05-30 15:30:00,0.0,0.1049061769965013,1.20374178794985,73.32651067856197,0.14300000000000002,
2022-05-30 16:00:00,0.0,0.0207392566339844,1.745779569676917,106.34500317244364,0.19333333333333333,
2022-05-30 16:30:00,0.0,0.0361046225387911,1.9621393517713637,119.52466348745196,0.19333333333333333,
2022-05-30 17:00:00,0.0,0.0423867047604223,2.176354646275105,132.5736913081878,0.19266666666666665,
2022-05-30 17:30:00,0.0,0.063213209212424,2.566358024646305,156.33093490900768,0.19266666666666665,
2022-05-30 18:00:00,0.4,0.008201431565602,2.388474195657674,145.49505580565486,0.18766666666666668,
2022-05-30 18:30:00,0.0,0.0176851809861608,2.5341233475834355,154.36734403301412,0.18766666666666668,
2022-05-30 19:00:00,0.0,0.0114975268962499,2.646736957880257,161.2272563336788,0.18433333333333335,
2022-05-30 19:30:00,0.0,2.5903426022643787e-05,2.4533274560217806,149.44562339102336,0.18433333333333335,
2022-05-30 20:00:00,0.0,2.4579650240962487e-05,1.9124023189320891,116.49490818102493,0.18266666666666667,
2022-05-30 20:30:00,0.0,2.3558714866712376e-05,1.4086142263490755,85.80641392060987,0.18266666666666667,
2022-05-30 21:00:00,0.0,0.0052343475646673,1.0660615053986373,64.93964996658715,0.18233333333333335,
2022-05-30 21:30:00,0.0,0.0053001442277031,0.9101016258131528,55.43927879867294,0.18233333333333335,
2022-05-30 22:00:00,0.0,0.0055930731363453,0.8927020588716539,54.37937579961602,0.18066666666666667,
2022-05-30 22:30:00,0.0,0.0059055886040697,0.979558070484177,59.67025157277504,0.18066666666666667,
2022-05-30 23:00:00,0.0,0.0052907318027516,0.8578601916386832,52.256966678910224,0.17933333333333334,
2022-05-30 23:30:00,0.0,0.0056723300072628,0.8752882563939594,53.318605636016585,0.17933333333333334,
2022-05-31 00:00:00,0.0,0.0055857084821271,0.8693961430649175,52.95968471521253,0.17866666666666667,
2022-05-31 00:30:00,0.0,2.1777238958862854e-05,0.6767408674745105,41.223995828876525,0.17866666666666667,
2022-05-31 01:00:00,0.0,2.110339745933009e-05,0.482320555891264,29.380788925078143,0.17800000000000002,
2022-05-31 01:30:00,0.0,2.0407683898210747e-05,0.33979403339038,20.698717172847193,0.17800000000000002,
2022-05-31 02:00:00,0.0,0.0037931146419811,0.2681686672034452,16.3356235001525,0.17766666666666667,
2022-05-31 02:30:00,0.0,0.0036615467289842,0.142236247967105,8.664389539223203,0.17766666666666667,
2022-05-31 03:00:00,0.0,1.8870626525383647e-05,-0.0389832666180876,-2.374684458553934,0.17700000000000002,
2022-05-31 03:30:00,0.0,1.863089168801157e-05,-0.0754152789933083,-4.593958036339218,0.17700000000000002,
2022-05-31 04:00:00,0.0,1.8302623627743337e-05,-0.1850919965165985,-11.27496809943443,0.17666666666666667,
2022-05-31 04:30:00,0.0,1.8660457163882885e-05,-0.2217786339695153,-13.509752286443067,0.17666666666666667,
2022-05-31 05:00:00,0.0,1.920436059962202e-05,-0.0754152789933083,-4.593958036339218,0.17633333333333334,
2022-05-31 05:30:00,0.0,1.9479081044036483e-05,-0.1850919965165985,-11.27496809943443,0.17633333333333334,
2022-05-31 06:00:00,0.0,1.9022480913138412e-05,-0.1850919965165985,-11.27496809943443,0.17566666666666667,
2022-05-31 06:30:00,0.0,1.905251754267956e-05,-0.1850919965165985,-11.27496809943443,0.17566666666666667,
2022-05-31 07:00:00,0.0,0.0005248833178126,-0.1301820253012108,-7.930100760781896,0.17500000000000002,
2022-05-31 07:30:00,0.0,0.0005414879610262,-0.1850919965165985,-11.27496809943443,0.17500000000000002,
2022-05-31 08:00:00,0.0,0.0050785224150947,0.1061169345844464,6.464164171151008,0.17500000000000002,
2022-05-31 08:30:00,0.0,0.0053035327811785,0.2681686672034452,16.3356235001525,0.17500000000000002,
2022-05-31 09:00:00,0.0,0.0111267757957397,0.7645280470035587,46.57159414407747,0.17466666666666666,
2022-05-31 09:30:00,0.0,0.0121353114373849,1.6902969117030011,102.9652503441163,0.17466666666666666,
2022-05-31 10:00:00,0.0,0.023551469628462,2.976858493024698,181.33676861805307,0.17400000000000002,
2022-05-31 10:30:00,0.0,0.0252937727437563,4.695480676677046,286.02746654308646,0.17400000000000002,
2022-05-31 11:00:00,0.0,0.0326168210050142,6.00395841015713,365.73401777954257,0.17366666666666666,
2022-05-31 11:30:00,0.0,0.0342325104453093,7.593694067831341,462.57353090891087,0.17366666666666666,
2022-05-31 12:00:00,0.0,0.112863335133445,8.092288153180855,492.94562971750696,0.17300000000000001,
2022-05-31 12:30:00,0.0,0.1114337181623093,8.155467413183965,496.7942247647653,0.17300000000000001,
2022-05-31 13:00:00,0.0,0.0333789180647125,8.268774254868035,503.6963655892119,0.17200000000000001,
2022-05-31 13:30:00,0.0,0.0325384323753875,8.306425263330564,505.98989490066697,0.17200000000000001,
2022-05-31 14:00:00,0.0,0.0142071967079793,8.155467413183965,496.7942247647653,0.171,
2022-05-31 14:30:00,0.0,0.0882153964662399,8.231064429515179,501.3992534185592,0.171,
2022-05-31 15:00:00,0.0,0.1466805399813875,8.518680880475035,518.9195480313741,0.16966666666666666,
2022-05-31 15:30:00,0.0,0.1470709697626306,8.864283718450885,539.9721113327931,0.16966666666666666,
2022-05-31 16:00:00,0.0,0.036686328941418,8.839759687571785,538.4782181821696,0.16866666666666666,
2022-05-31 16:30:00,0.0,0.1256243044656417,9.20506547915538,560.7309963906229,0.16866666666666666,
2022-05-31 17:00:00,0.0,0.0920823513445993,8.876536507455416,540.7184958753728,0.168,
2022-05-31 17:30:00,0.0,0.1664233910292654,8.741416391034507,532.4875889160813,0.168,
2022-05-31 18:00:00,0.0,0.1015045510567931,7.952706612744873,484.44295296592475,0.16633333333333333,
2022-05-31 18:30:00,0.0,0.1763046428545832,7.658200472316732,466.5029696013979,0.16633333333333333,
2022-05-31 19:00:00,0.0,0.1447426422212241,7.176654676287916,437.16937554642885,0.165,
2022-05-31 19:30:00,0.0,0.0008168873784575,6.617866389927232,403.1305179965328,0.165,
2022-05-31 20:00:00,0.0,3.262987295419592e-05,5.865298241378894,357.28746682618134,0.164,
2022-05-31 20:30:00,0.0,3.18386857926341e-05,4.87047454605084,296.6873023648325,0.164,
2022-05-31 21:00:00,0.0,3.0940246868121084e-05,4.147199928061305,252.62868071486113,0.163,
2022-05-31 21:30:00,0.0,0.028922211637279,3.64659631809405,222.13417074648257,0.163,
2022-05-31 22:00:00,0.0,0.0280039776169071,3.259691859483078,198.5656993351514,0.16233333333333333,
2022-05-31 22:30:00,0.0,0.0367978836908254,2.770300426371244,168.75418451917932,0.16233333333333333,
2022-05-31 23:00:00,0.0,0.0250441668924112,2.52951516848134,154.086634583927,0.16166666666666665,
2022-05-31 23:30:00,0.0,0.0235068933839512,2.1221948722848643,129.2745225947649,0.16166666666666665,
2022-06-01 00:00:00,0.0,0.0228482092054051,1.835639402815608,111.81885818036876,0.16133333333333333,
2022-06-01 00:30:00,0.0,2.7046281764451948e-05,1.634605661059885,99.57279099289612,0.16133333333333333,
2022-06-01 01:00:00,0.0,2.6650985973610524e-05,1.5164627238247046,92.37605707911676,0.16133333333333333,
2022-06-01 01:30:00,0.0,2.6293655713524186e-05,1.3806413692827293,84.10243386199717,0.16133333333333333,
2022-06-01 02:00:00,0.0,0.0128186877141677,1.0199554424055897,62.13107693684781,0.16066666666666665,
2022-06-01 02:30:00,0.0,0.0155836446636879,1.0199554424055897,62.13107693684781,0.16066666666666665,
2022-06-01 03:00:00,0.0,2.6293655713524186e-05,1.0372697792810668,63.1857881053902,0.16066666666666665,
2022-06-01 03:30:00,0.0,2.5481452105946365e-05,0.9852845278978724,60.019081483723646,0.16066666666666665,
2022-06-01 04:00:00,0.0,2.492425274865588e-05,0.9679278976069928,58.96179399141549,0.16,
2022-06-01 04:30:00,0.0,2.4890315067776933e-05,0.8460337795466412,51.53655509127801,0.16,
2022-06-01 05:00:00,0.0,2.468334191378207e-05,0.8460337795466412,51.53655509127801,0.16033333333333333,
2022-06-01 05:30:00,0.0,2.492425274865588e-05,0.8285631982087537,50.47232621606789,0.16033333333333333,
2022-06-01 06:00:00,0.0,2.4579650240962487e-05,0.9852845278978724,60.019081483723646,0.16,
2022-06-01 06:30:00,0.0,2.4168032357686425e-05,0.8285631982087537,50.47232621606789,0.16,
2022-06-01 07:00:00,0.0,2.406591359982391e-05,0.7760651574228262,47.274382780998515,0.15966666666666665,
2022-06-01 07:30:00,0.0,2.4339818229124272e-05,0.7585369543218862,46.2066438483441,0.15966666666666665,
2022-06-01 08:00:00,0.0,2.5342352952357383e-05,0.8110782521543063,49.40722230723114,0.15933333333333333,-0.2038653984330942
2022-06-01 08:30:00,0.0,2.6044719324839073e-05,1.192469897297998,72.63987803149047,0.15933333333333333,-0.1997903245569511
2022-06-01 09:00:00,0.0,0.0062507125128028,1.9354577278618723,117.89933951838644,0.159,
2022-06-01 09:30:00,0.0,0.0066099750552715,3.4577825859362754,210.6324913282525,0.159,
2022-06-01 10:00:00,0.0,0.0174926914504712,4.721664637881576,287.62247514882824,0.159,
2022-06-01 10:30:00,0.0,0.0182274810948859,6.112111210205211,372.32219767578823,0.159,
2022-06-01 11:00:00,0.0,0.0272579904483197,6.857253723923701,417.7129127246419,0.15833333333333333,
2022-06-01 11:30:00,0.0,0.0268591153346661,7.0431981461408935,429.0398067461163,0.15833333333333333,
2022-06-01 12:00:00,0.0,0.2870928473697184,7.734175229499538,471.1310085210689,0.15833333333333333,
2022-06-01 12:30:00,0.0,0.2496808509011172,8.46812141601437,515.8396939066856,0.15833333333333333,
2022-06-01 13:00:00,0.0,0.1182317150608966,7.566541520362432,460.91952040444875,0.15766666666666665,
2022-06-01 13:30:00,0.0,0.1572796385655304,6.963687541872786,424.1963799985461,0.15766666666666665,
2022-06-01 14:00:00,0.0,0.2588583281237199,7.618246770567881,464.06917061953743,0.15666666666666665,
2022-06-01 14:30:00,0.0,0.2257395942652001,8.065957746535767,491.3417003172324,0.15666666666666665,
2022-06-01 15:00:00,0.0,0.2866115590224579,8.46812141601437,515.8396939066856,0.156,
2022-06-01 15:30:00,0.0,0.3210965095196194,8.330631758027945,507.4644451818707,0.156,
2022-06-01 16:00:00,0.0,0.2582017236485895,8.141876002738293,495.9662974524813,0.155,
2022-06-01 16:30:00,0.0,0.2365575918304541,8.116596521739494,494.42638569402686,0.155,
2022-06-01 17:00:00,0.0,0.2526277976603671,8.167128971499325,497.50459420520514,0.15366666666666665,
2022-06-01 17:30:00,0.0,0.1110788730182731,8.56762613199811,521.9010715976402,0.15366666666666665,
2022-06-01 18:00:00,0.0,0.0688141825260357,7.605330975243013,463.28239872768177,0.15233333333333332,
2022-06-01 18:30:00,0.0,0.0461918131532141,6.467329336855163,393.9604809170622,0.15233333333333332,
2022-06-01 19:00:00,0.0,0.0042086171090354,5.540634917714968,337.51044412256135,0.15133333333333332,
2022-06-01 19:30:00,0.0,0.0041345188339635,4.9979451486786655,304.4522355077711,0.15133333333333332,
2022-06-01 20:00:00,0.0,0.0008239360515762,4.604318584250844,280.4742837835557,0.15066666666666664,
2022-06-01 20:30:00,0.0,0.0007870939610301,4.441963811058415,270.58436459209355,0.15066666666666664,
2022-06-01 21:00:00,0.0,3.1367349421886946e-05,3.9174239313821966,238.63176522780836,0.15,
2022-06-01 21:30:00,0.0,0.0304327870347533,3.5504757938280553,216.2789427236825,0.15,
2022-06-01 22:00:00,0.0,0.0277040494369558,3.1145405619802413,189.7237381497079,0.14966666666666664,
2022-06-01 22:30:00,0.0,0.0356284800372308,2.6858319727028075,163.60874798792028,0.14966666666666664,
2022-06-01 23:00:00,0.0,0.0228045270231511,2.3301886270992496,141.94456232932183,0.14933333333333332,-0.1957152506808081
2022-06-01 23:30:00,0.0,0.0210348116235063,1.9022362037656224,115.87563438013524,0.14933333333333332,-0.1916401768046651
2022-06-02 00:00:00,0.0,0.0183434537849059,1.6461346843116424,100.2750869961139,0.14866666666666664,-0.187565102928522
2022-06-02 00:30:00,0.0,0.0173216560521491,1.392172123560688,84.80483531150955,0.14866666666666664,-0.1863086563774772
2022-06-02 01:00:00,0.0,0.0169877290617269,1.1523946278233184,70.19867369306986,0.14866666666666664,-0.1850522098264324
2022-06-02 01:30:00,0.0,0.0164603315937502,0.9968190099929676,60.72171001501206,0.14866666666666664,-0.1837957632753875
2022-06-02 02:00:00,0.0,2.4270465099293883e-05,0.9098950754192012,55.42669668196039,0.14833333333333332,-0.1825393167243427
2022-06-02 02:30:00,0.0,2.399844920328174e-05,0.7525316913622689,45.84083036330599,0.14833333333333332,
2022-06-02 03:00:00,0.0,2.2923596763138143e-05,0.8575698739605728,52.239281837744755,0.14866666666666664,
2022-06-02 03:30:00,0.0,2.3558714866712376e-05,0.7174032686489299,43.70096557752187,0.14866666666666664,
2022-06-02 04:00:00,0.0,2.3224081724526502e-05,0.6646014154261263,40.48451526155837,0.14833333333333332,
2022-06-02 04:30:00,0.0,2.272486421650997e-05,0.5763052251241912,35.105910310011296,0.14833333333333332,
2022-06-02 05:00:00,0.0,2.26589022265558e-05,0.6116678339594563,37.260040656185595,0.14866666666666664,
2022-06-02 05:30:00,0.0,2.275789808853537e-05,0.5231504175427046,31.86795960932235,0.14866666666666664,
2022-06-02 06:00:00,0.0,2.3257646047119997e-05,0.5231504175427046,31.86795960932235,0.14866666666666664,
2022-06-02 06:30:00,0.0,2.315705943392293e-05,0.6469715618552149,39.41058424157555,0.14866666666666664,
2022-06-02 07:00:00,0.0,0.0001416795064274,0.8750259069462364,53.30262449307335,0.14833333333333332,
2022-06-02 07:30:00,0.0,0.0001443129566774,1.1523946278233184,70.19867369306986,0.14833333333333332,
2022-06-02 08:00:00,0.0,0.0061861885775495,1.5618137226446382,95.13863501114734,0.14833333333333332,
2022-06-02 08:30:00,0.0,0.006727899186121,2.309094382341583,140.6595962519095,0.14833333333333332,-0.1662055115607599
2022-06-02 09:00:00,0.0,0.005010279429916,3.345115026668008,203.7692927000129,0.148,
2022-06-02 09:30:00,0.0,0.0053506424643854,4.260107421443548,259.50649504519464,0.148,
2022-06-02 10:00:00,0.0,0.0126015164618898,5.734947492216973,349.3470881701748,0.14766666666666664,
2022-06-02 10:30:00,0.0,0.0130383033560179,6.802092800166832,414.35275849107813,0.14766666666666664,
2022-06-02 11:00:00,0.0,0.1895328308011445,7.629884704335916,464.7781009593005,0.14733333333333332,
2022-06-02 11:30:00,0.0,0.2682800546101281,8.304666494028774,505.8827586217077,0.14733333333333332,
2022-06-02 12:00:00,0.0,0.141575843616091,8.566890912590795,521.8562853533964,0.14666666666666664,
2022-06-02 12:30:00,0.0,0.0055580825924066,8.404896625746785,511.9883253614415,0.14666666666666664,
2022-06-02 13:00:00,0.0,0.1440138930154513,8.229220079366884,501.28690394112334,0.146,
2022-06-02 13:30:00,0.0,0.2151291542076539,8.838598812706332,538.4075029307176,0.146,
2022-06-02 14:00:00,0.0,0.1758126846800416,8.604121116106585,524.1241811288809,0.14500000000000002,
2022-06-02 14:30:00,0.0,0.313129349212505,8.329763009127975,507.4115249242803,0.14500000000000002,
2022-06-02 15:00:00,0.0,0.2317727116076926,8.442376136526786,514.2714078089801,0.14433333333333334,
2022-06-02 15:30:00,0.0,0.3339886541219342,8.850877498489456,539.1554649880359,0.14433333333333334,
2022-06-02 16:00:00,0.0,0.3355079318588155,9.034321701603371,550.330056958846,0.1436666666666667,
2022-06-02 16:30:00,0.0,0.2669157483901532,8.59171738659442,523.3686019725928,0.1436666666666667,
2022-06-02 17:00:00,0.0,0.2163786491159236,8.052254633028646,490.5069685591692,0.14300000000000002,
2022-06-02 17:30:00,0.0,0.1324696123802702,7.186742978524755,437.7839093352391,0.14300000000000002,
2022-06-02 18:00:00,0.0,0.2944016731379269,7.809983162398365,475.7488852591465,0.1416666666666667,
2022-06-02 18:30:00,0.0,0.2105047839465699,7.873976602687321,479.6470764905881,0.1416666666666667,
2022-06-02 19:00:00,0.0,0.1112550818033819,7.081258285442319,431.3582584596409,0.14033333333333334,
2022-06-02 19:30:00,0.0,0.0157922843331781,6.735133012170022,410.2738707605585,0.14033333333333334,
2022-06-02 20:00:00,0.0,0.0098737981368212,7.068039486332172,430.55302894629256,0.13933333333333334,
2022-06-02 20:30:00,0.0,0.009185715843404,6.315646517335868,384.7206489227115,0.13933333333333334,
2022-06-02 21:00:00,0.0,0.0451172095796968,5.367989577996581,326.99367011571627,0.139,
2022-06-02 21:30:00,0.0,0.0547947492906927,4.3346896795678465,264.0497092141543,0.139,
2022-06-02 22:00:00,0.0,0.0582917689181128,3.6696637912510695,223.53933698205572,0.13833333333333334,
2022-06-02 22:30:00,0.0,0.0540587173769007,3.031522086152076,184.66662771683033,0.13833333333333334,
2022-06-02 23:00:00,0.0,0.0295366384819588,2.56870461618374,156.47387866251896,0.138,-0.1649490650097151
2022-06-02 23:30:00,0.0,0.038424385349158,2.1287963564056507,129.67665517894778,0.138,-0.1636926184586702
2022-06-03 00:00:00,0.0,0.0370475827602002,1.7416549383501378,106.09374926894388,0.1386666666666667,-0.1624361719076254
2022-06-03 00:30:00,0.0,0.0246981016333201,1.488690583754764,90.684303792996,0.1386666666666667,-0.1611797253565806
2022-06-03 01:00:00,0.0,0.023315793171885,1.3696131281034978,83.4306432398805,0.13833333333333334,-0.1481174185768404
2022-06-03 01:30:00,0.0,0.0206090300287322,1.1466972621089215,69.85161591699323,0.13833333333333334,-0.1480407062783611
2022-06-03 02:00:00,0.0,0.0190996584130312,0.9736267261460428,59.3089408761603,0.13833333333333334,-0.1479639939798818
2022-06-03 02:30:00,0.0,0.0177106780243729,0.9214304110666456,56.12937720780116,0.13833333333333334,-0.1478872816814025
2022-06-03 03:00:00,0.0,0.0171709599337011,0.8341511566468532,50.81271939522346,0.1386666666666667,-0.1478105693829232
2022-06-03 03:30:00,0.0,0.0164771702051929,0.7640689558264887,46.543628383949475,0.1386666666666667,
2022-06-03 04:00:00,0.0,0.0161395823074179,0.623206993704058,37.96295412874622,0.13833333333333334,
2022-06-03 04:30:00,0.0,0.0154221706594406,0.6585102316394595,40.11346786796509,0.13833333333333334,
2022-06-03 05:00:00,0.0,2.2461861299539943e-05,0.5346908497504824,32.57095059459011,0.13833333333333334,
2022-06-03 05:30:00,0.0,2.2069086497893275e-05,0.5524236825868328,33.65115464611713,0.13833333333333334,
2022-06-03 06:00:00,0.0,2.1971071472423815e-05,0.3922908718465673,23.896587367421464,0.1386666666666667,
2022-06-03 06:30:00,0.0,2.0943965061442254e-05,0.4101433760904078,24.984081260363872,0.1386666666666667,
2022-06-03 07:00:00,0.0,2.129397227424847e-05,0.5346908497504824,32.57095059459011,0.1386666666666667,
2022-06-03 07:30:00,0.0,2.272486421650997e-05,0.5878448856746771,35.80885428940353,0.1386666666666667,
2022-06-03 08:00:00,0.0,2.376143814251221e-05,0.9736267261460428,59.3089408761603,0.1386666666666667,
2022-06-03 08:30:00,0.0,2.492425274865588e-05,1.420727309568964,86.54428821804221,0.1386666666666667,
2022-06-03 09:00:00,0.0,2.7591435480352944e-05,2.1403235004094867,130.37883670687344,0.139,
2022-06-03 09:30:00,0.0,2.9902966050348084e-05,3.6043536560234872,219.5609386443691,0.139,
2022-06-03 10:00:00,0.0,3.347404308669146e-05,5.308303126099961,323.3578411562373,0.139,
2022-06-03 10:30:00,0.0,0.0536854034866529,7.026704122325414,428.035065342648,0.139,
2022-06-03 11:00:00,0.0,0.2043310937858368,8.240885054759042,501.99748153444176,0.1386666666666667,
2022-06-03 11:30:00,0.0,0.2299731251715168,8.972810092719527,546.5830476825802,0.1386666666666667,
2022-06-03 12:00:00,0.0,0.3917655965985804,9.408872171876896,573.1459792214999,0.138,
2022-06-03 12:30:00,0.0,0.5317725271019336,9.384848012380749,571.6825359768835,0.138,
2022-06-03 13:00:00,0.0,0.5785259216550194,9.094716555285553,554.0090385542253,0.1376666666666667,
2022-06-03 13:30:00,0.0,0.4928021601754657,9.167570766922603,558.4469879392682,0.1376666666666667,
2022-06-03 14:00:00,0.0,0.3713897522414281,8.615804106503264,524.8358561148749,0.137,
2022-06-03 14:30:00,0.0,0.4200372903130285,8.590989086221825,523.3242372046809,0.137,
2022-06-03 15:00:00,0.0,0.3370276659807673,8.139916604091692,495.84693974036907,0.136,
2022-06-03 15:30:00,0.0,0.3845453320164535,7.224662310572629,440.0937837071075,0.136,
2022-06-03 16:00:00,0.0,0.2531352902325874,6.299910942683961,383.7621088152757,0.135,
2022-06-03 16:30:00,0.0,0.194156389308316,6.1077262839756346,372.0550877829387,0.135,
2022-06-03 17:00:00,0.0,0.2805263920040821,6.773544791624554,412.61374280334303,0.13333333333333333,
2022-06-03 17:30:00,0.0,0.1447200132088301,7.51203807812107,457.5994169740143,0.13333333333333333,
2022-06-03 18:00:00,0.0,0.2881783551576804,7.460046119575699,454.4323017823338,0.133,
2022-06-03 18:30:00,0.0,0.2157283179180476,7.053194701031998,429.64875170118,0.133,
2022-06-03 19:00:00,0.0,0.151223259572416,7.49905074463584,456.80828730067066,0.13266666666666668,
2022-06-03 19:30:00,0.0,0.050500954586563,6.476956180980743,394.54690476280865,0.13266666666666668,
2022-06-03 20:00:00,0.0,0.00064473535391,5.591980949798839,340.6382123927916,0.13166666666666668,
2022-06-03 20:30:00,0.0,0.0006404092353378,4.583249244517286,279.19083480767995,0.13166666666666668,
2022-06-03 21:00:00,0.0,3.726272530589475e-05,3.970805977899543,241.88355829770285,0.13133333333333333,
2022-06-03 21:30:00,0.0,3.519499171295756e-05,3.2160802903164973,195.90907959808257,0.13133333333333333,
2022-06-03 22:00:00,0.0,0.0397424113750459,2.788913239021785,169.88799296484478,0.13033333333333333,
2022-06-03 22:30:00,0.0,0.0380886631069586,2.238853425897639,136.38083456537592,0.13033333333333333,
2022-06-03 23:00:00,0.0,0.0369161885746993,1.7751599575881682,108.13472365027458,0.13066666666666668,
2022-06-03 23:30:00,0.0,0.0347801292940145,1.539522174417527,93.78073461632856,0.13066666666666668,
2022-06-04 00:00:00,0.0,0.0327407398895505,1.2956824322191731,78.92711929853063,0.13066666666666668,
2022-06-04 00:30:00,0.0,3.013207550573784e-05,1.1064566637741569,67.40034049144592,0.13066666666666668,
2022-06-04 01:00:00,0.0,2.975037960921708e-05,1.0891709253996282,66.3473714143605,0.13066666666666668,
2022-06-04 01:30:00,0.0,2.9902966050348084e-05,0.8281887087725839,50.449514011727054,0.13066666666666668,
2022-06-04 02:00:00,0.0,2.929735908506126e-05,0.7756060721196659,47.24641737868255,0.131,
2022-06-04 02:30:00,0.0,2.929735908506126e-05,0.6700487434543979,40.81634187157826,0.131,
2022-06-04 03:00:00,0.0,2.9485025759073216e-05,0.6700487434543979,40.81634187157826,0.131,
2022-06-04 03:30:00,0.0,2.9333912043817993e-05,0.617072558384301,37.58927204718684,0.131,
2022-06-04 04:00:00,0.0,2.8921487481622617e-05,0.617072558384301,37.58927204718684,0.131,
2022-06-04 04:30:00,0.0,2.8659775033925233e-05,0.6347459922026754,38.66585777893007,0.131,
2022-06-04 05:00:00,0.0,2.8067349052283917e-05,0.6347459922026754,38.66585777893007,0.13066666666666668,
2022-06-04 05:30:00,0.0,2.847427479058182e-05,0.4929441392252409,30.027929619686905,0.13066666666666668,
2022-06-04 06:00:00,0.0,2.8959225565404393e-05,0.6347459922026754,38.66585777893007,0.13066666666666668,
2022-06-04 06:30:00,0.0,2.8846113638478657e-05,0.8281887087725839,50.449514011727054,0.13066666666666668,
2022-06-04 07:00:00,0.0,0.0008800109614263,1.2785491154207698,77.88343505515395,0.13066666666666668,
2022-06-04 07:30:00,0.0,0.0009304361399001,1.8201411103601732,110.87477223219508,0.13066666666666668,
2022-06-04 08:00:00,0.0,0.0096094539158815,2.927878410392733,178.353123298016,0.131,
2022-06-04 08:30:00,0.0,0.0099315946091071,3.815133175566824,232.40067457888375,0.131,
2022-06-04 09:00:00,0.0,0.0193802442308143,4.624249149381784,281.6883637561324,0.131,
2022-06-04 09:30:00,0.0,0.0201017481545539,5.532957624853734,337.04277813089504,0.131,
2022-06-04 10:00:00,0.0,0.095132225660035,6.284141844790725,382.80152662345125,0.13066666666666668,
2022-06-04 10:30:00,0.0,0.1065321215040879,7.19682372077676,438.39798260393275,0.13066666666666668,
2022-06-04 11:00:00,0.0,0.1475420905987686,7.678975908710688,467.7685153138117,0.13,
2022-06-04 11:30:00,0.0,0.0665184655247667,7.973848829478845,485.7308412793748,0.13,
2022-06-04 12:00:00,0.0,0.2526416441991753,8.012044334642923,488.0575388696088,0.12933333333333333,
2022-06-04 12:30:00,0.0,0.2940043380688443,8.062877374785948,491.1540579887296,0.12933333333333333,
2022-06-04 13:00:00,0.0,0.2302227074186448,7.704761883066771,469.3392803590285,0.12933333333333333,
2022-06-04 13:30:00,0.0,0.1641979189751989,8.189491952306508,498.8668459500375,0.12933333333333333,
2022-06-04 14:00:00,0.0,0.1312619878158992,7.781953164758325,474.041424454971,0.12833333333333333,
2022-06-04 14:30:00,0.0,0.0411640448540272,7.419569431642222,451.9666448451913,0.12833333333333333,
2022-06-04 15:00:00,0.0,0.0888650711702712,6.905411950226452,420.6464942706175,0.12833333333333333,
2022-06-04 15:30:00,0.0,0.0892494585374513,7.2625549226080945,442.4020304165529,0.12833333333333333,
2022-06-04 16:00:00,0.0,0.0246178533855954,6.825305877731682,415.7667942892706,0.12733333333333333,
2022-06-04 16:30:00,0.0,0.0249652049190266,6.201872230660301,377.79003346150824,0.12733333333333333,
2022-06-04 17:00:00,0.0,0.0394637667429343,6.704631688452706,408.41586793831107,0.12666666666666668,
2022-06-04 17:30:00,0.0,0.0406490127399519,6.9453628273194905,423.0801211872089,0.12666666666666668,
2022-06-04 18:00:00,0.0,0.0574643046655751,7.999319250027002,487.28238421242594,0.12633333333333333,
2022-06-04 18:30:00,0.0,0.0526909120208027,7.575552294124677,461.4684160273419,0.12633333333333333,
2022-06-04 19:00:00,1.2,0.0256732158767735,4.4024074591757545,268.1747703686771,0.12633333333333333,
2022-06-04 19:30:00,0.0,0.0033722650602089,3.258924772957866,198.5189718900752,0.12633333333333333,
2022-06-04 20:00:00,0.0,3.632559868713831e-05,3.070366136033029,187.03283172080148,0.126,
2022-06-04 20:30:00,0.0,3.666573640149513e-05,3.0229728724629035,184.145848248054,0.126,
2022-06-04 21:00:00,0.0,3.5236327077905795e-05,3.399292785996506,207.06955699897665,0.13233333333333333,
2022-06-04 21:30:00,0.0,3.391914214544388e-05,2.768465375067668,168.64240148534734,0.13233333333333333,
2022-06-04 22:00:00,0.0,3.2510446819210245e-05,2.0693989427356474,126.05843312223048,0.18033333333333335,
2022-06-04 22:30:00,1.6,3.082344996839441e-05,1.5848725822363543,96.5432765472422,0.18033333333333335,
2022-06-04 23:00:00,3.0,3.05531359112814e-05,1.6017630433997196,97.57216712266262,0.17133333333333334,
2022-06-04 23:30:00,0.6,2.9978687075037876e-05,1.2614020699678228,76.8389145241747,0.17133333333333334,
2022-06-05 00:00:00,0.2,2.9902966050348084e-05,0.9096327352674648,55.41071610528665,0.16833333333333333,
2022-06-05 00:30:00,0.0,2.9636675311373782e-05,0.8397250210701487,51.15225403068023,0.16833333333333333,
2022-06-05 01:00:00,0.0,2.959832938613145e-05,0.610923714262671,37.214712246522765,0.18600000000000003,
2022-06-05 01:30:00,0.0,2.9523270520278577e-05,0.4332274922697773,26.390261313658016,0.18600000000000003,
2022-06-05 02:00:00,0.0,2.9410165143584247e-05,0.4332274922697773,26.390261313658016,0.287,
2022-06-05 02:30:00,0.4,2.9372021514339375e-05,0.3438166438763757,20.9437564277022,0.287,
2022-06-05 03:00:00,1.2,2.877237961025713e-05,0.3796263785423286,23.125123659167674,0.285,
2022-06-05 03:30:00,1.0,2.8697275808784963e-05,0.3438166438763757,20.9437564277022,0.285,
2022-06-05 04:00:00,0.4,2.851160658810513e-05,0.2899879672814888,17.66475667155825,0.2763333333333333,
2022-06-05 04:30:00,0.0,2.821538850376113e-05,0.3438166438763757,20.9437564277022,0.2763333333333333,
2022-06-05 05:00:00,0.6,2.8252483396265985e-05,0.2540257887062365,15.474103245947964,0.27699999999999997,
2022-06-05 05:30:00,0.2,2.821538850376113e-05,0.2540257887062365,15.474103245947964,0.27699999999999997,
2022-06-05 06:00:00,0.0,2.814130076513904e-05,0.2180022174678733,13.279710056700452,0.31866666666666665,
2022-06-05 06:30:00,0.2,2.8252483396265985e-05,0.1095607486891909,6.673945765720897,0.31866666666666665,
2022-06-05 07:00:00,0.0,2.847427479058182e-05,0.0369550504805087,2.2511346958395344,0.307,
2022-06-05 07:30:00,0.2,2.8363972230347037e-05,0.0551299663340993,3.358268447248186,0.307,
2022-06-05 08:00:00,0.0,0.0035043512521671,0.0551299663340993,3.358268447248186,0.30833333333333335,
2022-06-05 08:30:00,0.2,0.0035318725491618,-0.01766409366419,-1.076016771753305,0.30833333333333335,
2022-06-05 09:00:00,0.0,0.0102989416922058,0.0005580514268222,0.0339939713962759,0.3003333333333333,
2022-06-05 09:30:00,0.0,0.0106215287485282,-0.0907110373466423,-5.525706522152505,0.3003333333333333,
2022-06-05 10:00:00,0.0,0.0079956516966334,-0.0541558303699433,-3.298928485893425,0.29533333333333334,
2022-06-05 10:30:00,0.0,0.0081814467514965,-0.035902043873619,-2.186990291302242,0.29533333333333334,
2022-06-05 11:00:00,0.0,0.0223501673505185,0.4866931182245146,29.64714566522908,0.29533333333333334,
2022-06-05 11:30:00,0.0,0.0228254008806381,0.6815870983710091,41.51920631765428,0.29533333333333334,
2022-06-05 12:00:00,0.0,0.0293751471349974,1.25577316880492,76.49602729922164,0.292,
2022-06-05 12:30:00,0.0,0.0443944691890059,2.0974416386932027,127.76666745053232,0.292,
2022-06-05 13:00:00,0.0,0.0300926140922374,3.050310819653228,185.811152465826,0.2883333333333333,
2022-06-05 13:30:00,0.0,0.041392082286211,2.587150674250403,157.5975291724063,0.2883333333333333,
2022-06-05 14:00:00,0.0,0.0185106693161214,3.0186810342322676,183.8844088554868,0.2846666666666667,
2022-06-05 14:30:00,0.0,0.0188720483297266,3.5039106218984615,213.44240285198808,0.2846666666666667,
2022-06-05 15:00:00,0.0,0.0186451792262881,3.5193870360409836,214.38515607219512,0.2813333333333334,
2022-06-05 15:30:00,0.0,0.0179527876927942,2.987005636924561,181.95488677510187,0.2813333333333334,
2022-06-05 16:00:00,0.0,0.008881545456751,2.130434765284313,129.7764596447724,0.2783333333333333,
2022-06-05 16:30:00,0.0,0.0090698555048299,1.7982164814388313,109.5392229035784,0.2783333333333333,
2022-06-05 17:00:00,0.2,0.0148838539376728,1.7982164814388313,109.5392229035784,0.276,
2022-06-05 17:30:00,0.0,0.0148660096938144,1.3585312858154688,82.75558748040963,0.276,
2022-06-05 18:00:00,0.0,0.0095853969290246,1.3243333502085044,80.67240376478928,0.2743333333333333,
2022-06-05 18:30:00,0.0,0.0097497917924187,1.7479398770662211,106.47659933736584,0.2743333333333333,
2022-06-05 19:00:00,0.0,0.0038869027433589,2.2782856095378685,138.782865020511,0.27299999999999996,
2022-06-05 19:30:00,0.0,0.0038494076782562,2.5710033469353792,156.613906953216,0.27299999999999996,
2022-06-05 20:00:00,0.0,3.271019973049637e-05,2.40886870833961,146.73739736671592,0.27166666666666667,
2022-06-05 20:30:00,0.0,3.2311510725841314e-05,2.229113871534647,135.7875449212416,0.27166666666666667,
2022-06-05 21:00:00,0.0,3.191770297840187e-05,1.9815680817382968,120.70817392935297,0.27133333333333337,
2022-06-05 21:30:00,0.0,3.1329082352843475e-05,1.3926747196540727,84.83545119456481,0.27133333333333337,
2022-06-05 22:00:00,0.0,3.05531359112814e-05,1.1869925547524247,72.30622307269554,0.27,
2022-06-05 22:30:00,0.0,2.9864383502258776e-05,0.8397250210701487,51.15225403068023,0.27,
2022-06-05 23:00:00,0.0,2.9372021514339375e-05,1.3926747196540727,84.83545119456481,0.26966666666666667,
2022-06-05 23:30:00,0.0,2.85863723630622e-05,1.1179898697122208,68.10289128501422,0.26966666666666667,
2022-06-06 00:00:00,0.0,2.784777917135708e-05,1.15828722676227,70.55762419503542,0.26866666666666666,
2022-06-06 00:30:00,0.0,2.6650985973610524e-05,0.8419569808373023,51.288214934703554,0.26866666666666666,
2022-06-06 01:00:00,0.0,2.618656119674144e-05,0.5926290355030516,36.10028308002117,0.2683333333333333,
2022-06-06 01:30:00,0.0,2.6365696203895816e-05,0.699842591133812,42.63124845028966,0.2683333333333333,
2022-06-06 02:00:00,0.0,2.5551897839576503e-05,0.520850925615994,31.727884951279293,0.268,
2022-06-06 02:30:00,0.0,2.502899022333993e-05,0.4668572441991276,28.438833846945887,0.268,
2022-06-06 03:00:00,0.0,2.437321212789204e-05,0.4488286972125967,27.34061622555856,0.26699999999999996,
2022-06-06 03:30:00,0.0,0.003251635189716,0.4668572441991276,28.438833846945887,0.26699999999999996,
2022-06-06 04:00:00,0.0,0.0037797572185051,0.538818265283846,32.82237409937472,0.26699999999999996,
2022-06-06 04:30:00,0.0,2.4785996285137452e-05,0.6463035486141903,39.36989189331469,0.26699999999999996,
2022-06-06 05:00:00,0.0,0.0033756390519487,0.9126595553526738,55.59509630835177,0.26666666666666666,
2022-06-06 05:30:00,0.0,2.4407976960880987e-05,0.5926290355030516,36.10028308002117,0.26666666666666666,
2022-06-06 06:00:00,0.0,2.4168032357686425e-05,0.6284271352351185,38.28094156388614,0.2663333333333333,
2022-06-06 06:30:00,0.0,2.410036016658098e-05,0.538818265283846,32.82237409937472,0.2663333333333333,
2022-06-06 07:00:00,0.0,2.4442777673205428e-05,0.538818265283846,32.82237409937472,0.26566666666666666,
2022-06-06 07:30:00,0.0,2.5903426022643787e-05,0.717658969050345,43.71654169060739,0.26566666666666666,
2022-06-06 08:00:00,0.0,0.0022773422035493,1.3666001837713586,83.24710828499553,0.26566666666666666,
2022-06-06 08:30:00,0.0,0.0025437501410537,2.378937657259754,144.91413297679586,0.26566666666666666,
2022-06-06 09:00:00,0.0,0.0471607377087365,5.031555644750053,306.4996350611985,0.26533333333333337,
2022-06-06 09:30:00,0.0,0.006228991514967,7.006800236317938,426.8226105417244,0.26533333333333337,
2022-06-06 10:00:00,0.0,0.0791552531144495,7.6559121276330835,466.363573983034,0.2643333333333333,
2022-06-06 10:30:00,0.0,0.0817118777636746,8.185782255552162,498.64086798583054,0.2643333333333333,
2022-06-06 11:00:00,0.0,0.1768728147185231,8.766729175926548,534.0295293972302,0.26366666666666666,
2022-06-06 11:30:00,0.0,0.1404641534240056,8.866360934022183,540.0986459196083,0.26366666666666666,
2022-06-06 12:00:00,0.0,0.2232919350374833,9.504283111012787,578.9579825243968,0.26266666666666666,
2022-06-06 12:30:00,0.0,0.2045947766082058,9.60097668490338,584.8481181410332,0.26266666666666666,
2022-06-06 13:00:00,0.0,0.1499186901044267,9.443657296199,575.2649318204654,0.26166666666666666,
2022-06-06 13:30:00,0.0,0.1230637667361645,8.249608371062678,502.52886654781776,0.26166666666666666,
2022-06-06 14:00:00,0.0,0.0010405431965982,6.654983174053136,405.39150477526493,0.25966666666666666,
2022-06-06 14:30:00,0.2,0.001002247699423,5.509246567985365,335.5984076836253,0.25966666666666666,
2022-06-06 15:00:00,0.2,0.0025559821819241,4.2729289486370625,260.2875245484338,0.2583333333333333,
2022-06-06 15:30:00,0.0,0.0026012304281533,3.440666022575834,209.58982762861697,0.2583333333333333,
2022-06-06 16:00:00,0.0,0.011109987107811,3.060499546103017,186.43180364392776,0.25733333333333336,
2022-06-06 16:30:00,0.8,0.0103776708725651,2.5758489365571573,156.90907837843534,0.25733333333333336,
2022-06-06 17:00:00,0.0,0.007789200150376,2.1302639923632585,129.76605693005013,0.25666666666666665,
2022-06-06 17:30:00,0.0,0.007989130013894,2.0132329400946145,122.63705402443894,0.25666666666666665,
2022-06-06 18:00:00,0.4,0.0072815935902065,1.895565207697975,115.46926744223563,0.2583333333333333,
2022-06-06 18:30:00,0.0,0.0071076884900603,2.180227230032098,132.80959161259975,0.2583333333333333,
2022-06-06 19:00:00,0.0,0.0028730586401386,2.0968910501030136,127.73312808142327,0.26566666666666666,
2022-06-06 19:30:00,0.0,0.0028287197958484,2.4776158156384795,150.9251605132096,0.26566666666666666,
2022-06-06 20:00:00,0.0,2.82896123113535e-05,2.246666311308034,136.8567602424693,0.274,
2022-06-06 20:30:00,0.0,2.8104307908220937e-05,1.8618277852521208,113.41413610758585,0.274,
2022-06-06 21:00:00,0.0,2.781105680668246e-05,1.3838684402187134,84.29901244206867,0.272,
2022-06-06 21:30:00,0.0,2.7701093423267577e-05,1.0883960206064036,66.3001677157234,0.272,
2022-06-06 22:00:00,0.2,2.7300506301294197e-05,0.9479229739623496,57.74318443416893,0.27,
2022-06-06 22:30:00,1.4,2.7010306342442157e-05,0.6820112476381376,41.54504357451181,0.27,
2022-06-06 23:00:00,1.0,2.661538347478615e-05,0.520850925615994,31.727884951279293,0.2683333333333333,
2022-06-06 23:30:00,0.6,2.6401061362963146e-05,0.2494932076581637,15.19799888872613,0.2683333333333333,
2022-06-07 00:00:00,0.8,2.6044719324839073e-05,0.0570609938348906,3.4758979173511784,0.26766666666666666,
2022-06-07 00:30:00,0.6,2.5939746154101555e-05,-0.0709223157238051,-4.320267015177016,0.26766666666666666,
2022-06-07 01:00:00,0.8,2.5376732589395176e-05,-0.0525912209565926,-3.203619550036641,0.2823333333333333,
2022-06-07 01:30:00,1.0,2.495958328613873e-05,0.0023063450595149,0.1404921199279795,0.2823333333333333,
2022-06-07 02:00:00,1.0,0.0031520613515197,-0.0709223157238051,-4.320267015177016,0.31766666666666665,
2022-06-07 02:30:00,1.0,0.0038499760104717,-0.0709223157238051,-4.320267015177016,0.31766666666666665,
2022-06-07 03:00:00,0.0,0.0029411330218644,-0.0892694162376232,-5.4378894780794855,0.3266666666666667,
2022-06-07 03:30:00,0.8,2.3524833599179095e-05,-0.2366262574573829,-14.414202421125731,0.3266666666666667,
2022-06-07 04:00:00,0.8,0.0020427035322983,-0.1996899248416372,-12.164207933031884,0.33666666666666667,
2022-06-07 04:30:00,0.6,2.399844920328174e-05,-0.2366262574573829,-14.414202421125731,0.33666666666666667,
2022-06-07 05:00:00,1.0,2.406591359982391e-05,-0.3106947229473523,-18.92611866434683,0.3496666666666666,
2022-06-07 05:30:00,1.2,2.4544708661653435e-05,-0.3850260042047533,-23.45404445660078,0.3496666666666666,
2022-06-07 06:00:00,0.6,2.4339818229124272e-05,-0.3106947229473523,-18.92611866434683,0.332,
2022-06-07 06:30:00,0.4,2.410036016658098e-05,-0.3478273796801746,-21.18807233057289,0.332,
2022-06-07 07:00:00,0.2,2.4134842509367325e-05,-0.3664184293932764,-22.320555076424224,0.33866666666666667,
2022-06-07 07:30:00,0.4,2.4168032357686425e-05,0.0755619873457735,4.6028948462774935,0.33866666666666667,
2022-06-07 08:00:00,0.2,0.0001086212010796,0.5175424040848235,31.52634476897921,0.3586666666666667,
2022-06-07 08:30:00,0.2,0.0001112395513276,0.9595228208238736,58.44979469168093,0.3586666666666667,
2022-06-07 09:00:00,0.0,0.0061519796703753,1.4015032375629235,85.37324461438264,0.355,
2022-06-07 09:30:00,0.0,0.0063582549515181,1.8434836543019737,112.29669453708436,0.355,
2022-06-07 10:00:00,0.0,0.0138663689031918,2.285464071041023,139.22014445978607,0.3353333333333333,
2022-06-07 10:30:00,0.0,0.0146607158665542,2.7274444877800734,166.1435943824878,0.3353333333333333,
2022-06-07 11:00:00,0.0,0.026861792972849,3.1694249045191234,193.0670443051895,0.32566666666666666,
2022-06-07 11:30:00,0.0,0.028264767032325,3.611405321258174,219.99049422789125,0.32566666666666666,
2022-06-07 12:00:00,0.0,0.0381831138364922,4.053385737997223,246.91394415059295,0.31633333333333336,
2022-06-07 12:30:00,0.0,0.0393701537396531,6.260940216540219,381.3881882657555,0.31633333333333336,
2022-06-07 13:00:00,0.0,0.028647117445879,5.816531382995395,354.3168101639184,0.311,
2022-06-07 13:30:00,0.0,0.0294588439490534,6.507228788683878,396.39097523891337,0.311,
2022-06-07 14:00:00,0.0,0.0650639915632787,7.48035351287788,455.6693364244245,0.30633333333333335,
2022-06-07 14:30:00,0.0,0.0681302673871794,8.99847789994904,548.1466145203782,0.30633333333333335,
2022-06-07 15:00:00,0.0,0.0276801061995993,8.813835444708456,536.8990304442502,0.3013333333333333,
2022-06-07 15:30:00,0.0,0.0313482930181846,8.850875692945884,539.1553550024797,0.3013333333333333,
2022-06-07 16:00:00,0.0,0.0506308909502603,9.399864969766329,572.5973011674886,0.298,
2022-06-07 16:30:00,0.0,0.0500571435621227,9.363644390505446,570.3909071396794,0.298,
2022-06-07 17:00:00,0.0,0.0241383164137926,9.010737996593164,548.8934442113426,0.2933333333333333,
2022-06-07 17:30:00,0.0,0.0239725798024763,8.764360828983518,533.8852604027107,0.2933333333333333,
2022-06-07 18:00:00,0.0,0.025034091239678,8.72718887609491,531.6209129922319,0.2896666666666667,
2022-06-07 18:30:00,0.0,0.0248329554876849,8.565451229017471,521.7685863352433,0.2896666666666667,
2022-06-07 19:00:00,0.0,0.0126212097498579,8.226048419566501,501.09370075706033,0.2866666666666667,
2022-06-07 19:30:00,0.0,0.0123456709119311,7.571595582655803,461.2273910428488,0.2866666666666667,
2022-06-07 20:00:00,0.0,0.0111564591017981,7.610592511648616,463.6029077515383,0.2853333333333333,
2022-06-07 20:30:00,0.0,0.0097944363854874,6.912024674946523,421.0493115813187,0.2853333333333333,
2022-06-07 21:00:00,0.0,0.015331941274314,5.661767655058662,344.8893031496984,0.2836666666666667,
2022-06-07 21:30:00,0.0,0.014442694770556,4.66631887921373,284.25106160765444,0.2836666666666667,
2022-06-07 22:00:00,0.0,0.0126080820558592,4.068536455522758,247.83685740453603,0.2826666666666667,
2022-06-07 22:30:00,0.0,0.0113315588913072,3.313744710983616,201.85835481362517,0.2826666666666667,
2022-06-07 23:00:00,0.0,2.600969466871188e-05,2.6617350412658807,162.1408718054877,0.282,
2022-06-07 23:30:00,0.0,2.5376732589395176e-05,2.2379609185979947,136.32646705342842,0.282,
2022-06-08 00:00:00,0.0,2.437321212789204e-05,1.832372905728449,111.61987793731268,0.2813333333333333,
2022-06-08 00:30:00,0.0,2.4613281801622063e-05,1.4801378931033062,90.1633125233877,0.2813333333333333,
2022-06-08 01:00:00,0.0,2.3828417590123304e-05,1.3614311828043864,82.93223610194394,0.28099999999999997,
2022-06-08 01:30:00,0.0,2.3931122324087595e-05,1.1392147053357793,69.3958123679088,0.28099999999999997,
2022-06-08 02:00:00,0.0,2.3257646047119997e-05,1.3816325015867263,84.16280916357799,0.28099999999999997,
2022-06-08 02:30:00,0.0,0.0049596135794055,1.6240502978376736,98.92980595924718,0.28099999999999997,
2022-06-08 03:00:00,0.0,2.2890386407871472e-05,1.866468094088621,113.69680275491638,0.2806666666666667,
2022-06-08 03:30:00,0.0,2.2890386407871472e-05,2.1088858903395677,128.46379955058558,0.2806666666666667,
2022-06-08 04:00:00,0.0,2.275789808853537e-05,2.351303686590515,143.23079634625475,0.2806666666666667,
2022-06-08 04:30:00,0.0,2.2956842455476855e-05,2.5937214828414623,157.99779314192395,0.2806666666666667,
2022-06-08 05:00:00,0.0,2.299012349826155e-05,2.83613927909241,172.76478993759312,0.2806666666666667,
2022-06-08 05:30:00,0.0,2.3323586791183698e-05,3.0785570753433564,187.53178673326232,0.2806666666666667,
2022-06-08 06:00:00,0.0,2.3558714866712376e-05,3.3209748715943035,202.29878352893152,0.27999999999999997,
2022-06-08 06:30:00,0.0,2.4305123741553115e-05,3.5633926678452505,217.0657803246007,0.27999999999999997,
2022-06-08 07:00:00,0.0,2.451114486718893e-05,,40.536,0.27999999999999997,
2022-06-08 07:30:00,0.0,2.5376732589395176e-05,,62.548,0.27999999999999997,
2022-06-08 08:00:00,0.0,0.0026821478952365,,85.519,0.2793333333333333,
2022-06-08 08:30:00,0.0,0.0028566369769011,,101.419,0.2793333333333333,
2022-06-08 09:00:00,0.0,0.0126722796986524,,147.17,0.27899999999999997,
2022-06-08 09:30:00,0.0,0.0131160819905452,,205.015,0.27899999999999997,
2022-06-08 10:00:00,0.0,0.0309307648651573,5.26031724160188,320.43475789428504,0.2786666666666667,
2022-06-08 10:30:00,0.0,0.0345509082734621,7.486926616236461,456.06974018081087,0.2786666666666667,
2022-06-08 11:00:00,0.0,0.1655655222160562,8.550893514451264,520.8817961421302,0.2783333333333333,
2022-06-08 11:30:00,0.0,0.1911186392301663,9.427121947317346,574.257673080691,0.2783333333333333,
2022-06-08 12:00:00,0.0,0.2069139180631626,9.065826604977858,552.2491933191867,0.2773333333333333,
2022-06-08 12:30:00,0.0,0.228143908305362,9.806769898393911,597.3841108411701,0.2773333333333333,
2022-06-08 13:00:00,0.2,0.348770539555334,9.85382066663012,600.2502310457222,0.2763333333333333,
2022-06-08 13:30:00,0.0,0.3274373123161345,9.947656751229829,605.9663013261713,0.2763333333333333,
2022-06-08 14:00:00,0.0,0.2103430359707273,9.7124007974316,591.635571612317,0.2753333333333333,
2022-06-08 14:30:00,0.0,0.2678678496748327,9.391229822105773,572.0712869894636,0.2753333333333333,
2022-06-08 15:00:00,0.0,0.2289219424444003,9.736026651341112,593.0747518803183,0.27299999999999996,
2022-06-08 15:30:00,0.0,0.1788235163945834,9.27121101915543,564.7602838123162,0.27299999999999996,
2022-06-08 16:00:00,0.0,0.0599631246147318,8.723748705381391,531.4113533365929,0.2703333333333333,
2022-06-08 16:30:00,0.0,0.086387344084271,8.37679869067675,510.27672611600246,0.2703333333333333,
2022-06-08 17:00:00,0.0,0.2785698907554076,9.307278032536514,566.9573233006072,0.26766666666666666,
2022-06-08 17:30:00,0.0,0.2734474632838154,9.462962019691576,576.4408883482654,0.26766666666666666,
2022-06-08 18:00:00,0.0,0.1784023680373707,9.60580554625006,585.1422705553193,0.26666666666666666,
2022-06-08 18:30:00,0.0,0.0979864115592882,9.53448676106964,580.7978524122714,0.26666666666666666,
2022-06-08 19:00:00,0.0,0.1948986592056234,8.723748705381391,531.4113533365929,0.26499999999999996,
2022-06-08 19:30:00,0.0,0.1481972399129694,8.439119109479298,514.0730044379509,0.26499999999999996,
2022-06-08 20:00:00,0.0,0.0627118501031624,7.344025724057447,447.3648635193577,0.2623333333333333,
2022-06-08 20:30:00,0.0,0.0648482406434442,7.409087338888068,451.3281231173877,0.2623333333333333,
2022-06-08 21:00:00,0.0,0.0752065961314139,7.7317512695000925,470.98335183043713,0.262,
2022-06-08 21:30:00,0.0,0.0758824818333586,7.002791292697397,426.57840381056,0.262,
2022-06-08 22:00:00,0.0,0.0436592348944986,6.154782883972753,374.92156323201505,0.26166666666666666,
2022-06-08 22:30:00,0.0,3.1523934586024005e-05,5.117347758814281,311.7257030028799,0.26166666666666666,
2022-06-08 23:00:00,0.0,2.959832938613145e-05,4.030325971527342,245.509247371578,0.26099999999999995,
2022-06-08 23:30:00,0.0,2.8659775033925233e-05,3.2491808719038304,197.9254174651628,0.26099999999999995,
2022-06-09 00:00:00,0.0,2.792132579120251e-05,2.4426404779379447,148.794620974699,0.26066666666666666,
2022-06-09 00:30:00,0.0,2.781105680668246e-05,1.9886461534595208,121.13933807671872,0.26066666666666666,
2022-06-09 01:00:00,0.0,2.7482082813501057e-05,1.6251292943319622,98.99553355029089,0.2603333333333333,
2022-06-09 01:30:00,0.0,2.697436473519058e-05,1.5081658589194538,91.87064955803233,0.2603333333333333,
2022-06-09 02:00:00,0.0,2.6830936314465047e-05,1.474630411003392,89.82782159912631,0.26099999999999995,
2022-06-09 02:30:00,0.0,2.7884535497595156e-05,1.3399618230697987,81.62441971507468,0.26099999999999995,
2022-06-09 03:00:00,0.0,2.711977650685282e-05,1.1533986420894575,70.25983370557793,0.26066666666666666,
2022-06-09 03:30:00,0.0,2.5903426022643787e-05,1.050946222061738,64.01889520330829,0.26066666666666666,
2022-06-09 04:00:00,0.0,2.6328952168670433e-05,0.9135728966905236,55.65073293576924,0.26066666666666666,
2022-06-09 04:30:00,0.0,2.5272322163303384e-05,1.016685807565553,61.931905556064166,0.26066666666666666,
2022-06-09 05:00:00,0.0,2.4442777673205428e-05,1.1363573443694284,69.22175484867249,0.2603333333333333,
2022-06-09 05:30:00,0.0,2.5376732589395176e-05,0.7579608507336498,46.171550220842214,0.2603333333333333,
2022-06-09 06:00:00,0.0,2.4032825628468784e-05,0.7753074272564042,47.2282252830236,0.2603333333333333,
2022-06-09 06:30:00,0.0,2.4544708661653435e-05,0.7406000990505787,45.114011671944034,0.2603333333333333,
2022-06-09 07:00:00,0.0,2.6902582937193505e-05,1.050946222061738,64.01889520330829,0.2603333333333333,
2022-06-09 07:30:00,0.0,2.7554950680070244e-05,1.4074018577947065,85.73256190630062,0.2603333333333333,
2022-06-09 08:00:00,0.0,3.0247079988814197e-05,2.0050250670687193,122.1370674865398,0.2603333333333333,
2022-06-09 08:30:00,0.0,3.3432409920585494e-05,3.522713691079781,214.5878008658445,0.2603333333333333,
2022-06-09 09:00:00,0.0,3.41245826719415e-05,5.355020753736709,326.2036679407486,0.2603333333333333,
2022-06-09 09:30:00,0.0,3.5947332179102164e-05,6.54849817123419,398.904919550365,0.2603333333333333,
2022-06-09 10:00:00,0.0,0.0153791654755932,7.849002939648463,478.1257937804311,0.26,
2022-06-09 10:30:00,0.0,0.0158760861285807,8.889270779117325,541.494210165886,0.26,
2022-06-09 11:00:00,0.0,0.1578400044655798,9.154524240311767,557.6522524881738,0.25966666666666666,
2022-06-09 11:30:00,0.0,0.215350710993105,9.405077321861691,572.9148141054019,0.25966666666666666,
2022-06-09 12:00:00,0.0,0.1412285909426088,9.106509257054231,554.7273966612765,0.25899999999999995,
2022-06-09 12:30:00,0.0,0.2374532982934072,9.022256357716696,549.5950907258851,0.25899999999999995,
2022-06-09 13:00:00,0.0,0.3974720032070747,9.298009232452376,566.3927098800624,0.25733333333333336,
2022-06-09 13:30:00,0.0,0.3714463860375785,9.333750248100902,568.5698910594895,0.25733333333333336,
2022-06-09 14:00:00,0.0,0.4457231306221966,9.47619902859894,577.2472271201802,0.2563333333333333,
2022-06-09 14:30:00,0.0,0.3818238055845097,9.523500137253109,580.1285969318445,0.2563333333333333,
2022-06-09 15:00:00,0.0,0.408936145561719,9.700079604042465,590.885020183709,0.2543333333333333,
2022-06-09 15:30:00,0.0,0.5014385273694905,9.735245297081034,593.0271553093022,0.2543333333333333,
2022-06-09 16:00:00,0.0,0.3646404939200395,9.641359297807298,587.3080444524479,0.25299999999999995,
2022-06-09 16:30:00,0.0,0.2863337526537273,9.094490827909194,553.9952882623946,0.25299999999999995,
2022-06-09 17:00:00,0.0,0.3385440149171291,9.022256357716696,549.5950907258851,0.25,
2022-06-09 17:30:00,0.0,0.3086375197127669,9.07043629922952,552.5299950643393,0.25,
2022-06-09 18:00:00,0.0,0.2689399208581892,8.58430942657961,522.9173425209646,0.24733333333333332,
2022-06-09 18:30:00,0.0,0.2446417579899363,7.899570499615424,481.2061410467841,0.24733333333333332,
2022-06-09 19:00:00,0.0,0.1625462352916168,6.854026200112146,417.51630655743696,0.246,
2022-06-09 19:30:00,0.0,0.0873521928554661,5.883914939265184,358.4215119428534,0.246,
2022-06-09 20:00:00,0.0,0.0511272974841728,5.24210111504463,319.3251137730178,0.24500000000000002,
2022-06-09 20:30:00,0.0,0.0471278210044517,4.928653764879201,300.2313174961456,0.24500000000000002,
2022-06-09 21:00:00,0.0,0.0448378170085906,4.214508211685604,256.72879722434834,0.24466666666666667,
2022-06-09 21:30:00,0.0,0.0427920107939622,3.856254369972774,234.9055919381611,0.24466666666666667,
2022-06-09 22:00:00,0.0,0.0399258550453506,3.292386172149884,200.5572891352977,0.24433333333333337,
2022-06-09 22:30:00,0.0,0.0390447524382234,2.8086063319319265,171.0876072027361,0.24433333333333337,
2022-06-09 23:00:00,0.0,0.0380996378491562,2.4586803691235453,149.7716986703293,0.24433333333333337,
2022-06-09 23:30:00,0.0,0.0379946821898487,2.0867341405894906,127.11441504731572,0.24433333333333337,
2022-06-10 00:00:00,0.0,0.0365866239447942,1.7490703355743746,106.54546176176582,0.24433333333333337,
2022-06-10 00:30:00,0.0,3.41245826719415e-05,1.5011070543610554,91.44065907916824,0.24433333333333337,
2022-06-10 01:00:00,0.0,0.0406179456022165,1.3006538886284789,79.22995795972375,0.24433333333333337,
2022-06-10 01:30:00,0.0,0.0403130107642807,1.283864493007359,78.20722384047762,0.24433333333333337,
2022-06-10 02:00:00,0.0,0.0387729680904942,1.182850463594305,72.05390559516182,0.24433333333333337,
2022-06-10 02:30:00,0.0,0.0544161024680328,1.149072769960325,69.99632112169465,0.24433333333333337,
2022-06-10 03:00:00,0.0,0.0538350629208467,1.334193229537526,81.27302306217216,0.244,
2022-06-10 03:30:00,0.0,0.0402019853372167,1.3174301262263612,80.25189055164807,0.244,
2022-06-10 04:00:00,0.0,0.0422192519976257,1.3006538886284789,79.22995795972375,0.244,
2022-06-10 04:30:00,0.0,0.0627567402298361,1.3006538886284789,79.22995795972375,0.244,
2022-06-10 05:00:00,0.0,0.0444855099628677,1.5011070543610554,91.44065907916824,0.2436666666666667,
2022-06-10 05:30:00,0.0,0.0763770882079778,1.650227794524584,100.52442077578516,0.2436666666666667,
2022-06-10 06:00:00,0.0,0.0458489621594769,2.156108995164422,131.34041772142436,0.24300000000000002,
2022-06-10 06:30:00,0.0,0.0644868001962702,3.1029841903917954,189.01977620939113,0.24300000000000002,
2022-06-10 07:00:00,0.0,0.1368963674180013,4.069989684776637,247.92538156434313,0.24300000000000002,
2022-06-10 07:30:00,0.0,0.1473192456876487,4.9968715725084945,304.3868380983812,0.24300000000000002,
2022-06-10 08:00:00,0.0,0.0860537117034202,5.736770275600273,349.45812389773556,0.24266666666666667,
2022-06-10 08:30:00,0.0,0.2063701769219483,6.586414281636892,401.2145976741663,0.24266666666666667,
2022-06-10 09:00:00,0.0,0.1562378655363006,6.915168105984521,421.2407951967274,0.24233333333333337,
2022-06-10 09:30:00,0.0,0.2162286227554229,7.032401669107636,428.3821341485584,0.24233333333333337,
2022-06-10 10:00:00,0.0,0.0777779531850569,7.457345605280954,454.2677986536284,0.24133333333333332,
2022-06-10 10:30:00,0.0,0.0893241245364764,8.211060075552856,500.1806785637856,0.24133333333333332,
2022-06-10 11:00:00,0.0,0.3686343362994531,8.78542343233566,535.1682990286686,0.24066666666666667,
2022-06-10 11:30:00,0.0,0.4248896903123048,9.085503421445052,553.447816069718,0.24066666666666667,
2022-06-10 12:00:00,0.0,0.423254045088265,9.558136083625028,582.2384622841377,0.2396666666666667,
2022-06-10 12:30:00,0.0,0.4685056104747293,9.263804333608146,564.3091019954909,0.2396666666666667,
2022-06-10 13:00:00,0.0,0.4361990123204877,9.558136083625028,582.2384622841377,0.23900000000000002,
2022-06-10 13:30:00,0.0,0.3753597968725473,9.145080882012431,557.077005769891,0.23900000000000002,
2022-06-10 14:00:00,0.0,0.4245758602428538,8.579241021802348,522.6085982032516,0.2376666666666667,
2022-06-10 14:30:00,0.0,0.3229349589732376,8.869817666216946,540.3092144258525,0.2376666666666667,
2022-06-10 15:00:00,0.0,0.2923994286770834,8.395850714549228,511.43728932475574,0.236,
2022-06-10 15:30:00,0.0,0.3953967766481254,8.676485642560145,528.532301105162,0.236,
2022-06-10 16:00:00,0.0,0.3459019475123362,8.761257084711387,533.6961943257562,0.23399999999999999,
2022-06-10 16:30:00,0.0,0.2653548808904831,10.04488665543096,611.8891077619459,0.23399999999999999,
2022-06-10 17:00:00,0.0,0.2700490092491294,8.615753352020128,524.8327643810937,0.23233333333333336,
2022-06-10 17:30:00,0.0,0.3933782546889492,9.251957730826591,563.5874604822842,0.23233333333333336,
2022-06-10 18:00:00,0.0,0.4189860970665631,9.109351755201237,554.9005488047152,0.23033333333333336,
2022-06-10 18:30:00,0.0,0.341358016793059,9.906782359686622,603.4764180821268,0.23033333333333336,
2022-06-10 19:00:00,0.0,0.3977697942916485,9.63992542609538,587.2206994666311,0.22733333333333336,
2022-06-10 19:30:00,0.0,0.2820318812610017,8.518264886343905,518.8942075485531,0.22733333333333336,
2022-06-10 20:00:00,0.0,0.1129921427476503,8.444890627630704,514.4245792454363,0.224,
2022-06-10 20:30:00,0.0,0.1023792099777488,7.559225380634272,460.47385422979806,0.224,
2022-06-10 21:00:00,0.0,0.0976382050013251,6.346815979787697,386.6193517377161,0.222,
2022-06-10 21:30:00,0.0,0.066721861392435,5.5297818798394855,336.8493260940623,0.222,
2022-06-10 22:00:00,0.0,3.965973253870246e-05,4.509219684570379,274.6812885143496,0.22133333333333335,
2022-06-10 22:30:00,0.0,3.577829014767662e-05,3.606860819880012,219.71366373802184,0.22133333333333335,
2022-06-10 23:00:00,0.0,0.0423498902350357,2.9946041859395796,182.4177560474566,0.222,
2022-06-10 23:30:00,0.0,0.0404173354369643,2.2687213517835425,138.2002536537082,0.222,
2022-06-11 00:00:00,0.0,0.0375298479325573,1.7062204340697076,103.93523937710587,0.222,
2022-06-11 00:30:00,0.0,0.0353330715490597,1.4597505461340456,88.92140746516493,0.222,
2022-06-11 01:00:00,0.0,3.168104669226165e-05,0.9581397767955522,58.365545898686605,0.22266666666666668,
2022-06-11 01:30:00,0.0,3.191770297840187e-05,1.008834305798518,61.45362754501017,0.22266666666666668,
2022-06-11 02:00:00,0.0,3.144557613994091e-05,0.7370575972134376,44.898218466631825,0.22233333333333336,
2022-06-11 02:30:00,0.0,3.090075487188714e-05,0.8903588557864233,54.23663845530248,0.22233333333333336,
2022-06-11 03:00:00,0.0,3.105575964844068e-05,0.771220214942073,46.979250776686335,0.22233333333333336,
2022-06-11 03:30:00,0.0,3.0940246868121084e-05,0.4270926325125044,26.01655337728296,0.22233333333333336,
2022-06-11 04:00:00,0.0,3.1289254423377296e-05,0.4963667084465558,30.23641707195214,0.22233333333333336,
2022-06-11 04:30:00,0.0,3.1719603457852996e-05,0.5309189108749867,32.34118112160041,0.22233333333333336,
2022-06-11 05:00:00,0.0,3.1367349421886946e-05,0.5309189108749867,32.34118112160041,0.222,
2022-06-11 05:30:00,0.0,3.036082423802096e-05,0.582641761603643,35.491903481035926,0.222,
2022-06-11 06:00:00,0.0,2.9561549455001053e-05,0.5309189108749867,32.34118112160041,0.22166666666666668,
2022-06-11 06:30:00,0.0,2.925931655439214e-05,0.7541457732912835,45.939152941278074,0.22166666666666668,
2022-06-11 07:00:00,0.0,0.0299070878482307,1.3935446452448543,84.88844313084263,0.22166666666666668,
2022-06-11 07:30:00,0.0,3.3151868853285435e-05,2.3658834510369755,144.11892971844176,0.22166666666666668,
2022-06-11 08:00:00,0.0,3.363590425285845e-05,3.098263670650544,188.73222347617187,0.22133333333333335,
2022-06-11 08:30:00,0.0,3.486373135510907e-05,3.732705222902145,227.37953614887817,0.22133333333333335,
2022-06-11 09:00:00,0.0,0.0078284328186568,4.551423601975218,277.25216046649285,0.22133333333333335,
2022-06-11 09:30:00,0.0,0.0077424095167832,3.266196341563278,198.96192299332031,0.22133333333333335,
2022-06-11 10:00:00,0.8,3.0476424600834423e-05,1.8040232464102088,109.89294478807555,0.22066666666666668,
2022-06-11 10:30:00,0.6,3.2471247311145726e-05,0.5998546955127911,36.54043763905347,0.22066666666666668,
2022-06-11 11:00:00,0.0,0.019693862704465,1.575121655251804,95.94929413438912,0.22,
2022-06-11 11:30:00,0.0,0.0215432280608213,4.145809314406482,252.5439708144233,0.22,
2022-06-11 12:00:00,0.0,0.0851669481901624,6.67469232932042,406.5920974593765,0.21933333333333335,
2022-06-11 12:30:00,0.0,0.159839069258354,8.010407348878537,487.9578210934757,0.21933333333333335,
2022-06-11 13:00:00,0.0,0.1107180508284046,8.133798483867388,495.4742515007058,0.25233333333333335,
2022-06-11 13:30:00,0.0,0.1347652361922785,8.705437524416942,530.2959189303374,0.25233333333333335,
2022-06-11 14:00:00,0.0,0.2675375617909022,8.897008622895278,541.9655646458027,0.25633333333333336,
2022-06-11 14:30:00,0.0,0.3382423601733044,9.275710721628494,565.0343853553085,0.25633333333333336,
2022-06-11 15:00:00,0.0,0.3920198103377239,9.43957713741846,575.0163869835358,0.25233333333333335,
2022-06-11 15:30:00,0.0,0.3223425471110392,9.43957713741846,575.0163869835358,0.25233333333333335,
2022-06-11 16:00:00,0.0,0.4070866637461942,9.357779944223685,570.0336715703835,0.24933333333333338,
2022-06-11 16:30:00,0.0,0.3295774919971427,9.134381161502114,556.4252271425214,0.24933333333333338,
2022-06-11 17:00:00,0.0,0.1344013860988498,9.22869101147256,562.1701570686724,0.2446666666666667,
2022-06-11 17:30:00,0.0,0.3091233775225204,7.973266116766768,485.6953450539115,0.2446666666666667,
2022-06-11 18:00:00,0.0,0.2967266422487812,8.439540820362856,514.098693159499,0.24000000000000002,
2022-06-11 18:30:00,0.0,0.3968856153729947,9.590772156614936,584.2265043863202,0.24000000000000002,
2022-06-11 19:00:00,0.0,0.3738535748030446,8.873144292096503,540.5118574432528,0.2373333333333333,
2022-06-11 19:30:00,0.0,0.268194365550258,8.37870106281552,510.3926100309288,0.2373333333333333,
2022-06-11 20:00:00,0.0,0.1056059236154075,8.232057990590912,501.4597766699399,0.235,
2022-06-11 20:30:00,0.0,0.0932576034063576,8.010407348878537,487.9578210934757,0.235,
2022-06-11 21:00:00,0.0,3.515368783130449e-05,6.909098457305726,420.8710596246004,0.2323333333333333,
2022-06-11 21:30:00,0.0,3.482268077466148e-05,5.767252847267305,351.31498442980984,0.2323333333333333,
2022-06-11 22:00:00,0.0,3.359580809359443e-05,4.680261386956476,285.10037618086176,0.23099999999999998,
2022-06-11 22:30:00,0.0,3.1367349421886946e-05,3.9106880279868337,238.22144442878465,0.23099999999999998,
2022-06-11 23:00:00,0.0,0.0337016996979114,3.1288923133586652,190.59798199605507,0.2303333333333333,
2022-06-11 23:30:00,0.0,2.9410165143584247e-05,2.4765302282318675,150.85903143356785,0.2303333333333333,
2022-06-12 00:00:00,0.0,2.7627954200229578e-05,1.515922792756408,92.34316691808598,0.2303333333333333,
2022-06-12 00:30:00,0.0,2.7010306342442157e-05,1.302293812287515,79.32985469912427,0.2303333333333333,
2022-06-12 01:00:00,0.0,2.5903426022643787e-05,0.8853725341719499,53.93289427297817,0.23033333333333336,
2022-06-12 01:30:00,0.0,2.5939746154101555e-05,0.4429312140677435,26.981368199838496,0.23033333333333336,
2022-06-12 02:00:00,0.0,2.5903426022643787e-05,0.5116029248693976,31.16453853239689,0.2303333333333333,
2022-06-12 02:30:00,0.0,2.562248294754593e-05,0.391280753476403,23.835055520477265,0.2303333333333333,
2022-06-12 03:00:00,0.0,2.5481452105946365e-05,0.1834067501006112,11.172310502468914,0.23066666666666666,
2022-06-12 03:30:00,0.0,2.5272322163303384e-05,0.1659911179930089,10.111428886082589,0.23066666666666666,
2022-06-12 04:00:00,0.0,2.4648293879291414e-05,0.02614530028846,1.5926535574221043,0.23066666666666666,
2022-06-12 04:30:00,0.0,2.4648293879291414e-05,-0.008961815082489,-0.5459132813397106,0.23066666666666666,
2022-06-12 05:00:00,0.0,2.5202430447118047e-05,-0.1146362978376925,-6.98312528624833,0.2303333333333333,
2022-06-12 05:30:00,0.0,2.6044719324839073e-05,-0.1499795865719035,-9.136078739163262,0.2303333333333333,
2022-06-12 06:00:00,0.0,2.572792735869879e-05,-0.0793523900895422,-4.833789054694387,0.23,
2022-06-12 06:30:00,0.0,2.618656119674144e-05,0.0436769123554308,2.660600148883877,0.23,
2022-06-12 07:00:00,0.0,0.0010746721624805,0.5116029248693976,31.16453853239689,0.22966666666666669,
2022-06-12 07:30:00,0.0,0.0011119527121783,1.0531197602937994,64.1512973313884,0.22966666666666669,
2022-06-12 08:00:00,0.0,0.0114427532531204,1.9369145563119992,117.98808292496618,0.22966666666666669,
2022-06-12 08:30:00,0.0,0.0116600061802822,2.8013844084588855,170.64768025663614,0.22966666666666669,
2022-06-12 09:00:00,0.0,0.0102631597355506,3.766159250349819,229.41740434074413,0.22933333333333336,
2022-06-12 09:30:00,0.0,0.0106161576692409,4.775563885939927,290.90577379965305,0.22933333333333336,
2022-06-12 10:00:00,0.0,0.0864646726963332,6.143790782657924,374.2519740871418,0.22866666666666668,
2022-06-12 10:30:00,0.0,0.0984414033770275,6.876001956986342,418.8549703699226,0.22866666666666668,
2022-06-12 11:00:00,0.0,0.0397328925975188,7.385363922980962,449.8829998133217,0.22766666666666668,
2022-06-12 11:30:00,0.0,0.1292419228207855,8.031609297554658,489.24934800694575,0.22766666666666668,
2022-06-12 12:00:00,0.0,0.0190948617123052,8.311983421799079,506.3284728003251,0.227,
2022-06-12 12:30:00,0.0,0.1041860670810765,8.068365526678628,491.4883714041087,0.227,
2022-06-12 13:00:00,0.0,0.0350431804161934,7.846979097100558,478.0025104370378,0.22566666666666668,
2022-06-12 13:30:00,0.0,0.037147717963334,8.239156177757867,501.8921661593691,0.22566666666666668,
2022-06-12 14:00:00,0.0,0.110207103244464,8.299860790987207,505.5900169067294,0.22433333333333336,
2022-06-12 14:30:00,0.0,0.2423026645796029,8.214831509249818,500.4104172635816,0.22433333333333336,
2022-06-12 15:00:00,0.0,0.3722472493213464,8.056119694604156,490.7424106462738,0.22266666666666668,
2022-06-12 15:30:00,0.0,0.446854400805305,8.22699690995162,501.15147850561834,0.22266666666666668,
2022-06-12 16:00:00,0.0,0.4180189782216508,8.57715643620732,522.4816146678918,0.221,
2022-06-12 16:30:00,0.0,0.2728945512682835,8.601119905220553,523.9413609225159,0.221,
2022-06-12 17:00:00,0.0,0.2083994870797985,8.469027119870141,515.8948652932044,0.219,
2022-06-12 17:30:00,0.0,0.2259805734081512,7.884019063887336,480.25881785056544,0.219,
2022-06-12 18:00:00,0.0,0.1228919755318246,7.093825305912012,432.12378456324,0.216,
2022-06-12 18:30:00,0.0,0.0704703118322007,6.57804643762091,400.7048664263715,0.216,
2022-06-12 19:00:00,0.0,0.0653328592107714,6.39480540840717,389.5426508915298,0.21333333333333335,
2022-06-12 19:30:00,0.0,0.0621185524254151,5.633441568532399,343.16380594843616,0.21333333333333335,
2022-06-12 20:00:00,0.0,0.0351108442365805,4.902120022313998,298.6150017903801,0.21233333333333335,
2022-06-12 20:30:00,0.0,0.0206267372729067,3.6330061538500575,221.3063193471739,0.21233333333333335,
2022-06-12 21:00:00,0.6,2.9146910777830966e-05,2.23945321141892,136.4173707892333,0.21233333333333335,
2022-06-12 21:30:00,0.4,2.8921487481622617e-05,0.9526299991716372,58.02991514147529,0.21233333333333335,
2022-06-12 22:00:00,0.2,2.877237961025713e-05,0.3049151820080958,18.574055144876137,0.21166666666666667,
2022-06-12 22:30:00,0.0,2.8104307908220937e-05,0.1136577010077352,6.923513589105141,0.21166666666666667,
2022-06-12 23:00:00,0.4,2.7191966871061615e-05,0.02614530028846,1.5926535574221043,0.212,
2022-06-12 23:30:00,0.2,2.7083732081437783e-05,-0.2919511143273165,-17.784342719214404,0.212,
2022-06-13 00:00:00,0.0,2.6938456935766543e-05,1.3737515698268326,83.6827384103369,0.22966666666666666,
2022-06-13 00:30:00,0.0,2.6650985973610524e-05,1.1055412633929111,67.34457843640844,0.22966666666666666,
2022-06-13 01:00:00,1.6,2.6471892759141174e-05,1.0875403314394374,66.24804299805788,0.24366666666666667,
2022-06-13 01:30:00,0.8,2.6544279676838223e-05,0.979214592951104,59.64932847344523,0.24366666666666667,
2022-06-13 02:00:00,0.8,2.6293655713524186e-05,0.9066903476264646,55.23147914521922,0.24433333333333332,
2022-06-13 02:30:00,1.2,2.597470361453195e-05,0.8703353774264972,53.01689862863938,0.24433333333333332,
2022-06-13 03:00:00,1.2,2.541114567201921e-05,0.7426013716319577,45.23592015495777,0.244,
2022-06-13 03:30:00,0.8,2.4821185487419337e-05,0.760896152703146,46.350355553817856,0.244,
2022-06-13 04:00:00,0.8,2.4339818229124272e-05,0.7426013716319577,45.23592015495777,0.269,
2022-06-13 04:30:00,1.0,2.4168032357686425e-05,0.6876222762966023,41.88684208725047,0.269,
2022-06-13 05:00:00,0.4,2.389685171169485e-05,0.6692642229534923,40.76855242747732,0.31433333333333335,
2022-06-13 05:30:00,0.2,2.3828417590123304e-05,0.6140945580886706,37.407865725113226,0.31433333333333335,
2022-06-13 06:00:00,1.0,2.3795567379061236e-05,0.6325003954250162,38.52906616984486,0.342,
2022-06-13 06:30:00,0.6,0.0027619631839556,0.5772348777056113,35.16254054468559,0.342,
2022-06-13 07:00:00,1.0,0.0028607460788393,0.5403109772093687,32.913303365138,0.34299999999999997,
2022-06-13 07:30:00,0.2,2.269186560040832e-05,0.5218248643830088,31.787212900275236,0.34299999999999997,
2022-06-13 08:00:00,0.0,0.0027863222512618,0.5772348777056113,35.16254054468559,0.329,
2022-06-13 08:30:00,0.4,2.3289952882876963e-05,0.4848041526840237,29.53207841969286,0.329,
2022-06-13 09:00:00,0.4,0.002706983745042,0.5218248643830088,31.787212900275236,0.3323333333333333,
2022-06-13 09:30:00,0.4,0.0027416569725502,0.4291513845239915,26.141963247461128,0.3323333333333333,
2022-06-13 10:00:00,0.6,0.0001095430006004,0.5218248643830088,31.787212900275236,0.334,
2022-06-13 10:30:00,1.0,0.0001106215429302,0.3733517937062021,22.74290430232921,0.334,
2022-06-13 11:00:00,1.6,0.0064293139392865,0.3919680255198394,23.87692102796118,0.32,
2022-06-13 11:30:00,1.8,0.0110674838269908,0.4291513845239915,26.141963247461128,0.32,
2022-06-13 12:00:00,2.4,0.0059226387299195,0.3919680255198394,23.87692102796118,0.32533333333333336,
2022-06-13 12:30:00,2.0,0.0117180648685989,0.4105678781779499,25.009940009446797,0.32533333333333336,
2022-06-13 13:00:00,1.0,0.0037641297878176,0.4662694891732599,28.403030466509893,0.3446666666666667,
2022-06-13 13:30:00,2.0,2.4032825628468784e-05,0.4477185773052678,27.272992736821926,0.3446666666666667,
2022-06-13 14:00:00,2.4,0.0004781233564872,0.3547191497970285,21.607887825994354,0.37166666666666665,
2022-06-13 14:30:00,1.8,0.0004922646367727,0.2050631781332076,12.491522244794709,0.37166666666666665,
2022-06-13 15:00:00,1.2,0.0027955789100174,0.2613085891138755,15.91773853983445,0.37800000000000006,
2022-06-13 15:30:00,0.6,0.0027918003579521,0.0921201856856273,5.611545471801536,0.37800000000000006,
2022-06-13 16:00:00,0.4,0.0044082594421543,0.2613085891138755,15.91773853983445,0.3766666666666667,
2022-06-13 16:30:00,1.4,0.0043660771115264,0.1862813269515629,11.34741673560605,0.3766666666666667,
2022-06-13 17:00:00,2.2,0.0023152509456222,0.2238283163537023,13.63460967590674,0.38433333333333336,
2022-06-13 17:30:00,1.6,0.0023409538542433,0.2425767754386816,14.77668108944696,0.38433333333333336,
2022-06-13 18:00:00,0.4,0.0096143156025644,0.1298351558764106,7.908971042734141,0.37566666666666665,
2022-06-13 18:30:00,0.0,0.0089450896794281,0.2238283163537023,13.63460967590674,0.37566666666666665,
2022-06-13 19:00:00,0.8,2.2923596763138143e-05,0.1674827288828158,10.20229108172503,0.37233333333333335,
2022-06-13 19:30:00,1.2,2.2857211376259688e-05,0.0732373407544315,4.461287879725114,0.37233333333333335,
2022-06-13 20:00:00,0.4,2.2461861299539943e-05,0.0732373407544315,4.461287879725114,0.38233333333333336,
2022-06-13 20:30:00,0.8,2.1906731267520072e-05,0.1862813269515629,11.34741673560605,0.38233333333333336,
2022-06-13 21:00:00,1.2,2.187461352211544e-05,0.1298351558764106,7.908971042734141,0.35033333333333333,
2022-06-13 21:30:00,1.4,2.1454166441399737e-05,0.0921201856856273,5.611545471801536,0.35033333333333333,
2022-06-13 22:00:00,2.4,2.110339745933009e-05,0.0732373407544315,4.461287879725114,0.369,
2022-06-13 22:30:00,3.0,2.100739016623664e-05,0.1674827288828158,10.20229108172503,0.369,
2022-06-13 23:00:00,2.8,0.0011593978867672,0.1674827288828158,10.20229108172503,0.37133333333333335,
2022-06-13 23:30:00,2.2,2.0157952211327237e-05,0.0921201856856273,5.611545471801536,0.37133333333333335,
2022-06-14 00:00:00,2.6,2.062780123516919e-05,-0.226580568682202,-13.80226445185296,0.38199999999999995,
2022-06-14 00:30:00,2.8,2.022075087988744e-05,-0.1887471877565469,-11.49762583398458,0.38199999999999995,
2022-06-14 01:00:00,2.2,1.9112698757016657e-05,-0.2076553484082015,-12.649425545363613,0.39233333333333337,
2022-06-14 01:30:00,2.2,1.9693911247200987e-05,-0.2076553484082015,-12.649425545363613,0.39233333333333337,
2022-06-14 02:00:00,2.4,1.920436059962202e-05,-0.2076553484082015,-12.649425545363613,0.39466666666666667,
2022-06-14 02:30:00,1.6,1.9448536208447185e-05,-0.2644823279015777,-16.111068366411104,0.39466666666666667,
2022-06-14 03:00:00,1.2,1.8811025299335736e-05,-0.2076553484082015,-12.649425545363613,0.39766666666666667,
2022-06-14 03:30:00,0.8,1.893147890701779e-05,-0.1887471877565469,-11.49762583398458,0.39766666666666667,
2022-06-14 04:00:00,1.4,1.899136979603452e-05,-0.2076553484082015,-12.649425545363613,0.39766666666666667,
2022-06-14 04:30:00,1.6,1.92346147380746e-05,-0.1698560519062933,-10.346863196581232,0.39766666666666667,
2022-06-14 05:00:00,1.8,1.914284338215976e-05,-0.2076553484082015,-12.649425545363613,0.397,
2022-06-14 05:30:00,2.2,1.9022480913138412e-05,-0.1887471877565469,-11.49762583398458,0.397,
2022-06-14 06:00:00,1.0,1.8961406393122513e-05,-0.226580568682202,-13.80226445185296,0.38999999999999996,
2022-06-14 06:30:00,1.2,1.9022480913138412e-05,-0.2644823279015777,-16.111068366411104,0.38999999999999996,
2022-06-14 07:00:00,0.8,1.9082590150575e-05,-0.2455228835035316,-14.956144680924783,0.3953333333333333,
2022-06-14 07:30:00,1.2,1.9355992488328196e-05,-0.2076553484082015,-12.649425545363613,0.3953333333333333,
2022-06-14 08:00:00,0.8,0.0005290132896692,-0.2834589370105754,-17.267037648530756,0.39666666666666667,
2022-06-14 08:30:00,1.2,0.0005473825520535,-0.2455228835035316,-14.956144680924783,0.39666666666666667,
2022-06-14 09:00:00,0.8,0.0012924172477611,-0.2076553484082015,-12.649425545363613,0.39466666666666667,
2022-06-14 09:30:00,0.8,0.0048650937129485,-0.2834589370105754,-17.267037648530756,0.39466666666666667,
2022-06-14 10:00:00,0.8,0.0134409574617186,-0.1509819061400978,-9.19713551832992,0.3933333333333333,
2022-06-14 10:30:00,1.0,0.0150291228368339,-0.0568648206663488,-3.463947934321659,0.3933333333333333,
2022-06-14 11:00:00,1.4,0.0260565198238311,-0.0005962508355369,-0.0363209067731751,0.39366666666666666,
2022-06-14 11:30:00,1.2,0.0252632510830994,-0.0005962508355369,-0.0363209067731751,0.39366666666666666,
2022-06-14 12:00:00,0.8,0.033876977660505,0.0928515014244283,5.6560939221979645,0.39066666666666666,
2022-06-14 12:30:00,1.0,0.0381221863043161,0.2415108497992334,14.711749715820169,0.39066666666666666,
2022-06-14 13:00:00,1.0,0.0354812658031359,0.2044441768007454,12.45381548054576,0.3846666666666667,
2022-06-14 13:30:00,0.8,0.0114520056456122,-0.0380918920929474,-2.320385950110846,0.3846666666666667,
2022-06-14 14:00:00,1.0,0.0075850983038439,-0.0380918920929474,-2.320385950110846,0.38566666666666666,
2022-06-14 14:30:00,1.0,0.0079645946858668,-0.1132844465062443,-6.9007766114049565,0.38566666666666666,
2022-06-14 15:00:00,0.8,0.0095363157457224,-0.1887471877565469,-11.49762583398458,0.383,
2022-06-14 15:30:00,0.8,0.0097833933109397,-0.1887471877565469,-11.49762583398458,0.383,
2022-06-14 16:00:00,0.6,2.7300506301294197e-05,-0.0193357134502214,-1.17784429599311,0.38566666666666666,
2022-06-14 16:30:00,1.0,0.0065539267362329,0.0928515014244283,5.6560939221979645,0.38566666666666666,
2022-06-14 17:00:00,0.4,0.0407525677607098,0.5357255615338152,32.633980561140504,0.39166666666666666,
2022-06-14 17:30:00,1.4,0.0396722524611723,0.2600197924379251,15.839230869694894,0.39166666666666666,
2022-06-14 18:00:00,0.6,0.0160735794253558,0.7537344254388254,45.91409548875976,0.39066666666666666,
2022-06-14 18:30:00,1.0,0.0142894131226869,0.4991717720295098,30.407288870894863,0.39066666666666666,
2022-06-14 19:00:00,0.6,0.0167326927503542,0.4991717720295098,30.407288870894863,0.3873333333333333,
2022-06-14 19:30:00,0.4,0.0145375352426791,0.9157849440328426,55.78548086484488,0.3873333333333333,
2022-06-14 20:00:00,0.0,0.0150553476243295,1.1121864666873191,67.74937419510559,0.38466666666666666,
2022-06-14 20:30:00,0.0,0.0155227601079917,1.8802549462294176,114.5366354921745,0.38466666666666666,
2022-06-14 21:00:00,0.0,0.0148573583029655,2.3719208550306696,144.48670109004829,0.38200000000000006,
2022-06-14 21:30:00,0.4,0.0151748418737625,1.5345352028953505,93.47695084456358,0.38200000000000006,
2022-06-14 22:00:00,0.0,0.0150043072698113,2.119004312338246,129.08016809919258,0.37600000000000006,
2022-06-14 22:30:00,0.0,0.0194069375482528,2.2205249054901786,135.26434391859954,0.37600000000000006,
2022-06-14 23:00:00,0.0,0.0171651956257194,2.7211363039390575,165.75932832608683,0.35600000000000004,
2022-06-14 23:30:00,0.0,0.0163978881198203,2.967202678493973,180.7485800261265,0.35600000000000004,
2022-06-15 00:00:00,0.0,0.0222894641190057,2.7057306465430093,164.82088528716437,0.3506666666666667,
2022-06-15 00:30:00,0.0,0.0227701013528783,3.0937437361640554,188.4568894903389,0.3506666666666667,
2022-06-15 01:00:00,0.0,0.0236827359559991,3.364499834372311,204.95012759613488,0.3473333333333333,
2022-06-15 01:30:00,0.0,0.0216762172244914,3.475029244024332,211.68307981086824,0.3473333333333333,
2022-06-15 02:00:00,0.0,0.0208650017157879,3.316960297235991,202.05423379866417,0.34400000000000003,
2022-06-15 02:30:00,0.0,0.0208379296847441,3.189685067672841,194.30120190004277,0.34400000000000003,
2022-06-15 03:00:00,0.0,0.0276179114002946,3.269318137985701,199.15208872570295,0.342,
2022-06-15 03:30:00,0.0,0.0255550073060147,3.380323631678583,205.91404182904515,0.342,
2022-06-15 04:00:00,0.0,0.0343391310459101,3.5222304352541434,214.55836310451247,0.3403333333333333,
2022-06-15 04:30:00,0.0,0.0355772600848584,3.710036207077123,225.998642133562,0.3403333333333333,
2022-06-15 05:00:00,0.0,0.0321334674535832,3.631976971424126,221.24362620409232,0.3393333333333333,
2022-06-15 05:30:00,0.0,0.0286846113373545,3.5065078853466756,213.60061640565633,0.3393333333333333,
2022-06-15 06:00:00,0.0,0.0184852250427332,3.364499834372311,204.95012759613488,0.33866666666666667,
2022-06-15 06:30:00,0.0,0.0202131552937245,3.380323631678583,205.91404182904515,0.33866666666666667,
2022-06-15 07:00:00,0.0,0.0588340999062685,3.6632336151111433,223.14763970602084,0.3373333333333333,
2022-06-15 07:30:00,0.0,0.0591676859485653,3.988802075904658,242.9797992737613,0.3373333333333333,
2022-06-15 08:00:00,0.0,0.0664939906653592,4.415637704874701,268.9806971564944,0.3363333333333333,
2022-06-15 08:30:00,0.0,0.0670583879429275,4.685808867642498,285.4383036382573,0.3363333333333333,
2022-06-15 09:00:00,0.0,0.0828227387428347,5.448670603645142,331.9083936452968,0.3356666666666667,
2022-06-15 09:30:00,0.0,0.0919247185591379,6.088903790643541,370.9085065375841,0.3356666666666667,
2022-06-15 10:00:00,0.0,0.0766853373440966,6.506084136634137,396.3212482080927,0.33466666666666667,
2022-06-15 10:30:00,0.0,0.0716728822845844,6.437071590672106,392.1173157376097,0.33466666666666667,
2022-06-15 11:00:00,0.0,0.0804701174046386,6.437071590672106,392.1173157376097,0.3336666666666666,
2022-06-15 11:30:00,0.0,0.0507912739128339,6.423244528386331,391.2750335800069,0.3336666666666666,
2022-06-15 12:00:00,0.0,0.0607374108706531,6.875271443609617,418.8104707957984,0.332,
2022-06-15 12:30:00,0.0,0.0622355320020924,7.037508381269156,428.6932119790305,0.332,
2022-06-15 13:00:00,0.0,0.052960575537548,7.010546425628478,427.0508114675651,0.32966666666666666,
2022-06-15 13:30:00,0.0,0.0062702899303823,7.185250692221376,437.6930059964537,0.32966666666666666,
2022-06-15 14:00:00,0.0,0.0222778202345888,7.491216743730149,456.33107536301304,0.3283333333333333,
2022-06-15 14:30:00,0.0,0.071806058371078,8.014141607028913,488.1852952269494,0.3283333333333333,
2022-06-15 15:00:00,0.0,0.0785631114527858,8.091604733501704,492.9039988786486,0.3263333333333333,
2022-06-15 15:30:00,0.0,0.0773289026965143,8.398990276804565,511.6285372714055,0.3263333333333333,
2022-06-15 16:00:00,0.0,0.0750692775660997,8.449843137014584,514.7262637394516,0.32566666666666666,
2022-06-15 16:30:00,0.0,0.1256017154139245,8.90279104496354,542.3178036706341,0.32566666666666666,
2022-06-15 17:00:00,0.0,0.0696021314766195,8.927709753383677,543.8357387937283,0.3243333333333333,
2022-06-15 17:30:00,0.0,0.0697290708845284,8.80286133081472,536.2305370117946,0.3243333333333333,
2022-06-15 18:00:00,0.0,0.0042699155449628,8.284178993257175,504.63475264638606,0.323,
2022-06-15 18:30:00,0.0,0.0042749908018912,7.858461406876625,478.7019608663888,0.323,
2022-06-15 19:00:00,0.0,0.0139847682491726,7.158457136246889,436.0608636317477,0.321,
2022-06-15 19:30:00,0.0,0.0546657861615469,7.185250692221376,437.6930059964537,0.321,
2022-06-15 20:00:00,0.0,0.0253157992649017,6.698241116484084,408.0265831694427,0.31933333333333336,
2022-06-15 20:30:00,0.0,0.0202146978976066,6.807340870295442,414.6724472101869,0.31933333333333336,
2022-06-15 21:00:00,0.0,0.0184585842455243,6.2427410794464135,380.2795790658353,0.31866666666666665,
2022-06-15 21:30:00,0.0,2.854897244395146e-05,5.491912271808064,334.5424806846009,0.31866666666666665,
2022-06-15 22:00:00,0.0,0.0130103210535416,4.819690866448242,293.59379006680155,0.3183333333333333,
2022-06-15 22:30:00,0.0,2.5833681681635627e-05,4.050279376482396,246.72471864303927,0.3183333333333333,
2022-06-15 23:00:00,0.0,0.0090924872642095,3.3486646923243453,203.9855222928212,0.317,
2022-06-15 23:30:00,0.0,0.0091350831875943,2.819612515788902,171.7580541924458,0.317,
2022-06-16 00:00:00,0.0,2.4032825628468784e-05,2.3952882116070935,145.91013486852427,0.31666666666666665,
2022-06-16 00:30:00,0.0,2.4407976960880987e-05,2.1652110492420085,131.89487372868297,0.31666666666666665,
2022-06-16 01:00:00,0.0,2.4032825628468784e-05,1.7986507497351667,109.56567656597292,0.317,
2022-06-16 01:30:00,0.0,2.4339818229124272e-05,1.6468812927996206,100.32056701169073,0.317,
2022-06-16 02:00:00,0.0,2.4032825628468784e-05,1.5110704053369324,92.04758140174638,0.317,
2022-06-16 02:30:00,0.0,2.3558714866712376e-05,1.1850310915637146,72.18673959800658,0.317,
2022-06-16 03:00:00,0.0,2.3458477494513853e-05,1.0288393758402563,62.67224602010627,0.317,
2022-06-16 03:30:00,0.0,2.3190552857802348e-05,0.7835765192681624,47.7319410049268,0.317,
2022-06-16 04:00:00,0.0,2.3123601439819645e-05,0.7129787978221537,43.43144680649113,0.317,
2022-06-16 04:30:00,0.0,2.3558714866712376e-05,0.7835765192681624,47.7319410049268,0.317,
2022-06-16 05:00:00,0.0,2.366057221567176e-05,0.8011893582556098,48.80483557336447,0.317,
2022-06-16 05:30:00,0.0,2.386261680441744e-05,0.9939742822247024,60.54842205312069,0.317,
2022-06-16 06:00:00,0.0,2.299012349826155e-05,0.924072505023901,56.29032163351594,0.317,
2022-06-16 06:30:00,0.0,2.376143814251221e-05,0.5532700256944337,33.702710044075786,0.317,
2022-06-16 07:00:00,0.0,0.0026449378053797,0.8187876162316077,49.876841932468174,0.3166666666666667,
2022-06-16 07:30:00,0.0,0.0026635120953453,0.9590520637338972,58.4211182968505,0.3166666666666667,
2022-06-16 08:00:00,0.0,0.0065809126913242,1.2713133774325127,77.44266659120717,0.3166666666666667,
2022-06-16 08:30:00,0.0,0.0069867758162866,1.7144664639007845,104.43755025516718,0.3166666666666667,
2022-06-16 09:00:00,0.0,0.0174438429216634,2.132142836263925,129.88050761102235,0.3166666666666667,
2022-06-16 09:30:00,0.0,0.0178099237227237,2.8962590992114317,176.4270177310295,0.3166666666666667,
2022-06-16 10:00:00,0.0,0.0139052951456045,3.166195574561502,192.8703281157272,0.3156666666666667,
2022-06-16 10:30:00,0.0,0.0150131417821725,3.9110190305127137,238.24160760704387,0.3156666666666667,
2022-06-16 11:00:00,0.0,0.0646220082878983,5.473008540962184,333.3909508169737,0.3156666666666667,
2022-06-16 11:30:00,0.0,0.1083803329748102,7.437844981182721,453.07990874609845,0.3156666666666667,
2022-06-16 12:00:00,0.0,0.0971368773134834,8.17248369906685,497.8307800135666,0.315,
2022-06-16 12:30:00,0.0,0.0467005766601712,8.798950437408127,535.9923030566291,0.315,
2022-06-16 13:00:00,0.0,0.0289569494208535,8.9715079880547,546.5037293498897,0.3143333333333333,
2022-06-16 13:30:00,0.0,0.0831104503095368,9.13065818919537,556.1984404916473,0.3143333333333333,
2022-06-16 14:00:00,0.0,0.0205420057438033,8.959222750204262,545.7553681702358,0.3133333333333333,
2022-06-16 14:30:00,0.0,0.0731692692694349,8.687372893158479,529.1955032181488,0.3133333333333333,
2022-06-16 15:00:00,0.0,0.0781732776369724,8.575281567964712,522.3674061660447,0.3116666666666667,
2022-06-16 15:30:00,0.0,0.0765089781688666,8.550302017280762,520.8457648071517,0.3116666666666667,
2022-06-16 16:00:00,0.0,0.0687696643741347,8.311703597526435,506.3114271700067,0.3106666666666667,
2022-06-16 16:30:00,0.0,0.0122438980731265,8.273814118763978,504.00337132539545,0.3106666666666667,
2022-06-16 17:00:00,0.0,0.0256155249098371,8.21053251947826,500.1485422314553,0.31,
2022-06-16 17:30:00,0.0,0.0271545612741392,8.134374696048628,495.5093517432028,0.31,
2022-06-16 18:00:00,0.0,0.0604220812662423,9.13065818919537,556.1984404916473,0.30966666666666665,
2022-06-16 18:30:00,0.0,0.0547421433748953,9.142857864637993,556.9415895960262,0.30966666666666665,
2022-06-16 19:00:00,0.0,3.8648415040799214e-05,8.299080374617883,505.5424774677801,0.309,
2022-06-16 19:30:00,0.0,3.795069047326455e-05,8.286450551220387,504.77312569359094,0.309,
2022-06-16 20:00:00,0.0,3.662332912531117e-05,8.362130655088963,509.38321566473434,0.30866666666666664,
2022-06-16 20:30:00,0.0,3.734850980499943e-05,8.03245465960498,489.3008436433279,0.30866666666666664,
2022-06-16 21:00:00,0.0,3.3758057524395963e-05,7.227493410698252,440.2662415345849,0.30766666666666664,
2022-06-16 21:30:00,0.0,3.4781661707364674e-05,6.48974979872395,395.3262341484424,0.30766666666666664,
2022-06-16 22:00:00,0.0,3.3392474329447656e-05,5.558289048998508,338.5858540310999,0.3073333333333333,
2022-06-16 22:30:00,0.2,3.013207550573784e-05,3.9110190305127137,238.24160760704387,0.3073333333333333,
2022-06-16 23:00:00,0.0,0.0082001612207811,2.6714360184134267,162.73181149996617,0.3073333333333333,
2022-06-16 23:30:00,0.0,0.0077355521288132,2.280554332025213,138.92106534333794,0.3073333333333333,
2022-06-17 00:00:00,0.0,0.0075502614594663,1.8375588828372384,111.93578423021796,0.3076666666666667,
2022-06-17 00:30:00,0.0,0.0076162284728665,1.520343117691431,92.61243314012412,0.3076666666666667,
2022-06-17 01:00:00,0.0,0.007207312963909,1.3684329466173528,83.35875191633191,0.308,
2022-06-17 01:30:00,0.0,2.6116273850256723e-05,1.2154380780620702,74.03899582313271,0.308,
2022-06-17 02:00:00,0.0,2.5586480963000708e-05,1.04414968291697,63.60488074841021,0.309,
2022-06-17 02:30:00,0.0,2.5342352952357383e-05,0.7846088704534707,47.79482717451177,0.309,
2022-06-17 03:00:00,0.0,2.5657134418759616e-05,0.609804607406312,37.14654131345828,0.309,
2022-06-17 03:30:00,0.0,2.5168220573989084e-05,0.6623972226162114,40.3502457951065,0.309,
2022-06-17 04:00:00,0.0,2.5376732589395176e-05,0.6448808364651625,39.283226697645205,0.3093333333333333,
2022-06-17 04:30:00,0.0,2.5376732589395176e-05,0.5922447096300034,36.07687168439112,0.3093333333333333,
2022-06-17 05:00:00,0.0,2.541114567201921e-05,0.4335471493202038,26.409733376816583,0.31,
2022-06-17 05:30:00,0.0,2.5481452105946365e-05,0.5394775525029977,32.86253489781115,0.31,
2022-06-17 06:00:00,0.0,2.6293655713524186e-05,0.4335471493202038,26.409733376816583,0.31,
2022-06-17 06:30:00,0.0,2.57626807481102e-05,0.7323185479706563,44.60953699990392,0.31,
2022-06-17 07:00:00,0.2,2.697436473519058e-05,0.7497629601616232,45.67217176892755,0.3103333333333333,
2022-06-17 07:30:00,2.0,2.6759424810277215e-05,0.2021939520599349,12.316741956856578,0.3103333333333333,
2022-06-17 08:00:00,2.8,0.003599515101723,-0.1223919377091217,-7.455563823768912,0.3103333333333333,
2022-06-17 08:30:00,1.0,2.7627954200229578e-05,-0.3416025248344232,-20.808882300045763,0.3103333333333333,
2022-06-17 09:00:00,0.4,0.0140725780917748,-0.4151853338543759,-25.29121454552641,0.3103333333333333,
2022-06-17 09:30:00,0.0,0.0038745076610271,-0.2499861072611362,-15.228024105398536,0.3103333333333333,
2022-06-17 10:00:00,0.0,0.0148254748105806,0.3448647845331035,21.00760442054216,0.34600000000000003,
2022-06-17 10:30:00,0.0,0.0159671905525893,0.627349973860635,38.21532576004907,0.34600000000000003,
2022-06-17 11:00:00,0.0,0.0258569587712666,1.5371558367705858,93.6365880190479,0.38766666666666666,
2022-06-17 11:30:00,0.0,0.0254296390071308,2.2966997217490084,139.90456953322553,0.38766666666666666,
2022-06-17 12:00:00,0.0,0.02417390499377,2.506613452540825,152.69156552901805,0.353,
2022-06-17 12:30:00,0.0,0.0247793512276015,2.6507624021626364,161.47246821060514,0.353,
2022-06-17 13:00:00,0.0,0.0291522189186022,2.9362390529072746,178.86241586288267,0.33433333333333337,
2022-06-17 13:30:00,0.0,0.0162923390565471,2.809819952149025,171.16153546268325,0.33433333333333337,
2022-06-17 14:00:00,0.0,0.0137022061707623,2.6826666293127457,163.41592957103373,0.32866666666666666,
2022-06-17 14:30:00,0.0,0.0138816949778758,2.5332172250607847,154.31214714320072,0.32866666666666666,
2022-06-17 15:00:00,0.0,0.0084970441655729,2.383767820808824,145.2083647153677,0.33266666666666667,
2022-06-17 15:30:00,0.0,0.0086077936234894,2.2343184165568633,136.1045822875347,0.33266666666666667,
2022-06-17 16:00:00,0.0,0.0079424686456202,2.0848690123049023,127.00079985970169,0.3236666666666667,
2022-06-17 16:30:00,0.0,0.0081303776735624,1.935419608052941,117.89701743186868,0.3236666666666667,
2022-06-17 17:00:00,0.0,0.0122538876972927,1.7859702038009806,108.79323500403568,0.3216666666666667,
2022-06-17 17:30:00,0.0,0.0120276108446937,1.63652079954902,99.68945257620268,0.3216666666666667,
2022-06-17 18:00:00,0.0,0.0154948069174402,1.487071395297059,90.58567014836966,0.32,
2022-06-17 18:30:00,0.0,0.0152268639396167,1.337621991045098,81.48188772053665,0.32,
2022-06-17 19:00:00,0.0,0.0157685909902648,1.1881725867931372,72.37810529270364,0.319,
2022-06-17 19:30:00,0.0,0.0157319301612467,,140.21,0.319,
2022-06-17 20:00:00,0.0,0.0055468146003279,,106.761,0.318,
2022-06-17 20:30:00,0.0,0.0054763006926762,,119.211,0.318,
2022-06-17 21:00:00,0.0,3.519499171295756e-05,,110.008,0.317,
2022-06-17 21:30:00,1.0,3.404197166659722e-05,,97.144,0.317,
2022-06-17 22:00:00,1.6,3.3392474329447656e-05,0.291476161281372,17.755410725705584,0.31633333333333336,
2022-06-17 22:30:00,0.2,3.303117294097335e-05,-0.1042273536814027,-6.349059440508551,0.31633333333333336,
2022-06-17 23:00:00,0.0,3.187737162449441e-05,-0.0164704007803472,-1.0033023949075046,0.31566666666666665,
2022-06-17 23:30:00,0.0,3.1329082352843475e-05,0.0712865521207083,4.342454650693542,0.31566666666666665,
2022-06-18 00:00:00,0.0,3.062997880469489e-05,0.1590435050217639,9.688211696294587,0.3303333333333333,
2022-06-18 00:30:00,0.0,2.994003747838271e-05,0.2468004579228194,15.033968741895634,0.3303333333333333,
2022-06-18 01:00:00,0.0,2.978886092341215e-05,0.334557410823875,20.37972578749668,0.36400000000000005,
2022-06-18 01:30:00,0.0,0.0024085082607139,0.4223143637249306,25.72548283309773,0.36400000000000005,
2022-06-18 02:00:00,0.0,2.8809982646216876e-05,0.5100713166259861,31.071239878698773,0.334,
2022-06-18 02:30:00,0.0,2.9183333930494853e-05,0.5978282695270417,36.41699692429982,0.334,
2022-06-18 03:00:00,0.0,2.9636675311373782e-05,0.6855852224280973,41.762753969900864,0.3283333333333333,
2022-06-18 03:30:00,0.8,2.9561549455001053e-05,0.7733421753291528,47.10851101550191,0.3283333333333333,
2022-06-18 04:00:00,0.6,2.959832938613145e-05,,-0.674,0.32566666666666666,
2022-06-18 04:30:00,0.2,2.9485025759073216e-05,,3.601,0.32566666666666666,
2022-06-18 05:00:00,0.2,2.8921487481622617e-05,,1.994,0.324,
2022-06-18 05:30:00,0.0,2.851160658810513e-05,,0.925,0.324,
2022-06-18 06:00:00,0.0,2.814130076513904e-05,,-4.387,0.3353333333333333,
2022-06-18 06:30:00,0.0,2.7774368397717875e-05,,-1.206,0.3353333333333333,
2022-06-18 07:00:00,0.0,0.002124866552884,,-5.971,0.34833333333333333,
2022-06-18 07:30:00,0.0,0.0021555629015899,,-5.444,0.34833333333333333,
2022-06-18 08:00:00,0.0,0.0055688226465286,,-7.025,0.3373333333333333,
2022-06-18 08:30:00,0.0,0.005725680532316,,-4.387,0.3373333333333333,
2022-06-18 09:00:00,0.0,0.0110786347038032,,-0.141,0.331,
2022-06-18 09:30:00,0.0,0.0115484327434771,,20.481,0.331,
2022-06-18 10:00:00,0.0,3.653860858022648e-05,,88.158,0.3283333333333333,
2022-06-18 10:30:00,0.0,0.0350355337970001,,190.154,0.3283333333333333,
2022-06-18 11:00:00,0.0,0.2011121106892518,,336.334,0.3263333333333333,
2022-06-18 11:30:00,0.0,0.2004466912305846,,482.956,0.3263333333333333,
2022-06-18 12:00:00,0.0,0.2661231785761992,,528.721,0.32466666666666666,
2022-06-18 12:30:00,0.0,0.2914039933242958,,588.516,0.32466666666666666,
2022-06-18 13:00:00,0.0,0.294533451377128,,584.886,0.323,
2022-06-18 13:30:00,0.0,0.3244633612007505,,630.402,0.323,
2022-06-18 14:00:00,0.0,0.4139198023213901,,618.607,0.321,
2022-06-18 14:30:00,0.0,0.4388331141014995,,650.729,0.321,
2022-06-18 15:00:00,0.0,0.4156984739564338,,628.416,0.319,
2022-06-18 15:30:00,0.0,0.3675770627763787,,634.399,0.319,
2022-06-18 16:00:00,0.0,0.3509919678598302,,638.429,0.31733333333333336,
2022-06-18 16:30:00,0.0,0.3414476976617076,,603.323,0.31733333333333336,
2022-06-18 17:00:00,0.0,0.1619042929324406,,634.399,0.3133333333333333,
2022-06-18 17:30:00,0.0,0.2685993290074916,,663.35,0.3133333333333333,
2022-06-18 18:00:00,0.0,0.2107099648335535,,663.35,0.3086666666666667,
2022-06-18 18:30:00,0.0,0.2021676595085902,,572.396,0.3086666666666667,
2022-06-18 19:00:00,0.0,0.0853860264301122,,481.507,0.30533333333333335,
2022-06-18 19:30:00,0.0,0.0871370845059585,,355.713,0.30533333333333335,
2022-06-18 20:00:00,0.0,0.0860346555339577,,282.665,0.303,
2022-06-18 20:30:00,0.0,0.0834618986111975,,266.982,0.303,
2022-06-18 21:00:00,0.0,0.0423488542058612,,245.702,0.30266666666666664,
2022-06-18 21:30:00,0.0,3.515368783130449e-05,,221.213,0.30266666666666664,
2022-06-18 22:00:00,0.0,3.303117294097335e-05,,175.721,0.3043333333333333,
2022-06-18 22:30:00,0.0,3.239131313461301e-05,4.108106385569264,250.24727874834164,0.3043333333333333,
2022-06-18 23:00:00,0.0,3.295032186546801e-05,3.204016418066973,195.1742030106076,0.30533333333333335,
2022-06-18 23:30:00,0.0,3.144557613994091e-05,3.1115420372361333,189.5410815709717,0.30533333333333335,
2022-06-19 00:00:00,0.0,2.9902966050348084e-05,2.2075280366788923,134.47263339627747,0.30633333333333335,
2022-06-19 00:30:00,0.0,2.9146910777830966e-05,1.5945304642349558,97.13159107997008,0.30633333333333335,
2022-06-19 01:00:00,0.0,2.8399713350494872e-05,1.347671487698391,82.09405764853832,0.30666666666666664,
2022-06-19 01:30:00,0.0,2.7774368397717875e-05,1.0811810053375976,65.86066158621108,0.30666666666666664,
2022-06-19 02:00:00,0.0,2.7445699734704247e-05,0.6750955610472464,41.12377119555732,0.30766666666666664,
2022-06-19 02:30:00,0.0,2.6902582937193505e-05,0.7943400647127092,48.3876075589001,0.30766666666666664,
2022-06-19 03:00:00,0.0,2.6258392924944224e-05,0.4863465239636442,29.62603270892462,0.30833333333333335,
2022-06-19 03:30:00,0.0,2.6116273850256723e-05,0.313283705241641,19.083827767535897,0.30833333333333335,
2022-06-19 04:00:00,0.0,2.608118062092133e-05,0.3826789318700548,23.311071415092652,0.309,
2022-06-19 04:30:00,0.0,2.6365696203895816e-05,0.2087613494256782,12.716798129941424,0.309,
2022-06-19 05:00:00,0.0,2.618656119674144e-05,0.1563053084356171,9.521413132662389,0.30933333333333335,
2022-06-19 05:30:00,0.0,2.586853706785997e-05,-0.00185115657817,-0.1127640943894273,0.30933333333333335,
2022-06-19 06:00:00,0.0,2.6650985973610524e-05,0.1212619423453793,7.386729612033766,0.30966666666666665,
2022-06-19 06:30:00,0.0,2.6579814711673224e-05,0.2262177371779412,13.780162396048269,0.30966666666666665,
2022-06-19 07:00:00,0.0,2.781105680668246e-05,0.3826789318700548,23.311071415092652,0.31,
2022-06-19 07:30:00,0.0,2.9221308170873098e-05,0.9298054127685218,56.63954446947904,0.31,
2022-06-19 08:00:00,0.0,0.0075908801666248,1.7899961763228571,109.03847905892538,0.31033333333333335,
2022-06-19 08:30:00,0.0,0.0079957722345528,3.2327763567444063,196.9261285245813,0.31033333333333335,
2022-06-19 09:00:00,0.0,0.0122695757529958,4.472320228872948,272.4335404014931,0.31033333333333335,
2022-06-19 09:30:00,0.0,0.012537733558582,5.095249190742121,310.3795580871302,0.31033333333333335,
2022-06-19 10:00:00,0.0,0.0057084808042044,6.699659178198153,408.1129650816272,0.31033333333333335,
2022-06-19 10:30:00,0.0,0.0062415104870719,7.706920299239554,469.4707613195856,0.31033333333333335,
2022-06-19 11:00:00,0.0,0.2240741340786446,8.935810012828233,544.3291699984985,0.31,
2022-06-19 11:30:00,0.0,0.2386866567203427,9.46398014625315,576.5029080180456,0.31,
2022-06-19 12:00:00,0.0,0.1219877853333208,9.171953763520046,558.7139802876469,0.30966666666666665,
2022-06-19 12:30:00,0.0,0.206489486094223,8.74524060752628,532.7205429052411,0.30966666666666665,
2022-06-19 13:00:00,0.0,0.2872550362915492,9.018719280110163,549.3796279401927,0.30966666666666665,
2022-06-19 13:30:00,0.0,0.318098591603739,9.417487559060294,573.6707896805431,0.30966666666666665,
2022-06-19 14:00:00,0.0,0.3426367613070911,9.545132507652308,581.446343191847,0.30833333333333335,
2022-06-19 14:30:00,0.0,0.4433949382017181,9.39420842291364,572.2527298920293,0.30833333333333335,
2022-06-19 15:00:00,0.0,0.23784687350802,9.38256062154126,571.5431984623959,0.3073333333333333,
2022-06-19 15:30:00,0.0,0.2299229170727127,9.042356194217454,550.8194819454676,0.3073333333333333,
2022-06-19 16:00:00,0.0,0.2081038637793469,8.637387193574355,526.150600257213,0.306,
2022-06-19 16:30:00,0.0,0.2493943641089913,8.76914331624136,534.1765879170438,0.306,
2022-06-19 17:00:00,0.0,0.4209143894133159,8.310922603872493,506.26385256548696,0.30333333333333334,
2022-06-19 17:30:00,0.0,0.3431033558263772,9.487193700481413,577.9169728524195,0.30333333333333334,
2022-06-19 18:00:00,0.0,0.3229841324596085,9.065970343499584,552.2579492204554,0.302,
2022-06-19 18:30:00,0.0,0.2978588072908348,8.983221104680014,547.2172394896083,0.302,
2022-06-19 19:00:00,0.0,0.1284412031195367,9.054166111036077,551.5388887155759,0.3013333333333333,
2022-06-19 19:30:00,0.0,0.2579114734787935,7.304068992740556,444.93087998990126,0.3013333333333333,
2022-06-19 20:00:00,0.0,0.058498462032177,6.907162926483802,420.75315583252205,0.2983333333333333,
2022-06-19 20:30:00,0.0,0.0449413457020614,5.386635196855463,328.1294769673607,0.2983333333333333,
2022-06-19 21:00:00,0.0,0.0313192982650495,4.197913696602238,255.71793434690483,0.29733333333333334,
2022-06-19 21:30:00,0.0,0.0185110184317994,3.126284434163946,190.43912177907643,0.29733333333333334,
2022-06-19 22:00:00,0.0,3.117315308598607e-05,2.397554492750116,146.0481864756862,0.29866666666666664,
2022-06-19 22:30:00,0.0,0.0175357697021596,2.0959059333299663,127.67311921880707,0.29866666666666664,
2022-06-19 23:00:00,0.0,0.0268583186749485,1.6435635728875446,100.11846650558827,0.2993333333333333,
2022-06-19 23:30:00,0.0,0.020257086731831,1.4467561640645896,88.12984842391897,0.2993333333333333,
2022-06-20 00:00:00,0.0,3.0978191427504694e-05,2.4027435249857114,146.3642788731121,0.3006666666666667,
2022-06-20 00:30:00,0.0,3.0208193578321032e-05,2.2179895935380403,135.10990417014767,0.3006666666666667,
2022-06-20 01:00:00,0.0,3.013207550573784e-05,1.8951132867675984,115.44173846113785,0.302,
2022-06-20 01:30:00,0.0,2.9561549455001053e-05,1.8779855135589083,114.39839190819808,0.302,
2022-06-20 02:00:00,0.0,2.8883783507465197e-05,1.6540775588852623,100.75893102568187,0.30266666666666664,
2022-06-20 02:30:00,0.0,2.8734810665996177e-05,1.532540046168559,93.35541491177716,0.30266666666666664,
2022-06-20 03:00:00,0.0,2.814130076513904e-05,1.5151212920667738,92.29434311761176,0.303,
2022-06-20 03:30:00,0.0,2.79581500579373e-05,1.3049855117376985,79.49382086732842,0.303,
2022-06-20 04:00:00,0.0,2.7774368397717875e-05,1.322575739571079,80.56533806642766,0.30366666666666664,
2022-06-20 04:30:00,0.0,2.7155854767812608e-05,1.2344796704035492,75.19892359015184,0.30366666666666664,
2022-06-20 05:00:00,0.0,2.7264292631173747e-05,1.252127925261452,76.27397553339291,0.304,
2022-06-20 05:30:00,0.0,2.7083732081437783e-05,1.322575739571079,80.56533806642766,0.304,
2022-06-20 06:00:00,0.0,2.740935055048091e-05,1.1814473404134085,71.96843367091917,0.30433333333333334,
2022-06-20 06:30:00,0.0,2.6795163676127593e-05,1.2344796704035492,75.19892359015184,0.30433333333333334,
2022-06-20 07:00:00,0.0,2.7554950680070244e-05,1.216816839817578,74.12298375941647,0.30433333333333334,
2022-06-20 07:30:00,0.0,2.8067349052283917e-05,1.5847117198899532,96.5334775399474,0.30433333333333334,
2022-06-20 08:00:00,0.0,0.0019366843186568,1.8093381575379128,110.21670515883162,0.305,
2022-06-20 08:30:00,0.0,0.0020006751834969,1.6713841225757733,101.81316868691886,0.305,
2022-06-20 09:00:00,0.0,0.0062287622250065,2.268533076728043,138.18878478803802,0.30533333333333335,
2022-06-20 09:30:00,0.0,0.0063478762881125,2.5028607274258516,152.46296647150305,0.30533333333333335,
2022-06-20 10:00:00,0.0,0.0184728054968863,2.15041457759777,130.9935395331873,0.30533333333333335,
2022-06-20 10:30:00,0.0,0.0204441169706009,4.748532041714742,289.2591159914073,0.30533333333333335,
2022-06-20 11:00:00,0.0,0.1029426901768531,7.037521432426315,428.6940069965536,0.30533333333333335,
2022-06-20 11:30:00,0.0,0.1107000790545588,8.064042986037459,491.225061759419,0.30533333333333335,
2022-06-20 12:00:00,0.2,0.026618410733617,8.847203484187084,538.9316606375738,0.3046666666666667,
2022-06-20 12:30:00,0.0,0.0305157171220263,8.24603905002207,502.31143963781153,0.3046666666666667,
2022-06-20 13:00:00,0.0,0.216557241688818,9.556975168713477,582.1677445932582,0.30433333333333334,
2022-06-20 13:30:00,0.0,0.1826900012832463,9.359797529212322,570.1565737315408,0.30433333333333334,
2022-06-20 14:00:00,0.0,0.2401906935443573,8.465204977346902,515.6620376408367,0.3036666666666667,
2022-06-20 14:30:00,0.4,0.17828345949395,5.590312738007579,340.53659246819444,0.3036666666666667,
2022-06-20 15:00:00,0.2,0.0234716261014279,5.532242812716699,336.9992350053476,0.30233333333333334,
2022-06-20 15:30:00,0.0,3.752045360748856e-05,7.132697722563349,434.4917165426892,0.30233333333333334,
2022-06-20 16:00:00,0.0,0.0864898173784829,7.2680018881259665,442.7338349440772,0.30233333333333334,
2022-06-20 16:30:00,0.0,0.1139573611434288,6.941959206545378,422.87278798872967,0.30233333333333334,
2022-06-20 17:00:00,0.0,0.0905242906533145,8.452367668968789,514.8800468191382,0.3023333333333333,
2022-06-20 17:30:00,0.0,0.0684718101221889,8.207155459109105,499.94282697283427,0.3023333333333333,
2022-06-20 18:00:00,0.0,0.1101067570105052,7.415948679058794,451.74608495798714,0.30133333333333334,
2022-06-20 18:30:00,0.0,0.0563083235619241,8.771281764873397,534.3068525452409,0.30133333333333334,
2022-06-20 19:00:00,0.0,3.662332912531117e-05,8.465204977346902,515.6620376408367,0.3,
2022-06-20 19:30:00,0.4,3.4205635288323394e-05,5.283788990957769,321.8645508091928,0.3,
2022-06-20 20:00:00,0.0,0.0092376617539801,3.874183215757524,235.99773621283052,0.29933333333333334,
2022-06-20 20:30:00,0.0,0.0092935413097243,4.353926641519392,265.22153801505146,0.29933333333333334,
2022-06-20 21:00:00,0.0,3.0208193578321032e-05,3.9989773536148943,243.59963121541696,0.299,
2022-06-20 21:30:00,0.0,2.9033291171632532e-05,2.784055532898156,169.59208345708043,0.299,
2022-06-20 22:00:00,0.0,2.851160658810513e-05,2.116547909862062,128.93053515946758,0.299,
2022-06-20 22:30:00,0.0,2.7591435480352944e-05,1.8436891384168563,112.309211700894,0.299,
2022-06-20 23:00:00,0.0,2.7627954200229578e-05,1.8093381575379128,110.21670515883162,0.3003333333333333,
2022-06-20 23:30:00,0.0,2.8067349052283917e-05,1.912227483753351,116.48425801191964,0.3003333333333333,
2022-06-21 00:00:00,0.2,2.8067349052283917e-05,1.7291242943761993,105.33043905710088,0.30033333333333334,
2022-06-21 00:30:00,1.0,0.0041736221143071,1.190384335520041,72.51283503147745,0.30033333333333334,
2022-06-21 01:00:00,0.4,0.0051624296845236,0.8175664679279381,49.80245509550238,0.301,
2022-06-21 01:30:00,0.2,2.814130076513904e-05,0.6196425664247491,37.74582532456609,0.301,
2022-06-21 02:00:00,0.0,2.7300506301294197e-05,0.60155761547196,36.64417182841264,0.302,
2022-06-21 02:30:00,0.0,2.711977650685282e-05,0.4563195874439945,27.796927411265607,0.302,
2022-06-21 03:00:00,0.2,2.6902582937193505e-05,0.4563195874439945,27.796927411265607,0.3046666666666667,
2022-06-21 03:30:00,0.0,2.6223163795089992e-05,0.3284133785863022,20.00545910506713,0.3046666666666667,
2022-06-21 04:00:00,0.0,2.541114567201921e-05,0.4198538452695236,25.575599166516305,0.3083333333333333,
2022-06-21 04:30:00,0.0,2.5306633599255708e-05,0.2181596723440339,13.28930149630466,0.3083333333333333,
2022-06-21 05:00:00,0.0,2.492425274865588e-05,0.2365753371591153,14.411100586635936,0.30766666666666664,
2022-06-21 05:30:00,0.0,2.513267772622862e-05,0.1812800310235425,11.042760385761095,0.30766666666666664,
2022-06-21 06:00:00,0.0,2.5306633599255708e-05,0.2181596723440339,13.28930149630466,0.3063333333333333,
2022-06-21 06:30:00,0.0,2.5481452105946365e-05,0.1443357599329117,8.792282321646828,0.3063333333333333,
2022-06-21 07:00:00,0.0,2.5306633599255708e-05,0.0887976069622559,5.409148988869263,0.30633333333333335,
2022-06-21 07:30:00,0.0,2.600969466871188e-05,0.0145181083319526,0.884377560281058,0.30633333333333335,
2022-06-21 08:00:00,0.0,2.6544279676838223e-05,0.1443357599329117,8.792282321646828,0.30633333333333335,
2022-06-21 08:30:00,0.0,2.7995008303509975e-05,0.310077702208866,18.88853254893369,0.30633333333333335,
2022-06-21 09:00:00,0.0,3.0208193578321032e-05,0.4380945741961417,26.686741952960915,0.3056666666666667,
2022-06-21 09:30:00,0.0,3.331269792334119e-05,1.7976655964492625,109.50566547915842,0.3056666666666667,
2022-06-21 10:00:00,0.0,0.0276976336426157,6.005524192937368,365.82939819160833,0.3056666666666667,
2022-06-21 10:30:00,0.0,0.0490466695144588,8.95725601764743,545.6355637094501,0.3056666666666667,
2022-06-21 11:00:00,0.0,0.2601389655736292,10.022382260804871,610.5182417262365,0.3056666666666667,
2022-06-21 11:30:00,0.0,0.2687010841277172,10.320207008620407,628.6603796578522,0.3056666666666667,
2022-06-21 12:00:00,0.0,0.3358825089410304,10.8707719428377,662.1983077519526,0.3053333333333333,
2022-06-21 12:30:00,0.0,0.308313945689007,10.742983930165666,654.4140394233214,0.3053333333333333,
2022-06-21 13:00:00,0.0,0.2194159741768421,10.684685396489192,650.8627561705789,0.3043333333333333,
2022-06-21 13:30:00,0.0,0.2523719628914277,9.986404323806164,608.3266283686729,0.3043333333333333,
2022-06-21 14:00:00,0.0,0.1849375713696417,9.720969602981777,592.157544528741,0.3033333333333333,
2022-06-21 14:30:00,0.0,0.1333221769699792,9.526131536616171,580.2888898912041,0.3033333333333333,
2022-06-21 15:00:00,0.0,0.4036283928585031,9.6966983044582,590.6790466912582,0.3023333333333333,
2022-06-21 15:30:00,0.0,0.3919188928582182,9.998402721053584,609.0575165148649,0.3023333333333333,
2022-06-21 16:00:00,0.0,0.3592896377655553,10.579409168261018,644.449804031965,0.3013333333333333,
2022-06-21 16:30:00,0.0,0.3265435131721731,10.70802087742647,652.2842482291466,0.3013333333333333,
2022-06-21 17:00:00,0.0,0.223060189151699,10.118071372833825,616.3471900648691,0.3006666666666667,
2022-06-21 17:30:00,0.0,0.2483589324913817,9.587182978643735,584.0078678818248,0.3006666666666667,
2022-06-21 18:00:00,0.0,0.182638538902472,9.144208062754116,557.0238375644619,0.298,
2022-06-21 18:30:00,0.0,0.2556419207604041,9.415858073132815,573.5715287605867,0.298,
2022-06-21 19:00:00,0.0,0.1901652605866016,9.769441248042728,595.1102181293002,0.2956666666666667,
2022-06-21 19:30:00,0.0,0.1847615647658335,9.25569992186068,563.8154178511893,0.2956666666666667,
2022-06-21 20:00:00,0.0,0.1743859762822222,8.819244876570583,537.2285485910603,0.2953333333333333,
2022-06-21 20:30:00,0.0,0.1702152555255435,7.909062097260071,481.7843262880161,0.2953333333333333,
2022-06-21 21:00:00,0.0,0.0903681897604826,7.447373364712396,453.6603348172313,0.2956666666666667,
2022-06-21 21:30:00,0.0,0.0767828935744666,6.5653231545781825,399.92982151288726,0.2956666666666667,
2022-06-21 22:00:00,0.0,0.0512444231264198,5.388220222917956,328.22602959323166,0.29533333333333334,
2022-06-21 22:30:00,0.0,0.0482428516007524,4.513101920951165,274.91777681298817,0.29533333333333334,
2022-06-21 23:00:00,0.0,0.0444517517953476,3.790806879402851,230.91882653365187,0.29533333333333334,
2022-06-21 23:30:00,0.0,3.756351760627554e-05,3.4286259838663846,208.85640287271283,0.29533333333333334,
2022-06-22 00:00:00,0.0,3.8734359909475526e-05,2.7186694115794983,165.6090563900646,0.29566666666666663,
2022-06-22 00:30:00,0.0,0.0448656175275349,2.4396008632025437,148.60946137935613,0.29566666666666663,
2022-06-22 01:00:00,0.0,0.0445575116408046,2.4065331161301735,146.5951236425664,0.296,
2022-06-22 01:30:00,0.0,0.0469418166761742,2.323643147193303,141.54584126885496,0.296,
2022-06-22 02:00:00,0.0,0.045939638318591,2.356837064132596,143.56786470384577,0.29633333333333334,
2022-06-22 02:30:00,0.0,0.0446469356074293,2.240435783186914,136.47722462164117,0.29633333333333334,
2022-06-22 03:00:00,0.0,3.838583573054792e-05,2.240435783186914,136.47722462164117,0.29666666666666663,
2022-06-22 03:30:00,0.0,0.0611072964095414,2.3070271564856997,140.53367019341934,0.29666666666666663,
2022-06-22 04:00:00,0.0,3.821140429993432e-05,2.2070633310496484,134.44432562909165,0.29666666666666663,
2022-06-22 04:30:00,0.0,3.717706580626474e-05,2.190357833387216,133.42670219440026,0.29666666666666663,
2022-06-22 05:00:00,0.0,0.037697142370154,2.123406826750495,129.34834938465923,0.29633333333333334,
2022-06-22 05:30:00,0.0,3.5653147602019764e-05,2.2070633310496484,134.44432562909165,0.29633333333333334,
2022-06-22 06:00:00,0.0,3.552828802827067e-05,2.3734150354602117,144.57771981044107,0.29633333333333334,
2022-06-22 06:30:00,0.0,3.611513670987334e-05,3.0746105596447935,187.29138282902747,0.29633333333333334,
2022-06-22 07:00:00,0.0,3.653860858022648e-05,4.1092285008532725,250.31563294122515,0.29633333333333334,
2022-06-22 07:30:00,0.0,3.6835678740633714e-05,4.773250004310488,290.7648225859389,0.29633333333333334,
2022-06-22 08:00:00,0.0,3.679314618140097e-05,5.302391719686387,322.9977449878984,0.29633333333333334,
2022-06-22 08:30:00,0.0,3.4987072144068906e-05,5.273315617452965,321.22656021866214,0.29633333333333334,
2022-06-22 09:00:00,0.0,0.0042749908018912,4.8474838618014635,295.28681376254633,0.29633333333333334,
2022-06-22 09:30:00,0.4,0.0041731979389338,3.4879731407234713,212.47156351147,0.29633333333333334,
2022-06-22 10:00:00,0.0,0.0013427016976647,2.2571027835930626,137.4925029774275,0.2956666666666667,
2022-06-22 10:30:00,0.0,0.0013910599209416,2.8000743315799403,170.5678762926836,0.2956666666666667,
2022-06-22 11:00:00,0.0,0.0214409477488534,4.8474838618014635,295.28681376254633,0.2953333333333333,
2022-06-22 11:30:00,0.0,0.0228790570977942,7.305170281664639,444.9979655350408,0.2953333333333333,
2022-06-22 12:00:00,0.0,0.0136887350309624,9.470596720166588,576.9059598042145,0.295,
2022-06-22 12:30:00,0.0,0.1463784312485917,9.421794901697714,573.9331735315158,0.295,
2022-06-22 13:00:00,0.0,0.2697325584096121,9.64064943258471,587.2648026705762,0.2946666666666667,
2022-06-22 13:30:00,0.0,0.2821227989803863,9.773449556219791,595.3543861521193,0.2946666666666667,
2022-06-22 14:00:00,0.0,0.1338262888789339,10.06076172324518,612.8561451625372,0.29366666666666663,
2022-06-22 14:30:00,0.0,0.2721936265536474,10.23867080364558,623.6935624677978,0.29366666666666663,
2022-06-22 15:00:00,0.0,0.2022703439167092,10.321265750911367,628.7248734543467,0.2923333333333333,
2022-06-22 15:30:00,0.0,0.2235006492548977,10.250486701344272,624.4133335660958,0.2923333333333333,
2022-06-22 16:00:00,0.0,0.3797564718228559,10.63733622454716,647.9784585605892,0.29133333333333333,
2022-06-22 16:30:00,0.0,0.3984568102842321,10.49734838164192,639.451031698436,0.29133333333333333,
2022-06-22 17:00:00,0.0,0.3045098259685491,10.718640034151784,652.931119274757,0.28933333333333333,
2022-06-22 17:30:00,0.0,0.2619850758905041,10.025027872282608,610.6794004234052,0.28933333333333333,
2022-06-22 18:00:00,0.0,0.0784674118567438,8.765864379288606,533.9768498935845,0.2866666666666667,
2022-06-22 18:30:00,0.0,0.0752764935711326,8.928384668195712,543.8768515545107,0.2866666666666667,
2022-06-22 19:00:00,0.0,0.292416799274064,9.519302443102,579.8728923712173,0.28400000000000003,
2022-06-22 19:30:00,0.0,0.278796197185238,10.001176924743731,609.2265084685766,0.28400000000000003,
2022-06-22 20:00:00,0.0,0.0704187025735912,9.761406082596595,594.6207521567902,0.2816666666666667,
2022-06-22 20:30:00,0.0,0.0878905552532771,9.385130188188992,571.6997248521252,0.2816666666666667,
2022-06-22 21:00:00,0.0,0.0477973562707209,8.143330965314508,496.0549271984532,0.2803333333333333,
2022-06-22 21:30:00,0.0,0.0273528483679699,6.683908792493776,407.15352275179794,0.2803333333333333,
2022-06-22 22:00:00,0.0,0.0214054190568729,5.244202409449198,319.4531151335569,0.2786666666666667,
2022-06-22 22:30:00,0.0,0.0175570142943141,4.322644122047998,263.3159482772571,0.2786666666666667,
2022-06-22 23:00:00,0.0,0.0217508792344085,3.4248805430411924,208.6282475412176,0.2786666666666667,
2022-06-22 23:30:00,0.0,0.0190571007808758,2.994220537316862,182.3943859068566,0.2786666666666667,
2022-06-23 00:00:00,0.0,2.9372021514339375e-05,2.3085215685994784,140.62470302696897,0.2783333333333333,
2022-06-23 00:30:00,0.0,2.8659775033925233e-05,1.8574463329832516,113.14723783272574,0.2783333333333333,
2022-06-23 01:00:00,0.0,2.7591435480352944e-05,1.670940752363104,101.7861605769078,0.2793333333333334,
2022-06-23 01:30:00,0.0,2.8067349052283917e-05,1.517134007820957,92.41694866700736,0.2793333333333334,
2022-06-23 02:00:00,1.2,2.821538850376113e-05,1.223567486264423,74.5342026385208,0.2793333333333334,
2022-06-23 02:30:00,0.0,2.6830936314465047e-05,0.978744130986013,59.620670056289285,0.2793333333333334,
2022-06-23 03:00:00,0.0,2.5939746154101555e-05,0.8021326059235022,48.862293959277984,0.2793333333333334,
2022-06-23 03:30:00,0.0,2.5098535959493836e-05,0.6061498779070722,36.92391170606574,0.2793333333333334,
2022-06-23 04:00:00,0.0,0.0037678257246445,0.5523843221268508,33.64875698474317,0.27899999999999997,
2022-06-23 04:30:00,0.0,2.495958328613873e-05,0.4624706804468793,28.171624203614275,0.27899999999999997,
2022-06-23 05:00:00,0.0,2.4993588956392983e-05,0.4083385624132654,24.87414016610711,0.28800000000000003,
2022-06-23 05:30:00,0.0,2.4785996285137452e-05,0.4083385624132654,24.87414016610711,0.28800000000000003,
2022-06-23 06:00:00,0.0,2.492425274865588e-05,0.208659214075513,12.71057650590252,0.287,
2022-06-23 06:30:00,0.0,2.4579650240962487e-05,0.1721500205855081,10.486601403343345,0.287,
2022-06-23 07:00:00,0.0,2.5586480963000708e-05,0.2451053123923758,14.930708135606064,0.2856666666666667,
2022-06-23 07:30:00,0.6,2.615140070619018e-05,0.208659214075513,12.71057650590252,0.2856666666666667,
2022-06-23 08:00:00,1.0,2.6471892759141174e-05,0.1172673813670402,7.143399006444992,0.2846666666666666,
2022-06-23 08:30:00,0.2,2.6866742732449057e-05,0.1355774827153809,8.25876764736534,0.2846666666666666,
2022-06-23 09:00:00,0.0,2.7518499793196832e-05,0.1538716853295361,9.373167809236694,0.2836666666666667,
2022-06-23 09:30:00,0.2,2.9711932489174568e-05,0.281488563313453,17.147011385930973,0.2836666666666667,
2022-06-23 10:00:00,0.0,0.0023757663140138,0.6954572946679749,42.36411600432006,0.28833333333333333,
2022-06-23 10:30:00,0.4,0.002363320941075,0.8729531898494535,53.176363932999465,0.28833333333333333,
2022-06-23 11:00:00,0.0,0.0911945125707163,1.9248686403396316,117.25430015276116,0.3063333333333333,
2022-06-23 11:30:00,0.0,0.0909752197844024,3.825459733871397,233.029721850793,0.3063333333333333,
2022-06-23 12:00:00,0.0,0.0410500697975652,4.732695839253481,288.29444609250714,0.3013333333333333,
2022-06-23 12:30:00,0.0,0.0618764886867031,6.513842171109213,396.7938326140475,0.3013333333333333,
2022-06-23 13:00:00,0.0,0.1344116882050014,7.4941590741763715,456.51030883903303,0.3016666666666667,
2022-06-23 13:30:00,0.0,0.0837733274043317,6.786511308228337,413.4036044063288,0.3016666666666667,
2022-06-23 14:00:00,0.0,0.1185005022066241,6.154538558879651,374.9066800513132,0.30066666666666664,
2022-06-23 14:30:00,0.0,0.1655415900830669,8.014608620958933,488.2137436053886,0.30066666666666664,
2022-06-23 15:00:00,0.0,0.1916189478201554,8.549209836613953,520.77923409589,0.2976666666666667,
2022-06-23 15:30:00,0.0,0.1654581540470476,8.973515723176629,546.626031501673,0.2976666666666667,
2022-06-23 16:00:00,0.0,0.1773880994875478,8.498801623898744,517.7085935441117,0.29533333333333334,
2022-06-23 16:30:00,0.0,0.2003952659506939,8.384998415048711,510.7762162747232,0.29533333333333334,
2022-06-23 17:00:00,0.0,0.2309981264487339,8.384998415048711,510.7762162747232,0.293,
2022-06-23 17:30:00,0.0,0.2206170707537449,8.130167656498157,495.25307790307295,0.293,
2022-06-23 18:00:00,0.0,0.3099603332721846,8.637173182546801,526.1375636724119,0.29,
2022-06-23 18:30:00,0.0,0.2866774797839387,8.194128152462145,499.14926231509475,0.29,
2022-06-23 19:00:00,0.0,0.2562314848787201,8.245174619122864,502.25878241331696,0.28833333333333333,
2022-06-23 19:30:00,0.0,0.2180959122412321,7.362251426047061,448.4750909326984,0.28833333333333333,
2022-06-23 20:00:00,0.0,0.1271543530126366,7.963070117089628,485.0742508236633,0.286,
2022-06-23 20:30:00,0.0,0.164931959728268,7.846701946314143,477.9856276634205,0.286,
2022-06-23 21:00:00,0.0,0.0548797406723347,6.650573988378695,405.1229171066493,0.2843333333333333,
2022-06-23 21:30:00,0.0,0.0600651601523674,5.77542463011638,351.81277251720866,0.2843333333333333,
2022-06-23 22:00:00,0.0,0.036121150638743,5.30341555686956,323.0601125229433,0.283,
2022-06-23 22:30:00,0.0,0.0510068256250012,4.598924223570521,280.14568370504264,0.283,
2022-06-23 23:00:00,0.0,0.036504198749326,4.101509179739828,249.84540677833664,0.2816666666666667,
2022-06-23 23:30:00,0.0,0.0348353686876831,3.5146669639088937,214.09763060530344,0.2816666666666667,
2022-06-24 00:00:00,0.0,0.0463927096277345,2.9894281323414913,182.1024542499844,0.2816666666666667,
2022-06-24 00:30:00,0.0,0.0319615488477114,2.587205982568813,157.60089830525612,0.2816666666666667,
2022-06-24 01:00:00,0.0,0.0287493809916049,2.2764823245396726,138.6730170464684,0.282,
2022-06-24 01:30:00,0.0,0.039299018119706,2.11114134963742,128.60119193983766,0.282,
2022-06-24 02:00:00,0.0,0.0241195737624211,1.8271306464418184,111.30054318844132,0.282,
2022-06-24 02:30:00,0.0,0.0146864828899038,1.5222803869842545,92.73044283199448,0.282,
2022-06-24 03:00:00,0.6,0.0087891834300431,0.9168147435557832,55.84821159868796,0.282,
2022-06-24 03:30:00,1.0,2.2036792762271363e-05,0.5807870277553447,35.37892147551399,0.282,
2022-06-24 04:00:00,1.2,0.0058655601052598,0.2936254754330925,17.88633723226654,0.2813333333333333,
2022-06-24 04:30:00,1.4,0.0063400475970852,0.2393455878298616,14.579851740267262,0.2813333333333333,
2022-06-24 05:00:00,1.8,2.0002751953599464e-05,0.1121465995030324,6.831464113270543,0.28099999999999997,
2022-06-24 05:30:00,1.4,0.0027374482844105,0.0756625470723818,4.609020490448693,0.28099999999999997,
2022-06-24 06:00:00,1.0,1.938755523578443e-05,-0.015825231335057,-0.9640015874643012,0.29,
2022-06-24 06:30:00,0.8,1.941802761227712e-05,-0.0525320620474098,-3.2000158565956176,0.29,
2022-06-24 07:00:00,0.8,1.929523133403088e-05,-0.1077128004742065,-6.5613771103199205,0.3466666666666667,
2022-06-24 07:30:00,0.4,1.917414254085734e-05,-0.126138639147918,-7.6837959461489,0.3466666666666667,
2022-06-24 08:00:00,0.4,2.012660790849096e-05,-0.1815133833560099,-11.05697515546489,0.39299999999999996,
2022-06-24 08:30:00,0.4,2.1809250752999217e-05,-0.2927033228317587,-17.830163862490842,0.39299999999999996,
2022-06-24 09:00:00,0.0,2.2593081150686816e-05,-0.274130665712437,-16.69880151034664,0.38400000000000006,
2022-06-24 09:30:00,0.0,2.2560223421108573e-05,-0.070909543969128,-4.3194890175905805,0.38400000000000006,
2022-06-24 10:00:00,0.2,0.0068374659569392,0.002504180991127,0.1525433909706391,0.381,
2022-06-24 10:30:00,0.2,0.0069768131044564,0.0391151577348421,2.382718669443608,0.381,
2022-06-24 11:00:00,0.0,0.0204026529163588,0.2030812625627592,12.370792903423244,0.357,
2022-06-24 11:30:00,0.0,0.0217488550875546,0.4914669962664299,29.93794874502815,0.357,
2022-06-24 12:00:00,0.0,0.0337842636525276,1.419695234559854,86.48141887186334,0.3403333333333333,
2022-06-24 12:30:00,0.0,0.0341476719966791,2.829425022806389,172.35578778265923,0.3403333333333333,
2022-06-24 13:00:00,0.0,0.04478579948065,3.9563438449235586,241.0025905031857,0.332,
2022-06-24 13:30:00,0.0,0.081510674061762,4.883070282819489,297.4545777356109,0.332,
2022-06-24 14:00:00,0.0,0.0681107658316841,6.081159444764505,370.4367559790488,0.32566666666666666,
2022-06-24 14:30:00,0.0,0.0766261841186386,7.233499818036209,440.6321247299806,0.32566666666666666,
2022-06-24 15:00:00,0.0,0.2381085732063496,7.730977576652748,470.936221958067,0.3203333333333333,
2022-06-24 15:30:00,0.0,0.1705938609892868,7.087523196041233,431.739888505661,0.3203333333333333,
2022-06-24 16:00:00,0.0,0.0237878243587208,5.575344129654294,339.62477248217425,0.31633333333333336,
2022-06-24 16:30:00,0.0,0.024559261379175,5.955741973556626,362.79689032524806,0.31633333333333336,
2022-06-24 17:00:00,0.0,0.0318448063337059,6.657644695567416,405.5536326399713,0.31233333333333335,
2022-06-24 17:30:00,0.0,0.0961727281341815,6.0533476145458485,368.74258494840615,0.31233333333333335,
2022-06-24 18:00:00,0.0,0.1042835133748991,6.067257707560347,369.5899249628328,0.3076666666666667,
2022-06-24 18:30:00,0.0,0.0287643332026436,6.630513908820969,403.9009477003968,0.3076666666666667,
2022-06-24 19:00:00,0.0,2.9864383502258776e-05,6.329975609603223,385.5935124783963,0.30566666666666664,
2022-06-24 19:30:00,0.0,3.0323396658217114e-05,6.508034114545741,396.4400320515959,0.30566666666666664,
2022-06-24 20:00:00,0.0,2.9978687075037876e-05,5.983671384784457,364.4982238596861,0.30333333333333334,
2022-06-24 20:30:00,0.0,2.8659775033925233e-05,5.660422328773136,344.80735195116955,0.30333333333333334,
2022-06-24 21:00:00,0.0,2.792132579120251e-05,4.4841820055597355,273.15610624044416,0.30166666666666664,
2022-06-24 21:30:00,0.0,2.7083732081437783e-05,3.5093301791627893,213.77253779254923,0.30166666666666664,
2022-06-24 22:00:00,0.0,2.6507359011527425e-05,3.179905525205936,193.70547636130215,0.30066666666666664,
2022-06-24 22:30:00,0.0,2.618656119674144e-05,2.732859209982955,166.47343479295267,0.30066666666666664,
2022-06-24 23:00:00,0.0,2.5691819406944564e-05,2.522157913824483,153.63846387359573,0.29966666666666664,
2022-06-24 23:30:00,0.0,2.5376732589395176e-05,2.6034377351070024,158.5896633275708,0.29966666666666664,
2022-06-25 00:00:00,0.0,2.5098535959493836e-05,2.3586923300867113,143.68087912284977,0.299,
2022-06-25 00:30:00,0.0,0.0102669191578894,1.913437610214495,116.5579734480404,0.299,
2022-06-25 01:00:00,0.0,0.0095782148512843,1.8132352022214864,110.45409551236546,0.2983333333333333,
2022-06-25 01:30:00,0.0,2.3390961103196077e-05,1.5606715699399751,95.06906022913562,0.2983333333333333,
2022-06-25 02:00:00,0.0,2.2956842455476855e-05,1.2020167879839352,73.22143147495919,0.298,
2022-06-25 02:30:00,0.0,2.213377890361061e-05,0.9595281881663236,58.45012164593095,0.298,
2022-06-25 03:00:00,0.0,2.2101415206849497e-05,0.9246607618449756,56.32615558104859,0.29766666666666663,
2022-06-25 03:30:00,0.0,2.142254239945041e-05,0.9421016100198244,57.38857324631413,0.29766666666666663,
2022-06-25 04:00:00,0.0,2.0911709180219547e-05,0.8021729995866287,48.86475455871903,0.297,
2022-06-25 04:30:00,0.0,2.0565235285475636e-05,0.6259567269642335,38.13045545443241,0.297,
2022-06-25 05:00:00,0.0,1.9971589419418823e-05,0.4839219598555703,29.47833921872492,0.297,
2022-06-25 05:30:00,0.0,1.9786526883859147e-05,0.3946638930838418,24.041141098825783,0.297,
2022-06-25 06:00:00,0.0,1.941802761227712e-05,0.2870543367004236,17.48605315201375,0.29666666666666663,
2022-06-25 06:30:00,0.0,1.963234950156774e-05,0.1788934436986284,10.897380269595413,0.29666666666666663,
2022-06-25 07:00:00,0.0,1.984730477582378e-05,0.2150087317892142,13.097360435062608,0.29666666666666663,
2022-06-25 07:30:00,0.0,1.9724746704263755e-05,0.2150087317892142,13.097360435062608,0.29666666666666663,
2022-06-25 08:00:00,0.0,2.0439356277869107e-05,0.1608125729431019,9.795975320623048,0.2963333333333333,
2022-06-25 08:30:00,0.0,2.1777238958862854e-05,0.3409276315284601,20.767770849316047,0.2963333333333333,
2022-06-25 09:00:00,0.0,2.4717075866233703e-05,1.0290923347718397,62.68765513523684,0.29566666666666663,
2022-06-25 09:30:00,0.0,2.711977650685282e-05,2.013177263156785,122.63366243695964,0.29566666666666663,
2022-06-25 10:00:00,0.0,2.9636675311373782e-05,3.993762675709659,243.28197659967523,0.29566666666666663,
2022-06-25 10:30:00,0.0,3.561149629736711e-05,6.324513625293499,385.260793073934,0.29566666666666663,
2022-06-25 11:00:00,0.0,0.1422225556175867,8.21635042976827,500.50294303840394,0.29533333333333334,
2022-06-25 11:30:00,0.0,0.1447003217926682,8.839735856756157,538.4767665165598,0.29533333333333334,
2022-06-25 12:00:00,0.0,0.0245334274391029,9.254714065342409,563.7553639266366,0.29466666666666663,
2022-06-25 12:30:00,0.0,0.0231383855535858,9.567394739620712,582.8024577726494,0.29466666666666663,
2022-06-25 13:00:00,0.0,0.0400921749516689,9.817094824028969,598.0130586582294,0.29433333333333334,
2022-06-25 13:30:00,0.0,0.0404093802063515,9.567394739620712,582.8024577726494,0.29433333333333334,
2022-06-25 14:00:00,0.0,0.0373439856092749,9.399520178643364,572.5762980501979,0.293,
2022-06-25 14:30:00,0.0,0.1544777855785532,9.746007518470666,593.6827412078327,0.293,
2022-06-25 15:00:00,0.0,0.0854560666058762,10.122820982940263,616.6365148516925,0.2916666666666667,
2022-06-25 15:30:00,0.0,0.0970820109172401,9.579342334793918,583.5302512860267,0.2916666666666667,
2022-06-25 16:00:00,0.0,0.1819443190335182,9.923346992252595,604.4854606516334,0.29033333333333333,
2022-06-25 16:30:00,0.0,0.2844594521416405,9.98218112106244,608.0693699398424,0.29033333333333333,
2022-06-25 17:00:00,0.0,0.1459719405648125,9.722266550961349,592.2365487394659,0.2886666666666667,
2022-06-25 17:30:00,0.0,0.1543755936497054,9.02368087484838,549.6818658729424,0.2886666666666667,
2022-06-25 18:00:00,0.0,0.2192831123544187,9.911563517777385,603.7676646296071,0.28633333333333333,
2022-06-25 18:30:00,0.0,0.2154489300765565,10.961870374787118,667.7476126028844,0.28633333333333333,
2022-06-25 19:00:00,0.0,0.0748965690558655,9.662814743517838,588.615013259842,0.2836666666666667,
2022-06-25 19:30:00,0.0,0.0716963689882776,9.303077318440549,566.7014347785845,0.2836666666666667,
2022-06-25 20:00:00,0.0,4.041801506996202e-05,9.375444774629631,571.1097332211158,0.283,
2022-06-25 20:30:00,0.0,0.0715340350965215,8.77811188286042,534.722912471485,0.283,
2022-06-25 21:00:00,0.0,0.0628997310152368,7.524477636590301,458.3571786684755,0.2806666666666667,
2022-06-25 21:30:00,0.0,0.0551381532985822,6.242286635972438,380.25189642277945,0.2806666666666667,
2022-06-25 22:00:00,0.0,0.0348798809392896,4.986834536619234,303.7754272238211,0.2796666666666667,
2022-06-25 22:30:00,0.0,3.066923506111654e-05,4.0694084101464085,247.88997294032816,0.2796666666666667,
2022-06-25 23:00:00,0.0,3.0093290408167564e-05,3.316747232154847,202.0412548366441,0.2793333333333333,
2022-06-25 23:30:00,0.0,2.9071130245523226e-05,2.906722865475834,177.06442309188472,0.2793333333333333,
2022-06-26 00:00:00,0.0,2.7554950680070244e-05,2.3905520584697824,145.6216298194557,0.2793333333333333,
2022-06-26 00:30:00,0.0,2.6866742732449057e-05,1.9151982030822687,116.6652208103998,0.2793333333333333,
2022-06-26 01:00:00,0.0,2.5657134418759616e-05,1.4968443501753952,91.1809944009803,0.27999999999999997,
2022-06-26 01:30:00,0.0,2.5272322163303384e-05,1.3271957051547665,80.84676549471675,0.27999999999999997,
2022-06-26 02:00:00,0.0,2.5657134418759616e-05,1.1561923204862523,70.4300119704232,0.2796666666666667,
2022-06-26 02:30:00,0.0,2.5306633599255708e-05,1.0529295719612015,64.13971191752243,0.2796666666666667,
2022-06-26 03:00:00,0.0,2.451114486718893e-05,0.8448914977285124,51.46697244425734,0.2796666666666667,
2022-06-26 03:30:00,0.0,2.4339818229124272e-05,0.7225899813961546,44.0169166821967,0.2796666666666667,
2022-06-26 04:00:00,0.0,2.3626584162443343e-05,0.6523859088322991,39.74040179498024,0.2803333333333333,
2022-06-26 04:30:00,0.0,2.3323586791183698e-05,0.7576051567802179,46.14988295238338,0.2803333333333333,
2022-06-26 05:00:00,0.0,2.3190552857802348e-05,0.5112766979562403,31.14466626288633,0.2806666666666667,
2022-06-26 05:30:00,0.0,2.2560223421108573e-05,0.5643028189222224,34.374777956422385,0.2806666666666667,
2022-06-26 06:00:00,0.0,2.135818536518752e-05,0.4935717781873778,30.066162549306966,0.2806666666666667,
2022-06-26 06:30:00,0.0,2.148704350693933e-05,0.2978332534783836,18.142656058164036,0.2806666666666667,
2022-06-26 07:00:00,0.0,2.2167424405618382e-05,0.2799486027713072,17.053203947933376,0.2806666666666667,
2022-06-26 07:30:00,0.0,2.2890386407871472e-05,0.5466421901602827,33.29897225085819,0.2806666666666667,
2022-06-26 08:00:00,0.0,2.3390961103196077e-05,0.7225899813961546,44.0169166821967,0.2806666666666667,
2022-06-26 08:30:00,0.0,2.5376732589395176e-05,1.1046233856444996,67.28866547135706,0.2806666666666667,
2022-06-26 09:00:00,0.0,3.070852557616108e-05,2.0473755414262924,124.71686702603382,0.2806666666666667,
2022-06-26 09:30:00,0.0,3.404197166659722e-05,3.8942591569557687,237.22067183855344,0.2806666666666667,
2022-06-26 10:00:00,0.0,3.73056019335144e-05,6.467755244834365,393.98642530671265,0.2806666666666667,
2022-06-26 10:30:00,0.0,4.2510649923411175e-05,8.264015133434425,503.4064614153139,0.2806666666666667,
2022-06-26 11:00:00,0.0,0.2498406503507019,9.414962195712596,573.5169559561215,0.2803333333333333,
2022-06-26 11:30:00,0.0,0.1520906308974648,9.7003776648743,590.9031767028123,0.2803333333333333,
2022-06-26 12:00:00,0.0,0.2960549176407475,9.58185374583755,583.6832350991274,0.2803333333333333,
2022-06-26 12:30:00,0.0,0.3149772089078153,9.87711083237238,601.6689627073636,0.2803333333333333,
2022-06-26 13:00:00,0.0,0.3406502607685918,9.73582483528042,593.0624581577962,0.2793333333333333,
2022-06-26 13:30:00,0.0,0.3642623703552076,9.426920433002358,574.2453977391536,0.2793333333333333,
2022-06-26 14:00:00,0.0,0.3752977000592724,9.794791434363116,596.6544369364675,0.2783333333333333,
2022-06-26 14:30:00,0.0,0.3711079252615863,9.676718101597148,589.4619430124484,0.2783333333333333,
2022-06-26 15:00:00,0.0,0.3693666301381568,9.534285143273364,580.7855707671217,0.27699999999999997,
2022-06-26 15:30:00,0.0,0.3601159779133309,9.80656801150071,597.3718128038514,0.27699999999999997,
2022-06-26 16:00:00,0.0,0.5067347553489138,9.546185858151697,581.5105085447615,0.27499999999999997,
2022-06-26 16:30:00,0.0,0.5636885579236629,9.474695615711516,577.1556460001696,0.27499999999999997,
2022-06-26 17:00:00,0.0,0.3697204235167549,9.402998167742624,572.7881614310159,0.27099999999999996,
2022-06-26 17:30:00,0.0,0.3557759810160449,9.558080858948736,582.2350982463877,0.27099999999999996,
2022-06-26 18:00:00,0.0,0.2985639610606742,9.222838048435555,561.8136210067606,0.26733333333333337,
2022-06-26 18:30:00,0.0,0.3047342022888711,8.488659569799562,517.0907854347223,0.26733333333333337,
2022-06-26 19:00:00,0.0,0.2578069449255328,8.289078950846694,504.9332359225414,0.264,
2022-06-26 19:30:00,0.0,0.4087853866757447,8.476233864075068,516.3338675868777,0.264,
2022-06-26 20:00:00,0.0,0.1706625806841191,8.163498659873781,497.2834520243472,0.26133333333333336,
2022-06-26 20:30:00,0.0,5.030226398317015e-05,7.47377120616806,455.2683720414656,0.26133333333333336,
2022-06-26 21:00:00,0.0,4.662805878867662e-05,7.04221754104729,428.980072714626,0.25933333333333336,
2022-06-26 21:30:00,0.0,0.0600601496280343,5.472906942522465,333.38476189909323,0.25933333333333336,
2022-06-26 22:00:00,0.0,0.078643440108411,3.969843823529824,241.82494820094297,0.25899999999999995,
2022-06-26 22:30:00,0.0,0.084263610168904,3.2801406607219064,199.81134790979837,0.25899999999999995,
2022-06-26 23:00:00,0.0,0.0812613216679502,2.6324035064840654,160.35412723956176,0.25899999999999995,
2022-06-26 23:30:00,0.0,0.045222647970154,2.1459813266161105,130.7234859147937,0.25899999999999995,
2022-06-27 00:00:00,0.0,0.038643523845422,1.4974486078212146,91.21780304645752,0.25899999999999995,
2022-06-27 00:30:00,0.0,0.0507619965852067,1.1287887365936764,68.76070946132597,0.25899999999999995,
2022-06-27 01:00:00,0.0,0.0333380156221481,0.9420464078195347,57.38521057770068,0.26,
2022-06-27 01:30:00,0.0,0.0316840086621373,0.8051982216816516,49.04903741944244,0.26,
2022-06-27 02:00:00,0.0,3.051554658457701e-05,0.598259348778417,36.4432563244849,0.2603333333333333,
2022-06-27 02:30:00,0.0,2.9675055420673333e-05,0.3892804380557609,23.713205343370745,0.2603333333333333,
2022-06-27 03:00:00,0.0,2.9636675311373782e-05,0.3367115366821133,20.510945401477265,0.26099999999999995,
2022-06-27 03:30:00,0.0,2.6759424810277215e-05,0.3191594632115637,19.441752393763235,0.26099999999999995,
2022-06-27 04:00:00,0.0,2.6471892759141174e-05,0.1605304984521527,9.77879261717303,0.26099999999999995,
2022-06-27 04:30:00,0.0,2.608118062092133e-05,0.0185176946334226,1.1280142858483084,0.26099999999999995,
2022-06-27 05:00:00,0.0,2.7627954200229578e-05,-0.0707295031655362,-4.308521745340582,0.26099999999999995,
2022-06-27 05:30:00,0.0,2.57626807481102e-05,-0.0707295031655362,-4.308521745340582,0.26099999999999995,
2022-06-27 06:00:00,0.0,2.4476273743114684e-05,-0.1424011724111928,-8.674435991154693,0.26133333333333336,
2022-06-27 06:30:00,0.0,2.5202430447118047e-05,-0.12446031131576,-7.5815597980490175,0.26133333333333336,
2022-06-27 07:00:00,0.0,2.6328952168670433e-05,-0.12446031131576,-7.5815597980490175,0.26166666666666666,
2022-06-27 07:30:00,0.0,2.6544279676838223e-05,0.2311795531026454,14.0824138024795,0.26166666666666666,
2022-06-27 08:00:00,0.0,2.668662221553466e-05,0.354249038622105,21.57925077739039,0.26166666666666666,
2022-06-27 08:30:00,0.0,2.85863723630622e-05,0.563572437048653,34.33028639287624,0.26166666666666666,
2022-06-27 09:00:00,0.0,3.1640917004144014e-05,1.1625670061296896,70.81832901614283,0.26133333333333336,
2022-06-27 09:30:00,0.0,3.519499171295756e-05,2.4242387948893516,147.67367359040634,0.26133333333333336,
2022-06-27 10:00:00,0.0,3.834218123900825e-05,4.762711704664719,290.12287698826594,0.26133333333333336,
2022-06-27 10:30:00,0.0,4.451896348842178e-05,7.218947742542767,439.7456780437005,0.26133333333333336,
2022-06-27 11:00:00,0.0,0.1496553698095353,8.387590227112614,510.93409775469104,0.26099999999999995,
2022-06-27 11:30:00,0.0,0.2853542456069862,8.692296335059996,529.4954170524785,0.26099999999999995,
2022-06-27 12:00:00,0.0,0.3338828318283755,9.136382470682536,556.5471378549835,0.26066666666666666,
2022-06-27 12:30:00,0.0,0.358555580932924,9.112582603490816,555.0973574840999,0.26066666666666666,
2022-06-27 13:00:00,0.0,0.3858473739200609,9.017151659104348,549.2841355517305,0.26,
2022-06-27 13:30:00,0.0,0.3911411650419413,9.243197612171798,563.053833635965,0.26,
2022-06-27 14:00:00,0.0,0.4209820383121244,9.148273762507262,557.2715016227752,0.25866666666666666,
2022-06-27 14:30:00,0.0,0.4121815869237068,9.33775687688734,568.81395678142,0.25866666666666666,
2022-06-27 15:00:00,0.0,0.5866076339016071,9.266871471042844,564.4959381493151,0.25699999999999995,
2022-06-27 15:30:00,0.0,0.6039389717988312,9.219500966990235,561.6103410835372,0.25699999999999995,
2022-06-27 16:00:00,0.0,0.2111965762089029,9.207644082350988,560.8880732460177,0.25499999999999995,
2022-06-27 16:30:00,0.0,0.4053047756668541,8.64379951634107,526.5412099864214,0.25499999999999995,
2022-06-27 17:00:00,0.0,0.5107165403618377,8.909345721122605,542.7170849252883,0.25099999999999995,
2022-06-27 17:30:00,0.0,0.6549035788303859,9.112582603490816,555.0973574840999,0.25099999999999995,
2022-06-27 18:00:00,0.0,0.4920705870427262,8.96929651082174,546.3690161493001,0.24733333333333332,
2022-06-27 18:30:00,0.0,0.3643859957282979,8.897337910796669,541.9856233768855,0.24733333333333332,
2022-06-27 19:00:00,0.0,0.3790736346151097,7.841791908373401,477.6865303378162,0.24500000000000002,
2022-06-27 19:30:00,0.0,0.2772041295974883,8.704405456156437,530.233049995253,0.24500000000000002,
2022-06-27 20:00:00,0.0,0.0744900320309052,7.141545411724082,435.03067778854745,0.24266666666666667,
2022-06-27 20:30:00,0.0,4.989643776793145e-05,6.084352067692898,370.6312361421494,0.24266666666666667,
2022-06-27 21:00:00,0.0,4.755653741136507e-05,5.004909113407253,304.87644877273186,0.242,
2022-06-27 21:30:00,0.0,4.489792263814394e-05,3.646878745689772,222.15137495947985,0.242,
2022-06-27 22:00:00,0.0,4.371738774576711e-05,3.1443986661321413,191.54255894238372,0.24133333333333332,
2022-06-27 22:30:00,0.0,4.357773870443802e-05,2.3923823396521877,145.73312227905953,0.24133333333333332,
2022-06-27 23:00:00,0.0,0.046492497501382,2.0550378441701613,125.18361988748228,0.24133333333333332,
2022-06-27 23:30:00,0.0,0.0392845572030788,1.380834647094035,84.11420747294639,0.24133333333333332,
2022-06-28 00:00:00,0.0,0.0213036483608694,1.1756160218154477,71.61321609043482,0.24133333333333332,
2022-06-28 00:30:00,0.0,0.0307103067220067,0.9367357666207436,57.06171031172056,0.24133333333333332,
2022-06-28 01:00:00,0.0,3.5071174531835046e-05,0.7817433631607266,47.62027341788032,0.2416666666666667,
2022-06-28 01:30:00,0.0,3.5071174531835046e-05,0.6081932409087346,37.04838414729981,0.2416666666666667,
2022-06-28 02:00:00,0.0,3.457533729690223e-05,0.5033773631293844,30.66347447795918,0.24266666666666667,
2022-06-28 02:30:00,0.0,3.469801230712109e-05,0.4332107549708699,26.389241753035172,0.24266666666666667,
2022-06-28 03:00:00,0.0,3.432914474509867e-05,0.2921751461082961,17.79798972303598,0.2436666666666667,
2022-06-28 03:30:00,0.0,3.404197166659722e-05,0.3098561712181951,18.875037881958036,0.2436666666666667,
2022-06-28 04:00:00,0.0,3.391914214544388e-05,0.203547154929257,12.399172961280374,0.2436666666666667,
2022-06-28 04:30:00,0.0,3.383853668811971e-05,0.1323756099255986,8.063724024503966,0.2436666666666667,
2022-06-28 05:00:00,0.0,3.211501208435781e-05,0.1501910404566376,9.148959554378116,0.244,
2022-06-28 05:30:00,0.0,3.1095386000272306e-05,0.0072437861458242,0.4412587213406013,0.244,
2022-06-28 06:00:00,0.0,3.1523934586024005e-05,0.0430717086109235,2.623733871349471,0.244,
2022-06-28 06:30:00,0.0,3.195645334647196e-05,0.2567686080088409,15.641183404579268,0.244,
2022-06-28 07:00:00,0.0,3.2153923140210136e-05,0.6081932409087346,37.04838414729981,0.2436666666666667,
2022-06-28 07:30:00,0.0,3.187737162449441e-05,0.8162838537325952,49.724324034146214,0.2436666666666667,
2022-06-28 08:00:00,0.0,3.195645334647196e-05,0.8851969797388168,53.922200290145085,0.24333333333333332,
2022-06-28 08:30:00,0.0,3.383853668811971e-05,1.124652031034731,68.50872005015941,0.24333333333333332,
2022-06-28 09:00:00,0.0,3.645225234682258e-05,2.121622132485991,129.2396338741119,0.24333333333333332,
2022-06-28 09:30:00,0.0,4.0643821461540775e-05,3.7482643422080657,228.3273273939406,0.24333333333333332,
2022-06-28 10:00:00,0.0,0.027515003078272,5.710568913254994,347.8620552931254,0.24300000000000002,
2022-06-28 10:30:00,0.0,0.0278455844226246,6.337843888648095,386.0728124854089,0.24300000000000002,
2022-06-28 11:00:00,0.0,0.033289734230264,6.578756248587067,400.74810490318663,0.24300000000000002,
2022-06-28 11:30:00,0.0,0.0335725964334602,7.118417748195895,433.6218450275298,0.24300000000000002,
2022-06-28 12:00:00,0.0,0.0621211797487245,7.607805329290209,463.4331251959997,0.242,
2022-06-28 12:30:00,0.0,0.133020009553091,8.532987328606746,519.7910322086319,0.242,
2022-06-28 13:00:00,0.0,0.0053661997137109,8.211960436972776,500.2355245132518,0.24100000000000002,
2022-06-28 13:30:00,0.0,0.0645835180803244,7.183391453938356,437.57974960112153,0.24100000000000002,
2022-06-28 14:00:00,0.0,0.0179951029607823,6.883018615318594,419.28239349112533,0.2396666666666667,
2022-06-28 14:30:00,0.0,0.0181843051795093,7.364373909391906,448.60438302773815,0.2396666666666667,
2022-06-28 15:00:00,0.0,0.0017922970406694,7.079347514633726,431.2418629356979,0.23833333333333337,
2022-06-28 15:30:00,0.0,0.0020354395728924,7.040212452850618,428.8579318015693,0.23833333333333337,
2022-06-28 16:00:00,0.0,0.3239438748195815,8.38535024538558,510.79764818911855,0.238,
2022-06-28 16:30:00,0.0,0.2701893010559879,9.37682902985526,571.1940557947773,0.238,
2022-06-28 17:00:00,0.0,0.2765343894514772,9.6478888223211,587.705793582519,0.2373333333333333,
2022-06-28 17:30:00,0.0,0.120156347423555,8.874024972021981,540.5655044850074,0.2373333333333333,
2022-06-28 18:00:00,0.2,4.437584262620107e-05,6.09440997838082,371.24391861512225,0.2353333333333333,
2022-06-28 18:30:00,0.0,0.0538765547389928,6.671776967313935,406.41450677884984,0.2353333333333333,
2022-06-28 19:00:00,0.8,0.0218418330803323,6.724766097476791,409.6423651598004,0.23233333333333336,
2022-06-28 19:30:00,0.2,4.0777784320328945e-05,3.7633366158147137,229.24546219878977,0.23233333333333336,
2022-06-28 20:00:00,0.0,3.856076439439096e-05,5.079913015116066,309.445347563686,0.2316666666666667,
2022-06-28 20:30:00,0.0,0.0233279974794798,4.562491215697419,277.9263494860245,0.2316666666666667,
2022-06-28 21:00:00,0.0,3.7779305572449985e-05,4.4019955306193035,268.1496775422955,0.2316666666666667,
2022-06-28 21:30:00,0.0,0.0156199262907862,3.838545133385444,233.82682526350604,0.2316666666666667,
2022-06-28 22:00:00,0.0,3.4205635288323394e-05,3.6121516304376424,220.03595601094617,0.24099999999999996,
2022-06-28 22:30:00,0.0,3.400155713459838e-05,3.383423016122729,206.1028423249785,0.24099999999999996,
2022-06-28 23:00:00,0.0,3.3191613558943914e-05,2.3316930383631083,142.0362042659137,0.24566666666666662,
2022-06-28 23:30:00,0.0,0.0138479146720931,2.0076580130230464,122.29745465725092,0.24566666666666662,
2022-06-29 00:00:00,0.0,0.0193642631495228,2.073706555674864,126.32083343876724,0.246,
2022-06-29 00:30:00,0.0,3.1329082352843475e-05,1.89285550351779,115.3042045072332,0.246,
2022-06-29 01:00:00,0.0,0.0178311780998874,1.4761011005901097,89.91740936351636,0.246,
2022-06-29 01:30:00,0.0,0.0125483498724497,1.40866414545095,85.80945476673925,0.246,
2022-06-29 02:00:00,0.0,0.0120848676383892,1.222110619828957,74.44545691804583,0.24633333333333338,
2022-06-29 02:30:00,0.0,3.066923506111654e-05,1.3410143973966324,81.68853778706419,0.24633333333333338,
2022-06-29 03:00:00,0.0,2.959832938613145e-05,1.3071092408465834,79.6231888486845,0.24633333333333338,
2022-06-29 03:30:00,0.0,0.0228595919294792,1.3917717182185856,84.78044442727897,0.24633333333333338,
2022-06-29 04:00:00,0.0,0.0265717753524368,1.7104767608864708,104.1945155747964,0.246,
2022-06-29 04:30:00,0.0,2.9033291171632532e-05,1.643772573830776,100.13119789869027,0.246,
2022-06-29 05:00:00,0.0,0.0124605994211931,1.0854059198903416,66.1180242907122,0.246,
2022-06-29 05:30:00,0.0,2.814130076513904e-05,0.7745779038076961,47.18378601084126,0.246,
2022-06-29 06:00:00,0.0,2.8921487481622617e-05,0.9305590148938736,56.685450505844294,0.246,
2022-06-29 06:30:00,0.0,2.85863723630622e-05,1.3748659673153334,83.75062246999049,0.246,
2022-06-29 07:00:00,0.0,2.8846113638478657e-05,1.188016360503027,72.36858869301032,0.246,
2022-06-29 07:30:00,1.6,0.0112916182566832,1.925850270907149,117.31409665148873,0.246,
2022-06-29 08:00:00,0.4,2.6223163795089992e-05,0.8266988077009525,50.358755970482136,0.2456666666666667,
2022-06-29 08:30:00,0.0,2.6401061362963146e-05,0.1568373354441502,9.553821814086438,0.2456666666666667,
2022-06-29 09:00:00,0.0,0.0059212895629969,0.1389194890579497,8.462347573076455,0.24533333333333332,
2022-06-29 09:30:00,0.0,0.0067247847879768,1.6604680136637575,101.14820865585727,0.24533333333333332,
2022-06-29 10:00:00,0.0,0.0395703776398756,4.621337714291873,281.51101228561987,0.2463333333333333,
2022-06-29 10:30:00,0.0,0.0357078181524387,6.131111214994628,373.4795921170469,0.2463333333333333,
2022-06-29 11:00:00,0.0,0.089939364875114,6.975938208546551,424.9426352583251,0.25633333333333336,
2022-06-29 11:30:00,0.0,0.0941605616416322,7.612658872936165,463.7287811444321,0.25633333333333336,
2022-06-29 12:00:00,0.0,0.1939789304299429,8.157725622205518,496.9317846547608,0.258,
2022-06-29 12:30:00,0.0,0.2176293820695886,8.419495846461997,512.8776439216088,0.258,
2022-06-29 13:00:00,0.0,0.2222667519325295,7.842337674922586,477.7197759699754,0.25833333333333336,
2022-06-29 13:30:00,0.0,0.2367783480771689,8.678466159118097,528.6529452250135,0.25833333333333336,
2022-06-29 14:00:00,0.0,0.3633849837058698,9.30813976690898,567.0098162648769,0.2536666666666667,
2022-06-29 14:30:00,0.0,0.3631429843992224,9.140196714168168,556.7794843336716,0.2536666666666667,
2022-06-29 15:00:00,0.0,0.3698554039927716,9.569761719706138,582.9466435043796,0.25300000000000006,
2022-06-29 15:30:00,0.0,0.3415915372937877,9.332038416304108,568.4656140012498,0.25300000000000006,
2022-06-29 16:00:00,0.0,0.3168178300309498,8.873942988007876,540.5605103893085,0.252,
2022-06-29 16:30:00,0.0,0.3264117122758341,9.212312700047953,561.1724643412156,0.252,
2022-06-29 17:00:00,0.0,0.2766943751658243,8.995326236343848,547.9546294141745,0.24900000000000003,
2022-06-29 17:30:00,0.0,0.2526405104305042,8.861771457636888,539.8190757555216,0.24900000000000003,
2022-06-29 18:00:00,0.0,0.1761467385330621,8.604756015953521,524.162856358795,0.2463333333333333,
2022-06-29 18:30:00,0.0,0.0301177061847023,8.257782550371932,503.0268006167424,0.2463333333333333,
2022-06-29 19:00:00,0.0,0.0855053684444416,7.587002000359436,462.1658803962739,0.24333333333333332,
2022-06-29 19:30:00,0.0,0.2034687899856938,7.224866762724925,440.1062380084191,0.24333333333333332,
2022-06-29 20:00:00,0.0,0.0494181499123151,7.02856300736801,428.1483002201696,0.24233333333333337,
2022-06-29 20:30:00,0.0,0.048397828933793,6.5103690026768835,396.5822628864771,0.24233333333333337,
2022-06-29 21:00:00,0.0,3.636778521064745e-05,5.966654885947809,363.4616556387038,0.242,
2022-06-29 21:30:00,0.0,3.628344353323172e-05,5.040499019014855,307.04442501124856,0.242,
2022-06-29 22:00:00,0.0,3.41245826719415e-05,4.164481761348447,253.6814119116679,0.242,
2022-06-29 22:30:00,0.0,3.4987072144068906e-05,3.652448586804159,222.490664513137,0.242,
2022-06-29 23:00:00,0.0,3.56948303480287e-05,3.3301936292622303,202.86034859159463,0.2416666666666666,
2022-06-29 23:30:00,0.0,3.311050171962025e-05,2.35026678484493,143.16763297709915,0.2416666666666666,
2022-06-30 00:00:00,0.0,3.262987295419592e-05,2.1887662681105726,133.32975122915036,0.24133333333333332,
2022-06-30 00:30:00,0.0,3.1367349421886946e-05,1.6580029332248374,100.9980470938533,0.24133333333333332,
2022-06-30 01:00:00,0.0,3.062997880469489e-05,1.4046339421355172,85.56395299102273,0.24066666666666667,
2022-06-30 01:30:00,0.0,2.9523270520278577e-05,1.0102200242084018,61.53803924924525,0.24066666666666667,
2022-06-30 02:00:00,0.0,2.9183333930494853e-05,0.7840223090508762,47.75909650421226,0.2403333333333333,
2022-06-30 02:30:00,0.0,2.8996997763214526e-05,0.590725975080985,35.98435723798632,0.2403333333333333,
2022-06-30 03:00:00,0.0,2.929735908506126e-05,0.6963785001426942,42.420231679421946,0.24,
2022-06-30 03:30:00,0.0,2.9183333930494853e-05,0.7490081702770292,45.626193379636085,0.24,
2022-06-30 04:00:00,0.0,2.8959225565404393e-05,0.7490081702770292,45.626193379636085,0.23933333333333331,
2022-06-30 04:30:00,0.0,2.8846113638478657e-05,0.7665224522609029,46.69308430074064,0.23933333333333331,
2022-06-30 05:00:00,0.0,2.8031900533583182e-05,0.6963785001426942,42.420231679421946,0.23899999999999996,
2022-06-30 05:30:00,0.0,2.7010306342442157e-05,0.6963785001426942,42.420231679421946,0.23899999999999996,
2022-06-30 06:00:00,0.0,2.6830936314465047e-05,0.6260019912280569,38.13321274886035,0.23933333333333331,
2022-06-30 06:30:00,0.0,2.6579814711673224e-05,0.7314794358350849,44.55842208008853,0.23933333333333331,
2022-06-30 07:00:00,0.0,2.6293655713524186e-05,0.7665224522609029,46.69308430074064,0.23900000000000002,
2022-06-30 07:30:00,0.0,2.618656119674144e-05,0.7665224522609029,46.69308430074064,0.23900000000000002,
2022-06-30 08:00:00,0.0,2.7083732081437783e-05,0.923505103405038,56.25575809066888,0.23899999999999996,
2022-06-30 08:30:00,0.0,2.8734810665996177e-05,1.268270042204008,77.25728036023528,0.23899999999999996,
2022-06-30 09:00:00,0.0,3.148553847931474e-05,2.6587981435038084,161.96196926403886,0.23899999999999996,
2022-06-30 09:30:00,0.0,3.4205635288323394e-05,4.325840347956569,263.5106479176302,0.23899999999999996,
2022-06-30 10:00:00,0.0,3.536052203677899e-05,5.905288065100362,359.72346619539843,0.23866666666666667,
2022-06-30 10:30:00,0.0,3.979356367009359e-05,7.305202435984567,444.9999242309233,0.23866666666666667,
2022-06-30 11:00:00,0.0,0.1469585686499672,9.00734948715012,548.6870315268724,0.23833333333333329,
2022-06-30 11:30:00,0.0,0.1450638404019014,9.786322954989645,596.1385754374099,0.23833333333333329,
2022-06-30 12:00:00,0.0,0.246321521514039,9.809907147455403,597.5752178785028,0.2376666666666667,
2022-06-30 12:30:00,0.0,0.1574561868413618,9.892276492160825,602.5927861764472,0.2376666666666667,
2022-06-30 13:00:00,0.0,0.1866316283589531,9.95094568187884,606.1666481204508,0.23666666666666666,
2022-06-30 13:30:00,0.0,0.419304911637826,9.786322954989645,596.1385754374099,0.23666666666666666,
2022-06-30 14:00:00,0.0,0.2964665001878555,9.30987093346635,567.1152711093677,0.236,
2022-06-30 14:30:00,0.0,0.0493800399532325,9.974374825178328,607.5938456669159,0.236,
2022-06-30 15:00:00,0.0,0.3236236138608291,9.821690874806446,598.2930293045821,0.2336666666666667,
2022-06-30 15:30:00,0.0,0.396485687700373,9.79811784306724,596.8570667245217,0.2336666666666667,
2022-06-30 16:00:00,0.0,0.321884598579183,9.357931127313684,570.0428809611136,0.2316666666666667,
2022-06-30 16:30:00,0.0,0.2169797709997317,8.970795074631686,546.4603018854211,0.2316666666666667,
2022-06-30 17:00:00,0.0,0.3381909253335998,8.934186002981004,544.2302426566076,0.22833333333333336,
2022-06-30 17:30:00,0.0,0.2914552650827509,9.429846405144025,574.423634741174,0.22833333333333336,
2022-06-30 18:00:00,0.0,0.1998703195009374,9.153024597772491,557.5609010407361,0.226,
2022-06-30 18:30:00,0.0,0.1017953950799843,8.99517074363256,547.9451575007884,0.226,
2022-06-30 19:00:00,0.0,0.1454091563661243,7.847788801391276,478.0518339638225,0.225,
2022-06-30 19:30:00,0.0,0.0743360030536633,6.413007978030761,390.6514691856547,0.225,
2022-06-30 20:00:00,0.0,4.095934311956155e-05,5.428677257345508,330.69048932759665,0.22233333333333336,
2022-06-30 20:30:00,0.0,3.8866250804398595e-05,5.919157665214297,360.5683395652878,0.22233333333333336,
2022-06-30 21:00:00,0.0,0.0320360870716077,5.555804935508254,338.4345330616086,0.22133333333333335,
2022-06-30 21:30:00,0.0,0.0398573207116738,4.811314095573366,293.0835150350985,0.22133333333333335,
2022-06-30 22:00:00,0.0,0.0365746218008331,3.9206751432206697,238.82981436258012,0.22133333333333335,
2022-06-30 22:30:00,0.0,0.0325991744027609,3.290968858654677,200.47095280122545,0.22133333333333335,
2022-06-30 23:00:00,0.0,0.02105482532626,2.6587981435038084,161.96196926403886,0.22133333333333335,
2022-06-30 23:30:00,0.0,0.0195378772617647,2.1231290107206457,129.33142608741778,0.22133333333333335,
2022-07-01 00:00:00,0.0,3.187737162449441e-05,1.8899693400404345,115.12839246916909,0.22133333333333335,
2022-07-01 00:30:00,0.0,3.1640917004144014e-05,1.705337817802518,103.8814743821634,0.22133333333333335,
2022-07-01 01:00:00,0.0,3.1798421662995925e-05,1.502099204551962,91.50109638582032,0.22133333333333335,
2022-07-01 01:30:00,0.0,3.175980036542559e-05,1.3997541411042032,85.26669756131689,0.22133333333333335,
2022-07-01 02:00:00,0.0,3.1523934586024005e-05,1.1935856188856822,72.70784274928344,0.22133333333333335,
2022-07-01 02:30:00,0.0,3.078563437100488e-05,1.1417314809545782,69.54912296668905,0.22133333333333335,
2022-07-01 03:00:00,0.0,3.0476424600834423e-05,1.0723961973396074,65.32553077666194,0.22133333333333335,
2022-07-01 03:30:00,0.0,3.0093290408167564e-05,0.9330458176590932,56.83693529381524,0.22133333333333335,
2022-07-01 04:00:00,0.0,2.994003747838271e-05,0.9330458176590932,56.83693529381524,0.221,
2022-07-01 04:30:00,0.0,2.929735908506126e-05,0.8630273025261996,52.571723726861585,0.221,
2022-07-01 05:00:00,0.0,2.9523270520278577e-05,0.7222949314749141,43.998943574162126,0.22066666666666668,
2022-07-01 05:30:00,0.0,0.0139831621276059,0.7222949314749141,43.998943574162126,0.22066666666666668,
2022-07-01 06:00:00,0.0,2.994003747838271e-05,0.8454866179167447,51.50322447710548,0.221,
2022-07-01 06:30:00,0.0,3.0093290408167564e-05,1.124418758782956,68.49451015860956,0.221,
2022-07-01 07:00:00,0.0,0.0001390301231266,1.5361060513227909,93.57263983296804,0.22066666666666668,
2022-07-01 07:30:00,0.0,0.0001462665109182,2.039865636678016,124.2593975618746,0.22066666666666668,
2022-07-01 08:00:00,0.0,0.0022219553462557,2.7581466129820797,168.0138291238718,0.22066666666666668,
2022-07-01 08:30:00,0.0,0.0022299041713949,3.777937591933944,230.13488769023803,0.22066666666666668,
2022-07-01 09:00:00,0.0,0.0171682044515153,4.502043383447117,274.244140675656,0.22033333333333335,
2022-07-01 09:30:00,0.0,0.0181419136829715,5.800176378109558,353.3205371654943,0.22033333333333335,
2022-07-01 10:00:00,0.0,0.0247946768519564,7.042305843787141,428.9854517185465,0.21966666666666668,
2022-07-01 10:30:00,0.0,0.0267981019307282,8.536461775225204,520.0026797975258,0.21966666666666668,
2022-07-01 11:00:00,0.0,0.0442059792348588,9.225969855467827,562.0043965402629,0.21933333333333335,
2022-07-01 11:30:00,0.0,0.0470800721917571,9.955698224409693,606.4561515373192,0.21933333333333335,
2022-07-01 12:00:00,0.0,0.3556384517982697,10.131909479109682,617.1901449724461,0.21833333333333335,
2022-07-01 12:30:00,0.0,0.4274174717306303,10.038084540091162,611.4747536304423,0.21833333333333335,
2022-07-01 13:00:00,0.0,0.2817377128998621,9.395359873959466,572.3228710869706,0.21833333333333335,
2022-07-01 13:30:00,0.0,0.4757958314782273,9.59949833798373,584.7580639265201,0.21833333333333335,
2022-07-01 14:00:00,0.0,0.2299086044068985,9.45557563777112,575.9909433366456,0.217,
2022-07-01 14:30:00,0.0,0.3911708229294937,9.730697718218243,592.7501373529745,0.217,
2022-07-01 15:00:00,0.0,0.4684717892753784,10.283630567422993,626.4323081288128,0.21466666666666667,
2022-07-01 15:30:00,0.0,0.3808355196487288,9.837530119404288,599.257884516697,0.21466666666666667,
2022-07-01 16:00:00,0.0,0.2328325163336413,9.347081338451488,569.3819608478234,0.213,
2022-07-01 16:30:00,0.0,0.0217581450922668,8.22222204492699,500.860615303292,0.213,
2022-07-01 17:00:00,0.0,0.1877702217467227,8.5988235854788,523.8014794996471,0.21,
2022-07-01 17:30:00,0.0,0.2841365180846586,8.09537212595533,493.1334914041609,0.21,
2022-07-01 18:00:00,0.0,0.3626686734960872,7.993408468123881,486.9223260864419,0.20566666666666666,
2022-07-01 18:30:00,0.0,0.360756714245935,8.006177614675446,487.7001647976527,0.20566666666666666,
2022-07-01 19:00:00,0.0,0.1019597442956136,7.620110515941108,464.18270156644,0.20566666666666666,
2022-07-01 19:30:00,0.0,0.0511597795529835,7.620110515941108,464.18270156644,0.20566666666666666,
2022-07-01 20:00:00,0.0,4.132011947836208e-05,6.6130137771827275,402.8349187544106,0.20533333333333334,
2022-07-01 20:30:00,0.0,0.0361231116329977,5.77211592004191,351.6112208497027,0.20533333333333334,
2022-07-01 21:00:00,0.0,0.1197865049825958,5.446933273141545,331.80256332105336,0.20333333333333334,
2022-07-01 21:30:00,0.0,0.0611547547418632,4.870135877705764,296.6666722195054,0.20333333333333334,
2022-07-01 22:00:00,0.0,3.743441925524666e-05,3.976377392836768,242.22294372153604,0.20266666666666666,
2022-07-01 22:30:00,0.0,0.0262588239695526,2.9977093233043535,182.60690698532036,0.20266666666666666,
2022-07-01 23:00:00,0.0,0.0283683294358783,2.385641333974786,145.3224906720684,0.20266666666666666,
2022-07-01 23:30:00,0.0,0.0161954646414395,1.7894572977060874,109.00565300848616,0.20266666666666666,
2022-07-02 00:00:00,0.0,3.1995235324696024e-05,1.4112136696383075,85.96476026034341,0.20233333333333334,
2022-07-02 00:30:00,0.0,3.1719603457852996e-05,1.307808032238151,79.66575606280699,0.20233333333333334,
2022-07-02 01:00:00,0.0,3.148553847931474e-05,1.099485439035558,66.97568497947924,0.20233333333333334,
2022-07-02 01:30:00,0.0,3.117315308598607e-05,1.047085790787879,63.7837351732585,0.20233333333333334,
2022-07-02 02:00:00,0.0,3.1289254423377296e-05,0.9067205238869924,55.23331734666074,0.20233333333333334,
2022-07-02 02:30:00,0.0,3.062997880469489e-05,0.941898631178304,57.37620869243781,0.20233333333333334,
2022-07-02 03:00:00,0.0,3.066923506111654e-05,0.7476952780601261,45.54621791801611,0.20266666666666666,
2022-07-02 03:30:00,0.0,2.9864383502258776e-05,0.7476952780601261,45.54621791801611,0.20266666666666666,
2022-07-02 04:00:00,0.0,2.9636675311373782e-05,0.6588309368057113,40.13300377760388,0.20233333333333334,
2022-07-02 04:30:00,0.0,2.9636675311373782e-05,0.5874705181029162,35.78604950849184,0.20233333333333334,
2022-07-02 05:00:00,0.0,2.925931655439214e-05,0.4979307803498542,30.33169326512525,0.20199999999999999,
2022-07-02 05:30:00,0.0,2.814130076513904e-05,0.4620086022725498,28.143476489109815,0.20199999999999999,
2022-07-02 06:00:00,0.0,2.7554950680070244e-05,0.4620086022725498,28.143476489109815,0.20233333333333334,
2022-07-02 06:30:00,0.0,2.7228112823298044e-05,0.4620086022725498,28.143476489109815,0.20233333333333334,
2022-07-02 07:00:00,0.0,2.7701093423267577e-05,0.3719353819744678,22.656622899613144,0.20233333333333334,
2022-07-02 07:30:00,0.0,2.8659775033925233e-05,0.4620086022725498,28.143476489109815,0.20233333333333334,
2022-07-02 08:00:00,0.0,0.0107417765611753,0.6588309368057113,40.13300377760388,0.20233333333333334,
2022-07-02 08:30:00,0.0,0.0111854552485257,1.203900503834907,73.33617893313036,0.20233333333333334,
2022-07-02 09:00:00,0.0,0.0025095074155123,1.93768858010103,118.03523295680854,0.20233333333333334,
2022-07-02 09:30:00,0.0,0.0025622170282587,2.614869319290698,159.2860237830355,0.20233333333333334,
2022-07-02 10:00:00,0.0,0.0002548001551872,3.832667687873057,233.4687978398168,0.20233333333333334,
2022-07-02 10:30:00,0.0,0.0002899065149859,5.277746577723047,321.49647429725684,0.20233333333333334,
2022-07-02 11:00:00,0.0,0.1697299617140721,6.987843437099015,425.66784798859817,0.20166666666666666,
2022-07-02 11:30:00,0.0,0.1920177884456368,8.151871156940725,496.57515708392,0.20166666666666666,
2022-07-02 12:00:00,0.0,0.2731859230282502,8.75698435263191,533.4359187935875,0.20099999999999998,
2022-07-02 12:30:00,0.0,0.2481558416122384,8.202879464142242,499.6823526803092,0.20099999999999998,
2022-07-02 13:00:00,0.0,0.3377674305433144,8.431092169996052,513.5840395539313,0.19999999999999998,
2022-07-02 13:30:00,0.0,0.3558170409214889,8.719603537196727,531.1588484205055,0.19999999999999998,
2022-07-02 14:00:00,0.0,0.3432136252158168,8.819158634142667,537.2232950920336,0.19933333333333333,
2022-07-02 14:30:00,0.0,0.2720718153964118,8.48151503569974,516.6555726995591,0.19933333333333333,
2022-07-02 15:00:00,0.0,0.1787383598317678,7.791749330574038,474.6381626130092,0.19733333333333333,
2022-07-02 15:30:00,0.0,0.156534193380971,7.0948415031170295,432.1856867053366,0.19733333333333333,
2022-07-02 16:00:00,0.0,0.122715403910461,6.307816776827043,384.24369650918055,0.19499999999999998,
2022-07-02 16:30:00,0.0,0.1090773544228036,5.635727296686344,343.3030421796332,0.19499999999999998,
2022-07-02 17:00:00,0.0,0.0290708612263001,5.074798694446581,309.13380625728735,0.19333333333333336,
2022-07-02 17:30:00,0.0,0.0254823565995434,4.514609063934711,275.00958515360026,0.19333333333333336,
2022-07-02 18:00:00,0.0,3.404197166659722e-05,4.349818997382452,264.971318894401,0.19366666666666668,
2022-07-02 18:30:00,0.0,3.387882363103905e-05,4.19895298991598,255.78124339958632,0.19366666666666668,
2022-07-02 19:00:00,0.0,0.0288080384053724,3.9860176979618087,242.8101875505468,0.19366666666666668,
2022-07-02 19:30:00,0.0,0.0007192914746766,4.077524191261493,248.38434965513315,0.19366666666666668,
2022-07-02 20:00:00,0.0,3.2311510725841314e-05,2.921687213344803,177.97598354845115,0.19366666666666668,
2022-07-02 20:30:00,0.0,3.1095386000272306e-05,1.8704749686989544,113.94088345132778,0.19366666666666668,
2022-07-02 21:00:00,0.0,0.0049656258358084,1.3423320675759616,81.76880430056619,0.19366666666666668,
2022-07-02 21:30:00,0.0,3.0093290408167564e-05,0.8185200295972448,49.860541763778784,0.19366666666666668,
2022-07-02 22:00:00,0.0,2.975037960921708e-05,0.5695928198817612,34.697020912289084,0.19300000000000003,
2022-07-02 22:30:00,0.0,0.0030145004779973,0.3899807479793705,23.755865059603845,0.19300000000000003,
2022-07-02 23:00:00,0.0,2.910900344618699e-05,0.227014765084439,13.82871373478385,0.19300000000000003,
2022-07-02 23:30:00,0.0,2.8883783507465197e-05,0.1906285821713613,11.612231880754324,0.19300000000000003,
2022-07-03 00:00:00,0.0,2.8846113638478657e-05,0.3586466101789169,21.847130966437827,0.19233333333333336,
2022-07-03 00:30:00,0.0,2.8996997763214526e-05,0.3586466101789169,21.847130966437827,0.19233333333333336,
2022-07-03 01:00:00,0.0,2.8959225565404393e-05,0.3768127616841768,22.953730833347414,0.19233333333333336,
2022-07-03 01:30:00,0.0,2.9071130245523226e-05,0.4312177369431862,26.267836100134797,0.19233333333333336,
2022-07-03 02:00:00,0.0,2.8996997763214526e-05,0.5035407197129054,30.67342542290923,0.19233333333333336,
2022-07-03 02:30:00,0.0,2.8846113638478657e-05,0.4674101252581182,28.47251286289589,0.19233333333333336,
2022-07-03 03:00:00,0.0,2.8809982646216876e-05,0.3222673839786875,19.631072883921483,0.19266666666666668,
2022-07-03 03:30:00,0.0,2.8659775033925233e-05,0.1944441563366792,11.844659418436253,0.19266666666666668,
2022-07-03 04:00:00,0.0,2.854897244395146e-05,0.121052970239926,7.373999975598912,0.19233333333333336,
2022-07-03 04:30:00,0.0,2.847427479058182e-05,0.0658413031617054,4.010754688179331,0.19233333333333336,
2022-07-03 05:00:00,0.0,2.8623806350329834e-05,0.1577805102763402,9.611275763178066,0.19266666666666668,
2022-07-03 05:30:00,0.0,2.851160658810513e-05,0.2127520980698842,12.959896505360645,0.19266666666666668,
2022-07-03 06:00:00,0.0,2.851160658810513e-05,0.2127520980698842,12.959896505360645,0.19266666666666668,
2022-07-03 06:30:00,0.0,2.8363972230347037e-05,0.2310441608597628,14.074166318805748,0.19266666666666668,
2022-07-03 07:00:00,0.0,2.8399713350494872e-05,0.34046482784484,20.739578940063776,0.19266666666666668,
2022-07-03 07:30:00,0.0,2.8363972230347037e-05,0.3586466101789169,21.847130966437827,0.19266666666666668,
2022-07-03 08:00:00,0.0,2.854897244395146e-05,0.5035407197129054,30.67342542290923,0.19233333333333336,
2022-07-03 08:30:00,0.0,2.8697275808784963e-05,0.5576212734458185,33.96776839620826,0.19233333333333336,
2022-07-03 09:00:00,0.0,0.0004751960062648,0.6295146323850923,38.34718697646443,0.19233333333333336,
2022-07-03 09:30:00,0.0,0.0004739818344955,0.5035407197129054,30.67342542290923,0.19233333333333336,
2022-07-03 10:00:00,0.0,0.0016411765788941,0.6474499468534923,39.4397252941134,0.19200000000000003,
2022-07-03 10:30:00,0.0,0.0016968942705983,0.8792408315858838,53.55937865720753,0.19200000000000003,
2022-07-03 11:00:00,0.0,0.0055070477378827,1.0909834749688203,66.45778374420672,0.19200000000000003,
2022-07-03 11:30:00,0.0,0.0055853278291815,1.1610997921739752,70.72895297148905,0.19200000000000003,
2022-07-03 12:00:00,0.0,0.0045256410749294,0.9677227624708042,58.9492980858111,0.19166666666666668,
2022-07-03 12:30:00,0.0,0.0045315182453234,1.2135364128154549,73.92315496888232,0.19166666666666668,
2022-07-03 13:00:00,0.0,0.0012805423355465,0.9146777391296024,55.71803494498605,0.19133333333333336,
2022-07-03 13:30:00,0.0,0.0012772924264784,0.6295146323850923,38.34718697646443,0.19133333333333336,
2022-07-03 14:00:00,0.0,0.0027881626281735,0.6832751511104478,41.62203486316423,0.19100000000000003,
2022-07-03 14:30:00,0.0,0.0027598112258127,0.5396097607244781,32.87058842528791,0.19100000000000003,
2022-07-03 15:00:00,0.2,0.0042074715721861,0.3586466101789169,21.847130966437827,0.19100000000000003,
2022-07-03 15:30:00,0.2,0.0002176189097636,0.2310441608597628,14.074166318805748,0.19100000000000003,
2022-07-03 16:00:00,0.4,0.0049572091294666,0.0842612823233941,5.132816589011778,0.19066666666666668,
2022-07-03 16:30:00,0.0,0.0050020186817118,0.0842612823233941,5.132816589011778,0.19066666666666668,
2022-07-03 17:00:00,0.2,0.0063189806289977,0.121052970239926,7.373999975598912,0.19000000000000003,
2022-07-03 17:30:00,0.2,0.0062146788361528,0.0474051911464297,2.8877100468018053,0.19000000000000003,
2022-07-03 18:00:00,0.4,0.0008719589828295,0.0104844398412758,0.6386647017458862,0.18666666666666668,
2022-07-03 18:30:00,0.4,0.0008685599386905,-0.0080002640400382,-0.4873399365509284,0.18666666666666668,
2022-07-03 19:00:00,0.6,2.8846113638478657e-05,-0.0635520781295033,-3.871305442959318,0.19066666666666665,
2022-07-03 19:30:00,0.2,2.8959225565404393e-05,-0.1192511320591287,-7.264240135134871,0.19066666666666665,
2022-07-03 20:00:00,0.0,2.8921487481622617e-05,-0.1378503567104448,-8.397220861284193,0.19599999999999998,
2022-07-03 20:30:00,0.0,2.8809982646216876e-05,-0.1564660731315681,-9.53120619153298,0.19599999999999998,
2022-07-03 21:00:00,0.0,2.8734810665996177e-05,-0.2124125055540111,-12.939210063724405,0.22533333333333336,
2022-07-03 21:30:00,0.0,2.8734810665996177e-05,-0.1378503567104448,-8.397220861284193,0.22533333333333336,
2022-07-03 22:00:00,0.0,2.8697275808784963e-05,-0.1006683660697401,-6.132261996302583,0.23366666666666666,
2022-07-03 22:30:00,0.0,2.8734810665996177e-05,-0.1378503567104448,-8.397220861284193,0.23366666666666666,
2022-07-03 23:00:00,0.0,2.877237961025713e-05,-0.1564660731315681,-9.53120619153298,0.23099999999999998,
2022-07-03 23:30:00,0.0,2.851160658810513e-05,-0.1192511320591287,-7.264240135134871,0.23099999999999998,
2022-07-04 00:00:00,0.2,2.832677525430342e-05,0.1464331451100246,8.920045549713006,0.229,
2022-07-04 00:30:00,0.0,2.821538850376113e-05,0.1464331451100246,8.920045549713006,0.229,
2022-07-04 01:00:00,0.0,2.79581500579373e-05,0.2023465488607839,12.326037464463756,0.228,
2022-07-04 01:30:00,0.0,2.7591435480352944e-05,0.0903709824992601,5.504991917369752,0.228,
2022-07-04 02:00:00,0.0,2.781105680668246e-05,0.0529131178554899,3.223228054643424,0.227,
2022-07-04 02:30:00,0.0,2.7701093423267577e-05,0.1090749543950491,6.644353372357501,0.227,
2022-07-04 03:00:00,0.0,2.7774368397717875e-05,0.1837252209395106,11.191710306981092,0.226,
2022-07-04 03:30:00,0.0,2.7701093423267577e-05,0.1650874307432984,10.056380342093066,0.226,
2022-07-04 04:00:00,0.0,2.7300506301294197e-05,0.1464331451100246,8.920045549713006,0.22566666666666668,
2022-07-04 04:30:00,0.2,2.7445699734704247e-05,0.1837252209395106,11.191710306981092,0.22566666666666668,
2022-07-04 05:00:00,0.0,2.7300506301294197e-05,0.2209514475719615,13.4593638287019,0.22533333333333336,
2022-07-04 05:30:00,0.0,2.7155854767812608e-05,0.1837252209395106,11.191710306981092,0.22533333333333336,
2022-07-04 06:00:00,0.0,2.7228112823298044e-05,0.2023465488607839,12.326037464463756,0.22533333333333336,
2022-07-04 06:30:00,0.0,2.7336753840218357e-05,0.0903709824992601,5.504991917369752,0.22533333333333336,
2022-07-04 07:00:00,0.0,2.7518499793196832e-05,0.2209514475719615,13.4593638287019,0.22433333333333336,
2022-07-04 07:30:00,0.0,2.7445699734704247e-05,0.1837252209395106,11.191710306981092,0.22433333333333336,
2022-07-04 08:00:00,0.0,0.0052706704489223,0.2395399500409492,14.591691407951387,0.22366666666666668,
2022-07-04 08:30:00,0.0,0.0053679702835204,0.3692031216628301,22.490185947001297,0.22366666666666668,
2022-07-04 09:00:00,0.0,0.0062002911268729,0.3692031216628301,22.490185947001297,0.22433333333333336,
2022-07-04 09:30:00,0.0,0.0061526770636258,0.4613349423937084,28.102440173187187,0.22433333333333336,
2022-07-04 10:00:00,0.0,0.0139461408401574,0.6444042799075983,39.25419702545389,0.22433333333333336,
2022-07-04 10:30:00,0.0,0.0139642086732131,0.7353496070907048,44.79417542581761,0.22433333333333336,
2022-07-04 11:00:00,0.0,0.0064890860556357,0.7897304265046138,48.10680922766837,0.22433333333333336,
2022-07-04 11:30:00,0.0,0.0065058872256732,0.7534920175511425,45.89932909554928,0.22433333333333336,
2022-07-04 12:00:00,0.0,0.0049320935975852,0.7353496070907048,44.79417542581761,0.22466666666666668,
2022-07-04 12:30:00,0.0,0.0050710739888002,0.6990182226485416,42.58103164703221,0.22466666666666668,
2022-07-04 13:00:00,0.0,0.0178681103344355,1.0595688452660184,64.54414644804801,0.22466666666666668,
2022-07-04 13:30:00,0.0,0.0187200700472443,1.7109578801247085,104.2238231848781,0.22466666666666668,
2022-07-04 14:00:00,0.0,0.008091764127084,2.326370558741212,141.71198285668933,0.225,
2022-07-04 14:30:00,0.0,0.0079253673508343,1.883670682301412,114.74470669985834,0.225,
2022-07-04 15:00:00,0.0,0.0221900342158895,1.414127011194493,86.14222786416713,0.225,
2022-07-04 15:30:00,0.0,0.022488652767966,1.6240794177948723,98.93157981546275,0.225,
2022-07-04 16:00:00,0.0,0.0057298685338549,2.360052998628033,143.76376490227858,0.22466666666666668,
2022-07-04 16:30:00,0.0,0.0057370535695582,2.444031574500617,148.87936029170106,0.22466666666666668,
2022-07-04 17:00:00,0.0,3.195645334647196e-05,2.15717024133895,131.40506404319214,0.224,
2022-07-04 17:30:00,0.0,3.113345954710823e-05,1.5543230833820123,94.68233911332388,0.224,
2022-07-04 18:00:00,0.0,0.0021212698268249,0.934069640641268,56.89930196379956,0.22533333333333336,
2022-07-04 18:30:00,0.6,0.002110656756906,0.6990182226485416,42.58103164703221,0.22533333333333336,
2022-07-04 19:00:00,1.2,3.0399844855890523e-05,0.5347526323955463,32.5747141141658,0.22533333333333336,
2022-07-04 19:30:00,1.0,3.0438899716606223e-05,0.2395399500409492,14.591691407951387,0.22533333333333336,
2022-07-04 20:00:00,0.4,3.0438899716606223e-05,0.2581120891391133,15.723022204587322,0.22466666666666668,
2022-07-04 20:30:00,1.6,3.0208193578321032e-05,0.1650874307432984,10.056380342093066,0.22466666666666668,
2022-07-04 21:00:00,2.4,3.013207550573784e-05,0.1650874307432984,10.056380342093066,0.22733333333333336,
2022-07-04 21:30:00,2.4,2.9711932489174568e-05,0.1837252209395106,11.191710306981092,0.22733333333333336,
2022-07-04 22:00:00,1.2,2.9033291171632532e-05,0.2023465488607839,12.326037464463756,0.271,
2022-07-04 22:30:00,0.2,2.8734810665996177e-05,0.2023465488607839,12.326037464463756,0.271,
2022-07-04 23:00:00,0.0,2.8252483396265985e-05,0.1464331451100246,8.920045549713006,0.31966666666666665,
2022-07-04 23:30:00,0.0,2.7701093423267577e-05,0.1464331451100246,8.920045549713006,0.31966666666666665,
2022-07-05 00:00:00,0.0,2.7191966871061615e-05,-0.0569497087071533,-3.4691189302053647,0.37366666666666665,
2022-07-05 00:30:00,0.0,2.697436473519058e-05,0.0177203714338395,1.0794449591922428,0.37366666666666665,
2022-07-05 01:00:00,0.0,2.6650985973610524e-05,-0.0195815222643296,-1.19281785827451,0.3586666666666667,
2022-07-05 01:30:00,0.0,2.579746768048764e-05,-0.0569497087071533,-3.4691189302053647,0.3586666666666667,
2022-07-05 02:00:00,0.0,2.506306392233109e-05,-0.0569497087071533,-3.4691189302053647,0.3223333333333333,
2022-07-05 02:30:00,0.0,2.4544708661653435e-05,-0.0195815222643296,-1.19281785827451,0.3223333333333333,
2022-07-05 03:00:00,0.0,2.406591359982391e-05,-0.0943844560398372,-5.749474590794656,0.314,
2022-07-05 03:30:00,0.0,2.3931122324087595e-05,-0.0382573121706212,-2.330462593800898,0.314,
2022-07-05 04:00:00,0.0,2.4032825628468784e-05,-0.0382573121706212,-2.330462593800898,0.309,
2022-07-05 04:30:00,0.0,2.3558714866712376e-05,-0.0382573121706212,-2.330462593800898,0.309,
2022-07-05 05:00:00,0.0,2.3424701532556037e-05,-0.0943844560398372,-5.749474590794656,0.306,
2022-07-05 05:30:00,0.0,2.3390961103196077e-05,-0.0569497087071533,-3.4691189302053647,0.306,
2022-07-05 06:00:00,0.0,2.309017886238001e-05,-0.0756587454413697,-4.608788912264903,0.3036666666666667,
2022-07-05 06:30:00,0.0,2.3289952882876963e-05,-0.0195815222643296,-1.19281785827451,0.3036666666666667,
2022-07-05 07:00:00,0.0,2.3424701532556037e-05,-0.0195815222643296,-1.19281785827451,0.3016666666666667,
2022-07-05 07:30:00,0.0,2.4339818229124272e-05,-0.0756587454413697,-4.608788912264903,0.3016666666666667,
2022-07-05 08:00:00,0.0,2.6579814711673224e-05,-0.1131268742686584,-6.89117802267301,0.3,
2022-07-05 08:30:00,0.0,2.9523270520278577e-05,1.6144740909088984,98.34646670272866,0.3,
2022-07-05 09:00:00,0.0,0.0193917595070085,3.18135561126141,193.7938090516648,0.2986666666666667,
2022-07-05 09:30:00,0.0,0.0165723626324278,5.501357767542609,335.11785760577845,0.2986666666666667,
2022-07-05 10:00:00,0.0,3.387882363103905e-05,6.2154543794674595,378.6173965966222,0.2966666666666667,
2022-07-05 10:30:00,0.0,3.586361836441259e-05,7.673877515861683,467.4579442582676,0.2966666666666667,
2022-07-05 11:00:00,0.0,0.1853434928178326,8.910478924556097,542.7861145581371,0.297,
2022-07-05 11:30:00,0.0,0.1677226998994447,9.579438653297428,583.5361185740505,0.297,
2022-07-05 12:00:00,0.0,0.2671585643009138,10.099500055562295,615.2159093301987,0.294,
2022-07-05 12:30:00,0.0,0.2068613927390862,10.467837528569197,637.653363872468,0.294,
2022-07-05 13:00:00,0.0,0.2208949732196569,10.32589410958831,629.0068121519531,0.2906666666666667,
2022-07-05 13:30:00,0.0,0.2946619428841763,10.655863343223404,649.1070469165443,0.2906666666666667,-2.15979112461434
2022-07-05 14:00:00,0.0,0.418968855652987,10.456039365185624,636.9346730685156,0.29,-2.15979112461434
2022-07-05 14:30:00,0.0,0.3400079040511249,10.761018007101454,655.5125939042306,0.29,-2.15979112461434
2022-07-05 15:00:00,0.0,0.3330648206370281,10.8425051655127,660.4764233992458,0.286,-2.15979112461434
2022-07-05 15:30:00,0.0,0.4011740032824619,10.444235686436423,636.2156462934099,0.286,-2.15979112461434
2022-07-05 16:00:00,0.0,0.3981702285291201,10.702652535807236,651.9572331142693,0.2816666666666667,-2.0211059938426152
2022-07-05 16:30:00,0.0,0.3564374231377373,10.38513433295508,632.6154588856535,0.2816666666666667,-1.8993519568275337
2022-07-05 17:00:00,0.0,0.3165848173676789,10.40879149255351,634.0565461547704,0.2783333333333333,-1.7522526592069698
2022-07-05 17:30:00,0.0,0.2103982166008721,10.159275610181432,618.8571660249272,0.2783333333333333,-1.5570634392641296
2022-07-05 18:00:00,0.0,0.2742900248746014,10.749355636637832,654.8021749913884,0.27499999999999997,-1.3202991664040118
2022-07-05 18:30:00,0.0,0.2633345261026514,9.907253587450304,603.5051231482727,0.27499999999999997,-1.074757923188011
2022-07-05 19:00:00,0.0,0.0056555865545804,8.910478924556097,542.7861145581371,0.27499999999999997,-0.8616161135339594
2022-07-05 19:30:00,0.0,0.0055763450198208,7.98902635080572,486.655387299784,0.27499999999999997,-0.7052819848663917
2022-07-05 20:00:00,0.0,0.004926532748598,7.287430982637725,443.91736759240183,0.27499999999999997,-0.6003663281470215
2022-07-05 20:30:00,0.0,0.0046367460388393,7.581170598946689,461.81065777108694,0.27499999999999997,-0.5212928341170845
2022-07-05 21:00:00,0.0,3.842952129922892e-05,7.44810279918073,453.7047686691313,0.27499999999999997,-0.5356352448057272
2022-07-05 21:30:00,0.0,3.721987992815649e-05,6.921877805761888,421.6495197897424,0.27499999999999997,-0.5499776554943699
2022-07-05 22:00:00,0.0,3.383853668811971e-05,5.238749506302362,319.12094891250496,0.27466666666666667,-0.5643200661830126
2022-07-05 22:30:00,0.0,0.0267519461069234,4.523262179750534,275.5366938704559,0.27466666666666667,-0.5786624768716553
2022-07-05 23:00:00,0.0,0.0340527574254677,3.7686312321314657,229.5679863013636,0.27466666666666667,
2022-07-05 23:30:00,0.0,3.00173708846954e-05,3.10078250260302,188.88565933750823,0.27466666666666667,
2022-07-06 00:00:00,0.0,2.9221308170873098e-05,2.642530337565798,160.97100803151244,0.2743333333333333,
2022-07-06 00:30:00,0.0,2.843697704639137e-05,2.229639830142384,135.81958394310888,0.2743333333333333,
2022-07-06 01:00:00,0.0,2.7554950680070244e-05,1.910505898404275,116.37938681134592,0.2743333333333333,
2022-07-06 01:30:00,0.0,2.6866742732449057e-05,1.6551850583880434,100.8263948912136,0.2743333333333333,
2022-07-06 02:00:00,0.0,2.643646021215821e-05,1.4832729297650429,90.35428479132402,0.27466666666666667,
2022-07-06 02:30:00,0.0,2.608118062092133e-05,1.3273658822764831,80.85713191603544,0.27466666666666667,
2022-07-06 03:00:00,0.0,2.562248294754593e-05,1.275143726937072,77.6759941757941,0.27499999999999997,
2022-07-06 03:30:00,0.0,2.5236673719742934e-05,1.1352580859812311,69.15479299460418,0.27499999999999997,
2022-07-06 04:00:00,0.0,2.506306392233109e-05,0.9767835900156584,59.50124275897554,0.27499999999999997,
2022-07-06 04:30:00,0.0,2.506306392233109e-05,1.0121020446932325,61.65268343337151,0.27499999999999997,
2022-07-06 05:00:00,0.0,2.4993588956392983e-05,0.9059705504257322,55.18763235211602,0.2743333333333333,-0.0968736031926655
2022-07-06 05:30:00,0.0,2.492425274865588e-05,1.0297393533834582,62.7270685855374,0.2743333333333333,-0.0967968908941862
2022-07-06 06:00:00,0.0,2.468334191378207e-05,0.95910238835601,58.42418384544049,0.2743333333333333,-0.0967201785957069
2022-07-06 06:30:00,0.0,2.4544708661653435e-05,0.9236958966310648,56.267380351909374,0.2743333333333333,-0.0966434662972276
2022-07-06 07:00:00,0.0,2.4717075866233703e-05,0.941406499904758,57.34623027892242,0.2743333333333333,-0.0965667539987483
2022-07-06 07:30:00,0.0,2.5202430447118047e-05,1.0825639372713751,65.94490355091231,0.2743333333333333,-0.1719674959138433
2022-07-06 08:00:00,0.0,2.597470361453195e-05,1.275143726937072,77.6759941757941,0.2743333333333333,-0.2852551826960952
2022-07-06 08:30:00,0.0,2.8846113638478657e-05,1.6894031553320863,102.91080674439088,0.2743333333333333,-0.4315276811397753
2022-07-06 09:00:00,0.0,0.0118384983944354,2.707873043912994,164.9513904546351,0.27366666666666667,-0.593004887560298
2022-07-06 09:30:00,0.0,0.0127077240678564,4.4781021598163235,272.78574950921563,0.27366666666666667,-0.7449197846665907
2022-07-06 10:00:00,0.0,0.0234207603042123,5.794493829942536,352.97438200745137,0.27299999999999996,-0.8672100694433659
2022-07-06 10:30:00,0.0,0.024260722172366,6.577048720721047,400.64409002096266,0.27299999999999996,-0.9538373015727232
2022-07-06 11:00:00,0.0,0.0298972414617791,6.836693935550933,416.4605033152848,0.27199999999999996,-1.012244330194955
2022-07-06 11:30:00,0.0,0.0305240254607281,7.120368915498395,433.7407013233522,0.27199999999999996,-1.0526605578266166
2022-07-06 12:00:00,0.0,0.047945406992306,7.280950089414105,443.5225808607907,0.27099999999999996,-1.076417695982914
2022-07-06 12:30:00,0.0,0.0965699118890231,7.873638358496773,479.6264721828384,0.27099999999999996,-1.0758178015746316
2022-07-06 13:00:00,0.0,0.051650168313326,7.938593283266747,483.5832327044471,0.26999999999999996,-1.0474593143410946
2022-07-06 13:30:00,0.0,0.0504562397957061,7.5857221662290595,462.0879186839139,0.26999999999999996,-1.003595962847749
2022-07-06 14:00:00,0.0,0.0230932038866416,7.267609889837999,442.7099561795977,0.26899999999999996,-0.9657016122552982
2022-07-06 14:30:00,0.0,0.0247577261110716,7.347538615341393,447.57885298356297,0.26899999999999996,-0.9464310732157536
2022-07-06 15:00:00,0.0,0.1822180248895319,7.938593283266747,483.5832327044471,0.26766666666666666,-0.9417960635403794
2022-07-06 15:30:00,0.0,0.1584705390160974,8.15813460183113,496.95669784560033,0.26766666666666666,-0.941704106471234
2022-07-06 16:00:00,0.0,0.0990147188269076,8.362949465587315,509.43309390054213,0.266,-0.9433604931041404
2022-07-06 16:30:00,0.0,0.1388510794723829,8.299131280101161,505.54557839980765,0.266,-0.950664444728326
2022-07-06 17:00:00,0.0,0.0949235919703609,8.170986607119053,497.7395839366373,0.26499999999999996,-0.9618838453368762
2022-07-06 17:30:00,0.0,0.1435842066743902,8.235144032389698,501.647764392206,0.26499999999999996,-0.9620997173644936
2022-07-06 18:00:00,0.0,0.211550808563635,8.591312060006974,523.3439113083323,0.26366666666666666,-0.9322815705407672
2022-07-06 18:30:00,0.0,0.1388854403082344,9.65385315979276,588.0691140717504,0.26366666666666666,-0.8666190139918287
2022-07-06 19:00:00,0.0,0.0123415439566317,8.679542739509655,528.7185256379959,0.26166666666666666,-0.7769606459805091
2022-07-06 19:30:00,0.0,0.0128475839236803,8.093771475660002,493.0359870206228,0.26166666666666666,-0.6786823912435501
2022-07-06 20:00:00,0.0,4.357773870443802e-05,7.677709015514194,467.6913419046709,0.26099999999999995,-0.5767321997482711
2022-07-06 20:30:00,0.0,4.100291423138871e-05,7.664589744379756,466.8921751858909,0.26099999999999995,-0.4681962283780224
2022-07-06 21:00:00,0.0,3.970431208349552e-05,6.328378547383586,385.4962266642169,0.2603333333333333,-0.3542636400068337
2022-07-06 21:30:00,0.0,3.752045360748856e-05,5.522844535663834,336.42673443290283,0.2603333333333333,-0.2449949121905693
2022-07-06 22:00:00,0.0,3.603117163951886e-05,4.417783179197369,269.1113897580195,0.2603333333333333,-0.1534426589228623
2022-07-06 22:30:00,0.0,3.461619743987309e-05,3.6028196870059275,219.46749618297687,0.2603333333333333,-0.0877404821919156
2022-07-06 23:00:00,0.0,0.011442714518646,2.773021002311712,168.91990971269473,0.26066666666666666,-0.0480221406675632
2022-07-06 23:30:00,0.0,3.367603199451579e-05,2.4453199910170675,148.95784480424163,0.26066666666666666,-0.0284285746857622
2022-07-07 00:00:00,0.0,3.400155713459838e-05,1.96365257022662,119.61684191834894,0.26099999999999995,-0.0212278309608713
2022-07-07 00:30:00,0.0,3.3392474329447656e-05,1.7278511350320374,105.25288394255742,0.26099999999999995,-0.0201314281336104
2022-07-07 01:00:00,0.0,3.2510446819210245e-05,1.4551637300772815,88.64199935627163,0.26099999999999995,-0.0214813548951584
2022-07-07 01:30:00,0.0,3.187737162449441e-05,1.1789655879000345,71.81725652147136,0.26099999999999995,-0.0237477467929525
2022-07-07 02:00:00,0.0,3.239131313461301e-05,0.9694495088518408,59.054483673132026,0.26066666666666666,-0.026570735248225
2022-07-07 02:30:00,0.0,3.271019973049637e-05,1.0045120763444744,61.19033685643408,0.26066666666666666,-0.0299523874603969
2022-07-07 03:00:00,0.0,3.2471247311145726e-05,1.0744646995809652,65.45153458678791,0.26066666666666666,-0.0336414034950764
2022-07-07 03:30:00,0.0,3.1995235324696024e-05,0.9518965659976454,57.98523770649456,0.26066666666666666,-0.0367782395285151
2022-07-07 04:00:00,0.0,3.219286580736566e-05,1.0220217554607944,62.256947391645085,0.2603333333333333,-0.0381556701825605
2022-07-07 04:30:00,0.0,3.211501208435781e-05,0.9869880032085868,60.12284950258964,0.2603333333333333,-0.0371353891896527
2022-07-07 05:00:00,0.0,3.29899059323388e-05,0.8109495789921259,49.39938411959396,0.26,-0.0344319969595197
2022-07-07 05:30:00,0.0,3.070852557616108e-05,0.562020174593267,34.235729577909595,0.26,-0.0318259581498515
2022-07-07 06:00:00,0.0,3.0284443149030228e-05,0.4004364785871593,24.392780924566846,0.26,-0.0310732668369661
2022-07-07 06:30:00,0.0,3.101775059832205e-05,0.4544349074556015,27.682121222199147,0.26,-0.0334272056458475
2022-07-07 07:00:00,0.0,3.223346470019411e-05,0.5798980413142781,35.32476843836224,0.2603333333333333,-0.0407346987844591
2022-07-07 07:30:00,0.0,3.1289254423377296e-05,0.8639141642771451,52.62574733749146,0.2603333333333333,-0.0575309374513131
2022-07-07 08:00:00,0.0,3.113345954710823e-05,0.9694495088518408,59.054483673132026,0.2603333333333333,-0.0923187333088712
2022-07-07 08:30:00,0.0,3.4286814121211164e-05,1.2136859254239225,73.93226260142539,0.2603333333333333,-0.157039824169095
2022-07-07 09:00:00,0.0,3.469801230712109e-05,2.0305541860165506,123.69218606087344,0.25966666666666666,-0.2645745419301288
2022-07-07 09:30:00,0.0,3.743441925524666e-05,3.121602211044797,190.1539019030344,0.25966666666666666,-0.4235011599013803
2022-07-07 10:00:00,0.0,4.10939356366709e-05,5.0526495784316765,307.78458218926386,0.25966666666666666,-0.6295429421820102
2022-07-07 10:30:00,0.0,4.609456319267253e-05,8.423431472202262,513.1173844587898,0.25966666666666666,-0.8586526201114253
2022-07-07 11:00:00,0.0,0.056842059387941,9.217905739808051,561.5131670515477,0.25899999999999995,-1.072001105960994
2022-07-07 11:30:00,0.0,0.1539735037087843,9.737615185957926,593.1715182314654,0.25899999999999995,-1.2351966126783926
2022-07-07 12:00:00,0.0,0.2307085512481463,9.605701032939049,585.1359040766504,0.25733333333333336,-1.335765806610279
2022-07-07 12:30:00,0.0,0.168883848518607,9.327590187052104,568.1946479743053,0.25733333333333336,-1.3793901274933429
2022-07-07 13:00:00,0.0,0.2421507679465885,9.605701032939049,585.1359040766504,0.25566666666666665,-1.369854477182615
2022-07-07 13:30:00,0.0,0.2531577811040689,9.95197774752743,606.229516896429,0.25566666666666665,-1.3005920831762563
2022-07-07 14:00:00,0.0,0.5290875624943144,9.987526482779469,608.3949852229108,0.25366666666666665,-1.1701251813374571
2022-07-07 14:30:00,0.0,0.4350550415387091,9.916378358409045,604.0609629652862,0.25366666666666665,-1.0025064155583892
2022-07-07 15:00:00,0.0,0.2663262276481425,9.569602436227235,582.9369406745589,0.25099999999999995,-0.8491298141260699
2022-07-07 15:30:00,0.0,0.2654575955981552,8.49902408990959,517.7221451682915,0.25099999999999995,-0.7651472547864425
2022-07-07 16:00:00,0.0,0.1589314123674736,8.284228840085454,504.6377890899346,0.2503333333333333,-0.7726108218968967
2022-07-07 16:30:00,0.0,0.2834385062316485,9.36404347910407,570.415217813847,0.2503333333333333,-0.8394429571425484
2022-07-07 17:00:00,0.0,0.3820614342984108,9.1689997848415,558.5340372539458,0.24766666666666662,-0.8979732005157077
2022-07-07 17:30:00,0.0,0.5676976090400327,9.132256366443816,556.2957942283437,0.24766666666666662,-0.8899465630258395
2022-07-07 18:00:00,0.0,0.4441629524662446,9.460989961409144,576.3207594683402,0.2443333333333333,-0.8001263601152261
2022-07-07 18:30:00,0.0,0.3295071464154424,9.25452151861757,563.7436348501716,0.2443333333333333,-0.6569162475401695
2022-07-07 19:00:00,0.0,0.1167149011441969,8.144219073999178,496.10902676665137,0.24300000000000002,-0.6663911494173017
2022-07-07 19:30:00,0.0,0.0855200580465179,7.784107777002631,474.17267369739307,0.24300000000000002,-0.6758660512944339
2022-07-07 20:00:00,0.0,5.070769872564525e-05,8.511599973092974,518.488211148363,0.24266666666666667,-0.6853409531715661
2022-07-07 20:30:00,0.0,4.677322702774806e-05,7.299765303298072,444.6687186750573,0.24266666666666667,-0.6948158550486984
2022-07-07 21:00:00,0.0,4.381194643932356e-05,6.615474421998592,402.9848101183002,0.24233333333333337,
2022-07-07 21:30:00,0.0,4.127444219376738e-05,4.9650595470605134,302.44899324903776,0.24233333333333337,
2022-07-07 22:00:00,0.0,4.0372945814983454e-05,4.206512169997998,256.2417144944291,0.24233333333333337,
2022-07-07 22:30:00,0.0,3.921747894829718e-05,3.561953519116,216.97811388673185,0.24233333333333337,
2022-07-07 23:00:00,0.0,3.838583573054792e-05,2.737016130356138,166.726655599263,0.24233333333333337,-0.1564880034110196
2022-07-07 23:30:00,0.0,0.032800711244084,2.1803309804360316,132.8159116184167,0.24233333333333337,-0.1559361826529443
2022-07-08 00:00:00,0.0,0.0346327933268321,1.6297525367506225,99.27716058856032,0.24266666666666667,-0.1553843618948689
2022-07-08 00:30:00,0.0,0.0317484145606604,1.4942576991500305,91.02342730816036,0.24266666666666667,-0.1548325411367936
2022-07-08 01:00:00,0.0,0.0312315887461549,1.4091371475510486,85.83826791744238,0.24266666666666667,
2022-07-08 01:30:00,0.0,0.0297180069461253,1.2893976464494776,78.54427854691151,0.24266666666666667,
2022-07-08 02:00:00,0.0,0.0289029406115801,1.0652303561601355,64.88902011048133,0.24300000000000002,
2022-07-08 02:30:00,0.0,0.0255312244222854,0.9783815156965168,59.5985811713111,0.24300000000000002,
2022-07-08 03:00:00,0.0,0.0429724855661855,0.7860582971013079,47.88311969674068,0.24266666666666667,
2022-07-08 03:30:00,0.0,0.0300841413481716,0.7333032429198124,44.66952016691468,0.24266666666666667,
2022-07-08 04:00:00,0.0,3.9175080635699856e-05,0.803614250492248,48.95254905167368,0.24266666666666667,
2022-07-08 04:30:00,0.0,0.056466643290389,0.7333032429198124,44.66952016691468,0.24266666666666667,
2022-07-08 05:00:00,0.0,0.0372497330917339,1.5112413660687731,92.05799555705312,0.24233333333333337,
2022-07-08 05:30:00,0.0,0.0601549691372661,1.3920724206381243,84.79876185996936,0.24233333333333337,
2022-07-08 06:00:00,0.0,0.0548431213239464,1.4261883024998128,86.87694723218297,0.242,
2022-07-08 06:30:00,0.0,0.0780239039515631,2.4090458006423443,146.7481850296163,0.242,
2022-07-08 07:00:00,0.0,0.0844226133828384,3.44282957591694,209.72162152225627,0.242,
2022-07-08 07:30:00,0.0,0.0576028848084487,4.055741226040769,247.05742983905816,0.242,
2022-07-08 08:00:00,0.0,0.0997330606455445,4.608088173481803,280.7039101268169,0.24133333333333332,
2022-07-08 08:30:00,0.0,0.0827708423850705,4.959258214457859,302.0956022798973,0.24133333333333332,
2022-07-08 09:00:00,0.0,3.834218123900825e-05,5.247802543334202,319.67241902281756,0.24066666666666667,
2022-07-08 09:30:00,0.0,3.6878242607111736e-05,4.901106944887548,298.5532896910974,0.24066666666666667,
2022-07-08 10:00:00,0.0,0.0010226482521515,4.725751908266166,287.87145319254336,0.24033333333333337,
2022-07-08 10:30:00,0.0,0.0012122968757244,5.67389189387563,345.62785699569883,0.24033333333333337,
2022-07-08 11:00:00,0.0,0.3622460497554011,8.705417079118071,530.2946734951112,0.23933333333333331,
2022-07-08 11:30:00,0.0,0.3891370473821351,9.340751877303957,568.9963986740498,0.23933333333333331,
2022-07-08 12:00:00,0.0,0.3656542203498646,9.26827758018706,564.5815919649513,0.2376666666666667,
2022-07-08 12:30:00,0.0,0.4881872040817843,9.2440720332611,563.1070994177002,0.2376666666666667,
2022-07-08 13:00:00,0.0,0.4148043347239983,9.580808305475085,583.6195515960127,0.236,
2022-07-08 13:30:00,0.0,0.3984111650704282,8.988464242123973,547.5366277318562,0.236,
2022-07-08 14:00:00,0.0,0.2492906571358035,8.631035184686299,525.7636645769675,0.2336666666666667,
2022-07-08 14:30:00,0.0,0.2594142060331426,8.519033852012598,518.9410494625594,0.2336666666666667,
2022-07-08 15:00:00,0.0,0.2639907788257069,8.939473560458584,544.5523367665941,0.23233333333333336,
2022-07-08 15:30:00,0.0,0.2900533922130452,8.767228892735645,534.0599698872966,0.23233333333333336,
2022-07-08 16:00:00,0.0,0.5226639959156211,8.655854423291999,527.2755404484151,0.22966666666666669,
2022-07-08 16:30:00,0.0,0.4650107858280273,9.01292287759538,549.0265372897288,0.22966666666666669,
2022-07-08 17:00:00,0.0,0.5525925545731357,8.951730426333441,545.2989696536929,0.226,
2022-07-08 17:30:00,0.0,0.548698770178332,9.604686406883578,585.074097641885,0.226,
2022-07-08 18:00:00,0.0,0.2646743485279558,9.425037013953595,574.1306683608319,0.223,
2022-07-08 18:30:00,0.0,0.2962120346391154,8.040340300043031,489.7812012279664,0.223,
2022-07-08 19:00:00,0.0,0.1940424699750321,9.854030483222443,600.2630121244814,0.222,
2022-07-08 19:30:00,0.0,0.1726261211271246,6.786515138426609,413.4038377247011,0.222,
2022-07-08 20:00:00,0.0,0.182603007593616,6.353306141071383,387.0147030376692,0.221,
2022-07-08 20:30:00,0.0,0.1607018900932694,6.71935307949903,409.3126285630295,0.221,
2022-07-08 21:00:00,0.0,0.0718633495494882,5.716068471787794,348.19706354948045,0.221,
2022-07-08 21:30:00,0.0,0.0650926470744782,4.474978346365928,272.5954609086027,0.221,
2022-07-08 22:00:00,0.0,0.0385380384999542,3.5358520312913986,215.38812918664377,0.22166666666666668,
2022-07-08 22:30:00,0.0,3.586361836441259e-05,2.732359026933899,166.4429659016547,0.22166666666666668,
2022-07-08 23:00:00,0.0,0.0334442254756788,2.1798350750556605,132.78570330336663,0.22133333333333335,
2022-07-08 23:30:00,0.0,3.383853668811971e-05,1.8314081234905255,111.56110776269568,0.22133333333333335,
2022-07-09 00:00:00,0.0,3.3432409920585494e-05,1.1236110217935904,68.4453064709341,0.22166666666666668,
2022-07-09 00:30:00,0.0,3.327119776282683e-05,1.0204269239079886,62.15979745960983,0.22166666666666668,
2022-07-09 01:00:00,0.0,0.0257528885680525,0.8647081969719025,52.67411622146152,0.22133333333333335,
2022-07-09 01:30:00,0.0,0.0233604766122983,0.655293904937578,39.91754377808786,0.22133333333333335,
2022-07-09 02:00:00,0.0,0.0330545031417906,0.5321744856385713,32.417665062950086,0.221,
2022-07-09 02:30:00,0.0,0.0227750492739728,0.620189828300957,37.77916204529095,0.221,
2022-07-09 03:00:00,0.0,0.0242136346101554,0.514527454969903,31.34268769178573,0.22133333333333335,
2022-07-09 03:30:00,0.0,0.0220798087587343,0.3728189507831119,22.710445919077003,0.22133333333333335,
2022-07-09 04:00:00,0.0,0.0235689269701817,0.2480398273730184,15.109465528776717,0.221,
2022-07-09 04:30:00,0.0,3.235220977632475e-05,0.3550384301600491,21.627336943058204,0.221,
2022-07-09 05:00:00,0.0,3.262987295419592e-05,0.5321744856385713,32.417665062950086,0.22066666666666668,
2022-07-09 05:30:00,0.0,3.117315308598607e-05,0.514527454969903,31.34268769178573,0.22066666666666668,
2022-07-09 06:00:00,0.0,0.0255379678089156,0.3194324360405748,19.45838066509336,0.22033333333333335,
2022-07-09 06:30:00,0.0,3.259057729906609e-05,0.7078413577681012,43.11849717164831,0.22033333333333335,
2022-07-09 07:00:00,0.0,0.0003500373318685,1.5146004736577758,92.26261721342593,0.22,
2022-07-09 07:30:00,0.0,0.0003602780972362,2.2921398598472447,139.6268033496639,0.22,
2022-07-09 08:00:00,0.0,0.0037032687710591,3.3855369409101175,206.23161307136937,0.21933333333333335,
2022-07-09 08:30:00,0.0,0.0039848097519388,4.6475642734382845,283.1086157655045,0.21933333333333335,
2022-07-09 09:00:00,0.0,0.0047734578725153,5.980930455626461,364.33125884012384,0.219,
2022-07-09 09:30:00,0.0,0.1005056039078167,6.579462925943607,400.7911524946629,0.219,
2022-07-09 10:00:00,0.0,0.1099573618323365,7.371722055166853,449.05199886614145,0.218,
2022-07-09 10:30:00,0.0,0.2193778589381051,8.301293229086832,505.6772745633631,0.218,
2022-07-09 11:00:00,0.0,0.4214350843306592,8.80806765640786,536.5476828424231,0.21666666666666667,
2022-07-09 11:30:00,0.0,0.4430348204463873,8.930086910693205,543.9805444759658,0.21666666666666667,
2022-07-09 12:00:00,0.0,0.4852914162992294,8.930086910693205,543.9805444759658,0.215,
2022-07-09 12:30:00,0.0,0.4977231810058044,9.136133770610272,556.5319881703192,0.215,
2022-07-09 13:00:00,0.0,0.4497024257741309,9.208445156123744,560.9368710406446,0.213,
2022-07-09 13:30:00,0.0,0.59227838833002,9.051500557214206,551.3765152209111,0.213,
2022-07-09 14:00:00,0.0,0.5274378477694845,8.905731749453343,542.496938100736,0.21,
2022-07-09 14:30:00,0.0,0.4390904138437393,9.12406116023361,555.7965792956219,0.21,
2022-07-09 15:00:00,0.0,0.147534329016657,8.50031978924226,517.8010733170892,0.20666666666666667,
2022-07-09 15:30:00,0.0,0.1479845366458404,7.783657909661713,474.145269811686,0.20666666666666667,
2022-07-09 16:00:00,0.0,0.3723795081105722,8.722289780399636,531.3224822187794,0.206,
2022-07-09 16:30:00,0.0,0.4182589651676587,8.881352304048333,541.0118524438922,0.206,
2022-07-09 17:00:00,0.0,0.4604100794096047,8.966574251596953,546.2031884177098,0.20233333333333334,
2022-07-09 17:30:00,0.0,0.4529870204845354,8.917912361819637,543.2389259686405,0.20233333333333334,
2022-07-09 18:00:00,0.0,0.2188770732873645,8.188616327858467,498.8135068651254,0.19800000000000004,
2022-07-09 18:30:00,0.0,0.4645430000995438,8.66083444513309,527.5789008770103,0.19800000000000004,
2022-07-09 19:00:00,0.0,0.3172268578118652,8.024924811945427,488.84215934712466,0.19666666666666668,
2022-07-09 19:30:00,0.0,0.2681279864107034,8.276299342531034,504.15475992793296,0.19666666666666668,
2022-07-09 20:00:00,0.0,0.1030882502522576,6.965718871681553,424.3201194320403,0.19666666666666668,
2022-07-09 20:30:00,0.0,0.100417456010377,4.427359530799749,269.6947378274004,0.19666666666666668,
2022-07-09 21:00:00,0.0,4.260172388202845e-05,4.530389739424682,275.97087260030514,0.19733333333333336,
2022-07-09 21:30:00,0.0,0.063185467249234,3.723036296551553,226.7905488441304,0.19733333333333336,
2022-07-09 22:00:00,0.0,0.0691360110752008,2.948394851951784,179.60289221534174,0.19766666666666666,
2022-07-09 22:30:00,0.0,3.666573640149513e-05,2.1126533844981052,128.6932982715014,0.19766666666666666,
2022-07-09 23:00:00,0.0,3.511241543644672e-05,1.4808831796148367,90.2087120101326,0.19800000000000004,
2022-07-09 23:30:00,0.0,3.396117416792823e-05,1.140759978800156,69.48994344512255,0.19800000000000004,
2022-07-10 00:00:00,0.0,3.279065826222133e-05,0.7855207476418478,47.85037461255905,0.19833333333333333,
2022-07-10 00:30:00,0.0,3.144557613994091e-05,0.6292657625747021,38.33202695212048,0.19833333333333333,
2022-07-10 01:00:00,0.0,3.0476424600834423e-05,0.4542879777343876,27.673170927476946,0.19866666666666669,
2022-07-10 01:30:00,0.0,0.0246854556511268,0.1356320371899657,8.262090859455553,0.19866666666666669,
2022-07-10 02:00:00,0.0,3.168104669226165e-05,0.1890766250692153,11.517693666527332,0.19933333333333336,
2022-07-10 02:30:00,0.0,2.959832938613145e-05,0.0641610265216963,3.9083998275107383,0.19933333333333336,
2022-07-10 03:00:00,0.0,2.8996997763214526e-05,0.0641610265216963,3.9083998275107383,0.19899999999999998,
2022-07-10 03:30:00,0.0,2.8883783507465197e-05,-0.0435026436510803,-2.64998448683873,0.19899999999999998,
2022-07-10 04:00:00,0.0,2.8252483396265985e-05,-0.1698112754445865,-10.344135616854125,0.19933333333333336,
2022-07-10 04:30:00,0.0,2.8252483396265985e-05,-0.1155859623514356,-7.040974557416887,0.19933333333333336,
2022-07-10 05:00:00,0.0,0.0238793804749583,-0.1155859623514356,-7.040974557416887,0.19933333333333336,
2022-07-10 05:30:00,0.0,2.877237961025713e-05,-0.1879175556706582,-11.447088395960762,0.19933333333333336,
2022-07-10 06:00:00,0.0,2.8363972230347037e-05,-0.1155859623514356,-7.040974557416887,0.19933333333333336,
2022-07-10 06:30:00,0.0,3.0399844855890523e-05,-0.0255203807096582,-1.5545862803474308,0.19933333333333336,
2022-07-10 07:00:00,0.0,3.113345954710823e-05,0.5419575431129504,33.013604720063604,0.19933333333333333,
2022-07-10 07:30:00,0.0,3.4165093201904455e-05,1.2305843968907644,74.9616411283395,0.19933333333333333,
2022-07-10 08:00:00,0.0,0.0034926954622851,2.4650225726294703,150.15803705100052,0.19866666666666669,
2022-07-10 08:30:00,0.0,0.0035333241750987,3.99435324826297,243.31795161115215,0.19866666666666669,
2022-07-10 09:00:00,0.0,0.0866862811207505,5.029853828221004,306.3959680878164,0.19833333333333333,
2022-07-10 09:30:00,0.0,0.0115204304044977,5.869529566835445,357.5452200539751,0.19833333333333333,
2022-07-10 10:00:00,0.0,4.050824563260603e-05,6.047482709978697,368.38532146243506,0.19666666666666668,
2022-07-10 10:30:00,0.0,0.0641844770722281,7.41135225332716,451.4660914711216,0.19666666666666668,
2022-07-10 11:00:00,0.0,0.1145638872380442,7.590783634034643,462.39624043265655,0.19566666666666666,
2022-07-10 11:30:00,0.0,0.1199413010781537,7.385608226092401,449.89788165499994,0.19566666666666666,
2022-07-10 12:00:00,0.0,0.1407299400617056,7.552447836277505,460.06099685155806,0.19433333333333333,
2022-07-10 12:30:00,0.0,0.3415719285414291,7.616306595423966,463.95098391634855,0.19433333333333333,
2022-07-10 13:00:00,0.0,0.401042838225688,8.171028316111467,497.7421246599953,0.19299999999999998,
2022-07-10 13:30:00,0.0,0.4930065945860786,8.307730452566936,506.0694011315186,0.19299999999999998,
2022-07-10 14:00:00,0.0,0.4772031981417107,8.919566096587294,543.3396640183735,0.19000000000000003,
2022-07-10 14:30:00,0.0,0.4398684383410606,8.652253322394394,527.0561776531163,0.19000000000000003,
2022-07-10 15:00:00,0.0,0.3505391886557276,8.133610992977419,495.4628304028565,0.18733333333333335,
2022-07-10 15:30:00,0.0,0.2548519495138677,7.970793307433867,485.54471268260886,0.18733333333333335,
2022-07-10 16:00:00,0.0,0.2351114147314076,7.983356994035384,486.31003570202256,0.18533333333333335,
2022-07-10 16:30:00,0.0,0.238425280336334,7.882662752365347,480.17619748106745,0.18533333333333335,
2022-07-10 17:00:00,0.0,0.3031214701259614,7.983356994035384,486.31003570202256,0.18433333333333332,
2022-07-10 17:30:00,0.0,0.3792877608599506,8.554316581787662,521.0903139373155,0.18433333333333332,
2022-07-10 18:00:00,0.0,0.3804116503144209,8.725447941346953,531.5148631137075,0.18100000000000002,
2022-07-10 18:30:00,0.0,0.3763923906075392,8.70107417773568,530.0301235660652,0.18100000000000002,
2022-07-10 19:00:00,0.0,0.3386724594040509,8.3943215538695,511.344139765578,0.17933333333333334,
2022-07-10 19:30:00,0.0,0.4156568028941169,7.385608226092401,449.89788165499994,0.17933333333333334,
2022-07-10 20:00:00,0.0,0.1117380074596739,7.539655505934573,459.28174588853193,0.17933333333333334,
2022-07-10 20:30:00,0.0,0.1084015363624785,7.462756709371815,454.5974186650572,0.17933333333333334,
2022-07-10 21:00:00,0.0,0.1001718641643646,6.006538090485916,365.8911602490237,0.17900000000000002,
2022-07-10 21:30:00,0.0,0.0966970989768597,5.015594198130202,305.52733585406605,0.17900000000000002,
2022-07-10 22:00:00,0.0,0.0952036337001401,3.7844015759671294,230.5286443903711,0.17966666666666667,
2022-07-10 22:30:00,0.0,0.0644052836911404,2.845649637537732,173.34411800203262,0.17966666666666667,
2022-07-10 23:00:00,0.0,0.0610953428046742,2.1101728646379465,128.5421962097178,0.18033333333333332,
2022-07-10 23:30:00,0.0,3.847323793770416e-05,1.5333641146626664,93.40561344092843,0.18033333333333332,
2022-07-11 00:00:00,0.0,3.756351760627554e-05,1.1419018451137055,69.55950078148169,0.18066666666666667,
2022-07-11 00:30:00,0.0,0.0473895669575946,0.9045039223757604,55.0982919981927,0.18066666666666667,
2022-07-11 01:00:00,0.0,0.0575855435532784,0.6644286676886018,40.47399224993985,0.18066666666666667,
2022-07-11 01:30:00,0.0,3.851698563857494e-05,0.6816671706396741,41.52408395845906,0.18066666666666667,
2022-07-11 02:00:00,0.0,3.641000309885901e-05,0.5086482342330721,30.98455212944467,0.18066666666666667,
2022-07-11 02:30:00,0.0,3.615716633737405e-05,0.5607023794472142,34.155455451999444,0.18066666666666667,
2022-07-11 03:00:00,0.0,3.624131975377748e-05,0.3692080148989046,22.49048402083313,0.18033333333333335,
2022-07-11 03:30:00,0.0,3.4987072144068906e-05,0.3342037981953704,20.358185303948066,0.18033333333333335,
2022-07-11 04:00:00,0.0,3.586361836441259e-05,0.4390430200849668,26.744516991005764,0.18033333333333335,
2022-07-11 04:30:00,0.0,3.323138986250876e-05,0.1052502680759129,6.41137076343774,0.18033333333333335,
2022-07-11 05:00:00,0.0,3.3432409920585494e-05,0.0698048679359285,4.252197145068056,0.18066666666666667,
2022-07-11 05:30:00,0.0,3.666573640149513e-05,-0.0012655128590143,-0.0770893252185053,0.18066666666666667,
2022-07-11 06:00:00,0.0,3.5905459563835916e-05,0.2464385817642076,15.011924881431206,0.18066666666666667,
2022-07-11 06:30:00,0.0,0.0478733227837363,1.0912528231573266,66.47419121881502,0.18066666666666667,
2022-07-11 07:00:00,0.0,3.469801230712109e-05,2.098318972775283,127.82011067862516,0.18033333333333335,
2022-07-11 07:30:00,0.0,0.0490641304112543,2.7654113671910845,168.4563651248783,0.18033333333333335,
2022-07-11 08:00:00,0.0,0.0720217230126137,3.4885770087680736,212.50834842420147,0.18000000000000002,
2022-07-11 08:30:00,0.0,0.0534365383600826,4.144809299435655,252.48305442091507,0.18000000000000002,
2022-07-11 09:00:00,0.0,0.0559829829182032,4.538157239696885,276.44403361985025,0.17933333333333334,
2022-07-11 09:30:00,0.0,0.0572015111080509,4.867894964566212,296.53016591649094,0.17933333333333334,
2022-07-11 10:00:00,0.0,0.0644478557206239,5.938259538618998,361.7319393823016,0.17866666666666667,
2022-07-11 10:30:00,0.0,0.0748463706399902,7.335156090488979,446.8245655193349,0.17866666666666667,
2022-07-11 11:00:00,0.0,0.341851334699568,7.941483397224021,483.7592853878978,0.17800000000000002,
2022-07-11 11:30:00,0.0,0.370929068250453,8.42307287499615,513.0955403372959,0.17800000000000002,
2022-07-11 12:00:00,0.0,0.4304659249253346,8.471927859561335,516.0715652483537,0.17700000000000002,
2022-07-11 12:30:00,0.0,0.3277401806497682,8.678471038698415,528.6532424669983,0.17700000000000002,
2022-07-11 13:00:00,0.0,0.4704415866714477,8.642149580832594,526.440703370391,0.17500000000000002,
2022-07-11 13:30:00,0.0,0.4718373460297713,8.617905107568465,524.9638396065052,0.17500000000000002,
2022-07-11 14:00:00,0.0,0.5117211342738741,8.6057737980474,524.2248550451598,0.17233333333333334,
2022-07-11 14:30:00,0.0,0.5376721051585955,8.6057737980474,524.2248550451598,0.17233333333333334,
2022-07-11 15:00:00,0.0,0.6528117519826799,8.6057737980474,524.2248550451598,0.16833333333333333,
2022-07-11 15:30:00,0.0,0.5499724328916926,8.471927859561335,516.0715652483537,0.16833333333333333,
2022-07-11 16:00:00,0.0,0.5336661627382119,8.152591504435865,496.619037398472,0.165,
2022-07-11 16:30:00,0.0,0.5674675228882529,8.496318467237893,517.5573308603441,0.165,
2022-07-11 17:00:00,0.0,0.5363051030233659,8.919240554383725,543.3198334582771,0.16166666666666665,
2022-07-11 17:30:00,0.0,0.3973570340175295,8.337338685659331,507.8730009082784,0.16166666666666665,
2022-07-11 18:00:00,0.0,0.5149986490125575,7.475475741020056,455.372204602799,0.16033333333333333,
2022-07-11 18:30:00,0.0,0.48251529907814,9.240566685299653,562.8935694586173,0.16033333333333333,
2022-07-11 19:00:00,0.0,0.4309543335090749,8.028634982161766,489.068166152497,0.15966666666666665,
2022-07-11 19:30:00,0.0,0.4300979682621959,7.678109999409275,467.7157680317348,0.15966666666666665,
2022-07-11 20:00:00,0.0,0.1843310217186914,7.602324041093793,463.0992298859835,0.15933333333333333,
2022-07-11 20:30:00,0.0,0.2107266820653873,6.974179158789781,424.8354818953155,0.15933333333333333,
2022-07-11 21:00:00,0.0,0.1660098192081179,6.461973240705307,393.634211740849,0.159,
2022-07-11 21:30:00,0.0,0.1621394542078938,5.248953147179104,319.74250861010665,0.159,
2022-07-11 22:00:00,0.0,0.1595677367583353,3.684487719343595,224.44234370032055,0.16066666666666665,
2022-07-11 22:30:00,0.0,0.1082727837537571,2.7184330512067065,165.59465838413593,0.16066666666666665,
2022-07-11 23:00:00,0.0,0.1807519912328856,2.210932129311686,134.67999533825548,0.161,
2022-07-11 23:30:00,0.0,0.1763645831049498,1.7896666420099951,109.0184053175691,0.161,
2022-07-12 00:00:00,0.0,0.1502996547025281,1.5357355413267124,93.55007003813668,0.161,
2022-07-12 00:30:00,0.0,0.1734158017931913,1.4020038653913829,85.40374059963214,0.161,
2022-07-12 01:00:00,0.0,0.171183111532331,1.18289395814807,72.05655508684936,0.16133333333333333,
2022-07-12 01:30:00,0.0,0.1704649334664963,0.9957225675823844,60.654919697576126,0.16133333333333333,
2022-07-12 02:00:00,0.0,0.1443254621295391,1.0980194786003192,66.88638529362886,0.161,
2022-07-12 02:30:00,0.0,0.1671211388406714,0.9615142378428406,58.57110281836438,0.161,
2022-07-12 03:00:00,0.0,0.1657387163785926,1.0469323494056602,63.77438821757047,0.16066666666666665,
2022-07-12 03:30:00,0.0,0.1607867530531848,0.8929323264934943,54.39340266268652,0.16066666666666665,
2022-07-12 04:00:00,0.0,0.1609861582737767,1.1320097569787972,68.95691946917799,0.16,
2022-07-12 04:30:00,0.0,0.1331995490896239,0.9786252670527772,59.613429402556925,0.16,
2022-07-12 05:00:00,0.0,0.1556874127487308,0.9615142378428406,58.57110281836438,0.15966666666666665,
2022-07-12 05:30:00,0.0,0.1268125478263629,1.1489846282263454,69.99095192552436,0.15966666666666665,
2022-07-12 06:00:00,0.0,4.8495168331721855e-05,1.5856709406291165,96.59190893318926,0.15933333333333333,
2022-07-12 06:30:00,0.0,0.0739522030567454,2.4333468303064314,148.22849395384048,0.15933333333333333,
2022-07-12 07:00:00,0.0,4.218798386732919e-05,2.8607754709955997,174.26551543101073,0.15933333333333333,
2022-07-12 07:30:00,0.0,4.0777784320328945e-05,2.8450929169389383,173.3102050986666,0.15933333333333333,
2022-07-12 08:00:00,0.0,0.0539155149629811,3.524757007104681,214.7122704454665,0.15966666666666665,
2022-07-12 08:30:00,0.0,0.0595633263809702,4.550361920088676,277.187487603118,0.15966666666666665,
2022-07-12 09:00:00,0.0,0.0099062380828598,5.531293671317072,336.9414175999273,0.15866666666666665,
2022-07-12 09:30:00,0.0,0.0110780760966207,6.324528632811649,385.26170726412903,0.15866666666666665,
2022-07-12 10:00:00,0.0,0.2956069566163724,7.796631073635305,474.9355363424048,0.15766666666666665,
2022-07-12 10:30:00,0.0,0.3291702965735498,8.333707320794609,507.65179456884886,0.15766666666666665,
2022-07-12 11:00:00,0.0,0.4625755368891054,8.61614786490167,524.8567963232517,0.15666666666666665,
2022-07-12 11:30:00,0.0,0.47683629195222,8.530535431588746,519.6416737210618,0.15666666666666665,
2022-07-12 12:00:00,0.0,0.7082294104960128,8.77434720463444,534.4935852844568,0.15566666666666665,
2022-07-12 12:30:00,0.0,0.5718446127360458,8.786473939431854,535.2322911743081,0.15566666666666665,
2022-07-12 13:00:00,0.0,0.6206454437261021,8.737930769356208,532.2752605930358,0.154,
2022-07-12 13:30:00,0.0,0.6313695070362386,8.62835362319992,525.6003159677105,0.154,
2022-07-12 14:00:00,0.0,0.8003799430019019,8.652746774580377,527.0862365306489,0.152,
2022-07-12 14:30:00,0.0,0.696366758697659,8.786473939431854,535.2322911743081,0.152,
2022-07-12 15:00:00,0.0,0.6439581974223549,8.919471940201818,543.3339284368109,0.148,
2022-07-12 15:30:00,0.0,0.6553525000274941,8.713622878364527,530.7945337077372,0.148,
2022-07-12 16:00:00,0.0,0.6814386300647964,8.810709338456878,536.7086021765491,0.14533333333333331,
2022-07-12 16:30:00,0.0,0.8282686383674484,8.060423289145053,491.00456618014186,0.14533333333333331,
2022-07-12 17:00:00,0.0,0.4190164328380225,8.247088808336533,502.37538617105145,0.1433333333333333,
2022-07-12 17:30:00,0.0,0.624794302292479,7.947724615097434,484.13947218013465,0.1433333333333333,
2022-07-12 18:00:00,0.0,0.5666702629110094,8.383064569147106,510.6584151203774,0.1413333333333333,
2022-07-12 18:30:00,0.0,0.556980099368675,7.947724615097434,484.13947218013465,0.1413333333333333,
2022-07-12 19:00:00,0.0,0.6849384067786758,8.160158232711746,497.0799682951788,0.141,
2022-07-12 19:30:00,0.0,0.4999975804017088,7.758708173288755,472.6254446059043,0.141,
2022-07-12 20:00:00,0.0,0.2201694786840186,7.758708173288755,472.6254446059043,0.14066666666666663,
2022-07-12 20:30:00,0.0,0.2108265453366155,7.669986593239148,467.22092683303,0.14066666666666663,
2022-07-12 21:00:00,0.0,0.1228567664887988,6.565284539281061,399.9274692434678,0.1413333333333333,
2022-07-12 21:30:00,0.0,0.1000350737098493,5.237201968464988,319.02667989991966,0.1413333333333333,
2022-07-12 22:00:00,0.0,0.0901355976306584,4.1102195697623625,250.3760043810747,0.14266666666666664,
2022-07-12 22:30:00,0.0,0.0815794428754086,3.048096562732832,185.67626993923776,0.14266666666666664,
2022-07-12 23:00:00,0.0,0.1190918908150096,2.417354154902325,147.25429243027685,0.14366666666666664,
2022-07-12 23:30:00,0.0,0.1071713578643377,1.8007280951561946,109.69221906264696,0.14366666666666664,
2022-07-13 00:00:00,0.0,0.1080638265222819,1.794424871881242,109.30825518151649,0.14366666666666664,
2022-07-13 00:30:00,0.0,0.1017819172221253,1.1039349830894645,67.2467310982147,0.14366666666666664,
2022-07-13 01:00:00,0.0,0.0962464420211057,1.291382388142569,78.6651800429047,0.14366666666666664,
2022-07-13 01:30:00,0.0,0.0975076238906755,1.0009931894283577,60.9759821654079,0.14366666666666664,
2022-07-13 02:00:00,0.0,0.0930156935313159,1.0181846959940053,62.02321106647772,0.144,
2022-07-13 02:30:00,0.0,0.0875938355491627,0.6716884069854794,40.916222765159155,0.144,
2022-07-13 03:00:00,0.0,0.061068000110595,0.3371925359431245,20.540245703088452,0.144,
2022-07-13 03:30:00,0.0,0.0872040587068897,0.6017058630436927,36.653202400633816,0.144,
2022-07-13 04:00:00,0.0,0.0795341760961243,0.513901530160962,31.30455918063305,0.144,
2022-07-13 04:30:00,0.0,0.0762815834916518,0.1947534512339354,11.863500266044532,0.144,
2022-07-13 05:00:00,0.0,0.0568183481148373,0.1768807548825542,10.774776361147705,0.144,
2022-07-13 05:30:00,0.0,0.0653072772777858,0.1052380154352754,6.410624387933009,0.144,
2022-07-13 06:00:00,0.0,0.0881589883751519,0.8109650937302947,49.40032920734068,0.14366666666666664,
2022-07-13 06:30:00,0.0,0.0501984199104071,1.561136796581451,95.09739973403244,0.14366666666666664,
2022-07-13 07:00:00,0.0,0.0356975555734437,1.6113404784407928,98.15558119023318,0.14366666666666664,
2022-07-13 07:30:00,0.0,0.0303397934465286,1.4435365190990457,87.93372220041283,0.14366666666666664,
2022-07-13 08:00:00,0.0,3.548673107177264e-05,1.6280490200582274,99.17339004890933,0.14400000000000002,
2022-07-13 08:30:00,0.0,3.6835678740633714e-05,2.0907056903480323,127.3563439133694,0.14400000000000002,
2022-07-13 09:00:00,0.0,3.756351760627554e-05,2.6873043985093465,163.69844151497685,0.20244416380647154,
2022-07-13 09:30:00,0.0,3.9439148086964545e-05,3.143774476154141,191.5045361092932,0.20244416380647154,
2022-07-13 10:00:00,0.0,0.0436377244921455,4.385694696061761,267.15670435550527,0.20244416380647154,-2.087626430987131
2022-07-13 10:30:00,0.0,0.0554187665657416,6.08798568544006,370.8525797169976,0.20244416380647154,-2.097101332864263
2022-07-13 11:00:00,0.0,0.2213677846839696,7.065228353304464,430.3817874241999,0.20209960715803474,-2.1065762347413957
2022-07-13 11:30:00,0.0,0.2439358920166977,7.635219319327264,465.1030616003989,0.20209960715803474,-2.1160511366185277
2022-07-13 12:00:00,0.0,0.2855639781706126,8.266820602317067,503.5773579032823,0.19930548431097703,-2.12552603849566
2022-07-13 12:30:00,0.0,0.3416891097797385,8.477844604802568,516.4319866339505,0.19930548431097703,-1.9242189149624944
2022-07-13 13:00:00,0.0,0.1752868824156654,8.116744361846106,494.435391445314,0.1730870390825847,-1.5790219274395432
2022-07-13 13:30:00,0.6,0.0846316746218982,7.104530402155385,432.77589065597743,0.1730870390825847,-1.2279136165993991
2022-07-13 14:00:00,0.2,0.0287006705842802,4.649311609081877,283.2150555576689,0.19689358777191912,-1.0099720839871662
2022-07-13 14:30:00,0.0,0.0588850438243389,6.440754043736279,392.3416341393105,0.19689358777191912,-0.9823964338572584
2022-07-13 15:00:00,0.0,0.2239416068273088,7.965726392639899,485.23605912794574,0.1902716721324933,-1.1103386520970635
2022-07-13 15:30:00,0.0,0.2114290350877357,7.990962074202426,486.7733028226479,0.1902716721324933,-1.3107422830659812
2022-07-13 16:00:00,0.0,0.4167473254947687,8.894467563682246,541.810774800186,0.1899271154840564,-1.4968364558941076
2022-07-13 16:30:00,0.0,0.4737512702135543,8.465482226165802,515.67892638615,0.1899271154840564,-1.6056551727064052
2022-07-13 17:00:00,0.0,0.5523904460177437,8.72377939758878,531.4132229671859,0.1899271154840564,-1.6126791662326332
2022-07-13 17:30:00,0.0,0.5459477124890699,8.8579918674231,539.5888401975752,0.1899271154840564,-1.5297355604692886
2022-07-13 18:00:00,0.0,0.586759908758419,8.527231184682087,519.4403939295723,0.1895825588356196,-1.3886509849266029
2022-07-13 18:30:00,0.0,0.4578436597893568,8.266820602317067,503.5773579032823,0.1895825588356196,-1.2238035679422623
2022-07-13 19:00:00,0.0,0.542436389383219,8.797077720066756,535.8782255779666,0.18923800218718276,-1.0589113006190265
2022-07-13 19:30:00,0.0,0.3976114181252349,7.915175255056857,482.15671223901745,0.18923800218718276,-1.0600021651247298
2022-07-13 20:00:00,0.0,0.1275212877172078,7.493999927621981,456.5006143500348,0.18923800218718276,-1.0610930296304333
2022-07-13 20:30:00,0.0,5.764168374072009e-05,8.028765931676391,489.0761430052395,0.18923800218718276,-1.0621838941361366
2022-07-13 21:00:00,0.0,0.0516934555341332,6.440754043736279,392.3416341393105,0.18923800218718276,-1.0632747586418398
2022-07-13 21:30:00,0.0,0.0390998539419323,4.267532067357957,259.9587709264321,0.18923800218718276,
2022-07-13 22:00:00,0.0,0.0335407127920845,3.252550369716046,198.1306720469861,0.18923800218718276,-1.0654564876532466
2022-07-13 22:30:00,0.0,4.154705277411804e-05,2.4152215741651744,147.12438524772242,0.18923800218718276,-1.06654735215895
2022-07-13 23:00:00,0.0,4.032978325072914e-05,1.794424871881242,109.30825518151649,0.18923800218718276,
2022-07-13 23:30:00,0.0,3.965973253870246e-05,1.3760458122426729,83.82249329189737,0.18923800218718276,
2022-07-14 00:00:00,0.0,0.0205021322236242,1.2976173297357254,79.04498451250731,0.1895825588356196,
2022-07-14 00:30:00,0.0,0.0185214343673205,0.9534068232632684,58.07723575509907,0.1895825588356196,
2022-07-14 01:00:00,0.0,0.0161528001772739,0.6739781785128212,41.055705300393775,0.1899271154840564,
2022-07-14 01:30:00,0.0,0.0153168376332968,0.5151682947800211,31.381724757417476,0.1899271154840564,
2022-07-14 02:00:00,0.0,3.3432409920585494e-05,0.3729971428729054,22.72130057603573,0.1902716721324933,
2022-07-14 02:30:00,0.0,0.012942304160529,0.175936614161709,10.717263574483525,0.1902716721324933,
2022-07-14 03:00:00,0.0,0.0132339846615936,0.175936614161709,10.717263574483525,0.18816666258230932,
2022-07-14 03:30:00,0.0,3.140724455409311e-05,0.0495687760923752,3.019505865665126,0.18816666258230932,
2022-07-14 04:00:00,0.0,3.0940246868121084e-05,-0.0048219428227991,-0.2937309690723551,0.18816666258230932,
2022-07-14 04:30:00,0.0,2.9675055420673333e-05,-0.0048219428227991,-0.2937309690723551,0.18816666258230932,
2022-07-14 05:00:00,0.0,2.959832938613145e-05,-0.2054675654251009,-12.516155691414344,0.19061622878093012,
2022-07-14 05:30:00,0.0,2.9485025759073216e-05,-0.1140273168442205,-6.946028915774293,0.19061622878093012,
2022-07-14 06:00:00,0.0,0.0091973920104793,-0.2054675654251009,-12.516155691414344,0.18816666258230932,
2022-07-14 06:30:00,0.0,0.0117350230417556,-0.0593536960522578,-3.6155589769799743,0.18816666258230932,
2022-07-14 07:00:00,0.0,0.0133990056260461,0.4797149663036184,29.22206818061696,0.18851121923074618,
2022-07-14 07:30:00,0.0,0.0178020322228861,0.901292811865016,54.90268565511045,0.18851121923074618,
2022-07-14 08:00:00,0.0,0.0211474072916107,1.3657993162513362,83.19832305435312,0.18851121923074618,
2022-07-14 08:30:00,0.0,3.2510446819210245e-05,1.619568318344106,98.65678402008535,0.18851121923074618,
2022-07-14 09:00:00,0.0,3.3798281318612486e-05,2.330904734772856,141.98818437310345,0.19096078542936698,-1.0676382166646532
2022-07-14 09:30:00,0.0,3.603117163951886e-05,3.051208208951579,185.8658173670757,0.19096078542936698,-1.0687290811703567
2022-07-14 10:00:00,0.0,4.489792263814394e-05,4.587108053093606,279.4258959903277,0.18816666258230932,-1.06981994567606
2022-07-14 10:30:00,0.0,0.1684520286128405,7.637673698475077,465.2525712881018,0.18816666258230932,-1.3759471771523226
2022-07-14 11:00:00,0.0,0.4301993883932771,8.535346632891388,519.9347503652612,0.18851121923074618,-1.5910992879265593
2022-07-14 11:30:00,0.0,0.4440124086898627,8.646789042321364,526.7233184011266,0.18851121923074618,-1.6718997930693775
2022-07-14 12:00:00,0.0,0.6886187773066428,8.398440471625417,511.59504562415736,0.18816666258230932,-1.6281774914118845
2022-07-14 12:30:00,0.0,0.6154699262001089,8.52293251534162,519.1785384166602,0.18816666258230932,-1.5016273882161093
2022-07-14 13:00:00,0.0,0.6315131536303044,8.57255093603294,522.2010684069766,0.1871329926369988,-1.336578877163194
2022-07-14 13:30:00,0.0,0.5259393961140182,8.659140051390805,527.4756860662584,0.1871329926369988,-1.1722960222934404
2022-07-14 14:00:00,0.0,0.5485834793960652,8.435855296894587,513.8741877226541,0.18609932269168827,-1.0441532880797593
2022-07-14 14:30:00,0.0,0.5793351899997657,8.609698333804516,524.463920030677,0.18609932269168827,-0.973286218327512
2022-07-14 15:00:00,0.0,0.5914398072709353,8.646789042321364,526.7233184011266,0.1850656527463778,-0.9548522456660472
2022-07-14 15:30:00,0.0,0.7479504456639676,8.410918505775653,512.3551510832551,0.1850656527463778,-0.9642161717093072
2022-07-14 16:00:00,0.0,0.6057121305564002,8.85590923141289,539.4619754221134,0.18403198280106725,-0.9742745137168344
2022-07-14 16:30:00,0.0,0.8889160147955449,8.373465084957866,510.0736579183285,0.18403198280106725,-0.9629379111565814
2022-07-14 17:00:00,0.0,0.7059038116407644,8.473212413702463,516.1498144824416,0.18368742615263037,-0.9104319309937629
2022-07-14 17:30:00,0.0,0.6951613005586895,8.18532229192198,498.61284907980104,0.18368742615263037,-0.8050997207134418
2022-07-14 18:00:00,0.0,0.6718046717750571,7.855684378778006,478.532796862475,0.18334286950419357,-0.6594057817583149
2022-07-14 18:30:00,0.0,0.6993392789028654,7.182441360102302,437.5218741775777,0.18334286950419357,-0.511104635049084
2022-07-14 19:00:00,0.0,0.646200533622379,8.084375991163421,492.4636565580888,0.18299831285575674,-0.568425367207182
2022-07-14 19:30:00,0.0,0.6517197486069378,8.046411675141252,490.1510419657641,0.18299831285575674,-0.6257460993652798
2022-07-14 20:00:00,0.0,0.2135675634348079,7.521444647717952,458.1724226907711,0.18299831285575674,-0.6830668315233778
2022-07-14 20:30:00,0.0,0.2012284326487514,6.516489165323654,396.95507554128847,0.18299831285575674,-0.7403875636814757
2022-07-14 21:00:00,0.0,5.813503717256439e-05,6.299318778438125,383.72603684508215,0.18299831285575674,
2022-07-14 21:30:00,0.0,0.0880701557771083,4.980459839431545,303.38710947487783,0.18299831285575674,
2022-07-14 22:00:00,0.0,0.1156727889445316,3.610908695684835,219.96024204193975,0.18299831285575674,
2022-07-14 22:30:00,0.0,0.1069873982964231,2.734000053552126,166.54292982834548,0.18299831285575674,-0.9696704923138676
2022-07-14 23:00:00,0.0,0.1035472829585505,2.101865182719918,128.03612976509103,0.18299831285575674,
2022-07-14 23:30:00,0.0,0.0993357216597903,1.5690538762778434,95.57967245623252,0.18299831285575674,
2022-07-15 00:00:00,0.0,0.0941609071991285,1.4058301764444316,85.63682218000059,0.18334286950419357,
2022-07-15 00:30:00,0.0,0.0904697735246157,1.2341620753966265,75.17957713736627,0.18334286950419357,
2022-07-15 01:00:00,0.0,0.05969018281717,1.0437216811681584,63.57880881577579,0.18368742615263037,
2022-07-15 01:30:00,0.0,3.935038771034967e-05,0.8866322527947881,54.00963063950977,0.18368742615263037,
2022-07-15 02:00:00,0.0,3.704881103455631e-05,0.7107175418244525,43.29370130847631,0.18368742615263037,
2022-07-15 02:30:00,0.0,3.670817500645024e-05,0.4440808295126709,27.05139757826714,0.18368742615263037,
2022-07-15 03:00:00,0.0,3.582180858518088e-05,0.5867044091872043,35.739381614969126,0.18403198280106725,
2022-07-15 03:30:00,0.0,3.482268077466148e-05,0.6044650283296055,36.821278282709805,0.18403198280106725,
2022-07-15 04:00:00,0.0,3.4286814121211164e-05,0.3364786631113551,20.496759795773535,0.18403198280106725,
2022-07-15 04:30:00,0.0,3.3392474329447656e-05,0.1559143101121545,9.497595281502203,0.18403198280106725,
2022-07-15 05:00:00,0.0,0.0365146489846992,0.1196151655291736,7.286415409264104,0.18403198280106725,
2022-07-15 05:30:00,0.0,0.0340770088145759,0.1014421110955568,6.179395047149526,0.18403198280106725,
2022-07-15 06:00:00,0.0,0.0326190398778161,0.1196151655291736,7.286415409264104,0.18437653944950405,
2022-07-15 06:30:00,0.0,0.0324800950315683,0.2644382278869262,16.108381992782107,0.18437653944950405,
2022-07-15 07:00:00,0.0,0.0326898232259339,0.6222107811139139,37.90226935908833,0.18437653944950405,-0.070403965151265
2022-07-15 07:30:00,0.0,0.0290747223746067,1.1131693937257754,67.80924966898472,0.18437653944950405,-0.0698521443931896
2022-07-15 08:00:00,0.0,3.311050171962025e-05,1.3201681657274242,80.41867954636676,0.18437653944950405,-0.0693003236351143
2022-07-15 08:30:00,0.0,3.486373135510907e-05,1.6945494653168032,103.22429669533145,0.18437653944950405,-0.0687485028770389
2022-07-15 09:00:00,0.0,3.970431208349552e-05,2.424361120343289,147.68112510433912,0.18437653944950405,-1.0269912244719654
2022-07-15 09:30:00,0.0,4.2417757719352605e-05,3.4285268727633462,208.850365472144,0.18437653944950405,-1.0843119566300632
2022-07-15 10:00:00,0.0,5.030226398317015e-05,5.267163235544948,320.85178491203663,0.18437653944950405,-1.1416326887881612
2022-07-15 10:30:00,0.0,0.1072435884876672,7.509192447917664,457.42607403985176,0.18437653944950405,-1.1989534209462591
2022-07-15 11:00:00,0.0,0.3333555495775957,8.304161326166104,505.851986078088,0.18192697325088325,-1.3659959943814086
2022-07-15 11:30:00,0.0,0.3563778779920083,8.354557972765825,508.9219220743717,0.18192697325088325,-1.4264475081472925
2022-07-15 12:00:00,0.0,0.4061710964994093,8.455037357780101,515.0426721986763,0.18158241660244645,-1.3824914810973794
2022-07-15 12:30:00,0.0,0.5759346045978289,8.59251981542929,523.4174823114811,0.18158241660244645,-1.2623813610545669
2022-07-15 13:00:00,0.0,0.6131887285631082,8.64232107011058,526.4511497223407,0.18089330330557274,-1.108109128446984
2022-07-15 13:30:00,0.0,0.7891043171367127,8.8034749758562,536.2679174949991,0.18089330330557274,-0.9640155376544088
2022-07-15 14:00:00,0.0,0.6579494161829162,8.815827411815834,537.020372079834,0.1802041900086991,-0.8633328248372326
2022-07-15 14:30:00,0.0,0.6829154575286497,9.28066053362744,565.3359055368217,0.1802041900086991,-0.8157515211370249
2022-07-15 15:00:00,0.0,0.8627330718817333,8.492609914589224,517.3314225898854,0.1795150767118254,-0.8067275065495153
2022-07-15 15:30:00,0.0,0.8420101395561179,8.629880317515147,525.6933152871069,0.1795150767118254,-0.8109815786709537
2022-07-15 16:00:00,0.0,0.8169797280689902,8.67960519709217,528.7223302717115,0.17882596341495172,-0.8076153969268879
2022-07-15 16:30:00,0.0,0.8081656502629705,8.505121171446934,518.0935518262074,0.17882596341495172,-0.7833391172633053
2022-07-15 17:00:00,0.0,0.6388940472156216,8.24101729146137,502.00553679684305,0.1784814067665149,-0.7271159774168618
2022-07-15 17:30:00,0.0,0.7756562274649456,8.778751326430893,534.7618644845063,0.1784814067665149,-0.6324319410809145
2022-07-15 18:00:00,0.0,0.7371292613737054,8.31677034398516,506.6200704704475,0.1777922934696412,-0.510313707853601
2022-07-15 18:30:00,0.0,0.7363842774879955,8.354557972765825,508.9219220743717,0.1777922934696412,-0.3921112749671196
2022-07-15 19:00:00,0.0,0.5102025462894527,7.613265824194149,463.7657538725914,0.1777922934696412,-0.308804854560615
2022-07-15 19:30:00,0.0,0.4956156619520876,7.832925142908773,477.1464070497199,0.1777922934696412,-0.2665696248815755
2022-07-15 20:00:00,0.0,0.2176239937119573,7.8971486083287346,481.0586103727861,0.17744773682120438,-0.2457342804661268
2022-07-15 20:30:00,0.0,0.2078505515843588,7.1677688015927306,436.628088210351,0.17744773682120438,-0.2218952570109627
2022-07-15 21:00:00,0.0,0.1240750777083298,6.415149689843502,390.7819325920758,0.17744773682120438,-0.1856255952075704
2022-07-15 21:30:00,0.0,0.1259711794047053,4.6560866247507455,283.62775889966787,0.17744773682120438,-0.1439180920171834
2022-07-15 22:00:00,0.0,0.1262274192295271,3.4441021138342407,209.7991387822832,0.17710318017276752,-0.108121553021975
2022-07-15 22:30:00,0.0,0.0924107507603445,2.6030429648495774,158.5656157072369,0.17710318017276752,-0.0834656134522815
2022-07-15 23:00:00,0.0,0.092935637223859,1.8793244021252469,114.47995094996251,0.17710318017276752,-0.0681966821189636
2022-07-15 23:30:00,0.0,0.0845828446102678,1.9960899865393176,121.5927827533755,0.17710318017276752,-0.0582072120420991
2022-07-16 00:00:00,0.0,0.0816346104373102,1.3247859638536117,80.69997494293848,0.17744773682120438,-0.0504548905675419
2022-07-16 00:30:00,0.0,0.0816397545478205,1.4453760647518623,88.04577900969308,0.17744773682120438,-0.0435288858905577
2022-07-16 01:00:00,0.0,0.0935552974791617,1.2902065984914068,78.593556250099,0.17499817062258352,-0.0370600390786209
2022-07-16 01:30:00,0.0,0.1036546922679536,1.2555712751788404,76.48372885176649,0.17499817062258352,-0.0446573669237326
2022-07-16 02:00:00,0.0,0.1029900209669786,1.0465724331066475,63.75246374289731,0.17534272727102038,-0.0522546947688443
2022-07-16 02:30:00,0.0,0.0872828719314832,1.099014209571469,66.94697980975225,0.17534272727102038,-0.059852022613956
2022-07-16 03:00:00,0.0,4.4612533458376417e-05,0.7824099913901239,47.660881397490954,0.17534272727102038,-0.0674493504590677
2022-07-16 03:30:00,0.0,0.0691540789796228,0.994001404274599,60.55007420585085,0.17534272727102038,
2022-07-16 04:00:00,0.0,0.0742642934631115,0.7469391976868229,45.50016091798349,0.17534272727102038,
2022-07-16 04:30:00,0.0,0.0886267423162444,0.3165958277730711,19.285587306500855,0.17534272727102038,
2022-07-16 05:00:00,0.0,4.775297734356797e-05,0.568690696176107,34.642067612338685,0.17534272727102038,
2022-07-16 05:30:00,0.0,0.0695368517898755,0.6758193907120775,41.16786362815293,0.17534272727102038,
2022-07-16 06:00:00,0.0,4.082312813270674e-05,0.4969695417438319,30.273138952551957,0.17534272727102038,
2022-07-16 06:30:00,0.0,0.0553693797342407,1.34205472730775,81.751909984574,0.17534272727102038,
2022-07-16 07:00:00,0.0,3.9175080635699856e-05,1.8874478158547665,114.97479260915134,0.17499817062258352,
2022-07-16 07:30:00,0.0,3.899842064330296e-05,1.9881894542439056,121.1115180240746,0.17499817062258352,
2022-07-16 08:00:00,0.0,0.0453043331090503,2.501354125778007,152.3711911066159,0.17534272727102038,
2022-07-16 08:30:00,0.0,4.1638800712387125e-05,2.7291971867339573,166.2503608832813,0.17534272727102038,
2022-07-16 09:00:00,0.0,0.0867182945014913,4.003005032451132,243.84497921126763,0.17534272727102038,-0.2214797951610445
2022-07-16 09:30:00,0.0,0.1284584350058971,4.739617558807186,288.7160859722967,0.17534272727102038,-0.3594939768698075
2022-07-16 10:00:00,0.0,0.093346782941915,6.00526213024915,365.8134345167584,0.17534272727102038,-0.4975081585785705
2022-07-16 10:30:00,0.0,0.1059983853635476,7.508952322732679,457.4114466985753,0.17534272727102038,-0.6355223402873335
2022-07-16 11:00:00,0.0,0.4307638238979639,8.359781441996265,509.24011221792176,0.17534272727102038,-0.7735365219960965
2022-07-16 11:30:00,0.0,0.4513213684567961,8.053867647932057,490.6052261387628,0.17534272727102038,-0.8808747111127476
2022-07-16 12:00:00,0.0,0.5204394222741155,8.6493613110755,526.8800093909688,0.17499817062258352,-0.9599667547741968
2022-07-16 12:30:00,0.0,0.3773900512356822,8.699372428804596,529.9264607104457,0.17499817062258352,-0.9933480504643536
2022-07-16 13:00:00,0.0,0.5717484890928396,8.79908765739729,536.0006618783477,0.1746536139741467,-0.9735301662148624
2022-07-16 13:30:00,0.0,0.5774714351916244,9.169438104011046,558.5607376772326,0.1746536139741467,-0.9134568093445576
2022-07-16 14:00:00,0.0,0.5656829689102675,9.157182793945177,557.8141995629874,0.17430905732570987,-0.8426786578375164
2022-07-16 14:30:00,0.0,0.5926993593940665,8.636842452960089,526.1174171203735,0.17430905732570987,-0.788814581222963
2022-07-16 15:00:00,0.0,0.4315402246590982,8.811523437745933,536.758193426774,0.17396450067727307,-0.7615482376198488
2022-07-16 15:30:00,0.0,0.5716798703998236,8.334436232769427,507.6961965928047,0.17396450067727307,-0.7534859471957629
2022-07-16 16:00:00,0.0,0.2271137821975929,8.74928103691081,532.9666676068811,0.1736199440288362,-0.7523172799537335
2022-07-16 16:30:00,0.0,0.2369639214282877,8.258240702071873,503.05470914816874,0.1736199440288362,-0.748550643876885
2022-07-16 17:00:00,0.0,0.4080934800990496,8.661873729482783,527.6422093836424,0.1736199440288362,-0.7338947128933054
2022-07-16 17:30:00,0.0,0.2426258728684646,8.207309731512607,499.952224550584,0.1736199440288362,-0.6988128392556701
2022-07-16 18:00:00,0.0,0.461938266875438,8.002501989618413,487.4762623272949,0.17327538738039935,-0.6371303415013815
2022-07-16 18:30:00,0.0,0.2932808076596605,7.769985378870825,473.3124010145094,0.17327538738039935,-0.5530132616387303
2022-07-16 19:00:00,0.0,0.0038829045571743,6.924368707645467,421.8012542774822,0.1708258211817785,-0.4596592362760829
2022-07-16 19:30:00,0.0,0.1836738529205219,5.737855899376833,349.5242551928702,0.1708258211817785,-0.5505978354438805
2022-07-16 20:00:00,0.0,5.6602117476657496e-05,6.503608669216685,396.1704539182895,0.17048126453334167,-0.6415364346116781
2022-07-16 20:30:00,0.0,5.392602185468527e-05,4.857625624799784,295.9046041393865,0.17048126453334167,-0.7324750337794756
2022-07-16 21:00:00,0.0,5.1528025877622695e-05,3.818854537447818,232.62736312989793,0.17048126453334167,-0.8234136329472732
2022-07-16 21:30:00,0.0,0.0819008866718065,3.351687689840339,204.1696696422418,0.17048126453334167,
2022-07-16 22:00:00,0.0,4.711567533740189e-05,2.648097366562136,161.3101262836445,0.17048126453334167,
2022-07-16 22:30:00,0.0,4.662805878867662e-05,2.238010374489154,136.329479682854,0.17048126453334167,
2022-07-16 23:00:00,0.0,4.428256051936826e-05,1.4109909226124908,85.95119151800127,0.17048126453334167,
2022-07-16 23:30:00,0.0,0.0461599449732417,1.3765505451522837,83.85323934014201,0.17048126453334167,
2022-07-17 00:00:00,0.0,0.0324584560959869,1.0485220072590538,63.871222991214616,0.17048126453334167,
2022-07-17 00:30:00,0.0,0.0321974427318715,0.9779435876255012,59.57190457197957,0.17048126453334167,
2022-07-17 01:00:00,0.0,0.0337785487805684,0.8716356375475827,53.0961046000596,0.1708258211817785,
2022-07-17 01:30:00,0.0,4.2832832441197584e-05,0.7111709150646288,43.321318757724946,0.1708258211817785,
2022-07-17 02:00:00,0.0,0.0278817904898211,0.6753468821307571,41.139080540383816,0.1708258211817785,
2022-07-17 02:30:00,0.0,0.0251989189449631,0.6753468821307571,41.139080540383816,0.1708258211817785,
2022-07-17 03:00:00,0.0,0.0238315003821196,0.4228692095905548,25.759281536189977,0.1708258211817785,
2022-07-17 03:30:00,0.0,0.0237966110366621,0.4410035063354148,26.86394095503005,0.1708258211817785,
2022-07-17 04:00:00,0.0,0.0250192341897623,0.2406652295147615,14.660238348980489,0.17117037783021538,
2022-07-17 04:30:00,0.0,0.0253163006773373,0.3319636736137986,20.22172703632267,0.17117037783021538,
2022-07-17 05:00:00,0.0,3.992767215826984e-05,0.3137355411629188,19.11135157026353,0.17117037783021538,
2022-07-17 05:30:00,0.0,3.970431208349552e-05,0.1489699858822359,9.07457842697581,0.17117037783021538,
2022-07-17 06:00:00,0.0,3.899842064330296e-05,0.3865538974457492,23.547116809137787,0.17117037783021538,
2022-07-17 06:30:00,0.0,3.9439148086964545e-05,0.6932664562656461,42.23066002803717,0.17117037783021538,
2022-07-17 07:00:00,0.0,3.9175080635699856e-05,1.5189250946557435,92.5260535840518,0.17117037783021538,
2022-07-17 07:30:00,0.0,3.948357461039692e-05,2.0802166644362456,126.71739984892992,0.17117037783021538,
2022-07-17 08:00:00,0.0,0.0577401161836066,2.774180295802935,168.99052863397395,0.17117037783021538,
2022-07-17 08:30:00,0.0,0.0082086163138669,3.3678025351249112,205.1513132029053,0.17117037783021538,
2022-07-17 09:00:00,0.0,0.0001165272808821,3.7444869712039135,228.09722702021793,0.17117037783021538,
2022-07-17 09:30:00,0.0,0.0001171818270975,3.666537112760708,223.3488738561536,0.17117037783021538,-1.2781066287862612
2022-07-17 10:00:00,0.0,0.071125854421856,4.328160838706957,263.6520017291296,0.1708258211817785,-1.3690452279540588
2022-07-17 10:30:00,0.0,0.0762903572215597,5.0297006009137535,306.3866341726081,0.1708258211817785,-1.4599838271218564
2022-07-17 11:00:00,0.0,0.1526410391183268,5.738734570861033,349.5777798894572,0.1708258211817785,-1.550922426289654
2022-07-17 11:30:00,0.0,0.1628450931925836,6.824267139314036,415.70351903835194,0.1708258211817785,-1.6418610254574515
2022-07-17 12:00:00,0.0,0.2871487282734296,7.48132721365469,455.7286498761325,0.17048126453334167,-1.8561782214015947
2022-07-17 12:30:00,0.0,0.3198264554931593,7.678879631284395,467.7626505280263,0.17048126453334167,-1.9803576432506496
2022-07-17 13:00:00,0.0,0.438949543291378,7.887814958033222,480.4900465703867,0.17048126453334167,-2.0121664124037797
2022-07-17 13:30:00,0.0,0.4021517540490742,8.107830390684821,493.89239259947385,0.17048126453334167,-1.9885470690552685
2022-07-17 14:00:00,0.0,0.2498838483344091,8.42777371381503,513.3818941976515,0.17048126453334167,-1.9585410983622664
2022-07-17 14:30:00,0.0,0.4280468108619641,8.376866687961794,510.2808682033652,0.17048126453334167,-1.9495255870564336
2022-07-17 15:00:00,0.0,0.4929874104176679,8.693296371790503,529.5563347714881,0.17013670788490484,-1.9568257277885224
2022-07-17 15:30:00,0.0,0.5423340325273835,8.40233358467143,511.8321964800959,0.17013670788490484,-1.9609349881559008
2022-07-17 16:00:00,0.0,0.372465588982349,8.516604376294403,518.7930567792639,0.169792151236468,-1.943912688827348
2022-07-17 16:30:00,0.0,0.3877834101074343,8.730992524945854,531.852614093646,0.169792151236468,-1.8871031472795028
2022-07-17 17:00:00,0.0,0.4635983877777735,8.529267946340871,519.5644642468261,0.169792151236468,-1.770868567046507
2022-07-17 17:30:00,0.0,0.3925794140108464,8.668133140387607,528.0235044131484,0.169792151236468,-1.592519517623579
2022-07-17 18:00:00,0.0,0.4397537776340319,8.056243068661995,490.74992603641823,0.16944759458803116,-1.3766138286064715
2022-07-17 18:30:00,0.0,0.4099270391828727,8.42777371381503,513.3818941976515,0.16944759458803116,-1.1550325254285645
2022-07-17 19:00:00,0.0,0.2735632497423969,8.120709954457135,494.67695742885826,0.16910303793959428,-1.1247487266489515
2022-07-17 19:30:00,0.0,0.2647782337607859,7.744368317878554,471.75192540819,0.16910303793959428,-1.0944649278693386
2022-07-17 20:00:00,0.0,0.1463697745545226,7.16178512996916,436.2635899719456,0.16910303793959428,-1.0641811290897256
2022-07-17 20:30:00,0.0,0.0051419963444562,6.2739213691680416,382.1789414291937,0.16910303793959428,-1.0338973303101129
2022-07-17 21:00:00,0.0,4.570984718927558e-05,4.926585530588284,300.10533000834977,0.16875848129115747,
2022-07-17 21:30:00,0.0,0.0327551113069339,4.237008824847675,258.0994329103561,0.16875848129115747,-0.973329732750887
2022-07-17 22:00:00,0.0,0.0276337362144292,3.3361208146571815,203.22140594418264,0.16875848129115747,-0.943045933971274
2022-07-17 22:30:00,0.0,0.0263951955303552,2.627323324656141,160.04466551713642,0.16875848129115747,-0.912762135191661
2022-07-17 23:00:00,0.0,0.0337691815189331,2.2307990608239168,135.8901990383056,0.16875848129115747,
2022-07-17 23:30:00,0.0,0.0315085683653569,1.622071899071367,98.80929084569355,0.16875848129115747,
2022-07-18 00:00:00,0.0,0.028296832228196,1.3744348538224616,83.72436098396817,0.16630891509253667,
2022-07-18 00:30:00,0.0,0.0176878893196027,1.1304266967993224,68.86048659601772,0.16630891509253667,
2022-07-18 01:00:00,0.0,0.0226365338419156,0.9190348827306208,55.98345244563811,0.16630891509253667,
2022-07-18 01:30:00,0.0,0.0226023293716238,0.7591025611967106,46.24109806349378,0.16630891509253667,
2022-07-18 02:00:00,0.0,3.552828802827067e-05,0.7233980437463304,44.066140189382594,0.16665347174097347,
2022-07-18 02:30:00,0.0,0.0130338878273808,0.5979571407909634,36.42484717939997,0.16665347174097347,
2022-07-18 03:00:00,0.0,0.0130737536524584,0.344824990769665,21.005180364279493,0.16665347174097347,
2022-07-18 03:30:00,0.0,3.4657089110898426e-05,0.2901858906816806,17.676813270791563,0.16665347174097347,
2022-07-18 04:00:00,0.0,3.359580809359443e-05,0.2536811100843948,15.453106981717417,0.16665347174097347,
2022-07-18 04:30:00,0.0,3.2830114591837195e-05,0.2536811100843948,15.453106981717417,0.16665347174097347,
2022-07-18 05:00:00,0.0,3.175980036542559e-05,0.198805246373553,12.110317318128873,0.16699802838941036,
2022-07-18 05:30:00,0.0,3.1367349421886946e-05,0.0702032631358184,4.276465580517796,0.16699802838941036,
2022-07-18 06:00:00,0.0,3.211501208435781e-05,-0.0777390031677765,-4.735508813423542,0.16699802838941036,
2022-07-18 06:30:00,0.0,3.239131313461301e-05,-0.0036377819703261,-0.2215972405076271,0.16699802838941036,
2022-07-18 07:00:00,0.0,3.160242476783036e-05,0.2901858906816806,17.676813270791563,0.16699802838941036,-0.4321210870244292
2022-07-18 07:30:00,0.0,3.203566683225232e-05,0.5799762929375345,35.32953517367521,0.16699802838941036,-0.4397184148695409
2022-07-18 08:00:00,0.0,3.441051549534346e-05,0.7233980437463304,44.066140189382594,0.16699802838941036,-0.4473157427146526
2022-07-18 08:30:00,0.0,3.834218123900825e-05,1.8712207839331607,113.98631514546908,0.16699802838941036,-0.4549130705597643
2022-07-18 09:00:00,0.0,3.717706580626474e-05,3.0574958595103583,186.24883262870136,0.16699802838941036,-0.8824783364120482
2022-07-18 09:30:00,0.0,3.877829253423758e-05,4.137223358908518,252.02095320067124,0.16699802838941036,-0.8521945376324352
2022-07-18 10:00:00,0.0,0.0088451007665043,4.213465337346329,256.665270031772,0.16665347174097347,-0.9160260221304924
2022-07-18 10:30:00,0.0,0.0090333417932053,4.79943514103977,292.359902799337,0.16665347174097347,-0.9557507809857912
2022-07-18 11:00:00,0.0,0.0043314116097183,4.725156694758407,287.8351954750913,0.16665347174097347,-1.00238779352018
2022-07-18 11:30:00,0.0,0.0045856495586615,4.560879027782722,277.8281422828466,0.16665347174097347,-1.086905803227432
2022-07-18 12:00:00,0.0,0.1089691159538021,6.166602268079329,375.6415467065283,0.16665347174097347,-1.229197655178534
2022-07-18 12:30:00,0.0,0.1999797739053785,6.963190499970023,424.1661024516872,0.16665347174097347,-1.430770800162176
2022-07-18 13:00:00,0.0,0.1428690899102821,7.151482236631165,435.6359842628713,0.16630891509253667,-1.6697091047876866
2022-07-18 13:30:00,0.0,0.0462628656166409,7.890038401068856,480.62548867360823,0.16630891509253667,-1.8950442382553525
2022-07-18 14:00:00,0.0,0.2413947388713688,8.314810742092211,506.5007003774861,0.16630891509253667,-2.0291819042197257
2022-07-18 14:30:00,0.0,0.3743518692726685,8.719699333988483,531.1646839282065,0.16630891509253667,-1.996133287402212
2022-07-18 15:00:00,0.0,0.1833656498058021,8.442066201645078,514.2525279764108,0.16630891509253667,-1.77137259912643
2022-07-18 15:30:00,0.0,0.117002577505447,7.668245621537812,467.1148747034728,0.16630891509253667,-1.4106959615853194
2022-07-18 16:00:00,0.0,0.0172936808530468,6.718865356053836,409.28291865450075,0.16596435844409982,-1.0212098238296126
2022-07-18 16:30:00,1.4,0.0925918388585772,4.888248592648318,297.7700169724652,0.16596435844409982,-0.697776499627955
2022-07-18 17:00:00,0.0,0.0217741392909188,3.689810155979251,224.7665624910174,0.16527524514722616,-0.4850249978424231
2022-07-18 17:30:00,0.0,4.082312813270674e-05,4.961994786919921,302.2623019092288,0.16527524514722616,-0.3882089971304909
2022-07-18 18:00:00,0.2,0.0151379877068492,3.0574958595103583,186.24883262870136,0.16493068849878934,-0.4000632123249946
2022-07-18 18:30:00,0.0,0.0652805255080377,3.736513436827001,227.61151533396807,0.16493068849878934,-0.5052219364493091
2022-07-18 19:00:00,0.0,0.0327440885569208,5.885466582875159,358.5160310605538,0.16527524514722616,-0.6650144605599344
2022-07-18 19:30:00,0.0,0.200364917370804,7.785921581835651,474.28316249223985,0.16527524514722616,-0.8158309342033971
2022-07-18 20:00:00,0.0,4.7999675281042e-05,6.84134573520697,416.74386993142093,0.16493068849878934,-0.8966790561318619
2022-07-18 20:30:00,0.0,4.4849951911232046e-05,6.7325059278776225,410.1138406558064,0.16493068849878934,-0.8835523422509514
2022-07-18 21:00:00,0.0,0.0452373025209057,6.082619726857007,370.525709765917,0.16493068849878934,-0.7983901736406348
2022-07-18 21:30:00,0.0,0.0559678159310688,5.240066947030034,319.20120144884874,0.16493068849878934,-0.6872092316338307
2022-07-18 22:00:00,0.0,0.0562643994125998,4.243889592896516,258.5185782095065,0.16493068849878934,-0.5884871688763674
2022-07-18 22:30:00,0.0,0.0622763359751356,3.391716234654625,206.6080277254741,0.16493068849878934,-0.5156212431411488
2022-07-18 23:00:00,0.0,0.0945540868153009,2.9610645487690808,180.3746728980992,0.16493068849878934,-0.462510398404876
2022-07-18 23:30:00,0.0,0.0716202095204153,2.2072840132429135,134.45776859116458,0.16493068849878934,-0.4222260611881942
2022-07-19 00:00:00,0.0,0.0705659512199112,1.7459574794833717,106.35584063397684,0.16493068849878934,-0.3973198849559303
2022-07-19 00:30:00,0.0,0.0777637407219451,1.454284845774021,88.58846169570904,0.16493068849878934,-0.3901855247331992
2022-07-19 01:00:00,0.0,0.0995115578262921,1.3850764468144885,84.37259874556963,0.16493068849878934,-0.3885041251928335
2022-07-19 01:30:00,0.0,0.0545709962944505,1.2808429232766732,78.02316346528661,0.16493068849878934,-0.3693827485614813
2022-07-19 02:00:00,0.0,0.0972516064661414,1.263421224005497,76.96191226470951,0.16493068849878934,-0.3203296391515194
2022-07-19 02:30:00,0.0,0.0425565503847297,1.1410702880852888,69.50884608465681,0.16493068849878934,-0.2511726544206175
2022-07-19 03:00:00,0.0,0.0441315421451884,0.9119697515417058,55.553076577029486,0.16493068849878934,-0.1837104267314297
2022-07-19 03:30:00,0.0,3.709153135362674e-05,0.8942441949008411,54.473315758454355,0.16493068849878934,-0.1337589929013664
2022-07-19 04:00:00,0.0,3.7779305572449985e-05,0.8587487317511796,52.3110925277422,0.16493068849878934,-0.1040919885650951
2022-07-19 04:30:00,0.0,3.556987643811817e-05,0.8053942370651626,49.06097779092083,0.16493068849878934,-0.089636132962745
2022-07-19 05:00:00,0.0,3.904253920677047e-05,0.3008397416731184,18.325797734330035,0.16527524514722616,-0.0856288567444409
2022-07-19 05:30:00,0.0,0.0372877135237305,0.5726301369467716,34.882040543933655,0.16527524514722616,-0.0934150904436264
2022-07-19 06:00:00,0.0,0.0447957321424034,0.7697500413241843,46.88969444278597,0.16527524514722616,-0.1236772475774322
2022-07-19 06:30:00,0.0,3.4781661707364674e-05,1.053245712414333,64.15896976546334,0.16527524514722616,-0.1954382315821727
2022-07-19 07:00:00,0.0,3.662332912531117e-05,1.9494911666374644,118.75419319924764,0.16527524514722616,-0.3270091705928966
2022-07-19 07:30:00,0.0,3.7909152495902515e-05,2.4995374752771116,152.26052896654016,0.16527524514722616,-0.5205558969432704
2022-07-19 08:00:00,0.0,0.0052561730698187,3.3390861180720446,203.4020388296501,0.16527524514722616,-0.7528817635101913
2022-07-19 08:30:00,0.0,0.094985062358414,5.134064487858538,312.7440106026036,0.16527524514722616,-0.98584025086729
2022-07-19 09:00:00,0.0,0.102494787366326,5.366813411365009,326.92202335896735,0.16527524514722616,-1.1931834705896127
2022-07-19 09:30:00,0.0,0.109106359280907,5.668743876236062,345.31426302214066,0.16527524514722616,-1.3818020191919995
2022-07-19 10:00:00,0.0,0.1926285197321425,6.427440937462211,391.53065985965793,0.16493068849878934,-1.586718065284993
2022-07-19 10:30:00,0.0,0.3064302408788649,7.415376777017149,451.7112472697191,0.16493068849878934,-1.8399517902742537
2022-07-19 11:00:00,0.0,0.4140739842074659,8.3892940417371,511.0378864430188,0.16458613185035245,-2.1333823024517304
2022-07-19 11:30:00,0.0,0.4980891865640668,8.592060396561951,523.3894965899426,0.16458613185035245,-2.402378052079269
2022-07-19 12:00:00,0.0,0.5365385529410391,8.705376756592576,530.2922172290532,0.16079600871754726,-2.5508878349008204
2022-07-19 12:30:00,0.0,0.5472403204141751,8.629891209776856,525.6939787944741,0.16079600871754726,-2.513462625901502
2022-07-19 13:00:00,0.0,0.3402026429455618,8.478213056141486,516.4544310246896,0.15869099916736332,-2.3116461949473854
2022-07-19 13:30:00,0.0,0.356143033124834,8.338336123406922,507.93376030899213,0.15869099916736332,-2.050665198633536
2022-07-19 14:00:00,0.0,0.5850327750388332,8.478213056141486,516.4544310246896,0.15869099916736332,-1.8512340579667284
2022-07-19 14:30:00,0.0,0.5205329076819979,7.952680906227399,484.4413870410338,0.15869099916736332,-1.7747352672969003
2022-07-19 15:00:00,0.0,0.4883411216936764,8.171976500354747,497.7998837597757,0.15869099916736332,-1.8020741796838369
2022-07-19 15:30:00,0.0,0.5058177961189388,8.107685124213646,493.88354362242865,0.15869099916736332,-1.8672858386137947
2022-07-19 16:00:00,0.0,0.6225864540255523,8.452840913959777,514.9088747656568,0.15869099916736332,-1.9019469343766795
2022-07-19 16:30:00,0.0,0.6655012460439962,8.32557984575295,507.1567055128753,0.15869099916736332,-1.8601729765789785
2022-07-19 17:00:00,0.0,0.538066826024884,8.171976500354747,497.7998837597757,0.15869099916736332,-1.7289050985118894
2022-07-19 17:30:00,0.0,0.7489226501760168,8.312816831257006,506.3792403387856,0.15869099916736332,-1.5306572654327355
2022-07-19 18:00:00,0.0,0.603585487013776,7.887799220996207,480.4890879411987,0.15834644251892646,-1.3098783518187025
2022-07-19 18:30:00,0.0,0.5824110895704477,8.743031942492955,532.5860010111465,0.15834644251892646,-1.103705724795036
2022-07-19 19:00:00,0.0,0.5684110970950547,8.427442174086979,513.3616982954633,0.1580018858704896,-0.9215903371093866
2022-07-19 19:30:00,0.0,0.5290766524300459,7.1622054131624635,436.2891917250543,0.1580018858704896,-0.8903280685799105
2022-07-19 20:00:00,0.0,0.1654528954310341,6.20522165706993,377.9940653841775,0.15765732922205278,-0.8590658000504344
2022-07-19 20:30:00,0.0,0.1860479933045198,6.647560587451773,404.93935433807326,0.15765732922205278,-0.8278035315209583
2022-07-19 21:00:00,0.0,0.1459149247595824,5.782728145348222,352.2576696645868,0.15765732922205278,-0.7965412629914823
2022-07-19 21:30:00,0.0,0.0892859525781474,4.631411972361634,282.1246905672296,0.15765732922205278,-0.7652789944620062
2022-07-19 22:00:00,0.0,4.5806865832715794e-05,3.4023582639868355,207.256292066948,0.15731277257361595,-0.7340167259325301
2022-07-19 22:30:00,0.0,4.532696452367813e-05,2.7613026842185215,168.20608272305557,0.15731277257361595,-0.702754457403054
2022-07-19 23:00:00,0.0,0.0986494268536564,2.167844046149442,132.0552640032271,0.15731277257361595,-0.9425958114126528
2022-07-19 23:30:00,0.0,0.0625955915023514,1.7800134168287094,108.43037445711052,0.15731277257361595,-0.8993513719580153
2022-07-20 00:00:00,0.0,0.0406238580247478,1.6369757741243327,99.71716757155228,0.15731277257361595,-0.856106932503378
2022-07-20 00:30:00,0.0,3.726272530589475e-05,1.2391779396719873,75.48512092510491,0.15731277257361595,-0.8128624930487407
2022-07-20 01:00:00,0.0,0.0373694403888919,1.0110217477278145,61.586876623502704,0.15765732922205278,
2022-07-20 01:30:00,0.0,0.0315758963691507,0.9226155068503998,56.20156788815512,0.15765732922205278,
2022-07-20 02:00:00,0.0,0.0412830489154656,0.7268193702077671,44.27455193833139,0.15765732922205278,
2022-07-20 02:30:00,0.0,0.0387367719870116,0.5832799555650245,35.53077937351777,0.15765732922205278,
2022-07-20 03:00:00,0.0,0.0367126584378157,0.5472427667803861,33.335556664881324,0.1580018858704896,
2022-07-20 03:30:00,0.0,0.035799881817501,0.4024775233347664,24.51711214823877,0.1580018858704896,
2022-07-20 04:00:00,0.0,0.0341133248860603,0.3479340941060205,21.194572891211955,0.1555523196718688,
2022-07-20 04:30:00,0.0,0.0376536615635837,0.2932494916998789,17.863434002101698,0.1555523196718688,
2022-07-20 05:00:00,0.0,0.0227965324936886,0.1650983711082679,10.05704677969355,0.1555523196718688,
2022-07-20 05:30:00,0.0,0.0212418923704041,0.1650983711082679,10.05704677969355,0.1555523196718688,
2022-07-20 06:00:00,0.0,0.0208158016553118,0.1650983711082679,10.05704677969355,0.1555523196718688,
2022-07-20 06:30:00,0.0,3.0169341397881233e-05,0.0176793756431254,1.0769476808592406,0.1555523196718688,
2022-07-20 07:00:00,0.0,3.1095386000272306e-05,0.4930717677766003,30.035704174352887,0.15589687632030566,-0.2506847801384553
2022-07-20 07:30:00,0.0,3.0438899716606223e-05,0.8516253033757607,51.87716545794449,0.15589687632030566,-0.207440340683818
2022-07-20 08:00:00,0.0,3.0978191427504694e-05,0.9048901413275846,55.121818711628,0.15589687632030566,-0.1641959012291807
2022-07-20 08:30:00,0.0,3.235220977632475e-05,1.0638900277952572,64.80737336269547,0.15589687632030566,-0.1209514617745433
2022-07-20 09:00:00,0.0,3.4657089110898426e-05,1.3957179627208116,85.02083181145835,0.15589687632030566,-0.6714921888735779
2022-07-20 09:30:00,0.0,3.7779305572449985e-05,1.97700459233661,120.4301867748867,0.15589687632030566,-0.971485108752706
2022-07-20 10:00:00,0.0,4.1048409660363565e-05,3.413000375849155,207.9045614357832,0.15589687632030566,-1.3499730966715338
2022-07-20 10:30:00,0.0,4.879212453260266e-05,5.5505075987264325,338.11184324059496,0.15589687632030566,-1.763096018936959
2022-07-20 11:00:00,0.0,0.1702946626051987,6.876341682348958,418.87566490398217,0.15589687632030566,-2.1254005844640296
2022-07-20 11:30:00,0.0,0.3079377442235742,7.55828509791664,460.4165764552574,0.15589687632030566,-2.334978995470846
2022-07-20 12:00:00,0.0,0.4517460737722216,7.755183050972012,472.41071008244626,0.15589687632030566,-2.3262243671269665
2022-07-20 12:30:00,0.0,0.5667123501003271,7.885552375737477,480.35222028028784,0.15589687632030566,-2.1163643269146353
2022-07-20 13:00:00,0.0,0.5702639462131752,7.872547351566261,479.5600129702885,0.1555523196718688,-1.801995116509763
2022-07-20 13:30:00,0.0,0.6131021914845416,8.002281209656447,487.4628134095945,0.1555523196718688,-1.499964146769195
2022-07-20 14:00:00,0.0,0.6092107014719473,8.118445344393848,494.53900761632315,0.1555523196718688,-1.280639456182336
2022-07-20 14:30:00,0.0,0.6279691861384987,8.336349419611892,507.8127392906145,0.1555523196718688,-1.1494312740640982
2022-07-20 15:00:00,0.0,0.5373987109347818,7.755183050972012,472.41071008244626,0.1555523196718688,-1.0802155185016422
2022-07-20 15:30:00,0.0,0.6804298185713308,8.374599753950816,510.1427768264374,0.1555523196718688,-1.0520829758242487
2022-07-20 16:00:00,0.0,0.7584922964549237,8.118445344393848,494.53900761632315,0.1555523196718688,-1.0524151477226646
2022-07-20 16:30:00,0.0,0.672422582148685,8.002281209656447,487.4628134095945,0.1555523196718688,-1.062107459904135
2022-07-20 17:00:00,0.0,0.6447352643577402,7.911541265935488,481.9353460417304,0.15520776302343198,-1.056316563273756
2022-07-20 17:30:00,0.0,0.6802238857208545,7.742106944054941,471.61417273275305,0.15520776302343198,-1.0216070111405433
2022-07-20 18:00:00,0.0,0.6561753492412123,8.105565894882432,493.7544497471963,0.15486320637499515,-0.96424747850521
2022-07-20 18:30:00,0.0,0.6355946633720743,7.820456506509752,476.38687405916295,0.15486320637499515,-0.8979843189999295
2022-07-20 19:00:00,0.0,0.3883420847302866,7.105849681534262,432.8562551946448,0.15486320637499515,-0.826680276819417
2022-07-20 19:30:00,0.0,0.2176010136950225,7.333146973445071,446.7021791871087,0.15486320637499515,-0.7409991182115684
2022-07-20 20:00:00,0.0,0.1752297674422281,6.808410884853177,414.7376276622402,0.1545186497265583,-0.6303696800555291
2022-07-20 20:30:00,0.0,0.172209446625648,5.275947398713909,321.38687644151497,0.1545186497265583,-0.496961307784253
2022-07-20 21:00:00,0.0,0.1091284645682207,5.579218042040695,339.86075372068643,0.15417409307812147,-0.3588187598401777
2022-07-20 21:30:00,0.0,0.1065341710083533,4.189051967835227,255.17811787166937,0.15417409307812147,-0.2398266949829389
2022-07-20 22:00:00,0.0,0.1048282562638383,3.046678564279157,185.5898918805906,0.15172452687950064,-0.1551990960479808
2022-07-20 22:30:00,0.0,0.1000702949083151,2.361539528790384,143.85431760296137,0.15172452687950064,-0.1046629691797103
2022-07-20 23:00:00,0.0,5.137288194344144e-05,2.0107147135134973,122.48365503959036,0.15172452687950064,-0.0777070223199059
2022-07-20 23:30:00,0.0,5.055599251456459e-05,1.4994462942538784,91.33949307749536,0.15172452687950064,-0.0635132938456545
2022-07-21 00:00:00,0.0,4.8593347224519625e-05,1.4236822108564935,86.72428745291397,0.15172452687950064,-0.0560970338529451
2022-07-21 00:30:00,0.0,0.089687567945352,1.2847060327640187,78.25848664000064,0.15172452687950064,-0.0533056505149613
2022-07-21 01:00:00,0.0,4.9193106149863064e-05,0.9863483440608752,60.083884357576935,0.15172452687950064,-0.0536601410044974
2022-07-21 01:30:00,0.0,4.4612533458376417e-05,0.8977960280020529,54.68967738221094,0.15172452687950064,-0.0540146314940335
2022-07-21 02:00:00,0.0,0.0838340740542234,0.9332611484959904,56.850052275438074,0.15172452687950064,-0.0543691219835696
2022-07-21 02:30:00,0.0,0.0684648165865907,0.7553413826973404,46.01198406399745,0.15172452687950064,-0.0547236124731057
2022-07-21 03:00:00,0.0,4.159291153363659e-05,0.6478700979870048,39.4653190027364,0.15206908352793747,
2022-07-21 03:30:00,0.0,0.0576796407579948,0.5759189385335406,35.082379476324306,0.15206908352793747,
2022-07-21 04:00:00,0.0,0.0753004338967736,0.5578929236946905,33.984316101932315,0.15172452687950064,
2022-07-21 04:30:00,0.0,0.0861584372463058,0.4675320077021927,28.479937390669555,0.15172452687950064,
2022-07-21 05:00:00,0.0,0.0692119938874691,0.1941089455475955,11.82423989179742,0.15172452687950064,
2022-07-21 05:30:00,0.0,0.0483326236057912,0.1021749242953991,6.224034716106391,0.15172452687950064,
2022-07-21 06:00:00,0.0,3.662332912531117e-05,0.2307705829627852,14.057501189469072,0.15172452687950064,
2022-07-21 06:30:00,0.0,3.649629532168442e-05,0.6119250389015957,37.27570841909385,0.15172452687950064,
2022-07-21 07:00:00,0.0,3.5653147602019764e-05,1.5100870347989173,91.98767891187804,0.15206908352793747,
2022-07-21 07:30:00,0.0,3.926175095070809e-05,1.2847060327640187,78.25848664000064,0.15206908352793747,
2022-07-21 08:00:00,0.0,3.834218123900825e-05,2.021353176760376,123.131702151259,0.15206908352793747,
2022-07-21 08:30:00,0.0,3.842952129922892e-05,2.3390089606562454,142.48185719540527,0.15206908352793747,
2022-07-21 09:00:00,0.0,4.0913907542550583e-05,2.3390089606562454,142.48185719540527,0.15206908352793747,-0.2912549582631009
2022-07-21 09:30:00,0.0,4.696786173609869e-05,3.360369463533748,204.6985240675109,0.15206908352793747,-0.4778469473464914
2022-07-21 10:00:00,0.0,0.1304691221177678,4.949763777320305,301.51724406958755,0.15206908352793747,-0.664438936429882
2022-07-21 10:30:00,0.0,0.1417295007231344,6.6415700150561054,404.5744357358125,0.15206908352793747,-0.8772090823275163
2022-07-21 11:00:00,0.0,0.5370156996659465,7.183652904238566,437.5956759720611,0.09233333333333334,-1.0686607305007594
2022-07-21 11:30:00,0.0,0.4571061122159265,7.516239138097026,457.8553265654831,0.09233333333333334,-1.2092678941772603
2022-07-21 12:00:00,0.0,0.609741027527074,7.818163943975248,476.24722150838306,0.09166666666666667,-1.2795835818333667
2022-07-21 12:30:00,0.0,0.6487324587866289,7.883297856384083,480.21488514820504,0.09166666666666667,-1.274704121878782
2022-07-21 13:00:00,0.0,0.6301608119893184,7.922293354658024,482.5903147039655,0.09100000000000001,-1.2121604579145655
2022-07-21 13:30:00,0.0,0.6483887351823515,7.987145255562071,486.5407994771698,0.09100000000000001,-1.1312856034552683
2022-07-21 14:00:00,0.0,0.6203545355997477,8.142079123711696,495.97867066438965,0.08966666666666667,-1.0724792570478054
2022-07-21 14:30:00,0.0,0.7516599565042896,8.231998767864646,501.45616908905055,0.08966666666666667,-1.0515964663995767
2022-07-21 15:00:00,0.0,0.6974898020656557,8.257628622194188,503.01742400767057,0.08866666666666667,-1.0569999023963268
2022-07-21 15:30:00,0.0,0.7106456173517749,8.34711946451086,508.4688017619837,0.08866666666666667,-1.0692889429821373
2022-07-21 16:00:00,0.0,0.7614567550144852,8.372627527600855,510.02263770859776,0.08700000000000001,-1.0758625913447049
2022-07-21 16:30:00,0.0,0.7301524403262563,7.987145255562071,486.5407994771698,0.08700000000000001,-1.0667902170443262
2022-07-21 17:00:00,0.0,0.7170548784832347,7.805115863544006,475.45239140557027,0.08633333333333333,-1.0302724202700428
2022-07-21 17:30:00,0.0,0.728305313192397,7.674241778186676,467.48013347320625,0.08633333333333333,-0.9621067997374146
2022-07-21 18:00:00,0.0,0.6596558700348877,7.844238778249875,477.8355825946394,0.085,-0.874132777576991
2022-07-21 18:30:00,0.0,0.6859893186315359,7.476574057458064,455.4391090775179,0.085,-0.7850346298982155
2022-07-21 19:00:00,0.0,0.4911313326284272,7.210432326117593,439.22695735153576,0.083,-0.7040064934573413
2022-07-21 19:30:00,0.0,0.489623868287329,7.076230573980916,431.0519929948595,0.083,-0.6261570842766732
2022-07-21 20:00:00,0.0,0.3967103338328144,7.792060661477048,474.6571274848884,0.08233333333333333,-0.5405351880683924
2022-07-21 20:30:00,0.0,0.3712866097179236,6.448840268695856,392.8342104266698,0.08233333333333333,-0.4405588234907931
2022-07-21 21:00:00,0.0,0.1249216747520073,5.6615157162626355,344.87395617661656,0.082,-0.4417149170378294
2022-07-21 21:30:00,0.0,5.616899001265824e-05,4.336571449903572,264.1643381603274,0.082,-0.4428710105848657
2022-07-21 22:00:00,0.0,5.225089957455206e-05,3.281022289119753,199.8650527282041,0.08266666666666667,-0.444027104131902
2022-07-21 22:30:00,0.0,4.934261508920132e-05,2.487871008924087,151.54986055062255,0.08266666666666667,-0.4451831976789382
2022-07-21 23:00:00,0.0,0.1193537574367433,2.0718199372793302,126.20590917069636,0.083,
2022-07-21 23:30:00,0.0,0.1164791544315193,1.7672362316165346,107.65204606701766,0.083,
2022-07-22 00:00:00,0.0,0.1108715175320263,1.225521001900962,74.6532019842421,0.083,
2022-07-22 00:30:00,0.0,0.1053020799110442,0.9969933228224056,60.73232836495816,0.083,
2022-07-22 01:00:00,0.0,0.070646493710173,0.9084419359460232,55.33817799118791,0.083,
2022-07-22 01:30:00,0.0,0.0689673366841964,0.961616926597587,58.577358153309845,0.083,
2022-07-22 02:00:00,0.0,0.0931294707812161,0.6405542567511372,39.01967101088745,0.08366666666666667,
2022-07-22 02:30:00,0.0,0.0638630557512932,0.7123219233599345,43.39143298230511,0.08366666666666667,
2022-07-22 03:00:00,0.0,0.061607334492002,0.3328003211338941,20.272691822899493,0.08366666666666667,
2022-07-22 03:30:00,0.0,0.0543217511774441,0.2597320214413393,15.821701160860847,0.08366666666666667,
2022-07-22 04:00:00,0.0,4.100291423138871e-05,0.1864098491273396,11.355245725833738,0.08366666666666667,
2022-07-22 04:30:00,0.0,0.0334872300868651,0.2414253573371158,14.706541901321112,0.08366666666666667,
2022-07-22 05:00:00,0.0,0.0306045509366485,0.2962977801708557,18.04912196222403,0.08366666666666667,
2022-07-22 05:30:00,0.0,3.74774208217219e-05,0.1680394025221757,10.236201124534556,0.08366666666666667,
2022-07-22 06:00:00,0.0,3.632559868713831e-05,0.131250403121765,7.995181510201614,0.08433333333333333,
2022-07-22 06:30:00,0.0,3.515368783130449e-05,0.1496529311357312,9.116180365966883,0.08433333333333333,
2022-07-22 07:00:00,0.0,3.449201241240149e-05,0.4962860676100397,30.231504796562913,0.08466666666666667,
2022-07-22 07:30:00,0.0,3.556987643811817e-05,0.8729180159067945,53.174221295344275,0.08466666666666667,
2022-07-22 08:00:00,0.0,3.5071174531835046e-05,1.225521001900962,74.6532019842421,0.08466666666666667,
2022-07-22 08:30:00,0.0,3.561149629736711e-05,1.260463144001503,76.7817193967936,0.08466666666666667,
2022-07-22 09:00:00,0.0,3.7606612811760686e-05,1.6067856873149555,97.878123895429,0.085,
2022-07-22 09:30:00,0.0,3.988293852646097e-05,2.065649114440413,125.83001052588484,0.085,
2022-07-22 10:00:00,0.0,4.287953230395473e-05,3.275759668155692,199.54447763794684,0.085,
2022-07-22 10:30:00,0.0,0.0534358550391085,5.063478631007632,308.44423914169204,0.085,
2022-07-22 11:00:00,0.0,0.2707134109490309,5.672194327496537,345.52444892224804,0.085,
2022-07-22 11:30:00,0.0,0.2997379006526958,6.2930607152022455,383.34482390947875,0.085,
2022-07-22 12:00:00,0.0,0.4465399943490056,6.9248887282585025,421.8329315835428,0.085,
2022-07-22 12:30:00,0.0,0.3360743399278009,6.9248887282585025,421.8329315835428,0.085,
2022-07-22 13:00:00,1.0,0.054526702558742,3.747968736458109,228.30932042733212,0.08533333333333333,
2022-07-22 13:30:00,0.0,0.0725991639615821,3.560291628169447,216.87687899943387,0.08533333333333333,
2022-07-22 14:00:00,3.6,0.0155688440428988,4.392662799475099,267.5811697304406,0.09599999999999999,
2022-07-22 14:30:00,0.0,4.20050851154114e-05,1.9137761277489844,116.578594406668,0.09599999999999999,
2022-07-22 15:00:00,0.0,0.004964791202749,1.6411126379704992,99.96916662486116,0.24066666666666667,
2022-07-22 15:30:00,0.2,0.0050602526978583,1.62395601162194,98.92406246901196,0.24066666666666667,
2022-07-22 16:00:00,0.0,0.0188491942564413,2.711752944199695,165.18773644897755,0.23533333333333337,
2022-07-22 16:30:00,0.0,3.829855783190538e-05,3.19606792517728,194.69001673861052,0.23533333333333337,
2022-07-22 17:00:00,8.6,0.0170971805859895,1.8459328335610148,112.44588747105875,0.26133333333333336,
2022-07-22 17:30:00,0.0,3.3758057524395963e-05,1.0499480804598478,63.95809292697096,0.26133333333333336,
2022-07-22 18:00:00,0.0,3.473896702563498e-05,0.6944027459972008,42.29987766421867,0.31866666666666665,
2022-07-22 18:30:00,0.0,3.653860858022648e-05,0.7302259899741793,44.48206782187072,0.31866666666666665,
2022-07-22 19:00:00,0.0,0.0336485969376389,1.5896016397395945,96.8313493623444,0.283,
2022-07-22 19:30:00,0.0,0.0316050123594637,2.333043693926696,142.11848009998204,0.283,
2022-07-22 20:00:00,0.0,3.598923620581269e-05,1.7437661477031,106.22235460333896,0.27166666666666667,
2022-07-22 20:30:00,0.0,0.0066867537109275,1.3475696920516198,82.08785671769525,0.27166666666666667,
2022-07-22 21:00:00,0.0,3.6073138475722e-05,1.3996640728530951,85.261211010428,0.26499999999999996,
2022-07-22 21:30:00,0.0,3.5236327077905795e-05,1.1203505608813604,68.24669392438052,0.26499999999999996,
2022-07-22 22:00:00,0.0,3.400155713459838e-05,0.6585189420423766,40.1139984663533,0.26066666666666666,
2022-07-22 22:30:00,0.0,3.3151868853285435e-05,0.5505018156595808,33.53408319676258,0.26066666666666666,
2022-07-22 23:00:00,0.0,0.0047275271770254,0.4419311162097371,26.920446757217807,0.258,
2022-07-22 23:30:00,0.0,0.0044979785389793,0.3328003211338941,20.272691822899493,0.258,
2022-07-23 00:00:00,0.0,3.125105186669438e-05,0.3434535259223918,20.92163692267469,0.25533333333333336,
2022-07-23 00:30:00,0.0,3.086287479687379e-05,0.1603090083034222,9.765300438103845,0.25533333333333336,
2022-07-23 01:00:00,0.0,3.066923506111654e-05,0.1234884711204271,7.522359684557646,0.25366666666666665,
2022-07-23 01:30:00,0.0,0.0038618166944868,0.0126390005107652,0.7699108024632179,0.25366666666666665,
2022-07-23 02:00:00,0.0,2.9675055420673333e-05,0.1603090083034222,9.765300438103845,0.25166666666666665,
2022-07-23 02:30:00,0.0,2.9071130245523226e-05,-0.0244409721297839,-1.4888335869118323,0.25166666666666665,
2022-07-23 03:00:00,0.0,2.9372021514339375e-05,-0.0244409721297839,-1.4888335869118323,0.25066666666666665,
2022-07-23 03:30:00,0.0,2.8959225565404393e-05,0.0681367011542939,4.150579962253895,0.25066666666666665,
2022-07-23 04:00:00,0.0,2.8363972230347037e-05,0.0681367011542939,4.150579962253895,0.2496666666666667,
2022-07-23 04:30:00,0.0,2.7701093423267577e-05,-0.0801838440632882,-4.884437473894364,0.2496666666666667,
2022-07-23 05:00:00,0.0,2.8067349052283917e-05,-0.0801838440632882,-4.884437473894364,0.24866666666666667,
2022-07-23 05:30:00,0.0,2.7554950680070244e-05,-0.0801838440632882,-4.884437473894364,0.24866666666666667,
2022-07-23 06:00:00,0.0,2.6938456935766543e-05,-0.1174280853538637,-7.15318836718985,0.2476666666666667,
2022-07-23 06:30:00,0.0,2.6650985973610524e-05,-0.1734186016094417,-10.563877627305397,0.2476666666666667,
2022-07-23 07:00:00,0.0,2.6759424810277215e-05,-0.0615864544882526,-3.751568532300358,0.24700000000000003,
2022-07-23 07:30:00,0.0,2.6866742732449057e-05,-0.0801838440632882,-4.884437473894364,0.24700000000000003,
2022-07-23 08:00:00,0.0,2.7482082813501057e-05,-0.0615864544882526,-3.751568532300358,0.246,
2022-07-23 08:30:00,0.0,2.8399713350494872e-05,-0.1174280853538637,-7.15318836718985,0.246,
2022-07-23 09:00:00,0.0,3.0284443149030228e-05,-0.0430055081680496,-2.619701239492779,0.24533333333333332,
2022-07-23 09:30:00,0.0,3.267083954047346e-05,0.1970653299340841,12.004329470356456,0.24533333333333332,
2022-07-23 10:00:00,0.0,3.552828802827067e-05,1.3408186336107142,81.67661274177432,0.24433333333333337,
2022-07-23 10:30:00,0.0,4.11394921498486e-05,4.144600758077546,252.4703510236621,0.24433333333333337,
2022-07-23 11:00:00,0.0,0.1369008526822374,6.345489188161943,386.53852958691266,0.24333333333333332,
2022-07-23 11:30:00,0.0,0.154721051275346,7.31204586306979,445.4167948872932,0.24333333333333332,
2022-07-23 12:00:00,0.0,0.1894719748130174,8.099162995412495,493.364414042649,0.242,
2022-07-23 12:30:00,0.0,0.193588934713928,8.150728732301994,496.5055657369136,0.242,
2022-07-23 13:00:00,0.0,0.0438744747644799,8.240704013076513,501.98645329316935,0.24033333333333337,
2022-07-23 13:30:00,0.0,0.0420916161810195,8.253530262382174,502.76777044614386,0.24033333333333337,
2022-07-23 14:00:00,0.0,0.0459167633076714,8.508636236565376,518.3076737105879,0.238,
2022-07-23 14:30:00,0.0,0.0437263419262722,8.163602928871821,497.28980362057393,0.238,
2022-07-23 15:00:00,0.0,0.0399889828167398,8.047486497251372,490.2165152721859,0.2356666666666667,
2022-07-23 15:30:00,0.0,0.2305124770976531,8.635189231460853,526.0167103366335,0.2356666666666667,
2022-07-23 16:00:00,0.0,0.5444839458947611,8.86133914744426,539.7927413719573,0.23266666666666666,
2022-07-23 16:30:00,0.0,0.5432489709197902,8.559336602585855,521.3961109216441,0.23266666666666666,
2022-07-23 17:00:00,0.0,0.2005258819738588,8.773641088719923,534.4505718934918,0.22766666666666668,
2022-07-23 17:30:00,0.0,0.1467976059704012,7.630015194750097,464.7860498457184,0.22766666666666668,
2022-07-23 18:00:00,2.0,0.0762216679823568,5.6255914621176295,342.68561293593734,0.228,
2022-07-23 18:30:00,0.0,0.0814063075454628,4.554121112300621,277.4164806069592,0.228,
2022-07-23 19:00:00,0.0,0.1448978457230906,5.525003121413024,336.55822572328844,0.26,
2022-07-23 19:30:00,0.0,0.2095280275016954,7.338706550329704,447.0408434902676,0.26,
2022-07-23 20:00:00,0.0,0.001265426567241,6.8541496418194585,417.5238260684816,0.25099999999999995,
2022-07-23 20:30:00,0.0,0.0436019317828136,5.839666169407706,355.72607681885256,0.25099999999999995,
2022-07-23 21:00:00,0.0,0.0240501511525764,4.584161238558269,279.24638936386003,0.24666666666666667,
2022-07-23 21:30:00,0.0,0.0206015663049722,3.727444128062945,227.05905402325175,0.24666666666666667,
2022-07-23 22:00:00,0.0,0.0277357483956018,3.0625317725500034,186.5555976965709,0.24500000000000002,
2022-07-23 22:30:00,0.0,0.0440953268247767,2.6733657631310046,162.84936282871195,0.24500000000000002,
2022-07-23 23:00:00,0.0,0.0403062266270021,2.2771414118725666,138.7131656687372,0.2436666666666667,
2022-07-23 23:30:00,0.0,3.73056019335144e-05,2.1266756862959184,129.54747353799817,0.2436666666666667,
2022-07-24 00:00:00,0.0,0.024109603667242,1.8161883405280728,110.6339873544041,0.24233333333333337,
2022-07-24 00:30:00,0.0,0.0251274318855179,1.5420088566250836,93.93221206047144,0.24233333333333337,
2022-07-24 01:00:00,0.0,0.0229089040766816,1.3862318088147236,84.44297817818213,0.242,
2022-07-24 01:30:00,0.0,0.0178303077293208,1.35146047563835,82.32486567349983,0.242,
2022-07-24 02:00:00,0.0,0.0166464952790753,1.1942868155518551,72.7505564818668,0.24133333333333332,
2022-07-24 02:30:00,0.0,0.0188919180339823,0.8764264275645302,53.38793788096177,0.24133333333333332,
2022-07-24 03:00:00,0.0,0.017439405555974,0.8408141134059384,51.218596614770654,0.24033333333333337,
2022-07-24 03:30:00,0.0,0.0178638159074391,0.8408141134059384,51.218596614770654,0.24033333333333337,
2022-07-24 04:00:00,0.0,0.0172903605288557,0.7336178790674445,44.6886863793617,0.24,
2022-07-24 04:30:00,0.0,0.0155748599285419,0.7336178790674445,44.6886863793617,0.24,
2022-07-24 05:00:00,0.0,0.0162446227772798,0.6258778335395612,38.12564962347712,0.23900000000000002,
2022-07-24 05:30:00,0.0,0.0152791785914176,0.769410069914783,46.868984920668,0.23900000000000002,
2022-07-24 06:00:00,0.0,2.9561549455001053e-05,0.6258778335395612,38.12564962347712,0.23833333333333337,
2022-07-24 06:30:00,0.0,2.8697275808784963e-05,0.787283579643606,47.95775837284337,0.23833333333333337,
2022-07-24 07:00:00,0.0,2.877237961025713e-05,0.9297334083241092,56.63515828407369,0.2373333333333333,
2022-07-24 07:30:00,0.0,2.9675055420673333e-05,0.9829072816900956,59.87427038620663,0.2373333333333333,
2022-07-24 08:00:00,0.0,2.9711932489174568e-05,1.4209468209699112,86.5576598607373,0.23700000000000002,
2022-07-24 08:30:00,0.0,3.1367349421886946e-05,1.368853195522385,83.38435158075411,0.23700000000000002,
2022-07-24 09:00:00,0.0,3.391914214544388e-05,1.833209226355672,111.67082281105274,0.23666666666666666,
2022-07-24 09:30:00,0.0,3.812437519196803e-05,3.265199547567601,198.9012028070644,0.23666666666666666,
2022-07-24 10:00:00,0.0,4.428256051936826e-05,5.158135772035594,314.21032446985066,0.2353333333333333,
2022-07-24 10:30:00,0.0,5.1631590601909576e-05,7.574859668253381,461.4262243888558,0.2353333333333333,
2022-07-24 11:00:00,0.0,0.146476422559036,8.225795824136721,501.0783137848172,0.23433333333333337,
2022-07-24 11:30:00,0.0,0.3003469145337915,8.570116584814134,522.0527787302135,0.23433333333333337,
2022-07-24 12:00:00,0.0,0.3544676559805327,8.784430951869005,535.1078416031102,0.233,
2022-07-24 12:30:00,0.0,0.357146737281439,8.796979147694074,535.8722209944169,0.233,
2022-07-24 13:00:00,0.0,0.3961025264583735,9.195159905229918,560.1275935848935,0.23033333333333336,
2022-07-24 13:30:00,0.0,0.3845753313028541,9.195159905229918,560.1275935848935,0.23033333333333336,
2022-07-24 14:00:00,0.0,0.4033405332991074,9.03417858498579,550.3213389411676,0.22766666666666668,
2022-07-24 14:30:00,0.0,0.4238105936447648,9.071421931526489,552.5900353303434,0.22766666666666668,
2022-07-24 15:00:00,0.0,0.2266967576551511,9.133368831437473,556.3635605691431,0.22333333333333336,
2022-07-24 15:30:00,0.0,0.2144343694150523,9.232160159928917,562.3814819174705,0.22333333333333336,
2022-07-24 16:00:00,0.0,0.2477135519928559,8.847107506836458,538.9258141310423,0.22066666666666668,
2022-07-24 16:30:00,0.0,0.2389309374534966,8.54477849535286,520.5092968090444,0.22066666666666668,
2022-07-24 17:00:00,0.0,0.2825630114391618,8.696412264789068,529.7461408939637,0.21966666666666668,
2022-07-24 17:30:00,0.0,0.3510863159612104,9.145739480877046,557.1171246368793,0.21966666666666668,
2022-07-24 18:00:00,0.0,0.2797969625501333,8.455886219806608,515.094381037793,0.21733333333333335,
2022-07-24 18:30:00,0.0,0.2481724598178129,8.519413928498576,518.9642020047297,0.21733333333333335,
2022-07-24 19:00:00,0.0,0.1847221920292132,7.824303759611809,476.62123133453144,0.21633333333333335,
2022-07-24 19:30:00,0.0,0.0682921697788772,7.535234118985709,459.0124149734093,0.21633333333333335,
2022-07-24 20:00:00,0.0,5.250970629162468e-05,6.824027905009706,415.68894596549967,0.215,
2022-07-24 20:30:00,0.0,5.02511739356622e-05,6.034290265260242,367.5816973395477,0.215,
2022-07-24 21:00:00,0.0,4.8445076254188e-05,5.535678459155474,337.2085190626118,0.21433333333333335,
2022-07-24 21:30:00,0.0,4.740795532632099e-05,4.413969898408301,268.87910192245624,0.21433333333333335,
2022-07-24 22:00:00,0.0,4.566138173833106e-05,3.4081307118750073,207.6079235097962,0.21433333333333335,
2022-07-24 22:30:00,0.0,0.0303011984337739,2.58562123478699,157.50436263098618,0.21433333333333335,
2022-07-24 23:00:00,0.0,0.029204018304727,2.1037348357235177,128.15002057814252,0.21433333333333335,
2022-07-24 23:30:00,0.0,0.0270346478551315,1.6108819753834314,98.12765125570044,0.21433333333333335,
2022-07-25 00:00:00,0.0,4.4094359420259534e-05,1.157869823656612,70.5321978838525,0.214,
2022-07-25 00:30:00,0.0,4.329726832991097e-05,0.8460737019289969,51.53898698242396,0.214,
2022-07-25 01:00:00,0.0,4.348347631312602e-05,0.7235756250344946,44.07695763906593,0.21366666666666667,
2022-07-25 01:30:00,0.0,4.278616268228681e-05,0.4408957258345524,26.85737545391798,0.21366666666666667,
2022-07-25 02:00:00,0.0,4.2510649923411175e-05,0.4231023287324033,25.773482100974924,0.213,
2022-07-25 02:30:00,0.0,4.191285371403597e-05,0.3339100234228259,20.340289872210363,0.213,
2022-07-25 03:00:00,0.0,4.032978325072914e-05,0.4231023287324033,25.773482100974924,0.213,
2022-07-25 03:30:00,0.0,3.8822256168481984e-05,0.262284052722533,15.977159375293354,0.213,
2022-07-25 04:00:00,0.0,3.842952129922892e-05,0.2802133395201144,17.069330514471773,0.213,
2022-07-25 04:30:00,0.0,0.0158311375230438,0.0821477964868836,5.004072581525071,0.213,
2022-07-25 05:00:00,0.0,0.0151600934046577,0.0278051715300373,1.6937654134189402,0.21333333333333335,
2022-07-25 05:30:00,0.0,3.692083777532704e-05,-0.0085013746132806,-0.5178653284313399,0.21333333333333335,
2022-07-25 06:00:00,0.0,0.0117395975371963,0.1002308750940166,6.105612022841244,0.213,
2022-07-25 06:30:00,0.0,0.0100944119237375,-0.0266781785636498,-1.6251140941644815,0.213,
2022-07-25 07:00:00,0.0,0.0095741640550818,0.1363505198331798,8.305857575654489,0.213,
2022-07-25 07:30:00,0.0,3.461619743987309e-05,0.4052939488191627,24.688676062879217,0.213,
2022-07-25 08:00:00,0.0,0.0135218254433687,0.4408957258345524,26.85737545391798,0.21233333333333335,
2022-07-25 08:30:00,0.0,0.0003635085509562,0.6356423908459183,38.72046233394676,0.21233333333333335,
2022-07-25 09:00:00,0.0,0.0136984136047706,0.9505134202716614,57.90098271853813,0.21233333333333335,
2022-07-25 09:30:00,0.0,0.0140851381162262,1.312076586657061,79.92577711077054,0.21233333333333335,
2022-07-25 10:00:00,0.0,0.0180697709221983,2.18200603553081,132.91794840614315,0.212,
2022-07-25 10:30:00,0.0,0.025470335215486,3.91516541246253,238.49418646022008,0.212,
2022-07-25 11:00:00,0.0,0.1343662350911038,4.83551450747973,294.55769478015816,0.21133333333333335,
2022-07-25 11:30:00,0.0,0.1424122002727684,5.480794595109043,333.86524205472824,0.21133333333333335,
2022-07-25 12:00:00,0.0,0.217439664864751,6.449824935349142,392.894191870024,0.24133333333333337,
2022-07-25 12:30:00,0.0,0.2026619157096644,6.786333722827535,413.3927867061222,0.24133333333333337,
2022-07-25 13:00:00,0.0,0.2551503090170156,6.932879932824304,422.319719657858,0.24833333333333332,
2022-07-25 13:30:00,0.0,0.3701149840774133,7.223263666072309,440.0085846038489,0.24833333333333332,
2022-07-25 14:00:00,0.0,0.4441654903849959,7.70374629549019,469.27741535274174,0.2416666666666667,
2022-07-25 14:30:00,0.0,0.4528102480226821,8.111636619106537,494.1242508366838,0.2416666666666667,
2022-07-25 15:00:00,0.0,0.1320583585992652,7.959489779462289,484.8561528329712,0.2346666666666667,
2022-07-25 15:30:00,0.0,0.1148676545857458,7.844743263616924,477.8663135637097,0.2346666666666667,
2022-07-25 16:00:00,0.0,0.4059154851997855,8.3881004267136,510.9651768090732,0.23033333333333336,
2022-07-25 16:30:00,0.0,0.4753148302640951,8.35058668832759,508.68000937043223,0.23033333333333336,
2022-07-25 17:00:00,0.0,0.2958487078542613,7.66514770075143,466.926163366957,0.22599999999999998,
2022-07-25 17:30:00,0.0,0.2125453096936135,6.272903177542989,382.11691779604024,0.22599999999999998,
2022-07-25 18:00:00,0.0,0.0486793317287291,5.438339355689002,331.279060701004,0.224,
2022-07-25 18:30:00,0.0,0.0295756182384674,5.956545558302766,362.8458410770279,0.224,
2022-07-25 19:00:00,0.0,0.0290571822222628,5.2391656053799025,319.1462957881871,0.22266666666666668,
2022-07-25 19:30:00,0.0,0.0311956407274381,5.067049562644224,308.66176416192826,0.22266666666666668,
2022-07-25 20:00:00,0.0,0.0312934489325609,4.820964737751581,293.6713885506812,0.22166666666666668,
2022-07-25 20:30:00,0.0,4.1503133350895544e-05,4.216196266167068,256.8316258759746,0.22166666666666668,
2022-07-25 21:00:00,0.0,4.1503133350895544e-05,3.656053682023711,222.7102706244808,0.221,
2022-07-25 21:30:00,0.0,4.100291423138871e-05,3.1285599454088793,190.57773564234105,0.221,
2022-07-25 22:00:00,0.0,4.0643821461540775e-05,2.79632961974434,170.33976536794037,0.22,
2022-07-25 22:30:00,0.0,3.992767215826984e-05,2.1491874725792344,130.91878984006695,0.22,
2022-07-25 23:00:00,0.0,3.948357461039692e-05,1.650836354635856,100.56149150801733,0.21933333333333335,
2022-07-25 23:30:00,0.0,3.9748922463591833e-05,1.4312518444130575,87.18539532619263,0.21933333333333335,
2022-07-26 00:00:00,0.0,3.926175095070809e-05,1.2115998816560467,73.80519024076439,0.21866666666666668,
2022-07-26 00:30:00,0.0,3.842952129922892e-05,0.9861666521202692,60.072816505520606,0.21866666666666668,
2022-07-26 01:00:00,0.0,3.799406494841691e-05,0.8462443480130618,51.54938197080992,0.21833333333333335,
2022-07-26 01:30:00,0.0,0.0189310224044003,0.7583232942685938,46.19362864330913,0.21833333333333335,
2022-07-26 02:00:00,0.0,3.821140429993432e-05,0.7935353659218678,48.33858894455079,0.21766666666666667,
2022-07-26 02:30:00,0.0,3.829855783190538e-05,0.7053955076641969,42.96950703476226,0.21766666666666667,
2022-07-26 03:00:00,0.0,3.816787418939945e-05,0.5458153979578164,33.2486078057006,0.217,
2022-07-26 03:30:00,0.0,3.769289681728121e-05,0.5458153979578164,33.2486078057006,0.217,
2022-07-26 04:00:00,0.0,3.795069047326455e-05,0.4923538931375522,29.99197449502051,0.21666666666666667,
2022-07-26 04:30:00,0.0,3.7649739217570726e-05,0.4745033502846438,28.90460008115124,0.21666666666666667,
2022-07-26 05:00:00,0.0,3.662332912531117e-05,0.4387570288678953,26.727095698297894,0.21666666666666667,
2022-07-26 05:30:00,0.0,3.649629532168442e-05,0.4029501989212179,24.54590540920586,0.21666666666666667,
2022-07-26 06:00:00,0.0,3.649629532168442e-05,0.4029501989212179,24.54590540920586,0.21633333333333335,
2022-07-26 06:30:00,0.0,3.666573640149513e-05,0.5991423217800862,36.49704305007997,0.21633333333333335,
2022-07-26 07:00:00,0.0,3.679314618140097e-05,0.9861666521202692,60.072816505520606,0.21566666666666667,
2022-07-26 07:30:00,0.0,3.726272530589475e-05,1.1251762861590997,68.54065530351701,0.21566666666666667,
2022-07-26 08:00:00,0.0,0.0005195403595519,1.7229452442290905,104.95403924184896,0.21466666666666667,
2022-07-26 08:30:00,0.0,0.0005313699471067,2.3209597004622498,141.3823778190107,0.21466666666666667,
2022-07-26 09:00:00,0.0,0.0177439096856852,2.91890282729513,177.80637133140556,0.21433333333333335,
2022-07-26 09:30:00,0.0,0.0179218362087845,3.43878296886868,209.47512050525535,0.21433333333333335,
2022-07-26 10:00:00,0.0,0.0248373717190093,4.188884264112525,255.1679021186427,0.21366666666666667,
2022-07-26 10:30:00,0.0,0.0271900547714925,5.561323595342156,338.7707048829185,0.21366666666666667,
2022-07-26 11:00:00,0.0,0.1779980242789749,6.748775483248969,411.1049084559069,0.21233333333333335,
2022-07-26 11:30:00,0.0,0.2462773544865627,7.373093380979474,449.1355338383834,0.21233333333333335,
2022-07-26 12:00:00,0.0,0.3674459893945613,7.904598882312723,481.5124474002233,0.211,
2022-07-26 12:30:00,0.0,0.404945912843249,7.968615172469351,485.4120305423577,0.211,
2022-07-26 13:00:00,0.0,0.4096824444828813,7.981397955626894,486.1906999339884,0.20933333333333334,
2022-07-26 13:30:00,0.0,0.351324717161197,8.045209990341792,490.07784075752994,0.20933333333333334,
2022-07-26 14:00:00,0.0,0.3154036466681826,8.273541999350552,503.9867950402867,0.207,
2022-07-26 14:30:00,0.0,0.2894252928702399,8.273541999350552,503.9867950402867,0.207,
2022-07-26 15:00:00,0.0,0.3427339082940335,8.185003188860264,498.5934107631316,0.204,
2022-07-26 15:30:00,0.0,0.4182500119248899,8.612044138256367,524.6068158384908,0.204,
2022-07-26 16:00:00,0.0,0.4696770648870398,8.386902638204104,510.89221294521855,0.20133333333333334,
2022-07-26 16:30:00,0.0,0.4501529349122216,8.64936554915354,526.8802675555335,0.20133333333333334,
2022-07-26 17:00:00,0.0,0.4138449217996956,8.512239182032278,518.5271488687138,0.19866666666666666,
2022-07-26 17:30:00,0.0,0.4034306107716785,8.248278337739881,502.44784692747794,0.19866666666666666,
2022-07-26 18:00:00,0.0,0.4313279895259513,9.056174756897631,551.6612463455024,0.19633333333333333,
2022-07-26 18:30:00,0.0,0.3892446229744998,8.248278337739881,502.44784692747794,0.19633333333333333,
2022-07-26 19:00:00,0.0,0.3725147942316223,7.711516728646738,469.750755030349,0.19466666666666665,
2022-07-26 19:30:00,0.0,0.3060133972178854,7.891775086251704,480.7312796878276,0.19466666666666665,
2022-07-26 20:00:00,0.0,0.168112378980287,7.594913844973263,462.6478342208985,0.19333333333333333,
2022-07-26 20:30:00,0.0,0.1436761113591192,6.600232748550424,402.0563562405298,0.19333333333333333,
2022-07-26 21:00:00,0.0,0.0460446098296915,5.786910648807566,352.51244887691024,0.19166666666666665,
2022-07-26 21:30:00,0.0,4.395203327120259e-05,4.694958709034202,285.9956706327675,0.19166666666666665,
2022-07-26 22:00:00,0.0,0.0276962783326066,3.593934816632029,218.92627002561397,0.19133333333333336,
2022-07-26 22:30:00,0.0,0.0265980488122587,2.742839372508985,167.08138119920403,0.19133333333333336,
2022-07-26 23:00:00,0.0,0.0258847353581103,2.057213967777879,125.31617950496548,0.19166666666666665,
2022-07-26 23:30:00,0.0,0.0331366428049798,1.5877728682723562,96.719948867767,0.19166666666666665,
2022-07-27 00:00:00,0.0,0.0309408607205219,1.3686816847376837,83.37390391871247,0.19166666666666665,
2022-07-27 00:30:00,0.0,0.0272434969883797,1.0214694563126,62.22330382307144,0.19166666666666665,
2022-07-27 01:00:00,0.0,0.0184564113120648,0.968897182054146,59.02083842027576,0.19166666666666665,
2022-07-27 01:30:00,0.0,0.0159916506105354,0.7395717764108262,45.05137090315155,0.19166666666666665,
2022-07-27 02:00:00,0.0,0.0153995491793199,0.5256665179442961,32.02122907692126,0.19133333333333336,
2022-07-27 02:30:00,0.0,0.0162530695444022,0.4898048149827653,29.83669617170516,0.19133333333333336,
2022-07-27 03:00:00,0.0,3.704881103455631e-05,0.3818536087035179,23.26079645696612,0.19133333333333336,
2022-07-27 03:30:00,0.0,3.586361836441259e-05,0.3276706040461422,19.96021263626789,0.19133333333333336,
2022-07-27 04:00:00,0.0,0.011874082407466,0.3095786764333847,18.858134153512832,0.19066666666666668,
2022-07-27 04:30:00,0.0,0.0161461520371542,0.2188857290346225,13.33352958924672,0.19066666666666668,
2022-07-27 05:00:00,0.0,3.5071174531835046e-05,0.0729607625353313,4.444439984321528,0.19066666666666668,
2022-07-27 05:30:00,0.0,3.461619743987309e-05,0.1642822126209503,10.007330092414945,0.19066666666666668,
2022-07-27 06:00:00,0.0,3.4657089110898426e-05,-0.0371505207548317,-2.263041861729237,0.19066666666666668,
2022-07-27 06:30:00,0.0,3.4205635288323394e-05,0.0729607625353313,4.444439984321528,0.19066666666666668,
2022-07-27 07:00:00,0.0,3.469801230712109e-05,0.2914712354206113,17.75511066452528,0.19033333333333333,
2022-07-27 07:30:00,0.0,3.482268077466148e-05,0.5256665179442961,32.02122907692126,0.19033333333333333,
2022-07-27 08:00:00,0.0,3.5236327077905795e-05,0.7927129324365297,48.28849001274603,0.19033333333333333,
2022-07-27 08:30:00,0.0,3.536052203677899e-05,0.7395717764108262,45.05137090315155,0.19033333333333333,
2022-07-27 09:00:00,0.0,3.78225567148035e-05,0.968897182054146,59.02083842027576,0.18966666666666665,
2022-07-27 09:30:00,0.0,4.1048409660363565e-05,2.2129226401224784,134.80124826283156,0.18966666666666665,
2022-07-27 10:00:00,0.0,4.456473885987298e-05,4.038939531097361,246.03394650067207,0.18966666666666665,
2022-07-27 10:30:00,0.0,5.297895826524656e-05,6.628529896634402,403.7800906426448,0.18966666666666665,
2022-07-27 11:00:00,0.0,0.159820167307328,7.989988827355739,486.714017022312,0.18833333333333335,
2022-07-27 11:30:00,0.0,0.2978399547541107,8.410250776134433,512.3144760106129,0.18833333333333335,
2022-07-27 12:00:00,0.0,0.3337258211118702,8.598889761136428,523.8055106216985,0.18666666666666668,
2022-07-27 12:30:00,0.0,0.3492344888773273,8.711373857107255,530.6575334948272,0.18666666666666668,
2022-07-27 13:00:00,0.0,0.4059595798017266,8.810925402288177,536.7217638088789,0.18433333333333335,
2022-07-27 13:30:00,0.0,0.5496189648751773,8.748753345162326,532.9345230099105,0.18433333333333335,
2022-07-27 14:00:00,0.0,0.5570291518609188,8.63644228625936,526.0930407730971,0.18166666666666667,
2022-07-27 14:30:00,0.0,0.614921178973408,8.698901270159833,529.8977598547121,0.18166666666666667,
2022-07-27 15:00:00,0.0,0.6802388129020447,8.798503662145361,535.9650875263518,0.17800000000000002,
2022-07-27 15:30:00,0.0,0.6514640801629447,8.62393122225283,525.3309232843976,0.17800000000000002,
2022-07-27 16:00:00,0.0,0.7430898701301359,8.761200443987958,533.692744028813,0.17466666666666666,
2022-07-27 16:30:00,0.0,0.761778664824079,8.63644228625936,526.0930407730971,0.17466666666666666,
2022-07-27 17:00:00,0.0,0.7168390979038487,8.485882546054295,516.921621695995,0.17166666666666666,
2022-07-27 17:30:00,0.0,0.6421962357515533,9.131695653507585,556.2616381298199,0.17166666666666666,
2022-07-27 18:00:00,0.0,0.5468487147568176,8.054138196089076,490.62170671003094,0.16966666666666666,
2022-07-27 18:30:00,0.0,0.5292327729444184,8.245566304791039,502.28264213441133,0.16966666666666666,
2022-07-27 19:00:00,0.0,0.2299718453248615,7.575313548316023,461.45387271143903,0.169,
2022-07-27 19:30:00,0.0,0.0687395799044625,6.682894472251289,407.0917349457778,0.169,
2022-07-27 20:00:00,0.0,0.0083387922910375,7.033225306641205,428.43230642554096,0.16733333333333333,
2022-07-27 20:30:00,0.0,0.0078532985582118,6.628529896634402,403.7800906426448,0.16733333333333333,
2022-07-27 21:00:00,0.0,5.2771351588549656e-05,5.670164436356562,345.4007971259561,0.167,
2022-07-27 21:30:00,0.0,5.070769872564525e-05,4.251294980180403,258.96968094199167,0.167,
2022-07-27 22:00:00,0.0,4.9746028364174434e-05,3.389451826096177,206.47009018770325,0.16733333333333333,
2022-07-27 22:30:00,0.0,0.0438130318101658,2.6554850099245217,161.76014813660683,0.16733333333333333,
2022-07-27 23:00:00,0.0,0.0405405142006536,1.9798454088237685,120.60323647920598,0.16733333333333333,
2022-07-27 23:30:00,0.0,0.0382680989661344,1.5572752991804022,94.8621747603315,0.16733333333333333,
2022-07-28 00:00:00,0.0,0.0514412211790704,1.4568153745694483,88.74261007586652,0.167,
2022-07-28 00:30:00,0.0,0.0336487769381365,1.144101823871242,69.69351354690362,0.167,
2022-07-28 01:00:00,0.0,4.260172388202845e-05,1.0564190835748564,64.35227719785335,0.167,
2022-07-28 01:30:00,0.0,0.0282165434056235,0.8799644942296716,53.60346091563586,0.167,
2022-07-28 02:00:00,0.0,0.0264604268291569,0.5945565073542377,36.21769595601623,0.167,
2022-07-28 02:30:00,0.0,0.0252866863305984,0.6304430569790586,38.403742407691624,0.167,
2022-07-28 03:00:00,0.0,0.0227471560673007,0.3416333326988978,20.810758975945852,0.167,
2022-07-28 03:30:00,0.0,0.0212095300316322,0.4865307701887286,29.63725615644998,0.167,
2022-07-28 04:00:00,0.0,0.0203493822260263,0.3960862968589222,24.12778750974776,0.167,
2022-07-28 04:30:00,0.0,0.0189057573577569,0.232304423350468,14.150935815310374,0.167,
2022-07-28 05:00:00,0.0,0.0180329906785474,0.2870396520829185,17.485158631466998,0.16666666666666666,
2022-07-28 05:30:00,0.0,0.0172700397645538,0.1957352190656526,11.923305126286934,0.16666666666666666,
2022-07-28 06:00:00,0.0,0.0164532408288828,0.1224059588055571,7.456417925610173,0.16666666666666666,
2022-07-28 06:30:00,0.0,0.0163409349836933,0.2505652787956557,15.263304618325645,0.16666666666666666,
2022-07-28 07:00:00,0.0,0.0155832312066847,0.4865307701887286,29.63725615644998,0.16666666666666666,
2022-07-28 07:30:00,0.0,0.0155776095136194,0.791185699050423,48.19545785558736,0.16666666666666666,
2022-07-28 08:00:00,0.0,0.0155986170370005,0.9153725421942114,55.76035920825127,0.16633333333333333,
2022-07-28 08:30:00,0.0,0.0163217522054955,1.3010296297186292,79.25284640916955,0.16633333333333333,
2022-07-28 09:00:00,0.0,4.2510649923411175e-05,1.8837182066907436,114.74760167092,0.16633333333333333,
2022-07-28 09:30:00,0.0,4.6336447100012454e-05,3.386154547480546,206.26923487301735,0.16633333333333333,
2022-07-28 10:00:00,0.0,5.014907667127019e-05,4.748366821633825,289.24905153061604,0.16533333333333333,
2022-07-28 10:30:00,0.0,5.742076975340949e-05,6.860536380826033,417.9128773506211,0.16533333333333333,
2022-07-28 11:00:00,0.0,0.1747450199249016,7.946254677107829,484.0499301996446,0.16466666666666666,
2022-07-28 11:30:00,0.0,0.1852708324918396,8.075339167233668,491.91317407669726,0.16466666666666666,
2022-07-28 12:00:00,0.0,0.2295022105819827,8.547029135538416,520.6463956397504,0.163,
2022-07-28 12:30:00,0.0,0.2256957216415683,8.318708352738629,506.7381252069191,0.163,
2022-07-28 13:00:00,0.0,0.4605819524708146,8.547029135538416,520.6463956397504,0.161,
2022-07-28 13:30:00,0.0,0.4844445902016592,8.34418394705935,508.2899833028174,0.161,
2022-07-28 14:00:00,0.0,0.5451507856320336,8.785727227354858,535.1868048485564,0.15866666666666665,
2022-07-28 14:30:00,0.0,0.542083312710393,8.835682801478958,538.2298727025878,0.15866666666666665,
2022-07-28 15:00:00,0.0,0.7061581169166752,8.597476415135956,523.7194159694786,0.15366666666666665,
2022-07-28 15:30:00,0.0,0.5299590434909828,8.267676431985839,503.629491179683,0.15366666666666665,
2022-07-28 16:00:00,0.0,0.3207092342315808,8.53440092140722,519.8771418947928,0.151,
2022-07-28 16:30:00,0.0,0.3526313941378924,8.55965078349833,521.4152494032223,0.151,
2022-07-28 17:00:00,0.0,0.6677398267991842,8.458493269681115,515.2531907363317,0.14933333333333332,
2022-07-28 17:30:00,0.0,0.640398713524293,8.12677946864342,495.0466848083093,0.14933333333333332,
2022-07-28 18:00:00,0.0,0.6602424910117451,7.920354262900053,482.47219399575306,0.14733333333333332,
2022-07-28 18:30:00,0.0,0.3980068916333634,8.113929699608311,494.2639349396894,0.14733333333333332,
2022-07-28 19:00:00,0.0,0.5343219044522175,8.216536396837546,500.51427131198193,0.14666666666666664,
2022-07-28 19:30:00,0.0,0.3434588166089928,7.946254677107829,484.0499301996446,0.14666666666666664,
2022-07-28 20:00:00,0.0,0.2449995491842656,7.672892534256725,467.39794362948066,0.14633333333333332,
2022-07-28 20:30:00,0.0,0.0139226445011157,6.928184283651451,422.0336819272892,0.14633333333333332,
2022-07-28 21:00:00,0.0,0.1066595933002595,6.339925581251213,386.19961979277343,0.146,
2022-07-28 21:30:00,0.0,0.0971448499147444,4.925871932128102,300.0618608145122,0.146,
2022-07-28 22:00:00,0.0,0.1227044802994248,3.93181273729028,239.50826626867345,0.14666666666666664,
2022-07-28 22:30:00,0.0,0.1162084707519109,2.9074807873987596,177.11059227079937,0.14666666666666664,
2022-07-28 23:00:00,0.0,0.1045119897910155,2.335485518010056,142.2672249898879,0.14733333333333332,
2022-07-28 23:30:00,0.0,0.0960427535544261,1.782030783815912,108.55326333860528,0.14733333333333332,
2022-07-29 00:00:00,0.0,0.0615448718325651,1.5276092397050356,93.05505246160644,0.147,
2022-07-29 00:30:00,0.0,0.0821922921091813,1.4062566039211954,85.66279821509514,0.147,
2022-07-29 01:00:00,0.0,0.0567360863317754,1.2667214291429856,77.16294584988367,0.14733333333333332,
2022-07-29 01:30:00,0.0,0.0795771061640482,1.1614697005227002,70.75148611668214,0.14733333333333332,
2022-07-29 02:00:00,0.0,0.0538255882518091,0.9493969771452138,57.832974047863914,0.147,
2022-07-29 02:30:00,0.0,4.3344266036965424e-05,0.8960474851532919,54.58316405256242,0.147,
2022-07-29 03:00:00,0.0,0.0513758587119922,0.5188037306817397,31.603179086026113,0.14733333333333332,
2022-07-29 03:30:00,0.0,3.983823569405072e-05,0.609233836760633,37.11177254472036,0.14733333333333332,
2022-07-29 04:00:00,0.0,4.073247111652964e-05,0.7531247012776217,45.876953847865465,0.147,
2022-07-29 04:30:00,0.0,4.019484801603504e-05,0.5006712915308911,30.498632823419776,0.147,
2022-07-29 05:00:00,0.0,3.8954333049748784e-05,0.4279857966375763,26.07096090006768,0.147,
2022-07-29 05:30:00,0.0,3.739144891428285e-05,0.5731080915360967,34.91115537790291,0.147,
2022-07-29 06:00:00,0.0,3.5277693922599674e-05,0.3733072923733754,22.740193482210316,0.14733333333333332,
2022-07-29 06:30:00,0.0,3.5947332179102164e-05,0.2635239634463138,16.052689134115322,0.14733333333333332,
2022-07-29 07:00:00,0.0,3.511241543644672e-05,0.609233836760633,37.11177254472036,0.14733333333333332,
2022-07-29 07:30:00,0.0,3.577829014767662e-05,1.1086487950131851,67.53387522149893,0.14733333333333332,
2022-07-29 08:00:00,0.0,3.696346423972096e-05,1.3714579307129084,83.54302027920316,0.147,
2022-07-29 08:30:00,0.0,3.825496551648326e-05,1.6997894906660436,103.5434953628309,0.147,
2022-07-29 09:00:00,0.0,4.182074367647945e-05,2.241707671836022,136.55470233118348,0.14666666666666664,
2022-07-29 09:30:00,0.0,4.575834189264077e-05,3.413853177104411,207.95651023491624,0.14666666666666664,
2022-07-29 10:00:00,0.0,5.199275106174824e-05,4.677263847159916,284.9177796006797,0.14633333333333332,
2022-07-29 10:30:00,0.0,5.8910939796128936e-05,6.711324830615056,408.8235839162341,0.14633333333333332,
2022-07-29 11:00:00,0.0,0.165939165021747,7.744235892879664,471.74385867561296,0.14566666666666664,
2022-07-29 11:30:00,0.0,0.1753055914217697,7.914277068394282,482.1019987659421,0.14566666666666664,
2022-07-29 12:00:00,0.0,0.221328745600004,8.083120509193243,492.38717826929417,0.14366666666666664,
2022-07-29 12:30:00,0.0,0.4253996300751395,8.340588287144174,508.0709519475833,0.14366666666666664,
2022-07-29 13:00:00,0.0,0.4362173181660551,8.455559313099585,515.0744673583118,0.142,
2022-07-29 13:30:00,0.0,0.4677660836815051,8.250786871738898,502.6006554840203,0.142,
2022-07-29 14:00:00,0.0,0.5225372391596889,8.531904622052211,519.7250786174817,0.1396666666666667,
2022-07-29 14:30:00,0.0,0.7285486452569537,8.199321371511694,499.4656097543088,0.1396666666666667,
2022-07-29 15:00:00,0.0,0.7450069970415181,8.225067849102855,501.0339688350706,0.13633333333333333,
2022-07-29 15:30:00,0.0,0.4696809666695797,7.901239767930462,481.30782533003594,0.13633333333333333,
2022-07-29 16:00:00,0.0,0.2578915776552819,8.134834583806457,495.53736602743135,0.135,
2022-07-29 16:30:00,0.0,0.0251699272628557,7.466969666933507,454.85405300369047,0.135,
2022-07-29 17:00:00,0.0,0.5836451594038227,8.327779933355837,507.2907249086642,0.13533333333333333,
2022-07-29 17:30:00,0.0,0.2779266050706445,7.914277068394282,482.1019987659421,0.13533333333333333,
2022-07-29 18:00:00,0.0,0.3788030586670901,8.186437814377042,498.6808016673345,0.13466666666666668,
2022-07-29 18:30:00,0.0,0.3709013876479419,6.60136592115784,402.1253839955933,0.13466666666666668,
2022-07-29 19:00:00,0.2,0.0237352289173549,5.702463794943571,347.36832810814025,0.13433333333333333,
2022-07-29 19:30:00,0.2,0.0208406572633177,3.0784009281410776,187.5222749512423,0.13433333333333333,
2022-07-29 20:00:00,7.6,0.0115677213435319,2.639441171344853,160.78282998356602,0.14833333333333334,
2022-07-29 20:30:00,0.0,3.988293852646097e-05,1.6138717046784428,98.30977205541949,0.14833333333333334,
2022-07-29 21:00:00,0.0,0.0102808543653316,1.091012748661242,66.45956696527742,0.30733333333333335,
2022-07-29 21:30:00,0.0,0.0107545643245219,0.8604067316652052,52.41209039092007,0.30733333333333335,
2022-07-29 22:00:00,0.0,0.0083195641273125,0.681301217221367,41.50179172975688,0.27599999999999997,
2022-07-29 22:30:00,0.0,3.7779305572449985e-05,0.555022100437725,33.80943852078041,0.27599999999999997,
2022-07-29 23:00:00,0.0,0.0072606933366368,0.555022100437725,33.80943852078041,0.26766666666666666,
2022-07-29 23:30:00,0.0,3.700612199468409e-05,0.4643597528005088,28.28669795572428,0.26766666666666666,
2022-07-30 00:00:00,0.0,0.0063569388627756,0.3862637150055202,23.529440206052985,0.26299999999999996,
2022-07-30 00:30:00,0.0,3.6073138475722e-05,0.4045974423412524,24.64624803537245,0.26299999999999996,
2022-07-30 01:00:00,0.0,3.5947332179102164e-05,0.4412172783072985,26.8769629776399,0.25933333333333336,
2022-07-30 01:30:00,0.0,3.540371153436868e-05,0.2390183014371083,14.559914932046915,0.25933333333333336,
2022-07-30 02:00:00,0.0,3.515368783130449e-05,0.1650085429728194,10.051574855565686,0.2563333333333333,
2022-07-30 02:30:00,0.0,3.4657089110898426e-05,0.1650085429728194,10.051574855565686,0.2563333333333333,
2022-07-30 03:00:00,0.0,3.4165093201904455e-05,0.2020458911526433,12.30772275538972,0.25466666666666665,
2022-07-30 03:30:00,0.0,3.4165093201904455e-05,0.0721293578638301,4.393794568391527,0.25466666666666665,
2022-07-30 04:00:00,0.0,3.3716191316882116e-05,0.1093301925292124,6.659901326210776,0.25300000000000006,
2022-07-30 04:30:00,0.0,3.331269792334119e-05,0.0907379905726457,5.5273483908939145,0.25300000000000006,
2022-07-30 05:00:00,0.0,3.3798281318612486e-05,-0.0585939209683405,-3.569276911871102,0.25133333333333335,
2022-07-30 05:30:00,0.0,3.2311510725841314e-05,0.0535042613490256,3.259237845219134,0.25133333333333335,
2022-07-30 06:00:00,0.0,3.271019973049637e-05,0.0535042613490256,3.259237845219134,0.25,
2022-07-30 06:30:00,0.0,3.1995235324696024e-05,0.0348626678772885,2.1236762019710325,0.25,
2022-07-30 07:00:00,0.0,3.355407484649961e-05,0.0721293578638301,4.393794568391527,0.24900000000000003,
2022-07-30 07:30:00,0.0,3.453450868479409e-05,0.1650085429728194,10.051574855565686,0.24900000000000003,
2022-07-30 08:00:00,0.0,0.0003164409144857,0.4229152863198858,25.76208832234557,0.248,
2022-07-30 08:30:00,0.0,0.000338105284451,0.5506980835511344,33.546038949889976,0.248,
2022-07-30 09:00:00,0.0,3.803747056451597e-05,0.8578587555993925,52.256879201885305,0.24633333333333338,
2022-07-30 09:30:00,0.0,3.904253920677047e-05,1.107525635121999,67.4654573958662,0.24633333333333338,
2022-07-30 10:00:00,0.0,4.127444219376738e-05,2.095013910764654,127.61878123468485,0.24500000000000002,
2022-07-30 10:30:00,0.0,4.7311103441097886e-05,4.498375821156961,274.02072935262515,0.24500000000000002,
2022-07-30 11:00:00,0.0,0.1517034894714407,6.419525947392286,391.0485144280604,0.2436666666666667,
2022-07-30 11:30:00,0.0,0.1674027902466953,7.617227841410505,464.0071020592474,0.2436666666666667,
2022-07-30 12:00:00,0.0,0.3424557433452184,8.336247771613442,507.80654735384,0.24233333333333337,
2022-07-30 12:30:00,0.0,0.1947938679461983,7.999030067976444,487.2647685485597,0.24233333333333337,
2022-07-30 13:00:00,0.0,0.0429123134853866,7.828630414993982,476.88479163065085,0.23933333333333331,
2022-07-30 13:30:00,0.0,0.0433066384275032,8.541450059929073,520.306543562386,0.23933333333333331,
2022-07-30 14:00:00,0.0,0.0320934006092648,8.310474713185645,506.2365690886144,0.23666666666666666,
2022-07-30 14:30:00,0.2,0.2717952202132108,6.91688116374713,421.34514693526495,0.23666666666666666,
2022-07-30 15:00:00,0.0,0.1717267199777302,6.279470346806633,382.5169600741758,0.2353333333333333,
2022-07-30 15:30:00,0.0,0.380489361166595,8.012087729583651,488.0601822933202,0.2353333333333333,
2022-07-30 16:00:00,0.0,0.4246809671425299,8.090285029182262,492.82360845452206,0.23466666666666666,
2022-07-30 16:30:00,0.0,0.3299930170448754,8.25884595243511,503.09157826550546,0.23466666666666666,
2022-07-30 17:00:00,0.0,0.4055291726181119,8.503106761008334,517.9708430442945,0.22966666666666669,
2022-07-30 17:30:00,0.0,0.4619201742209359,8.732264101024683,531.9300727628192,0.22966666666666669,
2022-07-30 18:00:00,0.0,0.365951187202799,8.012087729583651,488.0601822933202,0.226,
2022-07-30 18:30:00,0.0,0.4062679828395355,8.051218180228016,490.4438325377117,0.226,
2022-07-30 19:00:00,0.0,0.226828006617239,6.834718422003156,416.3401639562073,0.22466666666666668,
2022-07-30 19:30:00,0.0,0.1066883104393827,5.854156300904133,356.60875015672525,0.22466666666666668,
2022-07-30 20:00:00,0.0,0.150106392589769,4.889796662378744,297.86431838557195,0.224,
2022-07-30 20:30:00,0.0,0.1567806676388797,4.93452772443454,300.5891325710826,0.224,
2022-07-30 21:00:00,0.0,0.0465941767465391,4.964299485798463,302.4026937512501,0.223,
2022-07-30 21:30:00,0.0,4.456473885987298e-05,3.7416271020406704,227.9230167129601,0.223,
2022-07-30 22:00:00,0.0,0.0302890457391785,3.088019454203255,188.108192098151,0.22266666666666668,
2022-07-30 22:30:00,0.0,0.0396165957991815,2.246881528538868,136.86987030372413,0.22266666666666668,
2022-07-30 23:00:00,0.0,0.0373931797636588,1.873751417080846,114.1404698822946,0.22233333333333336,
2022-07-30 23:30:00,0.0,0.0239560291033342,1.4592048188104787,88.88816422245317,0.22233333333333336,
2022-07-31 00:00:00,0.0,0.0226495541562036,1.283265540829187,78.170738380117,0.22266666666666668,
2022-07-31 00:30:00,0.0,0.0203981837969952,1.1769000213965275,71.69143154323028,0.22266666666666668,
2022-07-31 01:00:00,0.0,0.0187776534496127,1.0521339721834695,64.09124757393835,0.222,
2022-07-31 01:30:00,0.0,0.0176271583039164,0.9266338774681194,56.44634886939236,0.222,
2022-07-31 02:00:00,0.0,0.0181366346168367,0.8726209454796583,53.156125107220085,0.22166666666666668,
2022-07-31 02:30:00,0.0,0.0164385024849206,0.764181910769756,46.5505090887124,0.22166666666666668,
2022-07-31 03:00:00,0.0,0.0218248347844784,0.5822107364051793,35.46564737350999,0.22133333333333335,
2022-07-31 03:30:00,0.0,0.0222403832766057,0.6733913801091206,41.01996019305776,0.22133333333333335,
2022-07-31 04:00:00,0.0,0.0201092520334722,0.6369661508490793,38.801099812000054,0.22133333333333335,
2022-07-31 04:30:00,0.0,0.0139143953353427,0.5456283855491708,33.23721585477155,0.22133333333333335,
2022-07-31 05:00:00,0.0,0.0186668199310172,0.5273134944251271,32.12155544235772,0.221,
2022-07-31 05:30:00,0.0,0.0183419873850324,0.5273134944251271,32.12155544235772,0.221,
2022-07-31 06:00:00,0.0,0.0179112019059199,0.5822107364051793,35.46564737350999,0.221,
2022-07-31 06:30:00,0.0,0.0128684797396835,0.5273134944251271,32.12155544235772,0.221,
2022-07-31 07:00:00,0.0,0.0126941173580434,0.7822935387259163,47.65378762737261,0.22066666666666668,
2022-07-31 07:30:00,0.0,3.445124818432026e-05,1.1769000213965275,71.69143154323028,0.22066666666666668,
2022-07-31 08:00:00,0.0,0.0137849116939816,1.5992295967126344,97.41784099772973,0.22,
2022-07-31 08:30:00,0.0,0.016626323053672,1.703526314641261,103.77112579476048,0.22,
2022-07-31 09:00:00,0.0,3.983823569405072e-05,2.769316530079138,168.69425000274734,0.21933333333333335,
2022-07-31 09:30:00,0.0,4.357773870443802e-05,3.97398280457562,242.07707622448683,0.21933333333333335,
2022-07-31 10:00:00,0.0,4.745745403442763e-05,5.41218580877718,329.68590479654864,0.21866666666666668,
2022-07-31 10:30:00,0.0,5.3450333333990725e-05,7.149502545921683,435.515390449977,0.21866666666666668,
2022-07-31 11:00:00,0.0,0.1510701551813174,8.005079290254773,487.6332598366659,0.21733333333333335,
2022-07-31 11:30:00,0.0,0.1652829738597629,8.640099613146141,526.3158286016024,0.21733333333333335,
2022-07-31 12:00:00,0.0,0.3977111059575186,8.843902994531813,538.730609720862,0.21566666666666667,
2022-07-31 12:30:00,0.0,0.4278024472946182,8.91989250272006,543.3595472051328,0.21566666666666667,
2022-07-31 13:00:00,0.0,0.43415345545941,9.0585966107951,551.808774741918,0.21233333333333335,
2022-07-31 13:30:00,0.0,0.565700422952798,8.932534488711616,544.129639869596,0.21233333333333335,
2022-07-31 14:00:00,0.0,0.6833917181114244,9.008249579701545,548.7418610980848,0.20933333333333334,
2022-07-31 14:30:00,0.0,0.7074261691531181,9.02084603553659,549.5091802711389,0.20933333333333334,
2022-07-31 15:00:00,0.0,0.6813915479115663,8.818520538540863,537.1844251911727,0.204,
2022-07-31 15:30:00,0.0,0.7111083909755544,8.729473403462626,531.7600760769575,0.204,
2022-07-31 16:00:00,0.0,0.7086860097395552,9.083731416916375,553.3398735605394,0.19999999999999998,
2022-07-31 16:30:00,0.0,0.6407568973387326,9.008249579701545,548.7418610980848,0.19999999999999998,
2022-07-31 17:00:00,0.0,0.7336175925615265,8.818520538540863,537.1844251911727,0.19666666666666666,
2022-07-31 17:30:00,0.0,0.6338715394390607,8.818520538540863,537.1844251911727,0.19666666666666666,
2022-07-31 18:00:00,0.0,0.578723559013519,8.550396166307879,520.8514999404763,0.19400000000000003,
2022-07-31 18:30:00,0.0,0.4764337260064906,8.357050220585437,509.073738550453,0.19400000000000003,
2022-07-31 19:00:00,0.0,0.4528086983420852,8.070648427248925,491.6274353916862,0.19299999999999998,
2022-07-31 19:30:00,0.0,0.4150398141635015,7.122262602436425,433.8560561750931,0.19299999999999998,
2022-07-31 20:00:00,0.0,0.3362169385071661,7.094991188034024,432.19480483413656,0.19200000000000003,
2022-07-31 20:30:00,0.0,0.2339534055349859,6.105716248755973,371.9326455195944,0.19200000000000003,
2022-07-31 21:00:00,0.0,0.0832718286896272,5.235476962728596,318.9216003448054,0.19099999999999998,
2022-07-31 21:30:00,0.0,5.009806949518672e-05,4.083149842732227,248.72703892352283,0.19099999999999998,
2022-07-31 22:00:00,0.0,4.934261508920132e-05,3.064494271663871,186.67514427513967,0.19099999999999998,
2022-07-31 22:30:00,0.0,4.819712144822785e-05,2.5202569142250404,153.52266356756343,0.19099999999999998,
2022-07-31 23:00:00,0.0,4.839501247742243e-05,2.166719222419905,131.98674482408,0.19099999999999998,
2022-07-31 23:30:00,0.0,4.740795532632099e-05,1.6861785962344724,102.71438117416324,0.19099999999999998,
2022-08-01 00:00:00,0.0,0.0265705237101485,1.0864926887845412,66.18422534123931,0.19066666666666668,
2022-08-01 00:30:00,0.0,0.026692822012222,0.945450170618512,57.59255242769293,0.19066666666666668,
2022-08-01 01:00:00,0.0,0.023508406222137,0.8745772410395773,53.275293793312755,0.19066666666666668,
2022-08-01 01:30:00,0.0,0.0209455666025501,0.6963547368778223,42.418784128699,0.19066666666666668,
2022-08-01 02:00:00,0.0,0.0202045148140767,0.5526916290604998,33.667476734591006,0.19066666666666668,
2022-08-01 02:30:00,0.0,0.0209259990281073,0.4443014516712742,27.064836883299744,0.19066666666666668,
2022-08-01 03:00:00,0.0,4.0777784320328945e-05,0.3717316208030544,22.64421068973467,0.19066666666666668,
2022-08-01 03:30:00,0.0,4.1638800712387125e-05,0.2441315661009205,14.871391911351514,0.19066666666666668,
2022-08-01 04:00:00,0.0,4.10939356366709e-05,0.2075322757101776,12.641928512697444,0.19066666666666668,
2022-08-01 04:30:00,0.0,3.988293852646097e-05,0.2441315661009205,14.871391911351514,0.19066666666666668,
2022-08-01 05:00:00,0.0,3.961703941799172e-05,0.2075322757101776,12.641928512697444,0.19000000000000003,
2022-08-01 05:30:00,0.0,4.050824563260603e-05,0.0420444142871617,2.561155742920749,0.19000000000000003,
2022-08-01 06:00:00,0.0,4.028477412003767e-05,0.0050920249632978,0.3101831527197246,0.19000000000000003,
2022-08-01 06:30:00,0.0,3.891027643412545e-05,0.1157551243135847,7.051279139801667,0.19000000000000003,
2022-08-01 07:00:00,0.0,3.816787418939945e-05,0.1525139586201246,9.290461232915384,0.19000000000000003,
2022-08-01 07:30:00,0.0,3.7779305572449985e-05,0.2989117474829993,18.20835303980734,0.19000000000000003,
2022-08-01 08:00:00,0.0,3.838583573054792e-05,0.6963547368778223,42.418784128699,0.19000000000000003,
2022-08-01 08:30:00,0.0,3.9439148086964545e-05,0.9984505243485348,60.82109449764222,0.19000000000000003,
2022-08-01 09:00:00,0.0,4.127444219376738e-05,1.452359151131792,88.47115707925343,0.19000000000000003,
2022-08-01 09:30:00,0.0,4.518435943116703e-05,2.7593774336967067,168.08880516040884,0.19000000000000003,
2022-08-01 10:00:00,0.0,4.8097303501445835e-05,4.222188733776475,257.19665992609305,0.18899999999999997,
2022-08-01 10:30:00,0.0,5.424210645149853e-05,6.370148922023756,388.0406891500765,0.18899999999999997,
2022-08-01 11:00:00,0.0,0.1435328161005073,7.187042180788772,437.8021353852335,0.18866666666666668,
2022-08-01 11:30:00,0.0,0.1558032731932805,7.97663827806458,485.90076188324247,0.18866666666666668,
2022-08-01 12:00:00,0.0,0.3840715795534608,8.526927293007008,519.4218822218448,0.18699999999999997,
2022-08-01 12:30:00,0.0,0.5614657541365512,8.703424765840072,530.1733107723772,0.18699999999999997,
2022-08-01 13:00:00,0.0,0.6162140187333045,8.602726058720364,524.039200536405,0.18466666666666667,
2022-08-01 13:30:00,0.0,0.6323837867070419,8.65312751794378,527.1094296959786,0.18466666666666667,
2022-08-01 14:00:00,0.0,0.8008435679838998,8.640536943940884,526.3424688175622,0.18166666666666664,
2022-08-01 14:30:00,0.0,0.9588450821203598,8.400067261393025,511.6941423062368,0.18166666666666664,
2022-08-01 15:00:00,0.0,0.8758878078194716,8.816215315634869,537.0440014277668,0.17699999999999996,
2022-08-01 15:30:00,0.0,0.8723106867536721,8.640536943940884,526.3424688175622,0.17699999999999996,
2022-08-01 16:00:00,0.0,0.8227434479595016,8.400067261393025,511.6941423062368,0.17266666666666666,
2022-08-01 16:30:00,0.0,0.8798298264596016,8.412783200799971,512.4687398786111,0.17266666666666666,
2022-08-01 17:00:00,0.0,0.8042464333219602,8.170028800531096,497.6812386870971,0.16933333333333334,
2022-08-01 17:30:00,0.0,0.9430271795435896,8.476262937285014,516.3356385954618,0.16933333333333334,
2022-08-01 18:00:00,0.0,0.6813247790461564,7.532420274644259,458.84100829033434,0.16733333333333333,
2022-08-01 18:30:00,0.0,0.4587685427083528,9.736506629672514,593.1039899915107,0.16733333333333333,
2022-08-01 19:00:00,0.0,0.6674836786067814,8.041274791791583,489.8381262428368,0.167,
2022-08-01 19:30:00,0.0,0.7749406162183614,8.105737916960345,493.76492855491017,0.167,
2022-08-01 20:00:00,0.0,0.7339410062817918,7.532420274644259,458.84100829033434,0.166,
2022-08-01 20:30:00,0.0,0.6752777791335527,7.025920569864107,427.98733486714536,0.166,
2022-08-01 21:00:00,0.0,0.2268749135061034,6.161382970268213,375.3236106669951,0.16533333333333333,
2022-08-01 21:30:00,0.0,0.1911427222056783,4.867414748311632,296.50091331209353,0.16533333333333333,
2022-08-01 22:00:00,0.0,0.2240772234163367,3.714107265744558,226.2466326327198,0.166,
2022-08-01 22:30:00,0.0,0.2215767950854126,3.162220755978288,192.62820012764448,0.166,
2022-08-01 23:00:00,0.0,0.0733210782902861,2.4316771821794276,148.1267865341598,0.166,
2022-08-01 23:30:00,0.0,0.0763872887621571,1.9306778710007104,117.60817223593384,0.166,
2022-08-02 00:00:00,0.0,0.0400446864989193,1.5401510334216038,93.81904186539091,0.16666666666666666,
2022-08-02 00:30:00,0.0,0.0402311715872686,1.22795479320892,74.80145755376613,0.16666666666666666,
2022-08-02 01:00:00,0.0,4.059859886703179e-05,0.9465687726493924,57.6606926090703,0.167,
2022-08-02 01:30:00,0.0,4.050824563260603e-05,0.8400840076222784,51.174121869374304,0.167,
2022-08-02 02:00:00,0.0,3.983823569405072e-05,0.7151741394050647,43.56517709618771,0.16733333333333333,
2022-08-02 02:30:00,0.0,3.952803201248042e-05,0.6075205817193067,37.00740878885468,0.16733333333333333,
2022-08-02 03:00:00,0.0,0.032473850605712,0.4268738752278102,26.003227671942565,0.167,
2022-08-02 03:30:00,0.0,0.0337379991566063,0.408724114244739,24.89762624158501,0.167,
2022-08-02 04:00:00,0.0,0.0947694919240411,0.1897019753740937,11.555787181488382,0.167,
2022-08-02 04:30:00,0.0,0.0969482507981327,0.4268738752278102,26.003227671942565,0.167,
2022-08-02 05:00:00,0.0,0.0717935893999079,0.4993176057879743,30.41617240451843,0.167,
2022-08-02 05:30:00,0.0,3.6073138475722e-05,0.3723777850123979,22.683572093709213,0.167,
2022-08-02 06:00:00,0.0,0.0339054654526395,0.3359688416797045,20.46570377775845,0.16733333333333333,
2022-08-02 06:30:00,0.0,0.0497592735158413,0.2994970377170663,18.24400627626386,0.16733333333333333,
2022-08-02 07:00:00,0.0,0.0340925327085366,0.4450080744958478,27.107881152935057,0.16766666666666666,
2022-08-02 07:30:00,0.0,0.0332754429871125,0.8400840076222784,51.174121869374304,0.16766666666666666,
2022-08-02 08:00:00,0.0,3.519499171295756e-05,1.22795479320892,74.80145755376613,0.16766666666666666,
2022-08-02 08:30:00,0.0,3.709153135362674e-05,1.7116512503443255,104.26606016570068,0.16766666666666666,
2022-08-02 09:00:00,0.0,3.5445205572522415e-05,2.1847205420573292,133.0833038783851,0.167,
2022-08-02 09:30:00,0.0,3.921747894829718e-05,2.631322864224418,160.28829939592873,0.167,
2022-08-02 10:00:00,0.0,0.0101792986980769,3.826166817578223,233.07279419529272,0.16633333333333333,
2022-08-02 10:30:00,0.0,0.0879234584611683,4.812170432323217,293.1356792005873,0.16633333333333333,
2022-08-02 11:00:00,0.0,0.0902064672081132,6.082203970334155,370.5003837571186,0.16533333333333333,
2022-08-02 11:30:00,0.0,0.0992337672610405,6.691916454629092,407.6413133468853,0.16533333333333333,
2022-08-02 12:00:00,0.0,0.2641079071623836,7.419145151930368,451.9407996422305,0.164,
2022-08-02 12:30:00,0.0,0.2653389087779235,7.982697175326827,486.26984252765305,0.164,
2022-08-02 13:00:00,0.0,0.5609214655807211,7.904855142490852,481.528057612377,0.16233333333333333,
2022-08-02 13:30:00,0.0,0.5412549775624536,7.91784637440546,482.31942476042343,0.16233333333333333,
2022-08-02 14:00:00,0.0,0.3195891792159436,7.787615852705226,474.3863698181414,0.16,
2022-08-02 14:30:00,0.0,0.3199904719408473,7.956777889128391,484.69095672736256,0.16,
2022-08-02 15:00:00,0.0,0.4113240127928173,8.111875717523617,494.1388156318987,0.15766666666666665,
2022-08-02 15:30:00,0.0,0.3322434020683744,7.577759574277308,461.6028735607621,0.15766666666666665,
2022-08-02 16:00:00,0.0,0.4512073926614495,8.265980318636613,503.5261716182462,0.15533333333333332,
2022-08-02 16:30:00,0.0,0.1794429366866761,8.201889762764978,499.62206454431936,0.15533333333333332,
2022-08-02 17:00:00,0.0,0.3286670883549054,8.073194993722904,491.7825607147557,0.15333333333333332,
2022-08-02 17:30:00,0.0,0.3219788556663397,8.201889762764978,499.62206454431936,0.15333333333333332,
2022-08-02 18:00:00,0.0,0.3787927773885822,7.800670839349015,475.1816206162172,0.15266666666666664,
2022-08-02 18:30:00,0.0,0.5253380105223113,8.03445194739927,489.4225093911172,0.15266666666666664,
2022-08-02 19:00:00,0.0,0.3486621853277044,8.073194993722904,491.7825607147557,0.15133333333333332,
2022-08-02 19:30:00,0.0,0.1965553848198674,7.458898091311549,454.3623690877866,0.15133333333333332,
2022-08-02 20:00:00,0.0,0.1759152622554227,7.852819661471289,478.3582912282227,0.15,
2022-08-02 20:30:00,0.0,0.1576696749957921,6.909742245608116,420.9102762990587,0.15,
2022-08-02 21:00:00,0.0,0.054751784933615,5.714235161772731,348.08538658707675,0.15,
2022-08-02 21:30:00,0.0,4.357773870443802e-05,4.22578501728435,257.4157292677767,0.15,
2022-08-02 22:00:00,0.0,4.228057628388336e-05,3.165053678719554,192.8007689806314,0.151,
2022-08-02 22:30:00,0.0,4.132011947836208e-05,2.301389917322218,140.19027505514583,0.151,
2022-08-02 23:00:00,0.0,3.904253920677047e-05,1.7798705130369117,108.42166940381738,0.15133333333333332,
2022-08-02 23:30:00,0.0,3.696346423972096e-05,1.2803044978213134,77.99036501939293,0.15133333333333332,
2022-08-03 00:00:00,0.0,3.552828802827067e-05,1.0713363398577864,65.26096904777914,0.152,
2022-08-03 00:30:00,0.0,3.5071174531835046e-05,0.9653831528076584,58.80677963653428,0.152,
2022-08-03 01:00:00,0.0,3.486373135510907e-05,0.7339931356565492,44.711545315192986,0.152,
2022-08-03 01:30:00,0.0,3.473896702563498e-05,0.5723108095967541,34.86258856463426,0.152,
2022-08-03 02:00:00,0.0,3.519499171295756e-05,0.4275503031235061,26.04443260294483,0.15266666666666664,
2022-08-03 02:30:00,0.0,3.457533729690223e-05,0.4093854148493768,24.93790968636788,0.15266666666666664,
2022-08-03 03:00:00,0.0,3.331269792334119e-05,0.4638333476249999,28.25463173096611,0.15266666666666664,
2022-08-03 03:30:00,0.0,3.3151868853285435e-05,0.3365693735999707,20.502285468869477,0.15266666666666664,
2022-08-03 04:00:00,0.0,3.311050171962025e-05,0.2817921663283245,17.165505509782843,0.15266666666666664,
2022-08-03 04:30:00,0.0,3.363590425285845e-05,0.171809366723534,10.46585030929827,0.15266666666666664,
2022-08-03 05:00:00,0.0,3.387882363103905e-05,0.2817921663283245,17.165505509782843,0.15266666666666664,
2022-08-03 05:30:00,0.0,3.582180858518088e-05,0.4093854148493768,24.93790968636788,0.15266666666666664,
2022-08-03 06:00:00,0.0,3.611513670987334e-05,0.300067028507463,18.27872753974171,0.153,
2022-08-03 06:30:00,0.0,3.577829014767662e-05,0.4456996038830602,27.150005998565224,0.153,
2022-08-03 07:00:00,0.0,3.486373135510907e-05,0.8411013928132235,51.23609637820572,0.15233333333333332,
2022-08-03 07:30:00,0.0,3.511241543644672e-05,1.3513346973427114,82.31720382805209,0.15233333333333332,
2022-08-03 08:00:00,0.0,3.5445205572522415e-05,1.6277203831086615,99.15337097087038,0.15233333333333332,
2022-08-03 08:30:00,0.0,3.515368783130449e-05,2.2035221620066405,134.22861361157587,0.15233333333333332,
2022-08-03 09:00:00,0.0,3.821140429993432e-05,2.682845261771911,163.42681105330482,0.152,
2022-08-03 09:30:00,0.0,4.177665065286426e-05,3.968708354492548,241.75578055774864,0.152,
2022-08-03 10:00:00,0.0,0.022916890191793,5.917837161274416,360.4879004318971,0.15166666666666664,
2022-08-03 10:30:00,0.0,0.16856890393815,7.265066524116314,442.5550258318956,0.15166666666666664,
2022-08-03 11:00:00,0.0,0.2251486935006928,7.910858780044071,481.8937720850016,0.15,
2022-08-03 11:30:00,0.0,0.3758676289228444,7.884839184153381,480.30877587150303,0.15,
2022-08-03 12:00:00,0.0,0.2997592441812534,7.975784494975107,485.84875327520535,0.14833333333333332,
2022-08-03 12:30:00,0.0,0.1570156078507393,8.118006118177043,494.51225193981566,0.14833333333333332,
2022-08-03 13:00:00,0.0,0.1573229768261548,7.318446739365576,445.8067073492129,0.14633333333333332,
2022-08-03 13:30:00,0.0,0.1528841921138355,6.573656706399143,400.4374638351089,0.14633333333333332,
2022-08-03 14:00:00,0.0,0.1527073746743556,6.421817244239679,391.1880898789005,0.146,
2022-08-03 14:30:00,0.0,0.283315736834984,6.751840371544948,411.291607602363,0.146,
2022-08-03 15:00:00,0.0,0.1949410273012796,7.090744059904249,431.9360889788936,0.145,
2022-08-03 15:30:00,0.0,0.3491998873681675,7.858791297616668,478.7220563196785,0.145,
2022-08-03 16:00:00,0.0,0.376323593183701,7.910858780044071,481.8937720850016,0.14266666666666664,
2022-08-03 16:30:00,0.0,0.3875474018624738,7.910858780044071,481.8937720850016,0.14266666666666664,
2022-08-03 17:00:00,0.0,0.7242319903058683,8.027598890456566,489.0050521273416,0.14033333333333334,
2022-08-03 17:30:00,0.0,0.6421052605730996,7.780477131402994,473.9515111723425,0.14033333333333334,
2022-08-03 18:00:00,0.0,0.445140379119782,7.780477131402994,473.9515111723425,0.13733333333333334,
2022-08-03 18:30:00,0.0,0.4040829618300475,7.819666256255879,476.33873558440087,0.13733333333333334,
2022-08-03 19:00:00,0.0,0.3094968995673026,7.036846391336458,428.6528865434969,0.1376666666666667,
2022-08-03 19:30:00,0.0,0.1687685316649508,7.050332364137501,429.4743910708845,0.1376666666666667,
2022-08-03 20:00:00,0.0,5.546857407997595e-05,6.072997260653784,369.93955260341914,0.1386666666666667,
2022-08-03 20:30:00,0.0,0.1005829947037271,4.919890386070902,299.69749205600584,0.1386666666666667,
2022-08-03 21:00:00,0.0,4.874395895996382e-05,3.7828609450464903,230.4347961159448,0.1386666666666667,
2022-08-03 21:30:00,0.0,4.672412775595169e-05,3.1038200510758127,189.07069306546933,0.1386666666666667,
2022-08-03 22:00:00,0.0,4.466035765302329e-05,2.1700725633546223,132.19101520193004,0.1393333333333333,
2022-08-03 22:30:00,0.0,4.362491475530173e-05,1.576168317985736,96.01305209885028,0.1393333333333333,
2022-08-03 23:00:00,0.0,4.204932231105377e-05,1.0713363398577864,65.26096904777914,0.13966666666666663,
2022-08-03 23:30:00,0.0,4.046311501241313e-05,0.9476729689406116,57.72795525787907,0.13966666666666663,
2022-08-04 00:00:00,0.0,3.869228691623249e-05,0.7169894097187682,43.67575516149602,0.13999999999999999,
2022-08-04 00:30:00,0.0,3.752045360748856e-05,0.7528117302797009,45.85788906881497,0.13999999999999999,
2022-08-04 01:00:00,0.0,3.641000309885901e-05,0.5911330060256003,36.00915172398458,0.1403333333333333,
2022-08-04 01:30:00,0.0,3.519499171295756e-05,0.5188782023390237,31.607715562891627,0.1403333333333333,
2022-08-04 02:00:00,0.0,3.4657089110898426e-05,0.4282115868839189,26.084715021653633,0.141,
2022-08-04 02:30:00,0.0,3.391914214544388e-05,0.4463760147098471,27.19120988980669,0.141,
2022-08-04 03:00:00,0.0,3.3758057524395963e-05,0.2640254363777329,16.083236599218566,0.1413333333333333,
2022-08-04 03:30:00,0.0,3.469801230712109e-05,0.3006216942117349,18.312515268218423,0.1413333333333333,
2022-08-04 04:00:00,0.0,3.331269792334119e-05,0.2640254363777329,16.083236599218566,0.14166666666666664,
2022-08-04 04:30:00,0.0,3.2869602527692825e-05,0.3006216942117349,18.312515268218423,0.14166666666666664,
2022-08-04 05:00:00,0.0,0.0401338164398579,0.5007759231858951,30.505006511070047,0.142,
2022-08-04 05:30:00,0.0,0.0472778933191597,0.2640254363777329,16.083236599218566,0.142,
2022-08-04 06:00:00,0.0,0.0505591121838656,0.1906419580183188,11.61304667691292,0.142,
2022-08-04 06:30:00,0.0,0.0444613401242045,0.4100315456756019,24.977269056793688,0.142,
2022-08-04 07:00:00,0.0,0.0469757754465028,1.1429275517753328,69.62198219670694,0.14166666666666664,-0.1571713639490383
2022-08-04 07:30:00,0.0,0.0575622894795314,1.783395415724213,108.63639054844217,0.14166666666666664,-0.1575258544385744
2022-08-04 08:00:00,0.0,0.3873157222559552,3.7861180322807697,230.6332031532814,0.1413333333333333,-0.1578803449281106
2022-08-04 08:30:00,0.0,0.4182963516308913,5.130126086266918,312.50410097310055,0.1413333333333333,-0.1582348354176466
2022-08-04 09:00:00,0.0,0.3320350600498706,5.5081505211745725,335.53164146434113,0.1396666666666667,
2022-08-04 09:30:00,0.0,0.2936200879651462,5.65189730624308,344.2880460985001,0.1396666666666667,
2022-08-04 10:00:00,0.0,0.1625866978033521,5.290824117944363,322.29309895736844,0.139,
2022-08-04 10:30:00,0.0,0.0118221737159221,5.794750039345152,352.9899891265901,0.139,
2022-08-04 11:00:00,0.0,0.2028271315841894,6.134027953417513,373.65726664264133,0.14656170686531833,
2022-08-04 11:30:00,0.0,0.2099703493648931,6.440727261922083,392.34000271220185,0.14656170686531833,
2022-08-04 12:00:00,0.0,0.216514558693183,7.055791507474839,429.8069374161459,0.1462171502168815,-0.8740939036293945
2022-08-04 12:30:00,0.0,0.1992753156075489,6.906924834389529,420.7386523379454,0.1462171502168815,-0.8752499971764308
2022-08-04 13:00:00,0.0,0.1236119487173482,6.509871450512548,396.5519542567888,0.14587259356844465,-0.8764060907234671
2022-08-04 13:30:00,0.0,0.1903487100074657,6.021487917518551,366.8018361618523,0.14587259356844465,-0.8775621842705034
2022-08-04 14:00:00,0.0,0.0537801898250113,6.729767198399675,409.9470096308136,0.14725082016219204,-0.8787182778175396
2022-08-04 14:30:00,0.0,0.0324441295101614,4.938735177907485,300.8454316254993,0.14725082016219204,-0.7611068984104565
2022-08-04 15:00:00,0.0,0.0529897846163583,5.290824117944363,322.29309895736844,0.16929691594977944,-0.7358346534719299
2022-08-04 15:30:00,0.0,4.123069674470341e-05,6.218075657300831,378.7770729981265,0.16929691594977944,-0.7767566308927817
2022-08-04 16:00:00,0.0,0.1057151192791909,5.334455031897289,324.9508970914131,0.14725082016219204,-0.8423326863612642
2022-08-04 16:30:00,0.0,0.0304587590569433,6.218075657300831,378.7770729981265,0.14725082016219204,-0.8924236066103856
2022-08-04 17:00:00,0.0,0.1014177695750025,6.661271614220483,405.77456813627674,0.14690626351375516,-0.9004189570517923
2022-08-04 17:30:00,0.0,0.1567867386954999,5.808986655125619,353.85721943254384,0.14690626351375516,-0.8565519514701444
2022-08-04 18:00:00,0.0,0.0116461927197506,5.865845309994429,357.3207917743393,0.14690626351375516,-0.7647052055379077
2022-08-04 18:30:00,0.0,0.0901074644793824,5.232519486691739,318.7414442678386,0.14690626351375516,-0.6367575423774341
2022-08-04 19:00:00,0.0,0.1140000918624917,5.565757386259918,339.04079139177975,0.14656170686531833,-0.490282647352995
2022-08-04 19:30:00,0.2,0.1074379668111917,3.97209846850169,241.96229098513547,0.14656170686531833,-0.3484910799962282
2022-08-04 20:00:00,0.0,0.0249432485094857,2.896949674890258,176.46908448105407,0.14656170686531833,-0.2347151166316361
2022-08-04 20:30:00,0.0,0.0208544393830301,3.2505504198201916,198.008844135998,0.14656170686531833,-0.1619893687334959
2022-08-04 21:00:00,0.0,3.051554658457701e-05,2.338992819771175,142.4808739656185,0.14725082016219204,-0.1285859285095145
2022-08-04 21:30:00,0.0,3.1367349421886946e-05,2.3722120908849735,144.50444186235873,0.14725082016219204,-0.1234180324299673
2022-08-04 22:00:00,0.0,0.0393986943226283,2.84828718776676,173.50478564435437,0.14514581061200807,-0.1336101384251971
2022-08-04 22:30:00,0.0,0.0604489338756058,2.864520026440715,174.49361682915224,0.14514581061200807,-0.1480768740842285
2022-08-04 23:00:00,0.0,0.0399719262300454,2.239029187113122,136.39154114445537,0.1454903672604449,-0.1585893259071827
2022-08-04 23:30:00,0.0,0.0384716603029058,1.7321709872337956,105.51602981966576,0.1454903672604449,-0.1606622856407155
2022-08-05 00:00:00,0.0,0.0374980269168604,1.371557962108699,83.54911373984818,0.1454903672604449,-0.1536591781102984
2022-08-05 00:30:00,0.0,0.0361832902265833,1.056051413232995,64.32988038192607,0.1454903672604449,-0.1394027055427498
2022-08-05 01:00:00,0.0,0.0338007673047229,0.9498380505594558,57.85984224729274,0.14583492390888173,-0.1209666858814832
2022-08-05 01:30:00,0.0,0.0247587813621535,0.7358083670272538,44.82212100826977,0.14583492390888173,-0.1025081760770103
2022-08-05 02:00:00,0.0,0.024711968889196,0.591914570130536,36.05676107780136,0.14583492390888173,-0.0887208759425579
2022-08-05 02:30:00,0.0,0.0249954764807016,0.392451591501457,23.906377682594115,0.14583492390888173,-0.0829455842515297
2022-08-05 03:00:00,0.0,0.0224448904278706,0.5377016643239947,32.75435581420272,0.14583492390888173,-0.0854971907425782
2022-08-05 03:30:00,0.0,2.814130076513904e-05,0.4288577012578383,26.12407338987931,0.14583492390888173,-0.0941034409953073
2022-08-05 04:00:00,0.0,2.5236673719742934e-05,0.2828554484249273,17.2302758507242,0.14583492390888173,-0.1059612197102288
2022-08-05 04:30:00,0.0,0.0188919017525777,0.2828554484249273,17.2302758507242,0.14583492390888173,-0.1196357051732268
2022-08-05 05:00:00,0.0,0.0287908463247093,0.337724592746732,20.57265619949381,0.14583492390888173,-0.1361285854053569
2022-08-05 05:30:00,0.0,0.0266161254185005,0.2461966324478643,14.997186422314712,0.14583492390888173,-0.1596431641215562
2022-08-05 06:00:00,0.0,0.029215642872095,0.1726873382647228,10.51933236851971,0.14583492390888173,-0.1972789795118805
2022-08-05 06:30:00,0.0,0.0293699066053321,0.1726873382647228,10.51933236851971,0.14583492390888173,-0.2552128753486017
2022-08-05 07:00:00,0.0,0.0296715065348583,0.3194507134715176,19.4594940436008,0.14617948055731855,-0.3312258581608294
2022-08-05 07:30:00,0.0,0.0325513537101357,1.073702318915622,65.40509380143176,0.14617948055731855,-0.4104445706557178
2022-08-05 08:00:00,0.0,0.0506698704938054,2.056511268607153,125.27337424659376,0.14617948055731855,-0.4734252491396032
2022-08-05 08:30:00,0.0,2.9033291171632532e-05,2.7857445969407806,169.69497360661097,0.14617948055731855,-0.5147431916375813
2022-08-05 09:00:00,0.0,2.8921487481622617e-05,2.2244070050820333,135.50082388467447,0.14583492390888173,-0.555395816668633
2022-08-05 09:30:00,0.0,3.0323396658217114e-05,2.257830708510258,137.53684487429297,0.14583492390888173,-0.6334183308017941
2022-08-05 10:00:00,0.0,0.0281269616657869,2.9481350707830223,179.5870675203482,0.14583492390888173,-0.7759237694507614
2022-08-05 10:30:00,0.0,0.0576400736720864,3.6644176160287367,223.21976369207536,0.14583492390888173,-0.9735091717077924
2022-08-05 11:00:00,0.0,0.176505449017712,4.629949399949635,282.03559726444644,0.14583492390888173,-1.1784892593953078
2022-08-05 11:30:00,0.0,0.2307011951415196,5.396864338511258,328.7525900571984,0.14583492390888173,-1.3322915035034348
2022-08-05 12:00:00,0.0,0.3238287382643036,5.713721190224354,348.0540777627028,0.1454903672604449,-1.4036690208283988
2022-08-05 12:30:00,0.0,0.2884091555505099,5.713721190224354,348.0540777627028,0.1454903672604449,-1.406804079617092
2022-08-05 13:00:00,0.0,0.3425036641806832,5.927281906536052,361.06323163765614,0.14514581061200807,-1.3851551111819265
2022-08-05 13:30:00,0.0,0.3003567205003579,6.20899163942376,378.22371567470776,0.14514581061200807,-1.379475797617128
2022-08-05 14:00:00,0.0,0.3594559622745391,6.20899163942376,378.22371567470776,0.14411214066669753,-1.408123969098805
2022-08-05 14:30:00,0.0,0.4283987156757686,6.570176810835746,400.22548432111,0.14411214066669753,-1.4692898362822833
2022-08-05 15:00:00,0.0,0.3371448378792934,6.9665580281489845,424.3712370523523,0.14342302736982385,-1.5539493698990008
2022-08-05 15:30:00,0.0,0.2448902784079637,6.898692362246177,420.23716733296055,0.14342302736982385,-1.6520449454394028
2022-08-05 16:00:00,0.0,0.3577361005183264,6.898692362246177,420.23716733296055,0.14273391407295016,-1.7439258623494245
2022-08-05 16:30:00,0.0,0.3764995694856325,7.101705321700847,432.603799519663,0.14273391407295016,-1.792638315486074
2022-08-05 17:00:00,0.0,0.3445461533553557,7.396335137261996,450.5513166144732,0.1399397912258925,-1.7605027888073843
2022-08-05 17:30:00,0.0,0.2076499461404364,7.30298647665582,444.8649380013106,0.1399397912258925,-1.6423579837061912
2022-08-05 18:00:00,0.0,0.0999514085695698,6.528786195985955,397.7041550857558,0.1399397912258925,-1.479175038483678
2022-08-05 18:30:00,0.0,0.0908493849857402,5.913105915660989,360.1996943270092,0.1399397912258925,-1.3323788967442325
2022-08-05 19:00:00,0.0,0.0290205504364323,4.629949399949635,282.03559726444644,0.13959523457745562,-1.2367936942126692
2022-08-05 19:30:00,0.0,3.9394752450770456e-05,4.1447284181714625,252.47812749975813,0.13959523457745562,-1.1716361887822149
2022-08-05 20:00:00,0.0,3.709153135362674e-05,5.090258139224162,310.0755257804574,0.1399397912258925,-1.080242970188268
2022-08-05 20:30:00,0.0,3.494592704299067e-05,5.353314906687673,326.09975544630055,0.1399397912258925,-0.9252391923902537
2022-08-05 21:00:00,0.0,3.4286814121211164e-05,4.388648925277418,267.33666265079523,0.1399397912258925,-0.7230947280487575
2022-08-05 21:30:00,0.0,3.441051549534346e-05,3.9754776493870807,242.1681354160241,0.1399397912258925,-0.5234846461123795
2022-08-05 22:00:00,0.0,3.3392474329447656e-05,3.364817413117706,204.96947305834163,0.1399397912258925,-0.3644123082246483
2022-08-05 22:30:00,0.0,3.311050171962025e-05,2.605712121983972,158.72820869941944,0.1399397912258925,-0.5950216686809816
2022-08-05 23:00:00,0.0,0.0275996880400813,2.1741747051592317,132.44089914535695,0.1399397912258925,-0.4959365255394308
2022-08-05 23:30:00,0.0,0.0241563296864935,1.733873165106904,105.6197188044952,0.1399397912258925,-0.4771298594412804
2022-08-06 00:00:00,0.0,0.0205239980191776,1.4251361085853156,86.81285233319413,0.1402843478743293,-0.45832319334313
2022-08-06 00:30:00,0.0,0.0255261601862679,1.0748638539246524,65.47584926584764,0.1402843478743293,-0.4395165272449796
2022-08-06 01:00:00,0.0,0.0170894880265346,0.8619087790199206,52.50358832884813,0.1402843478743293,
2022-08-06 01:30:00,0.0,0.0221407943580007,0.8083355229647647,49.240147637880455,0.1402843478743293,
2022-08-06 02:00:00,0.0,0.0219164983899192,0.4476833798703959,27.27084866812727,0.14062890452276616,
2022-08-06 02:30:00,0.0,0.0137202141178265,0.4840260245949497,29.484678372436917,0.14062890452276616,
2022-08-06 03:00:00,0.0,0.0127996951402398,0.3748102288196745,22.83174557958034,0.14062890452276616,
2022-08-06 03:30:00,0.0,0.0121352381542864,0.3382792287550963,20.60644211903001,0.14062890452276616,
2022-08-06 04:00:00,0.0,0.0114700319767193,0.1915199044792422,11.666527208357914,0.140973461171203,
2022-08-06 04:30:00,0.0,0.0108461933308105,0.2099207417268402,12.787423070275675,0.140973461171203,
2022-08-06 05:00:00,0.0,0.0099391832231667,0.0622622038582558,3.7927321305833095,0.140973461171203,
2022-08-06 05:30:00,0.0,0.0092633851094972,0.0807762266663803,4.920522745425406,0.140973461171203,
2022-08-06 06:00:00,0.0,0.0086011245392117,-0.0119572027611305,-0.7283787642223958,0.140973461171203,
2022-08-06 06:30:00,0.0,0.0084793228106178,0.0992739831930103,6.047322491897178,0.140973461171203,
2022-08-06 07:00:00,0.0,2.406591359982391e-05,-0.0305530472428679,-1.8611535857140984,0.14131801781963982,-0.1950298679690239
2022-08-06 07:30:00,0.0,0.0082194755250457,0.0622622038582558,3.7927321305833095,0.14131801781963982,-0.1762232018708734
2022-08-06 08:00:00,0.0,2.4476273743114684e-05,0.1362208271559908,8.297957283769605,0.14131801781963982,-0.157416535772723
2022-08-06 08:30:00,0.0,2.492425274865588e-05,0.3016849474634998,18.37728385206259,0.14131801781963982,-0.1386098696745726
2022-08-06 09:00:00,0.0,2.7701093423267577e-05,0.7007821936692838,42.68848479120645,0.13886845162101905,-0.8256310291373148
2022-08-06 09:30:00,0.0,3.140724455409311e-05,1.4425001955950845,87.87059405512423,0.13886845162101905,-1.056240389593648
2022-08-06 10:00:00,0.0,3.461619743987309e-05,3.047686092664328,185.6512659573517,0.13886845162101905,-1.2868497500499814
2022-08-06 10:30:00,0.0,4.223426494553336e-05,5.079690803569945,309.4318114403474,0.13886845162101905,-1.8090513544851825
2022-08-06 11:00:00,0.0,0.161366940831411,6.890426352693138,419.73363938051466,0.13886845162101905,-2.3249906778179703
2022-08-06 11:30:00,0.0,0.1802971650753872,7.627317658676621,464.62172813679575,0.13886845162101905,-2.7279368368018977
2022-08-06 12:00:00,0.0,0.3564985617073909,7.600918885159669,463.0136341355992,0.13852389497258222,-2.944722039237641
2022-08-06 12:30:00,0.0,0.3932904741129279,7.640506088871406,465.4251077130405,0.13852389497258222,-2.980648878881243
2022-08-06 13:00:00,0.0,0.4253724222704955,7.627317658676621,464.62172813679575,0.1381793383241454,-2.9121046064300344
2022-08-06 13:30:00,0.0,0.4338008972551976,7.824383035427923,476.6260604590456,0.1381793383241454,-2.8375033284340985
2022-08-06 14:00:00,0.0,0.4211428297705756,7.83746313237211,477.4228408631621,0.1374902250272717,-2.829129535935214
2022-08-06 14:30:00,0.0,0.4411587331510283,7.941847520295144,483.78146612011983,0.1374902250272717,-2.9109663432334423
2022-08-06 15:00:00,0.0,0.471847413087591,7.811295784551788,475.82884426971947,0.136801111730398,-3.059708536899162
2022-08-06 15:30:00,0.0,0.5013704086377451,7.980874785283831,486.1588307606064,0.136801111730398,-3.220210629031992
2022-08-06 16:00:00,0.0,0.4758540695792725,7.850536085034312,478.219186069901,0.13611199843352434,-3.329494609827763
2022-08-06 16:30:00,0.0,0.5165079899776299,7.824383035427923,476.6260604590456,0.13611199843352434,-3.339954091334272
2022-08-06 17:00:00,0.0,0.5675000391228203,7.640506088871406,465.4251077130405,0.1357674417850875,-3.2337700897594837
2022-08-06 17:30:00,0.0,0.5997330918662439,7.321948278427104,446.0200052873229,0.1357674417850875,-3.0249315024246863
2022-08-06 18:00:00,0.0,0.4284624693595055,6.6991188940330035,408.0800534115316,0.13542288513665066,-2.7449047767284966
2022-08-06 18:30:00,0.0,0.4352362116232376,7.120654421039348,433.75809303086544,0.13542288513665066,-2.418198290959523
2022-08-06 19:00:00,0.0,0.2182467459289886,6.409193002522639,390.4190781154642,0.1350783284882138,-2.0519878088862007
2022-08-06 19:30:00,0.0,0.3433948360538841,6.822281187868046,415.5825438496784,0.1350783284882138,-1.6527411565623722
2022-08-06 20:00:00,0.0,0.162801865029797,5.804007133475603,353.55388947332904,0.1350783284882138,-1.2471970417357143
2022-08-06 20:30:00,0.0,0.1465574990864212,5.960335179422829,363.0766876724604,0.1350783284882138,-0.8791164680207785
2022-08-06 21:00:00,0.0,0.0903969398090557,4.872690523008386,296.822289668312,0.1350783284882138,-0.5854590545590445
2022-08-06 21:30:00,0.0,4.599922636477037e-05,3.808179052337533,231.97706081359183,0.1350783284882138,-0.3777952857641281
2022-08-06 22:00:00,0.0,0.0763541546639666,2.542187526409257,154.85857736951937,0.132628762289593,-0.2440270398875247
2022-08-06 22:30:00,0.0,0.0704495574345949,2.058451965069978,125.39159270617512,0.132628762289593,-0.1635092269426718
2022-08-06 23:00:00,0.0,4.159291153363659e-05,1.6841344649851324,102.58986193475197,0.132628762289593,-0.1198032035764221
2022-08-06 23:30:00,0.0,4.2510649923411175e-05,1.1277719508148898,68.69877146597484,0.132628762289593,-0.1022084818948033
2022-08-07 00:00:00,0.0,4.532696452367813e-05,1.2870320544400649,78.40017737049995,0.13297331893802986,-0.1002818496580852
2022-08-07 00:30:00,0.0,0.0700917343271726,1.2344717850283624,75.1984432487251,0.13297331893802986,-0.1013841013330856
2022-08-07 01:00:00,0.0,0.0658481593913658,0.898552230859817,54.73574184344346,0.13297331893802986,-0.0955031016441028
2022-08-07 01:30:00,0.0,0.0817245751014438,0.7913626626819522,48.20623768041934,0.13297331893802986,-0.0810824663530874
2022-08-07 02:00:00,0.0,0.0770879217239938,0.6656210363828058,40.54662596313614,0.13297331893802986,-0.0641582361816186
2022-08-07 02:30:00,0.0,0.0796298884945819,0.6656210363828058,40.54662596313614,0.13297331893802986,-0.0515300776125568
2022-08-07 03:00:00,0.0,0.0651843139952572,0.6475969924680205,39.44868264853266,0.13297331893802986,-0.0453592914135327
2022-08-07 03:30:00,0.0,0.0753466158830554,0.4483142836379327,27.309280474940444,0.13297331893802986,-0.0434632396962377
2022-08-07 04:00:00,0.0,0.0685845060531175,0.5391298032630688,32.84135158540116,0.13297331893802986,-0.0427780470163475
2022-08-07 04:30:00,0.0,0.0709103622740553,0.4301043205196712,26.200011802527243,0.13297331893802986,-0.0417111224241794
2022-08-07 05:00:00,0.0,0.0615986621730492,0.4483142836379327,27.309280474940444,0.13331787558646668,-0.0403372206890096
2022-08-07 05:30:00,0.0,0.0607175263907712,0.3388185147987686,20.63929298807518,0.13331787558646668,-0.0399901762798097
2022-08-07 06:00:00,0.0,0.0483363875638163,0.2287522535931532,13.93455368398516,0.13331787558646668,-0.0437325837659638
2022-08-07 06:30:00,0.0,0.0509912735284368,0.0254597008186797,1.550889935567886,0.13331787558646668,-0.0576733976444306
2022-08-07 07:00:00,0.0,0.0337257135355995,0.4665085861607004,28.41759517463773,0.13331787558646668,-0.091827342116811
2022-08-07 07:30:00,0.0,0.0334968515619345,1.0760110550150952,65.54573157271021,0.13331787558646668,-0.158465852615124
2022-08-07 08:00:00,0.0,0.0343313973505988,1.1641898622838616,70.91718608026564,0.13331787558646668,-0.2668691317006773
2022-08-07 08:30:00,0.0,0.0419918846691189,1.9588559165641015,119.32465145065318,0.13331787558646668,-0.4174110932974396
2022-08-07 09:00:00,0.0,0.0587709730964991,2.7743966430242413,169.0037075291425,0.13331787558646668,-0.6021288586366618
2022-08-07 09:30:00,0.0,0.0862081223298498,3.2110939655094923,195.60533522128364,0.13331787558646668,-0.8142556801610411
2022-08-07 10:00:00,0.0,0.0926770729967814,3.85812283093964,235.01941013772097,0.13331787558646668,-1.0558464825907865
2022-08-07 10:30:00,0.0,0.1121843522080573,5.405563727566147,329.2825175306948,0.13331787558646668,-1.3296458811670515
2022-08-07 11:00:00,0.0,0.2329518954215525,6.469743723301858,394.10755443011794,0.13331787558646668,-1.620334009403363
2022-08-07 11:30:00,0.0,0.3556286405220298,6.759172522451135,411.7382491056334,0.13331787558646668,-1.8883433306753317
2022-08-07 12:00:00,0.0,0.4353956974552735,7.031535713054289,428.32938401856495,0.132628762289593,-2.089453380835573
2022-08-07 12:30:00,0.0,0.342616906214542,7.3141691364947805,445.5461351104454,0.132628762289593,-2.2049837947905795
2022-08-07 13:00:00,0.0,0.4778057832103297,7.407635061233077,451.2396569246851,0.132628762289593,-2.2550196987885704
2022-08-07 13:30:00,0.0,0.3724987624502163,7.500734369444522,456.9108461166462,0.132628762289593,-2.284376209740087
2022-08-07 14:00:00,0.0,0.5410301163348309,7.514004548481154,457.71920546295866,0.13228420564115617,-2.3356160909257957
2022-08-07 14:30:00,0.0,0.5428834676577284,7.593470578791525,462.55991696642866,0.13228420564115617,-2.427288699174773
2022-08-07 15:00:00,0.0,0.7121028260316333,7.394305314859745,450.4276690053728,0.13193964899271934,-2.545202756734437
2022-08-07 15:30:00,0.0,0.6004056952446036,7.55377072661575,460.14158135355416,0.13193964899271934,-2.649676206245366
2022-08-07 16:00:00,0.0,0.69952884084369,7.085632092382771,431.6246910156389,0.13125053569584563,-2.6976736743865017
2022-08-07 16:30:00,0.0,0.720981742982615,7.367623335077106,448.8023233581231,0.13125053569584563,-2.665842177698604
2022-08-07 17:00:00,0.0,0.69194128949596,7.725327876232147,470.5920677363153,0.12880096949722478,-2.5566839640560084
2022-08-07 17:30:00,0.0,0.6955780224039123,7.1396046942244284,434.9124580474975,0.12880096949722478,-2.387321813657285
2022-08-07 18:00:00,0.0,0.6244046943082774,7.206897438122363,439.01162794707005,0.12845641284878798,-2.1760842256219552
2022-08-07 18:30:00,0.0,0.4883228699588611,6.936567107377045,422.54432567130857,0.12845641284878798,-1.9366259001355068
2022-08-07 19:00:00,0.0,0.5863081655411126,7.0721196288491965,430.8015727925225,0.12811185620035115,-1.6777713337181557
2022-08-07 19:30:00,0.0,0.5607224772712529,6.566618777246907,400.0087449916638,0.12811185620035115,-1.4065504013674912
2022-08-07 20:00:00,0.0,0.5015866433272396,6.049935166452692,368.5347140295366,0.12811185620035115,-1.1339744123848696
2022-08-07 20:30:00,0.0,0.3367320907147972,5.865628863074242,357.3076068059654,0.12811185620035115,-0.8791660994880547
2022-08-07 21:00:00,0.0,0.165759043175284,4.965681872588965,302.48690250828616,0.12776729955191432,-0.6653385996939976
2022-08-07 21:30:00,0.0,0.1622780072528383,3.6706957028072806,223.60219637142256,0.12776729955191432,-0.5083108298915612
2022-08-07 22:00:00,0.0,0.1595758495323833,2.708954540940903,165.01727036688845,0.12776729955191432,-0.407966904000944
2022-08-07 22:30:00,0.0,0.1809301295796599,2.1950080368624976,133.709971578417,0.12776729955191432,-0.3509737149535268
2022-08-07 23:00:00,0.0,0.1773799838026344,1.7714808851283883,107.91061117971832,0.12776729955191432,-0.3207930379644481
2022-08-07 23:30:00,0.0,0.1011854248763875,1.513314538453158,92.18428385119054,0.12776729955191432,-0.3051117798267058
2022-08-08 00:00:00,0.0,0.1435009586508004,1.5337980882440014,93.4320491506168,0.12811185620035115,-0.297166085099217
2022-08-08 00:30:00,0.0,0.1449062675911504,1.3238339535176402,80.64198277487927,0.12811185620035115,-0.2938349059982783
2022-08-08 01:00:00,0.0,0.1377772203771601,1.1117906337989754,67.72526184409756,0.12811185620035115,-0.2931467449323974
2022-08-08 01:30:00,0.0,0.1636404399393349,1.0762445898282187,65.55995745831105,0.12811185620035115,-0.2920018486321042
2022-08-08 02:00:00,0.0,0.1589371708876069,1.0406392340638253,63.39104006605336,0.12811185620035115,-0.2854430265708056
2022-08-08 02:30:00,0.0,0.1569627761328909,0.897620115499618,54.678961587413895,0.12811185620035115,-0.2687475432809545
2022-08-08 03:00:00,0.0,0.085365956552265,0.897620115499618,54.678961587413895,0.12811185620035115,-0.241088238816211
2022-08-08 03:30:00,0.0,4.5806865832715794e-05,1.0762445898282187,65.55995745831105,0.12811185620035115,-0.2070811544438688
2022-08-08 04:00:00,0.0,4.297302229092685e-05,0.7897217058095835,48.10627800233112,0.12811185620035115,-0.1739478438521391
2022-08-08 04:30:00,0.0,4.1638800712387125e-05,0.5358065043582536,32.638911232269436,0.12811185620035115,-0.1468029816589571
2022-08-08 05:00:00,0.0,4.032978325072914e-05,0.3893343203080128,23.716487606713837,0.12811185620035115,-0.1267937189572422
2022-08-08 05:30:00,0.0,0.0505145522483446,0.3341446473375068,20.35458210095702,0.12811185620035115,-0.1136528837930369
2022-08-08 06:00:00,0.0,0.0533974336240216,0.4626971483007089,28.18541960198661,0.12811185620035115,-0.1104493864420251
2022-08-08 06:30:00,0.0,3.965973253870246e-05,0.4076989000739867,24.83517482667856,0.12811185620035115,-0.1273964336795525
2022-08-08 07:00:00,0.0,3.851698563857494e-05,1.1472775926130552,69.88696702911248,0.12845641284878798,-0.1808460191742203
2022-08-08 07:30:00,0.0,3.8954333049748784e-05,1.3940506938617856,84.91926932603229,0.12845641284878798,-0.2842533875245372
2022-08-08 08:00:00,0.0,0.0862043577933621,2.0838859883389222,126.9409184814358,0.12845641284878798,-0.4355056405633526
2022-08-08 08:30:00,0.0,0.0852390424788147,3.0791631997278186,187.5687090920229,0.12845641284878798,-0.6145885490396145
2022-08-08 09:00:00,0.0,0.1341441601474271,3.5762198669712344,217.8471553363376,0.12845641284878798,-0.7993115453891566
2022-08-08 09:30:00,0.0,0.1598999977699368,4.093376131891091,249.3499782521363,0.12845641284878798,-0.9854141160590744
2022-08-08 10:00:00,0.0,0.1646235234306453,4.8398835676977185,294.82383818727146,0.12845641284878798,-1.1880896855923906
2022-08-08 10:30:00,0.0,0.1806051806081881,6.263150663444472,381.52283870337567,0.12845641284878798,-1.4198423789011376
2022-08-08 11:00:00,0.0,0.4231700738171169,6.8884441793809055,419.6128943386783,0.12845641284878798,-1.6652070111070163
2022-08-08 11:30:00,0.0,0.5510306044836797,7.093222439544128,432.08706066812823,0.12845641284878798,-1.8793525080917848
2022-08-08 12:00:00,0.0,0.513611365340574,7.35008320680795,447.7338579981042,0.12811185620035115,-2.0172730542878585
2022-08-08 12:30:00,0.0,0.5287581457368212,7.29623849336226,444.45388134947103,0.12811185620035115,-2.069052858229523
2022-08-08 13:00:00,0.0,0.5613775534796731,7.430621720231771,452.6399003268875,0.12566229000173032,-2.0677658743587277
2022-08-08 13:30:00,0.0,0.7595323740274501,7.470788744615839,455.0866939597984,0.12566229000173032,-2.063079590080669
2022-08-08 14:00:00,0.0,0.6151892193943618,7.282758171027625,443.63272102296565,0.12566229000173032,-2.085197972814296
2022-08-08 14:30:00,0.0,0.7973313735598264,7.497529089283493,456.7155949321246,0.12566229000173032,-2.1283263343746595
2022-08-08 15:00:00,0.0,0.7923292186021778,7.390386635725364,450.1889607788499,0.1253177333532935,-2.162885751418778
2022-08-08 15:30:00,0.0,0.690400551838933,7.2692701696805635,442.81109292572046,0.1253177333532935,-2.1616391129663097
2022-08-08 16:00:00,0.0,0.8551790256029921,7.35008320680795,447.7338579981042,0.12497317670485665,-2.115042058380895
2022-08-08 16:30:00,0.0,0.802538081162216,7.309711147412795,445.27457455875776,0.12497317670485665,-2.0271851238721053
2022-08-08 17:00:00,0.0,0.7105979388704082,7.174638241996133,437.04654348052463,0.12462862005641982,-1.9073562837574187
2022-08-08 17:30:00,0.0,0.6081305494653847,6.94322614120299,422.9499639234944,0.12462862005641982,-1.76937350734162
2022-08-08 18:00:00,0.0,0.5463206521595121,7.524239393889175,458.3426659996099,0.12428406340798297,-1.6290739243583157
2022-08-08 18:30:00,0.0,0.5145478276389621,6.192626618669999,377.22683255486584,0.12428406340798297,-1.4921584761796636
2022-08-08 19:00:00,0.0,0.4076951937523517,6.178496051951773,376.3660622786067,0.12393950675954613,-1.3470977252685348
2022-08-08 19:30:00,0.0,0.3666134477329636,5.750514537290883,350.29536221721094,0.12393950675954613,-1.1775587111331205
2022-08-08 20:00:00,0.0,0.1136188153812625,5.548036288617816,337.9613021952615,0.12393950675954613,-0.982676183956966
2022-08-08 20:30:00,0.0,0.0934602932260493,4.824893243897634,293.91069539435233,0.12393950675954613,-0.7824329405039576
2022-08-08 21:00:00,0.0,0.0846282856407551,3.844133883656288,234.16726667753457,0.12393950675954613,-0.603830634175274
2022-08-08 21:30:00,0.0,0.0660585303301612,2.997932179260273,182.62048236319217,0.12393950675954613,-0.4632915047948114
2022-08-08 22:00:00,0.0,4.362491475530173e-05,2.134745624642373,130.03905771847633,0.12393950675954613,-0.3603937547392507
2022-08-08 22:30:00,0.0,4.232498636734754e-05,1.7072134855285366,103.99573158492746,0.12393950675954613,-0.2844935798203869
2022-08-08 23:00:00,0.0,0.0363541995898183,1.3589710905088237,82.78237839509465,0.12393950675954613,-0.2249672792853251
2022-08-08 23:30:00,0.0,0.0340428181651473,1.0406392340638253,63.39104006605336,0.12393950675954613,-0.1763022746657736
2022-08-09 00:00:00,0.0,0.0321701473871147,0.9342973651489492,56.9131739118464,0.12393950675954613,-0.1369068210528948
2022-08-09 00:30:00,0.0,3.821140429993432e-05,0.7904353796009119,48.149751785001726,0.12393950675954613,-0.1059487043115065
2022-08-09 01:00:00,0.0,0.0272410428018664,0.7000247585699328,42.64234526738426,0.12393950675954613,-0.121075541769899
2022-08-09 01:30:00,0.0,0.0325585449463692,0.5727993702126644,34.89234946982032,0.12393950675954613,-0.1362023792282916
2022-08-09 02:00:00,0.0,0.0299316164657645,0.5180395891673739,31.5566310377038,0.12428406340798297,-0.1513292166866842
2022-08-09 02:30:00,0.0,0.0277534667413103,0.4631378349717867,28.212264242769347,0.12428406340798297,-0.1664560541450767
2022-08-09 03:00:00,0.0,0.0265239039141765,0.2790957412003295,17.00125147463913,0.12428406340798297,
2022-08-09 03:30:00,0.0,0.0252020458680865,0.2420941067725557,14.747279095219303,0.12428406340798297,
2022-08-09 04:00:00,0.0,0.0234901347282011,0.2050274659468842,12.489346819767505,0.12462862005641982,
2022-08-09 04:30:00,0.0,3.148553847931474e-05,0.130698120917269,7.961538973761527,0.12462862005641982,
2022-08-09 05:00:00,0.0,0.0147441866766789,0.0934348907851631,5.691631366040086,0.12462862005641982,
2022-08-09 05:30:00,0.0,3.0438899716606223e-05,0.0187099888349936,1.1397279797368771,0.12462862005641982,
2022-08-09 06:00:00,0.0,3.00173708846954e-05,0.0374161029862834,2.279219931250064,0.12462862005641982,
2022-08-09 06:30:00,0.0,3.005453953235084e-05,-1.2773681602320042e-05,-0.0007781149660113,0.12462862005641982,
2022-08-09 07:00:00,0.0,3.013207550573784e-05,0.0747785205064706,4.555169586480478,0.12462862005641982,-0.3025975912706098
2022-08-09 07:30:00,0.0,3.0284443149030228e-05,0.2790957412003295,17.00125147463913,0.12462862005641982,-0.3177244287290023
2022-08-09 08:00:00,0.0,3.078563437100488e-05,0.2975722620569962,18.126757640048993,0.12217905385779904,-0.3328512661873949
2022-08-09 08:30:00,0.0,3.1367349421886946e-05,0.5363085828678681,32.669495586460066,0.12217905385779904,-0.3479781036457875
2022-08-09 09:00:00,0.0,3.327119776282683e-05,0.5180395891673739,31.5566310377038,0.12252361050623588,-0.4716426392119477
2022-08-09 09:30:00,0.0,3.773608560441656e-05,1.1660208521754218,71.0287217112289,0.12252361050623588,-0.6587916986035085
2022-08-09 10:00:00,0.0,4.050824563260603e-05,2.305346346897287,140.43128286794212,0.12252361050623588,-0.8459407579950694
2022-08-09 10:30:00,0.0,4.894307090417464e-05,4.0966330970382785,249.54837785247895,0.12252361050623588,-1.1760912134593136
2022-08-09 11:00:00,0.0,0.0995268973051454,5.200741052805816,316.80564566467405,0.12252361050623588,-1.5136273193971856
2022-08-09 11:30:00,0.0,0.2051767369007274,5.508653875314823,335.56230352418623,0.12252361050623588,-1.7986988695651849
2022-08-09 12:00:00,0.0,0.2814106162342707,6.11235656358858,372.33714349528685,0.12252361050623588,-1.9887187319994597
2022-08-09 12:30:00,0.0,0.3093563672829612,6.39438526368254,389.5170575733069,0.12252361050623588,-2.0829180409273516
2022-08-09 13:00:00,0.0,0.3298183728204132,6.60368628781421,402.2667302478459,0.12217905385779904,-2.1170481820192064
2022-08-09 13:30:00,0.0,0.3466049908273221,6.811129758705687,414.9032491722479,0.12217905385779904,-2.1362008444349616
2022-08-09 14:00:00,0.0,0.5842182769541053,6.852399065880002,417.4171888921344,0.12217905385779904,-2.170282425056813
2022-08-09 14:30:00,0.0,0.8026062348798038,7.016755414683006,427.4290350257796,0.12217905385779904,-2.223622861627124
2022-08-09 15:00:00,0.0,0.7720119619316321,7.247648827858734,441.4940184768194,0.12183449720936217,-2.2771166132946212
2022-08-09 15:30:00,0.0,0.8585889852292348,7.112102831873791,433.2371688588012,0.12183449720936217,-2.3020179388466735
2022-08-09 16:00:00,0.0,0.6974999883406904,7.152848342571521,435.71920126408065,0.12148994056092534,-2.2798245694130745
2022-08-09 16:30:00,0.0,0.5928529143735576,6.82489425772405,415.7417202582887,0.12148994056092534,-2.2111482078121685
2022-08-09 17:00:00,0.0,0.532751810752837,6.962097452295626,424.0995189262408,0.12080082726405167,-2.104368312275395
2022-08-09 17:30:00,0.0,0.5328647506257456,6.79735718097236,414.0642859673947,0.12080082726405167,-1.9603773997410767
2022-08-09 18:00:00,0.0,0.4808459077185055,6.645322296133205,404.80300774454656,0.12080082726405167,-1.7743494807171734
2022-08-09 18:30:00,0.0,0.1854756357203067,5.841210760032499,355.82016630056427,0.12080082726405167,-1.550860433799487
2022-08-09 19:00:00,0.0,0.1531165568066533,4.753513115636935,289.5625405080294,0.12045627061561483,-1.3113236517461433
2022-08-09 19:30:00,0.0,0.139116773999194,3.925455757042023,239.1210277556273,0.12045627061561483,-1.0849449572069176
2022-08-09 20:00:00,0.0,0.0877303861571237,3.162670522161582,192.6555978512861,0.12045627061561483,-0.8939628502598279
2022-08-09 20:30:00,0.0,5.3661489013402654e-05,2.5061981205763666,152.6662653823987,0.12045627061561483,-0.7459390705186854
2022-08-09 21:00:00,0.0,5.2771351588549656e-05,2.1195866690629286,129.11564263951232,0.12011171396717796,-0.6352771583200248
2022-08-09 21:30:00,0.0,5.1528025877622695e-05,1.6220696027020078,98.80915096124822,0.12011171396717796,-0.549829909912598
2022-08-09 22:00:00,0.0,4.9998260596644535e-05,1.3777113102040228,83.92394790223872,0.12045627061561483,-0.4785640647191422
2022-08-09 22:30:00,0.0,0.053966180521945,1.307380229557515,79.63969625650635,0.12045627061561483,-0.4163693890047852
2022-08-09 23:00:00,0.0,0.0587849522919147,0.952211934988162,58.0044485604188,0.12011171396717796,-0.36310494110418
2022-08-09 23:30:00,0.0,0.0597632829533623,0.8624879697436758,52.53887001069677,0.12011171396717796,-0.3187840816762389
2022-08-10 00:00:00,0.0,4.745745403442763e-05,0.7368889175521787,44.887943263838025,0.12011171396717796,-0.2809916050360808
2022-08-10 00:30:00,0.0,0.0518182414579689,0.6461712238129388,39.36183126432503,0.12011171396717796,-0.2471121532931975
2022-08-10 01:00:00,0.0,0.0525825713485899,0.5550638994909417,33.81198473023557,0.12011171396717796,-0.2172468006986825
2022-08-10 01:30:00,0.0,0.0528394460515171,0.5002108838738583,30.470586869280883,0.12011171396717796,-0.1935640624825801
2022-08-10 02:00:00,0.0,0.0508650696328981,0.4084721241745554,24.882276145113178,0.12011171396717796,-0.1774800617037265
2022-08-10 02:30:00,0.0,0.0501285981422987,0.3900765290968516,23.761699612498894,0.12011171396717796,-0.1681862063975778
2022-08-10 03:00:00,0.0,0.050588053872229,0.4268517293881743,26.001878647456746,0.12011171396717796,-0.1631741385105757
2022-08-10 03:30:00,0.0,0.0500935943044397,0.3532372421596977,21.51761670864912,0.12011171396717796,-0.1594637220587258
2022-08-10 04:00:00,0.0,0.0470667408912233,0.2608569666367712,15.89022773916144,0.12011171396717796,-0.155003987164499
2022-08-10 04:30:00,0.0,0.047289083566407,0.279365385639939,17.017676995526063,0.12011171396717796,-0.1502615796334074
2022-08-10 05:00:00,0.0,0.0611952697970643,0.279365385639939,17.017676995526063,0.1176621477685571,-0.1489930877480128
2022-08-10 05:30:00,0.0,0.059335915398989,0.2423323009693682,14.761788809421292,0.1176621477685571,-0.1568139273057937
2022-08-10 06:00:00,0.0,0.046719852610432,0.1866604982745807,11.370514139338804,0.12011171396717796,-0.1780416188560795
2022-08-10 06:30:00,0.0,3.970431208349552e-05,0.2608569666367712,15.89022773916144,0.12011171396717796,-0.2136858848422629
2022-08-10 07:00:00,0.0,3.979356367009359e-05,0.4084721241745554,24.882276145113178,0.1176621477685571,-0.2626125926729449
2022-08-10 07:30:00,0.0,4.055340692075748e-05,0.9888577054760492,60.23674331657304,0.1176621477685571,-0.324581199727219
2022-08-10 08:00:00,0.0,4.068718853140495e-05,1.3788903812957685,83.99577158557774,0.1176621477685571,-0.4025780983223174
2022-08-10 08:30:00,0.0,4.127444219376738e-05,1.813662012517811,110.4800948670979,0.1176621477685571,-0.5031857003208319
2022-08-10 09:00:00,0.0,0.0140217560279504,2.524932069610894,153.8074529092283,0.1176621477685571,-0.6346946873833977
2022-08-10 09:30:00,0.0,0.0148382351064712,3.4705450420499826,211.40992248821937,0.1176621477685571,-0.8032884441949095
2022-08-10 10:00:00,0.0,0.0024938275829226,3.7559515674125583,228.79559841907948,0.1176621477685571,-1.008532716100808
2022-08-10 10:30:00,0.0,0.002817757571835,5.1455960947503,313.44646398949646,0.1176621477685571,-1.2401077354925738
2022-08-10 11:00:00,0.0,0.0681943876971642,6.11699024125274,372.619406201561,0.1176621477685571,-1.479016413993937
2022-08-10 11:30:00,0.0,0.0710035733517137,6.2302879185827225,379.5209887749653,0.1176621477685571,-1.7043064455158936
2022-08-10 12:00:00,0.0,0.0868818536194755,6.691894193116305,407.63995727611376,0.1176621477685571,-1.8992019453058484
2022-08-10 12:30:00,0.0,0.0938829458614563,7.1445748795845505,435.2152192821176,0.1176621477685571,-2.049502813318301
2022-08-10 13:00:00,0.0,0.2340940964000942,7.414757702817249,451.6735360667151,0.1176621477685571,-2.138831885930379
2022-08-10 13:30:00,0.0,0.4111163903592619,7.239490068163133,440.99702370108577,0.1176621477685571,-2.1522515607644697
2022-08-10 14:00:00,0.0,0.295450826901417,7.09016589991356,431.9008700846461,0.1176621477685571,-2.0884500349660007
2022-08-10 14:30:00,0.0,0.3079475205738095,6.939890506801898,422.7467721476668,0.1176621477685571,-1.9667527424697204
2022-08-10 15:00:00,0.0,0.5412507039443738,7.0765440299240385,431.0710873145805,0.1176621477685571,-1.820342577074177
2022-08-10 15:30:00,0.0,0.614873943275635,6.52509259339627,397.4791575053394,0.1176621477685571,-1.6827727464637707
2022-08-10 16:00:00,0.0,0.1215182956075412,5.219527973927577,317.9500600117063,0.11731759112012026,-1.577316664907892
2022-08-10 16:30:00,0.0,6.230346701587582e-05,5.988864370898011,364.8145571094919,0.11731759112012026,-1.5098987211323391
2022-08-10 17:00:00,0.0,0.0453853570720234,6.371136888714031,388.100871616773,0.11697303447168345,-1.4669740054876752
2022-08-10 17:30:00,0.0,0.0445218412618105,5.7737290422104905,351.70948496340577,0.11697303447168345,-1.4244114659604066
2022-08-10 18:00:00,0.0,0.0144812076125681,5.5420130792015465,337.59439549317426,0.11697303447168345,-1.3638638742964888
2022-08-10 18:30:00,0.0,0.0143746952830955,4.922347339974927,299.84715858622326,0.11697303447168345,-1.281922183315215
2022-08-10 19:00:00,0.0,0.1639100785028096,4.862441559905527,296.1979691454813,0.11697303447168345,-1.1858264163463714
2022-08-10 19:30:00,0.0,0.0051779232621214,4.006605414299226,244.0642982053193,0.11697303447168345,-1.0848336826481206
2022-08-10 20:00:00,0.0,5.92452380392292e-05,3.3103815431743304,201.65348582697865,0.11697303447168345,-0.9862609241229512
2022-08-10 20:30:00,0.0,5.68758933502975e-05,2.839212463488327,172.95199444497197,0.11697303447168345,-0.8952006016216044
2022-08-10 21:00:00,0.0,5.434841106388849e-05,2.070375422422503,126.11791585258212,0.11697303447168345,-0.81422388969016
2022-08-10 21:30:00,0.0,5.360866080615109e-05,1.882417794065067,114.66838640960916,0.11697303447168345,-0.7433193661603728
2022-08-10 22:00:00,0.0,5.2094630059039074e-05,1.5189766574292478,92.52919455523003,0.11697303447168345,-0.6815346351784818
2022-08-10 22:30:00,0.0,5.075903399214024e-05,1.2908692640074255,78.63392283911593,0.11697303447168345,-0.6289407705421693
2022-08-10 23:00:00,0.0,5.055599251456459e-05,1.2201908275249749,74.3285118453668,0.1166284778232466,-0.5865226539462923
2022-08-10 23:30:00,0.0,5.045356679417191e-05,0.8632463209094211,52.585065337144506,0.1166284778232466,-0.5540259356689728
2022-08-11 00:00:00,0.0,5.250970629162468e-05,0.7556397385164532,46.03015855239288,0.1166284778232466,-0.5286209354290422
2022-08-11 00:30:00,0.0,4.8495168331721855e-05,0.9897047529533052,60.28834162154844,0.1166284778232466,-0.5062594363146957
2022-08-11 01:00:00,0.0,4.662805878867662e-05,0.683098197154088,41.61125562769985,0.1166284778232466,-0.4843635164410153
2022-08-11 01:30:00,0.0,0.0743555079288792,0.7012568313807913,42.71739757596619,0.1166284778232466,-0.4628959411265768
2022-08-11 02:00:00,0.0,4.672412775595169e-05,0.7918178158847273,48.233963556946826,0.1166284778232466,-0.4429362694184152
2022-08-11 02:30:00,0.0,4.984556796021151e-05,0.2981272275471001,18.160563630124024,0.1166284778232466,-0.4248566502320365
2022-08-11 03:00:00,0.0,0.0616944646225206,0.5738187735050545,34.954446912273085,0.1166284778232466,-0.4081486604990754
2022-08-11 03:30:00,0.0,4.4991950776559795e-05,0.3535538479765911,21.536902904447697,0.1166284778232466,-0.392548003550618
2022-08-11 04:00:00,0.0,4.628760623981973e-05,0.3166189339665819,19.286994831405423,0.1166284778232466,-0.3786625317562708
2022-08-11 04:30:00,0.0,0.0612001530050054,0.3904243112633855,23.782884930648898,0.1166284778232466,-0.3670661798447959
2022-08-11 05:00:00,0.0,0.067027788837419,0.5006515489022519,30.497430191689094,0.1166284778232466,-0.3568939087035827
2022-08-11 05:30:00,0.0,0.0934543990186305,0.4272305797790695,26.024956501454707,0.1166284778232466,-0.3464245769711191
2022-08-11 06:00:00,0.0,0.0585339110412912,0.6103078559334822,37.17719693983174,0.1141789116246258,-0.3365277013169361
2022-08-11 06:30:00,0.0,0.0429342993664559,0.7737364765292531,47.132530062982994,0.1141789116246258,-0.3341531798281889
2022-08-11 07:00:00,0.0,0.074170877555496,1.150256448112703,70.06842544635062,0.1166284778232466,-0.3511214375502616
2022-08-11 07:30:00,0.0,0.0628130991600546,1.659543943883253,101.09191850018917,0.1166284778232466,-0.3966340721254229
2022-08-11 08:00:00,0.0,5.040239520669945e-05,2.709640671972944,165.05906636911374,0.1141789116246258,-0.4688939724893166
2022-08-11 08:30:00,0.0,0.105317749514112,3.521181469670893,214.49446486087615,0.1141789116246258,-0.554722767748565
2022-08-11 09:00:00,0.0,0.107686346011676,3.821912225632571,232.81362367811136,0.1141789116246258,-0.6393722348451132
2022-08-11 09:30:00,0.0,0.1079112048690627,4.16512518639538,253.72060645824516,0.1141789116246258,-0.7170767734789811
2022-08-11 10:00:00,0.0,0.0018715032206585,4.715648267497655,287.2559850496899,0.1141789116246258,-0.7914145901153355
2022-08-11 10:30:00,0.0,0.1409835852163882,5.950508388457673,362.4780839686962,0.1141789116246258,-0.8664347010882134
2022-08-11 11:00:00,0.0,0.3661692298586068,6.277359597424397,382.38838275911905,0.11383435497618898,-0.9394761418033316
2022-08-11 11:30:00,0.0,0.36504181491472,6.72459830133972,409.632143777308,0.11383435497618898,-1.0026961265936982
2022-08-11 12:00:00,0.0,0.495849468122694,6.931333829615156,422.2255380363419,0.11383435497618898,-1.0497479700871244
2022-08-11 12:30:00,0.0,0.53847687098333,6.986157476775547,425.56514690361473,0.11383435497618898,-1.0797681211759844
2022-08-11 13:00:00,0.0,0.3721190646682755,6.779906105420409,413.001245296528,0.11383435497618898,-1.095593470097446
2022-08-11 13:30:00,0.0,0.4052535031153564,6.986157476775547,425.56514690361473,0.11383435497618898,-1.099661877221478
2022-08-11 14:00:00,0.0,0.562582785594652,7.177041967152433,437.19296755594195,0.11383435497618898,-1.092517190370583
2022-08-11 14:30:00,0.0,0.6095859442107495,6.958761619196476,423.8963150466253,0.11383435497618898,-1.0754365967985084
2022-08-11 15:00:00,0.0,0.6477399017091622,6.502050657503413,396.07554688451023,0.11383435497618898,-1.0544901708880237
2022-08-11 15:30:00,0.0,0.7089974242338016,6.64139095681651,404.56352831692146,0.11383435497618898,-1.0407570634832657
2022-08-11 16:00:00,0.0,0.7439056734183235,6.502050657503413,396.07554688451023,0.11348979832775213,-1.0436016083428712
2022-08-11 16:30:00,0.0,0.6399551656978311,6.710750929708303,408.7886244661354,0.11348979832775213,-1.0618884061927611
2022-08-11 17:00:00,0.0,0.7344803667326305,6.6274942560503725,403.7170040977527,0.11348979832775213,-1.0824623668653
2022-08-11 17:30:00,0.0,0.5811977037219525,6.164194439641769,375.4948726777571,0.11348979832775213,-1.0881434080473706
2022-08-11 18:00:00,0.0,0.5281681896803898,6.36187312075124,387.5365647303234,0.11314524167931526,-1.068032427606367
2022-08-11 18:30:00,0.0,0.576495055144212,6.007684628134208,365.9610021419881,0.11314524167931526,-1.022736250171825
2022-08-11 19:00:00,0.0,0.1940690213900415,4.985951605451644,303.7216430465691,0.11280068503087842,-0.9623813086890982
2022-08-11 19:30:00,0.0,0.1466383086691641,4.025357168613267,245.20657034932464,0.11280068503087842,-0.8994330446078256
2022-08-11 20:00:00,0.0,0.1276807847260279,3.361247516769539,204.75201110319836,0.11245612838244161,-0.841466076557575
2022-08-11 20:30:00,0.0,5.318917135696235e-05,3.4573466081382622,210.6059335307401,0.11245612838244161,-0.7890393939387105
2022-08-11 21:00:00,0.0,5.168125370113112e-05,2.7921575750526944,170.0856232564877,0.11245612838244161,-0.7390345885492133
2022-08-11 21:30:00,0.0,4.824707301932508e-05,2.258575020705908,137.58218501011686,0.11245612838244161,-0.689131858287731
2022-08-11 22:00:00,0.0,4.745745403442763e-05,1.7461441706300165,106.36721301507644,0.11211157173400477,-0.6397600295549865
2022-08-11 22:30:00,0.0,0.0604166727640186,1.2743008664250963,77.62465092182501,0.11211157173400477,-0.5932468657863943
2022-08-11 23:00:00,0.0,0.0739892403486896,1.0254874780198715,62.46806355026074,0.11211157173400477,-0.5518756917993694
2022-08-11 23:30:00,0.0,0.0746196372067791,0.9179585371279342,55.91788633493289,0.11211157173400477,-0.5165786056402468
2022-08-12 00:00:00,0.0,0.0755239673305446,0.8647183379557918,52.674733964378554,0.11211157173400477,-0.4870862327172253
2022-08-12 00:30:00,0.0,0.0455277124854302,0.5743055089988881,34.98409663926895,0.11211157173400477,-0.4627976115929904
2022-08-12 01:00:00,0.0,0.0455300672157682,0.4827299746289745,29.405728864642647,0.11211157173400477,-0.4429316913959686
2022-08-12 01:30:00,0.0,3.948357461039692e-05,0.4643672423282382,28.28715418391252,0.11211157173400477,-0.4258346677026234
2022-08-12 02:00:00,0.0,3.877829253423758e-05,0.3353797764762288,20.429820587222544,0.10966200553538397,-0.4090592233152954
2022-08-12 02:30:00,0.0,3.825496551648326e-05,0.4091832271832253,24.92559332732016,0.10966200553538397,-0.3912402757263069
2022-08-12 03:00:00,0.0,3.979356367009359e-05,0.1683727689706103,10.256508302274602,0.10966200553538397,-0.3740325279054403
2022-08-12 03:30:00,0.0,3.877829253423758e-05,0.1869945298077638,11.390861831036576,0.10966200553538397,-0.3614292284006506
2022-08-12 04:00:00,0.0,3.988293852646097e-05,0.1869945298077638,11.390861831036576,0.10966200553538397,-0.3564839688725474
2022-08-12 04:30:00,0.0,4.100291423138871e-05,0.1124085555460358,6.847421291775842,0.10966200553538397,-0.3585382779564515
2022-08-12 05:00:00,0.0,3.952803201248042e-05,0.1310798150608924,7.984790056326343,0.11000656218382081,-0.3635467037514748
2022-08-12 05:30:00,0.0,3.930605387418525e-05,0.2055998573655216,12.524214318670666,0.11000656218382081,-0.3668640326297618
2022-08-12 06:00:00,0.0,3.834218123900825e-05,3.193420283395582e-05,0.0019452873436449,0.11000656218382081,-0.3660607668996121
2022-08-12 06:30:00,0.0,0.0287806711276403,0.1497345417790829,9.121151717606514,0.11000656218382081,-0.362090914511666
2022-08-12 07:00:00,0.0,0.040678155871869,0.2613175696599956,15.918285594125964,0.10966200553538397,-0.3587797438888732
2022-08-12 07:30:00,0.0,0.0286368565616571,0.4459885614414117,27.16760798738062,0.10966200553538397,-0.3616423238669735
2022-08-12 08:00:00,0.0,0.0395089702057812,0.792486528698061,48.27469851999178,0.11000656218382081,-0.3771709213228515
2022-08-12 08:30:00,0.0,0.0272042507905671,0.9367057506902032,57.059881876857425,0.11000656218382081,-0.4126419269820547
2022-08-12 09:00:00,0.0,3.860457419765026e-05,1.3283512737902758,80.91715751461646,0.11000656218382081,-0.4749856961685891
2022-08-12 09:30:00,0.0,4.274146575667647e-05,1.7994229132509283,109.61271327837326,0.11000656218382081,-0.5672108004789058
2022-08-12 10:00:00,0.0,4.667710141974349e-05,2.678715042725591,163.1752167711784,0.11000656218382081,-0.6836160084245008
2022-08-12 10:30:00,0.0,5.329443617329002e-05,4.476120591097026,272.66504129644903,0.11000656218382081,-0.8083444832886998
2022-08-12 11:00:00,0.0,0.0920343533979047,5.227557754371819,318.439197954233,0.11000656218382081,-0.9210287203216528
2022-08-12 11:30:00,0.0,0.2774846722068538,5.811350607981002,354.0012207590983,0.11000656218382081,-1.006887118810127
2022-08-12 12:00:00,0.0,0.3841606600607741,6.055042310753839,368.8458181840021,0.11000656218382081,-1.0630098113611983
2022-08-12 12:30:00,0.0,0.4011579056136353,6.436887162603618,392.10608121300584,0.11000656218382081,-1.0953745492250109
2022-08-12 13:00:00,0.0,0.4571304765713434,6.352573423501306,386.9700691940455,0.10966200553538397,-1.1101896135479217
2022-08-12 13:30:00,0.0,0.6552977164759098,6.28207782569354,382.6757959062114,0.10966200553538397,-1.1079938467202315
2022-08-12 14:00:00,0.0,0.6562583201488158,6.36664693696447,387.8273640437983,0.10966200553538397,-1.085149590397402
2022-08-12 14:30:00,0.0,0.6697122232285544,6.2113676855871685,378.3684536709442,0.10966200553538397,-1.0406445573077063
2022-08-12 15:00:00,0.0,0.6756822696256741,6.422856054847661,391.25136952732817,0.11000656218382081,-0.982319701912776
2022-08-12 15:30:00,0.0,0.6529351718203256,5.739183688514687,349.6051381076035,0.11000656218382081,-0.9265601315869788
2022-08-12 16:00:00,0.0,0.4337103606262737,6.23967758828085,380.09296502625136,0.10966200553538397,-0.8894098911985576
2022-08-12 16:30:00,0.0,0.3980419720991909,5.739183688514687,349.6051381076035,0.10966200553538397,-0.875705203678583
2022-08-12 17:00:00,0.0,6.748067232976398e-05,5.123843387266009,312.121387338007,0.1089728922385103,-0.877149721929268
2022-08-12 17:30:00,0.0,0.2097855716019726,4.944939492474531,301.22337043505786,0.1089728922385103,-0.8805108581984938
2022-08-12 18:00:00,0.0,0.0104643190596407,5.019654093721387,305.7746463490584,0.10862833559007341,-0.8757280270092627
2022-08-12 18:30:00,0.0,0.0098743124874219,4.012929992335032,244.4495629219906,0.10862833559007341,-0.8578551837202005
2022-08-12 19:00:00,0.0,6.213129012402995e-05,3.283467724710817,200.01401761484087,0.10862833559007341,-0.8267035982794707
2022-08-12 19:30:00,0.0,0.1666917355688253,2.909504701400261,177.2338799668229,0.10862833559007341,-0.7871335213735077
2022-08-12 20:00:00,0.0,0.1862866060733218,2.2266082652128674,135.6349147055679,0.10862833559007341,-0.747245438077088
2022-08-12 20:30:00,0.0,0.1710831094027669,2.107843958123466,128.40032974789602,0.10862833559007341,-0.7133247466919331
2022-08-12 21:00:00,0.0,0.1427332467030547,1.9713110336067203,120.0833609031046,0.10862833559007341,-0.6855525398756452
2022-08-12 21:30:00,0.0,0.0889122192810839,1.573899369498972,95.87483800915987,0.10862833559007341,-0.6585135752804523
2022-08-12 22:00:00,0.0,4.834497702000175e-05,1.2930422316379309,78.76629020872745,0.10828377894163659,-0.6260475053181511
2022-08-12 22:30:00,0.0,0.1083464222134699,0.9546646387166512,58.15385618914681,0.10828377894163659,-0.586085866777119
2022-08-12 23:00:00,0.0,0.1065631735373459,0.8647183379557918,52.674733964378554,0.10828377894163659,-0.5414464116311708
2022-08-12 23:30:00,0.0,0.1047689430428857,0.5743055089988881,34.98409663926895,0.10828377894163659,-0.4971102271708146
2022-08-13 00:00:00,0.0,0.070325666229902,0.5747768994696916,35.012811616797485,0.10828377894163659,-0.4574228186862959
2022-08-13 00:30:00,0.0,0.0678792446076957,0.519832950373391,31.66587449916699,0.10828377894163659,-0.4249799010661456
2022-08-13 01:00:00,0.0,4.301786220239421e-05,0.4279416647377339,26.06827258413692,0.10828377894163659,-0.4008863726499987
2022-08-13 01:30:00,0.0,4.0777784320328945e-05,0.3910730995828073,23.822406183552506,0.10828377894163659,-0.3862327164724163
2022-08-13 02:00:00,0.0,4.055340692075748e-05,0.3356493992152452,20.4462447862074,0.10828377894163659,-0.3836303415402447
2022-08-13 02:30:00,0.0,4.1730670283170366e-05,0.242952139949089,14.799546599356374,0.10828377894163659,-0.3958752115496637
2022-08-13 03:00:00,0.0,0.1299108549529779,0.0937839498437917,5.712894466686916,0.10583421274301576,-0.4209714660802189
2022-08-13 03:30:00,0.0,0.1192650855028276,0.242952139949089,14.799546599356374,0.10583421274301576,-0.448683385960449
2022-08-13 04:00:00,0.0,4.451896348842178e-05,0.3541401225334721,21.57261610140244,0.10617876939145258,-0.4647235101867926
2022-08-13 04:30:00,0.0,4.475609477267896e-05,0.242952139949089,14.799546599356374,0.10617876939145258,-0.460216868292284
2022-08-13 05:00:00,0.0,4.3438351331317256e-05,0.1871376955768159,11.399582842800305,0.10617876939145258,-0.4369861842912181
2022-08-13 05:30:00,0.0,3.961703941799172e-05,0.1685000021001579,10.2642587696305,0.10617876939145258,-0.4043919980960653
2022-08-13 06:00:00,0.0,3.8822256168481984e-05,0.0750634501676788,4.572526214001738,0.10583421274301576,-0.3729695606263795
2022-08-13 06:30:00,0.0,3.743441925524666e-05,0.2615241859398796,15.93087172431181,0.10583421274301576,-0.3508990445693963
2022-08-13 07:00:00,0.0,3.713428294613371e-05,0.5014865809257187,30.548296569510843,0.10583421274301576,-0.3439165060595031
2022-08-13 07:30:00,0.0,3.721987992815649e-05,0.756901932539241,46.107045709104455,0.10583421274301576,-0.3565329227358366
2022-08-13 08:00:00,0.0,3.666573640149513e-05,1.1343611544396888,69.10015597783094,0.10583421274301576,-0.3933461857579605
2022-08-13 08:30:00,0.0,3.825496551648326e-05,1.4877472801102736,90.62684199724109,0.10583421274301576,-0.4597315156559114
2022-08-13 09:00:00,0.0,3.979356367009359e-05,1.852645760302526,112.85480863614866,0.10583421274301576,-0.5602970591556214
2022-08-13 09:30:00,0.0,4.5614963145202326e-05,2.3466251549072816,142.94580133580914,0.10583421274301576,-0.6940790911127533
2022-08-13 10:00:00,0.0,0.1001099009504908,3.7016314086908086,225.4866597925029,0.07866666666666666,-0.8494616903264525
2022-08-13 10:30:00,0.0,0.1133965000888993,5.231557666192473,318.68285450895814,0.07866666666666666,-1.0050969393809968
2022-08-13 11:00:00,0.0,0.4044063935918525,5.554702676783713,338.3673884406071,0.079,-1.1387201980799655
2022-08-13 11:30:00,0.0,0.4194516960769308,6.059601179853193,369.1235238905268,0.079,-1.2371471101809532
2022-08-13 12:00:00,0.0,0.2100796795266971,6.329137871565002,385.5424812623827,0.07833333333333332,-1.2991808919984078
2022-08-13 12:30:00,0.0,0.3596223667997287,6.329137871565002,385.5424812623827,0.07833333333333332,-1.3311008492772614
2022-08-13 13:00:00,0.0,0.4008657673576253,5.988146171911255,364.77080767236265,0.078,-1.3408746889891732
2022-08-13 13:30:00,0.0,0.3579069432209945,6.357328998777184,387.2597573520377,0.078,-1.3356886842464892
2022-08-13 14:00:00,0.0,0.3456224692160872,5.554702676783713,338.3673884406071,0.07733333333333332,-1.3220070497950682
2022-08-13 14:30:00,0.0,0.3008747978480264,5.112906735692438,311.4551759408244,0.07733333333333332,-1.3053117337077402
2022-08-13 15:00:00,0.0,0.5075268943674041,6.230198802929607,379.51556025204184,0.077,-1.289141497522208
2022-08-13 15:30:00,0.0,0.4106205427611487,5.873356471950871,357.77833782193926,0.077,-1.2755894177525586
2022-08-13 16:00:00,0.0,0.4782932267395112,5.583854515604254,340.14318674051884,0.077,-1.2669634968901269
2022-08-13 16:30:00,0.0,0.4834049342123637,6.258510132980683,381.240158555512,0.077,-1.265356576556311
2022-08-13 17:00:00,0.0,0.2587261859501156,5.786887722913696,352.5110523350451,0.07733333333333332,-1.269748824173499
2022-08-13 17:30:00,0.0,0.2666888069033074,5.6420473103445605,343.6880288550457,0.07733333333333332,-1.2743708689483857
2022-08-13 18:00:00,0.0,0.4617546214936486,5.481660463620626,333.917986852073,0.07633333333333332,-1.2705520965720705
2022-08-13 18:30:00,0.0,0.2746159541660707,6.637380277748538,404.31921587014097,0.07633333333333332,-1.2506091527869805
2022-08-13 19:00:00,0.0,0.2268368454068816,4.873730684306562,296.8856515946833,0.07533333333333332,-1.211017592308468
2022-08-13 19:30:00,0.0,0.371944227545078,5.201952830052184,316.8794616591716,0.07533333333333332,-1.1529582285599045
2022-08-13 20:00:00,0.0,0.1108728742657271,4.479596915512283,272.8768032722392,0.07433333333333335,-1.0805323688786692
2022-08-13 20:30:00,0.0,0.1120619462388533,3.542725349034817,215.8068206468516,0.07433333333333335,-0.9989105634025132
2022-08-13 21:00:00,0.0,0.1111007027257847,2.6144304196766965,159.2592880016951,0.07433333333333335,-0.9136891852446892
2022-08-13 21:30:00,0.0,0.0911211443504132,1.9042732489879557,115.99972197079911,0.07433333333333335,-0.8305965039233184
2022-08-13 22:00:00,0.0,0.0903643716124817,1.644890658876197,100.19930658764945,0.07400000000000001,-0.7546633673951665
2022-08-13 22:30:00,0.0,0.0868685833080174,1.2941071956248504,78.83116300282738,0.07400000000000001,-0.6892876752562388
2022-08-13 23:00:00,0.0,0.0800915618749661,0.8473820414423241,51.61868511391324,0.07400000000000001,-0.635759687518557
2022-08-13 23:30:00,0.0,0.0738642691316982,0.7750287934714748,47.21125217183766,0.07400000000000001,-0.5935324799584765
2022-08-14 00:00:00,0.0,4.4849951911232046e-05,0.9022144355027538,54.95882680281399,0.07400000000000001,-0.5608611618967538
2022-08-14 00:30:00,0.0,4.4234971020302885e-05,0.7575103732233254,46.144109166371955,0.07400000000000001,-0.5349914709043051
2022-08-14 01:00:00,0.0,0.0657743706219657,0.6118139250964681,37.268939868147314,0.07400000000000001,-0.5121694406188906
2022-08-14 01:30:00,0.0,0.0850036356273444,0.4835031213293294,29.45282546820596,0.07400000000000001,-0.4890561791053556
2022-08-14 02:00:00,0.0,0.0812857783474744,0.4282738467519084,26.088507611493643,0.07400000000000001,-0.4651104052129037
2022-08-14 02:30:00,0.0,0.0513787392054731,0.3544097381711046,21.589039867803063,0.07400000000000001,-0.4429946871123645
2022-08-14 03:00:00,0.0,3.769289681728121e-05,0.16861127121644,10.271036781430812,0.07400000000000001,-0.4259053444293098
2022-08-14 03:30:00,0.0,3.700612199468409e-05,0.280286512871074,17.073787904382332,0.07400000000000001,-0.4146588558929687
2022-08-14 04:00:00,0.0,3.636778521064745e-05,0.1499410945752654,9.13373398065211,0.07466666666666667,-0.407564679027613
2022-08-14 04:30:00,0.0,3.615716633737405e-05,0.1312543618119311,7.995422655719396,0.07466666666666667,-0.4027601517332071
2022-08-14 05:00:00,0.0,3.582180858518088e-05,-1.9160522503969548e-05,-0.0011671724551384,0.07433333333333335,-0.4001020429099904
2022-08-14 05:30:00,0.0,3.515368783130449e-05,0.1312543618119311,7.995422655719396,0.07433333333333335,-0.4006030589515292
2022-08-14 06:00:00,0.0,3.536052203677899e-05,0.2059020894065681,12.542624928991794,0.07433333333333335,-0.4047370710949118
2022-08-14 06:30:00,0.0,3.408241776180299e-05,0.0563411992247709,3.4320512820564097,0.07433333333333335,-0.4124806772705387
2022-08-14 07:00:00,0.0,3.4205635288323394e-05,0.261714976175229,15.94249380337375,0.07500000000000001,-0.4252809389206183
2022-08-14 07:30:00,0.0,3.387882363103905e-05,0.5018808959077057,30.57231645652218,0.07500000000000001,-0.4472342793423651
2022-08-14 08:00:00,0.0,3.5236327077905795e-05,0.7029913365858187,42.8230557957868,0.07500000000000001,-0.4842127391104863
2022-08-14 08:30:00,0.0,3.5236327077905795e-05,1.2951577819941016,78.89515997742343,0.07500000000000001,-0.5421982598444076
2022-08-14 09:00:00,0.0,3.8734359909475526e-05,1.471408887657497,89.63158095317657,0.07500000000000001,-0.6254444802411742
2022-08-14 09:30:00,0.0,4.466035765302329e-05,2.145312246983144,130.68272860675418,0.07500000000000001,-0.7338507965549443
2022-08-14 10:00:00,0.0,4.706637533441472e-05,2.9305717214119,178.51718763572083,0.07566666666666667,-0.860595098511679
2022-08-14 10:30:00,0.0,5.360866080615109e-05,4.252336146587446,259.0331040950536,0.07566666666666667,-0.9927521681033282
2022-08-14 11:00:00,0.0,0.2049904917280755,4.741724368119757,288.84442327611254,0.07566666666666667,-1.11576223424159
2022-08-14 11:30:00,0.0,0.3458735323293535,5.146556203943347,313.50494950333444,0.07566666666666667,-1.2191660095481447
2022-08-14 12:00:00,0.0,0.321963811630945,5.456519156101867,332.38649199769304,0.07533333333333335,-1.2998190296851766
2022-08-14 12:30:00,0.0,0.4705547683391052,5.776802179149316,351.89668657991297,0.07533333333333335,-1.360703054591544
2022-08-14 13:00:00,0.0,0.3623401722560352,5.646316914149843,343.9481138268854,0.07500000000000001,-1.406542125810293
2022-08-14 13:30:00,0.0,0.3601876029718163,5.848975557715034,356.29316269055835,0.07500000000000001,-1.4396164195765573
2022-08-14 14:00:00,0.0,0.5066711915109064,5.863383145529501,357.17080784029525,0.07466666666666667,-1.4585439601306462
2022-08-14 14:30:00,0.0,0.5174876771737953,5.776802179149316,351.89668657991297,0.07466666666666667,-1.4605228451525685
2022-08-14 15:00:00,0.0,0.5514973900102076,5.834558958827384,355.41496862695914,0.07466666666666666,-1.4456643878917537
2022-08-14 15:30:00,0.0,0.691693489350257,5.776802179149316,351.89668657991297,0.07466666666666666,-1.4204803080885058
2022-08-14 16:00:00,0.0,0.6772036343782546,5.848975557715034,356.29316269055835,0.075,-1.3966226007294045
2022-08-14 16:30:00,0.0,0.6519278947430645,5.704401808654501,347.48638314659803,0.075,-1.384172007934405
2022-08-14 17:00:00,0.0,0.4361349294499245,5.892171342372489,358.92445471403147,0.07433333333333332,-1.385218733674094
2022-08-14 17:30:00,0.0,0.5657876118358591,5.48582131659367,334.17144721459766,0.07433333333333332,-1.3938913517424298
2022-08-14 18:00:00,0.0,0.5851009863977243,5.500458347106557,335.06306897679764,0.07366666666666666,-1.4012633308873348
2022-08-14 18:30:00,0.0,0.2640178294232174,5.733389306357545,349.2521705281985,0.07366666666666666,-1.39880885839045
2022-08-14 19:00:00,0.0,0.2150169567747988,5.116814956204561,311.69324707533605,0.07233333333333335,-1.3782261007183978
2022-08-14 19:30:00,0.0,0.0236891449590241,4.802157688848065,292.5257481101307,0.07233333333333335,-1.3313324362005725
2022-08-14 20:00:00,0.0,5.250970629162468e-05,4.190406243592759,255.2606142315951,0.07133333333333335,-1.2533599535914954
2022-08-14 20:30:00,0.0,5.1631590601909576e-05,3.704537391561737,225.66367913847057,0.07133333333333335,-1.147692903690783
2022-08-14 21:00:00,0.0,0.0852292624965572,2.9961174649849833,182.5099381692316,0.07100000000000001,-1.0267410342826917
2022-08-14 21:30:00,0.0,0.1142223656251198,2.1623183714944267,131.71866487071105,0.07100000000000001,-0.9067877482876572
2022-08-14 22:00:00,0.0,0.108671134459722,1.733101664675515,105.57272248419872,0.07066666666666667,-0.8006879188909564
2022-08-14 22:30:00,0.0,0.1041794828986935,1.312848284472694,79.97278545482332,0.07066666666666667,-0.7141524578944007
2022-08-14 23:00:00,0.0,4.25552035709587e-05,1.0638394048154765,64.80428963950447,0.07066666666666667,-0.6468445356271508
2022-08-14 23:30:00,0.0,0.0845269884899484,0.9562257553340356,58.24895235965534,0.07066666666666667,-0.5953342935756994
2022-08-15 00:00:00,0.0,0.0821989904228339,0.9257013895200932,56.389545916995864,0.07066666666666667,-0.5555169892139752
2022-08-15 00:30:00,0.0,0.0534412784063464,0.7437631398165201,45.30668982337346,0.07066666666666667,-0.5239470798098707
2022-08-15 01:00:00,0.0,0.0486328410833591,0.5602530151673404,34.128082210498164,0.07033333333333334,-0.4980686599762617
2022-08-15 01:30:00,0.0,0.0452726032708604,0.4864018331469303,29.6294018944588,0.07033333333333334,-0.4757656906569134
2022-08-15 02:00:00,0.0,0.0396946583722549,0.6154729512716115,37.49183120962159,0.07066666666666667,-0.4550912525732891
2022-08-15 02:30:00,0.0,0.035331252463956,0.356538835990657,21.718734886754778,0.07066666666666667,-0.4345194033270846
2022-08-15 03:00:00,0.0,3.552828802827067e-05,0.3379216873135467,20.58466230994283,0.07066666666666667,-0.4132783429435427
2022-08-15 03:30:00,0.0,0.0310871747236429,0.2819715802926575,17.17643459781754,0.07066666666666667,-0.3914762551925153
2022-08-15 04:00:00,0.0,3.4286814121211164e-05,0.2071399879919066,12.618032117431596,0.07100000000000001,-0.3699598133310659
2022-08-15 04:30:00,0.0,0.0266420005848511,0.1883905366149967,11.47590025795058,0.07100000000000001,-0.349790978620043
2022-08-15 05:00:00,0.0,3.2910769402496645e-05,0.244588959632444,14.899254258583548,0.07066666666666667,-0.331458651435419
2022-08-15 05:30:00,0.0,3.18386857926341e-05,0.1320419149615448,8.04339683507678,0.07066666666666667,-0.3144306928588611
2022-08-15 06:00:00,0.0,3.1329082352843475e-05,0.0755421780128317,4.601688151222103,0.07100000000000001,-0.2976184355466096
2022-08-15 06:30:00,0.0,3.078563437100488e-05,0.0755421780128317,4.601688151222103,0.07100000000000001,-0.280610379102901
2022-08-15 07:00:00,0.0,3.187737162449441e-05,0.0566751915732645,3.452396586799949,0.07133333333333335,-0.2646207210488883
2022-08-15 07:30:00,0.0,3.207451334881924e-05,0.244588959632444,14.899254258583548,0.07133333333333335,-0.2522734585884691
2022-08-15 08:00:00,0.0,3.223346470019411e-05,0.5233596164294037,31.880703060245995,0.07166666666666667,-0.2467464051090506
2022-08-15 08:30:00,0.0,3.2830114591837195e-05,0.5786756503078756,35.25030590156104,0.07166666666666667,-0.2515982748518811
2022-08-15 09:00:00,0.0,3.367603199451579e-05,0.798508255666331,48.641514918045274,0.07166666666666667,-0.2715932539030712
2022-08-15 09:30:00,0.0,3.700612199468409e-05,1.0160906348279957,61.89565032214858,0.07166666666666667,-0.312795236042389
2022-08-15 10:00:00,0.0,4.006018939554484e-05,1.7606457820224797,107.25058565634431,0.07233333333333335,-0.3798278663324666
2022-08-15 10:30:00,0.0,4.9593749015695974e-05,3.2259192630334073,196.50842535912096,0.07233333333333335,-0.4712625952737838
2022-08-15 11:00:00,0.0,0.0581250738399356,4.446102415436468,270.8364696707404,0.07266666666666667,-0.5778070743513196
2022-08-15 11:30:00,0.0,0.0611161748444115,4.994552751675822,304.24558601072357,0.07266666666666667,-0.6864149037016911
2022-08-15 12:00:00,0.0,0.3070560452060825,5.039662706076249,306.99348060586425,0.07233333333333335,-0.7867897094512974
2022-08-15 12:30:00,0.0,0.5563450494431338,5.588798263389728,340.4443375175481,0.07233333333333335,-0.8741188248692117
2022-08-15 13:00:00,0.0,0.2848725097759718,5.159520049367572,314.29464839013116,0.07200000000000001,-0.947073797265902
2022-08-15 13:30:00,0.0,0.4087671990295691,5.29360967515775,322.46278251641564,0.07200000000000001,-1.005127816261326
2022-08-15 14:00:00,0.0,0.3772768299575941,5.588798263389728,340.4443375175481,0.07233333333333335,-1.0480610909002683
2022-08-15 14:30:00,0.0,0.4281926832486477,5.952523995413055,362.6008656370051,0.07233333333333335,-1.0772208275574109
2022-08-15 15:00:00,0.0,0.5356569031012949,5.574128857358927,339.5507435850838,0.07233333333333335,-1.0967242318603447
2022-08-15 15:30:00,0.0,0.3685040300001953,5.530064251720821,336.8665269131909,0.07233333333333335,-1.1126948462085806
2022-08-15 16:00:00,0.0,0.5072125595917107,5.9091789160756125,359.9604792562072,0.07266666666666666,-1.1298146423277746
2022-08-15 16:30:00,0.0,0.3531067850242252,5.219212846221934,317.93086385576635,0.07266666666666666,-1.1475576100741114
2022-08-15 17:00:00,0.0,0.2747424301103286,5.338131614744794,325.1748579060387,0.07233333333333332,-1.1600937776836304
2022-08-15 17:30:00,0.0,0.270991833867108,4.507703764193564,274.5889454945997,0.07233333333333332,-1.160374375133386
2022-08-15 18:00:00,0.0,0.1819463415689234,4.9644295769183096,302.4106183144614,0.07100000000000001,-1.1440998808596814
2022-08-15 18:30:00,0.0,0.2662250412034075,4.645693791904637,282.9946744821462,0.07100000000000001,-1.1099775859675414
2022-08-15 19:00:00,0.0,0.1482034240616688,3.9786207368306097,242.35959810121017,0.07066666666666667,-1.057890891307916
2022-08-15 19:30:00,0.0,0.1237071357742324,3.404390007042716,207.3800566735891,0.07066666666666667,-1.0567557864618995
2022-08-15 20:00:00,0.0,0.0765287786093549,3.323445804193316,202.4493015780856,0.07033333333333334,-1.0556206816158828
2022-08-15 20:30:00,0.0,4.9142623344636594e-05,2.6816503541456487,163.35402267983957,0.07033333333333334,-1.0544855767698664
2022-08-15 21:00:00,0.0,0.0597520542257761,1.8475885432556125,112.54674582441731,0.07,-1.0533504719238498
2022-08-15 21:30:00,0.0,0.0785488584158698,1.497690902230928,91.23256252710284,0.07,
2022-08-15 22:00:00,0.0,0.0732359611322058,1.1957280396832397,72.83834934385604,0.07,
2022-08-15 22:30:00,0.0,0.0701638216407223,0.9438099442012772,57.49263724563094,0.07,
2022-08-15 23:00:00,0.0,0.0445925955231775,0.7620271885823852,46.41925314905555,0.06966666666666667,-0.2539377595977677
2022-08-15 23:30:00,0.0,0.0410848259371124,0.6522065042562265,39.72947327883595,0.06966666666666667,-0.2562772443436545
2022-08-16 00:00:00,0.0,0.0401599881803927,0.5053473406405491,30.783476606700567,0.06966666666666667,-0.2586167290895412
2022-08-16 00:30:00,0.0,3.952803201248042e-05,0.4497907695490045,27.39922132521976,0.06966666666666667,-0.2609562138354279
2022-08-16 01:00:00,0.0,3.834218123900825e-05,0.4126718462023466,25.138104234825263,0.07033333333333334,
2022-08-16 01:30:00,0.0,3.756351760627554e-05,0.3009223951632079,18.330832611480883,0.07033333333333334,
2022-08-16 02:00:00,0.0,0.0330676177421213,0.2260928830860759,13.772556848918422,0.07,
2022-08-16 02:30:00,0.0,3.548673107177264e-05,0.2073439644550119,12.630457441907156,0.07,
2022-08-16 03:00:00,0.0,3.552828802827067e-05,0.1321811153687005,8.051876294911061,0.07,
2022-08-16 03:30:00,0.0,3.486373135510907e-05,0.1133484395184648,6.904674776560402,0.07,
2022-08-16 04:00:00,0.0,3.4987072144068906e-05,0.1321811153687005,8.051876294911061,0.07033333333333334,
2022-08-16 04:30:00,0.0,0.0284083022954273,0.2448251518847393,14.913642023371226,0.07033333333333334,
2022-08-16 05:00:00,0.0,0.0292717033521345,0.1321811153687005,8.051876294911061,0.07033333333333334,
2022-08-16 05:30:00,0.0,0.0287850615413672,0.0567491519339849,3.456901917789071,0.07033333333333334,
2022-08-16 06:00:00,0.0,0.0281087886734491,-2.7501209702844656e-06,-0.0001675249432341,0.07066666666666667,
2022-08-16 06:30:00,0.0,0.0274434240133402,0.0378488545787007,2.3055812028950373,0.07066666666666667,
2022-08-16 07:00:00,0.0,3.262987295419592e-05,0.1321811153687005,8.051876294911061,0.07066666666666667,
2022-08-16 07:30:00,0.0,0.0287053381473298,0.3754876512466613,22.873011092935116,0.07066666666666667,
2022-08-16 08:00:00,0.0,3.2830114591837195e-05,0.7444233716778321,45.34690816514199,0.07100000000000001,
2022-08-16 08:30:00,0.0,3.387882363103905e-05,0.8356634304377246,50.90484028143453,0.07100000000000001,
2022-08-16 09:00:00,0.0,3.603117163951886e-05,1.1788531732178011,71.8104087269695,0.07100000000000001,
2022-08-16 09:30:00,0.0,3.988293852646097e-05,1.6397294535974352,99.88490928269924,0.07100000000000001,
2022-08-16 10:00:00,0.0,4.362491475530173e-05,2.3470326301633375,142.97062288725274,0.07100000000000001,
2022-08-16 10:30:00,0.0,5.0658528157429184e-05,3.568279008363709,217.36343411031504,0.07100000000000001,
2022-08-16 11:00:00,0.0,0.0510051920148646,4.403281762735541,268.22802899104516,0.07166666666666667,
2022-08-16 11:30:00,0.0,0.0565857336535656,4.983397285691317,303.56604542832815,0.07166666666666667,
2022-08-16 12:00:00,0.0,0.3497696076857188,5.460665642567425,332.6390772174959,0.07133333333333335,
2022-08-16 12:30:00,0.0,0.3545693479017612,5.549053561097065,338.02326983820564,0.07133333333333335,
2022-08-16 13:00:00,0.0,0.5740604795683217,5.386747444138586,328.1363145646652,0.07100000000000001,
2022-08-16 13:30:00,0.0,0.5075443682181493,5.607790055290974,341.60123166676885,0.07100000000000001,
2022-08-16 14:00:00,0.0,0.5302135095228236,5.651743975627579,344.27870589022007,0.07100000000000001,
2022-08-16 14:30:00,0.0,0.5105962341868885,4.801806734566962,292.50436956109417,0.07100000000000001,
2022-08-16 15:00:00,0.0,0.2309879891489274,5.058633046481685,308.14906802688773,0.07133333333333335,
2022-08-16 15:30:00,0.0,0.2367630191204826,5.043605816707866,307.23367708880636,0.07133333333333335,
2022-08-16 16:00:00,0.0,0.2215772469413841,5.148588452643229,313.6287449115234,0.07100000000000001,
2022-08-16 16:30:00,0.0,0.3851224251902079,4.8169950076918795,293.4295705324586,0.07100000000000001,
2022-08-16 17:00:00,0.0,0.4162508073721215,4.938135850337188,300.80892329794665,0.07100000000000001,
2022-08-16 17:30:00,0.0,0.2411200310375912,4.892783903759021,298.04628763276685,0.07100000000000001,
2022-08-16 18:00:00,0.0,0.3169140127361752,4.710462262194762,286.9400770393272,0.07100000000000001,
2022-08-16 18:30:00,0.0,0.2762600766507539,4.877646399563422,297.12417927517976,0.07100000000000001,
2022-08-16 19:00:00,0.0,0.0674401595371671,4.107518889920904,250.21149116801143,0.07033333333333334,
2022-08-16 19:30:00,0.0,0.0629322142520206,3.6163886391990703,220.2940554399933,0.07033333333333334,
2022-08-16 20:00:00,0.0,5.633122614814294e-05,3.648403839071936,222.24427675726784,0.07,
2022-08-16 20:30:00,0.0,5.4135905394399165e-05,2.817159599076445,171.6086335896968,0.07,
2022-08-16 21:00:00,0.0,5.261428458702908e-05,1.95310606361694,118.97439638951728,0.06966666666666667,
2022-08-16 21:30:00,0.0,5.106547386381086e-05,1.4989732120916774,91.3106750497707,0.06966666666666667,
2022-08-16 22:00:00,0.0,0.0702740242713681,1.1070601906501831,67.43710462172929,0.06933333333333334,
2022-08-16 22:30:00,0.0,0.0767110712442004,1.0350249520493904,63.04904337356911,0.06933333333333334,
2022-08-16 23:00:00,0.0,0.0696529950121239,0.8356634304377246,50.90484028143453,0.06933333333333334,
2022-08-16 23:30:00,0.0,0.0578183889421714,0.652789701548467,39.76499902273325,0.06933333333333334,
2022-08-17 00:00:00,0.0,4.269485498715827e-05,0.5981400205404305,36.43598738740506,0.06933333333333334,
2022-08-17 00:30:00,0.0,4.218798386732919e-05,0.4501863359076661,27.42331744044384,0.06933333333333334,
2022-08-17 01:00:00,0.0,4.218798386732919e-05,0.3758198014724379,22.893244183886267,0.06933333333333334,
2022-08-17 01:30:00,0.0,4.191285371403597e-05,0.4316192044471826,26.29229168646866,0.06933333333333334,
2022-08-17 02:00:00,0.0,4.050824563260603e-05,0.2262968537788171,13.784981821889469,0.06966666666666667,
2022-08-17 02:30:00,0.0,0.0315236040073965,0.2637769901751565,16.06810237914858,0.06966666666666667,
2022-08-17 03:00:00,0.0,0.0312778555860068,0.2262968537788171,13.784981821889469,0.06966666666666667,
2022-08-17 03:30:00,0.0,4.028477412003767e-05,0.1699514758355823,10.352675991185563,0.06966666666666667,
2022-08-17 04:00:00,0.0,0.0281329512011377,0.2075317847349529,12.6418986047052,0.07,
2022-08-17 04:30:00,0.0,3.803747056451597e-05,0.1134550750807097,6.911170533185237,0.07,
2022-08-17 05:00:00,0.0,3.679314618140097e-05,0.1134550750807097,6.911170533185237,0.07,
2022-08-17 05:30:00,0.0,3.709153135362674e-05,0.1134550750807097,6.911170533185237,0.07,
2022-08-17 06:00:00,0.0,3.586361836441259e-05,0.0757064503167329,4.611694877720083,0.07,
2022-08-17 06:30:00,0.0,3.679314618140097e-05,0.0757064503167329,4.611694877720083,0.07,
2022-08-17 07:00:00,0.0,3.709153135362674e-05,5.500241904879402e-06,0.0003350498842943,0.07066666666666667,
2022-08-17 07:30:00,0.0,3.670817500645024e-05,0.2824921248762223,17.20814382179525,0.07066666666666667,
2022-08-17 08:00:00,0.0,0.0051351804597714,0.5612483751033442,34.18871504031851,0.07066666666666667,
2022-08-17 08:30:00,0.0,0.0051177101104734,0.7816419570610204,47.61409621648429,0.07066666666666667,
2022-08-17 09:00:00,0.0,3.8822256168481984e-05,0.818152844224108,49.838174489954895,0.07066666666666667,
2022-08-17 09:30:00,0.0,4.1185079189381906e-05,1.1798594384489929,71.87170585809768,0.07066666666666667,
2022-08-17 10:00:00,0.0,4.3859270541381515e-05,1.815911696960556,110.61713547827026,0.07066666666666667,
2022-08-17 10:30:00,0.0,5.02511739356622e-05,2.985074654007007,181.83726002080823,0.07066666666666667,
2022-08-17 11:00:00,0.0,0.2141724055040321,3.8108399909662984,232.1391531715464,0.07100000000000001,
2022-08-17 11:30:00,0.0,0.3078941125188464,4.251472667844025,258.98050487158724,0.07100000000000001,
2022-08-17 12:00:00,0.0,0.410942712949538,4.74467184865422,289.0239704722377,0.07100000000000001,
2022-08-17 12:30:00,0.0,0.487122098726383,4.97220035433635,302.8839789629233,0.07100000000000001,
2022-08-17 13:00:00,0.0,0.5418610783044806,5.227338309998732,318.4258303945723,0.07033333333333334,
2022-08-17 13:30:00,0.0,0.5758109898758743,5.212409111813614,317.5164110979241,0.07033333333333334,
2022-08-17 14:00:00,0.0,0.6500878469732543,5.346421410087942,325.67983478134323,0.07066666666666667,
2022-08-17 14:30:00,0.0,0.6064174403392604,5.5533353891503845,338.28409945600123,0.07066666666666667,
2022-08-17 15:00:00,0.0,0.6609329679296236,5.257167407471961,320.2428842314486,0.07133333333333335,
2022-08-17 15:30:00,0.0,0.671031375561843,5.656095883462344,344.54380445164946,0.07133333333333335,
2022-08-17 16:00:00,0.0,0.6298045352408055,5.405730884862273,329.29269999788346,0.07133333333333332,
2022-08-17 16:30:00,0.0,0.6191133044747531,5.257167407471961,320.2428842314486,0.07133333333333332,
2022-08-17 17:00:00,0.0,0.638445108565338,5.301838036292217,322.9640170973146,0.07166666666666666,
2022-08-17 17:30:00,0.0,0.617822272830899,5.032490922832067,306.5566079759504,0.07166666666666666,
2022-08-17 18:00:00,0.0,0.565649811039618,5.047538589240285,307.4732438214575,0.07066666666666666,
2022-08-17 18:30:00,0.0,0.4736054289759396,4.729421635403937,288.09499638830914,0.07066666666666666,
2022-08-17 19:00:00,0.0,0.2815254341266926,4.142126453154456,252.31962754776288,0.06966666666666667,
2022-08-17 19:30:00,0.0,0.1450631749427323,3.506794535930879,213.61807786403057,0.06966666666666667,
2022-08-17 20:00:00,0.0,0.0781680861189695,2.852688253556685,173.77287868629455,0.06933333333333334,
2022-08-17 20:30:00,0.0,5.235521315189547e-05,2.2468204295097984,136.86614842694593,0.06933333333333334,
2022-08-17 21:00:00,0.0,5.030226398317015e-05,1.7112018032340537,104.2386818785458,0.06866666666666667,
2022-08-17 21:30:00,0.0,0.0594700623437019,1.269336313402951,77.3222327837851,0.06866666666666667,
2022-08-17 22:00:00,0.0,0.0536815992505485,0.999773355274064,60.90167538048419,0.06833333333333334,
2022-08-17 22:30:00,0.0,0.068899498768619,1.0359123708133644,63.10310091491585,0.06833333333333334,
2022-08-17 23:00:00,0.0,0.0641426007546964,0.854601143931925,52.0584402184485,0.06833333333333334,
2022-08-17 23:30:00,0.0,0.0608992190129565,0.524292384127234,31.937523053736513,0.06833333333333334,
2022-08-18 00:00:00,0.0,0.0395342238551204,0.5432369683448017,33.091541524173024,0.06833333333333334,
2022-08-18 00:30:00,0.0,0.0514857606393507,0.4691327435305661,28.57744698449423,0.06833333333333334,
2022-08-18 01:00:00,0.0,0.0469286457523959,0.4691327435305661,28.57744698449423,0.06833333333333334,
2022-08-18 01:30:00,0.0,0.0311518201503792,0.3201409744689962,19.50154162465953,0.06833333333333334,
2022-08-18 02:00:00,0.0,0.0290424958898556,0.1889054321089926,11.507265364916863,0.06833333333333334,
2022-08-18 02:30:00,0.0,0.0275367579598744,0.245249209324229,14.939473686503916,0.06833333333333334,
2022-08-18 03:00:00,0.0,0.0253658809809227,0.1889054321089926,11.507265364916863,0.06866666666666667,
2022-08-18 03:30:00,0.0,3.577829014767662e-05,0.1700906681268314,10.36115495663548,0.06866666666666667,
2022-08-18 04:00:00,0.0,0.02283494663863,0.056847889401208,3.462916558152303,0.06866666666666667,
2022-08-18 04:30:00,0.0,3.5071174531835046e-05,0.094663177280495,5.766453029388403,0.06866666666666667,
2022-08-18 05:00:00,0.0,3.441051549534346e-05,0.0379147387523658,2.3095945690605775,0.06866666666666667,
2022-08-18 05:30:00,0.0,3.436981434808215e-05,0.1512590949183878,9.21402060624057,0.06866666666666667,
2022-08-18 06:00:00,0.0,0.0179937510854641,0.056847889401208,3.462916558152303,0.06866666666666667,
2022-08-18 06:30:00,0.0,0.0246234827548994,-2.7501209702844656e-06,-0.0001675249432341,0.06866666666666667,
2022-08-18 07:00:00,0.0,0.0245816905385226,0.094663177280495,5.766453029388403,0.06866666666666667,
2022-08-18 07:30:00,0.0,0.0175539398348357,0.2827283040568024,17.222530790313108,0.06866666666666667,
2022-08-18 08:00:00,0.0,0.0188992217051305,0.4691327435305661,28.57744698449423,0.069,
2022-08-18 08:30:00,0.0,0.0202540488195148,0.4876831314867759,29.707452799843686,0.069,
2022-08-18 09:00:00,0.0,3.7606612811760686e-05,0.6906724670416265,42.07264592531245,0.06933333333333334,
2022-08-18 09:30:00,0.0,4.191285371403597e-05,1.1449254174392005,69.74368314569985,0.06933333333333334,
2022-08-18 10:00:00,0.0,4.5278731202740096e-05,2.0254931877267253,123.3838929129093,0.06966666666666667,
2022-08-18 10:30:00,0.0,5.106547386381086e-05,3.1519879932207746,192.00486645665185,0.06966666666666667,
2022-08-18 11:00:00,0.0,0.0379219011266661,3.9723623320916137,241.97836436278,0.06966666666666667,
2022-08-18 11:30:00,0.0,0.0399641244138398,4.564565374805135,278.05269788688884,0.06966666666666667,
2022-08-18 12:00:00,0.0,0.1489529547496138,4.900427928358397,298.51192707224163,0.06966666666666667,
2022-08-18 12:30:00,0.0,0.3379629505923214,5.006256514218849,304.9585263420153,0.06966666666666667,
2022-08-18 13:00:00,0.0,0.5953894324740644,5.06650920942969,308.6288482856562,0.06966666666666667,
2022-08-18 13:30:00,0.0,0.6473861451895834,5.036402837135892,306.7949041195624,0.06966666666666667,
2022-08-18 14:00:00,0.0,0.7409464830825038,4.885269159661177,297.5885233772983,0.07,
2022-08-18 14:30:00,0.0,0.8581930623984604,5.06650920942969,308.6288482856562,0.07,
2022-08-18 15:00:00,0.0,0.8484582430260543,5.216446228098048,317.7623339804763,0.07033333333333334,
2022-08-18 15:30:00,0.0,0.8397767778377999,5.0815474537350545,309.5449101792307,0.07033333333333334,
2022-08-18 16:00:00,0.0,0.8281388176184697,5.051461009172921,307.71217992050754,0.07100000000000001,
2022-08-18 16:30:00,0.0,0.8240902384672176,4.687275696772319,285.5276562410565,0.07100000000000001,
2022-08-18 17:00:00,0.0,0.8138367041647022,4.778872709287456,291.10733236724195,0.07033333333333334,
2022-08-18 17:30:00,0.0,0.6712093981094392,4.518376243796324,275.2390647289676,0.07033333333333334,
2022-08-18 18:00:00,0.0,0.6145919006857083,4.285996925752216,261.08356666732834,0.07033333333333334,
2022-08-18 18:30:00,0.0,0.4130360429239058,4.487530767614012,273.3600976935872,0.07033333333333334,
2022-08-18 19:00:00,0.0,6.38668094475383e-05,3.461180536909565,210.83947914808428,0.069,
2022-08-18 19:30:00,0.0,6.0763582335744405e-05,3.428837086203411,208.8692622732298,0.069,
2022-08-18 20:00:00,0.0,6.0030133049727255e-05,2.350905842043399,143.20656145408392,0.06833333333333334,
2022-08-18 20:30:00,0.0,5.969384359911485e-05,1.9563578592812672,119.17248108832209,0.06833333333333334,
2022-08-18 21:00:00,0.0,5.418899296639812e-05,1.4838065593504046,90.38679109448732,0.06766666666666667,
2022-08-18 21:30:00,0.0,0.0750977632417631,1.3061168817931976,79.56273881907393,0.06766666666666667,
2022-08-18 22:00:00,0.0,0.0720256032043413,1.0367848061147458,63.156245731423425,0.06733333333333334,
2022-08-18 22:30:00,0.0,0.0981445157462509,0.909923728040627,55.428442070192304,0.06733333333333334,
2022-08-18 23:00:00,0.0,0.0916817814132393,0.7273717982624073,44.30820335930324,0.06733333333333334,
2022-08-18 23:30:00,0.0,0.0600826966280473,0.6906724670416265,42.07264592531245,0.06733333333333334,
2022-08-19 00:00:00,0.0,0.0585534074986739,0.506628607450257,30.861525591411933,0.06666666666666667,
2022-08-19 00:30:00,0.0,0.0518461014038537,0.4880786780902347,29.73154771167008,0.06666666666666667,
2022-08-19 01:00:00,0.0,0.0513592732992243,0.4323311370899636,26.33565940623704,0.06666666666666667,
2022-08-19 01:30:00,0.0,0.0485368840227821,0.5436797850331051,33.11851591598077,0.06666666666666667,
2022-08-19 02:00:00,0.0,0.0460691927294378,0.3390907566411107,20.65587673100035,0.06733333333333334,
2022-08-19 02:30:00,0.0,0.0439988944116876,0.3390907566411107,20.65587673100035,0.06733333333333334,
2022-08-19 03:00:00,0.0,4.082312813270674e-05,0.3016790982674917,18.37692754547106,0.06733333333333334,
2022-08-19 03:30:00,0.0,0.0387566447250355,0.1513657242109465,9.22051598094445,0.06733333333333334,
2022-08-19 04:00:00,0.0,3.965973253870246e-05,0.2266563001343391,13.806877669728602,0.06733333333333334,
2022-08-19 04:30:00,0.0,0.0357337461394399,0.1890446203944767,11.515744086353685,0.06733333333333334,
2022-08-19 05:00:00,0.0,0.0346944323163055,0.0379229886055799,2.3100971128418535,0.06733333333333334,
2022-08-19 05:30:00,0.0,0.0480272162052169,0.0379229886055799,2.3100971128418535,0.06733333333333334,
2022-08-19 06:00:00,0.0,0.0468439970898908,0.1325009843850546,8.07136127007619,0.06766666666666667,
2022-08-19 06:30:00,0.0,0.0467151450090511,0.0568726095244799,3.4644223963654586,0.06766666666666667,
2022-08-19 07:00:00,0.0,0.0343699298277413,0.1136193375630861,6.921176661400301,0.06733333333333334,
2022-08-19 07:30:00,0.0,0.0361637836973792,0.4880786780902347,29.73154771167008,0.06733333333333334,
2022-08-19 08:00:00,0.0,0.0377682889460326,0.7646372732269532,46.578247712073775,0.06766666666666667,
2022-08-19 08:30:00,0.0,4.1503133350895544e-05,1.0376422330916404,63.208476308617584,0.06766666666666667,
2022-08-19 09:00:00,0.0,4.315840901526065e-05,1.3250466402461076,80.71585417091691,0.068,
2022-08-19 09:30:00,0.0,4.513621310008724e-05,1.8711625133010568,113.98276556185408,0.068,
2022-08-19 10:00:00,0.0,0.0160073689597613,2.9402761465671414,179.10833736724842,0.068,
2022-08-19 10:30:00,0.0,0.0168727322368378,3.769101539578068,229.5966353059514,0.068,
2022-08-19 11:00:00,0.0,0.0361333618451833,3.928042165620411,239.2785800796729,0.068,
2022-08-19 11:30:00,0.0,0.0387196619214324,4.629616346885578,282.0153091766667,0.068,
2022-08-19 12:00:00,0.0,0.1305331242666351,4.782593343630799,291.3339765999497,0.068,
2022-08-19 12:30:00,0.0,0.1408835548819782,4.964810576457465,302.4338270848605,0.068,
2022-08-19 13:00:00,0.0,0.3659688521024251,4.813064884986705,293.1901652153101,0.06766666666666667,
2022-08-19 13:30:00,0.0,0.5515612249446747,4.7978342445484685,292.26238341865275,0.06766666666666667,
2022-08-19 14:00:00,0.0,0.6703517406056443,4.919393456770383,299.6672213683668,0.06866666666666667,
2022-08-19 14:30:00,0.0,0.3793065300295327,4.6602947644088335,283.884099753383,0.06866666666666667,
2022-08-19 15:00:00,0.0,0.7439310128869843,4.6602947644088335,283.884099753383,0.06866666666666667,
2022-08-19 15:30:00,0.0,0.7471173638138986,4.506483521798058,274.514613841466,0.06866666666666667,
2022-08-19 16:00:00,0.0,0.6351706998667752,4.568134038569061,278.2700847585695,0.069,
2022-08-19 16:30:00,0.0,0.0864818003374138,4.367149120550509,266.02699169255783,0.069,
2022-08-19 17:00:00,0.0,0.245821571850982,4.273777036299355,260.33918621678157,0.06866666666666667,
2022-08-19 17:30:00,0.0,0.0322211906184621,3.769101539578068,229.5966353059514,0.06866666666666667,
2022-08-19 18:00:00,0.0,0.0111430523390278,3.4477673397722146,210.02240778529583,0.068,
2022-08-19 18:30:00,0.0,0.0109092553419324,3.006420308983187,183.1375408727487,0.068,
2022-08-19 19:00:00,0.0,5.913447871016989e-05,2.4038002996550434,146.4286528109876,0.06733333333333334,
2022-08-19 19:30:00,0.0,5.68758933502975e-05,1.8014698573577117,109.73740386435026,0.06733333333333334,
2022-08-19 20:00:00,0.0,5.579131468679592e-05,1.5557546113113585,94.76954132649672,0.067,
2022-08-19 20:30:00,0.0,5.360866080615109e-05,1.3428818179277395,81.80229260797873,0.067,
2022-08-19 21:00:00,0.0,5.256198212025404e-05,1.0376422330916404,63.208476308617584,0.067,
2022-08-19 21:30:00,0.0,5.2094630059039074e-05,0.9106754915068788,55.47423610375306,0.067,
2022-08-19 22:00:00,0.0,5.040239520669945e-05,0.7646372732269532,46.578247712073775,0.067,
2022-08-19 22:30:00,0.0,0.0753519406961227,0.6175883205220026,37.620689946171794,0.067,
2022-08-19 23:00:00,0.0,0.1115622375815303,0.6175883205220026,37.620689946171794,0.067,
2022-08-19 23:30:00,0.0,0.0746294357639787,0.4695124783429603,28.600578713453704,0.067,
2022-08-20 00:00:00,0.0,4.8147198269495526e-05,0.4326632615832185,26.355890929679244,0.06733333333333334,
2022-08-20 00:30:00,0.0,0.0953460103476997,0.4140321318313469,25.220966688965586,0.06733333333333334,
2022-08-20 01:00:00,0.0,0.0649744792320956,0.3580400332336085,21.810181039715356,0.067,
2022-08-20 01:30:00,0.0,0.063036581045738,0.2643888403113593,16.10537352483371,0.067,
2022-08-20 02:00:00,0.0,0.0604891238429622,0.3018991725470828,18.3903334761898,0.067,
2022-08-20 02:30:00,0.0,0.0830238749297459,0.1891675401765865,11.523231804073305,0.067,
2022-08-20 03:00:00,0.0,0.0798564804059783,0.3018991725470828,18.3903334761898,0.067,
2022-08-20 03:30:00,0.0,0.0559917541174839,0.0758299041706463,4.61921512868081,0.067,
2022-08-20 04:00:00,0.0,0.0549257136160434,0.0568808591259564,3.4649249248120264,0.067,
2022-08-20 04:30:00,0.0,0.0882720369015873,0.1136769078056923,6.9246835804517906,0.067,
2022-08-20 05:00:00,0.0,0.0584961923999657,0.0947619087955626,5.772467307173212,0.06733333333333334,
2022-08-20 05:30:00,0.0,4.136582724717461e-05,0.2268117200176743,13.816345146764892,0.06733333333333334,
2022-08-20 06:00:00,0.0,4.10939356366709e-05,0.132574935902323,8.075866062362175,0.06733333333333334,
2022-08-20 06:30:00,0.0,4.2095512538396045e-05,0.0758299041706463,4.61921512868081,0.06733333333333334,
2022-08-20 07:00:00,0.0,0.0517222446611715,0.2079980295715971,12.670300133451033,0.06733333333333334,
2022-08-20 07:30:00,0.0,4.145733419429641e-05,0.5811247779238475,35.39949568967298,0.06733333333333334,
2022-08-20 08:00:00,0.0,0.0013472836672311,1.1468045539169984,69.85815164914892,0.06733333333333334,
2022-08-20 08:30:00,0.0,0.0013589280638025,1.78546369096104,108.76238053047788,0.06733333333333334,
2022-08-20 09:00:00,0.0,0.0015057289752266,1.680330541321488,102.3581440929898,0.06733333333333334,
2022-08-20 09:30:00,0.0,0.001401450891521,1.1648045671507508,70.95463112324524,0.06733333333333334,
2022-08-20 10:00:00,0.0,4.1866783519071315e-05,1.2187138110091469,74.23853867304325,0.06766666666666667,
2022-08-20 10:30:00,0.0,4.3530592552614315e-05,1.715431975800691,104.49636487749524,0.06766666666666667,
2022-08-20 11:00:00,0.0,0.0046401318125952,1.820394399903943,110.89020148672618,0.068,
2022-08-20 11:30:00,0.0,0.0047033616742529,2.218090340951574,135.11604124735834,0.068,
2022-08-20 12:00:00,0.0,0.0067595039443918,2.7093656763466165,165.042314878111,0.068,
2022-08-20 12:30:00,0.0,0.0070252607198238,3.660059571175456,222.95429129120777,0.068,
2022-08-20 13:00:00,0.0,0.1549247308190205,3.867651103994473,235.59982947922555,0.06833333333333334,
2022-08-20 13:30:00,0.0,0.0554775354345521,4.104800034422287,250.04587077603992,0.06833333333333334,
2022-08-20 14:00:00,0.0,0.052112111379306,4.953509288470105,301.74540368494013,0.06766666666666667,
2022-08-20 14:30:00,0.0,0.3269279821500989,5.05927473308572,308.1881566753787,0.06766666666666667,
2022-08-20 15:00:00,0.0,0.2656286063268947,4.214613932895815,256.7352372827787,0.06766666666666667,
2022-08-20 15:30:00,0.0,0.3734402525880101,4.308313480640761,262.4429903549704,0.06766666666666667,
2022-08-20 16:00:00,0.0,0.2850909010365178,4.308313480640761,262.4429903549704,0.068,
2022-08-20 16:30:00,0.0,0.1782045378386131,4.648573244250496,283.1700777084034,0.068,
2022-08-20 17:00:00,0.0,0.3610388282599041,4.602475866512268,280.36203374514383,0.068,
2022-08-20 17:30:00,0.0,0.2424073564273091,3.867651103994473,235.59982947922555,0.068,
2022-08-20 18:00:00,0.0,0.2339482548721727,4.041806279250996,246.20857584494223,0.068,
2022-08-20 18:30:00,0.0,0.069306431768903,4.35501686901379,265.2879497478752,0.068,
2022-08-20 19:00:00,0.0,5.808012369548132e-05,3.756111987174947,228.805370466156,0.06766666666666667,
2022-08-20 19:30:00,0.0,5.67129097114303e-05,3.4343061138361453,209.202410725105,0.06766666666666667,
2022-08-20 20:00:00,0.0,5.44016021424987e-05,3.2716312452494902,199.29299276856068,0.06733333333333334,
2022-08-20 20:30:00,0.0,5.266661366920693e-05,2.5580829990572695,155.8268577403873,0.06733333333333334,
2022-08-20 21:00:00,0.0,5.2042593870096255e-05,1.837838560318588,111.95282091867392,0.06733333333333334,
2022-08-20 21:30:00,0.0,5.081039665670141e-05,1.2903820348483457,78.60424304026384,0.06733333333333334,
2022-08-20 22:00:00,0.0,4.949447968467615e-05,1.00225542459675,61.0528718285238,0.067,
2022-08-20 22:30:00,0.0,4.8495168331721855e-05,0.7652513107766883,46.61565210510758,0.067,
2022-08-20 23:00:00,0.0,4.6920698164167495e-05,0.7835764414769636,47.731936266238456,0.06733333333333334,
2022-08-20 23:30:00,0.0,0.0441666581001811,0.5811247779238475,35.39949568967298,0.06733333333333334,
2022-08-21 00:00:00,0.0,0.0403724323297214,0.4702243750930656,28.643944246802455,0.06733333333333334,
2022-08-21 00:30:00,0.0,0.0370611708468454,0.4143323751435527,25.239256154911704,0.06733333333333334,
2022-08-21 01:00:00,0.0,0.0367324567800814,0.4516101109373934,27.510047382002966,0.06733333333333334,
2022-08-21 01:30:00,0.0,0.035782922246396,0.3582922565062881,21.825545341829535,0.06733333333333334,
2022-08-21 02:00:00,0.0,4.301786220239421e-05,0.2457640611285773,14.970836132094282,0.06733333333333334,
2022-08-21 02:30:00,0.0,0.0289958656809463,0.3208494458724959,19.544698501370323,0.06733333333333334,
2022-08-21 03:00:00,0.0,0.0267958443357899,0.0947866274286801,5.773973054612899,0.06733333333333334,
2022-08-21 03:30:00,0.0,0.0360778889454814,0.1326325044454863,8.07937287789128,0.06733333333333334,
2022-08-21 04:00:00,0.0,0.0244996905286797,0.2081209458470786,12.677787637562703,0.068,
2022-08-21 04:30:00,0.0,0.0240855237094757,0.0947866274286801,5.773973054612899,0.068,
2022-08-21 05:00:00,0.0,0.022981187384563,0.1704105184955496,10.380638795870892,0.068,
2022-08-21 05:30:00,0.0,0.0224143120528587,0.1326325044454863,8.07937287789128,0.068,
2022-08-21 06:00:00,0.0,0.0212941844933707,0.0947866274286801,5.773973054612899,0.068,
2022-08-21 06:30:00,0.0,0.0290786913150931,0.0568726095244799,3.4644223963654586,0.068,
2022-08-21 07:00:00,0.0,3.721987992815649e-05,0.1515299770360205,9.230521520880291,0.068,
2022-08-21 07:30:00,0.0,3.653860858022648e-05,0.3208494458724959,19.544698501370323,0.068,
2022-08-21 08:00:00,0.0,3.721987992815649e-05,0.4516101109373934,27.510047382002966,0.068,
2022-08-21 08:30:00,0.0,3.8734359909475526e-05,0.6923288837678429,42.17354734784253,0.068,
2022-08-21 09:00:00,0.0,3.921747894829718e-05,0.8756566951693239,53.34104926144075,0.06833333333333334,
2022-08-21 09:30:00,0.0,4.287953230395473e-05,1.5051693582347354,91.6881162758485,0.06833333333333334,
2022-08-21 10:00:00,0.0,0.0102812483081041,2.2027193797166444,134.17971174179846,0.06833333333333334,
2022-08-21 10:30:00,0.0,0.0110862956129897,3.0277536329973547,184.43707057820015,0.06833333333333334,
2022-08-21 11:00:00,0.0,0.0351367665984093,3.7430756859622782,228.01125790011497,0.06833333333333334,
2022-08-21 11:30:00,0.0,0.1396293484512363,4.0291834407999385,245.439649562129,0.06833333333333334,
2022-08-21 12:00:00,0.0,0.3561412951498574,4.342840389744943,264.54621364959195,0.06833333333333334,
2022-08-21 12:30:00,0.0,0.2132818676481701,4.2179043364463045,256.93567379956085,0.06833333333333334,
2022-08-21 13:00:00,0.0,0.3475869408354313,4.513500211998324,274.9420389039242,0.06833333333333334,
2022-08-21 13:30:00,3.2,0.1105981212852075,2.3906676314129816,145.62867000094522,0.06833333333333334,
2022-08-21 14:00:00,0.0,0.0279871626319008,1.839318807522665,112.0429908899279,0.143,
2022-08-21 14:30:00,0.0,0.0742291504767755,3.077269393109394,187.45334694989313,0.143,
2022-08-21 15:00:00,2.0,0.0160834113929936,3.208769036002498,195.46371102078805,0.21633333333333335,
2022-08-21 15:30:00,2.0,0.0146389189152059,2.047723113889994,124.7380395700348,0.21633333333333335,
2022-08-21 16:00:00,0.0,0.0199147550313557,2.0304326258235363,123.6847811631783,0.283,
2022-08-21 16:30:00,1.2,0.018479843611819,2.0995118561815893,127.89277574575704,0.283,
2022-08-21 17:00:00,6.4,4.014993106171798e-05,1.839318807522665,112.0429908899279,0.317,
2022-08-21 17:30:00,1.6,4.046311501241313e-05,1.2914177042129142,78.66733133833634,0.317,
2022-08-21 18:00:00,1.2,0.0143504759806152,1.021189987038857,62.206279817682095,0.357,
2022-08-21 18:30:00,0.0,0.0135808818735052,1.003052596595882,61.10143194473158,0.357,
2022-08-21 19:00:00,0.0,0.0291376194891962,1.2196904524703749,74.29803125795868,0.3163333333333333,
2022-08-21 19:30:00,0.0,0.0277533141463633,1.0755097875104167,65.51519662127579,0.3163333333333333,
2022-08-21 20:00:00,0.0,3.9439148086964545e-05,0.8573948906559828,52.2286226454819,0.2906666666666667,
2022-08-21 20:30:00,0.0,3.913086921111616e-05,0.9121333585302528,55.56304277552229,0.2906666666666667,
2022-08-21 21:00:00,0.0,3.899842064330296e-05,0.8756566951693239,53.34104926144075,0.2816666666666667,
2022-08-21 21:30:00,0.0,3.8648415040799214e-05,0.8208241817110586,50.00090029936336,0.2816666666666667,
2022-08-21 22:00:00,0.0,3.860457419765026e-05,0.8391173964830444,51.11524028635326,0.2763333333333333,
2022-08-21 22:30:00,0.0,3.860457419765026e-05,0.8208241817110586,50.00090029936336,0.2763333333333333,
2022-08-21 23:00:00,0.0,3.825496551648326e-05,0.8208241817110586,50.00090029936336,0.2723333333333333,
2022-08-21 23:30:00,0.0,3.7865839024847846e-05,0.7107330165870865,43.29464396109408,0.2723333333333333,
2022-08-22 00:00:00,0.0,3.7779305572449985e-05,0.4512337390514362,27.487120507326832,0.26933333333333337,
2022-08-22 00:30:00,0.0,3.7606612811760686e-05,0.4696433759990988,28.608552407211548,0.26933333333333337,
2022-08-22 01:00:00,0.0,3.7606612811760686e-05,0.4328080690829375,26.364711948257128,0.26666666666666666,
2022-08-22 01:30:00,0.0,3.743441925524666e-05,0.4328080690829375,26.364711948257128,0.26666666666666666,
2022-08-22 02:00:00,0.0,3.696346423972096e-05,0.4512337390514362,27.487120507326832,0.264,
2022-08-22 02:30:00,0.0,3.598923620581269e-05,0.3774345415003172,22.991606850267612,0.264,
2022-08-22 03:00:00,0.0,3.556987643811817e-05,0.3033767626365056,18.48034158802509,0.2623333333333333,
2022-08-22 03:30:00,0.0,3.519499171295756e-05,0.4143663341848764,25.24132478626702,0.2623333333333333,
2022-08-22 04:00:00,0.0,0.0035435036264495,0.358944419430422,21.865272160404235,0.2603333333333333,
2022-08-22 04:30:00,0.0,3.4781661707364674e-05,0.3774345415003172,22.991606850267612,0.2603333333333333,
2022-08-22 05:00:00,0.0,3.453450868479409e-05,0.3219155624226613,19.609641504415382,0.25900000000000006,
2022-08-22 05:30:00,0.0,3.469801230712109e-05,0.3219155624226613,19.609641504415382,0.25900000000000006,
2022-08-22 06:00:00,0.0,3.457533729690223e-05,0.358944419430422,21.865272160404235,0.25766666666666665,
2022-08-22 06:30:00,0.0,3.449201241240149e-05,0.3404381038634682,20.7379510358695,0.25766666666666665,
2022-08-22 07:00:00,0.0,3.424620892888093e-05,0.2848216719384772,17.35004930289313,0.256,
2022-08-22 07:30:00,0.0,3.457533729690223e-05,0.3404381038634682,20.7379510358695,0.256,
2022-08-22 08:00:00,0.0,3.490481344560323e-05,0.4143663341848764,25.24132478626702,0.25499999999999995,
2022-08-22 08:30:00,0.0,3.482268077466148e-05,0.3404381038634682,20.7379510358695,0.25499999999999995,
2022-08-22 09:00:00,0.0,3.5445205572522415e-05,0.3033767626365056,18.48034158802509,0.2536666666666667,
2022-08-22 09:30:00,0.0,3.73056019335144e-05,0.3404381038634682,20.7379510358695,0.2536666666666667,
2022-08-22 10:00:00,0.0,3.926175095070809e-05,0.8887119408582974,54.13631583937869,0.25300000000000006,
2022-08-22 10:30:00,0.0,4.447122689084328e-05,1.961886611023739,119.5092676631023,0.25300000000000006,
2022-08-22 11:00:00,0.0,0.0038378125690971,3.017002384229708,183.78215308222175,0.25133333333333335,
2022-08-22 11:30:00,0.0,0.0041874270347813,4.318629798589564,263.07141383067665,0.25133333333333335,
2022-08-22 12:00:00,0.0,0.0832815461845746,5.091574893651702,310.1557365104981,0.25,
2022-08-22 12:30:00,0.0,0.0885925690549186,5.7379356448234375,349.52911292515176,0.25,
2022-08-22 13:00:00,0.0,0.1926962129986197,5.997197374466216,365.3221660346328,0.248,
2022-08-22 13:30:00,0.0,0.1914233646342002,6.324301303715686,385.24785940277735,0.248,
2022-08-22 14:00:00,0.0,0.0703778427350581,5.752415859378273,350.41118216775186,0.24466666666666667,
2022-08-22 14:30:00,0.0,0.0805408340506243,5.781348982240145,352.173657279718,0.24466666666666667,
2022-08-22 15:00:00,0.0,0.0695637454451309,6.267743974356377,381.80264244949745,0.24266666666666667,
2022-08-22 15:30:00,0.0,0.3357955150922967,6.660791435250622,405.745317803096,0.24266666666666667,
2022-08-22 16:00:00,0.0,0.4029488896379318,7.074714850314537,430.95966195782063,0.23866666666666667,
2022-08-22 16:30:00,0.0,0.1960035712705325,6.744162117731035,410.8238830738015,0.23866666666666667,
2022-08-22 17:00:00,0.0,0.0479560104532535,5.911100205263592,360.07751551229575,0.236,
2022-08-22 17:30:00,0.0,0.0235095544544893,4.655306925273147,283.58026313052324,0.236,
2022-08-22 18:00:00,0.0,4.3672120691857e-05,3.3898723199260137,206.4957047718379,0.2353333333333333,
2022-08-22 18:30:00,0.2,4.395203327120259e-05,2.6543222908158848,161.68932054219323,0.2353333333333333,
2022-08-22 19:00:00,0.0,4.418741123033195e-05,2.470700643012981,150.5039194427045,0.236,
2022-08-22 19:30:00,0.0,4.3438351331317256e-05,2.4035436574187496,146.4130193255769,0.236,
2022-08-22 20:00:00,0.0,4.320531800140154e-05,2.386721979327719,145.38831870413043,0.23500000000000001,
2022-08-22 20:30:00,0.0,4.1411565489428945e-05,2.030422564850191,123.68416829414208,0.23500000000000001,
2022-08-22 21:00:00,0.2,4.095934311956155e-05,1.9275369747531208,117.41684302850356,0.23466666666666666,
2022-08-22 21:30:00,0.2,3.8866250804398595e-05,1.317378347858935,80.24873644746228,0.23466666666666666,
2022-08-22 22:00:00,0.4,3.838583573054792e-05,0.8887119408582974,54.13631583937869,0.238,
2022-08-22 22:30:00,0.6,3.799406494841691e-05,0.7257124768007333,44.20712499341397,0.238,
2022-08-22 23:00:00,1.0,3.726272530589475e-05,0.6163470814912929,37.5450792728936,0.25533333333333336,
2022-08-22 23:30:00,0.2,0.0054109234471053,0.5247764064178824,31.967007504653797,0.25533333333333336,
2022-08-23 00:00:00,1.0,3.636778521064745e-05,0.5237185650627976,31.902568589102017,0.2783333333333333,
2022-08-23 00:30:00,1.8,3.586361836441259e-05,0.4135876444283733,25.19389052476916,0.2783333333333333,
2022-08-23 01:00:00,0.8,3.536052203677899e-05,0.3028801527329639,18.450090356606808,0.33499999999999996,
2022-08-23 01:30:00,0.2,3.5277693922599674e-05,0.376749550405914,22.94988028789245,0.33499999999999996,
2022-08-23 02:00:00,0.2,3.4781661707364674e-05,0.2287514235568717,13.93450312192537,0.3263333333333333,
2022-08-23 02:30:00,0.0,3.445124818432026e-05,0.2101784770817457,12.803123143533002,0.3263333333333333,
2022-08-23 03:00:00,0.0,3.408241776180299e-05,0.1915891594890331,11.670745910629288,0.30733333333333335,
2022-08-23 03:30:00,0.0,3.445124818432026e-05,0.1543612792917088,9.402991661207938,0.30733333333333335,
2022-08-23 04:00:00,0.0,3.391914214544388e-05,0.2101784770817457,12.803123143533002,0.2986666666666667,
2022-08-23 04:30:00,0.2,3.396117416792823e-05,0.0983958502003841,5.993830597783688,0.2986666666666667,
2022-08-23 05:00:00,0.2,3.400155713459838e-05,0.1170675186782941,7.131224274515523,0.2936666666666667,
2022-08-23 05:30:00,0.2,3.4165093201904455e-05,0.06100277001476,3.716013111522485,0.2936666666666667,
2022-08-23 06:00:00,0.0,3.383853668811971e-05,0.1170675186782941,7.131224274515523,0.2936666666666667,
2022-08-23 06:30:00,0.0,3.323138986250876e-05,0.1170675186782941,7.131224274515523,0.2936666666666667,
2022-08-23 07:00:00,0.0,3.3191613558943914e-05,-0.0515768391475657,-3.141827993661057,0.29033333333333333,
2022-08-23 07:30:00,0.0,3.307082152973579e-05,-0.0139833040682677,-0.8517997010220353,0.29033333333333333,
2022-08-23 08:00:00,0.0,3.3758057524395963e-05,0.0047882880384949,0.2916808716798993,0.2876666666666667,
2022-08-23 08:30:00,0.0,3.4781661707364674e-05,0.0235431418555316,1.4341418234027945,0.2876666666666667,
2022-08-23 09:00:00,0.0,0.0101769758190498,0.06100277001476,3.716013111522485,0.285,
2022-08-23 09:30:00,0.0,0.0104892100119704,0.1357226506156309,8.267610619915123,0.285,
2022-08-23 10:00:00,0.0,0.002429104095106,0.2101784770817457,12.803123143533002,0.282,
2022-08-23 10:30:00,0.0,0.002474707012161,0.1543612792917088,9.402991661207938,0.282,
2022-08-23 11:00:00,0.0,0.0086660590426247,0.2101784770817457,12.803123143533002,0.2793333333333333,
2022-08-23 11:30:00,0.0,0.009091728957952,0.5237185650627976,31.902568589102017,0.2793333333333333,
2022-08-23 12:00:00,0.0,0.0274114800790295,1.1905193945321313,72.52106221623703,0.2776666666666667,
2022-08-23 12:30:00,0.0,0.0277824549775327,1.6816385473312891,102.4378219089512,0.2776666666666667,
2022-08-23 13:00:00,0.0,0.0288275062394493,2.2295336631082505,135.81311672709958,0.2753333333333333,
2022-08-23 13:30:00,0.0,0.0287952641375176,2.7143867772584858,165.34817765808427,0.2753333333333333,
2022-08-23 14:00:00,0.0,0.0496141122589748,2.5817080874986256,157.2659913795272,0.2733333333333333,
2022-08-23 14:30:00,0.0,0.0314660033936165,3.010004427400181,183.35586917206325,0.2733333333333333,
2022-08-23 15:00:00,0.0,0.0349583113023611,3.349937806792562,204.06307467372483,0.27099999999999996,
2022-08-23 15:30:00,0.0,0.0894311349692671,3.541859674395334,215.75408765931917,0.27099999999999996,
2022-08-23 16:00:00,0.0,0.1005058627398186,3.967706398863779,241.69474594812735,0.26866666666666666,
2022-08-23 16:30:00,0.0,0.1190184057895746,4.416220822042302,269.01621801956065,0.26866666666666666,
2022-08-23 17:00:00,0.0,0.0385547235854989,4.705291307341091,286.62508583432646,0.2663333333333333,
2022-08-23 17:30:00,0.0,0.0378997049508294,4.629578826181458,282.01302358490693,0.2663333333333333,
2022-08-23 18:00:00,0.0,0.0783489846506838,4.72040338609647,287.5456453889788,0.264,
2022-08-23 18:30:00,0.0,0.0119708600774302,4.185352597822044,254.9527689658732,0.264,
2022-08-23 19:00:00,0.0,0.0069001745610581,3.7163389705032928,226.38257800278245,0.26266666666666666,
2022-08-23 19:30:00,0.0,0.0067029450425809,3.4620945157210907,210.89515460751772,0.26266666666666666,
2022-08-23 20:00:00,0.0,3.8866250804398595e-05,3.3016957709875454,201.12438783156009,0.26133333333333336,
2022-08-23 20:30:00,0.0,3.851698563857494e-05,3.09141839602743,188.3152402761416,0.26133333333333336,
2022-08-23 21:00:00,0.0,3.752045360748856e-05,2.5817080874986256,157.2659913795272,0.26066666666666666,
2022-08-23 21:30:00,0.0,0.0124472280872657,2.0256967737687868,123.39629445469896,0.26066666666666666,
2022-08-23 22:00:00,0.0,3.713428294613371e-05,1.5773406823274028,96.08446723727862,0.274,
2022-08-23 22:30:00,0.0,3.67506449348709e-05,1.2082546032252148,73.60141099422104,0.274,
2022-08-23 23:00:00,0.0,3.636778521064745e-05,0.9227078701718436,56.2071942443587,0.2743333333333333,
2022-08-23 23:30:00,0.0,3.624131975377748e-05,0.7422778194647138,45.21621081888256,0.2743333333333333,
2022-08-24 00:00:00,0.0,3.5947332179102164e-05,0.7766531031309499,47.31019777693595,0.2703333333333333,
2022-08-24 00:30:00,0.0,3.4987072144068906e-05,0.6318084364421307,38.48691515518739,0.2703333333333333,
2022-08-24 01:00:00,0.0,3.4657089110898426e-05,0.5042528285036731,30.71680387281705,0.268,
2022-08-24 01:30:00,0.0,3.449201241240149e-05,0.4859677335847883,29.60295851058893,0.268,
2022-08-24 02:00:00,0.0,3.490481344560323e-05,0.4859677335847883,29.60295851058893,0.26666666666666666,
2022-08-24 02:30:00,0.0,3.5236327077905795e-05,0.5590135681445937,34.052580698247986,0.26666666666666666,
2022-08-24 03:00:00,0.0,3.511241543644672e-05,0.4493500843780224,27.372376775816072,0.26533333333333337,
2022-08-24 03:30:00,0.0,3.5277693922599674e-05,0.4126689472433386,25.13792764334129,0.26533333333333337,
2022-08-24 04:00:00,0.0,3.449201241240149e-05,0.3391152005519916,20.657365743602703,0.2643333333333333,
2022-08-24 04:30:00,0.0,3.449201241240149e-05,0.1726765082931033,10.518672655583298,0.2643333333333333,
2022-08-24 05:00:00,0.0,3.41245826719415e-05,0.079639722560303,4.851292050516623,0.26333333333333336,
2022-08-24 05:30:00,0.0,3.4205635288323394e-05,0.1726765082931033,10.518672655583298,0.26333333333333336,
2022-08-24 06:00:00,0.0,3.3798281318612486e-05,0.0609829433065982,3.714805358047199,0.26266666666666666,
2022-08-24 06:30:00,0.0,3.355407484649961e-05,0.079639722560303,4.851292050516623,0.26266666666666666,
2022-08-24 07:00:00,0.0,3.3432409920585494e-05,0.1912346745039758,11.64915228706118,0.262,
2022-08-24 07:30:00,0.0,3.3798281318612486e-05,0.2283020784488153,13.90713104828458,0.262,
2022-08-24 08:00:00,0.0,3.441051549534346e-05,0.3759240703867537,22.89959577501283,0.26099999999999995,
2022-08-24 08:30:00,0.0,3.5653147602019764e-05,0.5772357362482478,35.16259284322373,0.26099999999999995,
2022-08-24 09:00:00,0.0,0.0054902884709638,0.8127104557762032,49.50664877685171,0.26,
2022-08-24 09:30:00,0.0,0.0055793025868939,0.902587268927331,54.981538130411195,0.26,
2022-08-24 10:00:00,0.0,0.0050197385857629,1.642979390635434,100.0828807623862,0.25933333333333336,
2022-08-24 10:30:00,0.0,0.0053209950033756,3.309992534315699,201.6297891650267,0.25933333333333336,
2022-08-24 11:00:00,0.0,0.041345697569564,3.8334305322816697,233.51526687431755,0.258,
2022-08-24 11:30:00,0.0,0.0418400299525572,4.558325018763345,277.6725635935403,0.258,
2022-08-24 12:00:00,0.0,0.0342735381916418,4.543143091899331,276.7477492077149,0.25666666666666665,
2022-08-24 12:30:00,0.0,0.0339125874807845,4.799856538399658,292.38557242243985,0.25666666666666665,
2022-08-24 13:00:00,0.0,0.0464776183189639,5.363385109340745,326.7131866902498,0.25499999999999995,
2022-08-24 13:30:00,0.0,0.0483982433960389,5.741094048683294,349.7215086172141,0.25499999999999995,
2022-08-24 14:00:00,0.0,0.0660984620412141,6.169345403774455,375.8086461383623,0.2536666666666667,
2022-08-24 14:30:00,0.0,0.1014020702827044,6.225851237566304,379.25072621435265,0.2536666666666667,
2022-08-24 15:00:00,0.0,0.0493516814947001,6.366517200872479,387.81946110727984,0.2516666666666667,
2022-08-24 15:30:00,0.0,0.0522583160627072,6.436532466093535,392.08447470428894,0.2516666666666667,
2022-08-24 16:00:00,0.0,0.0255020772791752,6.310352933059279,384.39818768736114,0.24933333333333332,
2022-08-24 16:30:00,0.0,0.0252379047534625,6.268140510978394,381.826797668781,0.24933333333333332,
2022-08-24 17:00:00,0.0,0.1252618768453003,6.408551616068642,390.3800077507574,0.2476666666666667,
2022-08-24 17:30:00,0.0,0.1151686418437638,7.030161758221568,428.2456888982975,0.2476666666666667,
2022-08-24 18:00:00,0.0,0.0353446721717764,6.450510299962184,392.935941185467,0.24500000000000002,
2022-08-24 18:30:00,0.0,0.0336463472896428,7.502538130905383,457.0207231146416,0.24500000000000002,
2022-08-24 19:00:00,0.0,4.7360545973716264e-05,5.913348922815265,360.2144972248328,0.24300000000000002,
2022-08-24 19:30:00,0.0,4.376465216959933e-05,5.899043412126136,359.3430701523414,0.24300000000000002,
2022-08-24 20:00:00,0.2,4.274146575667647e-05,4.829867259964662,294.21368997832826,0.2416666666666667,
2022-08-24 20:30:00,0.0,3.965973253870246e-05,4.2834700592160315,260.92964137545624,0.2416666666666667,
2022-08-24 21:00:00,0.0,0.0209246725745999,3.51767411296663,214.28081253825735,0.24133333333333332,
2022-08-24 21:30:00,0.0,0.0195340195259143,3.051671104067921,185.89401484599625,0.24133333333333332,
2022-08-24 22:00:00,0.0,0.0181366346168367,2.575572136294063,156.89221695711493,0.24100000000000002,
2022-08-24 22:30:00,0.0,3.586361836441259e-05,2.1904496748854303,133.43229676349057,0.24100000000000002,
2022-08-24 23:00:00,0.0,3.461619743987309e-05,1.5735577892764068,95.85403048541328,0.24100000000000002,
2022-08-24 23:30:00,0.0,3.41245826719415e-05,1.2407036086063628,75.578057782933,0.24100000000000002,
2022-08-25 00:00:00,0.0,3.3798281318612486e-05,0.9539200403705396,58.108498622329776,0.24066666666666667,
2022-08-25 00:30:00,0.0,3.3352570329917715e-05,0.8286142680393263,50.47543715939005,0.24066666666666667,
2022-08-25 01:00:00,0.0,3.191770297840187e-05,0.7025657574704831,42.797131439037194,0.24033333333333337,
2022-08-25 01:30:00,0.0,3.235220977632475e-05,0.5575877958208167,33.965729090560025,0.24033333333333337,
2022-08-25 02:00:00,0.0,3.18386857926341e-05,0.4847252157655515,29.5272699392918,0.24,
2022-08-25 02:30:00,0.0,3.311050171962025e-05,0.5211878428714787,31.748408428140692,0.24,
2022-08-25 03:00:00,0.0,3.2869602527692825e-05,0.4664703222603772,28.415264310723444,0.2396666666666667,
2022-08-25 03:30:00,0.0,3.1995235324696024e-05,0.4664703222603772,28.415264310723444,0.2396666666666667,
2022-08-25 04:00:00,0.0,3.195645334647196e-05,0.2461732596710739,14.995762658361288,0.2396666666666667,
2022-08-25 04:30:00,0.0,3.1289254423377296e-05,0.2646193613383197,16.11941582419912,0.2396666666666667,
2022-08-25 05:00:00,0.0,3.195645334647196e-05,0.2092326025696813,12.745504742141792,0.2396666666666667,
2022-08-25 05:30:00,0.0,3.121129113513813e-05,0.2646193613383197,16.11941582419912,0.2396666666666667,
2022-08-25 06:00:00,0.0,3.066923506111654e-05,0.1722271252908082,10.491298273596714,0.23900000000000002,
2022-08-25 06:30:00,0.0,3.0399844855890523e-05,0.1351565683272697,8.233127444720916,0.23900000000000002,
2022-08-25 07:00:00,0.0,3.066923506111654e-05,0.1536999980480768,9.362709395810064,0.23900000000000002,
2022-08-25 07:30:00,0.0,3.105575964844068e-05,0.3014632714519162,18.363780351068204,0.23900000000000002,
2022-08-25 08:00:00,0.0,3.1523934586024005e-05,0.3566088824172328,21.72300179856071,0.23833333333333337,
2022-08-25 08:30:00,0.0,3.203566683225232e-05,0.5211878428714787,31.748408428140692,0.23833333333333337,
2022-08-25 09:00:00,0.0,3.327119776282683e-05,0.6120707481138455,37.28458436592478,0.238,
2022-08-25 09:30:00,0.0,3.511241543644672e-05,1.0251937067254382,62.45016833039384,0.238,
2022-08-25 10:00:00,0.0,0.0092599965119369,1.3430128381535362,81.81027376812634,0.2376666666666667,
2022-08-25 10:30:00,0.0,0.0099219582079795,2.502984207160845,152.4704882990222,0.2376666666666667,
2022-08-25 11:00:00,0.0,0.0457181573424765,3.855644461069723,234.86843904362823,0.23666666666666666,
2022-08-25 11:30:00,0.0,0.0493518457728957,4.334695597719543,264.0500697212148,0.23666666666666666,
2022-08-25 12:00:00,0.0,0.0163617926630497,5.496837875160847,334.84252618477524,0.2353333333333333,
2022-08-25 12:30:00,0.0,0.0170508164803746,6.8096291657364,414.8118398289086,0.2353333333333333,
2022-08-25 13:00:00,0.0,0.1322205860594101,6.932833213693236,422.31687373949126,0.23399999999999999,
2022-08-25 13:30:00,0.0,0.2039309040282091,6.60283979791612,402.21516590807386,0.23399999999999999,
2022-08-25 14:00:00,0.0,0.1653005195305708,6.5473858804490375,398.8371638215603,0.23199999999999998,
2022-08-25 14:30:00,0.0,0.2747332023219016,6.8096291657364,414.8118398289086,0.23199999999999998,
2022-08-25 15:00:00,0.0,0.1132790231531308,6.505708850070708,396.298387446361,0.2293333333333333,
2022-08-25 15:30:00,0.0,0.1314473242751181,6.616682739507896,403.0584153612484,0.2293333333333333,
2022-08-25 16:00:00,0.0,0.3084465189490752,7.271723252371442,442.96052363912486,0.2273333333333333,
2022-08-25 16:30:00,0.0,0.3634369148056207,7.068973970415861,430.6099534942542,0.2273333333333333,
2022-08-25 17:00:00,0.0,0.1066824214488652,6.782162470217952,413.1386928447298,0.22433333333333336,
2022-08-25 17:30:00,0.0,0.100478337249984,6.042266368595112,368.06756551510864,0.22433333333333336,
2022-08-25 18:00:00,0.4,0.046777674929905,3.5093140544423473,213.7715555474386,0.22366666666666668,
2022-08-25 18:30:00,0.0,0.0146070387678049,4.653495462563709,283.46991700726227,0.22366666666666668,
2022-08-25 19:00:00,0.0,0.047349308835076,4.967854333273016,302.61923899701037,0.22266666666666668,
2022-08-25 19:30:00,0.0,0.0568011703709396,5.145550235787731,313.443670468708,0.22266666666666668,
2022-08-25 20:00:00,0.0,4.3344266036965424e-05,4.456676363518196,271.4805868100564,0.22233333333333336,
2022-08-25 20:30:00,0.0,4.055340692075748e-05,3.6200974146125424,220.51997728027723,0.22233333333333336,
2022-08-25 21:00:00,0.0,3.9972436580370545e-05,2.8326766547682336,172.5538625094485,0.222,
2022-08-25 21:30:00,0.0,3.899842064330296e-05,2.352980912146126,143.33296534864795,0.222,
2022-08-25 22:00:00,0.0,3.73056019335144e-05,2.03286402383684,123.83289094400595,0.222,
2022-08-25 22:30:00,0.0,3.649629532168442e-05,1.5523009212165155,94.55915813123418,0.222,
2022-08-25 23:00:00,0.0,3.5445205572522415e-05,1.0962299333677503,66.77737428402587,0.222,
2022-08-25 23:30:00,0.0,3.5071174531835046e-05,0.9360643097906988,57.02080819557626,0.222,
2022-08-26 00:00:00,0.0,3.4286814121211164e-05,0.7366430834294514,44.872968159869906,0.22166666666666668,
2022-08-26 00:30:00,0.0,0.0123157368696861,0.5741564597991425,34.97501723549134,0.22166666666666668,
2022-08-26 01:00:00,0.0,0.0236245127479165,0.7366430834294514,44.872968159869906,0.222,
2022-08-26 01:30:00,0.0,0.0139381749186564,0.6284570773389286,38.28276550155845,0.222,
2022-08-26 02:00:00,0.0,3.4286814121211164e-05,0.5741564597991425,34.97501723549134,0.22166666666666668,
2022-08-26 02:30:00,0.0,3.3352570329917715e-05,0.4833450395916918,29.443195843033013,0.22166666666666668,
2022-08-26 03:00:00,0.0,0.0132088020670632,0.5015385047387124,30.551459533583422,0.22166666666666668,
2022-08-26 03:30:00,0.0,3.359580809359443e-05,0.5015385047387124,30.551459533583422,0.22166666666666668,
2022-08-26 04:00:00,0.0,3.3151868853285435e-05,0.31889580956339,19.4256918048215,0.22166666666666668,
2022-08-26 04:30:00,0.0,3.400155713459838e-05,0.4104143526838186,25.00058793004111,0.22166666666666668,
2022-08-26 05:00:00,0.0,3.295032186546801e-05,0.4469111230967115,27.22380627487564,0.221,
2022-08-26 05:30:00,0.0,3.2869602527692825e-05,0.4651359226380343,28.33397871514414,0.221,
2022-08-26 06:00:00,0.0,3.3191613558943914e-05,0.3921423198060231,23.887538248336018,0.22066666666666665,
2022-08-26 06:30:00,0.0,0.0118499342258067,0.4833450395916918,29.443195843033013,0.22066666666666665,
2022-08-26 07:00:00,0.0,3.311050171962025e-05,0.5015385047387124,30.551459533583422,0.22033333333333335,
2022-08-26 07:30:00,0.0,3.331269792334119e-05,0.5378786022960155,32.76513407597339,0.22033333333333335,
2022-08-26 08:00:00,0.0,3.3151868853285435e-05,0.7905300804472346,48.15552053265896,0.22033333333333335,
2022-08-26 08:30:00,0.0,3.367603199451579e-05,0.986955782252396,60.12088674752717,0.22033333333333335,
2022-08-26 09:00:00,0.0,3.536052203677899e-05,1.4789399652053243,90.09034016861624,0.21999999999999997,
2022-08-26 09:30:00,0.0,4.123069674470341e-05,3.1497917165388545,191.8710792049488,0.21999999999999997,
2022-08-26 10:00:00,0.0,0.0440809023263913,4.702674136645918,286.46565962112334,0.2193333333333333,
2022-08-26 10:30:00,0.0,0.0658959838890778,5.729306531925939,349.0034663576245,0.2193333333333333,
2022-08-26 11:00:00,0.0,0.1013608610170595,5.971834637153749,363.77718267773895,0.21866666666666665,
2022-08-26 11:30:00,0.0,0.0271330043755021,6.267956273254367,381.81557473910175,0.21866666666666665,
2022-08-26 12:00:00,0.0,0.1217251103640183,6.643222582960299,404.6751027054957,0.21666666666666667,
2022-08-26 12:30:00,0.0,0.0371969676625441,6.49106470632874,395.4063323783861,0.21666666666666667,
2022-08-26 13:00:00,0.0,0.3315863716714272,6.712059240076775,408.8683208222518,0.215,
2022-08-26 13:30:00,0.0,0.3237749184409982,7.134399172058587,434.5953611580299,0.215,
2022-08-26 14:00:00,0.0,0.4648453970300019,7.242172340514474,441.1604156130242,0.212,
2022-08-26 14:30:00,0.0,0.4368758957083511,7.509478986871674,457.4435286982189,0.212,
2022-08-26 15:00:00,0.0,0.3296910333945467,7.107378877694155,432.9494069151139,0.20733333333333334,
2022-08-26 15:30:00,0.0,0.4491521394870571,7.322681207777221,446.0646520316296,0.20733333333333334,
2022-08-26 16:00:00,0.0,0.3968249002071174,7.482883375659483,455.8234442340292,0.204,
2022-08-26 16:30:00,0.0,0.3668968357278117,7.161388579257676,436.2394338943953,0.204,
2022-08-26 17:00:00,2.0,0.0415509474194445,5.030346319723481,306.42596844485064,0.20233333333333334,
2022-08-26 17:30:00,2.0,0.0134021875639397,2.6124670371523635,159.1396876097524,0.20233333333333334,
2022-08-26 18:00:00,0.8,3.636778521064745e-05,1.530988391616041,93.26089512750644,0.252,
2022-08-26 18:30:00,0.0,3.6580953183153445e-05,1.0402135083007926,63.36510677618866,0.252,
2022-08-26 19:00:00,0.0,3.662332912531117e-05,0.8978960325831044,54.6957692094232,0.27699999999999997,
2022-08-26 19:30:00,0.0,3.704881103455631e-05,0.7905300804472346,48.15552053265896,0.27699999999999997,
2022-08-26 20:00:00,0.0,3.67506449348709e-05,0.7546206064655063,45.96807763274325,0.26966666666666667,
2022-08-26 20:30:00,0.0,0.0110451639709282,1.6863814709894034,102.72673938755484,0.26966666666666667,
2022-08-26 21:00:00,0.0,3.391914214544388e-05,1.093338575787694,66.6012458446945,0.2663333333333333,
2022-08-26 21:30:00,0.0,3.3392474329447656e-05,0.2085474455581075,12.703768072842289,0.2663333333333333,
2022-08-26 22:00:00,0.0,3.259057729906609e-05,0.2637937497798612,16.069123298539807,0.26399999999999996,
2022-08-26 22:30:00,0.0,3.267083954047346e-05,0.0790735904838419,4.816805842456338,0.26399999999999996,
2022-08-26 23:00:00,0.0,3.223346470019411e-05,0.0790735904838419,4.816805842456338,0.2623333333333333,
2022-08-26 23:30:00,0.0,3.227247190730846e-05,0.0233401968093731,1.4217793281872324,0.2623333333333333,
2022-08-27 00:00:00,0.0,3.243207941373169e-05,-0.0327528597189036,-1.9951562220183436,0.26066666666666666,
2022-08-27 00:30:00,0.0,3.311050171962025e-05,0.0229856182788723,1.400180006253385,0.26066666666666666,
2022-08-27 01:00:00,0.0,3.3716191316882116e-05,0.0229856182788723,1.400180006253385,0.25933333333333336,
2022-08-27 01:30:00,0.0,0.0325180253999486,0.1709038957838755,10.410693110976627,0.25933333333333336,
2022-08-27 02:00:00,0.0,0.0157544291317999,0.4818278940372086,29.350778190995516,0.258,
2022-08-27 02:30:00,0.0,0.0683354280393674,1.0726671556367766,65.3420363318148,0.258,
2022-08-27 03:00:00,0.0,0.0361592740648203,1.231000186084218,74.9869691272833,0.25699999999999995,
2022-08-27 03:30:00,0.0,0.0239625086842248,1.0019181787731146,61.03232833677527,0.25699999999999995,
2022-08-27 04:00:00,0.0,3.3798281318612486e-05,0.5543267501337972,33.767080922168546,0.25566666666666665,
2022-08-27 04:30:00,0.0,3.2910769402496645e-05,0.0785768123046113,4.786544360443427,0.25566666666666665,
2022-08-27 05:00:00,0.0,3.2749591528663496e-05,0.0785768123046113,4.786544360443427,0.25466666666666665,
2022-08-27 05:30:00,0.0,3.2830114591837195e-05,0.2077217655200239,12.65347137571364,0.25466666666666665,
2022-08-27 06:00:00,0.0,3.195645334647196e-05,0.1155562195980828,7.039162763273689,0.25366666666666665,
2022-08-27 06:30:00,0.0,3.1995235324696024e-05,0.134021604018955,8.16399054733434,0.25366666666666665,
2022-08-27 07:00:00,0.0,3.078563437100488e-05,0.0600627245993298,3.6587497923597634,0.25266666666666665,-0.8060561596270299
2022-08-27 07:30:00,0.0,3.121129113513813e-05,0.0415323374753315,2.5299623373359337,0.25266666666666665,-0.8083956443729167
2022-08-27 08:00:00,0.0,0.0004359222921656,0.1524708186871916,9.287833343126596,0.2523333333333333,-0.8107351291188034
2022-08-27 08:30:00,0.0,0.0004418276821769,0.390853677756105,23.809039997315672,0.2523333333333333,-0.81307461386469
2022-08-27 09:00:00,0.0,0.0021028393867059,0.770347511898364,46.92608965052594,0.25133333333333335,
2022-08-27 09:30:00,0.0,0.0022161447322177,1.231000186084218,74.9869691272833,0.25133333333333335,
2022-08-27 10:00:00,0.0,0.0204783779364717,1.9717522046628335,120.11023505043502,0.13333333333333333,
2022-08-27 10:30:00,0.0,0.0217483232132667,2.5564822342126647,155.72934637902492,0.13333333333333333,
2022-08-27 11:00:00,0.0,0.0361058380399194,3.586858775212266,218.49522955503937,0.13333333333333333,
2022-08-27 11:30:00,0.0,0.0766851312964561,4.526255509078503,275.7190339679162,0.13333333333333333,-0.6935222357366151
2022-08-27 12:00:00,0.8,0.0293009050320836,3.158040229832377,192.37354136432097,0.13066666666666668,-0.6923871308905986
2022-08-27 12:30:00,0.0,0.0149322989565895,2.123623094515936,129.3615234397355,0.13066666666666668,-0.6912520260445821
2022-08-27 13:00:00,0.0,0.0791857832192227,3.285968097607199,200.1663290338863,0.12866666666666668,-0.6901169211985656
2022-08-27 13:30:00,0.0,0.0842949519469912,3.8371097072733313,233.73938559065277,0.12866666666666668,-0.6889818163525491
2022-08-27 14:00:00,0.0,0.0244027007486091,4.22258385744665,257.2207290747348,0.12733333333333333,-0.6630623011627547
2022-08-27 14:30:00,0.0,3.259057729906609e-05,3.571124009500891,217.53673872460564,0.12733333333333333,-0.619701508383529
2022-08-27 15:00:00,0.4,3.062997880469489e-05,2.2911293247873994,139.56524611986714,0.12666666666666668,-0.5663634818281419
2022-08-27 15:30:00,0.0,3.090075487188714e-05,0.9487019343541948,57.79063518154898,0.12666666666666668,-0.533535032136356
2022-08-27 16:00:00,0.2,0.0022957693720738,0.680605973574015,41.45944062818169,0.12666666666666668,-0.5475508642674931
2022-08-27 16:30:00,0.2,0.0023421621966985,0.8061382446955555,49.1062993740054,0.12666666666666668,-0.6124619587276902
2022-08-27 17:00:00,0.0,0.0117687879666147,1.578713551198078,96.16809620564509,0.12733333333333333,-0.7088959551079634
2022-08-27 17:30:00,0.0,0.0498015586016803,3.4764799795511294,211.77145206408932,0.12733333333333333,-0.8070498632510946
2022-08-27 18:00:00,0.0,0.0275498815134603,3.790401820729405,230.89415218950165,0.12766666666666668,-0.8835777438229075
2022-08-27 18:30:00,0.0,3.453450868479409e-05,4.022967979260627,245.06103172938705,0.12766666666666668,-0.930424327432779
2022-08-27 19:00:00,0.0,3.445124818432026e-05,3.7279716478793543,227.09118814689717,0.128,-0.9516822188946714
2022-08-27 19:30:00,0.0,3.432914474509867e-05,3.9302325358567214,239.41200753739733,0.128,-0.9551525140233466
2022-08-27 20:00:00,0.0,3.441051549534346e-05,3.7748107056623135,229.94441190723987,0.12833333333333333,-0.946509634313377
2022-08-27 20:30:00,0.0,3.396117416792823e-05,3.5238525580901428,214.65717549820565,0.12833333333333333,-0.928095715664329
2022-08-27 21:00:00,0.0,3.383853668811971e-05,3.3496547987214584,204.04583510079016,0.12866666666666668,-0.9011205518539266
2022-08-27 21:30:00,0.0,3.074627670305405e-05,2.8999308631803062,176.65068500134285,0.12866666666666668,-0.8695928810813911
2022-08-27 22:00:00,0.0,3.323138986250876e-05,2.274436769188194,138.54841105718955,0.12866666666666668,-0.8414916352697928
2022-08-27 22:30:00,0.0,3.3758057524395963e-05,2.274436769188194,138.54841105718955,0.12866666666666668,-0.8236106862501903
2022-08-27 23:00:00,0.0,3.347404308669146e-05,2.123623094515936,129.3615234397355,0.129,-0.8154140986105767
2022-08-27 23:30:00,0.0,3.3191613558943914e-05,1.9886794927738989,121.14136895710872,0.129,-0.8101367283857795
2022-08-28 00:00:00,0.0,3.3352570329917715e-05,1.932692572154774,117.73089872691922,0.12933333333333333,-0.8010885592772385
2022-08-28 00:30:00,0.0,0.0343310169438669,1.6602446814863818,101.13460426872612,0.12933333333333333,-0.7842980356893702
2022-08-28 01:00:00,0.0,0.0484337708633023,1.6602446814863818,101.13460426872612,0.12933333333333333,-0.7564246571817218
2022-08-28 01:30:00,0.0,0.0352296166685954,1.5571814707776162,94.85645915799242,0.12933333333333333,-0.7140622733314422
2022-08-28 02:00:00,0.0,0.0291313851652658,1.5399561202884684,93.80716863802496,0.12933333333333333,-0.6565359589769121
2022-08-28 02:30:00,0.0,0.0317357880738297,1.2624527309810865,76.90291604574672,0.12933333333333333,-0.5883009240517835
2022-08-28 03:00:00,0.0,0.0213739292201813,1.227510643045099,74.77440193265507,0.12966666666666668,-0.5182546882063493
2022-08-28 03:30:00,0.0,2.6830936314465047e-05,0.998983359993748,60.85355243755906,0.12966666666666668,-0.4565259301994538
2022-08-28 04:00:00,0.0,2.6938456935766543e-05,0.6605096988503741,40.2352663759676,0.12966666666666668,-0.4099837522298855
2022-08-28 04:30:00,0.0,2.6830936314465047e-05,0.7858382881754642,47.869717747076926,0.12966666666666668,-0.3792134262912923
2022-08-28 05:00:00,0.0,2.6365696203895816e-05,0.6784591433195608,41.32866542941884,0.12966666666666668,-0.3604940999913833
2022-08-28 05:30:00,0.0,2.6116273850256723e-05,0.6425450561907669,39.140941517428146,0.12966666666666668,-0.3515707315863042
2022-08-28 06:00:00,0.0,2.5657134418759616e-05,0.5705339129251145,34.75434804821122,0.13,-0.3553792224745815
2022-08-28 06:30:00,0.0,2.5236673719742934e-05,0.4982772256133955,30.352797145185654,0.13,-0.3789423166171343
2022-08-28 07:00:00,0.0,2.513267772622862e-05,0.6245651858674284,38.04568905841958,0.12966666666666668,-0.4288868914885738
2022-08-28 07:30:00,0.0,2.643646021215821e-05,0.3894275902723818,23.722169191507817,0.12966666666666668,-0.5064632141656172
2022-08-28 08:00:00,0.0,2.7228112823298044e-05,1.0166495297034954,61.92969567262721,0.13,-0.6062715581041683
2022-08-28 08:30:00,0.0,2.7191966871061615e-05,1.864902578651699,113.60143862819749,0.13,-0.72106813180269
2022-08-28 09:00:00,0.0,2.7300506301294197e-05,1.7968989793026484,109.45896662650556,0.13,-0.8483934031041155
2022-08-28 09:30:00,0.0,3.195645334647196e-05,2.95723557937004,180.14142938330454,0.13,-0.9911646660309535
2022-08-28 10:00:00,0.0,3.351404317298461e-05,3.9360647834411417,239.7672817075392,0.12966666666666668,-1.150843229584264
2022-08-28 10:30:00,0.0,3.5947332179102164e-05,4.515377501713539,275.05639491094115,0.12966666666666668,-1.3179833106821897
2022-08-28 11:00:00,0.0,0.0035529324539969,5.487503463741231,334.2739160181345,0.12833333333333333,-1.468642889084387
2022-08-28 11:30:00,0.0,0.0892846472037137,5.659883929382626,344.7745550930287,0.12833333333333333,-1.5750982531122644
2022-08-28 12:00:00,0.0,0.2090305970782084,6.12737835811476,373.2522033426409,0.12633333333333333,-1.6252211166547013
2022-08-28 12:30:00,0.0,0.1560071805612655,6.2253399485440735,379.21958079735066,0.12633333333333333,-1.6310906637897813
2022-08-28 13:00:00,0.0,0.3218313719965999,6.461540817489561,393.6078704724271,0.12366666666666666,-1.6187786908001782
2022-08-28 13:30:00,0.0,0.2402663298481816,6.502975725757197,396.13189786265895,0.12366666666666666,-1.611567591452851
2022-08-28 14:00:00,0.0,0.2237668005824335,6.461540817489561,393.6078704724271,0.12266666666666666,-1.6188506683605344
2022-08-28 14:30:00,0.0,0.3796066975527106,6.626840960013474,403.6772082550683,0.12266666666666666,-1.6350440458273836
2022-08-28 15:00:00,0.0,0.4377489036959108,6.899772517480871,420.30296550923407,0.12233333333333334,-1.6497730722682389
2022-08-28 15:30:00,0.0,0.4441761681844831,6.5993720508813265,402.0039264275451,0.12233333333333334,-1.6605043291760937
2022-08-28 16:00:00,0.0,0.28255961624547,6.544337174923109,398.6514504563348,0.12233333333333334,-1.6705622734556824
2022-08-28 16:30:00,0.0,0.2187071560277959,6.350686166161691,386.8551060043883,0.12233333333333334,-1.6745018345185356
2022-08-28 17:00:00,0.0,0.1338089132469893,6.475360635323589,394.44971133076314,0.12266666666666666,-1.6530227672554791
2022-08-28 17:30:00,0.0,0.0214569179648989,6.043080364650334,368.1171504767948,0.12266666666666666,-1.5839109658312198
2022-08-28 18:00:00,0.0,0.1429423206873067,5.774089516754897,351.73144344386594,0.12333333333333334,-1.4574476001492265
2022-08-28 18:30:00,0.0,0.1518353312508068,6.085267731234242,370.68701422771096,0.12333333333333334,-1.2891146270806957
2022-08-28 19:00:00,0.0,0.056262732332975,5.986710581695626,364.6833580030647,0.124,-1.1189417074988344
2022-08-28 19:30:00,0.0,0.0486403123258424,5.444204993021594,331.63636882373476,0.124,-0.9868234881294752
2022-08-28 20:00:00,0.0,0.0566940680479448,4.740004183433942,288.73963739761575,0.12366666666666666,-0.9035227195763248
2022-08-28 20:30:00,0.0,0.0746403683174194,4.181814640314566,254.7372525805907,0.12366666666666666,-0.8496948285055954
2022-08-28 21:00:00,0.0,0.0507151136509626,3.687575836702505,224.63045785633105,0.124,-0.8004837379719533
2022-08-28 21:30:00,0.0,3.726272530589475e-05,3.1501033280271873,191.8900611688181,0.124,-0.7462335325810812
2022-08-28 22:00:00,0.0,3.408241776180299e-05,2.5663336172555327,156.32944812104532,0.124,-0.6920971722173026
2022-08-28 22:30:00,0.0,3.515368783130449e-05,2.1180262406955324,129.02058839408326,0.124,-0.6439175615983643
2022-08-28 23:00:00,0.0,0.0431646439711504,1.8818700417652523,114.63501981449411,0.124,-0.5980161485866801
2022-08-28 23:30:00,0.0,3.624131975377748e-05,1.59159079972039,96.95252000046072,0.124,-0.5457135460336701
2022-08-29 00:00:00,0.0,3.303117294097335e-05,1.255632222618725,76.4874414944165,0.12433333333333334,-0.4857130700066461
2022-08-29 00:30:00,0.0,3.1798421662995925e-05,1.0468006080862111,63.7663631316558,0.12433333333333334,-0.4283339811990558
2022-08-29 01:00:00,0.0,3.243207941373169e-05,0.9591807124010236,58.42895499235967,0.124,-0.3869663888223966
2022-08-29 01:30:00,0.0,3.295032186546801e-05,0.6941360384311163,42.28363104439677,0.124,-0.3670575271206189
2022-08-29 02:00:00,0.0,3.2749591528663496e-05,0.7828518988905784,47.68780040568307,0.12433333333333334,-0.363559733275932
2022-08-29 02:30:00,0.0,3.2510446819210245e-05,0.6407280252121811,39.03025620037069,0.12433333333333334,-0.3676840380378594
2022-08-29 03:00:00,0.0,3.2749591528663496e-05,0.6228954330744313,37.94397526295952,0.124,-0.3753042865250242
2022-08-29 03:30:00,0.0,3.1719603457852996e-05,0.6407280252121811,39.03025620037069,0.124,-0.3892881463745206
2022-08-29 04:00:00,0.0,3.331269792334119e-05,0.4976454241752989,30.31431065633806,0.124,-0.4142784219439296
2022-08-29 04:30:00,0.0,0.0340538489208667,0.6763482991744271,41.20008234183446,0.124,-0.4493321021690176
2022-08-29 05:00:00,0.0,0.0582988921289054,0.7296668644728369,44.44800842270783,0.124,-0.4858947606591459
2022-08-29 05:30:00,0.0,0.0582900396109416,0.8535588820888215,51.994950336371424,0.124,-0.5140017065449317
2022-08-29 06:00:00,0.0,0.0708684974503165,0.9767335307336896,59.498193373708204,0.124,-0.5311010612323087
2022-08-29 06:30:00,0.0,0.0395539834982754,1.0642814642295009,64.83121790158485,0.124,-0.5446891598459784
2022-08-29 07:00:00,0.0,0.0417492165503851,1.1862482442439084,72.26088303964424,0.124,-0.5665079635235238
2022-08-29 07:30:00,0.0,0.0591159953472484,1.836504482392698,111.87155491938896,0.124,-0.6047655675744039
2022-08-29 08:00:00,0.0,0.07253530809558,2.3857170105899193,145.32710054952153,0.124,-0.6614770021130936
2022-08-29 08:30:00,0.0,0.0661476702526532,3.1764861987693087,193.49718644482775,0.124,-0.7354374231345269
2022-08-29 09:00:00,0.0,0.0830767742370034,3.739862910104875,227.81555011163903,0.123,-0.8261927536515468
2022-08-29 09:30:00,0.0,0.0732239721042312,4.138035655990198,252.070434668566,0.123,-0.9334762130438864
2022-08-29 10:00:00,0.0,0.0061307557358772,4.514323590448859,274.99219539873894,0.123,-1.0512984719385448
2022-08-29 10:30:00,0.0,0.0950474462024441,5.103616498638808,310.88925667696,0.123,-1.1644664900157584
2022-08-29 11:00:00,0.0,0.0088976849048872,5.607007740575322,341.55357658913886,0.12266666666666666,-1.2559205609191066
2022-08-29 11:30:00,0.0,0.1027647913854285,5.578538991138358,339.8193890079715,0.12266666666666666,-1.3189499053301903
2022-08-29 12:00:00,0.0,0.0619665362037509,5.720531074538453,348.46890514501706,0.12166666666666666,-1.3589736612650691
2022-08-29 12:30:00,0.0,0.1733048556257675,6.25226232698271,380.8595704444952,0.12166666666666666,-1.384875096232025
2022-08-29 13:00:00,0.0,0.2667340034647246,6.21072492227668,378.3292994343611,0.12066666666666666,-1.405180886364921
2022-08-29 13:30:00,0.0,0.1688073688266733,6.182991955746749,376.63993242329417,0.12066666666666666,-1.4327542380520268
2022-08-29 14:00:00,0.0,0.2501131343968058,6.09959345140724,371.5596723706442,0.11866666666666666,-1.4837351650763937
2022-08-29 14:30:00,0.0,0.1662618929883128,5.889772526240991,358.77832967422387,0.11866666666666666,-1.56493201611592
2022-08-29 15:00:00,0.0,0.0573588744142704,6.39018649099077,389.2612873128557,0.11833333333333333,-1.6637177865550636
2022-08-29 15:30:00,0.0,0.220045757055483,6.622799543809875,403.4310234408696,0.11833333333333333,-1.7551763552686257
2022-08-29 16:00:00,0.0,0.4039881727469506,6.348895065021284,386.7460002159101,0.11933333333333333,-1.8184498155118856
2022-08-29 16:30:00,0.0,0.42048970980125,6.4999404104001055,395.94700016601615,0.11933333333333333,-1.8420830212039512
2022-08-29 17:00:00,0.0,0.3625092708566216,6.25226232698271,380.8595704444952,0.11966666666666666,-1.8186943176489068
2022-08-29 17:30:00,0.0,0.3840611396301465,6.5955532995521065,401.77130535139406,0.11966666666666666,-1.7452871065206252
2022-08-29 18:00:00,0.0,0.3270642767828023,6.25226232698271,380.8595704444952,0.11966666666666666,-1.6288536955236843
2022-08-29 18:30:00,0.0,0.1748947278827172,6.6636094793609875,405.9169803171168,0.11966666666666666,-1.4843579751533804
2022-08-29 19:00:00,0.0,0.1429322674180944,5.9318894358853385,361.3439015067379,0.11933333333333333,-1.3281224110603775
2022-08-29 19:30:00,0.0,0.0070866298356778,5.706371290867933,347.60635510403955,0.11933333333333333,-1.1769098911888425
2022-08-29 20:00:00,0.0,0.080372365579167,4.928433296615043,300.21788756566724,0.11966666666666666,-1.0466854251026694
2022-08-29 20:30:00,0.0,5.0658528157429184e-05,4.016276264792806,244.65340272016385,0.11966666666666666,-0.9448163876789228
2022-08-29 21:00:00,0.0,4.7802675107142526e-05,3.3658779641907737,205.0340770376692,0.12066666666666666,-0.8669563906124738
2022-08-29 21:30:00,0.0,4.508809620394872e-05,2.3528244031795285,143.32343152958032,0.12066666666666666,-0.8052918611183371
2022-08-29 22:00:00,0.0,4.750698140197261e-05,1.7520599526484504,106.72757572549251,0.12,-0.7551199235329477
2022-08-29 22:30:00,0.0,4.556655502555563e-05,1.479589591030278,90.12991243857262,0.12,-0.711985522730289
2022-08-29 23:00:00,0.0,0.0394497215864266,1.428114441361064,86.99427890845425,0.121,-0.6694199795255417
2022-08-29 23:30:00,0.0,0.039054473183441,1.1688670043451042,71.20209644121852,0.121,-0.6246962185438301
2022-08-30 00:00:00,0.0,0.0504405521362897,1.0301228071235298,62.7504268547672,0.12133333333333333,-0.5832849125613204
2022-08-30 00:30:00,0.0,0.0363081814904949,0.8533769472625379,51.98386768881708,0.12133333333333333,-0.5533099019969218
2022-08-30 01:00:00,0.0,3.7649739217570726e-05,0.6751502650305938,41.12710351504579,0.12133333333333333,-0.5373689215669976
2022-08-30 01:30:00,0.0,3.7865839024847846e-05,0.6393247159677113,38.94477294197589,0.12133333333333333,-0.532586361587536
2022-08-30 02:00:00,0.0,0.0284930554144509,0.6751502650305938,41.12710351504579,0.12133333333333333,-0.535573603556861
2022-08-30 02:30:00,0.0,3.679314618140097e-05,0.4411944016349982,26.87556943413039,0.12133333333333333,-0.542274186270521
2022-08-30 03:00:00,0.0,0.0427452439455428,0.4049706292456314,24.66898089536201,0.12133333333333333,-0.5443097159228094
2022-08-30 03:30:00,0.0,0.0294828718489342,0.5134564195999455,31.27744505646436,0.12133333333333333,-0.5319059800423924
2022-08-30 04:00:00,0.0,0.026069768595031,0.4230902708970173,25.772747592125896,0.12166666666666666,-0.5029987580765436
2022-08-30 04:30:00,0.0,0.0244595419487689,0.5134564195999455,31.27744505646436,0.12166666666666666,-0.4669025692226397
2022-08-30 05:00:00,0.0,0.0251298741884705,0.2959253439724693,18.02643483185151,0.12166666666666666,-0.437591989668553
2022-08-30 05:30:00,0.0,0.020455646223814,0.0945337932345992,5.7585715379273745,0.12166666666666666,-0.4244930406737159
2022-08-30 06:00:00,0.0,0.0306255753395496,0.2046221056718098,12.464654103408847,0.122,-0.4289180943399728
2022-08-30 06:30:00,0.0,0.0220192785185716,0.0023518684430176,0.1432651987559712,0.122,-0.4465074552066162
2022-08-30 07:00:00,0.0,0.0220237912574448,0.2959253439724693,18.02643483185151,0.122,-0.4726052605638733
2022-08-30 07:30:00,0.0,0.0208087114658738,0.3686846916813945,22.458605535030586,0.122,-0.5076198193995762
2022-08-30 08:00:00,0.0,0.0284213505304538,0.693040382710376,42.21688864855147,0.12233333333333334,-0.5593250092436589
2022-08-30 08:30:00,0.0,0.0212117104182987,1.0125140558650632,61.67778129230884,0.12233333333333334,-0.6399850672195917
2022-08-30 09:00:00,0.0,0.0209588444087844,1.2577244423936778,76.61489006952267,0.12233333333333334,-0.7591451553212959
2022-08-30 09:30:00,0.0,3.9175080635699856e-05,1.993801746476224,121.45339350802304,0.12233333333333334,-0.914675238938597
2022-08-30 10:00:00,0.0,4.556655502555563e-05,3.614908101844972,220.203867794111,0.122,-1.087462944783904
2022-08-30 10:30:00,0.0,0.0632195636922482,4.772102619601306,290.6949290938524,0.122,-1.246634340097942
2022-08-30 11:00:00,0.0,0.1277468322631676,5.372558193086043,327.2719695039216,0.121,-1.3655671958144218
2022-08-30 11:30:00,0.0,0.0890712088833365,5.802122080429831,353.4390605592926,0.121,-1.4375712902644084
2022-08-30 12:00:00,0.0,0.235263058610091,6.056062522729189,368.9079648877667,0.12,-1.477991816072341
2022-08-30 12:30:00,0.0,0.246351540405302,6.22382010168698,379.1269985941638,0.12,-1.511234717322739
2022-08-30 13:00:00,0.0,0.3750235109064693,6.321121393110651,385.0541536169759,0.11933333333333333,-1.554565112170932
2022-08-30 13:30:00,0.0,0.3942861325295914,6.445627806410259,392.6385217395715,0.11933333333333333,-1.6115360135772143
2022-08-30 14:00:00,0.0,0.3642319535709441,6.692664222666355,407.6868639969652,0.11766666666666666,-1.6758760891347428
2022-08-30 14:30:00,0.0,0.3928504626865827,6.528263977703426,397.6723439075997,0.11766666666666666,-1.73820807101603
2022-08-30 15:00:00,0.0,0.5856414859406049,6.719952287124745,409.3491295841002,0.11733333333333333,-1.791881863063866
2022-08-30 15:30:00,0.0,0.6054779503936175,6.637992479261045,404.3565084200828,0.11733333333333333,-1.8372662990324755
2022-08-30 16:00:00,0.0,0.485437571858133,6.569472582668808,400.1825859231977,0.11733333333333333,-1.8784589269758016
2022-08-30 16:30:00,0.0,0.3525324787653437,6.4732057444489834,394.31844511544216,0.11733333333333333,-1.9100664813489472
2022-08-30 17:00:00,0.0,0.3144898144036698,6.307246130557134,384.2089353168526,0.11666666666666665,-1.9093785369011749
2022-08-30 17:30:00,0.0,0.3277104317702396,6.1261091726742904,373.1748903003545,0.11666666666666665,-1.848444848751818
2022-08-30 18:00:00,0.0,0.2922500860687404,6.084106619435513,370.6162845433544,0.11733333333333333,-1.7162740059762267
2022-08-30 18:30:00,0.0,0.2916645429742401,6.042027718606047,368.053028036102,0.11733333333333333,-1.5297969102312037
2022-08-30 19:00:00,0.0,0.1678336650776368,5.616964251574806,342.1600822512612,0.11766666666666666,-1.3272669931767227
2022-08-30 19:30:00,0.0,0.1442572009373363,5.343632160380394,325.5099262922361,0.11766666666666666,-1.1511846459850985
2022-08-30 20:00:00,0.0,0.0690010791609104,4.623205704658319,281.6248018183285,0.118,-1.0287742573194465
2022-08-30 20:30:00,0.0,0.1012741465654175,3.442331222336686,209.6912640739314,0.118,-0.9604212001253034
2022-08-30 21:00:00,0.0,0.0934413254800519,2.738192568735415,166.79831890965423,0.118,-0.9258029328466896
2022-08-30 21:30:00,0.0,0.0869705710673205,2.094540625852903,127.58995085637372,0.118,-0.902093853630438
2022-08-30 22:00:00,0.0,0.0822745840868679,1.5001560071920803,91.3827255828904,0.118,-0.8767929647098853
2022-08-30 22:30:00,0.0,0.0543080175120782,1.222866222476635,74.49148481719193,0.118,-0.8477434047452626
2022-08-30 23:00:00,0.0,0.0515007023585164,1.100412804598269,67.03217589930755,0.11866666666666666,-0.8172077868683651
2022-08-30 23:30:00,0.0,4.320531800140154e-05,0.9242514079844628,56.30121959350983,0.11866666666666666,-0.7877694620310476
2022-08-31 00:00:00,0.0,4.0372945814983454e-05,0.8167554803239186,49.753053395069934,0.11866666666666666,-0.7611295351958345
2022-08-31 00:30:00,0.0,0.0374734795714985,0.7630473771356249,46.48139842605111,0.11866666666666666,-0.7380011903993662
2022-08-31 01:00:00,0.0,3.899842064330296e-05,0.6371977767067472,38.815209412660046,0.11866666666666666,-0.7183675916545098
2022-08-31 01:30:00,0.0,0.0334001873874375,0.5287291939855748,32.207793462816916,0.11866666666666666,-0.7016578434190895
2022-08-31 02:00:00,0.0,3.891027643412545e-05,0.3649772849568351,22.23276706909082,0.119,-0.6867969165924444
2022-08-31 02:30:00,0.0,3.7649739217570726e-05,0.4197022248257774,25.56636313417221,0.119,-0.6726931908623653
2022-08-31 03:00:00,0.0,3.6835678740633714e-05,0.4014763134457272,24.45612296571222,0.11933333333333333,-0.6593877121071018
2022-08-31 03:30:00,0.0,3.653860858022648e-05,0.2551003113321154,15.539558309143086,0.11933333333333333,-0.6483060151029811
2022-08-31 04:00:00,0.0,3.713428294613371e-05,0.1630971291373883,9.935140161333134,0.11933333333333333,-0.6403752239385662
2022-08-31 04:30:00,0.0,0.0253658809809227,0.1261831365531777,7.686506527018161,0.11933333333333333,-0.6341744744462765
2022-08-31 05:00:00,0.0,3.5653147602019764e-05,0.1446482163339107,8.81131575377803,0.11966666666666666,-0.6272959899113724
2022-08-31 05:30:00,0.0,3.445124818432026e-05,0.1446482163339107,8.81131575377803,0.11966666666666666,-0.61994516217961
2022-08-31 06:00:00,0.0,3.441051549534346e-05,-0.0035278197000795,-0.2148988358628791,0.11966666666666666,-0.616149813010056
2022-08-31 06:30:00,0.0,3.548673107177264e-05,0.1446482163339107,8.81131575377803,0.11966666666666666,-0.6208172355665721
2022-08-31 07:00:00,0.0,0.0204471343607543,0.0336141003058148,2.04761910710312,0.11966666666666666,-0.6367008775843476
2022-08-31 07:30:00,0.0,3.351404317298461e-05,0.2367317526644977,14.420628712468677,0.11966666666666666,-0.6655172141873064
2022-08-31 08:00:00,0.0,3.3716191316882116e-05,0.6912247071908146,42.1062858999332,0.11966666666666666,-0.7118118252319693
2022-08-31 08:30:00,0.0,3.424620892888093e-05,0.6552220439370138,39.9131663306336,0.11966666666666666,-0.7845929523769489
2022-08-31 09:00:00,0.0,3.6073138475722e-05,0.9593176100440264,58.43729417820668,0.11966666666666666,-0.8945243451404269
2022-08-31 09:30:00,0.0,3.8734359909475526e-05,1.5893241345700633,96.81444500130893,0.11966666666666666,-1.047530652906153
2022-08-31 10:00:00,0.0,4.204932231105377e-05,2.4513965785875276,149.3280030622958,0.11933333333333333,-1.237016337854855
2022-08-31 10:30:00,0.0,4.854528869139523e-05,3.754211150560925,228.68958008845908,0.11933333333333333,-1.4388980477530673
2022-08-31 11:00:00,0.0,5.387306312526861e-05,4.806731851977223,292.8043854598458,0.119,-1.6167943745424564
2022-08-31 11:30:00,0.0,6.167236228428405e-05,5.7553432922119665,350.5895081485307,0.119,-1.7399051585377086
2022-08-31 12:00:00,0.0,0.275467025823195,6.109993217397976,372.1931791240095,0.11699999999999999,-1.8022770131875188
2022-08-31 12:30:00,0.0,0.3000055036692161,6.124066645277296,373.05046876038114,0.11699999999999999,-1.8260223558122508
2022-08-31 13:00:00,0.0,0.5378377616264818,6.1943058726536195,377.329125119928,0.11533333333333333,-1.845206514148306
2022-08-31 13:30:00,0.0,0.5502486385435439,6.514698987882057,396.8460260203681,0.11533333333333333,-1.8850280189910875
2022-08-31 14:00:00,0.0,0.4102285390836408,6.473157767421951,394.315522571737,0.11333333333333333,-1.9504126622986004
2022-08-31 14:30:00,0.0,0.5774714480610872,6.403757482832571,390.0879708160523,0.11333333333333333,-2.0248179334659624
2022-08-31 15:00:00,0.0,0.4221784599859826,6.264333058666538,381.59486487771386,0.11299999999999999,-2.0781712837242052
2022-08-31 15:30:00,0.0,0.6162583035777938,6.2922849088636585,383.29756529277176,0.11299999999999999,-2.086658127788667
2022-08-31 16:00:00,0.0,0.5613815095869823,6.362017834262758,387.54538002356475,0.11266666666666665,-2.0542759561573836
2022-08-31 16:30:00,0.0,0.514127943941393,6.0818206785654425,370.47703535445214,0.11266666666666665,-2.0106347345024145
2022-08-31 17:00:00,0.0,0.2662203991630781,6.445422450911205,392.62601241045707,0.11333333333333333,-1.97906543543284
2022-08-31 17:30:00,0.0,0.2779079974970321,5.81245494935724,354.0684922458309,0.11333333333333333,-1.9484428145672783
2022-08-31 18:00:00,0.0,0.3021449774520063,6.166235713937462,375.6192178844612,0.11366666666666665,-1.8825859179817568
2022-08-31 18:30:00,0.0,0.3001452718250523,5.640692824563131,343.6055197014131,0.11366666666666665,-1.7558292726095814
2022-08-31 19:00:00,0.0,0.1940417449521177,5.6119405901358155,341.85406349554535,0.11399999999999999,-1.5769188942592134
2022-08-31 19:30:00,0.0,0.1754324950536368,5.395141693390045,328.6476543000946,0.11399999999999999,-1.3838264167725862
2022-08-31 20:00:00,0.0,0.0942102058350987,4.125939689998561,251.33360307533545,0.11433333333333333,-1.2206698888631726
2022-08-31 20:30:00,0.0,0.0770184012080373,3.376159956481439,205.6604095493804,0.11433333333333333,-1.1146613674233048
2022-08-31 21:00:00,0.0,0.0791687083732544,2.5340978863809145,154.36579305160163,0.11433333333333333,-1.065990527959972
2022-08-31 21:30:00,0.0,0.0743177357852067,1.9654205957692368,119.72454204567563,0.11433333333333333,-1.05475017593685
2022-08-31 22:00:00,0.0,0.0720439263596286,1.329071227880544,80.9610138647213,0.11499999999999999,-1.057218301041298
2022-08-31 22:30:00,0.0,0.0645580796488229,1.1889662635418785,72.42645249405071,0.11499999999999999,-1.0580698507272728
2022-08-31 23:00:00,0.0,4.542150652010085e-05,1.2240786318940284,74.56533932069198,0.11499999999999999,-1.0525827103218213
2022-08-31 23:30:00,0.0,4.532696452367813e-05,0.7809651627507697,47.572868965162975,0.11499999999999999,-1.043031757296874
2022-09-01 00:00:00,0.0,4.376465216959933e-05,0.7428837443023691,45.25312102215331,0.11533333333333333,-1.0354576306949694
2022-09-01 00:30:00,0.0,0.0585860886576128,0.670582155879611,40.84883494632653,0.11533333333333333,-1.0375952894385905
2022-09-01 01:00:00,0.0,0.0643835864014998,0.5434583935043406,33.10502974439431,0.11533333333333333,-1.0559446956409977
2022-09-01 01:30:00,0.0,0.0597443342891219,0.6161938479920803,37.53574498049901,0.11533333333333333,-1.0913649012056452
2022-09-01 02:00:00,0.0,0.1250967025206227,0.7248314164654318,44.15345477881174,0.11533333333333333,-1.134583765344947
2022-09-01 02:30:00,0.0,0.0703449189171055,0.3788843123853284,23.07992034186974,0.11533333333333333,-1.165708598365499
2022-09-01 03:00:00,0.0,0.0756019685050942,0.4155671299591342,25.314471839102865,0.11566666666666665,-1.1638968789360322
2022-09-01 03:30:00,0.0,4.451896348842178e-05,0.6886806522486562,41.95131356803405,0.11566666666666665,-1.1249608247141742
2022-09-01 04:00:00,0.0,4.357773870443802e-05,0.5252354492663147,31.99497032081956,0.11533333333333333,-1.070979832039226
2022-09-01 04:30:00,0.0,4.127444219376738e-05,0.4338847021790876,26.430295571765125,0.11533333333333333,-1.0392050077837
2022-09-01 05:00:00,0.0,4.082312813270674e-05,0.5434583935043406,33.10502974439431,0.11533333333333333,-1.0572473986079585
2022-09-01 05:30:00,0.0,0.0699186185371538,0.3237404300740394,19.72080419616977,0.11533333333333333,-1.1228537717512646
2022-09-01 06:00:00,0.0,0.0912307301931424,0.5616656748068938,34.2141350527122,0.11566666666666665,-1.202970691756127
2022-09-01 06:30:00,0.0,0.1310742137495408,0.7969488688733979,48.5465241206262,0.11566666666666665,-1.2550901011966482
2022-09-01 07:00:00,0.0,0.0835158447577152,0.8867529901548404,54.01698541393881,0.11566666666666665,-1.2568404172534695
2022-09-01 07:30:00,0.0,0.0836895684649788,1.5224201737730865,92.73895801155096,0.11566666666666665,-1.221009447081877
2022-09-01 08:00:00,0.0,0.0588681602068368,2.2241801884137966,135.48700723810455,0.11533333333333333,-1.187149345537612
2022-09-01 08:30:00,0.0,4.4234971020302885e-05,2.341750522624688,142.64886076292063,0.11533333333333333,-1.1999876674856234
2022-09-01 09:00:00,0.0,0.0702919370298935,2.707175928608691,164.90892534017547,0.11533333333333333,-1.2878361839143777
2022-09-01 09:30:00,0.0,4.989643776793145e-05,3.244118710382976,197.61705345842032,0.11533333333333333,-1.4490823317666572
2022-09-01 10:00:00,0.0,0.0886032311141229,4.356970872342526,265.4069788016015,0.11466666666666665,-1.653121442261279
2022-09-01 10:30:00,0.0,0.1071930119828522,5.167855597519106,314.8024123197909,0.11466666666666665,-1.856073996422573
2022-09-01 11:00:00,0.0,0.158194943940212,5.936591345167748,361.63032057489494,0.11399999999999999,-2.021958889861721
2022-09-01 11:30:00,0.0,0.1925850855190848,6.163704654551522,375.4650371831271,0.11399999999999999,-2.136840006968211
2022-09-01 12:00:00,0.0,0.5434712264108484,6.177825538659672,376.32521763853066,0.11333333333333333,-2.208839609512766
2022-09-01 12:30:00,0.0,0.4450082903646424,6.416576045858325,390.868819755585,0.11333333333333333,-2.256927845713121
2022-09-01 13:00:00,0.0,0.6054681906928039,6.220136681302579,378.9026212676855,0.11133333333333333,-2.2994321613411772
2022-09-01 13:30:00,0.0,0.4545957151828412,6.402599542950536,390.01743435052856,0.11133333333333333,-2.3494176316765056
2022-09-01 14:00:00,0.0,0.4101221195068692,6.360619622799095,387.4602072989426,0.10966666666666665,-2.412986827658341
2022-09-01 14:30:00,0.0,0.2614708920751728,6.332590876737604,385.7528227352771,0.10966666666666665,-2.4866756727967188
2022-09-01 15:00:00,0.0,0.450672152277166,6.092970887030391,371.156255672512,0.10899999999999999,-2.5589681570761034
2022-09-01 15:30:00,0.0,0.4585100163650584,6.444503919501256,392.5700596272983,0.10899999999999999,-2.618812817637005
2022-09-01 16:00:00,0.0,0.529053698641094,6.234223267818187,379.7607124687233,0.10933333333333332,-2.6612255110836993
2022-09-01 16:30:00,0.0,0.5145446301214978,6.234223267818187,379.7607124687233,0.10933333333333332,-2.6805406155180096
2022-09-01 17:00:00,0.0,0.4756777229181916,5.836522940163114,355.5346054957864,0.10933333333333334,-2.6602866181408147
2022-09-01 17:30:00,0.0,0.6148936373188164,6.050426687673163,368.56465528137505,0.10933333333333334,-2.576319052614028
2022-09-01 18:00:00,0.0,0.4507658427091435,5.721624386056636,348.5355047426347,0.11,-2.4139442585788777
2022-09-01 18:30:00,0.0,0.4390713982519231,5.37343876019189,327.3256096732141,0.11,-2.183301077320918
2022-09-01 19:00:00,0.0,0.1026814420565007,5.049541180208574,307.5952326146447,0.11,-1.9201195523671748
2022-09-01 19:30:00,0.0,0.0592473967498608,4.387529166473635,267.26845200403943,0.11,-1.6719273739398313
2022-09-01 20:00:00,0.0,0.05574400491848,3.78398514483864,230.50327728764543,0.11033333333333334,-1.4773696309819389
2022-09-01 20:30:00,0.0,0.0497584122465003,3.115150901155019,189.76091725445025,0.11033333333333334,-1.349331955173875
2022-09-01 21:00:00,0.0,4.381194643932356e-05,2.2746454365807245,138.56112213189,0.11033333333333334,-1.2733887360742342
2022-09-01 21:30:00,0.0,0.0395177010650164,1.6956984218802509,103.29428593767744,0.11033333333333334,-1.2233228000052196
2022-09-01 22:00:00,0.0,0.0519575008890633,1.347732333111098,82.09776407615367,0.11033333333333334,-1.179606831068288
2022-09-01 22:30:00,0.0,0.0329957453143821,1.029656207649524,62.722003723115705,0.11033333333333334,-1.1358700925081475
2022-09-01 23:00:00,0.0,3.662332912531117e-05,0.7969488688733979,48.5465241206262,0.11033333333333334,-1.0933205210794787
2022-09-01 23:30:00,0.0,3.53190922434402e-05,0.5434583935043406,33.10502974439431,0.11033333333333334,-1.054028163948297
2022-09-02 00:00:00,0.0,3.4657089110898426e-05,0.6671951704982894,40.64251510080999,0.11,-1.019402463007957
2022-09-02 00:30:00,0.0,3.3758057524395963e-05,0.4842849118288905,29.500448612960373,0.11,-0.9913343081017624
2022-09-02 01:00:00,0.0,3.355407484649961e-05,0.3553009376065155,21.64332771057098,0.11,-0.9721174509356862
2022-09-02 01:30:00,0.0,3.303117294097335e-05,0.3737754638362414,22.768712372320223,0.11,-0.9630308250414876
2022-09-02 02:00:00,0.0,3.223346470019411e-05,0.3737754638362414,22.768712372320223,0.11,-0.9630679296777392
2022-09-02 02:30:00,0.0,3.117315308598607e-05,0.1882987927354538,11.47031163534868,0.11,-0.9685843507227204
2022-09-02 03:00:00,0.0,3.195645334647196e-05,0.0949452144745683,5.783633460881264,0.11033333333333334,-0.97434892423813
2022-09-02 03:30:00,0.0,3.125105186669438e-05,0.0949452144745683,5.783633460881264,0.11033333333333334,-0.976095087014884
2022-09-02 04:00:00,0.0,3.090075487188714e-05,0.1323362950147572,8.061329137777841,0.11033333333333334,-0.9728976452520288
2022-09-02 04:30:00,0.0,2.8959225565404393e-05,0.206919992277385,12.604630972541896,0.11033333333333334,-0.9672855937912568
2022-09-02 05:00:00,0.0,2.821538850376113e-05,0.1696611321333807,10.334989564750044,0.11033333333333334,-0.9631693533652224
2022-09-02 05:30:00,0.0,3.0093290408167564e-05,0.001175935356459,0.0716326685140261,0.11033333333333334,-0.9637248436463828
2022-09-02 06:00:00,0.0,2.959832938613145e-05,0.1136490518866571,6.922986723729652,0.11033333333333334,-0.970841730560943
2022-09-02 06:30:00,0.0,2.851160658810513e-05,0.0762247492265207,4.6432673053982585,0.11033333333333334,-0.9858195530663866
2022-09-02 07:00:00,0.0,2.9978687075037876e-05,0.151006977312071,9.19866274084377,0.11033333333333334,-1.0100282598809227
2022-09-02 07:30:00,0.0,3.1640917004144014e-05,0.2255247638209993,13.737949590306684,0.11033333333333334,-1.0450865204251334
2022-09-02 08:00:00,0.0,3.121129113513813e-05,0.447512541787013,27.26044198401039,0.11033333333333334,-1.0935671115029129
2022-09-02 08:30:00,0.0,0.0276070542910024,0.776188997382484,47.281926551776586,0.11033333333333334,-1.1603304681712625
2022-09-02 09:00:00,0.0,0.0298395222249669,0.9745711386324672,59.366470217555616,0.11,-1.2526097384661488
2022-09-02 09:30:00,0.0,3.603117163951886e-05,1.2598707384099368,76.7456327249086,0.11,-1.3761343883523431
2022-09-02 10:00:00,0.0,3.970431208349552e-05,1.9740777202529725,120.25189495246758,0.10933333333333334,-1.5276016074735792
2022-09-02 10:30:00,0.0,4.672412775595169e-05,3.303366769482426,201.22617750955024,0.10933333333333334,-1.6889507156451402
2022-09-02 11:00:00,0.0,0.0833564592647191,4.602764880699488,280.37963918353404,0.10933333333333334,-1.8319490562402632
2022-09-02 11:30:00,0.0,5.606095746666118e-05,5.291814931685182,322.35345485351985,0.10933333333333334,-1.934680778436825
2022-09-02 12:00:00,0.0,0.0870206777773933,5.482823595336042,333.9888395806272,0.10866666666666668,-1.9973788259411684
2022-09-02 12:30:00,0.0,0.2960120633950505,5.888900667704543,358.72521999162996,0.10866666666666668,-2.042110379292436
2022-09-02 13:00:00,0.0,0.3694461414783416,5.773608552450995,351.7021452716839,0.10866666666666668,-2.0969456741156938
2022-09-02 13:30:00,0.0,0.3855942844069074,5.989310682345467,364.8417443862363,0.10866666666666668,-2.1793205980941095
2022-09-02 14:00:00,0.0,0.6327308413349493,5.917633835940256,360.4755147712549,0.108,-2.28861179232967
2022-09-02 14:30:00,0.0,0.4405853785045788,5.917633835940256,360.4755147712549,0.108,-2.4074500850969622
2022-09-02 15:00:00,0.0,0.6366933389478889,5.903271724523293,359.60063983817116,0.10733333333333334,-2.510745145196737
2022-09-02 15:30:00,0.0,0.4332273112090083,5.816910729064323,354.33991821238243,0.10733333333333334,-2.580668852354695
2022-09-02 16:00:00,0.0,0.4023606597796541,5.628676444451781,342.873536120405,0.107,-2.616119160168212
2022-09-02 16:30:00,0.0,0.6128693397361336,5.744695117617497,349.940869465447,0.107,-2.624429153046733
2022-09-02 17:00:00,0.0,0.3480687463273906,5.570446583705031,339.3264361122464,0.108,-2.6028413417494805
2022-09-02 17:30:00,0.0,0.3546999493105449,5.657736075467609,344.64371753748975,0.108,-2.5314828661729587
2022-09-02 18:00:00,0.0,0.2369110982358166,5.917633835940256,360.4755147712549,0.108,-2.3883779715997395
2022-09-02 18:30:00,0.0,0.2292349850386659,5.686758990198614,346.41166236440364,0.108,-2.1735757755353733
2022-09-02 19:00:00,0.0,0.1395932100267289,5.58501790901634,340.21405541045175,0.10833333333333334,-1.9200087511130095
2022-09-02 19:30:00,0.0,0.088655637123399,4.480757924633079,272.9475267019201,0.10833333333333334,-1.6807429660198214
2022-09-02 20:00:00,0.0,0.0877741450053011,3.6711010056273734,223.62688558788332,0.10833333333333334,-1.5019652348405192
2022-09-02 20:30:00,0.0,0.0813234764168394,2.665438973412028,162.36649861581031,0.10833333333333334,-1.4011401324852395
2022-09-02 21:00:00,0.0,0.1153620241394046,2.1277373409578764,129.61214474297444,0.10833333333333334,-1.3646765383534074
2022-09-02 21:30:00,0.0,0.1078084004012978,1.646050053376308,100.26993166193373,0.10833333333333334,-1.3631490273005276
2022-09-02 22:00:00,0.0,0.075978051424998,1.401105420494956,85.34901139611739,0.10866666666666668,-1.3694025996759338
2022-09-02 22:30:00,0.0,4.619204375556081e-05,1.0820058101737304,65.91090496999144,0.10866666666666668,-1.3679096874739702
2022-09-02 23:00:00,0.0,4.4802010708028555e-05,0.9026459591093192,54.98511327110945,0.10866666666666668,-1.3552967237746856
2022-09-02 23:30:00,0.0,4.348347631312602e-05,0.9026459591093192,54.98511327110945,0.10866666666666668,-1.3366103535159757
2022-09-03 00:00:00,0.0,4.348347631312602e-05,0.8091158683520772,49.28768275292634,0.10933333333333334,-1.3194272319847378
2022-09-03 00:30:00,0.0,4.3438351331317256e-05,0.7544630577350625,45.95848047596019,0.10933333333333334,-1.3071849059432152
2022-09-03 01:00:00,0.0,4.413988116348656e-05,0.7726962829821254,47.06916617215127,0.10933333333333334,-1.2960513274178278
2022-09-03 01:30:00,0.0,4.218798386732919e-05,0.8091158683520772,49.28768275292634,0.10933333333333334,-1.2784185946468032
2022-09-03 02:00:00,0.0,4.127444219376738e-05,0.4975391639894053,30.307837765944427,0.109,-1.2500855606296388
2022-09-03 02:30:00,0.0,0.0545856745995908,0.4790677185169903,29.182640770010323,0.109,-1.2142532638685395
2022-09-03 03:00:00,0.0,0.078973205887794,0.7544630577350625,45.95848047596019,0.10933333333333334,-1.1784150249488758
2022-09-03 03:30:00,0.0,0.0745052464855221,0.4605801381543313,28.056460909467205,0.10933333333333334,-1.1475250330783864
2022-09-03 04:00:00,0.0,0.0474946096762459,0.4420763906842648,26.92929622179104,0.10933333333333334,-1.1209748329447835
2022-09-03 04:30:00,0.0,0.0499888788399503,0.4050202650823125,24.672004486255727,0.10933333333333334,-1.0963158912314477
2022-09-03 05:00:00,0.0,0.0696251699900408,0.4050202650823125,24.672004486255727,0.10966666666666668,-1.0742989707861803
2022-09-03 05:30:00,0.0,0.0701040330473359,0.5344337786636274,32.55529098554096,0.10966666666666668,-1.0592411150437688
2022-09-03 06:00:00,0.0,0.0675356693506538,0.4790677185169903,29.182640770010323,0.11,-1.0559086156779671
2022-09-03 06:30:00,0.0,0.0662585691719071,0.4235564437955161,25.801144738724965,0.11,-1.0676930932135194
2022-09-03 07:00:00,0.0,0.0473543934742477,0.4050202650823125,24.672004486255727,0.11,-1.0970460730758047
2022-09-03 07:30:00,0.0,3.615716633737405e-05,0.7179495883242484,43.73424490362584,0.11,-1.145983284570909
2022-09-03 08:00:00,0.0,3.6073138475722e-05,1.2947820807947552,78.87227395794517,0.11,-1.2162483607748984
2022-09-03 08:30:00,0.0,3.598923620581269e-05,1.6125389479711596,98.2285865388022,0.11,-1.309999739867981
2022-09-03 09:00:00,0.0,3.891027643412545e-05,2.285341063730208,139.21265141021323,0.11033333333333334,-1.430225701411202
2022-09-03 09:30:00,0.0,4.059859886703179e-05,2.655859835730265,161.78298083106222,0.11033333333333334,-1.578567451720304
2022-09-03 10:00:00,0.0,4.4849951911232046e-05,3.3785907478367236,205.8084823753427,0.11,-1.7504354923537973
2022-09-03 10:30:00,0.0,4.9998260596644535e-05,4.497246467084253,273.9519342054421,0.11,-1.931431288801833
2022-09-03 11:00:00,0.0,5.622304377499142e-05,5.163524917106983,314.53860683703385,0.10966666666666668,-2.100869331290444
2022-09-03 11:30:00,0.0,6.138832641738635e-05,5.621496160596644,342.43614567168134,0.10966666666666668,-2.242192790668698
2022-09-03 12:00:00,0.0,0.087091201315798,5.752758750932664,350.4320695719081,0.10866666666666668,-2.35101913728867
2022-09-03 12:30:00,0.0,0.0923230671164533,5.868811236132702,357.5014625933031,0.10866666666666668,-2.4329947309175073
2022-09-03 13:00:00,0.0,0.408239180490153,6.041802479699753,368.0393074996607,0.107,-2.495553133630216
2022-09-03 13:30:00,0.0,0.6315264752430303,6.084848740795007,370.6614912233388,0.107,-2.542661316180389
2022-09-03 14:00:00,0.0,0.6651558153864399,5.955468828703135,362.7802515749639,0.106,-2.574971225042576
2022-09-03 14:30:00,0.0,0.6905240959290542,5.825360038780678,354.8546119825455,0.106,-2.5923827898455256
2022-09-03 15:00:00,0.0,0.6597904484856983,5.897733275633805,359.26326255701076,0.10566666666666667,-2.597592493472067
2022-09-03 15:30:00,0.0,0.6464376397288951,5.679927666791145,345.99552900939267,0.10566666666666667,-2.5984479013894983
2022-09-03 16:00:00,0.0,0.588655893151039,5.767297336071213,351.3176944867236,0.106,-2.6039423363245655
2022-09-03 16:30:00,0.0,0.7922304544397448,5.868811236132702,357.5014625933031,0.106,-2.6132784343314217
2022-09-03 17:00:00,0.0,0.5951182069597104,5.709087788527309,347.7718318670983,0.106,-2.608233977380072
2022-09-03 17:30:00,0.0,0.0760463559529942,5.371487532983486,327.20674972819467,0.106,-2.560696460980213
2022-09-03 18:00:00,0.0,0.0287725317470822,5.32708339119893,324.50185004843604,0.10666666666666667,-2.4541456534743245
2022-09-03 18:30:00,0.0,0.0257414658813079,5.238015155160301,319.07621555905723,0.10666666666666667,-2.3022296871699446
2022-09-03 19:00:00,0.0,6.0537307569469114e-05,4.619857587876096,281.4208496722433,0.107,-2.146899627776712
2022-09-03 19:30:00,0.0,5.7475391887192566e-05,3.8423107088905697,234.0562071087253,0.107,-2.034952038639683
2022-09-03 20:00:00,0.0,0.1381290508932999,2.9214320379019307,177.96043941346807,0.107,-1.989367280329596
2022-09-03 20:30:00,0.0,0.1358137615008867,2.6725528997053636,162.79984686170215,0.107,-1.996068188519125
2022-09-03 21:00:00,0.0,0.1863946690829545,2.1831851982237875,132.9897776694153,0.10733333333333334,-2.0164967505595275
2022-09-03 21:30:00,0.0,0.1964842465781433,1.787061017705545,108.85968245831704,0.10733333333333334,-2.0156618800850565
2022-09-03 22:00:00,0.0,0.1810703390341806,1.559905072610512,95.0223686752022,0.10733333333333334,-1.981263676483946
2022-09-03 22:30:00,0.0,0.1275609951779096,1.4365887696692348,87.51049669818558,0.10733333333333334,-1.921065943166728
2022-09-03 23:00:00,0.0,0.176543521564977,1.2056735551553512,73.44418520813359,0.10733333333333334,-1.8491134321332832
2022-09-03 23:30:00,0.0,0.1169563713271702,1.1520296340575884,70.17643992206654,0.10733333333333334,-1.7763563683234973
2022-09-04 00:00:00,0.0,0.1552356197705916,1.2577807452216043,76.61831978339862,0.10766666666666667,-1.7089487757772446
2022-09-04 00:30:00,0.0,0.0958395917590563,1.15000764229242,70.05326931999488,0.10766666666666667,-1.648785075731972
2022-09-04 01:00:00,0.0,0.1057509972535589,1.113962140738311,67.85754023500309,0.108,-1.593363712236079
2022-09-04 01:30:00,0.0,0.1014446187749828,1.2935847573145651,78.79933842157456,0.108,-1.5368492244158198
2022-09-04 02:00:00,0.0,0.0857210835219643,1.1319924966557986,68.95586804829075,0.108,-1.474533305065282
2022-09-04 02:30:00,0.0,4.894307090417464e-05,0.7684555952933286,46.810842639471886,0.108,-1.4085730846955893
2022-09-04 03:00:00,0.0,0.0737178888442229,1.0778556797235153,65.65809777510837,0.108,-1.3491532219416495
2022-09-04 03:30:00,0.0,4.518435943116703e-05,0.7501147115575106,45.69359887459501,0.108,-1.308294347738281
2022-09-04 04:00:00,0.0,0.0773633266048865,0.6949968393388142,42.336067146210546,0.108,-1.2909514359712342
2022-09-04 04:30:00,0.0,0.0737434649778592,0.7133853650252653,43.45621304345237,0.108,-1.291319714631778
2022-09-04 05:00:00,0.0,4.794986466800629e-05,0.5102294226598367,31.08087098388723,0.108,-1.297447326465535
2022-09-04 05:30:00,0.0,4.6336447100012454e-05,0.5658289559478444,34.46774332825417,0.108,-1.2998390096393562
2022-09-04 06:00:00,0.0,4.390465078696816e-05,0.6581719252149707,40.09285976920484,0.108,-1.2977864769653462
2022-09-04 06:30:00,0.0,0.0668666961721087,0.7317579786013145,44.575389646826544,0.108,-1.3002224502603172
2022-09-04 07:00:00,0.0,0.092769955133599,0.4172378044507207,25.416241780276348,0.10833333333333334,-1.320888128768156
2022-09-04 07:30:00,0.0,0.0887569258709589,1.1319924966557986,68.95586804829075,0.10833333333333334,-1.3704240475924128
2022-09-04 08:00:00,0.0,0.0928368286898635,1.736163143062808,105.75921391442508,0.10866666666666668,-1.451184998963632
2022-09-04 08:30:00,0.0,0.0981496979209314,2.3067896852078658,140.51920451617505,0.10866666666666668,-1.5589732185925906
2022-09-04 09:00:00,0.0,0.1100995885170106,2.746043865317541,167.2765844217707,0.10866666666666668,-1.6884355657778776
2022-09-04 09:30:00,0.0,0.0852707480413017,3.3237621629982694,202.46857272703295,0.10866666666666668,-1.8343652296597623
2022-09-04 10:00:00,0.0,0.1341441601474271,4.217819237057894,256.930489929336,0.10833333333333334,-1.987733401193221
2022-09-04 10:30:00,0.0,0.1494117884714388,4.88086808910675,297.3204300451262,0.10833333333333334,-2.134330402644525
2022-09-04 11:00:00,0.0,0.1783192854704942,5.43625872539292,331.15231810458425,0.10766666666666667,-2.261046103717125
2022-09-04 11:30:00,0.0,0.1887589775804404,5.716296467489842,348.2109520174628,0.10766666666666667,-2.3636292031860906
2022-09-04 12:00:00,0.0,0.6016628677488903,5.760202421422269,350.88550434430505,0.10733333333333334,-2.447168910405533
2022-09-04 12:30:00,0.0,0.7572823376305923,5.905953925346062,359.7640273929123,0.10733333333333334,-2.519798964217258
2022-09-04 13:00:00,0.0,0.7284045548381438,6.309234776208906,384.3300746243688,0.106,-2.587750101955644
2022-09-04 13:30:00,0.0,0.6394626430672912,5.905953925346062,359.7640273929123,0.106,-2.6555443751991983
2022-09-04 14:00:00,0.0,0.6729705771424759,6.209070586091701,378.2285247490024,0.10466666666666667,-2.7268470118307673
2022-09-04 14:30:00,0.0,0.7650008361410624,6.352030470738346,386.93699496502927,0.10466666666666667,-2.801843998798338
2022-09-04 15:00:00,0.0,0.6395285374075089,5.978485726726959,364.18233700194384,0.10366666666666667,-2.8747805058106586
2022-09-04 15:30:00,0.0,0.5221086375633529,6.180372681850385,376.4803780925777,0.10366666666666667,-2.9367050146639233
2022-09-04 16:00:00,0.0,0.3258496009864816,6.065224422525781,369.46606642581753,0.10433333333333333,-2.980964608282876
2022-09-04 16:30:00,0.0,0.4964579635807454,6.2377330401270354,379.9745119390585,0.10433333333333333,-3.0048095503855645
2022-09-04 17:00:00,0.0,0.4660800586106226,5.672306520178618,345.5312831935038,0.10466666666666667,-3.0051656638747595
2022-09-04 17:30:00,0.0,0.5961665993411739,5.891420174964551,358.87869698964994,0.10466666666666667,-2.9729421540498393
2022-09-04 18:00:00,0.0,0.4063005925620375,5.391727670505129,328.43968745202665,0.105,-2.8928368600456116
2022-09-04 18:30:00,0.0,0.3770970790742323,6.209070586091701,378.2285247490024,0.105,-2.75216640763993
2022-09-04 19:00:00,0.0,0.1446246918695121,4.850456791659937,295.46791121649886,0.105,-2.553753856382365
2022-09-04 19:30:00,0.0,0.1032677672396604,4.497753812663581,273.98283940572077,0.105,-2.3223041859584463
2022-09-04 20:00:00,0.0,5.116855206400186e-05,3.7113411902952542,226.0781358147132,0.10566666666666667,-2.098189018368971
2022-09-04 20:30:00,0.0,5.116855206400186e-05,2.99550016649253,182.47233513430177,0.10566666666666667,-1.9212512594375808
2022-09-04 21:00:00,0.0,4.726168961965012e-05,2.2726309264639037,138.43840727803024,0.10533333333333333,-1.8132192578897672
2022-09-04 21:30:00,0.0,0.096648607222531,1.4894441693442086,90.7302088220685,0.10533333333333333,-1.7687648756935406
2022-09-04 22:00:00,0.0,5.020011149155354e-05,1.4894441693442086,90.7302088220685,0.10566666666666667,-1.761841216255882
2022-09-04 22:30:00,0.0,4.934261508920132e-05,0.932815470259916,56.82290357106985,0.10566666666666667,-1.764310282682297
2022-09-04 23:00:00,0.0,0.0701649397243412,1.0778556797235153,65.65809777510837,0.10566666666666667,-1.7628171065798557
2022-09-04 23:30:00,0.0,4.404688760164299e-05,1.0416880217294242,63.454927471750274,0.10566666666666667,-1.759784419760879
2022-09-05 00:00:00,0.0,0.0836505235989481,1.0458636719972143,63.709289218610074,0.10566666666666667,-1.760400451009973
2022-09-05 00:30:00,0.0,0.077882804807175,0.774224528603066,47.16225999008229,0.10566666666666667,-1.761677346211774
2022-09-05 01:00:00,0.0,0.0851178916068911,0.3879968001739347,23.635011923659498,0.10566666666666667,-1.7542252643682732
2022-09-05 01:30:00,0.0,0.0845994658163811,0.6095593350477464,37.131600429624584,0.10566666666666667,-1.7315594822794729
2022-09-05 02:00:00,0.0,0.080302977483006,0.5359624574297052,32.648411188716594,0.10633333333333334,-1.6957388858965834
2022-09-05 02:30:00,0.0,4.775297734356797e-05,0.4621089634332968,28.14959003754595,0.10633333333333334,-1.6551950962005242
2022-09-05 03:00:00,0.0,4.8147198269495526e-05,0.499067915223598,30.40096238355018,0.10633333333333334,-1.6184941073303352
2022-09-05 03:30:00,0.0,0.1059925875799979,0.4436052535793101,27.022427641271396,0.10633333333333334,-1.5896011220013604
2022-09-05 04:00:00,0.0,0.0753217376240747,0.5359624574297052,32.648411188716594,0.106,-1.567559501745262
2022-09-05 04:30:00,0.0,0.0725303060646496,0.4805965065759984,29.27576763081744,0.106,-1.5488765504676762
2022-09-05 05:00:00,0.0,0.1066590907009544,0.4436052535793101,27.022427641271396,0.10633333333333334,-1.529273990025709
2022-09-05 05:30:00,0.0,0.0706566169644032,0.3694280994252518,22.503890575737955,0.10633333333333334,-1.503973944283838
2022-09-05 06:00:00,0.0,0.1022701856781939,0.3694280994252518,22.503890575737955,0.10633333333333334,-1.4681649155061591
2022-09-05 06:30:00,0.0,0.0671070154931244,0.3879968001739347,23.635011923659498,0.10633333333333334,-1.4192827199073184
2022-09-05 07:00:00,0.0,4.30646811029607e-05,0.3322416775080966,20.238661777417462,0.106,-1.3608086819794731
2022-09-05 07:30:00,0.0,3.825496551648326e-05,0.8106440530848263,49.38077286182386,0.106,-1.3043149833041223
2022-09-05 08:00:00,0.0,3.756351760627554e-05,1.0278617703517423,62.61269471100449,0.106,-1.2661853191982335
2022-09-05 08:30:00,0.0,0.0372376027620449,1.455776164275206,88.67930608035779,0.106,-1.2607369129684187
2022-09-05 09:00:00,0.0,0.0018784832526626,1.753796668119263,106.83336858471782,0.10633333333333334,-1.2956576493896992
2022-09-05 09:30:00,0.0,0.0019707128265899,2.167639276574255,132.04279036594716,0.10633333333333334,-1.3714678152498403
2022-09-05 10:00:00,0.0,0.0026705120307359,2.6406809494394334,160.85835166321638,0.106,-1.4809457273930708
2022-09-05 10:30:00,0.0,0.0839471951557452,3.5571559414933436,216.6858671355593,0.106,-1.6074637673361425
2022-09-05 11:00:00,0.0,0.0029187860089816,4.079952003750646,248.53224102203052,0.10566666666666667,-1.7275980990403828
2022-09-05 11:30:00,0.0,0.0837744247043111,4.437218803137357,270.295320149609,0.10566666666666667,-1.8212452341395335
2022-09-05 12:00:00,0.0,0.0935365111301598,4.142496083790115,252.3421437759308,0.105,-1.882264478942419
2022-09-05 12:30:00,0.0,0.0147204664550748,4.51413878516275,274.98093789574204,0.105,-1.918903212138188
2022-09-05 13:00:00,0.0,0.1940074076766182,4.651936151595837,283.37493082876335,0.10366666666666667,-1.943914785305324
2022-09-05 13:30:00,0.0,0.3367762758124867,4.590796852309588,279.650600970922,0.10366666666666667,-1.9655665518702097
2022-09-05 14:00:00,0.0,0.4765539564041174,4.849503473592803,295.40983938736605,0.10233333333333333,-1.9876191674372348
2022-09-05 14:30:00,0.0,0.3765244048626423,4.636666855681924,282.4447943151905,0.10233333333333333,-2.0144145148549213
2022-09-05 15:00:00,0.0,0.2321325825905009,4.313596688143353,262.7648194841358,0.102,-2.0519621870341087
2022-09-05 15:30:00,0.0,0.2594810443747354,4.590796852309588,279.650600970922,0.102,-2.102602416038469
2022-09-05 16:00:00,0.0,0.3313401587347664,4.804063986769967,292.64187116602704,0.10266666666666667,-2.1599768096671834
2022-09-05 16:30:00,0.0,0.2542484927861541,4.590796852309588,279.650600970922,0.10266666666666667,-2.211353469032735
2022-09-05 17:00:00,0.0,0.3182381041518484,4.879745881857424,297.2520702501311,0.10266666666666667,-2.245380516156059
2022-09-05 17:30:00,0.0,0.1406528444721262,4.636666855681924,282.4447943151905,0.10266666666666667,-2.25682798791196
2022-09-05 18:00:00,0.0,0.0585816558165963,4.575486090030762,278.7179385137622,0.10333333333333333,-2.2437823332639013
2022-09-05 18:30:00,0.0,4.3344266036965424e-05,4.0486142139874435,246.62328446779503,0.10333333333333333,-2.2022129208395222
2022-09-05 19:00:00,0.0,0.0497804210450897,4.390940204016376,267.47623699855126,0.10333333333333333,-2.1271965116021017
2022-09-05 19:30:00,0.0,4.0868502543514366e-05,4.017232396164048,244.71164592307107,0.10333333333333333,-2.0216990183837087
2022-09-05 20:00:00,0.0,3.8954333049748784e-05,3.3639533584949697,204.91683875490943,0.10333333333333333,-1.9010916346322668
2022-09-05 20:30:00,0.0,3.812437519196803e-05,3.0709415422543085,187.06788286785937,0.10333333333333333,-1.7846788995525928
2022-09-05 21:00:00,0.0,4.019484801603504e-05,2.472915285074011,150.6388254303199,0.10333333333333333,-1.6823919874913114
2022-09-05 21:30:00,0.0,3.5905459563835916e-05,2.150552978802755,131.0019703092365,0.10333333333333333,-1.5908390623091258
2022-09-05 22:00:00,0.0,0.0486367297498853,1.4204415371450274,86.52688025322351,0.10333333333333333,-1.5013329019960222
2022-09-05 22:30:00,0.0,3.2510446819210245e-05,1.0458636719972143,63.709289218610074,0.10333333333333333,-1.4101473907123525
2022-09-05 23:00:00,0.0,0.0391591252006389,0.8470012962743885,51.59549183865942,0.103,-1.321724679378229
2022-09-05 23:30:00,0.0,0.0349299056672724,0.6462621777416391,39.36737176669096,0.103,-1.2443801751622858
2022-09-06 00:00:00,0.0,0.043443572732787,0.6157935458945878,37.511360385463526,0.103,-1.1840636591668752
2022-09-06 00:30:00,0.0,0.0412577551232174,0.5238359199115383,31.90971731622565,0.103,-1.1413982195507173
2022-09-06 01:00:00,0.0,0.0252381834501155,0.394420594213408,24.026320430971985,0.10333333333333333,-1.113048686243687
2022-09-06 01:30:00,0.0,0.0221662329012053,0.2081560346245597,12.67992508734007,0.10333333333333333,-1.0947580040664548
2022-09-06 02:00:00,0.0,0.022540195840125,0.2828591658165881,17.230502297427336,0.10366666666666667,-1.0828189571487552
2022-09-06 02:30:00,0.0,0.0308999347072715,0.2268566300523908,13.819080863156216,0.10366666666666667,-1.073668417034082
2022-09-06 03:00:00,0.0,0.0214916371513604,0.2081560346245597,12.67992508734007,0.10333333333333333,-1.063980838239154
2022-09-06 03:30:00,0.0,2.6044719324839073e-05,0.0767852504324774,4.67741050627021,0.10333333333333333,-1.052272048511187
2022-09-06 04:00:00,0.0,0.0194218894154431,0.1331873420162302,8.1131710756969,0.10366666666666667,-1.0398803241597274
2022-09-06 04:30:00,0.0,2.4339818229124272e-05,0.0390997398867302,2.38177948380136,0.10366666666666667,-1.0293816585321025
2022-09-06 05:00:00,0.0,2.4544708661653435e-05,0.1519545291520052,9.256383317469888,0.10366666666666667,-1.0218037642382063
2022-09-06 05:30:00,0.0,2.3558714866712376e-05,0.0956027366815558,5.823686742751768,0.10366666666666667,-1.015604305954437
2022-09-06 06:00:00,0.0,0.0171360286020441,0.0767852504324774,4.67741050627021,0.104,-1.0083058528609197
2022-09-06 06:30:00,0.0,2.309017886238001e-05,0.0956027366815558,5.823686742751768,0.104,-0.9991307755156096
2022-09-06 07:00:00,0.0,2.2593081150686816e-05,0.0202316469313166,1.2324205154335763,0.104,-0.9907667145002454
2022-09-06 07:30:00,0.0,2.2199859468317535e-05,0.0013466162446314,0.0820297770089624,0.104,-0.9892281111081886
2022-09-06 08:00:00,0.0,2.3224081724526502e-05,0.0956027366815558,5.823686742751768,0.104,-1.0018325642159926
2022-09-06 08:30:00,0.0,2.299012349826155e-05,0.2828591658165881,17.230502297427336,0.104,-1.034815717053693
2022-09-06 09:00:00,0.0,2.299012349826155e-05,0.3201118134451843,19.499765266851448,0.10433333333333333,-1.0924471413113015
2022-09-06 09:30:00,0.0,2.492425274865588e-05,0.4869408011901454,29.66223339235298,0.10433333333333333,-1.176991300170266
2022-09-06 10:00:00,0.0,2.79581500579373e-05,0.7621014377385186,46.42377607215632,0.10433333333333333,-1.286974222998516
2022-09-06 10:30:00,0.0,3.3716191316882116e-05,1.67193045287493,101.84644866017904,0.10433333333333333,-1.4143482142945103
2022-09-06 11:00:00,0.0,3.6580953183153445e-05,2.4944593919984768,151.95119507825535,0.104,-1.5450619346047527
2022-09-06 11:30:00,0.0,3.970431208349552e-05,3.124278081677103,190.3169038511751,0.104,-1.6650249598179994
2022-09-06 12:00:00,0.0,0.0658291667687966,3.720669972782655,226.6464030922374,0.10333333333333333,-1.767091040600785
2022-09-06 12:30:00,0.0,0.1540661850564118,4.099120637082017,249.6999075521259,0.10333333333333333,-1.8534568931676472
2022-09-06 13:00:00,0.0,0.2113629717223057,4.455887283126574,271.43251959801665,0.10233333333333333,-1.9327257175700048
2022-09-06 13:30:00,0.0,0.2223826123961245,4.746396463555015,289.1290262194133,0.10233333333333333,-2.0143684279232588
2022-09-06 14:00:00,0.0,0.1429570621538723,4.943035067556134,301.107361474072,0.10133333333333333,-2.103443552965103
2022-09-06 14:30:00,0.0,0.2652399609487296,4.958090661000378,302.0244801987959,0.10133333333333333,-2.198100298291503
2022-09-06 15:00:00,0.0,0.2599265417324016,5.093143586444863,310.25129418740244,0.10133333333333333,-2.291931923609923
2022-09-06 15:30:00,0.0,0.1490565752888109,5.2868153488810465,322.0489028594413,0.10133333333333333,-2.3801480515235
2022-09-06 16:00:00,0.0,0.228647823823801,5.390422908032837,328.36020721771456,0.10166666666666667,-2.463471716577727
2022-09-06 16:30:00,0.0,0.2387357502766981,5.257126615883244,320.2403993921786,0.10166666666666667,-2.543042538792992
2022-09-06 17:00:00,0.0,0.2414503138349784,5.640105158365086,343.56972173196664,0.10133333333333333,-2.608902582396998
2022-09-06 17:30:00,0.0,0.2600827467864915,5.360868669605711,326.55989655199085,0.10133333333333333,-2.6346718613705455
2022-09-06 18:00:00,0.0,0.1951045711490993,5.078177287387624,309.3396148732629,0.10166666666666667,-2.587815397827266
2022-09-06 18:30:00,0.0,0.1859737255341273,5.137983485874483,312.9827382539506,0.10166666666666667,-2.4504540167484
2022-09-06 19:00:00,0.0,0.0750479162969992,4.88271252853986,297.4327849613896,0.10133333333333333,-2.235611161056431
2022-09-06 19:30:00,0.0,0.0649940587400158,3.910698657737191,238.22209194514645,0.10133333333333333,-1.986221833425239
2022-09-06 20:00:00,0.0,0.0611823450652257,3.124278081677103,190.3169038511751,0.10166666666666667,-1.7556273345791444
2022-09-06 20:30:00,0.0,0.091250141788811,2.35951990985208,143.73129154278084,0.10166666666666667,-1.5822668201554226
2022-09-06 21:00:00,0.0,0.0829802109788854,1.8978047404622955,115.6056896590282,0.10166666666666667,-1.4763636879513802
2022-09-06 21:30:00,0.0,0.0981227359180014,1.5668762585849394,95.4470218258307,0.10166666666666667,-1.425084221565435
2022-09-06 22:00:00,0.0,0.0940250889117574,1.3374803485780822,81.47325950145002,0.102,-1.4072685497961464
2022-09-06 22:30:00,0.0,0.0895995986746236,1.0157418220486971,61.87440222372574,0.102,-1.4053772704731171
2022-09-06 23:00:00,0.0,0.0908791609648624,0.8711748288823429,53.068034218312675,0.102,-1.4094165594887025
2022-09-06 23:30:00,0.0,0.1002335442972539,0.7985214468554843,48.64231846568481,0.102,-1.4148540308119884
2022-09-07 00:00:00,0.0,0.0915721234865081,0.7317444932963757,44.574568182982304,0.10233333333333333,-1.4190757979016049
2022-09-07 00:30:00,0.0,0.0787537722702386,0.6403404005814526,39.006643859328015,0.10233333333333333,-1.4194246717559087
2022-09-07 01:00:00,0.0,0.0870198481409926,0.5301329607524589,32.2933045914099,0.10233333333333333,-1.413259656453124
2022-09-07 01:30:00,0.0,0.0750012807686111,0.4748134951524954,28.92349270512764,0.10233333333333333,-1.398913077747962
2022-09-07 02:00:00,0.0,0.0668730897786721,0.4378533615250202,26.672048366942843,0.10233333333333333,-1.376422189520667
2022-09-07 02:30:00,0.0,0.0482875134169929,0.4008285358077846,24.416663278957618,0.10233333333333333,-1.347565689213888
2022-09-07 03:00:00,0.0,0.0461101841765293,0.4563414987223314,27.798262147336946,0.10266666666666667,-1.3154137970639546
2022-09-07 03:30:00,0.0,0.044334209011841,0.2707284427470543,16.491553460059315,0.10266666666666667,-1.2836373281520557
2022-09-07 04:00:00,0.0,0.0399719262300454,0.5301329607524589,32.2933045914099,0.103,-1.255337983015141
2022-09-07 04:30:00,0.0,0.039828218606241,0.4378533615250202,26.672048366942843,0.103,-1.2317486472254229
2022-09-07 05:00:00,0.0,0.0398523911378093,0.2707284427470543,16.491553460059315,0.10266666666666667,-1.2121731305611685
2022-09-07 05:30:00,0.0,0.0379806728149995,0.3637387590146232,22.157321664904966,0.10266666666666667,-1.1957244435566583
2022-09-07 06:00:00,0.0,0.0385309652084118,0.2707284427470543,16.491553460059315,0.10266666666666667,-1.183237965333236
2022-09-07 06:30:00,0.0,0.0368301534938419,0.3637387590146232,22.157321664904966,0.10266666666666667,-1.1775830727520862
2022-09-07 07:00:00,0.0,0.0396747172014361,0.4193490513288077,25.544849400532502,0.103,-1.1829948117518825
2022-09-07 07:30:00,0.0,3.271019973049637e-05,0.4748134951524954,28.92349270512764,0.103,-1.205232965830045
2022-09-07 08:00:00,0.0,3.2153923140210136e-05,1.003621735940824,61.13610134199953,0.10266666666666667,-1.2526802197518077
2022-09-07 08:30:00,0.0,3.3798281318612486e-05,1.360815597215752,82.89473740937514,0.10266666666666667,-1.3356719156383687
2022-09-07 09:00:00,0.0,3.611513670987334e-05,1.7643604673564164,107.47686750227936,0.10266666666666667,-1.460823443747744
2022-09-07 09:30:00,0.0,0.0748168155092812,2.799520183292001,170.53412008287194,0.10266666666666667,-1.622027990701925
2022-09-07 10:00:00,0.0,0.1368342225871978,4.13385304549238,251.8156489359423,0.24833333333333338,-1.797072075821868
2022-09-07 10:30:00,0.0,0.1722277212666032,4.474512768629126,272.567100016565,0.24833333333333338,-1.9570339676437056
2022-09-07 11:00:00,0.0,0.1544869122408673,4.749446659001199,289.3148303438487,0.24633333333333338,-2.0819900063586987
2022-09-07 11:30:00,0.0,0.1846382578703975,5.006071216477781,304.9472388408874,0.24633333333333338,-2.168209993570632
2022-09-07 12:00:00,0.0,0.4944388709799914,5.080999754946455,309.5115468437771,0.25733333333333336,-2.2218734978033474
2022-09-07 12:30:00,0.0,0.5235139787379894,5.274666901292221,321.30887432444536,0.25733333333333336,-2.2492124945563257
2022-09-07 13:00:00,0.0,0.5538887631868956,5.569444538220897,339.2653960290423,0.25499999999999995,-2.253547308412585
2022-09-07 13:30:00,0.0,0.5220432866864103,5.110902146466661,311.33306542282,0.25499999999999995,-2.239226147629785
2022-09-07 14:00:00,0.0,0.5505306663409455,5.274666901292221,321.30887432444536,0.25333333333333335,-2.215539499404025
2022-09-07 14:30:00,0.0,0.4948805301557301,5.363499896039655,326.72017897728983,0.25333333333333335,-2.1952675419848866
2022-09-07 15:00:00,0.0,0.38050589551676,4.734260111008583,288.3897344597491,0.25499999999999995,-2.188216293965695
2022-09-07 15:30:00,0.0,0.3052470765644063,5.185486651357184,315.8764164546262,0.25499999999999995,-2.1955872126200324
2022-09-07 16:00:00,0.0,0.5373103794602021,5.095955865417529,310.42260551528403,0.25733333333333336,-2.210555574761494
2022-09-07 16:30:00,0.0,0.4992069996773167,5.0210767077201455,305.861305565857,0.25733333333333336,-2.2225963937303876
2022-09-07 17:00:00,0.0,0.4871895466558533,5.215252186822732,317.6895983811961,0.256,-2.2195340679323063
2022-09-07 17:30:00,0.0,0.4937457936623716,4.794945192401668,292.0863954158983,0.256,-2.188829435506593
2022-09-07 18:00:00,0.0,0.4395704320532747,5.437264462860048,331.2135830867103,0.2543333333333333,-2.123593977624414
2022-09-07 18:30:00,0.0,0.1978104145499795,4.44375641886761,270.6935621600265,0.2543333333333333,-2.029640502287839
2022-09-07 19:00:00,0.0,0.0927628820615222,3.436530772066268,209.33792685248403,0.25266666666666665,-1.92417914308235
2022-09-07 19:30:00,0.0,4.672412775595169e-05,2.782941130877765,169.52419912136455,0.25266666666666665,-1.82591967724106
2022-09-07 20:00:00,0.0,4.619204375556081e-05,2.1604870715712408,131.607110354022,0.25133333333333335,-1.745626178289553
2022-09-07 20:30:00,0.0,0.085868097246069,1.572306017744203,95.77777821973464,0.25133333333333335,-1.683478000969484
2022-09-07 21:00:00,0.0,0.0879907388744611,1.2898526110218955,78.57199293292996,0.2503333333333333,-1.6320223594404988
2022-09-07 21:30:00,0.0,0.1257465014647787,1.111408376077428,67.70197643091211,0.2503333333333333,-1.5809175575653724
2022-09-07 22:00:00,0.0,0.0693522595131681,1.2186535583671945,74.23486835434387,0.24899999999999997,-1.5213736134083444
2022-09-07 22:30:00,0.0,3.948357461039692e-05,0.8409126805762156,51.22460088141342,0.24899999999999997,-1.449743742132212
2022-09-07 23:00:00,0.0,3.795069047326455e-05,0.6769492903282558,41.2366920073791,0.24833333333333338,-1.3693008764531336
2022-09-07 23:30:00,0.0,0.0404200292198701,0.5853083108250491,35.65433761094294,0.24833333333333338,-1.288953523449798
2022-09-08 00:00:00,0.0,0.0345173603914434,0.4995822789614247,30.43229509833335,0.2476666666666667,-1.2188833508797898
2022-09-08 00:30:00,0.0,3.4657089110898426e-05,0.4442137027076563,27.059491612925175,0.2476666666666667,-1.165270415315556
2022-09-08 01:00:00,0.0,0.03077659492263,0.3886998307406045,23.677837369174735,0.24633333333333338,-1.1274629393736542
2022-09-08 01:30:00,0.0,3.3352570329917715e-05,0.2399458405656674,14.61641642472244,0.24633333333333338,-1.0998350415951843
2022-09-08 02:00:00,0.0,3.2749591528663496e-05,0.2772326998970827,16.88776341649853,0.246,-1.0769306053846313
2022-09-08 02:30:00,0.0,0.0230463162980789,0.1276881026347043,7.778182260595446,0.246,-1.0571954593206765
2022-09-08 03:00:00,0.0,0.0250317550043267,0.090135575546052,5.490651989454131,0.24500000000000002,-1.041607871379261
2022-09-08 03:30:00,0.0,0.0295658302720801,0.0148289729185325,0.903314026270376,0.24500000000000002,-1.0288693745009354
2022-09-08 04:00:00,0.0,3.331269792334119e-05,0.1838916897289892,11.201850833455742,0.24466666666666667,-1.0129826685100891
2022-09-08 04:30:00,0.0,3.1563964136589964e-05,0.090135575546052,5.490651989454131,0.24466666666666667,-0.9868337927394132
2022-09-08 05:00:00,0.0,2.959832938613145e-05,0.1838916897289892,11.201850833455742,0.244,-0.9485305833771416
2022-09-08 05:30:00,0.0,2.9561549455001053e-05,-0.0040398666094721,-0.2460904199263113,0.244,-0.9207922145601738
2022-09-08 06:00:00,0.0,2.9221308170873098e-05,0.0148289729185325,0.903314026270376,0.2436666666666667,-0.8930538457432059
2022-09-08 06:30:00,0.0,2.8623806350329834e-05,0.0148289729185325,0.903314026270376,0.2436666666666667,-0.865315476926238
2022-09-08 07:00:00,0.0,2.832677525430342e-05,0.03368090255202,2.0516883980995417,0.24300000000000002,-0.83757710810927
2022-09-08 07:30:00,0.0,0.0244711513606702,0.0525159566880559,3.199034790874987,0.24300000000000002,-0.8098387392923021
2022-09-08 08:00:00,0.0,2.9410165143584247e-05,0.2958514567886498,18.021933958468548,0.24266666666666667,-0.7821003704753342
2022-09-08 08:30:00,0.0,2.9146910777830966e-05,0.7742757529362736,47.165380345006874,0.24266666666666667,-0.7543620016583663
2022-09-08 09:00:00,0.0,0.0487556270628816,1.1350979654584583,69.14503917585294,0.2416666666666667,-1.4603347137651843
2022-09-08 09:30:00,0.0,0.0026804906833986,1.4723225175229544,89.68723515639219,0.2416666666666667,-1.4709256853981565
2022-09-08 10:00:00,0.0,0.0077516573894903,1.7174545985520648,104.61957391639544,0.24033333333333337,-1.481516657031129
2022-09-08 10:30:00,0.0,0.0572152033950815,1.821662426275712,110.96744392378454,0.24033333333333337,-1.4921076286641008
2022-09-08 11:00:00,0.0,0.1041187856625167,2.1654340086342594,131.9084554074287,0.23900000000000002,
2022-09-08 11:30:00,0.0,0.0821108359799412,2.503839051505115,152.52256155390637,0.23900000000000002,
2022-09-08 12:00:00,0.0,0.0996235195450029,3.376061735050871,205.6544263436385,0.23666666666666666,
2022-09-08 12:30:00,0.0,0.1247478795871501,3.440507331652711,209.5801608946168,0.23666666666666666,
2022-09-08 13:00:00,0.0,0.2277151124801851,4.121727434796092,251.07701152125247,0.233,-1.5450624868289615
2022-09-08 13:30:00,0.0,0.2815295876775305,4.339105001548022,264.31867067878875,0.233,-1.555653458461934
2022-09-08 14:00:00,0.0,0.2347274457657328,4.168486279119126,253.92534904005677,0.229,-1.566244430094906
2022-09-08 14:30:00,0.0,0.2551703551579567,4.012241629409663,244.40763096290848,0.229,-1.5768354017278785
2022-09-08 15:00:00,0.0,0.2482098397794664,3.917967388165382,238.6648701594594,0.225,-1.5874263733608505
2022-09-08 15:30:00,0.0,0.1552825786093138,3.1815883866508123,193.807988676604,0.225,-1.5683782395140655
2022-09-08 16:00:00,0.0,0.1997009922699739,3.2952394320124068,200.7310968338194,0.2233333333333333,-1.5588706136388557
2022-09-08 16:30:00,0.0,0.0592096700076946,3.440507331652711,209.5801608946168,0.2233333333333333,-1.5492720519514438
2022-09-08 17:00:00,0.0,3.453450868479409e-05,3.3437683100617193,203.68725680942524,0.22199999999999998,-1.5280224972892351
2022-09-08 17:30:00,0.0,0.0621190542720657,3.067347776485495,186.848966895463,0.22199999999999998,-1.488732317659927
2022-09-08 18:00:00,0.0,0.1811956269035921,3.376061735050871,205.6544263436385,0.22066666666666665,-1.4286247360858255
2022-09-08 18:30:00,0.0,0.0860804777774619,2.9853823785873264,181.85600521180413,0.22066666666666665,-1.3480466459520477
2022-09-08 19:00:00,0.0,3.267083954047346e-05,2.6043429410610535,158.64480438416655,0.21999999999999997,-1.253249772073889
2022-09-08 19:30:00,0.0,3.2311510725841314e-05,2.250530737867979,137.09216364729502,0.21999999999999997,-1.153916749710203
2022-09-08 20:00:00,0.0,3.0093290408167564e-05,1.7348576048066924,105.67968642286782,0.21966666666666668,-1.05712745301779
2022-09-08 20:30:00,0.0,2.8809982646216876e-05,1.437074166124054,87.54006485697506,0.21966666666666668,-0.9668338436116848
2022-09-08 21:00:00,0.0,2.7664506845837684e-05,1.1886985803874046,72.4101464457923,0.21966666666666668,-0.8877190129022311
2022-09-08 21:30:00,0.0,0.0197924621498197,0.8650561215929836,52.695310217298854,0.21966666666666668,-0.8255742510342423
2022-09-08 22:00:00,0.0,0.01744252175027,0.7196208230055084,43.83604896902304,0.2193333333333333,-0.7827039813305754
2022-09-08 22:30:00,0.0,0.015470217403144,0.4811421772685756,29.309007423825197,0.2193333333333333,-0.7536441892506741
2022-09-08 23:00:00,0.0,0.0227028773326157,0.3886998307406045,23.677837369174735,0.219,-0.7266236328413984
2022-09-08 23:30:00,0.0,0.0234240391514305,0.4811421772685756,29.309007423825197,0.219,-0.6913315958800309
2022-09-09 00:00:00,2.0,0.0100598574664591,0.0403809556826699,2.459825360984477,0.21866666666666665,-0.6470131624029535
2022-09-09 00:30:00,0.6,2.1971071472423815e-05,0.1343060889157075,8.1813200818146,0.21866666666666665,-0.6025984702583743
2022-09-09 01:00:00,1.4,2.0975061376302337e-05,0.1343060889157075,8.1813200818146,0.21799999999999997,-0.5690198875773271
2022-09-09 01:30:00,2.8,0.0043832890870208,0.2464663529013963,15.013616573626337,0.21799999999999997,-0.5520992037837241
2022-09-09 02:00:00,1.2,0.0048503753609342,0.1155545467897823,7.0390608633505165,0.21766666666666667,-0.5510177219132798
2022-09-09 02:30:00,0.0,2.0943965061442254e-05,0.1530409565291482,9.322563564321037,0.21766666666666667,-0.5598966932000585
2022-09-09 03:00:00,0.4,2.081754396936355e-05,0.0967862963526653,5.895783850064242,0.2173333333333333,-0.5702412945178972
2022-09-09 03:30:00,0.0,2.0975061376302337e-05,0.002693229512828,0.1640593727069551,0.2173333333333333,-0.5744647805333022
2022-09-09 04:00:00,0.0,2.0880683040757896e-05,0.059199534848949,3.606168173043612,0.217,-0.5688649566925128
2022-09-09 04:30:00,0.0,2.1039756124614712e-05,0.0780013037055166,4.751486976991622,0.217,-0.5535879315020157
2022-09-09 05:00:00,0.0,2.1326666625175544e-05,0.0967862963526653,5.895783850064242,0.21666666666666665,-0.5304537941773192
2022-09-09 05:30:00,0.0,2.122990299606362e-05,0.1155545467897823,7.0390608633505165,0.21666666666666665,-0.50143279397444
2022-09-09 06:00:00,0.0,2.1165977399399305e-05,0.1530409565291482,9.322563564321037,0.21633333333333335,-0.4685754380050631
2022-09-09 06:30:00,0.0,2.1165977399399305e-05,0.1904608029149236,11.602011526553795,0.21633333333333335,-0.4344986488109437
2022-09-09 07:00:00,0.0,2.1039756124614712e-05,0.2278143543482987,13.877421099836557,0.21566666666666667,-0.402636728583488
2022-09-09 07:30:00,0.0,2.0659729196298585e-05,0.2464663529013963,15.013616573626337,0.21566666666666667,-0.3770264689973348
2022-09-09 08:00:00,0.0,2.0471065505252875e-05,0.1904608029149236,11.602011526553795,0.21466666666666667,-0.3617165021694295
2022-09-09 08:30:00,0.0,2.0690509585885414e-05,0.1530409565291482,9.322563564321037,0.21466666666666667,-0.3603925177664757
2022-09-09 09:00:00,0.0,2.072251014379171e-05,0.1904608029149236,11.602011526553795,0.21333333333333335,-0.376420104733456
2022-09-09 09:30:00,0.0,2.1454166441399737e-05,0.2837209617098531,17.282999009266067,0.21333333333333335,-0.4128434730623924
2022-09-09 10:00:00,0.0,2.3289952882876963e-05,0.1717591833290325,10.46279336365624,0.212,-0.4721379539483974
2022-09-09 10:30:00,0.0,2.8104307908220937e-05,0.4505583020942541,27.44597593982132,0.212,-0.5558512075434867
2022-09-09 11:00:00,0.0,3.3151868853285435e-05,1.1408611856730593,69.49610851052194,0.21033333333333334,-0.6638675261266141
2022-09-09 11:30:00,0.0,3.359580809359443e-05,2.0336216889606034,123.879044479876,0.21033333333333334,-0.7933263445644366
2022-09-09 12:00:00,0.0,0.0414707778127442,3.1368937101467065,191.08539093449608,0.20866666666666667,-0.9379642007930544
2022-09-09 12:30:00,0.0,0.0475890961059081,3.953031107454618,240.80079350500617,0.20866666666666667,-1.0894372050061216
2022-09-09 13:00:00,0.0,0.0466904147715254,4.450250594608946,271.08915800260047,0.20666666666666667,-1.24234917118495
2022-09-09 13:30:00,0.0,0.0447325646614113,4.342422503901704,264.52075793221684,0.20666666666666667,-1.3999692756912718
2022-09-09 14:00:00,0.0,0.0725449461774777,4.342422503901704,264.52075793221684,0.20466666666666666,-1.570918019968203
2022-09-09 14:30:00,0.0,0.0836638332011476,4.66436895474185,284.1322810194577,0.20466666666666666,-1.75332923885418
2022-09-09 15:00:00,0.0,0.0932995368620072,5.161194953232167,314.3966759655981,0.19966666666666666,-1.9221955003031377
2022-09-09 15:30:00,0.0,0.0931953668534714,5.324418700612857,324.33952913819536,0.19966666666666666,-2.038871849131626
2022-09-09 16:00:00,0.0,0.0977230122419544,5.116475691254673,311.6725805875396,0.19600000000000004,-2.07752573333319
2022-09-09 16:30:00,0.0,0.0882363411479246,5.176081872932532,315.3035198479883,0.19600000000000004,-2.041911700743319
2022-09-09 17:00:00,0.0,0.1152216692648094,4.496304777812354,273.8945707499711,0.19366666666666668,-1.9557037529928136
2022-09-09 17:30:00,0.0,0.1501921496193425,4.3732833776762154,266.4006629193408,0.19366666666666668,-1.836848077186952
2022-09-09 18:00:00,0.0,0.1098748305538788,3.8743316808158057,236.00678003334951,0.19299999999999998,-1.681803368775082
2022-09-09 18:30:00,0.0,0.129701043632166,3.9373134362307134,239.8433439935086,0.19299999999999998,-1.4768930724712224
2022-09-09 19:00:00,0.0,0.0421510375141106,3.556719507235276,216.6592815325629,0.19199999999999998,-1.2270558578974542
2022-09-09 19:30:00,0.0,0.0350866072443553,3.0715896717051265,187.1073639854647,0.19199999999999998,-0.9700773543309904
2022-09-09 20:00:00,0.0,0.0309649828413614,2.7089026079019995,165.01410684081512,0.19199999999999998,-0.7564755346679516
2022-09-09 20:30:00,0.0,0.0280363800053018,2.2893166802640854,139.45482800584486,0.19199999999999998,-0.6149958837395267
2022-09-09 21:00:00,0.0,0.0271779285788859,1.8268679822305944,111.28454287152783,0.19199999999999998,-0.5396149648042617
2022-09-09 21:30:00,0.0,0.0192779531644466,1.530530783771621,93.23301972530112,0.19199999999999998,-0.505221314783995
2022-09-09 22:00:00,0.0,0.0166468284838306,1.2833810841430973,78.17777675672409,0.19166666666666665,-0.4890575683620198
2022-09-09 22:30:00,0.0,0.0161080412426057,1.1229791823649755,68.40681766787579,0.19166666666666665,-0.4791829803141009
2022-09-09 23:00:00,0.0,2.423717327478117e-05,0.9793811453402465,59.659474092433655,0.19199999999999998,-0.4714620548585625
2022-09-09 23:30:00,0.0,2.2790967230116472e-05,0.7985118188663866,48.64173197209253,0.19199999999999998,-0.464619349164795
2022-09-10 00:00:00,0.0,0.0135173413117877,0.7500294087857795,45.68840261517719,0.19166666666666665,-0.4581193603233774
2022-09-10 00:30:00,0.0,2.2362560540125316e-05,0.7500294087857795,45.68840261517719,0.19166666666666665,-0.451754064003081
2022-09-10 01:00:00,0.0,2.2790967230116472e-05,0.5672911432397694,34.55681317126261,0.19166666666666665,-0.4450218391467739
2022-09-10 01:30:00,0.0,2.2857211376259688e-05,0.5489304069503808,33.438360078524916,0.19166666666666665,-0.4364948327890453
2022-09-10 02:00:00,0.0,2.249461350944277e-05,0.4937525095063215,30.077171884632147,0.19166666666666665,-0.4247476025813848
2022-09-10 02:30:00,0.0,2.2264834702587182e-05,0.5305537436505101,32.318936784274,0.19166666666666665,-0.4103049950677184
2022-09-10 03:00:00,0.0,0.0102608562809181,0.5305537436505101,32.318936784274,0.19166666666666665,-0.3961071053390571
2022-09-10 03:30:00,0.0,0.0106574806935069,0.5672911432397694,34.55681317126261,0.19166666666666665,-0.3857917545830529
2022-09-10 04:00:00,0.0,2.1906731267520072e-05,0.5672911432397694,34.55681317126261,0.19166666666666665,-0.3822267477660182
2022-09-10 04:30:00,0.0,2.213377890361061e-05,0.5672911432397694,34.55681317126261,0.19166666666666665,-0.3874255516853562
2022-09-10 05:00:00,0.0,2.2199859468317535e-05,0.5672911432397694,34.55681317126261,0.19133333333333333,-0.4017967389260988
2022-09-10 05:30:00,0.0,2.2857211376259688e-05,0.6588570193338448,40.134592607365256,0.19133333333333333,-0.422644591641319
2022-09-10 06:00:00,0.0,0.0123707338446694,0.913160375856956,55.62560403054179,0.19133333333333333,-0.444770223431461
2022-09-10 06:30:00,0.0,2.2625974081235195e-05,0.6771228521752277,41.24726461086664,0.19133333333333333,-0.462880566950813
2022-09-10 07:00:00,0.0,0.029348829831228,0.512161121734857,31.198541363257775,0.19099999999999998,-0.4731146449372256
2022-09-10 07:30:00,0.0,0.0427469447113179,0.877017015341379,53.4239138197879,0.19099999999999998,-0.4761601739786383
2022-09-10 08:00:00,0.0,0.0171081649800733,0.7136074237978628,43.46973986051824,0.19099999999999998,-0.4841609207797258
2022-09-10 08:30:00,0.0,2.4134842509367325e-05,1.0032513073462506,61.113536505780054,0.19099999999999998,-0.5219699434924336
2022-09-10 09:00:00,0.0,2.5903426022643787e-05,1.1822993747165071,72.0203357507922,0.19066666666666665,-0.6129697393558814
2022-09-10 09:30:00,0.0,0.0278230508867325,2.004354668787522,122.09622985240829,0.19066666666666665,-0.7590512826584479
2022-09-10 10:00:00,0.0,0.0849786200082399,3.010369828856003,183.3781277777049,0.18933333333333335,-0.9365524762236692
2022-09-10 10:30:00,0.0,0.0946128797299129,4.019329659629248,244.83940173699747,0.18933333333333335,-1.114778764290378
2022-09-10 11:00:00,0.0,0.1077330351027464,4.999645516152261,304.5558142112424,0.18766666666666668,-1.2773102058361103
2022-09-10 11:30:00,0.0,0.1243037742067918,5.341820575550606,325.39957272995525,0.18766666666666668,-1.4242474725372931
2022-09-10 12:00:00,0.0,0.3796760997415493,5.8384449053313805,355.6516829295397,0.18500000000000003,-1.5596580658930272
2022-09-10 12:30:00,0.0,0.3480753516022157,6.068492530631982,369.66514480487433,0.18500000000000003,-1.6833603306532638
2022-09-10 13:00:00,0.0,0.3809633108830637,6.253736505287788,380.9493707258441,0.18033333333333335,-1.7930225464225285
2022-09-10 13:30:00,0.0,0.2909368666866149,6.479719533000212,394.71523568177537,0.18033333333333335,-1.8876852477979664
2022-09-10 14:00:00,0.0,0.3260813605484666,6.352874238826626,386.988393504446,0.17566666666666667,-1.9654047841081703
2022-09-10 14:30:00,0.0,0.3544314310952561,6.423429106016605,391.28627721523895,0.17566666666666667,-2.017303228417305
2022-09-10 15:00:00,0.0,0.3180369127318826,6.633821665363177,404.1024412830259,0.17233333333333334,-2.027014759210962
2022-09-10 15:30:00,0.0,0.1449889725677308,6.409335226305855,390.4277417457071,0.17233333333333334,-1.9815426346423144
2022-09-10 16:00:00,0.0,0.1170356982401558,6.296275894368596,383.54067809667646,0.17066666666666666,-1.885805196314072
2022-09-10 16:30:00,0.0,0.2424406612707754,6.423429106016605,391.28627721523895,0.17066666666666666,-1.7636528576452006
2022-09-10 17:00:00,0.0,0.3078686098157009,6.465659665024714,393.8587720534748,0.16933333333333334,-1.6400944450959885
2022-09-10 17:30:00,0.0,0.2775324380487463,6.082794763441012,370.53637220372104,0.16933333333333334,-1.5209801369589837
2022-09-10 18:00:00,0.0,0.235602709998524,6.310438402167097,384.4033940792218,0.16766666666666666,-1.3903418905146014
2022-09-10 18:30:00,0.0,0.2129471717605469,6.16842317286457,375.7524679983836,0.16766666666666666,-1.2279369417528383
2022-09-10 19:00:00,0.0,0.10026019221029,5.6206696996782615,342.38580140685326,0.16833333333333333,-1.0312177498422257
2022-09-10 19:30:00,0.0,0.0972932138521181,5.044569929321804,307.2924064729558,0.16833333333333333,-0.8228421193867774
2022-09-10 20:00:00,0.0,0.1045460283674399,4.081869186195461,248.6490271138816,0.169,-0.6368361212612925
2022-09-10 20:30:00,0.0,0.0866051462170739,3.448424805973385,210.06245765554505,0.169,-0.4958503267026867
2022-09-10 21:00:00,0.0,3.829855783190538e-05,2.779747116300519,169.329634185304,0.16933333333333334,-0.4004607399301357
2022-09-10 21:30:00,0.0,3.670817500645024e-05,2.243285266621227,136.65080227721995,0.16933333333333334,-0.3371941522824396
2022-09-10 22:00:00,0.0,3.700612199468409e-05,1.849351238375077,112.65412124645084,0.16933333333333334,-0.2927428308520412
2022-09-10 22:30:00,0.0,0.047844018599244,1.6758089481165634,102.08270906552455,0.16933333333333334,-0.2605190980033786
2022-09-10 23:00:00,0.0,0.0446685970245527,1.518415457125898,92.49500876850372,0.169,-0.2381682376182302
2022-09-10 23:30:00,0.0,0.0696515033668266,1.289012311769487,78.52080569932076,0.169,-0.2228842264505166
2022-09-11 00:00:00,0.0,0.0675009019849391,1.1344910265428052,69.1080671995326,0.16933333333333334,-0.2100354253616945
2022-09-11 00:30:00,0.0,0.0400561979384843,1.1166236130077671,68.01966509993727,0.16933333333333334,-0.1955031983861268
2022-09-11 01:00:00,0.0,0.0363988912043911,1.205811605153846,73.4525945902703,0.16933333333333334,-0.1784387177658755
2022-09-11 01:30:00,0.0,0.0493620920427331,0.9010390736927624,54.88722907215923,0.16933333333333334,-0.1610862717574025
2022-09-11 02:00:00,0.0,0.0326186276332983,0.9731431322943594,59.279482523808895,0.16933333333333334,-0.1459837879016373
2022-09-11 02:30:00,0.0,0.0467347014060303,0.9371216173570436,57.0852145951299,0.16933333333333334,-0.1336015270081949
2022-09-11 03:00:00,0.0,0.0307331300702325,0.7742661246909386,47.164793835805774,0.16933333333333334,-0.1224667308086815
2022-09-11 03:30:00,0.0,2.929735908506126e-05,0.737905989767332,44.94989870759837,0.16933333333333334,-0.1113211476684485
2022-09-11 04:00:00,0.0,2.8252483396265985e-05,0.5918394557729425,36.052185450537,0.16933333333333334,-0.1011400204460894
2022-09-11 04:30:00,0.0,0.0327422257275728,0.7014835014791454,42.73120529416112,0.16933333333333334,-0.0944435305270969
2022-09-11 05:00:00,0.0,0.0286640425765163,0.737905989767332,44.94989870759837,0.169,-0.0920365999231922
2022-09-11 05:30:00,0.0,0.0455167266405271,0.6284504819664761,38.28236374126948,0.169,-0.0913485726852091
2022-09-11 06:00:00,0.0,2.7228112823298044e-05,0.7742661246909386,47.164793835805774,0.169,-0.0894731502798238
2022-09-11 06:30:00,0.0,2.6293655713524186e-05,0.719702555095584,43.841027718648334,0.169,-0.0879233908801216
2022-09-11 07:00:00,0.0,0.0223430699976211,0.7560938361198826,46.057820126577894,0.169,-0.0935511628114862
2022-09-11 07:30:00,0.0,0.0241270675791563,0.7014835014791454,42.73120529416112,0.169,-0.1147162365726199
2022-09-11 08:00:00,0.0,0.0374239209145011,0.9010390736927624,54.88722907215923,0.16866666666666666,-0.1572024126059698
2022-09-11 08:30:00,0.0,0.0269675405646382,1.223604623754828,74.5364648866325,0.16866666666666666,-0.2241249363261605
2022-09-11 09:00:00,0.0,0.0243233827965907,1.5588930666286198,94.9607218434806,0.168,-0.3186634840167091
2022-09-11 09:30:00,0.0,0.029598949657802,1.9750738913477228,120.3125771944136,0.168,-0.4449161097792309
2022-09-11 10:00:00,0.0,3.404197166659722e-05,2.7841877465738536,169.60013731680348,0.16766666666666666,-0.604546242790766
2022-09-11 10:30:00,0.0,4.264827435817648e-05,4.240829039216925,258.332143108295,0.16766666666666666,-0.7914343476095721
2022-09-11 11:00:00,0.0,4.854528869139523e-05,5.403380230248195,329.14950874010185,0.16566666666666666,-0.9885253295393956
2022-09-11 11:30:00,0.0,5.271896934399469e-05,5.984680386497729,364.5596876849379,0.16566666666666666,-1.170667045220418
2022-09-11 12:00:00,0.0,0.2025549958080286,6.084917007296538,370.6656497101536,0.16333333333333333,-1.3145843010053422
2022-09-11 12:30:00,0.0,0.3439646433131181,6.042011635353841,368.052048317049,0.16333333333333333,-1.4104495363497207
2022-09-11 13:00:00,0.0,0.3163212505917438,6.184721486193318,376.7452876033077,0.15933333333333333,-1.465110316449315
2022-09-11 13:30:00,0.0,0.3228423980215333,6.198944254883886,377.6116744071121,0.15933333333333333,-1.4937831127986183
2022-09-11 14:00:00,0.0,0.2705642811867416,6.453476369452104,393.1166207367654,0.15566666666666665,-1.5082436100984529
2022-09-11 14:30:00,0.0,0.4371568474935954,6.649541172248794,405.0600026147406,0.15566666666666665,-1.5124273358065357
2022-09-11 15:00:00,0.0,0.5336705707297587,6.481586661734465,394.828972727744,0.15266666666666664,-1.507709810741819
2022-09-11 15:30:00,0.0,0.3963438536900215,6.481586661734465,394.828972727744,0.15266666666666664,-1.4984450460243233
2022-09-11 16:00:00,0.0,0.553012566417223,6.579706822922202,400.8060095965634,0.152,-1.4891281831347531
2022-09-11 16:30:00,0.0,0.5451856136705813,6.593690392897981,401.6578254954695,0.152,-1.4775034713791857
2022-09-11 17:00:00,0.0,0.2087726848430019,6.397153858435359,389.68570785590026,0.15166666666666664,-1.4530512699438063
2022-09-11 17:30:00,0.0,0.3637204386876744,6.227363661962282,379.3428562747463,0.15166666666666664,-1.4022969437978647
2022-09-11 18:00:00,0.0,0.1760369905622488,5.739421263603111,349.6196101085199,0.15066666666666664,-1.3165433928802446
2022-09-11 18:30:00,0.0,0.1847773925218573,5.6230948664676355,342.5335316096746,0.15066666666666664,-1.1984848063446132
2022-09-11 19:00:00,0.0,0.187634552779093,5.0921872306899605,310.19303731605646,0.15033333333333332,-1.0635659532281292
2022-09-11 19:30:00,0.0,0.1822110217347577,4.59438991306736,279.86947399723124,0.15033333333333332,-0.9327172656488696
2022-09-11 20:00:00,0.0,0.1952419489356676,4.17876764251117,254.55164324210563,0.15166666666666664,-0.8209521876979049
2022-09-11 20:30:00,0.0,0.1451247906844759,3.3880624888740876,206.38545804178003,0.15166666666666664,-0.7316149556262718
2022-09-11 21:00:00,0.0,0.1459621845134522,2.7344889228829112,166.5727095390468,0.15166666666666664,-0.6598051539398745
2022-09-11 21:30:00,0.0,0.1721801758951349,2.2650918715262485,137.97916211604763,0.15166666666666664,-0.5993125348730391
2022-09-11 22:00:00,0.0,0.1321924842033225,2.1120367230950685,128.6557340451802,0.15166666666666664,-0.5461117150297427
2022-09-11 22:30:00,0.0,0.1385841263618097,1.8026407191888631,109.80872747662704,0.15166666666666664,-0.4972299821124285
2022-09-11 23:00:00,0.0,0.0942682079901635,1.6985152306070008,103.46587319771042,0.15166666666666664,-0.448829780504476
2022-09-11 23:30:00,0.0,0.0828998117859895,1.6462630722297544,100.2829078079713,0.15166666666666664,-0.3969162977570754
2022-09-12 00:00:00,0.0,0.075088493366538,1.7359386404135613,105.74553822743628,0.15166666666666664,-0.3400662574774856
2022-09-12 00:30:00,0.0,4.6385317006308536e-05,1.419489355913058,86.46887767495228,0.15166666666666664,-0.2811025132654196
2022-09-12 01:00:00,0.0,0.0804569234412902,1.4902153639727689,90.77718651423842,0.15166666666666664,-0.226230848196298
2022-09-12 01:30:00,0.0,0.0954894046836253,1.098299798877596,66.90346113830829,0.15166666666666664,-0.1823479013388707
2022-09-12 02:00:00,0.0,0.0919158224536813,0.9901546389942744,60.315746646378095,0.15133333333333332,-0.1537035642245413
2022-09-12 02:30:00,0.0,0.0804571337142955,1.0442957601731695,63.61377911481558,0.15133333333333332,-0.1394474649828852
2022-09-12 03:00:00,0.0,0.0824683789607169,1.0442957601731695,63.61377911481558,0.151,-0.1339414383969908
2022-09-12 03:30:00,0.0,0.0762272333685154,0.9358756334576824,57.00931488589288,0.151,-0.1300131423021564
2022-09-12 04:00:00,0.0,0.0394985844992982,0.9539840055688936,58.11239509319016,0.151,-0.1226556126641868
2022-09-12 04:30:00,0.0,0.0508333763283157,0.9539840055688936,58.11239509319016,0.151,-0.1106181002631685
2022-09-12 05:00:00,0.0,0.0322946281696854,0.808683847459447,49.26136599221077,0.151,-0.095754263491698
2022-09-12 05:30:00,0.0,0.0423286163992367,0.8451020147398556,51.479796189378426,0.151,-0.0817215036104713
2022-09-12 06:00:00,0.0,0.0450754329217019,0.7904513446536457,48.15072430387703,0.15033333333333332,-0.0729517380812787
2022-09-12 06:30:00,0.0,0.0445234812426755,0.6990534068453458,42.5831749093236,0.15033333333333332,-0.0736570051716105
2022-09-12 07:00:00,0.0,0.0425708199710467,0.6807265175041086,41.46678361973165,0.15,-0.0869319749636984
2022-09-12 07:30:00,0.0,0.0355871290047803,0.8269007272721137,50.37105599839442,0.15,-0.1141886480874657
2022-09-12 08:00:00,0.0,0.0254349804980786,1.0442957601731695,63.61377911481558,0.14966666666666664,-0.1545940649597432
2022-09-12 08:30:00,0.0,3.1289254423377296e-05,1.4902153639727689,90.77718651423842,0.14966666666666664,-0.2048938935599885
2022-09-12 09:00:00,0.0,0.0025297971380681,1.9616271149015707,119.49346033185928,0.149,-0.2614896852263433
2022-09-12 09:30:00,0.0,0.0025172817769636,2.150770275557876,131.01520704571462,0.149,-0.3244064766749288
2022-09-12 10:00:00,0.0,0.0093931846585367,2.3721959670475097,144.50345967103513,0.14833333333333332,-0.3981956590787483
2022-09-12 10:30:00,0.0,0.009553422197519,2.6416614712496966,160.91808062146188,0.14833333333333332,-0.4861251803450005
2022-09-12 11:00:00,0.0,0.0192750922067897,3.6875792078250993,224.63066320988725,0.14666666666666664,-0.582320301557958
2022-09-12 11:30:00,0.0,0.0194940484934968,4.671159904473662,284.54595499257397,0.14666666666666664,-0.6711398947694928
2022-09-12 12:00:00,0.0,0.029679338969677,4.7626262819927385,290.1176734250667,0.14466666666666664,-0.7362946913079593
2022-09-12 12:30:00,0.0,0.0299848503930784,4.701689865113896,286.4057022467712,0.14466666666666664,-0.7715429594367109
2022-09-12 13:00:00,0.0,0.0129385499184499,4.671159904473662,284.54595499257397,0.14233333333333334,-0.7833776673245932
2022-09-12 13:30:00,0.0,0.0131151688623427,4.471701335955351,272.3958402413879,0.14233333333333334,-0.7850654417047389
2022-09-12 14:00:00,0.0,0.0309219495748905,4.671159904473662,284.54595499257397,0.14033333333333334,-0.7888735439729552
2022-09-12 14:30:00,0.0,0.0315881308413202,4.5486252609091835,277.08169817290553,0.14033333333333334,-0.8016829012470965
2022-09-12 15:00:00,0.0,0.0116487674682515,4.471701335955351,272.3958402413879,0.138,-0.8238817866204029
2022-09-12 15:30:00,0.0,0.0122674742639393,5.06487234434619,308.5291378608573,0.138,-0.8504033048903864
2022-09-12 16:00:00,0.0,0.0164521317793024,5.019791378517215,305.7830091185062,0.136,-0.8736658254918678
2022-09-12 16:30:00,0.0,0.0165433568192538,4.914253032452615,299.35408994566274,0.136,-0.8862742429319768
2022-09-12 17:00:00,0.0,0.0955999337579535,5.333498878460204,324.89265254435435,0.13566666666666669,-0.8814950691261041
2022-09-12 17:30:00,0.0,0.0479750185131193,5.169714966301226,314.9156766645386,0.13566666666666669,-0.8543772304967547
2022-09-12 18:00:00,0.0,0.0444152726287841,4.270458516449257,260.13703698206933,0.135,-0.8057046030395169
2022-09-12 18:30:00,0.0,3.904253920677047e-05,3.894115166814843,237.2119006097801,0.135,-0.7437591619342948
2022-09-12 19:00:00,0.0,3.769289681728121e-05,3.5113050525298393,213.8928381547095,0.13566666666666669,-0.6798839494979577
2022-09-12 19:30:00,0.0,3.692083777532704e-05,3.219792408758109,196.13520508053548,0.13566666666666669,-0.622462740532145
2022-09-12 20:00:00,0.0,3.577829014767662e-05,2.791786301844853,170.06300697024432,0.137,-0.5750359832494174
2022-09-12 20:30:00,0.0,3.5236327077905795e-05,2.5241800759356328,153.76164485237487,0.137,-0.5379798159236847
2022-09-12 21:00:00,0.0,3.490481344560323e-05,2.0993494553197003,127.88288301905044,0.13733333333333334,-0.5104658973305181
2022-09-12 21:30:00,0.0,3.453450868479409e-05,1.9097542306494064,116.33359860809016,0.13733333333333334,-0.4913864053054003
2022-09-12 22:00:00,0.0,3.404197166659722e-05,1.4725557073123672,89.70144002470754,0.1376666666666667,-0.4796354011896125
2022-09-12 22:30:00,0.0,3.490481344560323e-05,1.4017713524502549,85.38957696185602,0.1376666666666667,-0.4740737459905573
2022-09-12 23:00:00,0.0,3.5236327077905795e-05,1.3307524954268517,81.06342908692422,0.13833333333333334,-0.4728687618786202
2022-09-12 23:30:00,0.0,3.582180858518088e-05,1.2416464129435036,75.63548916314029,0.13833333333333334,-0.472473324631681
2022-09-13 00:00:00,0.0,3.6835678740633714e-05,1.2870188467713193,78.39937281899812,0.1386666666666667,-0.4681329229515059
2022-09-13 00:30:00,0.0,3.662332912531117e-05,1.393375577466928,84.87814428573513,0.1386666666666667,-0.4569715598633524
2022-09-13 01:00:00,0.0,3.556987643811817e-05,1.0727057040665586,65.3443845279781,0.1386666666666667,-0.4402331266436146
2022-09-13 01:30:00,0.0,0.0318012846687457,1.0367768094159462,63.15575860866522,0.1386666666666667,-0.4201958686222955
2022-09-13 02:00:00,0.0,0.0376804871219293,1.2870188467713193,78.39937281899812,0.139,-0.3948330492989292
2022-09-13 02:30:00,0.0,0.0229621711825756,1.1979827365808242,72.9756952911287,0.139,-0.3592247811125114
2022-09-13 03:00:00,0.0,0.0192506522169528,0.8924525601438814,54.36417746446688,0.139,-0.3139237518455678
2022-09-13 03:30:00,0.0,3.2311510725841314e-05,0.783563598502464,47.731153930262245,0.139,-0.2686680823366797
2022-09-13 04:00:00,0.0,3.219286580736566e-05,0.6741138555496433,41.06397013242749,0.13933333333333334,-0.235411226167239
2022-09-13 04:30:00,0.0,3.223346470019411e-05,0.6008325323830852,36.60000304288782,0.13933333333333334,-0.2189964188247462
2022-09-13 05:00:00,0.0,3.219286580736566e-05,0.582472562531734,35.48159663809225,0.13933333333333334,-0.2153542339190212
2022-09-13 05:30:00,0.0,3.1640917004144014e-05,0.5272970157097882,32.12055163347747,0.13933333333333334,-0.216795876703383
2022-09-13 06:00:00,0.0,3.0978191427504694e-05,0.6008325323830852,36.60000304288782,0.13933333333333334,-0.2176186597144626
2022-09-13 06:30:00,0.0,3.0438899716606223e-05,0.6008325323830852,36.60000304288782,0.13933333333333334,-0.2162199667992846
2022-09-13 07:00:00,0.0,3.125105186669438e-05,0.5272970157097882,32.12055163347747,0.1396666666666667,-0.2148408918362852
2022-09-13 07:30:00,0.0,2.9827376435069603e-05,0.5272970157097882,32.12055163347747,0.1396666666666667,-0.2187879888602955
2022-09-13 08:00:00,0.0,3.036082423802096e-05,0.5640966742071593,34.36222055183468,0.13933333333333334,-0.2353545529919645
2022-09-13 08:30:00,0.0,2.9978687075037876e-05,0.8017505238166354,48.83901924374536,0.13933333333333334,-0.2725923983735778
2022-09-13 09:00:00,0.0,3.113345954710823e-05,1.108574202047574,67.52933135507824,0.1386666666666667,-0.3381681694023519
2022-09-13 09:30:00,0.0,3.195645334647196e-05,1.357981978426258,82.72212615627517,0.1386666666666667,-0.4373943846432191
2022-09-13 10:00:00,0.0,0.0063990865050786,2.0378605077044165,124.1372541648717,0.13833333333333334,-0.5697775980456955
2022-09-13 10:30:00,0.0,0.0068695714176379,3.33688668726082,203.26805944264163,0.13833333333333334,-0.7264164683397811
2022-09-13 11:00:00,0.0,0.0219327415927537,4.068518996155761,247.83579385878775,0.13733333333333334,-0.8915368760853694
2022-09-13 11:30:00,0.0,0.0233724558314214,5.048218198600813,307.51464255292206,0.13733333333333334,-1.0482057294913838
2022-09-13 12:00:00,0.0,0.0326145926516177,5.28665532039972,322.0391546474391,0.13566666666666669,-1.1846088925180749
2022-09-13 12:30:00,0.0,0.0331711984791273,5.712579623992346,347.98453870595523,0.13566666666666669,-1.2970115920562533
2022-09-13 13:00:00,0.0,0.0323532510525122,5.900976179329318,359.4608055972532,0.13266666666666668,-1.3880099280347562
2022-09-13 13:30:00,0.0,0.1267322969211002,6.0735256518446405,369.9717398072586,0.13266666666666668,-1.4616847024337254
2022-09-13 14:00:00,0.0,0.1443466127364967,6.130757261591466,373.4580308750459,0.12966666666666668,-1.5188164308876204
2022-09-13 14:30:00,0.0,0.1513606249278036,6.414816696812894,390.7616481612625,0.12966666666666668,-1.5551542550058282
2022-09-13 15:00:00,0.0,0.2961179236555351,6.471214641649326,394.1971561295793,0.12766666666666668,-1.5642494521692305
2022-09-13 15:30:00,0.0,0.2807961841793022,6.259014055841926,381.2708552592703,0.12766666666666668,-1.5431944960239372
2022-09-13 16:00:00,0.0,0.2484238712956978,6.059195615692613,369.0988187543844,0.12633333333333333,-1.496693352590203
2022-09-13 16:30:00,0.0,0.1751802281503774,5.741664239960505,349.7562420934428,0.12633333333333333,-1.4356189669219557
2022-09-13 17:00:00,0.0,0.158669307456273,5.419688679576506,330.1429457843203,0.126,-1.3703823934760209
2022-09-13 17:30:00,0.0,0.0027584296081006,5.1826461347161175,315.70338501557603,0.126,-1.3040992919917405
2022-09-13 18:00:00,0.0,0.0092095049025233,5.033232585913498,306.601786739706,0.125,-1.2314568975362308
2022-09-13 18:30:00,0.0,0.0739376744374697,4.640088005445406,282.6531953004983,0.125,-1.1440639981900071
2022-09-13 19:00:00,0.0,0.0408330909968763,4.36384433205733,265.8256789100647,0.12533333333333332,-1.037001655773693
2022-09-13 19:30:00,0.0,0.0504211345242969,4.068518996155761,247.83579385878775,0.12533333333333332,-0.912315688109715
2022-09-13 20:00:00,0.8,3.351404317298461e-05,2.7302957014647085,166.3172774370982,0.12666666666666668,-0.7798338932199586
2022-09-13 20:30:00,0.8,0.0078652192872404,1.4816047897853466,90.25266924116283,0.12666666666666668,-0.6553155645036461
2022-09-13 21:00:00,0.2,3.2510446819210245e-05,0.8743430639362675,53.26102878229592,0.127,-0.5539579244140708
2022-09-13 21:30:00,0.0,3.2153923140210136e-05,0.6375048425464538,38.83391447615429,0.127,-0.4821023050343654
2022-09-13 22:00:00,0.0,3.219286580736566e-05,0.5272970157097882,32.12055163347747,0.127,-0.4347193305254424
2022-09-13 22:30:00,0.8,3.144557613994091e-05,0.4535052811665004,27.62549258913413,0.127,-0.4010994396006577
2022-09-13 23:00:00,1.0,3.070852557616108e-05,0.3979921061683063,24.243880801577287,0.12733333333333333,-0.3727692209812925
2022-09-13 23:30:00,1.8,3.117315308598607e-05,0.3979921061683063,24.243880801577287,0.12733333333333333,-0.3470108602128577
2022-09-14 00:00:00,1.4,3.0284443149030228e-05,0.317881323466984,19.36389389573,0.12766666666666668,-0.3250406312172723
2022-09-14 00:30:00,0.8,3.00173708846954e-05,0.2435644548545564,14.836846056685062,0.12766666666666668,-0.3082578565631956
2022-09-14 01:00:00,0.2,2.9827376435069603e-05,0.2249442741902878,13.702588784915308,0.12766666666666668,-0.2960602663073366
2022-09-14 01:30:00,0.0,2.9636675311373782e-05,0.1128765490324058,6.875929340361788,0.12766666666666668,-0.2861077675896541
2022-09-14 02:00:00,0.0,2.9146910777830966e-05,0.1315959366850647,8.016229853602773,0.128,-0.2757482199147706
2022-09-14 02:30:00,0.0,2.877237961025713e-05,0.1876545257227334,11.431065800020033,0.128,-0.2630524835235002
2022-09-14 03:00:00,0.0,2.8399713350494872e-05,0.1689848915521541,10.293796044098872,0.128,-0.2470983496666053
2022-09-14 03:30:00,0.0,2.7445699734704247e-05,0.2435644548545564,14.836846056685062,0.128,-0.22808120041162
2022-09-14 04:00:00,0.0,0.002312328219367,0.1876545257227334,11.431065800020033,0.128,-0.2075082964896693
2022-09-14 04:30:00,0.0,0.002453188795153,0.1128765490324058,6.875929340361788,0.128,-0.1878448031894477
2022-09-14 05:00:00,0.0,2.6328952168670433e-05,0.1502987063491742,9.155518074068825,0.12833333333333333,-0.1712908861795502
2022-09-14 05:30:00,0.0,2.5833681681635627e-05,0.0753877851559032,4.592283235993947,0.12833333333333333,-0.1586002567882906
2022-09-14 06:00:00,0.0,2.541114567201921e-05,0.0941405097646755,5.734614485970094,0.12866666666666668,-0.1489094081129834
2022-09-14 06:30:00,0.0,2.5376732589395176e-05,0.1128765490324058,6.875929340361788,0.12866666666666668,-0.1405346595737994
2022-09-14 07:00:00,0.0,2.502899022333993e-05,0.0941405097646755,5.734614485970094,0.12833333333333333,-0.1322266954849913
2022-09-14 07:30:00,0.0,2.4476273743114684e-05,0.0941405097646755,5.734614485970094,0.12833333333333333,-0.1243735899683667
2022-09-14 08:00:00,0.0,2.4476273743114684e-05,0.0378321445116766,2.304563301115481,0.12866666666666668,-0.1194648704614283
2022-09-14 08:30:00,0.0,2.4821185487419337e-05,0.0002093552880072,0.012752978184653,0.12866666666666668,-0.1213225873708484
2022-09-14 09:00:00,0.0,2.5657134418759616e-05,0.0002093552880072,0.012752978184653,0.12833333333333333,-0.1335314871849281
2022-09-14 09:30:00,0.0,2.672229220790163e-05,-0.0186273054238435,-1.134691279930212,0.12833333333333333,-0.1581027762292449
2022-09-14 10:00:00,0.0,0.0059432246615484,-0.0186273054238435,-1.134691279930212,0.12766666666666668,-0.1952678847240651
2022-09-14 10:30:00,0.0,0.0065902680868174,0.3734478451390606,22.748755321615658,0.12766666666666668,-0.244565373571678
2022-09-14 11:00:00,0.0,0.0077682104794096,0.4473100340675293,27.248106128759822,0.12633333333333333,-0.306585351768267
2022-09-14 11:30:00,0.0,0.0088844001164676,1.0470517805357984,63.78166342237527,0.12633333333333333,-0.3838748153087397
2022-09-14 12:00:00,0.0,0.0214095986052252,2.568840268039629,156.482141960644,0.125,-0.4798329417016752
2022-09-14 12:30:00,0.0,0.0209393732032032,3.210606016215652,195.57561155507585,0.125,-0.596246370230866
2022-09-14 13:00:00,0.0,3.825496551648326e-05,3.243016943728968,197.5499388121323,0.12266666666666666,-0.7306429172929537
2022-09-14 13:30:00,0.0,4.260172388202845e-05,4.639416509018884,282.6122907723155,0.12266666666666666,-0.8738598598500846
2022-09-14 14:00:00,0.0,0.1613607356991108,5.046416374406071,307.40488356442535,0.12033333333333333,-1.009688062461014
2022-09-14 14:30:00,0.0,0.1478500343859956,5.4462539115140025,331.7611796803629,0.12033333333333333,-1.1197328025127091
2022-09-14 15:00:00,0.0,0.0783750835682668,5.180476383180014,315.5712135559037,0.119,-1.191433161580159
2022-09-14 15:30:00,0.0,0.0177567085113553,5.180476383180014,315.5712135559037,0.119,-1.2215687228153207
2022-09-14 16:00:00,0.0,0.0946908786973731,5.076275850634946,309.22378793783076,0.118,-1.2126578516321471
2022-09-14 16:30:00,0.0,0.026862235388161,4.806115589125463,292.7668455114676,0.118,-1.1690028225697615
2022-09-14 17:00:00,0.0,0.0035966964493167,4.333132693258449,263.9548646433458,0.118,-1.097564167714715
2022-09-14 17:30:00,0.0,0.0035515228209682,3.771047588070184,229.71517978697435,0.118,-1.009817997920453
2022-09-14 18:00:00,0.0,0.0001611159428267,3.2592045534764886,198.53601485509628,0.11733333333333333,-0.919575863110721
2022-09-14 18:30:00,0.0,0.0001596107264047,2.9987636746764825,182.67113330687977,0.11733333333333333,-0.8383555507003013
2022-09-14 19:00:00,0.0,0.0185975460708364,2.735196678232244,166.6158227969732,0.118,-0.7726713144379369
2022-09-14 19:30:00,0.0,0.0169883188077319,2.468414189929602,150.36463905208188,0.118,-0.7240954759233321
2022-09-14 20:00:00,0.0,0.0177583695846913,2.249221562968851,137.0124146278774,0.11866666666666666,-0.690059494558758
2022-09-14 20:30:00,0.0,0.0178976041896906,2.096166111057983,127.68896807039864,0.11866666666666666,-0.664286297454855
2022-09-14 21:00:00,0.0,3.3432409920585494e-05,2.0620064723878793,125.60811723112911,0.11833333333333333,-0.6381255707125192
2022-09-14 21:30:00,0.2,3.2869602527692825e-05,1.647821562227895,100.37784397670372,0.11833333333333333,-0.604168651404491
2022-09-14 22:00:00,0.0,3.1095386000272306e-05,0.9392586787048852,57.2153947162422,0.11833333333333333,-0.560519847356497
2022-09-14 22:30:00,0.0,3.074627670305405e-05,0.6855978643403907,41.76352405807597,0.11833333333333333,-0.5117946333998644
2022-09-14 23:00:00,0.0,2.9561549455001053e-05,0.6125634670120839,37.31459857488128,0.11866666666666666,-0.4653154973525065
2022-09-14 23:30:00,0.0,2.8996997763214526e-05,0.3549419041610658,21.62145701534774,0.11866666666666666,-0.4260231952950516
2022-09-15 00:00:00,0.0,2.85863723630622e-05,0.3672989131096959,22.374190166009583,0.11866666666666666,-0.3946584686398787
2022-09-15 00:30:00,0.0,2.7701093423267577e-05,0.3672989131096959,22.374190166009583,0.11866666666666666,-0.3697104176871693
2022-09-15 01:00:00,0.0,2.6902582937193505e-05,0.2933658188029597,17.870520123603548,0.11866666666666666,-0.3500901585687532
2022-09-15 01:30:00,0.0,2.668662221553466e-05,0.2005838452771526,12.21866152683147,0.11866666666666666,-0.3358741856541988
2022-09-15 02:00:00,0.0,2.643646021215821e-05,0.1633564739891238,9.950938277864925,0.11866666666666666,-0.3270289100709804
2022-09-15 02:30:00,0.0,2.6830936314465047e-05,0.1260632318523994,7.679202474429771,0.11866666666666666,-0.3220068939310268
2022-09-15 03:00:00,0.0,2.6365696203895816e-05,0.1073918262155179,6.541824808785756,0.11866666666666666,-0.3179981237813282
2022-09-15 03:30:00,0.0,2.57626807481102e-05,-0.0049857001904315,-0.3037063279795496,0.11866666666666666,-0.3127169673442687
2022-09-15 04:00:00,0.0,2.579746768048764e-05,0.0699992789473003,4.264039785445,0.11866666666666666,-0.305753984165953
2022-09-15 04:30:00,0.0,2.5202430447118047e-05,-0.0425786731445408,-2.5937003784920107,0.11866666666666666,-0.2979590644870659
2022-09-15 05:00:00,0.0,0.0039604268687661,0.0137856145260294,0.8397573473585751,0.119,-0.2899117245846222
2022-09-15 05:30:00,0.0,0.0039153067524359,-0.0049857001904315,-0.3037063279795496,0.119,-0.2816258836199717
2022-09-15 06:00:00,0.0,2.4993588956392983e-05,0.0137856145260294,0.8397573473585751,0.119,-0.2736849859302401
2022-09-15 06:30:00,0.0,2.468334191378207e-05,0.0325401933928067,1.9822015503540216,0.119,-0.268071282464787
2022-09-15 07:00:00,0.0,2.4544708661653435e-05,-0.0049857001904315,-0.3037063279795496,0.119,-0.267772187707521
2022-09-15 07:30:00,0.0,2.4579650240962487e-05,-0.0802389984236381,-4.887797228314832,0.119,-0.2759602296220886
2022-09-15 08:00:00,0.0,0.0043508283967046,-0.0237737847244195,-1.4481915448278904,0.119,-0.2958160088481394
2022-09-15 08:30:00,0.0,0.0044364359708093,0.1447181033524893,8.81557295516906,0.119,-0.3311870759838695
2022-09-15 09:00:00,0.0,2.6471892759141174e-05,0.1447181033524893,8.81557295516906,0.11833333333333333,-0.3874238382514773
2022-09-15 09:30:00,0.0,2.7155854767812608e-05,0.2748420307181635,16.742134652230497,0.11833333333333333,-0.4710743678709879
2022-09-15 10:00:00,0.0,2.925931655439214e-05,0.4041686768379503,24.62012957826544,0.118,-0.5873995736013965
2022-09-15 10:30:00,0.0,3.400155713459838e-05,1.6211446110126688,98.7528046470595,0.118,-0.7366433894150325
2022-09-15 11:00:00,0.0,0.0210197413182536,3.018985784641249,183.9029728734034,0.11699999999999999,-0.9115896614855984
2022-09-15 11:30:00,0.0,0.0224209590486117,3.614450534639319,220.17599486743575,0.11699999999999999,-1.0976845329690494
2022-09-15 12:00:00,0.0,0.0798352756974426,4.984777806545938,303.6501405209815,0.11633333333333333,-1.2749909256131462
2022-09-15 12:30:00,0.0,0.1701441922596038,5.748607215901683,350.17917681631127,0.11633333333333333,-1.4224272871097097
2022-09-15 13:00:00,0.0,0.1130310122694423,5.921319508702501,360.7000293024142,0.11466666666666665,-1.5251302993192812
2022-09-15 13:30:00,0.0,0.113687623403226,5.8351251657729515,355.4494593957071,0.11466666666666665,-1.581207763045123
2022-09-15 14:00:00,0.0,0.1148572877631435,5.603683466386541,341.3510768261147,0.11233333333333333,-1.601775470567967
2022-09-15 14:30:00,0.0,0.1064927817409211,5.705225966978027,347.5365871477516,0.11233333333333333,-1.6042845506172596
2022-09-15 15:00:00,0.0,0.1100604964596667,5.6182170564634495,342.23639746434503,0.11033333333333334,-1.6052348159348533
2022-09-15 15:30:00,0.0,0.1116301970869172,5.574588641373172,339.57875154972197,0.11033333333333334,-1.6162808229348669
2022-09-15 16:00:00,0.0,0.2919407517832549,5.676259595043091,345.7720866524886,0.10933333333333334,-1.6429583867492918
2022-09-15 16:30:00,0.0,0.1255646826490896,6.035746941477831,367.670431472809,0.10933333333333334,-1.683576450854251
2022-09-15 17:00:00,0.0,0.0961633296552534,5.992903031476754,365.0605740634755,0.10833333333333334,-1.7262668197325275
2022-09-15 17:30:00,0.0,0.0028028840463037,5.748607215901683,350.17917681631127,0.10833333333333334,-1.7464660750304672
2022-09-15 18:00:00,0.0,0.0697814993636136,6.361611078668448,387.52060231066287,0.108,-1.714029117352026
2022-09-15 18:30:00,0.0,0.0045022161544961,5.964296239685627,363.3179775658295,0.108,-1.6133422934759376
2022-09-15 19:00:00,0.0,0.0373536324783817,5.574588641373172,339.57875154972197,0.108,-1.46005120773801
2022-09-15 19:30:00,0.0,0.0330849933396228,4.516902201526899,275.14927273429595,0.108,-1.29395575357042
2022-09-15 20:00:00,0.0,3.3151868853285435e-05,3.835648491673331,233.65037493872583,0.109,-1.1522522815567768
2022-09-15 20:30:00,0.0,3.2153923140210136e-05,3.3910240279116977,206.5658616183944,0.109,-1.048441835430381
2022-09-15 21:00:00,0.0,0.0436909985317796,3.14910441304864,191.82921178186928,0.10966666666666668,-0.9728174997206298
2022-09-15 21:30:00,0.0,0.0352662348472289,2.920888558727672,177.927333117854,0.10966666666666668,-0.9079359574167144
2022-09-15 22:00:00,0.0,0.0208507977941547,2.2554139202866237,137.38962505583842,0.10966666666666668,-0.8432232517100587
2022-09-15 22:30:00,0.0,3.0978191427504694e-05,1.7944144790356662,109.30762209632351,0.10966666666666668,-0.7788313821709254
2022-09-15 23:00:00,0.0,0.0296750963420042,1.63853449806266,99.81211799086384,0.11,-0.7200143512883715
2022-09-15 23:30:00,0.0,0.0230751313191648,1.2880323516897103,78.46111095915835,0.11,-0.6709096684973685
2022-09-16 00:00:00,0.0,0.0242343975262425,0.9060665317677824,55.19347910178713,0.11033333333333334,-0.633051583183662
2022-09-16 00:30:00,0.0,0.0165616720299084,0.7620812563091106,46.42254671066551,0.11033333333333334,-0.6055257608741865
2022-09-16 01:00:00,0.0,0.016690432403203,0.8161900460052173,49.71860969125959,0.11033333333333334,-0.5841197422902539
2022-09-16 01:30:00,0.0,0.0140946979776196,0.834195747343547,50.81543565898535,0.11033333333333334,-0.5623978419396948
2022-09-16 02:00:00,0.0,2.5517348206729587e-05,0.635288744968089,38.698919824999514,0.11033333333333334,-0.5361299722812065
2022-09-16 02:30:00,0.0,2.495958328613873e-05,0.5989227123617445,36.48366543660809,0.11033333333333334,-0.506716654683428
2022-09-16 03:00:00,0.0,2.4993588956392983e-05,0.4528311976337134,27.58443046612739,0.11,-0.4796247975978188
2022-09-16 03:30:00,0.0,2.4717075866233703e-05,0.4528311976337134,27.58443046612739,0.11,-0.4595522448155999
2022-09-16 04:00:00,0.0,2.495958328613873e-05,0.5442564147146827,33.153641590711885,0.11033333333333332,-0.4468682932760128
2022-09-16 04:30:00,0.0,2.5342352952357383e-05,0.3610091991778346,21.991049213018968,0.11033333333333332,-0.4376914580324859
2022-09-16 05:00:00,0.0,2.5236673719742934e-05,0.3794055302135412,23.111670576869383,0.11066666666666665,-0.4270117955841109
2022-09-16 05:30:00,0.0,2.376143814251221e-05,0.3977858639221994,24.23131745583909,0.11066666666666665,-0.4125420150683316
2022-09-16 06:00:00,0.0,2.3795567379061236e-05,0.3425968390223796,20.86945142762021,0.11066666666666665,-0.3964510681411305
2022-09-16 06:30:00,0.0,2.3828417590123304e-05,0.157584574954417,9.599340268689843,0.11066666666666665,-0.3837536259033413
2022-09-16 07:00:00,0.0,2.4032825628468784e-05,0.3425968390223796,20.86945142762021,0.11099999999999999,-0.3793114341108448
2022-09-16 07:30:00,0.0,2.3289952882876963e-05,0.250293482215441,15.246747998757376,0.11099999999999999,-0.3864322576489891
2022-09-16 08:00:00,0.0,2.4032825628468784e-05,0.3241684178620673,19.746875278376336,0.11099999999999999,-0.4073717853137701
2022-09-16 08:30:00,0.0,2.4785996285137452e-05,0.4161502320044181,25.34999178098593,0.11099999999999999,-0.4438929758507977
2022-09-16 09:00:00,0.0,2.562248294754593e-05,0.5077336911387041,30.928842296450178,0.11066666666666665,-0.4970020482254179
2022-09-16 09:30:00,0.0,2.784777917135708e-05,0.9419111224804216,57.376969606121534,0.11066666666666665,-0.5664149083546255
2022-09-16 10:00:00,0.0,0.0044576051485793,1.4200117656572604,86.5007005160884,0.11033333333333332,-0.6503812426206139
2022-09-16 10:30:00,0.0,0.0047289868422581,1.990247374099067,121.23687720304946,0.11033333333333332,-0.7465628355473501
2022-09-16 11:00:00,0.0,0.0148687951508767,2.4625575971187885,150.00788188075072,0.10999999999999999,-0.8538950135918573
2022-09-16 11:30:00,0.0,0.0155006384400424,3.329515362748808,202.8190316603082,0.10999999999999999,-0.9729519780057596
2022-09-16 12:00:00,0.0,0.0325412308359642,4.132786059275441,251.75065295672695,0.10966666666666665,-1.102439929469363
2022-09-16 12:30:00,0.0,0.0359295424499655,4.8633225371894495,296.2516343009688,0.10966666666666665,-1.2344385858120772
2022-09-16 13:00:00,0.0,0.2095941658420447,5.527434060780133,336.7063075654623,0.10833333333333334,-1.3548958836510063
2022-09-16 13:30:00,0.0,0.1814019039694726,5.830873740814105,355.19048179705203,0.10833333333333334,-1.4514993783034822
2022-09-16 14:00:00,0.0,0.2018347236545495,5.787769602605743,352.56477246115804,0.10766666666666667,-1.5217020539626869
2022-09-16 14:30:00,0.0,0.2100401451020793,5.483756196149425,334.0456494082713,0.10766666666666667,-1.5715508561328793
2022-09-16 15:00:00,0.0,0.25661385086364,5.830873740814105,355.19048179705203,0.10733333333333334,-1.6064544759605648
2022-09-16 15:30:00,0.0,0.3028673009292901,6.087821081705272,370.8425528012276,0.10733333333333334,-1.6248839238211918
2022-09-16 16:00:00,0.0,0.3532420532616151,6.172839696831974,376.0215026826489,0.10566666666666667,-1.6205801384059284
2022-09-16 16:30:00,0.0,0.2584164409562163,6.257547723636983,381.18153292688936,0.10566666666666667,-1.5879692799704566
2022-09-16 17:00:00,0.0,0.165245194165593,5.787769602605743,352.56477246115804,0.10533333333333333,-1.5255379551790338
2022-09-16 17:30:00,0.0,0.0156668159119643,5.190418517240499,316.17684343986366,0.10533333333333333,-1.4375227197466398
2022-09-16 18:00:00,0.0,0.0483293282113655,4.848341912406498,295.3390823283489,0.10466666666666667,-1.3335154070352015
2022-09-16 18:30:00,0.0,0.0484817035149331,4.607292341518134,280.65543163951463,0.10466666666666667,-1.2243983651783623
2022-09-16 19:00:00,0.0,3.734850980499943e-05,4.086328668173305,248.92067860603936,0.104,-1.1179499766298957
2022-09-16 19:30:00,0.0,0.0402912307312157,3.647994934589614,222.21936814381792,0.104,-1.0191726673503685
2022-09-16 20:00:00,0.0,3.271019973049637e-05,3.200827087500827,194.97992340333877,0.105,-0.9335872151327133
2022-09-16 20:30:00,0.0,3.1095386000272306e-05,2.512558695122865,153.05372284385308,0.105,-0.8674353111919458
2022-09-16 21:00:00,0.0,0.0311630552806059,2.2276875497039823,135.70065984007695,0.106,-0.8239102194226995
2022-09-16 21:30:00,0.0,0.0333646567894376,2.109292815327618,128.4885875821886,0.106,-0.800382923617431
2022-09-16 22:00:00,0.0,3.0284443149030228e-05,1.7674079589166158,107.66250691819792,0.10633333333333334,-0.7899755736189509
2022-09-16 22:30:00,0.0,3.262987295419592e-05,1.4550052834346834,88.63234750273729,0.10633333333333334,-0.7844215132698431
2022-09-16 23:00:00,0.0,3.441051549534346e-05,1.4899418147517531,90.76052313171176,0.10699999999999998,-0.7746194467184954
2022-09-16 23:30:00,0.0,0.0532141589926882,1.4899418147517531,90.76052313171176,0.10699999999999998,-0.7518977951995616
2022-09-17 00:00:00,0.0,0.0354471102518383,1.1650028936265997,70.9667122760263,0.10699999999999998,-0.7133810454458739
2022-09-17 00:30:00,0.0,0.03365618558786,0.8803789291804119,53.62870642023264,0.10699999999999998,-0.6663903002412758
2022-09-17 01:00:00,0.0,0.0377145484689177,0.8086247179850221,49.257764091802194,0.10733333333333332,-0.624767598763205
2022-09-17 01:30:00,0.0,0.0252107052225141,0.8803789291804119,53.62870642023264,0.10733333333333332,-0.5996587593382356
2022-09-17 02:00:00,0.0,0.0253992473498768,0.8803789291804119,53.62870642023264,0.10766666666666665,-0.5937100622473388
2022-09-17 02:30:00,0.0,0.0304979676670276,0.7726566048695053,47.0667491608139,0.10766666666666665,-0.6024350344162557
2022-09-17 03:00:00,0.0,0.0290978123064796,0.8803789291804119,53.62870642023264,0.10833333333333332,-0.6189844128080308
2022-09-17 03:30:00,0.0,0.0368360528940518,0.8086247179850221,49.257764091802194,0.10833333333333332,-0.6373779863074781
2022-09-17 04:00:00,0.0,0.0376508266683336,0.9161654952912216,55.808662328004665,0.10833333333333332,-0.65269965664738
2022-09-17 04:30:00,0.0,0.0554854736918179,1.0053696969168118,61.242579226587864,0.10833333333333332,-0.6602706901145327
2022-09-17 05:00:00,0.0,0.0648422051081455,1.0764652456392405,65.57339881329692,0.10866666666666665,-0.6564936134820607
2022-09-17 05:30:00,0.0,0.0662634451458305,0.9875587087423506,60.15761430500389,0.10866666666666665,-0.6409846205624913
2022-09-17 06:00:00,0.0,0.0584536345870258,1.0409470952348845,63.409793577539915,0.10899999999999999,-0.6172552233479767
2022-09-17 06:30:00,0.0,0.0388700701054871,1.0231658162546868,62.32663840583107,0.10899999999999999,-0.5911279605471694
2022-09-17 07:00:00,0.0,0.0466039374392977,1.0942021736234266,66.6538523227264,0.10933333333333332,-0.5694344350253493
2022-09-17 07:30:00,0.0,0.0318738190963809,1.0231658162546868,62.32663840583107,0.10933333333333332,-0.5602771304377309
2022-09-17 08:00:00,0.0,2.814130076513904e-05,1.0587135622565318,64.49204647166096,0.10966666666666665,-0.5719908371645858
2022-09-17 08:30:00,0.0,2.9033291171632532e-05,1.6541579676576768,100.7638291647746,0.10966666666666665,-0.6091107097403156
2022-09-17 09:00:00,0.0,0.002106761562987,2.500957564812747,152.3470344044519,0.10966666666666665,-0.6694081034152634
2022-09-17 09:30:00,0.0,0.0581297983217023,3.090874969194795,188.28213716894277,0.10966666666666665,-0.746311766246578
2022-09-17 10:00:00,0.0,3.0169341397881233e-05,3.395946151956919,206.86569517487317,0.10933333333333332,-0.8340849235248071
2022-09-17 10:30:00,0.0,0.0440855428612701,4.024779724032156,245.17139503459603,0.10933333333333332,-0.929910941658728
2022-09-17 11:00:00,0.0,0.1149815699226717,4.515389546791913,275.05712864269066,0.10899999999999999,-1.0319994565117776
2022-09-17 11:30:00,0.0,0.1909069694568394,4.950952012086839,301.58962596258914,0.10899999999999999,-1.1373100643677136
2022-09-17 12:00:00,0.0,0.2369015551801487,5.363704372881272,326.73263478256337,0.10799999999999998,-1.2407903494154282
2022-09-17 12:30:00,0.0,0.1683514440136666,5.5093247036363024,335.60316735442865,0.10799999999999998,-1.3356590712221286
2022-09-17 13:00:00,0.0,0.1770273230990437,5.6395961945257715,343.5387179546017,0.10599999999999998,-1.4152470153702248
2022-09-17 13:30:00,0.0,0.2481882572867719,5.883667571317285,358.40644340518634,0.10599999999999998,-1.4763153894610268
2022-09-17 14:00:00,0.0,0.1710969060416438,5.897944484528416,359.2761284485343,0.10433333333333332,-1.5204799521797097
2022-09-17 14:30:00,0.0,0.175104565236859,5.826471358511861,354.92230855913,0.10433333333333332,-1.551311864621796
2022-09-17 15:00:00,0.0,0.2549885673898229,5.926471835725202,361.0138857841211,0.102,-1.5709824836419617
2022-09-17 15:30:00,0.0,0.1565455056158051,5.71165106552031,347.92797511948095,0.102,-1.5813431503273547
2022-09-17 16:00:00,0.0,0.1326905065329147,5.78348083782272,352.30352028913217,0.10066666666666667,-1.5863036654832288
2022-09-17 16:30:00,0.0,0.142942847724398,5.78348083782272,352.30352028913217,0.10066666666666667,-1.5888385076092446
2022-09-17 17:00:00,0.0,0.2477164683282025,5.668445263849584,345.2960729048207,0.09966666666666667,-1.5841761059220618
2022-09-17 17:30:00,0.0,0.1479185500694579,5.494804292428573,334.7186495133607,0.09966666666666667,-1.557996519512359
2022-09-17 18:00:00,0.0,0.0647929700502712,5.668445263849584,345.2960729048207,0.09866666666666668,-1.4939391677168314
2022-09-17 18:30:00,0.0,0.0606830928968476,5.378308198343556,327.6222338431159,0.09866666666666668,-1.385524532112715
2022-09-17 19:00:00,0.0,0.0375397048820053,4.621296997249137,281.50853198735416,0.09800000000000002,-1.24355967830349
2022-09-17 19:30:00,0.0,0.0355757887235122,3.8692309981369393,235.69606949171683,0.09800000000000002,-1.0928987629081417
2022-09-17 20:00:00,0.0,0.0328581539232894,2.944878253463695,179.38867692501088,0.09900000000000002,-0.9597853443796516
2022-09-17 20:30:00,0.0,0.0423715961790084,2.500957564812747,152.3470344044519,0.09900000000000002,-0.8586958166319888
2022-09-17 21:00:00,0.0,2.847427479058182e-05,2.199908765421395,134.0085018185433,0.09966666666666668,-0.788302820580242
2022-09-17 21:30:00,0.0,2.7010306342442157e-05,1.6886748087229049,102.86643915995498,0.09966666666666668,-0.7379845712255348
2022-09-17 22:00:00,0.0,2.6830936314465047e-05,1.428437269446477,87.01394413673604,0.09966666666666668,-0.6976051974188227
2022-09-17 22:30:00,0.0,0.0234071177653075,1.4109754316403984,85.95024787797654,0.09966666666666668,-0.6626282888303323
2022-09-17 23:00:00,0.0,0.0221365054572071,1.0942021736234266,66.6538523227264,0.10033333333333334,-0.6327651914142022
2022-09-17 23:30:00,0.0,2.5202430447118047e-05,0.9340362452072624,56.897267664855434,0.10033333333333334,-0.6080457996499734
2022-09-18 00:00:00,0.0,2.4785996285137452e-05,0.8367447847182061,50.970711498159574,0.10066666666666667,-0.5866076459589824
2022-09-18 00:30:00,0.0,2.3257646047119997e-05,0.4393715182403825,26.76452761433222,0.10066666666666667,-0.5653117989035018
2022-09-18 01:00:00,0.0,2.315705943392293e-05,0.4939994422820014,30.092213913573936,0.10099999999999999,-0.5416826506151508
2022-09-18 01:30:00,0.0,2.213377890361061e-05,0.4758057982271029,28.983939324763988,0.10099999999999999,-0.51546511574016
2022-09-18 02:00:00,0.0,2.1583454371428903e-05,0.3663141256537512,22.31420136390325,0.10066666666666667,-0.4886716136237756
2022-09-18 02:30:00,0.0,2.1583454371428903e-05,0.2562522127329756,15.609726937678182,0.10066666666666667,-0.4638340102796415
2022-09-18 03:00:00,0.0,2.17440328175832e-05,0.2746357526596047,16.729569124959546,0.10099999999999999,-0.4420790853933629
2022-09-18 03:30:00,0.0,2.0880683040757896e-05,0.3113548723997265,18.96633198613523,0.10099999999999999,-0.4234070408854804
2022-09-18 04:00:00,0.0,2.0157952211327237e-05,0.05296829881961,3.226589429645366,0.10133333333333332,-0.4084415998908446
2022-09-18 04:30:00,0.0,2.0975061376302337e-05,0.1086041588209795,6.615674633249978,0.10133333333333332,-0.3982891894470178
2022-09-18 05:00:00,0.0,2.151873827361043e-05,0.1456132444938089,8.870100908850537,0.10166666666666664,-0.3922426051846791
2022-09-18 05:30:00,0.0,2.018933319552581e-05,0.1640934386130379,9.995830832818251,0.10166666666666664,-0.387210304471676
2022-09-18 06:00:00,0.0,1.9693911247200987e-05,0.127116828707174,7.7433828342012045,0.10166666666666664,-0.3805774861342465
2022-09-18 06:30:00,0.0,2.0065186803328684e-05,-0.0214423894669271,-1.306173480027117,0.10166666666666664,-0.3730328522509072
2022-09-18 07:00:00,0.0,1.9786526883859147e-05,-0.0587467031459734,-3.5785837117943404,0.10166666666666664,-0.3679716784392191
2022-09-18 07:30:00,0.0,1.9325593831435148e-05,-0.0587467031459734,-3.5785837117943404,0.10166666666666664,-0.3688544287630269
2022-09-18 08:00:00,0.0,0.0076175591881714,0.0343902863125423,2.0949008514777097,0.10166666666666664,-0.3780072854252103
2022-09-18 08:30:00,0.0,1.975561857669765e-05,0.1086041588209795,6.615674633249978,0.10166666666666664,-0.3979029866365343
2022-09-18 09:00:00,0.0,1.981747164506559e-05,0.127116828707174,7.7433828342012045,0.10166666666666664,-0.4331337644808696
2022-09-18 09:30:00,0.0,2.0471065505252875e-05,0.127116828707174,7.7433828342012045,0.10166666666666664,-0.4902542627491879
2022-09-18 10:00:00,0.0,2.3424701532556037e-05,0.4758057982271029,28.983939324763988,0.10166666666666664,-0.574142911249277
2022-09-18 10:30:00,0.0,2.843697704639137e-05,1.3319908842265824,81.1388661370098,0.10166666666666664,-0.6832678896561566
2022-09-18 11:00:00,0.0,0.0502070425924935,2.6707737687269506,162.69147024140608,0.10066666666666664,-0.8085136124792369
2022-09-18 11:30:00,0.0,0.0571529084074565,3.414019654860076,207.96665130757043,0.10066666666666664,-0.9369871864493052
2022-09-18 12:00:00,0.0,0.0645841683558397,4.225187765724898,257.37934740142435,0.09933333333333334,-1.0571629164497107
2022-09-18 12:30:00,0.0,0.0655345066052419,4.589868178658233,279.59403036824403,0.09933333333333334,-1.1615115602312018
2022-09-18 13:00:00,0.0,0.0736871138955427,5.126070762109053,312.2570689491703,0.09866666666666668,-1.2464132543094084
2022-09-18 13:30:00,0.0,0.0727882268153293,5.155491433004803,314.04924328440035,0.09866666666666668,-1.3111554392122469
2022-09-18 14:00:00,0.0,0.0315256879898607,5.170187521549636,314.94446259505594,0.09766666666666668,-1.3572484042267632
2022-09-18 14:30:00,0.0,0.0303005661660898,5.199551278362951,316.7331699815473,0.09766666666666668,-1.3883796859116706
2022-09-18 15:00:00,0.0,0.0364732167991337,5.155491433004803,314.04924328440035,0.09666666666666668,-1.4109085355692563
2022-09-18 15:30:00,0.0,0.0353898530029433,4.755059686875229,289.65675063976624,0.09666666666666668,-1.4339955826432285
2022-09-18 16:00:00,0.0,0.0241263780541413,4.6651051188513355,284.1771248106891,0.09600000000000002,-1.4668734268279655
2022-09-18 16:30:00,0.0,0.1681795495637069,5.199551278362951,316.7331699815473,0.09600000000000002,-1.5120423229637054
2022-09-18 17:00:00,0.0,0.1988936075401127,5.764731074702482,351.16136943965626,0.09566666666666668,-1.558856516134191
2022-09-18 17:30:00,0.0,0.2053796308417488,5.592309682588444,340.6582373089727,0.09566666666666668,-1.58523913249197
2022-09-18 18:00:00,0.0,0.0835487368879377,5.184874131778298,315.83910452951767,0.09500000000000001,-1.5688940940175968
2022-09-18 18:30:00,0.0,0.1151794972258675,5.2874162387601755,322.0855063557888,0.09500000000000001,-1.499581047094796
2022-09-18 19:00:00,0.0,0.0757990396270341,4.755059686875229,289.65675063976624,0.09533333333333334,-1.3834516828946963
2022-09-18 19:30:00,0.0,3.548673107177264e-05,4.025147928208748,245.19382436932295,0.09533333333333334,-1.238804783100047
2022-09-18 20:00:00,0.0,0.049243745070168,3.013203729342592,183.550756190519,0.09566666666666668,-1.0885049053385527
2022-09-18 20:30:00,0.0,0.0582828146066141,2.3895840305159397,145.56266193049052,0.09566666666666668,-0.9530657795692828
2022-09-18 21:00:00,0.0,0.0551846259584399,1.816042353893507,110.62509450825922,0.09600000000000002,-0.8455357491418067
2022-09-18 21:30:00,0.0,0.0598871382245893,1.4887715413318423,90.68923536278908,0.09600000000000002,-0.7690579820932666
2022-09-18 22:00:00,0.0,0.0510927528250847,0.9794208522334946,59.66189285695685,0.09600000000000002,-0.7181556348744825
2022-09-18 22:30:00,0.0,0.0324384127664629,0.8188428270827556,49.8802051280528,0.09600000000000002,-0.6830757123898299
2022-09-18 23:00:00,0.0,0.029979143781283,0.7650463264105613,46.603165383734094,0.09633333333333334,-0.6545839441533203
2022-09-18 23:30:00,0.0,2.9183333930494853e-05,0.5666180941613796,34.515814062543626,0.09633333333333334,-0.6267381817638872
2022-09-19 00:00:00,0.0,2.781105680668246e-05,1.1538015803648387,70.28437888465893,0.09666666666666668,-0.5972136170558611
2022-09-19 00:30:00,0.0,2.7300506301294197e-05,1.1355445761581973,69.1722446816943,0.09666666666666668,-0.5663458038294952
2022-09-19 01:00:00,0.0,2.697436473519058e-05,1.0989836745015162,66.94511975126181,0.09666666666666668,-0.5357851993178115
2022-09-19 01:30:00,0.0,2.7083732081437783e-05,0.9521102823378784,57.998256340275624,0.09666666666666668,-0.5072690354610196
2022-09-19 02:00:00,0.0,2.661538347478615e-05,1.0806797154241965,65.83012526973853,0.09666666666666668,-0.4820423386568764
2022-09-19 02:30:00,0.0,0.0210050732375666,1.0989836745015162,66.94511975126181,0.09666666666666668,-0.4611890873159798
2022-09-19 03:00:00,0.0,0.0207764960209907,0.9889235969642262,60.2407571283056,0.09700000000000002,-0.4458930554678153
2022-09-19 03:30:00,0.0,2.6579814711673224e-05,0.9336797419823992,56.87555109923766,0.09700000000000002,-0.4365573282835838
2022-09-19 04:00:00,0.0,2.643646021215821e-05,0.8967707368222946,54.6272212762638,0.09700000000000002,-0.4316653739309232
2022-09-19 04:30:00,0.0,2.6650985973610524e-05,1.0256734335599398,62.47939112153146,0.09700000000000002,-0.4282854692825865
2022-09-19 05:00:00,0.0,2.6830936314465047e-05,0.9705248901381712,59.11999104204204,0.09733333333333334,-0.4237817310009201
2022-09-19 05:30:00,0.0,2.6902582937193505e-05,0.9889235969642262,60.2407571283056,0.09733333333333334,-0.4162823733427312
2022-09-19 06:00:00,0.0,2.821538850376113e-05,1.0073064343054214,61.36055651725693,0.09766666666666668,-0.4034424417509852
2022-09-19 06:30:00,0.0,2.784777917135708e-05,1.0256734335599398,62.47939112153146,0.09766666666666668,-0.3822130421372537
2022-09-19 07:00:00,0.0,2.6507359011527425e-05,1.0073064343054214,61.36055651725693,0.09800000000000002,-0.3511581532201954
2022-09-19 07:30:00,0.0,2.6223163795089992e-05,0.9889235969642262,60.2407571283056,0.09800000000000002,-0.3126230725996819
2022-09-19 08:00:00,0.0,2.6223163795089992e-05,0.9889235969642262,60.2407571283056,0.09800000000000002,-0.2714653626759958
2022-09-19 08:30:00,0.0,2.5833681681635627e-05,1.0623600429476368,64.71417359893371,0.09800000000000002,-0.2316746446305126
2022-09-19 09:00:00,0.0,0.0105294133629686,1.0623600429476368,64.71417359893371,0.09833333333333334,-0.1948630319054406
2022-09-19 09:30:00,0.0,2.5586480963000708e-05,0.9889235969642262,60.2407571283056,0.09833333333333334,-0.2515376807630404
2022-09-19 10:00:00,0.0,2.572792735869879e-05,1.2448533597726297,75.8308418735517,0.09766666666666668,-0.3082123296206402
2022-09-19 10:30:00,0.0,2.5272322163303384e-05,1.2811657928293168,78.04283121956473,0.09766666666666668,-0.3648869784782401
2022-09-19 11:00:00,0.0,0.0086075218027009,1.0989836745015162,66.94511975126181,0.09933333333333334,-0.4215616273358399
2022-09-19 11:30:00,0.0,2.3424701532556037e-05,0.7670826571772946,46.72720945299106,0.09933333333333334,
2022-09-19 12:00:00,0.2,0.0064145668839084,0.6926183167215251,42.191178295593424,0.09866666666666668,
2022-09-19 12:30:00,0.8,0.011716766982595,0.6552879707647631,39.91718229509322,0.09866666666666668,
2022-09-19 13:00:00,1.2,0.0042059852191691,0.5241118165750163,31.926523694340304,0.09800000000000002,
2022-09-19 13:30:00,1.0,0.0035771156631307,0.4676438619607738,28.48675104669479,0.09800000000000002,
2022-09-19 14:00:00,0.8,0.0031353452543084,0.4110248240729505,25.037775088684477,0.09700000000000002,
2022-09-19 14:30:00,0.2,2.1583454371428903e-05,0.3921180775947653,23.886061522363335,0.09700000000000002,
2022-09-19 15:00:00,1.0,0.0079603379126495,0.4110248240729505,25.037775088684477,0.09633333333333334,
2022-09-19 15:30:00,0.2,0.0144497228285497,0.4487876819137622,27.338117758879008,0.09633333333333334,
2022-09-19 16:00:00,0.0,2.2036792762271363e-05,0.4110248240729505,25.037775088684477,0.09633333333333334,
2022-09-19 16:30:00,2.2,2.0911709180219547e-05,0.4299146807148418,26.188459802494425,0.09633333333333334,
2022-09-19 17:00:00,1.2,2.0659729196298585e-05,0.3921180775947653,23.886061522363335,0.09533333333333334,
2022-09-19 17:30:00,0.4,2.126252410024619e-05,0.4299146807148418,26.188459802494425,0.09533333333333334,
2022-09-19 18:00:00,0.0,2.126252410024619e-05,0.2783209731497086,16.9540561057436,0.09566666666666668,
2022-09-19 18:30:00,0.0,2.151873827361043e-05,0.3352961536666132,20.42472666350599,0.09566666666666668,
2022-09-19 19:00:00,0.0,2.151873827361043e-05,0.3163215018504799,19.26887661082371,0.09600000000000002,
2022-09-19 19:30:00,0.0,2.119852532377504e-05,0.3163215018504799,19.26887661082371,0.09600000000000002,
2022-09-19 20:00:00,0.0,2.1165977399399305e-05,0.2592950261292185,15.795081380986565,0.09633333333333334,
2022-09-19 20:30:00,0.0,2.081754396936355e-05,0.3163215018504799,19.26887661082371,0.09633333333333334,
2022-09-19 21:00:00,0.0,2.0975061376302337e-05,0.2973297866833025,18.11198713589567,0.09666666666666668,
2022-09-19 21:30:00,0.0,2.0943965061442254e-05,0.2783209731497086,16.9540561057436,0.09666666666666668,
2022-09-19 22:00:00,0.0,2.0911709180219547e-05,0.2783209731497086,16.9540561057436,0.09666666666666668,
2022-09-19 22:30:00,0.0,2.1134670164203873e-05,0.3542537770424073,21.579539420544904,0.09666666666666668,
2022-09-19 23:00:00,0.0,2.1039756124614712e-05,0.2211915906177678,13.473992257978823,0.09700000000000002,-0.2350953406575477
2022-09-19 23:30:00,0.0,2.1134670164203873e-05,0.2973297866833025,18.11198713589567,0.09700000000000002,-0.2385160366845828
2022-09-20 00:00:00,0.0,2.0785433699432163e-05,0.1547754237401651,9.428219469718202,0.215,-0.241936732711618
2022-09-20 00:30:00,0.0,2.0376048347803245e-05,0.2117113150429659,12.896496706083616,0.215,-0.2453574287386531
2022-09-20 01:00:00,0.0,1.9509662138748815e-05,0.1167325327104587,7.110818442971296,0.29833333333333334,
2022-09-20 01:30:00,0.0,1.893147890701779e-05,0.1167325327104587,7.110818442971296,0.29833333333333334,
2022-09-20 02:00:00,0.0,0.0016371680662043,0.097685292485151,5.950546632388984,0.3073333333333333,
2022-09-20 02:30:00,0.0,1.920436059962202e-05,0.0786208085781624,4.7892244146333365,0.3073333333333333,
2022-09-20 03:00:00,0.0,1.899136979603452e-05,0.1547754237401651,9.428219469718202,0.28400000000000003,
2022-09-20 03:30:00,0.0,1.8510808411829375e-05,0.097685292485151,5.950546632388984,0.28400000000000003,
2022-09-20 04:00:00,0.0,1.783016673309866e-05,0.2306558335588575,14.050511174270884,0.27299999999999996,
2022-09-20 04:30:00,0.0,1.7712999707961767e-05,0.1737711450914559,10.5853529832807,0.27299999999999996,
2022-09-20 05:00:00,0.0,1.800649708778187e-05,0.1357625646866813,8.270042004773902,0.26666666666666666,
2022-09-20 05:30:00,0.0,1.7567111425925666e-05,0.1167325327104587,7.110818442971296,0.26666666666666666,
2022-09-20 06:00:00,0.0,1.7190477336829144e-05,0.0404399674551597,2.463420091522993,0.262,
2022-09-20 06:30:00,0.0,1.713293228490567e-05,0.0786208085781624,4.7892244146333365,0.262,
2022-09-20 07:00:00,0.0,1.693167707819595e-05,-0.0361302098940247,-2.2008891343093135,0.25866666666666666,
2022-09-20 07:30:00,0.0,1.6788756272397153e-05,-0.05531640069629,-3.369625186199081,0.25866666666666666,
2022-09-20 08:00:00,0.0,1.681807486633895e-05,0.0021897237403046,0.1333880761089255,0.256,
2022-09-20 08:30:00,0.0,1.6874802092408135e-05,-0.05531640069629,-3.369625186199081,0.256,
2022-09-20 09:00:00,0.0,1.70182879840305e-05,0.0404399674551597,2.463420091522993,0.254,
2022-09-20 09:30:00,0.0,1.7334991695559548e-05,0.0595390454502671,3.626849624815293,0.254,
2022-09-20 10:00:00,0.0,1.878127841754612e-05,0.1547754237401651,9.428219469718202,0.25133333333333335,
2022-09-20 10:30:00,0.0,2.1039756124614712e-05,0.3627934586587993,22.09973823851763,0.25133333333333335,
2022-09-20 11:00:00,0.0,0.0363471114534878,0.5128031111105489,31.23764845523003,0.24899999999999997,
2022-09-20 11:30:00,0.0,0.0396140180930802,0.6803034344760481,41.4410113133404,0.24899999999999997,
2022-09-20 12:00:00,0.0,0.0482518626523168,1.1206213276111934,68.26318781011686,0.2456666666666667,
2022-09-20 12:30:00,0.0,0.0524994108858278,1.782157185652076,108.56096316732442,0.2456666666666667,
2022-09-20 13:00:00,0.0,0.069455481373352,2.372653793319285,144.531348378848,0.24233333333333337,
2022-09-20 13:30:00,0.0,0.0774926072163786,3.2952250634352147,200.7302215650205,0.24233333333333337,
2022-09-20 14:00:00,0.0,0.0903926198190452,3.9746080579447662,242.1151638345611,0.23800000000000002,
2022-09-20 14:30:00,0.0,0.0886828613184595,4.463098403413028,271.87178846280335,0.23800000000000002,
2022-09-20 15:00:00,0.0,0.0853288515029244,4.711126487987125,286.98053867332897,0.2326666666666667,
2022-09-20 15:30:00,0.0,0.0841150361791246,4.6029498225616186,280.390905006125,0.2326666666666667,
2022-09-20 16:00:00,0.0,0.0895641171732479,4.385025938424443,267.1159666619857,0.22833333333333336,
2022-09-20 16:30:00,0.0,0.1072847821219746,4.054121559827097,246.95876709169704,0.22833333333333336,
2022-09-20 17:00:00,0.0,0.1106617904367043,3.6213369196025953,220.59548232363375,0.22666666666666668,
2022-09-20 17:30:00,0.0,0.1004995620850711,3.6698421386068545,223.55020109711708,0.22666666666666668,
2022-09-20 18:00:00,0.0,0.0278847646906509,3.2623476057409015,198.72747539732956,0.22566666666666668,
2022-09-20 18:30:00,0.0,0.0242125338843622,3.0640458254768808,186.6478269597085,0.22566666666666668,
2022-09-20 19:00:00,0.0,0.0249007508680915,2.6637533954768084,162.2638208241911,0.22466666666666668,
2022-09-20 19:30:00,0.0,0.0218357189331157,2.263460965476736,137.87981468867372,0.22466666666666668,
2022-09-20 20:00:00,0.0,0.0121770605108198,1.863168535476664,113.49580855315632,0.22466666666666668,
2022-09-20 20:30:00,0.0,0.0105387187513537,1.4628761054765915,89.11180241763893,0.22466666666666668,
2022-09-20 21:00:00,0.0,2.2004533985472384e-05,1.2112205236601037,73.7820814657605,0.224,
2022-09-20 21:30:00,0.0,0.0087257644019053,0.9382609374260434,57.15461682577614,0.224,
2022-09-20 22:00:00,0.0,2.119852532377504e-05,0.8280907230734378,50.443545165678245,0.22366666666666668,
2022-09-20 22:30:00,0.0,2.119852532377504e-05,0.7358442297053162,44.82430560057371,0.22366666666666668,
2022-09-20 23:00:00,0.0,2.075336047500528e-05,0.7173467703591894,43.6975239569954,0.22366666666666668,
2022-09-20 23:30:00,0.0,1.9601623174089498e-05,0.5501399744757813,33.51204146680569,0.22366666666666668,
2022-09-21 00:00:00,0.0,1.981747164506559e-05,0.276642545904919,16.85181390187539,0.223,
2022-09-21 00:30:00,0.0,1.9786526883859147e-05,0.4076360149656661,24.831344150022694,0.223,
2022-09-21 01:00:00,0.0,1.9479081044036483e-05,0.3141522151559268,19.136733467198265,0.22266666666666668,
2022-09-21 01:30:00,0.0,1.917414254085734e-05,0.3328820935821902,20.277673030965225,0.22266666666666668,
2022-09-21 02:00:00,0.0,0.0050241260419281,0.2202527543694096,13.416802595810571,0.22233333333333336,
2022-09-21 02:30:00,0.0,1.8961406393122513e-05,0.1637118015576739,9.972583227812246,0.22233333333333336,
2022-09-21 03:00:00,0.0,1.869115537551585e-05,0.1825756384930354,11.121682938669055,0.22166666666666668,
2022-09-21 03:30:00,0.0,1.8421676331223436e-05,0.2578626876252119,15.707829791267944,0.22166666666666668,
2022-09-21 04:00:00,0.0,1.8510808411829375e-05,0.1637118015576739,9.972583227812246,0.221,
2022-09-21 04:30:00,0.0,1.8213182570763337e-05,0.276642545904919,16.85181390187539,0.221,
2022-09-21 05:00:00,0.0,1.8065213317016107e-05,0.2014226113362769,12.269755365233424,0.22066666666666668,
2022-09-21 05:30:00,0.0,1.8243318046494744e-05,0.1259333977716862,7.67129356888112,0.22066666666666668,
2022-09-21 06:00:00,0.0,1.803637070360901e-05,0.2014226113362769,12.269755365233424,0.22,
2022-09-21 06:30:00,0.0,1.7800555190083213e-05,0.2014226113362769,12.269755365233424,0.22,
2022-09-21 07:00:00,0.0,1.7772036934789803e-05,0.2578626876252119,15.707829791267944,0.21966666666666668,-0.3582403976308127
2022-09-21 07:30:00,0.0,1.7596424494126897e-05,0.1070187618449688,6.51909941300345,0.21966666666666668,-0.3616610936578479
2022-09-21 08:00:00,0.0,1.783016673309866e-05,0.069138448459757,4.2116018817607035,0.219,-0.365081789684883
2022-09-21 08:30:00,0.0,1.803637070360901e-05,0.1637118015576739,9.972583227812246,0.219,-0.3685024857119181
2022-09-21 09:00:00,0.0,1.8243318046494744e-05,0.2954057104893712,17.99478110799748,0.218,
2022-09-21 09:30:00,0.0,1.8450988471746876e-05,0.2954057104893712,17.99478110799748,0.218,
2022-09-21 10:00:00,0.0,2.075336047500528e-05,0.5007083265121642,30.50088882713834,0.21133333333333335,
2022-09-21 10:30:00,0.0,2.672229220790163e-05,0.9236559919002806,56.26494953601741,0.21133333333333335,
2022-09-21 11:00:00,0.0,0.0560501899381586,2.2303254795805576,135.86135060881185,0.217,-3.5953419633614296
2022-09-21 11:30:00,0.0,0.0631357395227982,3.2184621770966677,196.0541733783016,0.217,-3.6520166122190294
2022-09-21 12:00:00,0.0,0.0904889927071322,3.927528526952656,239.24729153288231,0.215,-3.7086912610766296
2022-09-21 12:30:00,0.0,0.1006105798684333,4.829057377356801,294.16435558926884,0.215,-3.76536590993423
2022-09-21 13:00:00,0.0,0.1217137994967015,5.563652266001744,338.91255697752587,0.21266666666666667,-3.822040558791829
2022-09-21 13:30:00,0.0,0.1232648843942496,5.842265128690739,355.88439367511546,0.21266666666666667,-3.809427550708937
2022-09-21 14:00:00,0.0,0.2161543752354229,5.9440679715421405,362.08576287088374,0.20766666666666667,-3.709429299439238
2022-09-21 14:30:00,0.0,0.1281087240919339,5.973072212144637,363.85257015426697,0.20766666666666667,-3.5640995216694917
2022-09-21 15:00:00,0.0,0.1107683587582706,5.8859499431846105,358.5454751865677,0.20333333333333337,-3.3955226092465582
2022-09-21 15:30:00,0.0,0.1105381056077443,5.900493178467332,359.4313833671548,0.20333333333333337,-3.1963109321706877
2022-09-21 16:00:00,0.0,0.0736172487045678,5.754646242282206,350.54704701639275,0.19899999999999998,-2.937073293292934
2022-09-21 16:30:00,0.0,0.1464662571534754,5.622588998591326,342.50271642438696,0.19899999999999998,-2.5921220458028373
2022-09-21 17:00:00,0.0,0.1144111484887391,5.783889596926401,352.3284200467722,0.19666666666666668,-2.1674081609637965
2022-09-21 17:30:00,0.0,0.1863023150368861,5.563652266001744,338.91255697752587,0.19666666666666668,-1.7092113670123652
2022-09-21 18:00:00,0.0,0.0581311111148976,4.965773228611822,302.4924675044113,0.19533333333333336,-1.2858667341111012
2022-09-21 18:30:00,0.0,0.0527995825232281,4.706835125941316,286.71912828778983,0.19533333333333336,-0.9545105844000216
2022-09-21 19:00:00,0.0,0.0478883924931623,4.164178027523668,253.66290981946756,0.19466666666666668,-0.735175903580347
2022-09-21 19:30:00,0.0,0.0429046342262601,3.688339730098288,224.6769907903904,0.19466666666666668,-0.6088283946404689
2022-09-21 20:00:00,0.0,0.0382884022358947,3.021065106281179,184.02963575240352,0.19400000000000003,-0.5376599892613682
2022-09-21 20:30:00,0.0,0.0347331742779502,2.468876952184254,150.3928284376686,0.19400000000000003,-0.4894906035963281
2022-09-21 21:00:00,0.0,0.026431910494182,1.989122327838971,121.1683444683462,0.19433333333333333,-0.4490871228690603
2022-09-21 21:30:00,0.0,0.0171317845493846,1.7802136147812475,108.44256961179534,0.19433333333333333,-0.4148814257622519
2022-09-21 22:00:00,0.0,0.016307540841434,1.4452414535496374,88.0375791034871,0.19400000000000003,-0.3902697928137455
2022-09-21 22:30:00,0.0,0.0155733154669117,1.212999906431158,73.89047342412657,0.19400000000000003,-0.3767795731231768
2022-09-21 23:00:00,0.0,2.5098535959493836e-05,0.9782078320116628,59.5880011460103,0.19366666666666665,-0.3719231817389533
2022-09-21 23:30:00,0.0,0.0139989786688476,0.9963607838591148,60.693796949408195,0.19366666666666665,-0.37136082634142
2022-09-22 00:00:00,0.0,2.4442777673205428e-05,0.7812149118196576,47.58808254996172,0.19400000000000003,-0.3722918913124742
2022-09-22 00:30:00,0.0,2.420258491079594e-05,0.7265146127520141,44.2559874911573,0.19400000000000003,-0.3742401406889333
2022-09-22 01:00:00,0.0,0.012805332466807,0.6899693181799774,42.02981327380157,0.19366666666666665,-0.3772684150233313
2022-09-22 01:30:00,0.0,0.0130860149120129,0.6350331137946844,38.68334792897159,0.19366666666666665,-0.3806349925056982
2022-09-22 02:00:00,0.0,2.335725619367361e-05,0.5615627717951908,34.20786666620104,0.19366666666666665,-0.3834376675632227
2022-09-22 02:30:00,0.0,2.3289952882876963e-05,0.5247318610492328,31.964294002071544,0.19366666666666665,-0.3855012296088004
2022-09-22 03:00:00,0.0,2.315705943392293e-05,0.4878367850513674,29.716812680723137,0.19299999999999998,-0.38647635431568
2022-09-22 03:30:00,0.0,2.2890386407871472e-05,0.4508772878839242,27.46540711280767,0.19299999999999998,-0.3837242742111479
2022-09-22 04:00:00,0.0,2.3224081724526502e-05,0.4878367850513674,29.716812680723137,0.19299999999999998,-0.3720282668327535
2022-09-22 04:30:00,0.0,2.3190552857802348e-05,0.4878367850513674,29.716812680723137,0.19299999999999998,-0.3472986154221897
2022-09-22 05:00:00,0.0,2.2362560540125316e-05,0.4693651051669604,28.591601405469657,0.19266666666666668,-0.3118459026988628
2022-09-22 05:30:00,0.0,2.1615254675085757e-05,0.4323733009788668,26.338227839833728,0.19266666666666668,-0.2749921318856637
2022-09-22 06:00:00,0.0,2.1906731267520072e-05,0.2651044220979851,16.148963533956653,0.19266666666666668,-0.247930379084198
2022-09-22 06:30:00,0.0,2.0880683040757896e-05,0.3953166889380853,24.0809064726429,0.19266666666666668,-0.239110148419328
2022-09-22 07:00:00,0.0,2.075336047500528e-05,0.3023899166019225,18.420227386609685,0.19233333333333333,-0.2534660934835772
2022-09-22 07:30:00,0.0,2.0848499999645363e-05,0.2837554013060628,17.28509691385367,0.19233333333333333,-0.292418961228848
2022-09-22 08:00:00,0.0,2.26589022265558e-05,0.2837554013060628,17.28509691385367,0.19233333333333333,-0.355024586597939
2022-09-22 08:30:00,0.0,2.1390953029458888e-05,0.3953166889380853,24.0809064726429,0.19233333333333333,-0.4444503271351342
2022-09-22 09:00:00,0.0,2.1809250752999217e-05,0.6350331137946844,38.68334792897159,0.19166666666666665,-0.5761518633526562
2022-09-22 09:30:00,0.0,2.2923596763138143e-05,0.6899693181799774,42.02981327380157,0.19166666666666665,-0.776417930103058
2022-09-22 10:00:00,0.0,2.5551897839576503e-05,1.1602304946253246,70.67599929270007,0.19166666666666665,-1.0681367740856795
2022-09-22 10:30:00,0.0,3.235220977632475e-05,2.1905539374449825,133.43864796751365,0.19166666666666665,-1.455768428152323
2022-09-22 11:00:00,0.0,0.0160500578594657,3.0761031364923737,187.38230386645284,0.19000000000000003,-1.9202443338316664
2022-09-22 11:30:00,0.0,0.0183473811442118,3.848431467619211,234.42905607415088,0.19000000000000003,-2.4187107078435237
2022-09-22 12:00:00,0.0,0.1022090651086596,4.7928231984206375,291.9571331306911,0.18866666666666668,-2.88442420566173
2022-09-22 12:30:00,0.0,0.1100356391567527,5.72848192156597,348.9532348204533,0.18866666666666668,-3.24032400846669
2022-09-22 13:00:00,0.0,0.1147580488054255,5.974547710424047,363.942450842488,0.18633333333333332,-3.431569044857644
2022-09-22 13:30:00,0.0,0.1180758922250357,6.3458900907759315,386.5629507626997,0.18633333333333332,-3.4495674502077507
2022-09-22 14:00:00,0.0,0.3402298048661302,6.331717027353778,385.69959177925654,0.18299999999999997,-3.3256378917835
2022-09-22 14:30:00,0.0,0.4070540960494219,6.160962428908057,375.29799318752816,0.18299999999999997,-3.111072285421766
2022-09-22 15:00:00,0.0,0.3431095041664643,6.103763783896685,371.8137101824753,0.17966666666666667,-2.8619173533574744
2022-09-22 15:30:00,0.0,0.3291381588395567,5.8156289790273785,354.26183979165125,0.17966666666666667,-2.6211280487643704
2022-09-22 16:00:00,0.0,0.3157772657058347,5.713925269150449,348.0665093287607,0.17733333333333334,-2.3980219815495216
2022-09-22 16:30:00,0.0,0.2435218173732424,5.859079156653183,356.90862828529515,0.17733333333333334,-2.16886666144938
2022-09-22 17:00:00,0.0,0.0203600841696228,5.69935939559451,347.17922212685903,0.17633333333333334,-1.9071083356419165
2022-09-22 17:30:00,0.0,0.0191096788719302,5.153807831277502,313.9466858744382,0.17633333333333334,-1.612858181938429
2022-09-22 18:00:00,0.0,0.0022966864081045,4.671205260434507,284.54871787277017,0.17466666666666666,-1.3114079286162112
2022-09-22 18:30:00,0.0,0.0738184717126069,4.3642594724971175,265.85096738986647,0.17466666666666666,-1.030394726593851
2022-09-22 19:00:00,0.0,0.0471536322790417,3.848431467619211,234.42905607415088,0.17400000000000002,-0.7848250005999935
2022-09-22 19:30:00,0.0,0.0584307258517578,3.433437556456276,209.14950213405376,0.17400000000000002,-0.5789357477008947
2022-09-22 20:00:00,0.0,0.0365861601375099,2.7793575508449844,169.30590361798366,0.17366666666666666,-0.412861179841772
2022-09-22 20:30:00,0.0,3.117315308598607e-05,2.1905539374449825,133.43864796751365,0.17366666666666666,-0.2848884410616011
2022-09-22 21:00:00,0.0,3.0323396658217114e-05,1.7599805328553355,107.21006168297494,0.17366666666666666,-0.1909752199771213
2022-09-22 21:30:00,0.0,2.925931655439214e-05,1.5326388891915936,93.36143598212348,0.17366666666666666,-0.1252988201938229
2022-09-22 22:00:00,0.0,2.7445699734704247e-05,1.1959784260489854,72.85360174989978,0.17333333333333334,-0.0819083505692445
2022-09-22 22:30:00,0.0,2.668662221553466e-05,1.1244226459183282,68.49474694533261,0.17333333333333334,-0.0562226954628519
2022-09-22 23:00:00,0.0,2.586853706785997e-05,0.9444764948858216,57.53324050155952,0.17333333333333334,-0.0459052628226488
2022-09-22 23:30:00,0.0,2.5551897839576503e-05,0.7265146127520141,44.2559874911573,0.17333333333333334,-0.0512574908074477
2022-09-23 00:00:00,0.0,2.4785996285137452e-05,0.4374558122124271,26.64783145912513,0.17266666666666666,-0.0740530727785012
2022-09-23 00:30:00,0.0,2.437321212789204e-05,0.3637801117309079,22.15984068553098,0.17266666666666666,-0.1137939118931731
2022-09-23 01:00:00,0.0,2.5342352952357383e-05,0.4558347017494659,27.76739036568519,0.17266666666666666,-0.163327277779817
2022-09-23 01:30:00,0.0,2.6328952168670433e-05,0.4741976405192487,28.885977623576707,0.17266666666666666,-0.2087040001338764
2022-09-23 02:00:00,0.0,2.6507359011527425e-05,0.4374558122124271,26.64783145912513,0.17266666666666666,-0.2357996721261466
2022-09-23 02:30:00,0.0,2.6830936314465047e-05,0.4374558122124271,26.64783145912513,0.17266666666666666,-0.2394805606731374
2022-09-23 03:00:00,0.0,2.5098535959493836e-05,0.5474905180057543,33.35064855008,0.17233333333333334,-0.228114116972748
2022-09-23 03:30:00,0.0,2.4305123741553115e-05,0.4558347017494659,27.76739036568519,0.17233333333333334,-0.2194760479755231
2022-09-23 04:00:00,0.0,2.495958328613873e-05,0.4374558122124271,26.64783145912513,0.17233333333333334,-0.2287892889359328
2022-09-23 04:30:00,0.0,0.018604388706119,0.4558347017494659,27.76739036568519,0.17233333333333334,-0.2553940295995401
2022-09-23 05:00:00,0.0,2.7010306342442157e-05,0.6022942310443241,36.689043120722715,0.17233333333333334,-0.2810053155257604
2022-09-23 05:30:00,0.0,2.6579814711673224e-05,0.5840420687070519,35.577203862562314,0.17233333333333334,-0.2861164708767779
2022-09-23 06:00:00,0.0,2.5236673719742934e-05,0.4741976405192487,28.885977623576707,0.17233333333333334,-0.2696993520485033
2022-09-23 06:30:00,0.0,2.4648293879291414e-05,0.3637801117309079,22.15984068553098,0.17233333333333334,-0.2503014342383918
2022-09-23 07:00:00,0.0,2.5691819406944564e-05,0.4374558122124271,26.64783145912513,0.17233333333333334,-0.2495816639511676
2022-09-23 07:30:00,0.0,2.5446970766639617e-05,0.3453209915536411,21.035394490886112,0.17233333333333334,-0.2797672134262708
2022-09-23 08:00:00,0.0,2.541114567201921e-05,0.4374558122124271,26.64783145912513,0.17200000000000001,-0.3467369817684462
2022-09-23 08:30:00,0.0,2.615140070619018e-05,0.5474905180057543,33.35064855008,0.17200000000000001,-0.458134447851434
2022-09-23 09:00:00,0.0,2.5446970766639617e-05,0.6933201475606781,42.23393065912925,0.17133333333333334,-0.621916910546428
2022-09-23 09:30:00,0.0,0.0221289280619367,1.1426942100128263,69.60776807087741,0.17133333333333334,-0.8347001320315611
2022-09-23 10:00:00,0.0,0.0464379078887437,2.014089752070096,122.68924713852589,0.17133333333333334,-1.0735645960233335
2022-09-23 10:30:00,0.0,0.0585932323792139,3.145589728009464,191.61511305020036,0.17133333333333334,-1.3030405109573622
2022-09-23 11:00:00,0.0,0.0559702156019462,3.274943401233328,199.49475434529515,0.17066666666666666,-1.4927211691994793
2022-09-23 11:30:00,0.0,0.065863148868765,3.690186798117996,224.78950582827224,0.17066666666666666,-1.6300073881206152
2022-09-23 12:00:00,0.0,0.1852280610289643,4.190825071840167,255.28612735597403,0.16966666666666666,-1.7199018951654033
2022-09-23 12:30:00,0.0,0.1886213009298404,4.283458389560282,260.9289305127567,0.16966666666666666,-1.7773990208048196
2022-09-23 13:00:00,0.0,0.2376740240374581,4.58950463932079,279.5718851944402,0.16833333333333333,-1.8182758845672755
2022-09-23 13:30:00,0.0,0.2855162578704007,4.574300787625906,278.6457352469843,0.16833333333333333,-1.84763934453657
2022-09-23 14:00:00,0.0,0.2317357563244854,4.891451389054269,297.96511685785026,0.16733333333333333,-1.8518103276878084
2022-09-23 14:30:00,0.0,0.2285706083226768,5.381041302430602,327.7887221947131,0.16733333333333333,-1.8076406562010416
2022-09-23 15:00:00,0.0,0.2046744692343558,5.100444180640008,310.69601339842353,0.16633333333333333,-1.7064291219197782
2022-09-23 15:30:00,0.0,0.1543540484855703,4.786228151718452,291.5553926849622,0.16633333333333333,-1.5659307811498568
2022-09-23 16:00:00,0.0,0.1900160966696843,4.543862275811975,276.7915586420788,0.16533333333333333,-1.4163444355230623
2022-09-23 16:30:00,0.0,0.1877502039997616,4.15986196630553,253.399994871952,0.16533333333333333,-1.27864105539404
2022-09-23 17:00:00,0.0,0.062195561307186,3.832131899421363,233.4361600282713,0.165,-1.157815671726656
2022-09-23 17:30:00,0.0,0.0642611299132007,3.610934683087906,219.96182507711217,0.165,-1.0511804098510562
2022-09-23 18:00:00,0.0,0.0565711372879903,3.3393367521066635,203.41730632256252,0.16466666666666666,-0.9587476227165244
2022-09-23 18:30:00,0.0,0.0401004231335416,3.1131322359607445,189.63794929204653,0.16466666666666666,-0.8861126709707678
2022-09-23 19:00:00,0.0,0.0392813094023773,2.8845775049974622,175.71542779417757,0.16466666666666666,-0.8395285575942745
2022-09-23 19:30:00,0.0,0.0413221864682912,2.637023346529448,160.63554702062456,0.16466666666666666,-0.8191729500859821
2022-09-23 20:00:00,0.0,3.243207941373169e-05,2.403413002180056,146.40506039879443,0.16433333333333333,-0.8164910710036266
2022-09-23 20:30:00,0.0,0.0717070316386259,2.048222925779366,124.76848585196188,0.16433333333333333,-0.817803812505898
2022-09-23 21:00:00,0.0,0.0596472770399244,1.8081507701420256,110.14437488382106,0.16433333333333333,-0.8127692656522751
2022-09-23 21:30:00,0.0,0.0559569174494872,1.5653757091523095,95.3556151345478,0.16433333333333333,-0.8019768996837244
2022-09-23 22:00:00,0.0,0.0580946153762768,1.3198262788720596,80.39785334393555,0.16433333333333333,-0.7956362599688576
2022-09-23 22:30:00,0.0,0.0398955815331726,1.2845170153039966,78.24697255040145,0.16433333333333333,-0.8032326137025406
2022-09-23 23:00:00,0.0,0.0568556020478266,1.1426942100128263,69.60776807087741,0.164,-0.824400915994571
2022-09-23 23:30:00,0.0,0.0691312442525697,1.0178220810055425,62.001122199837134,0.164,-0.848682284046899
2022-09-24 00:00:00,0.0,0.0699570961152247,0.9111520122533974,55.50326359449728,0.164,-0.8612539826595106
2022-09-24 00:30:00,0.0,0.0708604156335889,0.9468493993638816,57.67778712052007,0.164,-0.8495318938271875
2022-09-24 01:00:00,0.0,0.0576841841498922,0.9111520122533974,55.50326359449728,0.16333333333333333,-0.808436290352351
2022-09-24 01:30:00,0.0,0.0580171797708774,0.9468493993638816,57.67778712052007,0.16333333333333333,-0.7422013603789955
2022-09-24 02:00:00,0.0,0.0389412419562465,0.8932808496233478,54.41463311697394,0.16333333333333333,-0.6620080814659824
2022-09-24 02:30:00,0.0,0.0406504028286566,0.9290081858955463,56.59098101060467,0.16333333333333333,-0.5833303050124888
2022-09-24 03:00:00,0.0,0.0395033465736159,0.8753946691099924,53.32508781785712,0.16366666666666665,-0.5252652063581016
2022-09-24 03:30:00,0.0,0.0355436811001642,0.7857374812259317,47.86357704320225,0.16366666666666665,-0.5064645135175297
2022-09-24 04:00:00,0.0,2.9636675311373782e-05,0.7497684603587877,45.67250681608646,0.16366666666666665,-0.5332264823777212
2022-09-24 04:30:00,0.0,0.0390142944793917,0.7677605820187425,46.768505571164674,0.16366666666666665,-0.5881746940086615
2022-09-24 05:00:00,0.0,0.0637985435457423,0.839577138443486,51.143245689263736,0.16366666666666665,-0.6350768190967919
2022-09-24 05:30:00,0.0,0.0537241041991441,0.9111520122533974,55.50326359449728,0.16366666666666665,-0.6409016619712053
2022-09-24 06:00:00,0.0,0.0583801763037843,0.9468493993638816,57.67778712052007,0.16333333333333333,-0.5962344564478258
2022-09-24 06:30:00,0.0,0.0496527844912981,0.9111520122533974,55.50326359449728,0.16333333333333333,-0.5179575797090376
2022-09-24 07:00:00,0.0,0.0277300186762848,0.9290081858955463,56.59098101060467,0.16333333333333333,-0.4388868826690755
2022-09-24 07:30:00,0.0,0.0275275757651603,0.8216457300903386,50.05094531450637,0.16333333333333333,-0.3960256731136817
2022-09-24 08:00:00,0.0,0.0278013139272704,0.8932808496233478,54.41463311697394,0.16333333333333333,-0.4214488905020568
2022-09-24 08:30:00,0.0,0.0285179226595382,1.1774367628999078,71.72412741037823,0.16333333333333333,-0.5363656380846458
2022-09-24 09:00:00,0.0,0.0284883349671494,1.665803352040846,101.47321336234636,0.16266666666666665,-0.747563121193631
2022-09-24 09:30:00,0.0,3.235220977632475e-05,2.2778546374895536,138.75661215065196,0.16266666666666665,-1.0434915265813212
2022-09-24 10:00:00,0.0,0.0429637456184168,2.9870145161551274,181.95542765770765,0.16266666666666665,-1.39326385877445
2022-09-24 10:30:00,0.0,0.0504710710173494,4.125550037084988,251.30986718046657,0.16266666666666665,-1.7552319817176465
2022-09-24 11:00:00,0.0,0.1675608902251946,4.778789176314076,291.10224391594295,0.16233333333333333,-2.088894654014351
2022-09-24 11:30:00,0.0,0.1710719853475458,5.2382808722553245,319.0924018438575,0.16233333333333333,-2.3571228201603933
2022-09-24 12:00:00,0.0,0.1849092588123324,5.486378389137635,334.2053815568733,0.161,-2.5256537964087244
2022-09-24 12:30:00,0.0,0.2789739778515853,5.544365275692606,337.73768067513464,0.161,-2.577827883654845
2022-09-24 13:00:00,0.0,0.2169524478945113,5.558839101449064,338.61936074100504,0.15966666666666665,-2.533660965353927
2022-09-24 13:30:00,0.0,0.2247079041628052,5.917752968799294,360.48277180673193,0.15966666666666665,-2.443896267422364
2022-09-24 14:00:00,0.0,0.3039890260814203,5.703077462750951,347.4057099781404,0.158,-2.360089444473601
2022-09-24 14:30:00,0.0,0.2166633383574585,5.746172984265398,350.03089442397516,0.158,-2.307992530748666
2022-09-24 15:00:00,0.0,0.296276018278138,5.917752968799294,360.48277180673193,0.15566666666666665,-2.2790268598646253
2022-09-24 15:30:00,0.0,0.2104199985372015,5.731816780891232,349.15637938216355,0.15566666666666665,-2.236871623571111
2022-09-24 16:00:00,0.0,0.1848282125082777,5.774858547179978,351.7782893025387,0.15433333333333332,-2.1359496547092296
2022-09-24 16:30:00,0.0,0.1584022619386493,5.616643238332193,342.1405275750025,0.15433333333333332,-1.9459794006520088
2022-09-24 17:00:00,0.0,0.1277477366441056,5.544365275692606,337.73768067513464,0.15466666666666665,-1.668246543794576
2022-09-24 17:30:00,0.0,0.1206514540560714,5.558839101449064,338.61936074100504,0.15466666666666665,-1.3336641642430374
2022-09-24 18:00:00,0.0,0.0570131306959266,5.223602599377443,318.1982677831335,0.15466666666666665,-0.9896724982641096
2022-09-24 18:30:00,0.0,0.0497690577531932,4.76381071400655,290.18982367155496,0.15466666666666665,-0.6854796392005112
2022-09-24 19:00:00,0.0,0.0534313118897041,4.294473959245444,261.59994924471016,0.15466666666666665,-0.4565026672728631
2022-09-24 19:30:00,0.0,0.0490742880600545,3.673981210046553,223.80233462704905,0.15466666666666665,-0.3129460105133297
2022-09-24 20:00:00,0.0,0.0527767435482622,2.6600352164700953,162.03732615949656,0.15466666666666665,-0.242344336131303
2022-09-24 20:30:00,0.0,0.0350933254271676,2.3113554768498914,140.79733191272018,0.15466666666666665,-0.2228268424868068
2022-09-24 21:00:00,0.0,0.0465561113495823,1.6140067179347946,98.31799645294622,0.20233333333333334,-0.233383338860841
2022-09-24 21:30:00,0.0,0.0344535235031328,1.5100375345410024,91.98466357983015,0.20233333333333334,-0.2565505896646935
2022-09-24 22:00:00,0.0,0.0428422334525674,1.2126917287485737,73.87170063218802,0.208,-0.2793074520006428
2022-09-24 22:30:00,0.0,0.0436882908902657,1.1244450060480802,68.49610902340405,0.208,-0.2958704378364344
2022-09-24 23:00:00,0.0,0.0396072375390968,0.8216457300903386,50.05094531450637,0.20866666666666667,-0.311518339570476
2022-09-24 23:30:00,0.0,0.0336163353120914,0.7317610866893942,44.57557897750863,0.20866666666666667,-0.3420664499851679
2022-09-25 00:00:00,0.0,0.0195892521438055,0.4990070950316772,30.39725749227117,0.26266666666666666,-0.4019876240046959
2022-09-25 00:30:00,0.0,2.5376732589395176e-05,0.2258248578123161,13.75622996029894,0.26266666666666666,-0.4848807830065645
2022-09-25 01:00:00,0.0,0.0426957951042365,0.4809043494795117,29.29452002952766,0.3293333333333333,-0.5575283222708158
2022-09-25 01:30:00,0.0,0.0216893644392979,0.5170943742761989,31.499052817436706,0.3293333333333333,-0.581508814015449
2022-09-25 02:00:00,0.0,2.4339818229124272e-05,0.3172786378465222,19.32718101093444,0.29733333333333334,-0.5435227280843676
2022-09-25 02:30:00,0.0,0.0200392775634433,0.2807446620203496,17.1016962804336,0.29733333333333334,-0.4632448730962119
2022-09-25 03:00:00,0.0,0.0310524378347951,-0.0138286244982767,-0.8423773205296053,0.28600000000000003,-0.3749995210736991
2022-09-25 03:30:00,0.0,0.0342856208100892,0.2258248578123161,13.75622996029894,0.28600000000000003,-0.3055148008496282
2022-09-25 04:00:00,0.0,0.033520755351044,0.1707616912005722,10.40203065030565,0.28,-0.2653678597460188
2022-09-25 04:30:00,0.0,0.0277718254209807,0.2441473463699269,14.872353174037078,0.28,-0.2541908828634373
2022-09-25 05:00:00,0.0,0.0267299017544151,0.1707616912005722,10.40203065030565,0.27666666666666667,-0.2681089843489005
2022-09-25 05:30:00,0.0,0.0288999186303217,0.0602018439262007,3.667224313149452,0.27666666666666667,-0.2992976764277774
2022-09-25 06:00:00,0.0,0.0300213216536707,0.1891320618424232,11.521070624263048,0.2733333333333334,-0.3326821245913123
2022-09-25 06:30:00,0.0,0.0301348270744477,0.1339728458409667,8.161020419442531,0.2733333333333334,-0.3529048348917374
2022-09-25 07:00:00,0.0,0.0185471492134716,0.0417186327592103,2.541310604264486,0.27066666666666667,-0.3600691165201659
2022-09-25 07:30:00,0.0,2.3931122324087595e-05,0.0417186327592103,2.541310604264486,0.27066666666666667,-0.3774554795669824
2022-09-25 08:00:00,0.0,0.0224097089325218,0.0786688385541809,4.79215018375149,0.26866666666666666,-0.4439540087942611
2022-09-25 08:30:00,0.0,0.0202545656451205,0.2624539373102312,15.98750797676144,0.26866666666666666,-0.5995075735084607
2022-09-25 09:00:00,0.0,0.0193311896158509,0.535166217364033,32.59990784168429,0.26699999999999996,-0.8679424663685352
2022-09-25 09:30:00,0.0,0.0243007206850362,1.105490933818304,67.34151258613488,0.26699999999999996,-1.2379764690149624
2022-09-25 10:00:00,0.0,0.1722729286036339,2.550622304586694,155.37238594399156,0.26499999999999996,-1.6579610173333017
2022-09-25 10:30:00,0.0,0.210461241373464,3.6883052741745153,224.67489189120144,0.26499999999999996,-2.059841853492806
2022-09-25 11:00:00,0.0,0.1600108333131702,4.334778820860688,264.055139298934,0.26299999999999996,-2.3934126259387423
2022-09-25 11:30:00,0.0,0.3383507445583455,5.02209527673334,305.92335218779084,0.26299999999999996,-2.6365712300379
2022-09-25 12:00:00,0.0,0.3796813345902013,5.1395270597728935,313.07676580128503,0.26066666666666666,-2.783889876855642
2022-09-25 12:30:00,0.0,0.4052396995030355,5.256356032217928,320.1934589171289,0.26066666666666666,-2.842989683245357
2022-09-25 13:00:00,0.0,0.2290041982115795,5.343586612949457,325.5071517485471,0.2583333333333333,-2.8395071359851976
2022-09-25 13:30:00,0.0,0.1069651792575063,5.5889477424909275,340.4534431089798,0.2583333333333333,-2.807553047542181
2022-09-25 14:00:00,0.0,0.2458872450192326,5.416025129957355,329.9197788950761,0.25533333333333336,-2.768361723223644
2022-09-25 14:30:00,0.0,0.0987559942473858,5.473811191497554,333.4398446608547,0.25533333333333336,-2.722308830305392
2022-09-25 15:00:00,0.0,0.2150354517591199,5.703509356852848,347.4320190153374,0.252,-2.6594581117175644
2022-09-25 15:30:00,0.0,0.2024053390491475,5.6462999837002235,343.94708250039395,0.252,-2.570092446624249
2022-09-25 16:00:00,0.0,0.3478026920441162,5.517055215548564,336.07407521021605,0.25,-2.4451879905727667
2022-09-25 16:30:00,0.0,0.2124181805603213,5.416025129957355,329.9197788950761,0.25,-2.275360411281073
2022-09-25 17:00:00,0.0,0.1878188079986677,5.256356032217928,320.1934589171289,0.24833333333333338,-2.0558906169801423
2022-09-25 17:30:00,0.0,0.1701530770610154,5.066203311481189,308.6102143648171,0.24833333333333338,-1.7930718115081723
2022-09-25 18:00:00,0.0,0.1253379966718497,4.844800847121765,295.1233766313184,0.24666666666666667,-1.504007282036559
2022-09-25 18:30:00,0.0,4.657904510527039e-05,4.243562346304132,258.49864382574475,0.24666666666666667,-1.2121989890978275
2022-09-25 19:00:00,0.0,4.804951435864396e-05,3.1508324752719385,191.93447752435523,0.2456666666666667,-0.9457565568405568
2022-09-25 19:30:00,0.0,4.095934311956155e-05,2.812193457967413,171.30611871257946,0.2456666666666667,-0.7365911674906909
2022-09-25 20:00:00,0.0,4.095934311956155e-05,1.8995532205901315,115.71219916800136,0.24466666666666667,-0.612542969434504
2022-09-25 20:30:00,0.0,3.851698563857494e-05,1.5406852789473753,93.85158568886088,0.24466666666666667,-0.5818398478305944
2022-09-25 21:00:00,0.0,4.278616268228681e-05,1.0878976275046728,66.26980785992873,0.244,-0.6207397223745909
2022-09-25 21:30:00,0.0,4.0868502543514366e-05,1.07028980620469,65.19721894633923,0.244,-0.6790953360389882
2022-09-25 22:00:00,0.0,0.0595596033526905,0.6791888503519765,41.37311588469113,0.24333333333333332,-0.7075873216819798
2022-09-25 22:30:00,0.0,0.0692901125770116,0.9997128189109618,60.897987778774336,0.24333333333333332,-0.6879603894565163
2022-09-25 23:00:00,0.0,0.0595326747546039,0.5170943742761989,31.499052817436706,0.24300000000000002,-0.638125137213201
2022-09-25 23:30:00,0.0,0.0658442208548755,0.6072998281690036,36.99396148003341,0.24300000000000002,-0.5874604771730234
2022-09-26 00:00:00,0.0,0.063830610014123,0.6206510652559478,37.80725851651431,0.242,-0.549390702775884
2022-09-26 00:30:00,0.0,0.0665033144549962,0.383541770282735,23.363631632503584,0.242,-0.5179522239994987
2022-09-26 01:00:00,0.0,0.0547911171360109,0.5297691327057902,32.271141830744554,0.2416666666666667,-0.4857993818426717
2022-09-26 01:30:00,0.0,0.046504671022259,0.4384955365895527,26.71116677024024,0.2416666666666667,-0.4571877178479161
2022-09-26 02:00:00,0.0,0.0488718211564402,0.3468264008102594,21.127097220687524,0.2416666666666667,-0.4378755866972693
2022-09-26 02:30:00,0.0,0.030680468248307,0.2547577929414987,15.518693636437874,0.2416666666666667,-0.4174135729936072
2022-09-26 03:00:00,0.0,0.0330792312414373,0.5661686901610394,34.48843840145101,0.2416666666666667,-0.3736861500086694
2022-09-26 03:30:00,0.0,0.0312022989894643,0.475052221483732,28.93803483455433,0.2416666666666667,-0.298656005550722
2022-09-26 04:00:00,0.0,0.0275363441128117,0.383541770282735,23.363631632503584,0.2416666666666667,-0.2110305216407504
2022-09-26 04:30:00,0.0,0.0379037808474053,0.2362957846349669,14.394071510008049,0.2416666666666667,-0.1392008488817452
2022-09-26 05:00:00,0.0,0.0366297831553707,0.1808126075371128,11.014287058996002,0.24100000000000002,-0.0974100122608092
2022-09-26 05:30:00,0.0,0.0335648120816762,0.1808126075371128,11.014287058996002,0.24100000000000002,-0.0810360255423292
2022-09-26 06:00:00,0.0,2.711977650685282e-05,0.1251830210803682,7.625584011383257,0.24033333333333337,-0.0786923364348931
2022-09-26 06:30:00,0.0,2.7300506301294197e-05,0.1437425385645267,8.756145956324065,0.24033333333333337,-0.0839828866353578
2022-09-26 07:00:00,0.0,0.0166051741708288,-0.0051936867051214,-0.31637592667844,0.24,-0.0980482574153803
2022-09-26 07:30:00,0.0,0.0253390576013142,0.0507809654895192,3.093346966525723,0.24,-0.1259114660536596
2022-09-26 08:00:00,0.0,0.025509055504746,0.0321392901418544,1.957780335766058,0.23933333333333331,-0.1741423546494481
2022-09-26 08:30:00,0.0,2.8809982646216876e-05,0.1808126075371128,11.014287058996002,0.23933333333333331,-0.2545222179188913
2022-09-26 09:00:00,0.0,2.85863723630622e-05,0.3651920590759492,22.2458501379818,0.23900000000000002,-0.3891799433249079
2022-09-26 09:30:00,0.0,2.8252483396265985e-05,0.4933069096991401,30.050027957797724,0.23900000000000002,-0.6052648033762876
2022-09-26 10:00:00,0.0,3.1995235324696024e-05,1.0159742811633652,61.88856258263715,0.23866666666666667,-0.9166995933941589
2022-09-26 10:30:00,0.0,3.7779305572449985e-05,2.4116682091593566,146.90793030725908,0.23866666666666667,-1.3084946844994398
2022-09-26 11:00:00,0.0,0.0687714755832551,3.5812622940389653,218.15431720936485,0.2376666666666667,-1.7377108385371662
2022-09-26 11:30:00,0.0,0.0748089186996754,4.205251426876488,256.16491572006754,0.2376666666666667,-2.1458097709016006
2022-09-26 12:00:00,0.0,0.1053164103343608,4.827293515671099,294.05690910529125,0.236,-2.4744578758273854
2022-09-26 12:30:00,0.0,0.1093982092722099,5.021001117141284,305.85670092934475,0.236,-2.6868850182250754
2022-09-26 13:00:00,0.0,0.1184452094648312,5.198353386070594,316.6601997957096,0.23433333333333337,-2.786638938375276
2022-09-26 13:30:00,0.0,0.1194740962580339,5.3158255855042125,323.816075393311,0.23433333333333337,-2.812500865682624
2022-09-26 14:00:00,0.0,0.2767529361246695,5.44726337152105,331.8226714228008,0.2316666666666667,-2.809781658340742
2022-09-26 14:30:00,0.0,0.2878539814373094,5.432696430685884,330.9353192070711,0.2316666666666667,-2.803058412301178
2022-09-26 15:00:00,0.0,0.2662080331897966,5.650233942007505,344.1867214650918,0.22966666666666669,-2.7855270144777036
2022-09-26 15:30:00,0.0,0.4041365783528408,5.650233942007505,344.1867214650918,0.22966666666666669,-2.721602706894288
2022-09-26 16:00:00,0.0,0.2309582900155842,5.650233942007505,344.1867214650918,0.228,-2.563862851827696
2022-09-26 16:30:00,0.0,0.0928224143582545,5.534470909225275,337.1349605771143,0.228,-2.2868183356412466
2022-09-26 17:00:00,0.0,0.2264596972357666,5.28651420298127,322.03055841193867,0.22466666666666668,-1.916507174214814
2022-09-26 17:30:00,0.0,0.2024698941903817,4.842253024834309,294.9681748097663,0.22466666666666668,-1.5239784382420198
2022-09-26 18:00:00,0.0,0.0822312743824562,4.961574810167611,302.2367188231207,0.22333333333333336,-1.184195782194979
2022-09-26 18:30:00,0.0,0.0922257600491796,4.404352450214459,268.2932504344163,0.22333333333333336,-0.9374894090755644
2022-09-26 19:00:00,0.0,0.0847029696417991,3.7703021481447263,229.6697709549462,0.22133333333333335,-0.7810981494956102
2022-09-26 19:30:00,0.0,0.0752673294621501,3.198270674653259,194.82419828368063,0.22133333333333335,-0.6856023317661207
2022-09-26 20:00:00,0.0,0.0726350762926565,2.511555492637749,152.99261228137695,0.22066666666666668,-0.6176805678346825
2022-09-26 20:30:00,0.0,0.06906822126272,1.8024936123851776,109.79976639484076,0.22066666666666668,-0.5563975110430383
2022-09-26 21:00:00,0.0,0.0409586536079345,1.263777490118635,76.98361438655236,0.22033333333333335,-0.4985523878488832
2022-09-26 21:30:00,0.0,3.598923620581269e-05,1.1048058999799126,67.2997834199891,0.22033333333333335,-0.4541642813182073
2022-09-26 22:00:00,0.0,0.0472750613924212,0.7832637130185788,47.71288626160059,0.21966666666666668,-0.4357154487392253
2022-09-26 22:30:00,0.0,0.0581459559228769,0.6568950301733106,40.015077092849346,0.21966666666666668,-0.4455375183740404
2022-09-26 23:00:00,0.0,0.0539586478762044,0.5115458698002703,31.16106299538595,0.21933333333333335,-0.4694502270675222
2022-09-26 23:30:00,0.0,0.0399706322867437,0.5479767292455683,33.3802663418898,0.21933333333333335,-0.4840795765139754
2022-09-27 00:00:00,0.0,3.441051549534346e-05,0.6521294129663733,39.72477722579099,0.219,-0.4734939159597827
2022-09-27 00:30:00,0.0,0.03158442072198,0.5793971699645476,35.29425761889725,0.219,-0.4395758854819255
2022-09-27 01:00:00,0.0,3.239131313461301e-05,0.4698285662044627,28.619833357750213,0.21866666666666668,-0.3979067938832805
2022-09-27 01:30:00,0.0,3.2749591528663496e-05,0.4881294186005612,29.734638594290868,0.21866666666666668,-0.3675109855966153
2022-09-27 02:00:00,0.0,3.144557613994091e-05,0.3964664420736385,24.150944238562317,0.21833333333333335,-0.3635347732552921
2022-09-27 02:30:00,0.0,3.1367349421886946e-05,0.3596897103395441,21.91067191503056,0.21833333333333335,-0.3906849768271966
2022-09-27 03:00:00,0.0,3.18386857926341e-05,0.1562646931941466,9.518939035669815,0.218,-0.4355276284576319
2022-09-27 03:30:00,0.0,0.0270569901746643,0.378086075039608,23.031295329561512,0.218,-0.4680045761946247
2022-09-27 04:00:00,0.0,0.033213241034483,0.322848860674759,19.666493816874585,0.218,-0.4597807003758228
2022-09-27 04:30:00,0.0,3.3392474329447656e-05,0.4515118737356836,27.50406321555438,0.218,-0.4051534355067161
2022-09-27 05:00:00,0.0,3.121129113513813e-05,0.3596897103395441,21.91067191503056,0.218,-0.3232157601092632
2022-09-27 05:30:00,0.0,0.0236450958680311,0.4515118737356836,27.50406321555438,0.218,-0.2413040130336316
2022-09-27 06:00:00,0.0,2.9071130245523226e-05,0.2674668058328763,16.292869276780774,0.21733333333333335,-0.1784108372660638
2022-09-27 06:30:00,0.0,3.066923506111654e-05,0.2674668058328763,16.292869276780774,0.21733333333333335,-0.141374458821445
2022-09-27 07:00:00,0.0,2.9561549455001053e-05,0.2119390420403543,12.910368805792174,0.217,-0.1307436467378276
2022-09-27 07:30:00,0.0,2.877237961025713e-05,0.2859436376198375,17.41839438265925,0.217,-0.1477183235860359
2022-09-27 08:00:00,0.0,2.8104307908220937e-05,0.3596897103395441,21.91067191503056,0.217,-0.1996121091135392
2022-09-27 08:30:00,0.0,2.7737713938562392e-05,0.4698285662044627,28.619833357750213,0.217,-0.3043084600990817
2022-09-27 09:00:00,0.0,2.9071130245523226e-05,0.6702735684334433,40.83003719344198,0.21666666666666667,-0.4883886738383903
2022-09-27 09:30:00,0.0,3.066923506111654e-05,1.1011514757068637,67.07717240559695,0.21666666666666667,-0.7728370091973314
2022-09-27 10:00:00,0.0,3.404197166659722e-05,2.057035811605686,125.3053270359447,0.216,-1.1532335118844623
2022-09-27 10:30:00,0.0,0.0581712551104417,3.5991956518057098,219.2467363335902,0.216,-1.592730269115738
2022-09-27 11:00:00,0.0,0.245232909013287,4.545305732640945,276.87948750991666,0.215,-2.0353041361519484
2022-09-27 11:30:00,0.0,0.2085421924888674,5.1151696933384,311.59302509556244,0.215,-2.426609876017949
2022-09-27 12:00:00,0.0,0.2515163757418085,5.598723573815241,341.0489425816823,0.214,-2.726890048009424
2022-09-27 12:30:00,0.0,0.259855807979084,5.36555095335121,326.8451201211162,0.214,-2.916656079422811
2022-09-27 13:00:00,0.0,0.2838121785050398,5.3948277795580255,328.62853208785094,0.212,-3.002224986858302
2022-09-27 13:30:00,0.0,0.4181217852819671,5.6277040514759875,342.8143023340257,0.212,-3.0154985818603133
2022-09-27 14:00:00,0.0,0.2954720671867385,5.453269218618788,332.1885204908938,0.209,-2.9988080522931195
2022-09-27 14:30:00,0.0,0.4461700163297345,5.64218058219766,343.6961471741547,0.209,-2.9821893192590267
2022-09-27 15:00:00,0.0,0.4831367201886696,5.68555550852779,346.33835169888505,0.207,-2.9694473035250377
2022-09-27 15:30:00,0.0,0.4765527479111329,5.671106296879401,345.4581710132607,0.207,-2.938447952507365
2022-09-27 16:00:00,0.0,0.4258946871349724,5.526111799794674,336.62576140079415,0.20333333333333334,-2.8511660919903985
2022-09-27 16:30:00,0.0,0.4057719916050929,5.4824340611757885,333.96511091967403,0.20333333333333334,-2.669098560167122
2022-09-27 17:00:00,0.0,0.4155329412146694,5.409452144396164,329.5193823143745,0.2006666666666667,-2.371221477002816
2022-09-27 17:30:00,0.0,0.3169678169888165,6.256223100145784,381.1008428490464,0.2006666666666667,-1.971920480161255
2022-09-27 18:00:00,0.0,0.0836935677310033,5.292194315283517,322.37656518810576,0.2006666666666667,-1.5301883584629774
2022-09-27 18:30:00,0.0,0.1053838043923839,4.224093194058485,257.31267104127045,0.2006666666666667,-1.1328157556427338
2022-09-27 19:00:00,0.0,0.1012130569095892,3.2639470712608625,198.8249076097056,0.19966666666666666,-0.8507072414391103
2022-09-27 19:30:00,0.0,0.0907111152916812,2.4779197289727883,150.94367354031942,0.19966666666666666,-0.7013945412925248
2022-09-27 20:00:00,0.0,0.0878376597752042,2.0400293639316716,124.2693710863744,0.20000000000000004,-0.6497315118266738
2022-09-27 20:30:00,0.0,0.1030596145805459,1.4361976196172164,87.48666960440735,0.20000000000000004,-0.6399923536755053
2022-09-27 21:00:00,0.0,0.0841362647105937,1.2781453258970188,77.85883802186856,0.20000000000000004,-0.6285981160251615
2022-09-27 21:30:00,0.0,0.0548960945727155,0.9226777703495718,56.20536069919036,0.20000000000000004,-0.5976631669092871
2022-09-27 22:00:00,0.0,0.0550292827068687,0.7968503107248129,48.54052040354416,0.19966666666666666,-0.5497662562510223
2022-09-27 22:30:00,0.0,0.0479583699496415,0.7607624310466958,46.34220983472111,0.19966666666666666,-0.495136126883806
2022-09-27 23:00:00,0.0,3.56948303480287e-05,0.6521294129663733,39.72477722579099,0.19933333333333336,-0.4426429952996127
2022-09-27 23:30:00,0.0,3.453450868479409e-05,0.6339697258776269,38.61857114192628,0.19933333333333336,-0.3981769826451213
2022-09-28 00:00:00,0.0,0.0423076497616246,0.5194604093967955,31.643180986179413,0.19866666666666669,-0.3657797448614233
2022-09-28 00:30:00,0.0,3.3758057524395963e-05,0.4461031120546482,27.174585893148127,0.19866666666666669,-0.3466816524779778
2022-09-28 01:00:00,0.0,0.0391939637906508,0.3540473014968841,21.56696186326042,0.19866666666666669,-0.3371796926163675
2022-09-28 01:30:00,0.0,0.0369146053782283,0.3355879296780881,20.442500339750627,0.19866666666666669,-0.3295780612783986
2022-09-28 02:00:00,0.0,0.0348596013636444,0.4644662874418309,28.293187564702503,0.19866666666666669,-0.3172268420875642
2022-09-28 02:30:00,0.0,3.113345954710823e-05,0.3724905607859918,22.690441884265212,0.19866666666666669,-0.2995928347643825
2022-09-28 03:00:00,0.0,3.070852557616108e-05,0.187329028263902,11.411237965571004,0.19866666666666669,-0.2825958993140341
2022-09-28 03:30:00,0.0,0.0328375331434763,0.1314621550485655,8.008080480792463,0.19866666666666669,-0.2739163796193568
2022-09-28 04:00:00,0.0,3.062997880469489e-05,0.1687231863469251,10.277854145497397,0.19833333333333333,-0.2774118348575705
2022-09-28 04:30:00,0.0,3.0208193578321032e-05,0.2059184650451321,12.543622458900655,0.19833333333333333,-0.2905813408040416
2022-09-28 05:00:00,0.0,2.8697275808784963e-05,0.1314621550485655,8.008080480792463,0.19766666666666666,-0.3063136586614975
2022-09-28 05:30:00,0.0,2.8399713350494872e-05,0.2244915295840474,13.675009629205604,0.19766666666666666,-0.3178413079411382
2022-09-28 06:00:00,0.0,2.8921487481622617e-05,0.1687231863469251,10.277854145497397,0.19766666666666666,-0.3238024899440167
2022-09-28 06:30:00,0.0,2.8031900533583182e-05,0.0192818868566013,1.1745654231223743,0.19766666666666666,-0.3293198862388249
2022-09-28 07:00:00,0.0,0.0291948876945763,0.1128068993957422,6.871686599204424,0.19733333333333336,-0.3411803627517182
2022-09-28 07:30:00,0.0,0.0289966472693444,0.0380201656954799,2.316016702069046,0.19733333333333336,-0.3614382269361594
2022-09-28 08:00:00,0.0,2.9711932489174568e-05,0.187329028263902,11.411237965571004,0.19699999999999998,-0.3879853852812519
2022-09-28 08:30:00,0.0,2.9827376435069603e-05,0.3724905607859918,22.690441884265212,0.19699999999999998,-0.4258045343574143
2022-09-28 09:00:00,0.0,2.929735908506126e-05,0.7198931702698231,43.85263913377844,0.19699999999999998,-0.5002438216013174
2022-09-28 09:30:00,0.0,2.7701093423267577e-05,0.99019783710087,60.318378079843555,0.19699999999999998,-0.655170666845012
2022-09-28 10:00:00,0.0,3.0093290408167564e-05,1.1862642187816237,72.26185613630174,0.19600000000000004,-0.9285971309506984
2022-09-28 10:30:00,0.0,3.721987992815649e-05,2.1914405210479786,133.49265463462726,0.19600000000000004,-1.3218399757351336
2022-09-28 11:00:00,0.0,0.0667583408867855,3.5216744635060415,214.5244958177469,0.19600000000000004,-1.7881344589698058
2022-09-28 11:30:00,0.0,0.0732665003155653,4.289128192564461,261.2743092930675,0.19600000000000004,-2.2488391124677616
2022-09-28 12:00:00,0.0,0.1069543177085127,4.731243855672644,288.2059978134733,0.19466666666666668,-2.6261854389922967
2022-09-28 12:30:00,0.0,0.1138509863723651,4.866708759202391,296.4579076455329,0.19466666666666668,-2.876865103625594
2022-09-28 13:00:00,0.0,0.1212583070519386,4.791550643748379,291.8796148500278,0.19233333333333333,-3.007511647511804
2022-09-28 13:30:00,0.0,0.1275864792227181,5.060961478107018,308.29090556060834,0.19233333333333333,-3.057991754153545
2022-09-28 14:00:00,0.0,0.1582647002443364,5.135233890361987,312.81524531923066,0.18800000000000003,-3.06788800042976
2022-09-28 14:30:00,0.0,0.1579818321966145,5.164875098493887,314.62085378640114,0.18800000000000003,-3.05770907814008
2022-09-28 15:00:00,0.0,0.1158566341203503,5.561307974160367,338.76975331110737,0.18533333333333335,-3.029758567104226
2022-09-28 15:30:00,0.0,0.1135342506882818,5.385964044449471,328.0885933953542,0.18533333333333335,-2.969386322430238
2022-09-28 16:00:00,0.0,0.0994400576129725,5.5030090560796765,335.2184466421971,0.18266666666666667,-2.8437390978649755
2022-09-28 16:30:00,0.0,0.2548541732618726,5.57585956788095,339.65617064996184,0.18266666666666667,-2.6172512821070213
2022-09-28 17:00:00,0.0,0.1652290592587073,4.926656193333154,300.1096344634814,0.18166666666666664,-2.285254400901138
2022-09-28 17:30:00,0.0,0.2704309204958045,4.881710491938593,297.3717454192896,0.18166666666666664,-1.8940311484376515
2022-09-28 18:00:00,0.0,0.1391077608143243,4.579768605762609,278.9788100218264,0.18000000000000002,-1.521108906929181
2022-09-28 18:30:00,0.0,0.1258105890425527,3.759431121221009,229.00755711491112,0.18000000000000002,-1.230181303464981
2022-09-28 19:00:00,0.0,0.1205469195857813,2.9076539865922855,177.12114278307763,0.17966666666666667,-1.040681035491401
2022-09-28 19:30:00,0.0,0.1150443916804042,2.1914405210479786,133.49265463462726,0.17966666666666667,-0.9336515206494458
2022-09-28 20:00:00,0.0,0.1094059770823418,1.7466369965787405,106.3972337450648,0.18033333333333335,-0.8779868331720584
2022-09-28 20:30:00,0.0,0.0911450578036133,1.3805481870495642,84.09675762139172,0.18033333333333335,-0.8484499015825242
2022-09-28 21:00:00,0.0,0.0879749298530339,1.0795422821205694,65.76083797231355,0.18100000000000002,-0.8276626284089889
2022-09-28 21:30:00,0.0,4.0777784320328945e-05,0.7198931702698231,43.85263913377844,0.18100000000000002,-0.8036516991626785
2022-09-28 22:00:00,0.0,3.948357461039692e-05,0.7198931702698231,43.85263913377844,0.18100000000000002,-0.7711697346353934
2022-09-28 22:30:00,0.0,3.891027643412545e-05,0.6472275145843149,39.42617572532351,0.18100000000000002,-0.7328232341516586
2022-09-28 23:00:00,0.0,3.74774208217219e-05,0.5925644651195487,36.096349744016024,0.18133333333333335,-0.6949563992002072
2022-09-28 23:30:00,0.0,0.0763989912896592,0.665417268419813,40.53421333954533,0.18133333333333335,-0.6610696605790467
2022-09-29 00:00:00,0.0,0.0539181245847947,0.569089092383718,34.66633610917423,0.18133333333333335,-0.6299674174117338
2022-09-29 00:30:00,0.0,3.666573640149513e-05,0.5324445493448265,32.43411612366664,0.18133333333333335,-0.6009229999740686
2022-09-29 01:00:00,0.0,0.0469469903767161,0.5324445493448265,32.43411612366664,0.18133333333333335,-0.5779601958855393
2022-09-29 01:30:00,0.0,0.0486501921026379,0.4957364959334577,30.198027373235977,0.18133333333333335,-0.5652663118974252
2022-09-29 02:00:00,0.0,0.0460058352036758,0.3297575231043244,20.087338315659412,0.18133333333333335,-0.5595125994974265
2022-09-29 02:30:00,0.0,3.582180858518088e-05,0.4036868470762698,24.590778686306056,0.18133333333333335,-0.5518579723455337
2022-09-29 03:00:00,0.0,3.628344353323172e-05,0.4036868470762698,24.590778686306056,0.18133333333333335,-0.5390269825227444
2022-09-29 03:30:00,0.0,3.53190922434402e-05,0.4036868470762698,24.590778686306056,0.18133333333333335,-0.528868731360385
2022-09-29 04:00:00,0.0,3.56948303480287e-05,0.2555685386744376,15.568080603176972,0.18133333333333335,-0.5325654378342842
2022-09-29 04:30:00,0.0,3.6073138475722e-05,0.3482641162462701,21.21467634880845,0.18133333333333335,-0.5528820494848458
2022-09-29 05:00:00,0.0,3.700612199468409e-05,0.3112347013021451,18.95901170585729,0.18166666666666664,-0.5815404533756655
2022-09-29 05:30:00,0.0,3.598923620581269e-05,0.3112347013021451,18.95901170585729,0.18166666666666664,-0.6063774403736019
2022-09-29 06:00:00,0.0,0.0630284515932189,0.3482641162462701,21.21467634880845,0.18166666666666664,-0.6182990020930934
2022-09-29 06:30:00,0.0,3.825496551648326e-05,0.274140241708386,16.69938483675122,0.18166666666666664,-0.6124194420574348
2022-09-29 07:00:00,0.0,0.0430508670104229,0.3112347013021451,18.95901170585729,0.18166666666666664,-0.587741477247583
2022-09-29 07:30:00,0.0,3.6580953183153445e-05,0.3667545131116724,22.34102777797247,0.18166666666666664,-0.5498732471926768
2022-09-29 08:00:00,0.0,3.556987643811817e-05,0.4773585741407956,29.07852741729064,0.18166666666666664,-0.51301609770543
2022-09-29 08:30:00,0.0,3.511241543644672e-05,0.7150371504428898,43.55683234758937,0.18166666666666664,-0.4945093327754045
2022-09-29 09:00:00,0.0,3.577829014767662e-05,1.021887708799907,62.24878187474654,0.18133333333333335,-0.5027612667751179
2022-09-29 09:30:00,0.0,3.603117163951886e-05,1.3773254851151455,83.90044518115448,0.18133333333333335,-0.5291966418930341
2022-09-29 10:00:00,0.0,0.0014904203793144,1.587790464626299,96.721020758141,0.18133333333333335,-0.554047339195613
2022-09-29 10:30:00,0.0,0.0013350029235123,1.674879249990868,102.0260760564988,0.18133333333333335,-0.5617826895498103
2022-09-29 11:00:00,0.0,3.239131313461301e-05,1.05769880938729,64.43023231197368,0.18099999999999997,-0.5507334898902404
2022-09-29 11:30:00,1.2,3.117315308598607e-05,0.4405547821871493,26.83660670745395,0.18099999999999997,-0.5293134119889089
2022-09-29 12:00:00,2.2,3.066923506111654e-05,0.2555685386744376,15.568080603176972,0.18000000000000002,-0.5065544229498724
2022-09-29 12:30:00,1.2,3.168104669226165e-05,0.2555685386744376,15.568080603176972,0.18000000000000002,-0.4870757782188915
2022-09-29 13:00:00,0.2,0.0292087867601345,0.1997551431584991,12.168180738209614,0.17800000000000002,-0.4715923504639462
2022-09-29 13:30:00,0.0,0.0302604642283682,0.3667545131116724,22.34102777797247,0.17800000000000002,-0.4592243663256347
2022-09-29 14:00:00,0.0,0.0357832178784812,0.5140984771523772,31.316556301455545,0.17566666666666667,-0.4490913746422294
2022-09-29 14:30:00,0.0,0.0352537938271711,1.021887708799907,62.24878187474654,0.17566666666666667,-0.4407055400583605
2022-09-29 15:00:00,0.0,0.0286892087094268,1.9168709459410684,116.7671167471581,0.17366666666666666,-0.433405818336125
2022-09-29 15:30:00,0.0,0.0295068410087946,2.610385723971782,159.01290341509446,0.17366666666666666,-0.4255023720571042
2022-09-29 16:00:00,0.0,0.0095645397508316,3.2016623673893267,195.0308048799784,0.17300000000000001,-0.414052798994404
2022-09-29 16:30:00,0.0,0.0094989236821844,2.973611574458395,181.138981010023,0.17300000000000001,-0.3958278698820984
2022-09-29 17:00:00,0.0,0.0014197441749932,2.8586920072544446,174.13860023391982,0.17133333333333334,-0.3688957599842398
2022-09-29 17:30:00,0.0,0.0013227348510773,2.5937312183387617,157.9983861844301,0.17133333333333334,-0.3336729544181399
2022-09-29 18:00:00,0.0,3.3758057524395963e-05,1.674879249990868,102.0260760564988,0.16866666666666666,-0.2929449554137784
2022-09-29 18:30:00,0.0,3.4165093201904455e-05,1.2181094048958276,74.20172098359677,0.16866666666666666,-0.2508758234838791
2022-09-29 19:00:00,0.0,3.351404317298461e-05,0.9680580235498326,58.96972067588613,0.168,-0.2112329379945238
2022-09-29 19:30:00,0.0,3.3191613558943914e-05,0.7150371504428898,43.55683234758937,0.168,-0.1758614241606352
2022-09-29 20:00:00,0.0,3.259057729906609e-05,0.569089092383718,34.66633610917423,0.16866666666666666,-0.1445202407554481
2022-09-29 20:30:00,0.0,3.2551313253550324e-05,0.4957364959334577,30.198027373235977,0.16866666666666666,-0.1161155550043686
2022-09-29 21:00:00,0.0,3.239131313461301e-05,0.3297575231043244,20.087338315659412,0.16933333333333334,-0.0902290664488569
2022-09-29 21:30:00,0.0,3.1523934586024005e-05,0.3667545131116724,22.34102777797247,0.16933333333333334,-0.0680667745052239
2022-09-29 22:00:00,0.0,3.066923506111654e-05,0.274140241708386,16.69938483675122,0.16966666666666666,-0.0522410656717104
2022-09-29 22:30:00,0.0,0.0076762122435864,0.1811178059902217,11.032878369736393,0.16966666666666666,-0.0454414829224828
2022-09-29 23:00:00,0.0,0.0081395483568063,0.1997551431584991,12.168180738209614,0.17,-0.0488867624932399
2022-09-29 23:30:00,0.0,0.0124220112413954,0.2183760223086014,13.302480558580283,0.17,-0.0619151939024299
2022-09-30 00:00:00,0.0,0.0087712463689761,0.1373421055589659,8.366260497641932,0.17,-0.0830523917663175
2022-09-30 00:30:00,0.0,0.0083625625181974,0.1560607836031516,9.506517784741058,0.17,-0.1110574016580114
2022-09-30 01:00:00,0.0,2.8104307908220937e-05,0.1747628502240176,10.64576317898938,0.16966666666666666,-0.1440025525203798
2022-09-30 01:30:00,0.0,2.8809982646216876e-05,0.0623006054536952,3.79507138226191,0.16966666666666666,-0.1771764607409625
2022-09-30 02:00:00,0.0,2.9372021514339375e-05,0.1186067824813634,7.2249892703167555,0.17,-0.2028988266811451
2022-09-30 02:30:00,0.0,2.9183333930494853e-05,0.1373421055589659,8.366260497641932,0.17,-0.213463571849286
2022-09-30 03:00:00,0.0,2.8921487481622617e-05,0.1373421055589659,8.366260497641932,0.17033333333333334,-0.2052739043683207
2022-09-30 03:30:00,0.0,2.8846113638478657e-05,0.1186067824813634,7.2249892703167555,0.17033333333333334,-0.181366753674857
2022-09-30 04:00:00,0.0,2.7701093423267577e-05,-0.013009384218501,-0.7924729043793682,0.17033333333333334,-0.1499914893919723
2022-09-30 04:30:00,0.0,2.851160658810513e-05,0.1373421055589659,8.366260497641932,0.17033333333333334,-0.1195897498873339
2022-09-30 05:00:00,0.0,2.8031900533583182e-05,0.0623006054536952,3.79507138226191,0.16966666666666666,-0.094781953960796
2022-09-30 05:30:00,0.0,2.8031900533583182e-05,0.0810860662881179,4.939396775187781,0.16966666666666666,-0.0772546537920991
2022-09-30 06:00:00,0.0,2.7701093423267577e-05,0.0434983641475286,2.6497237988190685,0.16966666666666666,-0.0690299109856773
2022-09-30 06:30:00,0.0,2.6507359011527425e-05,0.0623006054536952,3.79507138226191,0.16966666666666666,-0.0731517245232523
2022-09-30 07:00:00,0.0,2.6650985973610524e-05,-0.031879089537005,-1.9419300906212449,0.16933333333333334,-0.0918085537418889
2022-09-30 07:30:00,0.0,2.7554950680070244e-05,0.0246793082586261,1.503351946971761,0.16933333333333334,-0.1254808601081974
2022-09-30 08:00:00,0.0,2.7664506845837684e-05,0.0998547806608497,6.0827020493354444,0.169,-0.174454374369417
2022-09-30 08:30:00,0.0,2.8659775033925233e-05,0.1560607836031516,9.506517784741058,0.169,-0.2410755291377776
2022-09-30 09:00:00,0.0,0.0009348049646448,0.2494056712177379,15.192666564304146,0.169,-0.3300521721072966
2022-09-30 09:30:00,0.0,0.0009630996637043,0.2494056712177379,15.192666564304146,0.169,-0.4449477570227403
2022-09-30 10:00:00,0.0,0.0069199794615732,0.4533230337636743,27.614390900829175,0.169,-0.5828116095109759
2022-09-30 10:30:00,0.0,0.0072382068280974,0.7282632784676274,44.362508305299286,0.169,-0.733606065504135
2022-09-30 11:00:00,0.0,0.016983203573968,0.9996893695566432,60.89655935006392,0.16866666666666666,-0.8872578264943669
2022-09-30 11:30:00,0.0,0.0177145333770028,1.4092812588999464,85.84704652965775,0.16866666666666666,-1.0412663734248426
2022-09-30 12:00:00,0.0,0.010301528038441,1.897582837782054,115.59217235040336,0.16833333333333333,-1.1998723034604384
2022-09-30 12:30:00,0.0,0.0108035733970641,2.2736446271874695,138.50015734575695,0.16833333333333333,-1.366714651935474
2022-09-30 13:00:00,0.0,0.0282060242601153,2.875322690100333,175.1516662880341,0.18833333333333332,-1.5403859308781755
2022-09-30 13:30:00,0.0,0.0287471919102429,3.541039736053305,215.7041407203706,0.18833333333333332,-1.7146661916223294
2022-09-30 14:00:00,0.0,0.1469693478294724,4.078305859318749,248.43196534125556,0.2363333333333333,-1.876639591406552
2022-09-30 14:30:00,0.0,0.2302461016663024,4.754967131746612,289.6511125995363,0.2363333333333333,-2.002197603072645
2022-09-30 15:00:00,0.0,0.1407671819764094,5.100762326731954,310.7153934208186,0.25966666666666666,-2.0585718789922143
2022-09-30 15:30:00,0.0,0.2188433332912304,5.397237534594056,328.7753234762958,0.25966666666666666,-2.018863886274948
2022-09-30 16:00:00,0.0,0.0104454153558045,5.2939089829807155,322.4810149965842,0.28099999999999997,-1.8792738995342828
2022-09-30 16:30:00,0.0,0.0780711410930417,5.130584028559663,312.53199674838663,0.28099999999999997,-1.6642205500173597
2022-09-30 17:00:00,0.0,0.0045376710006036,4.480607944383759,272.9383905828093,0.30866666666666664,-1.4145149648984532
2022-09-30 17:30:00,0.0,0.004372448209691,3.858647220451936,235.05135357738385,0.30866666666666664,-1.1688290894146516
2022-09-30 18:00:00,0.0,0.0030731292202945,3.700411255245033,225.4123335577848,0.334,-0.9525587934173988
2022-09-30 18:30:00,0.0,0.0029967366337529,3.2836346385801267,200.02418525356777,0.334,-0.7785744583184259
2022-09-30 19:00:00,0.0,3.649629532168442e-05,2.858831246063612,174.14708203303113,0.3023333333333333,-0.6530125494405119
2022-09-30 19:30:00,0.0,3.540371153436868e-05,2.3413241564711305,142.62288846335872,0.3023333333333333,-0.576616978126789
2022-09-30 20:00:00,0.0,3.582180858518088e-05,2.035089659548774,123.9684666151602,0.2946666666666667,-0.5394744580917505
2022-09-30 20:30:00,0.0,3.624131975377748e-05,1.8457912683180773,112.43726395611404,0.2946666666666667,-0.5185650056703172
2022-09-30 21:00:00,0.0,3.5905459563835916e-05,1.6373717577252045,99.7412891032865,0.29,-0.4871840092113256
2022-09-30 21:30:00,0.0,3.5028248745586314e-05,1.3209043594068155,80.46352513886323,0.29,-0.4305252762226487
2022-09-30 22:00:00,0.0,3.4286814121211164e-05,1.1251809288812915,68.54093811717505,0.2866666666666667,-0.3527080843668405
2022-09-30 22:30:00,0.0,3.235220977632475e-05,0.8553598388793268,52.10465648652139,0.2866666666666667,-0.2696588945347916
2022-09-30 23:00:00,0.0,3.082344996839441e-05,0.7100444038031155,43.252696781754864,0.284,-0.196354349168927
2022-09-30 23:30:00,0.0,2.9636675311373782e-05,0.4901885291649475,29.860070305891544,0.284,-0.1396058372632971
2022-10-01 00:00:00,0.0,0.0080481583940701,0.4660285313206234,28.38835240288254,0.2813333333333333,-0.099364128124447
2022-10-01 00:30:00,0.0,0.0106943302045015,0.3919797828829365,23.877637233396037,0.2813333333333333,-0.0732562069898236
2022-10-01 01:00:00,0.0,0.0073900278794562,0.4105162904330725,25.006797517125353,0.2793333333333333,-0.0586169726862377
2022-10-01 01:30:00,0.0,0.0071830345367141,0.4105162904330725,25.006797517125353,0.2793333333333333,-0.0519000416025053
2022-10-01 02:00:00,0.0,0.0066868443448569,0.3919797828829365,23.877637233396037,0.2776666666666667,-0.0488076955055422
2022-10-01 02:30:00,0.0,2.7083732081437783e-05,0.2990525756620474,18.2169316561503,0.2776666666666667,-0.046158472890854
2022-10-01 03:00:00,0.0,0.0060713387147344,0.2244152344060667,13.67036207169873,0.2763333333333333,-0.0431551565835724
2022-10-01 03:30:00,0.0,2.6544279676838223e-05,0.2804179707509766,17.08179572444055,0.2763333333333333,-0.0404974586336945
2022-10-01 04:00:00,0.0,0.0053212935118022,0.2617669010431425,15.945656831707286,0.27566666666666667,-0.0386187995178372
2022-10-01 04:30:00,0.0,2.6223163795089992e-05,0.2244152344060667,13.67036207169873,0.27566666666666667,-0.0371171273809556
2022-10-01 05:00:00,0.0,2.5272322163303384e-05,0.3548579319886806,21.616341810029834,0.27466666666666667,-0.0358633378635325
2022-10-01 05:30:00,0.0,2.572792735869879e-05,0.1682634157051454,10.2498469954494,0.27466666666666667,-0.0362917766922181
2022-10-01 06:00:00,0.0,2.5376732589395176e-05,0.1495128569306822,9.10764767831316,0.2733333333333333,-0.0410725017570238
2022-10-01 06:30:00,0.0,2.406591359982391e-05,0.0366576330163897,2.2330173677904237,0.2733333333333333,-0.0523164615555364
2022-10-01 07:00:00,0.0,2.3931122324087595e-05,0.074343291101019,4.528657377661317,0.2723333333333333,-0.0703142231936237
2022-10-01 07:30:00,0.0,2.4442777673205428e-05,0.1682634157051454,10.2498469954494,0.2723333333333333,-0.0944682055496762
2022-10-01 08:00:00,0.0,2.2790967230116472e-05,0.074343291101019,4.528657377661317,0.2713333333333333,-0.1263669697636186
2022-10-01 08:30:00,0.0,2.3828417590123304e-05,0.0177894652897325,1.083653844696322,0.2713333333333333,-0.1740904663745867
2022-10-01 09:00:00,0.0,2.437321212789204e-05,0.1307455990091685,7.964431124592808,0.27,-0.2554753459480369
2022-10-01 09:30:00,0.0,2.4821185487419337e-05,0.1119616080647471,6.820195270724195,0.27,-0.3959409558140657
2022-10-01 10:00:00,0.0,2.586853706785997e-05,0.2057145708163965,12.53120214377133,0.26933333333333337,-0.6171932388186636
2022-10-01 10:30:00,0.0,3.2510446819210245e-05,0.8505952811828071,51.81442116005034,0.26933333333333337,-0.9220077381057016
2022-10-01 11:00:00,0.0,0.0529739493092218,1.878075819870149,114.40389296063458,0.2683333333333333,-1.2878370795555536
2022-10-01 11:30:00,0.0,0.057390858692938,2.9248993890253323,178.1716547768638,0.2683333333333333,-1.6749710433939722
2022-10-01 12:00:00,0.0,0.0826717151979992,3.558622995008459,216.77523340689677,0.26699999999999996,-2.040773303731466
2022-10-01 12:30:00,0.0,0.0874022589960081,4.667866641422708,284.34534428794404,0.26699999999999996,-2.350956647587501
2022-10-01 13:00:00,0.0,0.1215389973960372,5.150466351646926,313.7431380336417,0.26499999999999996,-2.58808295934439
2022-10-01 13:30:00,0.0,0.1248088566798802,5.579154273464723,339.8568692271731,0.26499999999999996,-2.7556632150428086
2022-10-01 14:00:00,0.0,0.1114918339007516,5.899100620596569,359.3465550338667,0.26066666666666666,-2.8695870601464293
2022-10-01 14:30:00,0.0,0.1045054296341139,6.171890758431461,375.9636976430174,0.26066666666666666,-2.9368769431798873
2022-10-01 15:00:00,0.0,0.2346175909256351,6.057423598085903,368.99087544855104,0.2563333333333333,-2.9394686569480117
2022-10-01 15:30:00,0.0,0.2392134376329477,5.8846536500618924,358.4665108667634,0.2563333333333333,-2.842773265736258
2022-10-01 16:00:00,0.0,0.1779854902345514,5.956798231272463,362.8612327726525,0.2523333333333333,-2.6253624944329927
2022-10-01 16:30:00,0.0,0.0709017280241325,5.826775084998218,354.94081020430684,0.2523333333333333,-2.3008410239947077
2022-10-01 17:00:00,0.0,0.1331465017789319,5.299200364354294,322.80334204103684,0.2496666666666667,-1.9116372415494929
2022-10-01 17:30:00,0.0,0.1051002425139885,5.461696109848496,332.70184862814716,0.2496666666666667,-1.5081454325329806
2022-10-01 18:00:00,0.0,0.0568616262123527,4.804640167034714,292.6769694643155,0.24866666666666667,-1.1359487930857628
2022-10-01 18:30:00,0.0,0.0544747831408404,4.205863753141866,256.2022158693907,0.24866666666666667,-0.8311467320264447
2022-10-01 19:00:00,0.0,0.0515576331115716,3.4783860045048645,211.88755849199833,0.24866666666666667,-0.6131176988723155
2022-10-01 19:30:00,0.0,0.0459258747779794,3.0235904286228035,184.1834669789204,0.24866666666666667,-0.4788714676252471
2022-10-01 20:00:00,0.0,0.0447819447437864,2.458365331909361,149.75250802672008,0.24866666666666667,-0.4081909695169778
2022-10-01 20:30:00,0.0,0.0409020925875273,2.0160195774329095,122.80680337981504,0.24866666666666667,-0.3758897812281923
2022-10-01 21:00:00,0.0,0.0392986915583788,1.4764988956512084,89.94164124122264,0.24833333333333338,-0.3613796745402334
2022-10-01 21:30:00,0.0,0.0272894089542459,1.2639616549252002,76.99483287442942,0.24833333333333338,-0.3518246456663285
2022-10-01 22:00:00,0.0,0.0269043169029733,1.0852203544415335,66.10672048203844,0.248,-0.3410027632573834
2022-10-01 22:30:00,0.0,0.0359730255433079,1.0672636736368932,65.01288062372836,0.248,-0.3268202783563398
2022-10-01 23:00:00,0.0,0.0247552112059342,0.7778795974781524,47.38491027071795,0.248,-0.309066336442655
2022-10-01 23:30:00,0.0,0.0243301891470068,0.7414282507147187,45.16445892936414,0.248,-0.287702782730166
2022-10-02 00:00:00,0.0,2.9675055420673333e-05,0.6813190871214669,41.502880283326775,0.248,-0.2619882858064286
2022-10-02 00:30:00,0.0,0.022535246640962,0.6996459638164014,42.6192708025631,0.248,-0.2305840310324464
2022-10-02 01:00:00,0.0,2.8031900533583182e-05,0.6629763705564566,40.38552487077703,0.2476666666666667,-0.1926502039710807
2022-10-02 01:30:00,0.0,2.661538347478615e-05,0.6078528675559864,37.0276501406093,0.2476666666666667,-0.1499124419153168
2022-10-02 02:00:00,0.0,2.5272322163303384e-05,0.5710240887858288,34.784207346812344,0.2476666666666667,-0.1082972637541631
2022-10-02 02:30:00,0.0,2.4890315067776933e-05,0.6629763705564566,40.38552487077703,0.2476666666666667,-0.0761269658428097
2022-10-02 03:00:00,0.0,2.4305123741553115e-05,0.3859132923154633,23.508094039141024,0.24733333333333332,-0.0590576782565821
2022-10-02 03:30:00,0.0,2.423717327478117e-05,0.4416167540813764,26.901297236786657,0.24733333333333332,-0.0567105443171065
2022-10-02 04:00:00,0.0,2.3795567379061236e-05,0.3300626549304123,20.105925567782737,0.24700000000000003,-0.0642034927628363
2022-10-02 04:30:00,0.0,2.3458477494513853e-05,0.3673128098145443,22.375036690477422,0.24700000000000003,-0.076098526386778
2022-10-02 05:00:00,0.0,2.4339818229124272e-05,0.3114129165378498,18.96986777276034,0.24700000000000003,-0.0889078012622173
2022-10-02 05:30:00,0.0,2.3257646047119997e-05,0.2740639520989458,16.69473761845467,0.24700000000000003,-0.1012701664335862
2022-10-02 06:00:00,0.0,2.309017886238001e-05,0.3859132923154633,23.508094039141024,0.24666666666666667,-0.1131089658712493
2022-10-02 06:30:00,0.0,2.2199859468317535e-05,0.2553646594581703,15.55566120253938,0.24666666666666667,-0.1250521732768386
2022-10-02 07:00:00,0.0,2.239646230174098e-05,0.1991671382165075,12.132362134012585,0.24633333333333338,-0.1389032155300944
2022-10-02 07:30:00,0.0,2.126252410024619e-05,0.2179162861100853,13.274475506660286,0.24633333333333338,-0.1596839854786901
2022-10-02 08:00:00,0.0,2.1906731267520072e-05,0.2179162861100853,13.274475506660286,0.246,-0.1989442033098344
2022-10-02 08:30:00,0.0,2.1841297402105628e-05,0.2553646594581703,15.55566120253938,0.246,-0.2771052783640941
2022-10-02 09:00:00,0.0,2.2923596763138143e-05,0.3486959416715953,21.240981202539007,0.2456666666666667,-0.420387653523785
2022-10-02 09:30:00,0.0,2.3424701532556037e-05,0.4416167540813764,26.901297236786657,0.2456666666666667,-0.6510962227913538
2022-10-02 10:00:00,0.0,2.668662221553466e-05,0.8274931998770397,50.407146752430506,0.2456666666666667,-0.9760893590152172
2022-10-02 10:30:00,0.0,3.457533729690223e-05,2.048398261207775,124.77916649401674,0.2456666666666667,-1.38069942130661
2022-10-02 11:00:00,0.0,0.0588395312307568,3.2854986098661345,200.13772996205608,0.24533333333333332,-1.829989343869271
2022-10-02 11:30:00,0.0,0.0580602447005095,4.193166911254775,255.42878163163493,0.24533333333333332,-2.274313553151949
2022-10-02 12:00:00,0.0,0.0901753037942924,4.929953385433094,300.31048450802234,0.244,-2.656884942842799
2022-10-02 12:30:00,0.0,0.1005877935083418,5.408153277163241,329.44026119140744,0.244,-2.9256905773306663
2022-10-02 13:00:00,0.0,0.2191641795860496,5.905518452128037,359.7375003321328,0.24133333333333332,-3.052939737174431
2022-10-02 13:30:00,0.0,0.4369310128425548,5.716618398447763,348.23056259679134,0.24133333333333332,-3.053019889327595
2022-10-02 14:00:00,0.0,0.3360569034028525,5.584926751818724,340.20850252586195,0.2373333333333333,-2.9785042831854724
2022-10-02 14:30:00,0.0,0.2184446801988195,5.5555590556465715,338.41955517143,0.2373333333333333,-2.8886596889656047
2022-10-02 15:00:00,0.0,0.3435598279151513,5.614256900449049,341.9951626537024,0.233,-2.8128751510380936
2022-10-02 15:30:00,0.0,0.3488337505615053,5.643549617169813,343.77954259874645,0.233,-2.736840994979723
2022-10-02 16:00:00,0.0,0.2161884257664481,5.774906696485496,351.7812223406708,0.22933333333333336,-2.617956288323263
2022-10-02 16:30:00,0.0,0.062792920305267,5.5702476044231055,339.3143151934688,0.22933333333333336,-2.41484502730635
2022-10-02 17:00:00,0.0,0.1707259446613392,5.467229517568744,333.0389188240557,0.227,-2.111581321170203
2022-10-02 17:30:00,0.0,0.2444568377784355,5.658181974554719,344.6708796951051,0.227,-1.7272710057266236
2022-10-02 18:00:00,0.0,4.3859270541381515e-05,5.0203848284748,305.81915940845016,0.22533333333333336,-1.3114789141330994
2022-10-02 18:30:00,0.0,0.0476852280715838,4.177557490707189,254.47792626221377,0.22533333333333336,-0.9287471733326048
2022-10-02 19:00:00,0.0,0.0597103938799099,3.1714224370090154,193.1887249587293,0.226,-0.6350453336989558
2022-10-02 19:30:00,0.0,0.0541668872322166,2.558402796432021,155.84633835146968,0.226,-0.4553108330107758
2022-10-02 20:00:00,0.0,0.0594433040933513,1.996732007447056,121.63189176613756,0.226,-0.3764000997108526
2022-10-02 20:30:00,0.0,0.0481739844580997,1.5964615047016129,97.24922133989502,0.226,-0.3611304263000856
2022-10-02 21:00:00,0.0,0.045120411192075,1.224372831243268,74.58326061572352,0.226,-0.3713589891617878
2022-10-02 21:30:00,0.0,0.0469142066575379,1.00880932465126,61.452105806395195,0.226,-0.3823487380655712
2022-10-02 22:00:00,0.0,0.0400923049127406,0.8638801902489015,52.623677793200706,0.22566666666666668,-0.3831635479215031
2022-10-02 22:30:00,0.0,0.0366088502011597,0.7545318669543436,45.96267202268798,0.22566666666666668,-0.3711655591031717
2022-10-02 23:00:00,0.0,0.0243784879173341,0.736252322595579,44.84916477550248,0.22566666666666668,-0.3485078754118176
2022-10-02 23:30:00,0.0,0.0226652561589198,0.6813190871214669,41.502880283326775,0.22566666666666668,-0.3202339168008843
2022-10-03 00:00:00,0.0,0.0222805934599573,0.3979745009040437,24.24280836842686,0.22566666666666668,-0.2909774721896523
2022-10-03 00:30:00,0.0,0.0213128770582492,0.4164010365467267,25.36526966045637,0.22566666666666668,-0.2622490662070931
2022-10-03 01:00:00,0.0,2.929735908506126e-05,0.3425983223221574,20.86954178354046,0.22533333333333336,-0.2332595693279232
2022-10-03 01:30:00,0.0,0.0180322542596619,0.3241072985192915,19.743152164178937,0.22533333333333336,-0.2036294210016958
2022-10-03 02:00:00,0.0,2.7482082813501057e-05,0.2128197644817313,12.96401843742328,0.225,-0.1746270182398057
2022-10-03 02:30:00,0.0,2.7482082813501057e-05,0.2685368820127828,16.358053482578285,0.225,-0.148282102117882
2022-10-03 03:00:00,0.0,2.7884535497595156e-05,0.1009418781914005,6.148923118904138,0.22533333333333336,-0.1256501406541603
2022-10-03 03:30:00,0.0,2.668662221553466e-05,0.1755930821347328,10.696337155631356,0.22533333333333336,-0.105876412371892
2022-10-03 04:00:00,0.0,2.7191966871061615e-05,0.1196294921856685,7.287288124443534,0.225,-0.087345389696345
2022-10-03 04:30:00,0.0,2.6223163795089992e-05,0.0447793157085922,2.727753580007462,0.225,-0.0700556564059856
2022-10-03 05:00:00,0.0,2.502899022333993e-05,0.0635168235629525,3.869157894060928,0.22466666666666668,-0.056577220535288
2022-10-03 05:30:00,0.0,2.451114486718893e-05,0.0260251091816651,1.5853320582732937,0.22466666666666668,-0.0504028042864457
2022-10-03 06:00:00,0.0,2.506306392233109e-05,0.1009418781914005,6.148923118904138,0.224,-0.0532570781047729
2022-10-03 06:30:00,0.0,2.5202430447118047e-05,0.0072541701229584,0.4418912663081676,0.224,-0.0642133147634383
2022-10-03 07:00:00,0.0,2.5517348206729587e-05,0.0447793157085922,2.727753580007462,0.22366666666666668,-0.0821134293088208
2022-10-03 07:30:00,0.0,2.5657134418759616e-05,0.0260251091816651,1.5853320582732937,0.22366666666666668,-0.1096750881441763
2022-10-03 08:00:00,0.0,2.502899022333993e-05,0.0447793157085922,2.727753580007462,0.22333333333333336,-0.1561772280702264
2022-10-03 08:30:00,0.0,2.5517348206729587e-05,0.0447793157085922,2.727753580007462,0.22333333333333336,-0.2379309547053348
2022-10-03 09:00:00,0.0,0.0094683170121818,0.2128197644817313,12.96401843742328,0.223,-0.3765481713695831
2022-10-03 09:30:00,0.0,2.6795163676127593e-05,0.287076610811284,17.487409990202973,0.223,-0.5929517395601588
2022-10-03 10:00:00,0.0,2.8996997763214526e-05,0.6908916965602201,42.08600039700823,0.22266666666666668,-0.8968068244465482
2022-10-03 10:30:00,0.0,3.632559868713831e-05,1.8927468732905304,115.29758724462845,0.22266666666666668,-1.2777499959185303
2022-10-03 11:00:00,0.0,0.0582360266763446,3.515240957378986,214.13259569394245,0.22233333333333336,-1.7039998040883166
2022-10-03 11:30:00,0.0,0.0642664907701705,4.726528569975802,287.91876391458965,0.22233333333333336,-2.12651147283546
2022-10-03 12:00:00,0.0,0.0836549576757318,5.175578422637138,315.2728519308063,0.221,-2.488394050269952
2022-10-03 12:30:00,0.0,0.0890679895065432,5.219999098813811,317.9787588110229,0.221,-2.743941630768133
2022-10-03 13:00:00,0.0,0.1227824119793435,5.160752258908243,314.3697090276754,0.218,-2.87963849721606
2022-10-03 13:30:00,0.0,0.1284351349328864,5.219999098813811,317.9787588110229,0.218,-2.916546548726968
2022-10-03 14:00:00,0.0,0.1174558705005796,5.4261595733260215,330.53712339315103,0.21366666666666667,-2.889214452087741
2022-10-03 14:30:00,0.0,0.1140767005630555,5.528546800104076,336.7740906172233,0.21366666666666667,-2.821222594990996
2022-10-03 15:00:00,0.0,0.0932599325733817,5.6304786256458135,342.9833168556854,0.21033333333333334,-2.7162687964209806
2022-10-03 15:30:00,0.0,0.242837505170054,5.396821746290941,328.7499955315874,0.21033333333333334,-2.5651934072002507
2022-10-03 16:00:00,0.0,0.2031022463193496,5.190394940494883,316.175407251051,0.209,-2.3586113449337778
2022-10-03 16:30:00,0.0,0.2497493668092254,5.411495364302949,329.64384603891517,0.209,-2.0957129680437534
2022-10-03 17:00:00,0.0,0.1911610711372851,5.10135084279662,310.7512431602995,0.20733333333333334,-1.7872679830764775
2022-10-03 17:30:00,0.0,0.1820216213264021,4.817053058205896,293.43310670747434,0.20733333333333334,-1.4580452667536918
2022-10-03 18:00:00,0.0,0.0535529073158612,4.2374947119664395,258.1290309581761,0.20666666666666667,-1.1481229588313768
2022-10-03 18:30:00,0.0,0.0669866134371929,3.547136043240203,216.07550020835615,0.20666666666666667,-0.9022961378358828
2022-10-03 19:00:00,0.0,0.0848622845445495,2.8016228060749584,170.66220236222034,0.20566666666666666,-0.7464868067913604
2022-10-03 19:30:00,0.0,0.076425829596566,2.199950271981721,134.01103021065313,0.20566666666666666,-0.6728650486247221
2022-10-03 20:00:00,0.0,0.0615202228383755,1.615959198359234,98.43693273822396,0.20566666666666666,-0.6507198731393616
2022-10-03 20:30:00,0.0,0.0621467396633583,1.3531948227168604,82.43051426096751,0.20566666666666666,-0.6495050350092023
2022-10-03 21:00:00,0.0,0.0613346962828885,0.9259451763345318,56.4043963081937,0.206,-0.6508427983806097
2022-10-03 21:30:00,0.0,0.0464961399766334,0.7997009525566732,48.71416862346736,0.206,-0.6466157324691266
2022-10-03 22:00:00,0.0,0.058798250968676,0.7816047331499265,47.61182870401473,0.20566666666666666,-0.6344495759056034
2022-10-03 22:30:00,0.0,0.0587607357984909,0.7090653300604224,43.19305603324271,0.20566666666666666,-0.6152415342456912
2022-10-03 23:00:00,0.0,0.0431076952662524,0.508293720443304,30.96295675122373,0.20533333333333334,-0.5905408658050287
2022-10-03 23:30:00,0.0,0.0540368718708074,0.508293720443304,30.96295675122373,0.20533333333333334,-0.5605731853922825
2022-10-04 00:00:00,0.0,0.0375595429319352,0.5223269184284582,31.817795764219476,0.20566666666666666,-0.5253231168189049
2022-10-04 00:30:00,0.0,0.0335944207483284,0.3933495142770386,23.96107508086617,0.20566666666666666,-0.4861120798383829
2022-10-04 01:00:00,0.0,0.0464359299751908,0.5773633062664301,35.170363832313036,0.20566666666666666,-0.4439020658879014
2022-10-04 01:30:00,0.0,0.0454347814010735,0.337831767945572,20.579184828341695,0.20566666666666666,-0.3973034758474187
2022-10-04 02:00:00,0.0,0.0418505373247311,0.3933495142770386,23.96107508086617,0.20533333333333334,-0.3457227854616475
2022-10-04 02:30:00,0.0,2.994003747838271e-05,0.337831767945572,20.579184828341695,0.20533333333333334,-0.2946003346047162
2022-10-04 03:00:00,0.0,2.9827376435069603e-05,0.2263565289717709,13.788616965005026,0.20533333333333334,-0.2543355011667064
2022-10-04 03:30:00,0.0,2.9636675311373782e-05,0.3192933873815211,19.44991044906779,0.20533333333333334,-0.2327797834548903
2022-10-04 04:00:00,0.0,2.8659775033925233e-05,0.2821677333778832,17.188383357462193,0.20533333333333334,-0.2294803162528547
2022-10-04 04:30:00,0.0,2.9711932489174568e-05,0.2449766707173382,14.922871866023357,0.20533333333333334,-0.2362175277443017
2022-10-04 05:00:00,0.0,0.023413250318601,0.2449766707173382,14.922871866023357,0.20533333333333334,-0.2420505232937308
2022-10-04 05:30:00,0.0,0.0223884575148769,0.2263565289717709,13.788616965005026,0.20533333333333334,-0.2396838935805096
2022-10-04 06:00:00,0.0,2.6544279676838223e-05,0.3007387200761509,18.31964395510349,0.20466666666666666,-0.2290523468200967
2022-10-04 06:30:00,0.0,2.8809982646216876e-05,0.2821677333778832,17.188383357462193,0.20466666666666666,-0.2148795434670208
2022-10-04 07:00:00,0.0,0.0198139150398389,0.2077199362659942,12.653359945823532,0.20466666666666666,-0.2021751293104567
2022-10-04 07:30:00,0.0,0.0154514805089061,0.2449766707173382,14.922871866023357,0.20466666666666666,-0.1967658990091702
2022-10-04 08:00:00,0.0,2.6223163795089992e-05,0.1330083916964835,8.102270230795446,0.20433333333333334,-0.2094434734105434
2022-10-04 08:30:00,0.0,2.7264292631173747e-05,0.2263565289717709,13.788616965005026,0.20433333333333334,-0.2560236354517008
2022-10-04 09:00:00,0.0,2.6471892759141174e-05,0.3748597989794739,22.834765169735185,0.20366666666666666,-0.3516678270776738
2022-10-04 09:30:00,0.0,2.7554950680070244e-05,0.6687742445713655,40.738705158379446,0.20366666666666666,-0.5059674300746817
2022-10-04 10:00:00,0.0,2.8623806350329834e-05,0.922651054430514,56.20373328611581,0.20366666666666666,-0.7231793330162012
2022-10-04 10:30:00,0.0,3.5736544531296665e-05,2.046316478481195,124.65235369673816,0.20366666666666666,-1.0040576491859676
2022-10-04 11:00:00,0.0,0.0481616388424741,3.1795576844218023,193.68428747243289,0.20266666666666666,-1.3418058126421373
2022-10-04 11:30:00,0.0,0.0541976702526215,3.914312611631323,238.44223768691825,0.20266666666666666,-1.7113947244728087
2022-10-04 12:00:00,0.0,0.0804746831575143,4.595151168764839,279.91584625462826,0.20166666666666666,-2.065581166853596
2022-10-04 12:30:00,0.0,0.0851112673420933,4.987992837651591,303.8459856889906,0.20166666666666666,-2.352275145309878
2022-10-04 13:00:00,0.0,0.1011457006901047,5.152167303680992,313.8467523458956,0.20066666666666666,-2.544560521460402
2022-10-04 13:30:00,0.0,0.1044793854292192,5.137291233569403,312.9405693714304,0.20066666666666666,-2.6532566739509456
2022-10-04 14:00:00,0.0,0.1123639032496352,5.226402234563453,318.3688089086623,0.19899999999999998,-2.707482010618007
2022-10-04 14:30:00,0.0,0.1152198899634115,5.300396185199588,322.8761860436792,0.19899999999999998,-2.723267132634157
2022-10-04 15:00:00,0.0,0.1034047334451003,5.388873466879433,328.26582226371676,0.19566666666666666,-2.689820373840631
2022-10-04 15:30:00,0.0,0.1068387587180473,5.462343821617917,332.741304302489,0.19566666666666666,-2.580335542077908
2022-10-04 16:00:00,0.0,0.1596226380200363,5.211574587106032,317.46557562349375,0.19533333333333336,-2.372620550640809
2022-10-04 16:30:00,0.0,0.147626476301467,5.226402234563453,318.3688089086623,0.19533333333333336,-2.066344293822329
2022-10-04 17:00:00,0.0,0.1234223635321523,5.270827402255034,321.07498939167243,0.19433333333333333,-1.6931077306834776
2022-10-04 17:30:00,0.0,0.1655905666423917,4.7470527479430595,289.1690040989468,0.19433333333333333,-1.3138265869005974
2022-10-04 18:00:00,0.0,0.0832202636431454,4.0240225533924,245.12527162045745,0.19433333333333333,-0.9956674176509984
2022-10-04 18:30:00,0.0,0.0622370532354118,3.518015751672233,214.3016236245264,0.19433333333333333,-0.7786597130604672
2022-10-04 19:00:00,0.0,0.0693684150675362,2.918149095080691,177.76045737060096,0.19366666666666665,-0.6601499659434455
2022-10-04 19:30:00,0.0,0.0533808394801757,2.335198183662403,142.24972187973387,0.19366666666666665,-0.6093227311437525
2022-10-04 20:00:00,0.0,0.0368125948226766,1.6666493236674578,101.5247461313617,0.19333333333333336,-0.5918539789055364
2022-10-04 20:30:00,0.0,0.0340024632331056,1.2801629997397284,77.98174559561433,0.19333333333333336,-0.5823924619330648
2022-10-04 21:00:00,0.0,0.0426130165759738,0.9046171639746062,55.10519016471824,0.19266666666666668,-0.5657237784508987
2022-10-04 21:30:00,0.0,0.0279889806689642,0.8323284005825518,50.70168533181269,0.19266666666666668,-0.5371314267491294
2022-10-04 22:00:00,0.0,0.0386264129932736,0.6139749817357064,37.40058167399005,0.19299999999999998,-0.5025696561946491
2022-10-04 22:30:00,0.0,0.0424287239149564,0.5039496302460323,30.698334404946795,0.19299999999999998,-0.4728407531600935
2022-10-04 23:00:00,0.0,0.040633308291596,0.5773633062664301,35.170363832313036,0.19299999999999998,-0.4540426547652481
2022-10-04 23:30:00,0.0,0.0339583009792141,0.448721846278274,27.334107349439886,0.19299999999999998,-0.4432975132929574
2022-10-05 00:00:00,0.0,0.0330377501341293,0.4625694727994605,28.177642187345526,0.19233333333333333,-0.4329735020928225
2022-10-05 00:30:00,0.0,0.0237605790150102,0.3885832960499673,23.67073860237693,0.19233333333333333,-0.417204548005638
2022-10-05 01:00:00,0.0,0.0291588798071869,0.295734906886175,18.01483426503433,0.19233333333333333,-0.3941046387566537
2022-10-05 01:30:00,0.0,0.0206288273870257,0.3143372624018817,19.148005709295685,0.19233333333333333,-0.3637169432986791
2022-10-05 02:00:00,0.0,3.036082423802096e-05,0.3514928914324084,21.41135874409878,0.19233333333333333,-0.3259807212575392
2022-10-05 02:30:00,0.0,2.9902966050348084e-05,0.295734906886175,18.01483426503433,0.19233333333333333,-0.2818688770505738
2022-10-05 03:00:00,0.0,2.9372021514339375e-05,0.3885832960499673,23.67073860237693,0.19200000000000003,-0.2359146495746306
2022-10-05 03:30:00,0.0,0.0168829306164368,0.2398292811674883,14.609316152852818,0.19200000000000003,-0.1953403421995307
2022-10-05 04:00:00,0.0,2.817832762851094e-05,0.3143372624018817,19.148005709295685,0.19166666666666665,-0.1652055498978274
2022-10-05 04:30:00,0.0,2.79581500579373e-05,0.258480949320804,15.74549150018078,0.19166666666666665,-0.1449988513305177
2022-10-05 05:00:00,0.0,2.7010306342442157e-05,0.1463227158353422,8.913318697268167,0.19166666666666665,-0.1305884804205482
2022-10-05 05:30:00,0.0,2.697436473519058e-05,0.1275715234060564,7.771080780743269,0.19166666666666665,-0.118935740686788
2022-10-05 06:00:00,0.0,2.6579814711673224e-05,0.2024764001299548,12.33394741705558,0.19166666666666665,-0.1108695680312872
2022-10-05 06:30:00,0.0,2.57626807481102e-05,0.1275715234060564,7.771080780743269,0.19166666666666665,-0.1110634982497754
2022-10-05 07:00:00,0.0,2.5481452105946365e-05,0.1463227158353422,8.913318697268167,0.19099999999999998,-0.1270683055937811
2022-10-05 07:30:00,0.0,2.562248294754593e-05,0.1275715234060564,7.771080780743269,0.19099999999999998,-0.1674305485564848
2022-10-05 08:00:00,0.0,2.541114567201921e-05,0.0900189894563496,5.4835500916575155,0.19099999999999998,-0.237742519715927
2022-10-05 08:30:00,0.0,2.6507359011527425e-05,0.0900189894563496,5.4835500916575155,0.19099999999999998,-0.3376435399386583
2022-10-05 09:00:00,0.0,2.7046281764451948e-05,0.4256087368225267,25.926161156753395,0.19099999999999998,-0.4649712517698174
2022-10-05 09:30:00,0.0,2.7774368397717875e-05,0.6829894062434484,41.60462857698963,0.19099999999999998,-0.6264026879550963
2022-10-05 10:00:00,0.0,2.8883783507465197e-05,0.864939653966206,52.68821553572835,0.19099999999999998,-0.8402766641708783
2022-10-05 10:30:00,0.0,3.29899059323388e-05,1.682489938664639,102.48968482201236,0.19099999999999998,-1.1170341442672571
2022-10-05 11:00:00,0.0,0.0486569087783347,2.8038570677343384,170.7983034871171,0.207,-1.4287086305904482
2022-10-05 11:30:00,0.0,0.0570365716335785,3.696313359371276,225.16270825728043,0.207,-1.7045166547159634
2022-10-05 12:00:00,0.0,0.0505110942124518,4.152794345465573,252.9694673450512,0.19033333333333333,-1.873130239344486
2022-10-05 12:30:00,0.0,0.0504023035680131,4.1372080722772235,252.02002200816463,0.19033333333333333,-1.9194678637616651
2022-10-05 13:00:00,0.0,0.0161240608609348,3.949319952478519,240.5747267125189,0.18899999999999997,-1.898689633714535
2022-10-05 13:30:00,0.0,0.0167256719284424,3.791528306647267,230.96277262165103,0.18899999999999997,-1.8902023044416385
2022-10-05 14:00:00,0.0,0.0861189174833801,4.215031123065953,256.7606506228919,0.18566666666666665,-1.935342137142667
2022-10-05 14:30:00,0.0,0.088935145004661,4.58486961936889,279.28954072206193,0.18566666666666665,-2.0150114817774187
2022-10-05 15:00:00,0.0,0.0728015591096615,4.767535542005369,290.4167233628055,0.18166666666666664,-2.077651878780581
2022-10-05 15:30:00,0.0,0.0681672192586118,4.645922655824254,283.0086158380198,0.18166666666666664,-2.0798288272448717
2022-10-05 16:00:00,0.0,0.057013091761046,4.858317810710023,295.94676897743295,0.17766666666666667,-2.004531000395033
2022-10-05 16:30:00,0.0,0.1883584099213512,4.767535542005369,290.4167233628055,0.17766666666666667,-1.858427983069563
2022-10-05 17:00:00,0.0,0.0498574029874438,4.41611552550726,269.00980383042275,0.17533333333333334,-1.66429924469786
2022-10-05 17:30:00,0.0,3.930605387418525e-05,4.04346158568789,246.3094096336636,0.17533333333333334,-1.4528163423459068
2022-10-05 18:00:00,0.0,3.7779305572449985e-05,3.39207434029795,206.62984190318417,0.17400000000000002,-1.251883954007173
2022-10-05 18:30:00,0.0,3.700612199468409e-05,3.1162642907030835,189.8287399149268,0.17400000000000002,-1.0781363103250627
2022-10-05 19:00:00,0.0,3.6199227353575145e-05,2.6709728903669476,162.70359983199415,0.17300000000000001,-0.9361510384003848
2022-10-05 19:30:00,0.0,0.0548907321805996,2.3351787801643487,142.24853990630606,0.17300000000000001,-0.8238548714215839
2022-10-05 20:00:00,0.0,3.449201241240149e-05,1.6999211226086497,103.55151378600252,0.17433333333333334,-0.7377735441807204
2022-10-05 20:30:00,0.0,0.0278769901403504,1.2598411876099402,76.74383262369653,0.17433333333333334,-0.6726781030166274
2022-10-05 21:00:00,0.0,0.0319857955386002,1.0991729025407444,66.95664666839475,0.17466666666666666,-0.6180260311164757
2022-10-05 21:30:00,0.0,3.1563964136589964e-05,0.8468145541425849,51.584116351774355,0.17466666666666666,-0.5601470492757131
2022-10-05 22:00:00,0.0,2.9864383502258776e-05,0.7012547226862929,42.71726912382537,0.17566666666666667,-0.4916894721112775
2022-10-05 22:30:00,0.0,2.877237961025713e-05,0.5546899157037463,33.789203327745504,0.17566666666666667,-0.417109287137352
2022-10-05 23:00:00,0.0,2.817832762851094e-05,0.4440971767788651,27.052393379859435,0.17600000000000002,-0.3468139234185352
2022-10-05 23:30:00,0.0,0.0181147023795955,0.3885832960499673,23.67073860237693,0.17600000000000002,-0.2872836534847917
2022-10-06 00:00:00,0.0,0.017036824247278,0.4207955023107956,25.632960658643263,0.17600000000000002,-0.2376104538973701
2022-10-06 00:30:00,0.0,2.5342352952357383e-05,0.3836751214164485,23.371754781029395,0.17600000000000002,-0.1938388653116815
2022-10-06 01:00:00,0.0,2.4305123741553115e-05,0.234537944110726,14.28699180798035,0.17566666666666667,-0.1553901772758742
2022-10-06 01:30:00,0.0,2.3289952882876963e-05,0.2905878980805017,17.701301745078663,0.17566666666666667,-0.1273391815311929
2022-10-06 02:00:00,0.0,2.3458477494513853e-05,0.2905878980805017,17.701301745078663,0.17600000000000002,-0.116300103702955
2022-10-06 02:30:00,0.0,0.0100608168488484,0.17833867588273,10.863586320939795,0.17600000000000002,-0.1235253362995553
2022-10-06 03:00:00,0.0,0.0095143109718636,0.1970884116945742,12.005735506911808,0.17600000000000002,-0.1421785183214566
2022-10-06 03:30:00,0.0,2.242914423497689e-05,0.0843389475210683,5.137547601928017,0.17600000000000002,-0.1618444110262475
2022-10-06 04:00:00,0.0,2.2264834702587182e-05,0.1031724797914581,6.284801289524775,0.17566666666666667,-0.1756089536719076
2022-10-06 04:30:00,0.0,2.2167424405618382e-05,0.1219891846546323,7.431029927507701,0.17566666666666667,-0.1828531234220991
2022-10-06 05:00:00,0.0,2.229737490272638e-05,-0.0100823276263621,-0.6141698425360341,0.17600000000000002,-0.1866441292575184
2022-10-06 05:30:00,0.0,0.0068283620763857,0.1031724797914581,6.284801289524775,0.17600000000000002,-0.1900585018008575
2022-10-06 06:00:00,0.0,2.164708974293453e-05,0.1219891846546323,7.431029927507701,0.17600000000000002,-0.1948136727410619
2022-10-06 06:30:00,0.0,0.0063659533798588,0.06548855358317,3.989266777735193,0.17600000000000002,-0.2020743646306253
2022-10-06 07:00:00,0.0,2.1841297402105628e-05,-0.0290175473886863,-1.7676178726719016,0.17600000000000002,-0.214015048264747
2022-10-06 07:30:00,0.0,2.0943965061442254e-05,0.0088358576296639,0.5382405224456658,0.17600000000000002,-0.2347558574681447
2022-10-06 08:00:00,0.0,2.17440328175832e-05,0.0277370431534524,1.6896153405518386,0.17566666666666667,-0.2702935197444923
2022-10-06 08:30:00,0.0,2.2036792762271363e-05,0.0277370431534524,1.6896153405518386,0.17566666666666667,-0.3290083786136621
2022-10-06 09:00:00,0.0,2.164708974293453e-05,0.1219891846546323,7.431029927507701,0.17566666666666667,-0.4241035485236263
2022-10-06 09:30:00,0.0,2.2101415206849497e-05,0.1595722486931035,9.720420371652398,0.17566666666666667,-0.5739995713590708
2022-10-06 10:00:00,0.0,2.3056791688447737e-05,0.1219891846546323,7.431029927507701,0.17533333333333334,-0.7943171811137584
2022-10-06 10:30:00,0.0,2.9523270520278577e-05,0.8612400442667338,52.46285202932646,0.17533333333333334,-1.084264462534698
2022-10-06 11:00:00,0.0,0.0357536200711128,1.7506092368434505,106.63920467363424,0.17466666666666666,-1.4204870786220616
2022-10-06 11:30:00,0.0,0.0405376288234964,2.6381901729307784,160.70662481275048,0.17466666666666666,-1.76505635900416
2022-10-06 12:00:00,0.0,0.0667398619014742,3.248437983731603,197.88016407441145,0.17400000000000002,-2.079470765165819
2022-10-06 12:30:00,0.0,0.0723414808309546,3.9843172918399223,242.70660649279623,0.17400000000000002,-2.335512100375786
2022-10-06 13:00:00,0.0,0.0966233865410242,4.4514678908439755,271.1633101889501,0.17266666666666666,-2.5218602453975674
2022-10-06 13:30:00,0.0,0.1000367746054983,4.939294304302916,300.879491079126,0.17266666666666666,-2.644643726502012
2022-10-06 14:00:00,0.0,0.1917258621420706,5.179322784050638,315.50094150941845,0.17033333333333334,-2.7188355865041935
2022-10-06 14:30:00,0.0,0.2705052379323127,5.283544362219364,321.8496491317911,0.17033333333333334,-2.7554947993382655
2022-10-06 15:00:00,0.0,0.3045663199258465,5.0596254192367685,308.20951889114383,0.16633333333333333,-2.754283826695106
2022-10-06 15:30:00,0.0,0.3715500795359322,5.0896088612336925,310.0359746990061,0.16633333333333333,-2.7035537979218507
2022-10-06 16:00:00,0.0,0.3401380643311353,4.9242079523556015,299.96049868537574,0.163,-2.585108871791225
2022-10-06 16:30:00,0.0,0.2794767452569792,4.9242079523556015,299.96049868537574,0.163,-2.382950422882165
2022-10-06 17:00:00,0.0,0.165689339522686,4.81832133371344,293.5103643207584,0.16166666666666665,-2.0958570375145307
2022-10-06 17:30:00,0.0,0.1571461399288201,4.57441662672729,278.6527916416278,0.16166666666666665,-1.7476786087205385
2022-10-06 18:00:00,0.0,0.0360692449414179,3.9843172918399223,242.70660649279623,0.16133333333333333,-1.3862782187786884
2022-10-06 18:30:00,0.0,0.0424770008100728,3.052372442737575,185.93673722879,0.16133333333333333,-1.0675846164961478
2022-10-06 19:00:00,0.0,0.0383444877488682,2.487142841702666,151.5055038936785,0.16066666666666665,-0.8315839470070027
2022-10-06 19:30:00,0.0,0.0333929293123164,1.9759367487794808,120.3651385703808,0.16066666666666665,-0.685553876231244
2022-10-06 20:00:00,0.0,0.0363319769614115,1.6282963428038852,99.18845583306012,0.16133333333333333,-0.6068814203061601
2022-10-06 20:30:00,0.0,0.029686618829921,1.1856879831034297,72.22675446247649,0.16133333333333333,-0.5620021427462867
2022-10-06 21:00:00,0.0,0.0265145039068299,0.8975347133659421,54.673759275315376,0.162,-0.5257380046424655
2022-10-06 21:30:00,0.0,0.0250162589307063,0.697142961650307,42.466799220286994,0.162,-0.4891029147038104
2022-10-06 22:00:00,0.0,0.0166367827252246,0.6421609595634237,39.11754408641061,0.16233333333333333,-0.4553363535808543
2022-10-06 22:30:00,0.0,0.0153853069694644,0.4948414008554675,30.143502225524387,0.16233333333333333,-0.4306546259547295
2022-10-06 23:00:00,0.0,0.01423133741812,0.4578508422755992,27.890204536713338,0.16233333333333333,-0.4166632074399869
2022-10-06 23:30:00,0.0,0.0138588683806589,0.2905878980805017,17.701301745078663,0.16233333333333333,-0.4084865133616185
2022-10-07 00:00:00,0.0,2.661538347478615e-05,0.3039954349856213,18.51802831209507,0.16233333333333333,-0.3984725968063409
2022-10-07 00:30:00,0.0,2.5272322163303384e-05,0.3226773731584442,19.656047572237924,0.16233333333333333,-0.3812755886996929
2022-10-07 01:00:00,0.0,2.6044719324839073e-05,0.2103369227731165,12.81277493912287,0.162,-0.3562220734701369
2022-10-07 01:30:00,0.0,0.0108375371465088,0.3039954349856213,18.51802831209507,0.162,-0.3262980144012637
2022-10-07 02:00:00,0.0,2.5342352952357383e-05,0.2103369227731165,12.81277493912287,0.16233333333333333,-0.2962210621869832
2022-10-07 02:30:00,0.0,2.3458477494513853e-05,0.1915552207002697,11.668678512968436,0.16233333333333333,-0.2712993650931642
2022-10-07 03:00:00,0.0,2.3190552857802348e-05,0.1539415461449884,9.377423414451664,0.162,-0.2558813416443222
2022-10-07 03:30:00,0.0,2.3023439904822777e-05,0.1351095055153819,8.230260590871529,0.162,-0.2505094785130823
2022-10-07 04:00:00,0.0,2.3390961103196077e-05,0.021762252157531,1.3256580698561256,0.16166666666666665,-0.2502287919122579
2022-10-07 04:30:00,0.0,2.4168032357686425e-05,0.1351095055153819,8.230260590871529,0.16166666666666665,-0.2470566143986289
2022-10-07 05:00:00,0.0,2.3626584162443343e-05,0.0785121592050584,4.782605985750264,0.16133333333333333,-0.2354741247046523
2022-10-07 05:30:00,0.0,2.3626584162443343e-05,0.0973948464239651,5.932853970706648,0.16133333333333333,-0.2162777858159972
2022-10-07 06:00:00,0.0,2.242914423497689e-05,0.1539415461449884,9.377423414451664,0.16166666666666665,-0.1956530064007401
2022-10-07 06:30:00,0.0,2.171209202797072e-05,0.021762252157531,1.3256580698561256,0.16166666666666665,-0.1807782683816292
2022-10-07 07:00:00,0.0,2.2101415206849497e-05,0.0973948464239651,5.932853970706648,0.16166666666666665,-0.1758369206898297
2022-10-07 07:30:00,0.0,2.2923596763138143e-05,0.0596125208618164,3.631325414892129,0.16166666666666665,-0.1819471895593566
2022-10-07 08:00:00,0.0,2.100739016623664e-05,0.0596125208618164,3.631325414892129,0.16133333333333333,-0.2015880621444983
2022-10-07 08:30:00,0.0,2.0975061376302337e-05,0.0785121592050584,4.782605985750264,0.16133333333333333,-0.2436655809141456
2022-10-07 09:00:00,0.0,2.135818536518752e-05,0.1351095055153819,8.230260590871529,0.16133333333333333,-0.3239896628563986
2022-10-07 09:30:00,0.0,2.1809250752999217e-05,0.0973948464239651,5.932853970706648,0.16133333333333333,-0.4598962005828189
2022-10-07 10:00:00,0.0,2.3390961103196077e-05,0.1915552207002697,11.668678512968436,0.16133333333333333,-0.6632668831082751
2022-10-07 10:30:00,0.0,3.005453953235084e-05,0.9301135793129222,56.65831658292975,0.16133333333333333,-0.9374236810560108
2022-10-07 11:00:00,0.0,0.0400603619651544,1.9055840354133975,116.0795691571182,0.16133333333333333,-1.276906444057616
2022-10-07 11:30:00,0.0,0.0441760138421694,2.9217822708888845,177.98177402452416,0.16133333333333333,-1.6634662441624517
2022-10-07 12:00:00,0.0,0.058766550795486,3.734033307734731,227.46043707599856,0.161,-2.0596630180467477
2022-10-07 12:30:00,0.0,0.0655629929526999,4.455945279185046,271.4360524558466,0.161,-2.413934312314304
2022-10-07 13:00:00,0.0,0.0985853817418789,4.823575554524081,293.8304277116249,0.16,-2.681604366933394
2022-10-07 13:30:00,0.0,0.0977911929609831,5.080411907591836,309.4757378390908,0.16,-2.8431944195112817
2022-10-07 14:00:00,0.0,0.0929806465046554,5.3343792111001305,324.9462784310424,0.157,-2.9028572186765222
2022-10-07 14:30:00,0.0,0.094869928526034,5.200278622391553,316.7774764933044,0.157,-2.874597566501797
2022-10-07 15:00:00,0.0,0.0689898929651851,4.9296841508473195,300.29408395357916,0.15366666666666665,-2.772745090394482
2022-10-07 15:30:00,0.0,0.1557709035734646,4.8539430498699865,295.6802783141825,0.15366666666666665,-2.608860263294872
2022-10-07 16:00:00,0.0,0.1337052295440972,4.808376515553449,292.90457093358447,0.15066666666666664,-2.3904381388781015
2022-10-07 16:30:00,0.0,0.1919204412811294,4.579155722463142,278.9414759405035,0.15066666666666664,-2.124868467623807
2022-10-07 17:00:00,0.0,0.1635392706877289,4.347579701228343,264.83491109083343,0.149,-1.8304250392110568
2022-10-07 17:30:00,0.0,0.2029218021694807,4.129265543491531,251.5361990424348,0.149,-1.541507738698301
2022-10-07 18:00:00,0.0,0.0734870459492123,3.686130447772452,224.54241129362532,0.14866666666666664,-1.2958246318564168
2022-10-07 18:30:00,0.0,0.0671447525915174,3.119468694604169,190.0239377216521,0.14866666666666664,-1.113624494026353
2022-10-07 19:00:00,0.0,0.0598860073002089,2.4703543107554404,150.48282244645904,0.149,-0.9903933042634604
2022-10-07 19:30:00,0.0,0.0587221547448439,1.9229164506173089,117.13538157574284,0.149,-0.9070598181317604
2022-10-07 20:00:00,0.0,0.0550799020826772,1.5030425280421014,91.5585593904825,0.14966666666666664,-0.8434130971220287
2022-10-07 20:30:00,0.0,0.0543937437218426,1.2184970244961035,74.225333018207,0.14966666666666664,-0.7851814904508175
2022-10-07 21:00:00,0.0,0.0421971539380814,0.8937898226650429,54.44563745490635,0.15,-0.7265388140297695
2022-10-07 21:30:00,0.0,0.0408353387765197,0.8391876828271372,51.11952181285029,0.15,-0.6698987310265048
2022-10-07 22:00:00,0.0,0.0380981285301207,0.6561608575567958,39.97035461437124,0.15033333333333332,-0.6219632026296326
2022-10-07 22:30:00,0.0,0.0369411294538432,0.5825059339838515,35.48362947616812,0.15033333333333332,-0.5876619984138078
2022-10-07 23:00:00,0.0,0.0355517957035625,0.5270962887685681,32.108324255192365,0.15033333333333332,-0.5662160007367575
2022-10-07 23:30:00,0.0,0.0254209720795796,0.4900758292804028,29.853205138153523,0.15033333333333332,-0.5513978246704571
2022-10-08 00:00:00,0.0,0.0248861383082558,0.4107417245550854,25.020529945226272,0.151,-0.5351466186455959
2022-10-08 00:30:00,0.0,2.7482082813501057e-05,0.4851683222324817,29.554261983104148,0.151,-0.5122881631644326
2022-10-08 01:00:00,0.0,2.7083732081437783e-05,0.3734299753082407,22.747666772265987,0.15066666666666664,-0.4837250211576431
2022-10-08 01:30:00,0.0,0.0238853118783806,0.4107417245550854,25.020529945226272,0.15066666666666664,-0.4558845053137826
2022-10-08 02:00:00,0.0,2.4270465099293883e-05,0.5222836963480061,31.815162870375005,0.15033333333333332,-0.4356292938101592
2022-10-08 02:30:00,0.0,2.597470361453195e-05,0.4107417245550854,25.020529945226272,0.15033333333333332,-0.4233520924101015
2022-10-08 03:00:00,0.0,2.4442777673205428e-05,0.4665862030962367,28.4223232476426,0.15066666666666664,-0.4103717288470589
2022-10-08 03:30:00,0.0,2.3289952882876963e-05,0.3173385431850354,19.330830173477576,0.15066666666666664,-0.3841001392047196
2022-10-08 04:00:00,0.0,2.3626584162443343e-05,0.2986082501439072,18.189865353246457,0.15066666666666664,-0.3370733333901761
2022-10-08 04:30:00,0.0,2.3524833599179095e-05,0.2423174537769968,14.76088438554828,0.15066666666666664,-0.2729040392669051
2022-10-08 05:00:00,0.0,2.164708974293453e-05,0.3173385431850354,19.330830173477576,0.15033333333333332,-0.2057255081152803
2022-10-08 05:30:00,0.0,2.0975061376302337e-05,0.20470665369922,12.469804387212903,0.15033333333333332,-0.1533515041744269
2022-10-08 06:00:00,0.0,2.100739016623664e-05,0.20470665369922,12.469804387212903,0.15066666666666664,-0.128233630809385
2022-10-08 06:30:00,0.0,2.0880683040757896e-05,0.2798613267041877,17.047887484276732,0.15066666666666664,-0.1327374199439743
2022-10-08 07:00:00,0.0,2.0251039650258557e-05,0.2423174537769968,14.76088438554828,0.15033333333333332,-0.1611081241888217
2022-10-08 07:30:00,0.0,2.022075087988744e-05,0.1103850561705623,6.724158852896463,0.15033333333333332,-0.2044329986606529
2022-10-08 08:00:00,0.0,2.1550467758537072e-05,0.3173385431850354,19.330830173477576,0.15033333333333332,-0.2560393479027589
2022-10-08 08:30:00,0.0,2.1165977399399305e-05,0.1670286541574613,10.174630901168966,0.15033333333333332,-0.3187266212662883
2022-10-08 09:00:00,0.0,2.0659729196298585e-05,0.4107417245550854,25.020529945226272,0.15033333333333332,-0.411035010504955
2022-10-08 09:30:00,0.0,2.0943965061442254e-05,0.3920940816527108,23.884599797997765,0.15033333333333332,-0.5633294704196415
2022-10-08 10:00:00,0.0,2.2857211376259688e-05,0.5408170164621046,32.94412898990318,0.15,-0.8009375811438098
2022-10-08 10:30:00,0.0,2.994003747838271e-05,1.340688895619173,81.66870968954385,0.15,-1.1268280939019797
2022-10-08 11:00:00,0.0,0.0432955983691425,2.5210356318855944,153.57009952884997,0.14966666666666664,-1.5178791604947344
2022-10-08 11:30:00,0.0,0.0495648195396938,3.2846657394229792,200.08699525793992,0.14966666666666664,-1.9336684975530585
2022-10-08 12:00:00,0.0,0.0683263341246214,4.022740807318613,245.0471934411439,0.14933333333333332,-2.3274176432646057
2022-10-08 12:30:00,0.0,0.073970695413305,4.645281182897405,282.96954020577755,0.14933333333333332,-2.65557855979729
2022-10-08 13:00:00,0.0,0.1006539152672729,5.071049460746107,308.9054198809679,0.14866666666666664,-2.8879707868736064
2022-10-08 13:30:00,0.0,0.096986625905371,4.950215522134478,301.54476232248203,0.14866666666666664,-3.013888615230731
2022-10-08 14:00:00,0.0,0.0947688493981567,5.025812044068656,306.1497608598424,0.14600000000000002,-3.038767694950139
2022-10-08 14:30:00,0.0,0.094302209929194,5.025812044068656,306.1497608598424,0.14600000000000002,-2.975604005685113
2022-10-08 15:00:00,0.0,0.1877230699127476,4.904736404870138,298.77437999371455,0.14333333333333334,-2.8391190131066675
2022-10-08 15:30:00,0.0,0.1653536646060242,4.721901122913979,287.63688074845726,0.14333333333333334,-2.643007605566532
2022-10-08 16:00:00,0.0,0.21948328892088,4.599184044457218,280.1615108194733,0.14033333333333334,-2.397706672485562
2022-10-08 16:30:00,0.0,0.2096127696567811,4.382807808515875,266.98084821045796,0.14033333333333334,-2.113169275094783
2022-10-08 17:00:00,0.0,0.0920095068970047,4.305023071376455,262.2425534901284,0.139,-1.8095995675020609
2022-10-08 17:30:00,0.0,0.0899492451457995,3.975345284925851,242.16007237112777,0.139,-1.5229372609021137
2022-10-08 18:00:00,0.0,0.0809427626683005,3.576409372251834,217.8586991417622,0.139,-1.2906011024172268
2022-10-08 18:30:00,0.0,0.0777873305167428,2.7896749702595502,169.93439419000728,0.139,-1.1297469483291875
2022-10-08 19:00:00,0.0,0.0598168507815516,2.419436811525874,147.38115846141014,0.1386666666666667,-1.032176566894698
2022-10-08 19:30:00,0.0,0.0653723743599525,1.8171080080123223,110.6900093420759,0.1386666666666667,-0.9757623348449312
2022-10-08 20:00:00,0.0,0.0644886650856824,1.500672027374876,91.41415920081651,0.13933333333333334,-0.9348276277779648
2022-10-08 20:30:00,0.0,0.0572710631108352,1.107471102005174,67.4621354847942,0.13933333333333334,-0.886451135727768
2022-10-08 21:00:00,0.0,0.0339202676353445,0.8899082446102953,54.20918925851543,0.1396666666666667,-0.8198857428797622
2022-10-08 21:30:00,0.0,0.0319400680803139,0.8168905893490881,49.761283626400306,0.1396666666666667,-0.7430056003668417
2022-10-08 22:00:00,0.0,0.0433321183321377,0.6516778367586459,39.69726924363935,0.14033333333333334,-0.67420480038117
2022-10-08 22:30:00,0.0,0.0301515441029285,0.6147886061051375,37.45014399425728,0.14033333333333334,-0.6254043062089708
2022-10-08 23:00:00,0.0,0.0295167135819191,0.5778350849272179,35.19910245662141,0.1406666666666667,-0.5937567532744517
2022-10-08 23:30:00,0.0,2.7191966871061615e-05,0.4107417245550854,25.020529945226272,0.1406666666666667,-0.5678965767608257
2022-10-09 00:00:00,0.0,2.6401061362963146e-05,0.5915549387252368,36.03485395756594,0.1406666666666667,-0.539204635595245
2022-10-09 00:30:00,0.0,0.0232778629137618,0.5173289324561128,31.513341041918384,0.1406666666666667,-0.5074723675376746
2022-10-09 01:00:00,0.0,2.668662221553466e-05,0.3680915256441457,22.422472540230626,0.14100000000000001,-0.4783058387804587
2022-10-09 01:30:00,0.0,0.022540195840125,0.3868038932226979,23.562345422276856,0.14100000000000001,-0.4563887258586854
2022-10-09 02:00:00,0.0,0.0217684323536411,0.4614881984158991,28.111775837579845,0.14100000000000001,-0.440439370281924
2022-10-09 02:30:00,0.0,0.0217866275450245,0.4241790122763401,25.839068797534143,0.14100000000000001,-0.4233661459335568
2022-10-09 03:00:00,0.0,2.4339818229124272e-05,0.3493625747896694,21.28158947994574,0.14100000000000001,-0.3973571866399636
2022-10-09 03:30:00,0.0,2.5202430447118047e-05,0.3493625747896694,21.28158947994574,0.14100000000000001,-0.3605816890675509
2022-10-09 04:00:00,0.0,2.315705943392293e-05,0.3118547889350725,18.99678464262219,0.14100000000000001,-0.3197934067359257
2022-10-09 04:30:00,0.0,2.3323586791183698e-05,0.3493625747896694,21.28158947994574,0.14100000000000001,-0.285692056803549
2022-10-09 05:00:00,0.0,2.213377890361061e-05,0.1800502002162887,10.967844649908386,0.14133333333333334,-0.2655092322829357
2022-10-09 05:30:00,0.0,2.2101415206849497e-05,0.3118547889350725,18.99678464262219,0.14133333333333334,-0.2598418964951051
2022-10-09 06:00:00,0.0,2.3558714866712376e-05,0.2366387348351173,14.414962486598943,0.1416666666666667,-0.2648695416097338
2022-10-09 06:30:00,0.0,0.0157048866178482,0.2177927559308298,13.26695060630459,0.1416666666666667,-0.277013622662978
2022-10-09 07:00:00,0.0,2.1971071472423815e-05,0.2177927559308298,13.26695060630459,0.14100000000000001,-0.2968479914992843
2022-10-09 07:30:00,0.0,2.2167424405618382e-05,0.1611535545837329,9.816746381462853,0.14100000000000001,-0.3288644035799936
2022-10-09 08:00:00,0.0,2.171209202797072e-05,0.2930758865273436,17.852858759416602,0.14100000000000001,-0.3774852503548131
2022-10-09 08:30:00,0.0,2.242914423497689e-05,0.3118547889350725,18.99678464262219,0.14100000000000001,-0.4459131940149735
2022-10-09 09:00:00,0.0,2.17440328175832e-05,0.5173289324561128,31.513341041918384,0.14100000000000001,-0.5412969664705065
2022-10-09 09:30:00,0.0,2.17440328175832e-05,0.5730228006016643,34.90595983955985,0.14100000000000001,-0.6795271952651788
2022-10-09 10:00:00,0.0,2.2857211376259688e-05,0.7576195675122122,46.15076078906234,0.14100000000000001,-0.8806130648252607
2022-10-09 10:30:00,0.0,2.959832938613145e-05,1.337795067963475,81.49243078436531,0.14100000000000001,-1.1554697855792433
2022-10-09 11:00:00,0.0,0.0434250465695528,2.453138558186627,149.43411658843067,0.1406666666666667,-1.4938427033504686
2022-10-09 11:30:00,0.0,0.047960053720305,3.188027671068435,194.2002407877609,0.1406666666666667,-1.8622103455667711
2022-10-09 12:00:00,0.0,0.0721606750536581,4.010252166388928,244.2864418649683,0.1406666666666667,-2.213063103918653
2022-10-09 12:30:00,0.0,0.0740665338573188,4.37135246333812,266.28304034259793,0.1406666666666667,-2.5013044042785606
2022-10-09 13:00:00,0.0,0.0966527993233094,4.588341145400997,279.5010104020319,0.1396666666666667,-2.699560001373921
2022-10-09 13:30:00,0.0,0.0921941311017669,4.803260974748511,292.59295530204713,0.1396666666666667,-2.8028566353494884
2022-10-09 14:00:00,0.0,0.0945657207142471,4.925161402522523,300.0185785614307,0.138,-2.8210395038201783
2022-10-09 14:30:00,0.0,0.086387259976468,4.772683026115682,290.7302848361722,0.138,-2.768231402470773
2022-10-09 15:00:00,0.0,0.1756156518527249,4.649955854227251,283.25430006093757,0.135,-2.657411672450361
2022-10-09 15:30:00,0.0,0.1593381693810271,4.495602093708068,273.85176640937874,0.135,-2.497479073738261
2022-10-09 16:00:00,0.0,0.2038010173162626,4.433563112658372,270.0726320036725,0.13266666666666668,-2.2908299282961897
2022-10-09 16:30:00,0.0,0.264303900987648,4.308969009656781,262.4829222206533,0.13266666666666668,-2.039474894228853
2022-10-09 17:00:00,0.0,0.0864688090987919,4.136514082921385,251.97774731236103,0.13133333333333333,-1.7613950274959709
2022-10-09 17:30:00,0.0,0.0881216517779636,3.930974351065035,239.45719556803513,0.13133333333333333,-1.4970753991297594
2022-10-09 18:00:00,0.0,0.0739723950792758,3.3679706847872817,205.1615561205616,0.132,-1.2889215438669444
2022-10-09 18:30:00,0.0,0.0721112882437144,2.806959254510327,170.98727468844413,0.132,-1.1520325891477106
2022-10-09 19:00:00,0.0,0.0619830427349901,2.1796498038718797,132.7744174199887,0.132,-1.0694983629894972
2022-10-09 19:30:00,0.0,0.0421877134399286,1.797876894995398,109.51853683184775,0.132,-1.0143117279053164
2022-10-09 20:00:00,0.0,0.0409960058536634,1.4804112035003385,90.17996135783638,0.13266666666666668,-0.9706730438644718
2022-10-09 20:30:00,0.0,0.0386968835246206,1.212222208840131,73.84309960086648,0.13266666666666668,-0.9368768848033248
2022-10-09 21:00:00,0.0,0.0360195246082967,1.031542896691209,62.83693229463092,0.133,-0.9154193904189822
2022-10-09 21:30:00,0.0,0.0391203267355586,0.8858892898636838,53.964372694785446,0.133,-0.9042853779261694
2022-10-09 22:00:00,0.0,0.0594775834852338,0.6470543528122401,39.415627492590986,0.133,-0.8966620457662288
2022-10-09 22:30:00,0.0,0.056704929249589,0.6655219314249933,40.54058893690669,0.133,-0.886122009379628
2022-10-09 23:00:00,0.0,0.0321675845136511,0.7024089417637555,42.78757893474678,0.13366666666666668,-0.8696900208204299
2022-10-09 23:30:00,0.0,0.0504402505073637,0.6655219314249933,40.54058893690669,0.13366666666666668,-0.8468859529379618
2022-10-10 00:00:00,0.0,0.0623890189447662,0.5408160399647685,32.94406950609772,0.13333333333333333,-0.8205589519972297
2022-10-10 00:30:00,0.0,3.036082423802096e-05,0.6148505279573929,37.45391599370608,0.13333333333333333,-0.8009488309115586
2022-10-10 01:00:00,0.0,2.82896123113535e-05,0.4479075309809119,27.28450294096502,0.13333333333333333,-0.8039698975681572
2022-10-10 01:30:00,0.0,2.9675055420673333e-05,0.6333188197840854,38.57892088379235,0.13333333333333333,-0.8383642236991095
2022-10-10 02:00:00,0.0,0.0378242359612838,0.3358759982960061,20.46004817833144,0.13366666666666668,-0.8931880055313941
2022-10-10 02:30:00,0.0,3.323138986250876e-05,0.4851198823302302,29.551311243132112,0.13366666666666668,-0.943111197063984
2022-10-10 03:00:00,0.0,0.0567423305442652,0.5778656124994983,35.20096205838752,0.13366666666666668,-0.9689151821550078
2022-10-10 03:30:00,0.0,0.0400044184321806,0.5408160399647685,32.94406950609772,0.13366666666666668,-0.9696686147886052
2022-10-10 04:00:00,0.0,0.0515827234018251,0.4665218864460251,28.41840536792308,0.13366666666666668,-0.9545332297520934
2022-10-10 04:30:00,0.0,0.0643509430116965,0.5778656124994983,35.20096205838752,0.13366666666666668,-0.9297374133710754
2022-10-10 05:00:00,0.0,0.0698577627041783,0.5408160399647685,32.94406950609772,0.134,-0.8967577492481335
2022-10-10 05:30:00,0.0,0.0449082426232795,0.6148505279573929,37.45391599370608,0.134,-0.8568252954667018
2022-10-10 06:00:00,0.0,0.0459617234977215,0.5037015514282328,30.683222564297413,0.13366666666666668,-0.812755698225142
2022-10-10 06:30:00,0.0,0.0592122453054384,0.6333188197840854,38.57892088379235,0.13366666666666668,-0.7715522779376486
2022-10-10 07:00:00,0.0,0.0609117274387291,0.6333188197840854,38.57892088379235,0.13366666666666668,-0.7526020729012911
2022-10-10 07:30:00,0.0,0.0320596657465577,0.5778656124994983,35.20096205838752,0.13366666666666668,-0.7899040318091878
2022-10-10 08:00:00,0.0,0.0656225458160335,0.4851198823302302,29.551311243132112,0.13366666666666668,-0.9112188148470632
2022-10-10 08:30:00,0.0,0.1325858704759303,1.1440220003028512,69.68865105579582,0.13366666666666668,-1.1074897308278349
2022-10-10 09:00:00,0.0,0.1213806655246259,2.095813898059294,127.66751284597422,0.13333333333333333,-1.332953447651854
2022-10-10 09:30:00,0.0,0.0955321524802375,2.724591040790472,165.96977528503,0.13333333333333333,-1.5438320430045662
2022-10-10 10:00:00,0.0,0.0964390601068243,3.1394187656822257,191.23920590839057,0.13333333333333333,-1.7294202453790204
2022-10-10 10:30:00,0.0,0.0680578922997574,3.771347164990363,229.7334286593293,0.13333333333333333,-1.9001645122132176
2022-10-10 11:00:00,0.0,0.2329961852303318,4.276756746025036,260.52069666960995,0.133,-2.05680719407917
2022-10-10 11:30:00,0.0,0.3051065197819896,4.4633813369760835,271.88902349704443,0.133,-2.1839534796225952
2022-10-10 12:00:00,0.0,0.3018411726505542,4.354705565248361,265.2689865290948,0.13266666666666668,-2.2717539700651193
2022-10-10 12:30:00,0.0,0.2223524743694233,4.0096831382994065,244.25177924487787,0.13266666666666668,-2.3342348836929876
2022-10-10 13:00:00,0.0,0.2929358412935605,3.771347164990363,229.7334286593293,0.14933333333333332,-2.400021552732575
2022-10-10 13:30:00,0.0,0.3006801364398298,3.7873158478639257,230.7061686663411,0.14933333333333332,-2.4827653689944276
2022-10-10 14:00:00,0.0,0.4045722902634897,4.694506076272412,285.96809829011636,0.27299999999999996,-2.560463474387204
2022-10-10 14:30:00,0.0,0.488309476006626,4.862506203123392,296.2019069182267,0.27299999999999996,-2.5861457025759615
2022-10-10 15:00:00,0.0,0.5066720894185961,4.9990398001363765,304.5189167284504,0.27899999999999997,-2.522606197239803
2022-10-10 15:30:00,0.0,0.3286258627578466,4.586942732060898,279.4158253800095,0.27899999999999997,-2.3704251366409084
2022-10-10 16:00:00,0.0,0.3378692679856781,3.7553670050188046,228.7599895193661,0.26366666666666666,-2.167095958379584
2022-10-10 16:30:00,0.0,0.2586916818280397,3.25418075840257,198.2299879589444,0.26366666666666666,-1.961688293026236
2022-10-10 17:00:00,0.0,0.1903783832388124,2.957860180890159,180.1794772856814,0.25733333333333336,-1.787444552492356
2022-10-10 17:30:00,0.0,0.2601655123086878,2.6742796672051887,162.90503373548427,0.25733333333333336,-1.6519983632994892
2022-10-10 18:00:00,0.0,0.1089222870944174,2.4549136900712973,149.5422496020056,0.25266666666666665,-1.546441951830143
2022-10-10 18:30:00,0.0,0.1153653216059109,2.147479123835455,130.814724953679,0.25266666666666665,-1.457928959096766
2022-10-10 19:00:00,0.0,0.101637943825789,1.7306588139822932,105.42391505785876,0.25,-1.372819838447519
2022-10-10 19:30:00,0.0,0.0623595778366039,1.3592062274340189,82.79670187412384,0.25,-1.273227418419574
2022-10-10 20:00:00,0.0,0.0452420401878654,1.215990898809279,74.07267116516145,0.248,-1.1394694337130649
2022-10-10 20:30:00,0.0,0.0165669159236553,0.8719559739963374,53.11561804909451,0.248,-0.9629524742860994
2022-10-10 21:00:00,0.0,0.0337105159768055,0.6333188197840854,38.57892088379235,0.24633333333333338,-0.7578939187467305
2022-10-10 21:30:00,0.0,0.0208421873302367,0.4851198823302302,29.551311243132112,0.24633333333333338,-0.5574792678870316
2022-10-10 22:00:00,0.0,2.7336753840218357e-05,0.373285854035832,22.738887555555163,0.24533333333333332,-0.394916826589007
2022-10-10 22:30:00,0.0,2.6938456935766543e-05,0.3919659777049701,23.876796284332286,0.24533333333333332,-0.2860358316860412
2022-10-10 23:00:00,0.0,0.0133733624726247,0.4106296096467995,25.013700411598755,0.24400000000000002,-0.2282983630502732
2022-10-10 23:30:00,0.2,2.4442777673205428e-05,0.3171461993695263,19.319113457332072,0.24400000000000002,-0.2126482393035889
2022-10-11 00:00:00,0.0,2.410036016658098e-05,0.3511234727503923,21.38885542718906,0.24300000000000002,-0.2319731338687941
2022-10-11 00:30:00,0.0,2.372734456274826e-05,0.2196674713420683,13.381149798355215,0.24300000000000002,-0.278571600037559
2022-10-11 01:00:00,0.0,2.3558714866712376e-05,0.1819577004596233,11.084040945793785,0.24200000000000002,-0.3389863860947692
2022-10-11 01:30:00,0.0,2.3626584162443343e-05,0.1441803554729486,8.782815784132676,0.24200000000000002,-0.3956420829382383
2022-10-11 02:00:00,0.0,2.369328662745624e-05,0.1441803554729486,8.782815784132676,0.2416666666666667,-0.4340342709909967
2022-10-11 02:30:00,0.0,2.3524833599179095e-05,0.2008210154652774,12.23310886305113,0.2416666666666667,-0.4481906871682593
2022-10-11 03:00:00,0.0,2.3289952882876963e-05,0.1252662564409986,7.630654333458302,0.2406666666666667,-0.4407638673019934
2022-10-11 03:30:00,0.0,2.2923596763138143e-05,0.1441803554729486,8.782815784132676,0.2406666666666667,-0.4190856422400122
2022-10-11 04:00:00,0.0,2.269186560040832e-05,0.1252662564409986,7.630654333458302,0.2396666666666667,-0.3900718285257503
2022-10-11 04:30:00,0.0,2.2593081150686816e-05,0.0684218367167988,4.167949132351791,0.2396666666666667,-0.3568094746535855
2022-10-11 05:00:00,0.0,2.223232956253881e-05,0.0494395396393844,3.011633364896977,0.2386666666666667,-0.3186143129481767
2022-10-11 05:30:00,0.0,2.17440328175832e-05,0.1441803554729486,8.782815784132676,0.2386666666666667,-0.2738823107735327
2022-10-11 06:00:00,0.0,2.119852532377504e-05,0.0873870318987461,5.323223129608758,0.23833333333333337,-0.2233326875474
2022-10-11 06:30:00,0.0,2.0002751953599464e-05,0.1441803554729486,8.782815784132676,0.23833333333333337,-0.1721547289325542
2022-10-11 07:00:00,0.0,1.9570933184167063e-05,0.1441803554729486,8.782815784132676,0.23733333333333337,-0.1306177581470227
2022-10-11 07:30:00,0.0,1.8510808411829375e-05,0.1063351601775264,6.477457488240688,0.23733333333333337,-0.1129520523252179
2022-10-11 08:00:00,0.0,1.8510808411829375e-05,0.0684218367167988,4.167949132351791,0.23700000000000002,-0.1358938902925577
2022-10-11 08:30:00,0.0,0.0053917245191898,-0.0266613711500387,-1.624090262470702,0.23700000000000002,-0.2182843293127623
2022-10-11 09:00:00,0.0,1.8541318940128655e-05,0.1441803554729486,8.782815784132676,0.23633333333333337,-0.3793803544465859
2022-10-11 09:30:00,0.0,1.827241332264384e-05,0.1063351601775264,6.477457488240688,0.23633333333333337,-0.6304661017074423
2022-10-11 10:00:00,0.0,0.012027905480658,0.4258755123731939,25.94241191788888,0.23600000000000002,-0.9600149593188116
2022-10-11 10:30:00,0.0,2.8363972230347037e-05,1.5167002523173836,92.39052624163088,0.23600000000000002,-1.3264664623083051
2022-10-11 11:00:00,0.0,0.0376852206853714,2.520958840087044,153.56542171946197,0.23533333333333337,-1.672981719837198
2022-10-11 11:30:00,0.0,0.1177652612074351,3.187498417019674,194.16800102251668,0.23533333333333337,-1.9557324792519468
2022-10-11 12:00:00,0.0,0.1485765962362439,3.754611458353508,228.71396503041373,0.234,-2.1610738679078727
2022-10-11 12:30:00,0.0,0.2419035367791778,4.103807716339338,249.9854232421632,0.234,-2.303754307635044
2022-10-11 13:00:00,0.0,0.0958951968061419,4.3699527667766,266.19777715252474,0.23333333333333336,-2.414266209466669
2022-10-11 13:30:00,0.0,0.2771959497761645,4.338805068267666,264.30040009858203,0.23333333333333336,-2.5172671989824726
2022-10-11 14:00:00,0.0,0.2779145460445714,4.3699527667766,266.19777715252474,0.23233333333333336,-2.60827409674437
2022-10-11 14:30:00,0.0,0.3150149618098997,4.401057325250352,268.09252631045007,0.23233333333333336,-2.652158835885096
2022-10-11 15:00:00,0.0,0.3485049007464705,4.401057325250352,268.09252631045007,0.2306666666666667,-2.611679680305438
2022-10-11 15:30:00,0.0,0.4122725433868662,4.103807716339338,249.9854232421632,0.2306666666666667,-2.4801693918889587
2022-10-11 16:00:00,0.0,0.1239438763229439,4.009113320916343,244.21706854459129,0.22766666666666668,-2.2883696899212085
2022-10-11 16:30:00,0.0,0.1254119087898782,3.690528548959408,224.81032374534803,0.22766666666666668,-2.0823995816780445
2022-10-11 17:00:00,0.0,0.1178280122713709,3.4323292985828195,209.08199207200715,0.22333333333333336,-1.8951334147223773
2022-10-11 17:30:00,0.0,0.1112204774456877,3.3020909506235694,201.14846038938845,0.22333333333333336,-1.7348594511837028
2022-10-11 18:00:00,0.0,0.1021305505705456,2.7565624720202417,167.91733041433343,0.22233333333333336,-1.594188206741972
2022-10-11 18:30:00,0.0,0.0919931076123815,2.2485410573901703,136.9709613028525,0.22233333333333336,-1.4625343351263076
2022-10-11 19:00:00,0.0,0.0975038610773463,1.833389783831627,111.68182155664856,0.22166666666666668,-1.3292387879047745
2022-10-11 19:30:00,0.0,0.0856382341136497,1.445686731145555,88.06470340266723,0.22166666666666668,-1.182973173755893
2022-10-11 20:00:00,0.0,0.0708458526462503,1.105120086998682,67.31892227353518,0.221,-1.017943785727776
2022-10-11 20:30:00,0.0,0.0571760561224456,0.9236697221594709,56.26578592136783,0.221,-0.8444650448467451
2022-10-11 21:00:00,0.0,0.0319851827416595,0.7590318783781317,46.23679238556252,0.22,-0.6884308394760338
2022-10-11 21:30:00,0.0,0.0420807083050583,0.5003642777345161,30.479930930170145,0.22,-0.5734386282301651
2022-10-11 22:00:00,0.0,0.0298675517702206,0.5375105921338008,32.74271655972565,0.21966666666666668,-0.5030012462424682
2022-10-11 22:30:00,0.0,0.0347103153935358,0.5375105921338008,32.74271655972565,0.21966666666666668,-0.4637187090192533
2022-10-11 23:00:00,0.0,0.0221749828540033,0.4817666526779336,29.347047644104315,0.219,-0.443700901179424
2022-10-11 23:30:00,0.0,0.0267678314809253,0.3698362808080618,22.52875514123284,0.219,-0.4424576131575546
2022-10-12 00:00:00,0.0,0.0259674582562522,0.328896012894445,20.034859006361692,0.21866666666666668,-0.4631313045559447
2022-10-12 00:30:00,0.0,0.0285022619538062,0.328896012894445,20.034859006361692,0.21866666666666668,-0.5010411021029746
2022-10-12 01:00:00,0.0,0.0276431290990505,0.3101337488430692,18.89194665664561,0.21833333333333335,-0.5435127137309759
2022-10-12 01:30:00,0.0,0.0263192235641158,0.2349175065850863,14.310113038885495,0.21833333333333335,-0.578922173603299
2022-10-12 02:00:00,0.0,0.0206812985347004,0.2160714794777619,13.16209822227994,0.21833333333333335,-0.6019229390247297
2022-10-12 02:30:00,0.0,0.0243468649976246,0.1972085973873338,12.01305667626205,0.21833333333333335,-0.6102605895486748
2022-10-12 03:00:00,0.0,0.0205480295120908,0.0836754187849751,5.097128429444576,0.218,-0.6019123901402824
2022-10-12 03:30:00,0.0,0.0141818492843846,0.2160714794777619,13.16209822227994,0.218,-0.5793835613308894
2022-10-12 04:00:00,0.0,0.0177272135124067,0.253746712968407,15.457103212988292,0.21733333333333335,-0.5537534612871192
2022-10-12 04:30:00,0.0,0.0166543922522384,0.1405184770937239,8.559750699273298,0.21733333333333335,-0.538495438009034
2022-10-12 05:00:00,0.0,0.0173645541056937,0.0836754187849751,5.097128429444576,0.217,-0.538071092394702
2022-10-12 05:30:00,0.0,0.0121863248137943,0.1215878304334615,7.406581241851711,0.217,-0.5449192719781694
2022-10-12 06:00:00,0.0,1.827241332264384e-05,0.102640155956289,6.2523745267632505,0.217,-0.5471084886632749
2022-10-12 06:30:00,0.0,0.0115702719672814,0.1783288259526864,10.86298630770793,0.217,-0.5377332301568104
2022-10-12 07:00:00,0.0,1.7683537593236434e-05,0.0456946163285193,2.783509558036181,0.217,-0.5201491526503141
2022-10-12 07:30:00,0.0,0.0100633699321083,0.1405184770937239,8.559750699273298,0.217,-0.5076173192596842
2022-10-12 08:00:00,0.0,1.7479397343953933e-05,0.1215878304334615,7.406581241851711,0.21666666666666667,-0.5166130315113555
2022-10-12 08:30:00,0.0,1.667489182998962e-05,0.0836754187849751,5.097128429444576,0.21666666666666667,-0.5592311392695511
2022-10-12 09:00:00,0.0,1.7742499480394193e-05,0.1594321307102683,9.71188501725374,0.21633333333333335,-0.6429580867867902
2022-10-12 09:30:00,0.0,1.8243318046494744e-05,0.1972085973873338,12.01305667626205,0.21633333333333335,-0.7754589917816438
2022-10-12 10:00:00,0.0,1.8481423808982305e-05,0.2913548000916124,17.74801795038952,0.216,-0.9626988673399544
2022-10-12 10:30:00,0.0,2.3390961103196077e-05,0.7375118692435397,44.9258906661016,0.216,-1.1988599780604992
2022-10-12 11:00:00,0.0,0.0294360166348876,1.4609169633346368,88.99246033063078,0.21566666666666667,-1.4609957707631749
2022-10-12 11:30:00,0.0,0.0330182513965215,2.0225651389933863,123.205529414307,0.21566666666666667,-1.7174697504656988
2022-10-12 12:00:00,0.0,0.047797287635835,2.4344274073838195,148.29431782686484,0.215,-1.9426037166566912
2022-10-12 12:30:00,0.0,0.120080700957784,2.8052406129187597,170.88258280827662,0.215,-2.124695149154834
2022-10-12 13:00:00,0.0,0.0666471270633716,3.2191350309445066,196.09516059445755,0.214,-2.264233979699828
2022-10-12 13:30:00,0.0,0.0692683262371715,3.6253982219685255,220.84287851298717,0.214,-2.3676524863096913
2022-10-12 14:00:00,0.0,0.0715808183628174,3.801820570940578,231.58973085734988,0.20199999999999999,-2.4410266209270457
2022-10-12 14:30:00,0.0,0.0717444293808534,4.087529104937727,248.99380378961817,0.20199999999999999,-2.4846712334262433
2022-10-12 15:00:00,0.0,0.0536014646453869,4.0085320097944805,244.1816576976708,0.19933333333333336,-2.488249981976107
2022-10-12 15:30:00,0.0,0.1244591301252684,4.166247978432151,253.78900187584904,0.19933333333333336,-2.429265066652435
2022-10-12 16:00:00,0.0,0.1558494870097127,3.73782897335978,227.69165187536305,0.19699999999999998,-2.28130225009936
2022-10-12 16:30:00,0.0,0.1370471617847589,3.6253982219685255,220.84287851298717,0.19699999999999998,-2.0334369126513017
2022-10-12 17:00:00,0.0,0.050696647761092,3.5931702435597885,218.87969568873584,0.19633333333333333,-1.7097007977247904
2022-10-12 17:30:00,0.0,0.0478448812620001,2.988315918810929,182.0347032271803,0.19633333333333333,-1.3701325506893025
2022-10-12 18:00:00,0.0,0.0440656670834524,2.451420031340157,149.32943169801598,0.19666666666666668,-1.0841405133116562
2022-10-12 18:30:00,0.0,0.0415853572411599,1.8835189432765216,114.73546344408676,0.19666666666666668,-0.8926207068995624
2022-10-12 19:00:00,0.0,0.0401029501096168,1.443126971082312,87.90877438575438,0.19699999999999998,-0.7912247906711376
2022-10-12 19:30:00,0.0,0.036244577058091,1.0298233148375244,62.73218313794374,0.19699999999999998,-0.746630416260757
2022-10-12 20:00:00,0.0,0.0363586476597618,0.8475997837885534,51.6319489937883,0.19666666666666668,-0.7240666234123903
2022-10-12 20:30:00,0.0,0.0337855960038061,0.6822532417348328,41.55978476144501,0.19666666666666668,-0.7022725823425942
2022-10-12 21:00:00,0.0,0.0271961750779314,0.5713023613432484,34.80115845365057,0.19666666666666668,-0.6744862466934837
2022-10-12 21:30:00,0.0,0.0257606773572306,0.5527539626166106,33.67127381317841,0.19666666666666668,-0.6440599091389584
2022-10-12 22:00:00,0.0,0.024102663153563,0.4037788957021073,24.59638587267525,0.19633333333333333,-0.6179700169335255
2022-10-12 22:30:00,0.0,0.0231024459830676,0.4411211018127277,26.871104340159032,0.19633333333333333,-0.600077675114992
2022-10-12 23:00:00,0.0,0.0233956499866878,0.2913548000916124,17.74801795038952,0.19600000000000004,-0.5885778531646697
2022-10-12 23:30:00,0.0,0.0156211567325829,0.2349175065850863,14.310113038885495,0.19600000000000004,-0.5797160778666679
2022-10-13 00:00:00,0.0,0.0149258240218941,0.2501671976300159,15.23905531242347,0.19633333333333333,-0.5749600798332407
2022-10-13 00:30:00,0.0,0.0146067144118001,0.2689959824267929,16.386019805378943,0.19633333333333333,-0.5854667194469106
2022-10-13 01:00:00,0.0,1.8243318046494744e-05,0.1935798065951352,11.792007137699796,0.19566666666666666,-0.6269382032015444
2022-10-13 01:30:00,0.0,1.8213182570763337e-05,0.325381778234228,19.82078770974396,0.19566666666666666,-0.7037939691954077
2022-10-13 02:00:00,0.0,0.0247052724900963,0.0419330843295015,2.55437402493859,0.19600000000000004,-0.7960794633815312
2022-10-13 02:30:00,0.0,0.0297318647089032,0.2501671976300159,15.23905531242347,0.19600000000000004,-0.8673912038422731
2022-10-13 03:00:00,0.0,0.0291400655259505,0.2878079847793192,17.531961987661244,0.19566666666666666,-0.8910981491508776
2022-10-13 03:30:00,0.0,0.0276681094601042,0.1557703382707458,9.488825167452706,0.19566666666666666,-0.8684935621627119
2022-10-13 04:00:00,0.0,0.0276673269287803,0.2313215962419282,14.091066428710224,0.19566666666666666,-0.8215456965540204
2022-10-13 04:30:00,0.0,0.0304395021342922,0.1746835495327099,10.64093253919088,0.19566666666666666,-0.7721936302907901
2022-10-13 05:00:00,0.0,0.0263921734922526,0.2124591440138541,12.942051067964632,0.19566666666666666,-0.7306553229625333
2022-10-13 05:30:00,0.0,0.0254542273315761,0.3066032387334559,18.676883933190407,0.19566666666666666,-0.6989541363332338
2022-10-13 06:00:00,0.0,0.0178785050499869,0.2501671976300159,15.23905531242347,0.19533333333333336,-0.6786750164122353
2022-10-13 06:30:00,0.0,0.0168123075305933,0.2878079847793192,17.531961987661244,0.19533333333333336,-0.6725196556842944
2022-10-13 07:00:00,0.0,0.0239846303857301,0.1746835495327099,10.64093253919088,0.19466666666666668,-0.6808427606871155
2022-10-13 07:30:00,0.0,0.0238007742536519,0.0799472564907214,4.870025627981978,0.19466666666666668,-0.7008646322211353
2022-10-13 08:00:00,0.0,0.0359370330965356,-0.0343019319047271,-2.089518700178305,0.19466666666666668,-0.7336684985574521
2022-10-13 08:30:00,0.0,0.018080232441273,0.1557703382707458,9.488825167452706,0.19466666666666668,-0.795392108667737
2022-10-13 09:00:00,0.0,0.0176940517606178,0.325381778234228,19.82078770974396,0.19466666666666668,-0.919502361167754
2022-10-13 09:30:00,0.0,2.110339745933009e-05,0.4563663804336247,27.799777828762245,0.19466666666666668,-1.13783563806448
2022-10-13 10:00:00,0.0,0.0343284340834756,0.954142919710116,58.12207542462832,0.19400000000000003,-1.4491247860154943
2022-10-13 10:30:00,0.0,0.0784625107470319,1.9683805845955755,119.90485119042388,0.19400000000000003,-1.806733330310299
2022-10-13 11:00:00,0.0,0.3474748748861945,3.020111745574437,183.97156132585852,0.19266666666666668,-2.146042083961846
2022-10-13 11:30:00,0.0,0.4000795050224892,3.6728143802009026,223.7312566251107,0.19266666666666668,-2.4271124586984367
2022-10-13 12:00:00,0.0,0.4098712588175329,4.150036443270322,252.80146840475112,0.18966666666666665,-2.648311330332234
2022-10-13 12:30:00,0.0,0.4428606986180502,4.540087198304611,276.5615979778174,0.18966666666666665,-2.8241087987261775
2022-10-13 13:00:00,0.0,0.4253860705710194,4.586441721939153,279.3853061071804,0.18533333333333335,-2.960339542357608
2022-10-13 13:30:00,0.0,0.3945802814434096,4.555549304985359,277.5034796521007,0.18533333333333335,-3.049727280084248
2022-10-13 14:00:00,0.0,0.3508570480973444,4.540087198304611,276.5615979778174,0.18100000000000002,-3.0807137422380397
2022-10-13 14:30:00,0.0,0.2411945735924179,4.678865844858657,285.01536606194543,0.18100000000000002,-3.0458732038780987
2022-10-13 15:00:00,0.0,0.178732534384692,4.555549304985359,277.5034796521007,0.17866666666666667,-2.945310721248825
2022-10-13 15:30:00,0.0,0.2841827837837671,4.617291859083053,281.26455706728046,0.17866666666666667,-2.785850412505968
2022-10-13 16:00:00,0.0,0.1687034549365513,4.306871126028967,262.35512862922263,0.17766666666666667,-2.5797461264816697
2022-10-13 16:30:00,0.0,0.2587706042304846,4.134292389968326,251.8424118162623,0.17766666666666667,-2.3458816910174165
2022-10-13 17:00:00,0.0,0.2459952638047484,3.656729382781713,222.7514312615403,0.17733333333333334,-2.109912763167076
2022-10-13 17:30:00,0.0,0.1763870811845745,3.267142672395392,199.0195691916671,0.17733333333333334,-1.8983283392972576
2022-10-13 18:00:00,0.0,0.0933064588151393,2.8538681068469023,173.84475001763016,0.17833333333333334,-1.729619889251893
2022-10-13 18:30:00,0.0,0.0953113194845182,2.364490527496677,144.03407911021782,0.17833333333333334,-1.6104839935341124
2022-10-13 19:00:00,0.0,0.0942058266342652,1.933591335555447,117.78564733227353,0.17866666666666667,-1.5398927692101871
2022-10-13 19:30:00,0.0,0.0839753886571636,1.547159266741726,94.2459517729227,0.17866666666666667,-1.51493440332455
2022-10-13 20:00:00,0.0,0.0952897281776192,0.8628376838294288,52.56017301263632,0.17900000000000002,-1.5281639343142446
2022-10-13 20:30:00,0.0,0.0932598812394607,0.9176678014296896,55.900176029869634,0.17900000000000002,-1.5584432597886475
2022-10-13 21:00:00,0.0,0.0670109396734531,0.8078658955444605,49.21154005742208,0.17933333333333334,-1.5741271397794303
2022-10-13 21:30:00,0.0,0.1031862570099807,0.7343483449545488,44.733183060632776,0.17933333333333334,-1.5560303805863211
2022-10-13 22:00:00,0.0,0.096234610680298,0.5679970403553892,34.59981323398755,0.17866666666666667,-1.515077228443673
2022-10-13 22:30:00,0.0,0.0916371266194199,0.7343483449545488,44.733183060632776,0.17866666666666667,-1.478118823449334
2022-10-13 23:00:00,0.0,0.1153431395049179,0.4936420348584852,30.070442268259782,0.17866666666666667,-1.4563498797298404
2022-10-13 23:30:00,0.0,0.102108949391356,0.4750124143569413,28.935609964256624,0.17866666666666667,-1.4347474377222196
2022-10-14 00:00:00,0.0,0.0965587861869362,0.5646758862394915,34.39750353170555,0.17833333333333334,-1.392052758106377
2022-10-14 00:30:00,0.0,0.0849775491033441,0.5460956664592883,33.26568049643193,0.17833333333333334,-1.3215978311341836
2022-10-14 01:00:00,0.0,0.0993315060366047,0.452949248108537,27.59162156764884,0.17833333333333334,-1.2299846771738792
2022-10-14 01:30:00,0.0,0.0669787876734996,0.4716113507041113,28.728432534051723,0.17833333333333334,-1.1253996715587606
2022-10-14 02:00:00,0.0,0.102617077879405,0.2654165469450833,16.16797676932233,0.17800000000000002,-1.0166513811870168
2022-10-14 02:30:00,0.0,0.0883748100939809,0.378135748823811,23.034321232046803,0.17800000000000002,-0.9207929708050144
2022-10-14 03:00:00,0.0,0.0666001328615513,0.4155755828737877,25.31498675246951,0.17800000000000002,-0.8619605156153075
2022-10-14 03:30:00,0.0,0.0900624165613948,0.2654165469450833,16.16797676932233,0.17800000000000002,-0.8536296886498295
2022-10-14 04:00:00,0.0,0.0736515183251239,0.378135748823811,23.034321232046803,0.17800000000000002,-0.8789266771905584
2022-10-14 04:30:00,0.0,0.0528900210902866,0.6573334619647943,40.04178437655576,0.17800000000000002,-0.894188862778097
2022-10-14 05:00:00,0.0,0.0700675396827576,0.5646758862394915,34.39750353170555,0.17766666666666667,-0.8635400288822087
2022-10-14 05:30:00,0.0,0.0362424352571669,0.3218513447803199,19.605729655807952,0.17766666666666667,-0.7964228146436467
2022-10-14 06:00:00,0.0,2.597470361453195e-05,0.3218513447803199,19.605729655807952,0.17800000000000002,-0.7456123989302377
2022-10-14 06:30:00,0.0,0.035350265292578,0.2088304363491017,12.721006593150792,0.17800000000000002,-0.7605377328786158
2022-10-14 07:00:00,0.0,0.0577840187563578,0.2277093428074106,13.871024271254722,0.17766666666666667,-0.8447344506512482
2022-10-14 07:30:00,0.0,0.059450435008807,0.2277093428074106,13.871024271254722,0.17766666666666667,-0.9623701205792576
2022-10-14 08:00:00,0.0,0.0826994834341769,0.0381549143193972,2.324224979383587,0.17766666666666667,-1.0813208271017154
2022-10-14 08:30:00,0.0,0.0557114132492493,0.4716113507041113,28.728432534051723,0.17766666666666667,-1.2050236381743489
2022-10-14 09:00:00,0.0,0.0563799980563209,1.0784298590227015,65.69307418361615,0.17766666666666667,-1.3639592791057733
2022-10-14 09:30:00,0.0,0.0491349095343129,1.7037117665145205,103.782422684925,0.17766666666666667,-1.577624860726331
2022-10-14 10:00:00,0.0,0.0985173478943767,2.7351856674221433,166.6151520681736,0.17633333333333334,-1.824508627976908
2022-10-14 10:30:00,0.0,0.1748744282725587,3.2495949093877754,197.95063875787835,0.17633333333333334,-2.048872813623137
2022-10-14 11:00:00,0.0,0.3153904613590857,3.864222801275787,235.39099276820696,0.17533333333333334,-2.196935509886568
2022-10-14 11:30:00,0.0,0.2330218586530266,3.912028972819781,238.30312872901973,0.17533333333333334,-2.2490884333644328
2022-10-14 12:00:00,0.0,0.1128072099333006,3.413000674459419,207.9045796257712,0.17233333333333334,-2.2255467020770316
2022-10-14 12:30:00,0.0,0.2026466301764383,3.134486128296446,190.93873192670895,0.17233333333333334,-2.1702357993212087
2022-10-14 13:00:00,0.0,0.104747951284497,2.7351856674221433,166.6151520681736,0.16833333333333333,-2.131606363633332
2022-10-14 13:30:00,0.0,0.0954038772968362,2.413821527040259,147.03910070291116,0.16833333333333333,-2.147768565756499
2022-10-14 14:00:00,0.0,0.0146360727178604,3.0021916359410445,182.87994921805597,0.16466666666666666,-2.22992263761306
2022-10-14 14:30:00,0.0,0.0151311052127143,3.216768016142796,195.950972747968,0.16466666666666666,-2.3467245451452223
2022-10-14 15:00:00,0.0,0.0959465383214987,3.927941597378304,239.27245391677596,0.16266666666666665,-2.429022324003755
2022-10-14 15:30:00,0.0,0.157335807747592,3.5913628323373006,218.76959636375352,0.16266666666666665,-2.405612291953811
2022-10-14 16:00:00,0.0,0.0643662516124028,3.5913628323373006,218.76959636375352,0.16166666666666665,-2.2465917385421226
2022-10-14 16:30:00,0.0,0.0865264748233117,3.3641058012569904,204.92612487916725,0.16166666666666665,-1.9773284226992545
2022-10-14 17:00:00,0.0,0.3065578591402412,2.8189751316825773,171.71922763267472,0.16233333333333333,-1.6565098081730882
2022-10-14 17:30:00,0.0,0.2022513898256802,2.277078804501885,138.70935191060337,0.16233333333333333,-1.3443838124474463
2022-10-14 18:00:00,0.0,0.0354418247438798,1.5801048518598086,96.25284795543952,0.163,-1.082619706117235
2022-10-14 18:30:00,0.0,3.175980036542559e-05,1.2769207215204923,77.78424065656043,0.163,-0.8877163284184947
2022-10-14 19:00:00,0.0,3.0093290408167564e-05,0.914643870617506,55.715971828262205,0.16366666666666665,-0.7558287275402313
2022-10-14 19:30:00,0.0,2.8734810665996177e-05,0.8597674862202426,52.37315044680955,0.16366666666666665,-0.6754131664230438
2022-10-14 20:00:00,0.0,0.027651730345747,0.6388343085063104,38.914899535307406,0.16433333333333333,-0.6360256338297243
2022-10-14 20:30:00,0.0,0.0280973658694819,0.6942834519769734,42.29261081153011,0.16433333333333333,-0.627139427087028
2022-10-14 21:00:00,0.0,0.0298631594367352,0.4342706699117376,26.45380698206346,0.164,-0.6358226532844213
2022-10-14 21:30:00,0.0,0.0300004311000015,0.4155755828737877,25.31498675246951,0.164,-0.650075043902862
2022-10-14 22:00:00,0.0,0.028344030145863,0.378135748823811,23.034321232046803,0.164,-0.6627761579897161
2022-10-14 22:30:00,0.0,0.0277667392372716,0.378135748823811,23.034321232046803,0.164,-0.6711591484219447
2022-10-14 23:00:00,0.0,0.0264067581059093,0.3593909348398508,21.89247186159047,0.164,-0.6736379924907084
2022-10-14 23:30:00,0.0,0.0312545650743562,0.2465713682260025,15.020013632695177,0.164,-0.6676585866551732
2022-10-15 00:00:00,0.0,0.0241582984260556,0.2994935077649794,18.24379124753263,0.16366666666666665,-0.6497504439452825
2022-10-15 00:30:00,0.0,0.0228456808589472,0.2429591962362277,14.799976436485403,0.16366666666666665,-0.6180629320426645
2022-10-15 01:00:00,0.0,0.0212687068781112,0.280665556998513,17.09687755993515,0.16366666666666665,-0.5755432103285826
2022-10-15 01:30:00,0.0,0.0142701047263986,0.2240807176828103,13.649984824414,0.16366666666666665,-0.530300733085846
2022-10-15 02:00:00,0.0,0.0132277835396839,0.2618207978982093,15.948939984587874,0.16333333333333333,-0.4916934215182865
2022-10-15 02:30:00,0.0,0.017970222436438,0.2429591962362277,14.799976436485403,0.16333333333333333,-0.465062393380715
2022-10-15 03:00:00,0.0,0.0171084900012763,0.2240807176828103,13.649984824414,0.16333333333333333,-0.4494812409594594
2022-10-15 03:30:00,0.0,0.0116345364208921,0.0724411676409855,4.41278861111992,0.16333333333333333,-0.4399955481462452
2022-10-15 04:00:00,0.0,0.0112671297517938,0.2994935077649794,18.24379124753263,0.163,-0.4314570924400935
2022-10-15 04:30:00,0.0,2.0471065505252875e-05,0.2240807176828103,13.649984824414,0.163,-0.4205605494527715
2022-10-15 05:00:00,0.0,2.0659729196298585e-05,0.0724411676409855,4.41278861111992,0.16266666666666665,-0.4060029957960943
2022-10-15 05:30:00,0.0,1.9786526883859147e-05,0.1104534962323369,6.728327912216988,0.16266666666666665,-0.3885815400589445
2022-10-15 06:00:00,0.0,2.0314055965768233e-05,0.1294339628174406,7.884532174351219,0.16266666666666665,-0.3711321756585887
2022-10-15 06:30:00,0.0,1.9448536208447185e-05,0.0914559095600364,5.571080771726933,0.16266666666666665,-0.3576187875412938
2022-10-15 07:00:00,0.0,0.0066647452234325,0.0724411676409855,4.41278861111992,0.16266666666666665,-0.3524403696688887
2022-10-15 07:30:00,0.0,0.0070597729498707,-0.0228911086516939,-1.3944229068024083,0.16266666666666665,-0.3608703804947556
2022-10-15 08:00:00,0.0,1.8510808411829375e-05,0.0152936572219987,0.9316204943861942,0.163,-0.3896990550677022
2022-10-15 08:30:00,0.0,1.917414254085734e-05,0.148397344369778,9.039695693487143,0.163,-0.4476531997231031
2022-10-15 09:00:00,0.0,1.9479081044036483e-05,0.148397344369778,9.039695693487143,0.163,-0.5470730284633107
2022-10-15 09:30:00,0.0,2.012660790849096e-05,0.1673436758390329,10.193820598601569,0.163,-0.7043141194084938
2022-10-15 10:00:00,0.0,2.0282529430198737e-05,0.2051853278058617,12.49896305092599,0.16233333333333333,-0.931517097970286
2022-10-15 10:30:00,0.0,2.5551897839576503e-05,0.6540757793251549,39.84334106981494,0.16233333333333333,-1.2208577862174066
2022-10-15 11:00:00,0.0,0.0315127983840506,1.3638761081748243,83.08116990824558,0.161,-1.5385891029511685
2022-10-15 11:30:00,0.0,0.0728231824365475,1.9988338146282392,121.7599243627111,0.161,-1.8422638834739644
2022-10-15 12:00:00,0.0,0.0605424247446295,2.4290474109266302,147.96659275192116,0.15833333333333333,-2.105920800323844
2022-10-15 12:30:00,0.0,0.0665584719533031,2.8174698267718568,171.62753125915393,0.15833333333333333,-2.3251153622373417
2022-10-15 13:00:00,0.0,0.0710547971220893,3.5094854019555033,213.78199326371544,0.155,-2.499293178671734
2022-10-15 13:30:00,0.0,0.0713703360650815,3.8794608368770342,236.31922504478035,0.155,-2.6157764122794394
2022-10-15 14:00:00,0.0,0.1576929471053506,4.05425422411993,246.96684840097987,0.15166666666666664,-2.651628019638512
2022-10-15 14:30:00,0.0,0.0760902477031149,3.990851335627356,243.10463091659685,0.15166666666666664,-2.5868791273890097
2022-10-15 15:00:00,0.0,0.064015698914361,3.9272677895925607,239.2314085910332,0.15,-2.4174608359405796
2022-10-15 15:30:00,0.0,0.105702371873009,3.5094854019555033,213.78199326371544,0.15,-2.1641652812555896
2022-10-15 16:00:00,0.0,0.0643942448369561,3.166196387771187,192.87037765278671,0.15,-1.8733945436407071
2022-10-15 16:30:00,0.0,0.0631741751619381,3.0174197516684105,183.80757722073488,0.15,-1.6025092387364923
2022-10-15 17:00:00,0.0,0.0630628122244565,2.716806319909413,165.49556526380377,0.15,-1.3944472474774283
2022-10-15 17:30:00,0.0,0.0603096911451689,2.240803508800697,136.49962480448414,0.15,-1.2599047825457677
2022-10-15 18:00:00,0.0,0.0561795623949944,1.981446333457412,120.7007575741946,0.15133333333333332,-1.1799898893593443
2022-10-15 18:30:00,0.0,0.0550837624291187,1.5598870090013992,95.0212683217545,0.15133333333333332,-1.123795353000149
2022-10-15 19:00:00,0.0,0.0516780712947499,1.2921527324313409,78.7121059362169,0.15166666666666664,-1.0661252886594703
2022-10-15 19:30:00,0.0,0.0465150927115515,1.0028288345718304,61.08780137328317,0.15166666666666664,-0.9967800489547785
2022-10-15 20:00:00,0.0,0.0411177490932823,0.929880722023342,56.644131969001826,0.152,-0.9208543323343268
2022-10-15 20:30:00,0.0,0.033896342034362,0.6725745977027806,40.97020549945145,0.152,-0.8518309566029216
2022-10-15 21:00:00,0.0,0.0303474668621008,0.6355608163563624,38.71549318463302,0.15166666666666664,-0.8013113033799238
2022-10-15 21:30:00,0.0,0.0353250559999262,0.4681942872797354,28.520280470058356,0.15166666666666664,-0.772071651620613
2022-10-15 22:00:00,0.0,0.0334894531220959,0.4308213836959961,26.24369205121707,0.152,-0.7585994619144864
2022-10-15 22:30:00,0.0,0.0324591081292966,0.3933823274781033,23.963073912810323,0.152,-0.7527178430306521
2022-10-15 23:00:00,0.0,0.03183573461285,0.280665556998513,17.09687755993515,0.15166666666666664,-0.7486710054020828
2022-10-15 23:30:00,0.0,0.030802554177994,0.280665556998513,17.09687755993515,0.15166666666666664,-0.7443951158083151
2022-10-16 00:00:00,0.0,0.0261365388774771,0.3523465689620075,21.46336092190538,0.15166666666666664,-0.7394647600833997
2022-10-16 00:30:00,0.0,0.0257148331377023,0.333552536810785,20.3185134030891,0.15166666666666664,-0.7326775910905158
2022-10-16 01:00:00,0.0,0.0256724117410994,0.2959142302585294,18.025757834615025,0.15166666666666664,-0.7219233771514632
2022-10-16 01:30:00,0.0,0.01830666087739,0.2770698877267731,16.877845634741412,0.15166666666666664,-0.7064029657137924
2022-10-16 02:00:00,0.0,2.315705943392293e-05,0.2015237896298448,12.275918689708838,0.15133333333333332,-0.6885925094478225
2022-10-16 02:30:00,0.0,0.0159341475373232,0.2582087067685301,15.728907714009766,0.15133333333333332,-0.6732273797465201
2022-10-16 03:00:00,0.0,0.0228927789093678,0.1825949107475621,11.122856917334168,0.15133333333333332,-0.6635386959280286
2022-10-16 03:30:00,0.0,0.0268179410113908,0.2770698877267731,16.877845634741412,0.15133333333333332,-0.6582290417763921
2022-10-16 04:00:00,0.0,0.0166669523478034,0.220435692193021,13.427946341430138,0.15166666666666664,-0.6522814501439415
2022-10-16 04:30:00,0.0,0.0158567706090977,0.1825949107475621,11.122856917334168,0.15166666666666664,-0.6409534567689857
2022-10-16 05:00:00,0.0,0.0159088418661451,0.1636490208153112,9.96875890865896,0.15133333333333332,-0.6235272675079777
2022-10-16 05:30:00,0.0,0.014646738150413,0.2393306530644858,14.578941981842512,0.15133333333333332,-0.604223222846004
2022-10-16 06:00:00,0.0,0.0199020518893317,0.2015237896298448,12.275918689708838,0.15133333333333332,-0.5901008560544022
2022-10-16 06:30:00,0.0,0.0144505913306905,0.2015237896298448,12.275918689708838,0.15133333333333332,-0.5873976462344799
2022-10-16 07:00:00,0.0,0.0189574424880479,0.220435692193021,13.427946341430138,0.15133333333333332,-0.5987962188846216
2022-10-16 07:30:00,0.0,0.0225479091924239,0.2393306530644858,14.578941981842512,0.15133333333333332,-0.6239543243667917
2022-10-16 08:00:00,0.0,0.0198007624067836,0.2582087067685301,15.728907714009766,0.15133333333333332,-0.6637626758695621
2022-10-16 08:30:00,0.0,0.0192910866301954,0.1825949107475621,11.122856917334168,0.15133333333333332,-0.7269235766618368
2022-10-16 09:00:00,0.0,0.0203486449406346,0.2770698877267731,16.877845634741412,0.151,-0.8352540608934143
2022-10-16 09:30:00,0.0,0.018411417408733,0.4647611964105234,28.311152086544737,0.151,-1.0211412337985006
2022-10-16 10:00:00,0.0,0.0289442875994703,0.5579859696323951,33.98998404003416,0.15066666666666664,-1.3107965234101222
2022-10-16 10:30:00,0.0,0.0266566685249332,1.2173920672308864,74.15802401430071,0.15066666666666664,-1.6993661970132523
2022-10-16 11:00:00,0.0,0.0869962856288304,2.152659050094629,131.13026265616617,0.15,-2.1397289727729407
2022-10-16 11:30:00,0.0,0.0410602622522785,3.049228637949651,185.74523084622464,0.15,-2.5611914320021287
2022-10-16 12:00:00,0.0,0.0735525856692255,3.974321830423772,242.09772814728592,0.14866666666666667,-2.9050921076821283
2022-10-16 12:30:00,0.0,0.1855330846388535,4.164265521928462,253.66823958326873,0.14866666666666667,-3.146557345330994
2022-10-16 13:00:00,0.0,0.0748751124468822,4.53938890708505,276.5190612319136,0.1476666666666667,-3.288052124156665
2022-10-16 13:30:00,0.0,0.2009094572513204,4.446193710595074,270.8420309592904,0.1476666666666667,-3.3385176096185987
2022-10-16 14:00:00,0.0,0.2164899244919143,4.305672499678254,262.28211372786666,0.14500000000000002,-3.298520894774947
2022-10-16 14:30:00,0.0,0.0720062361071845,4.352610668897363,265.1413749090699,0.14500000000000002,-3.161017590352652
2022-10-16 15:00:00,0.0,0.165135596100763,4.336975517368922,264.18895212455914,0.14300000000000002,-2.9271462619728186
2022-10-16 15:30:00,0.0,0.2168573720362406,3.942506860470936,240.15970393201133,0.14300000000000002,-2.625590511465548
2022-10-16 16:00:00,0.0,0.104645762366026,3.492252655193067,212.73225219619889,0.14300000000000002,-2.3133831371534623
2022-10-16 16:30:00,0.0,0.1055632264571415,3.197894733041403,194.80129761935856,0.14300000000000002,-2.04810127237205
2022-10-16 17:00:00,0.0,0.1028592361475018,2.6309033927164083,160.26274708702047,0.1436666666666667,-1.8545874609925164
2022-10-16 17:30:00,0.0,0.0997755294403479,2.3075305795883234,140.56433645414063,0.1436666666666667,-1.718796078391252
2022-10-16 18:00:00,0.0,0.0985255058020168,1.97927152002598,120.56827776673076,0.1436666666666667,-1.6105363343403003
2022-10-16 18:30:00,0.0,0.0920450921914153,1.645951035749096,100.26389995548986,0.1436666666666667,-1.5088645003867525
2022-10-16 19:00:00,0.0,0.0700948065236761,1.3073845703718563,79.6399606793023,0.14433333333333334,-1.4092213234748543
2022-10-16 19:30:00,0.0,0.0676648310459726,1.0726113252302858,65.3386353957181,0.14433333333333334,-1.3138675593996485
2022-10-16 20:00:00,0.0,0.0846671587858142,0.9451173417640616,57.57227799774931,0.14433333333333334,-1.2214374808677204
2022-10-16 20:30:00,0.0,0.0644609176078689,0.7247641392493578,44.14935655479704,0.14433333333333334,-1.12794919414603
2022-10-16 21:00:00,0.0,0.0603627767729414,0.6693169738073051,40.77176577113966,0.1446666666666667,-1.0353042622101123
2022-10-16 21:30:00,0.0,0.0555500308098058,0.5579859696323951,33.98998404003416,0.1446666666666667,-0.9538998846132132
2022-10-16 22:00:00,0.0,0.0629449785875038,0.483439020015506,29.448920705806223,0.1446666666666667,-0.8947626400347997
2022-10-16 22:30:00,0.0,0.0553329230886905,0.5579859696323951,33.98998404003416,0.1446666666666667,-0.8608187719829781
2022-10-16 23:00:00,0.0,0.0493844382701077,0.483439020015506,29.448920705806223,0.1446666666666667,-0.8465712421651557
2022-10-16 23:30:00,0.0,0.052044563705461,0.4086285875851334,24.891807189113976,0.1446666666666667,-0.8440713711229524
2022-10-17 00:00:00,0.0,0.0542125891763994,0.4368828672520653,26.612930240961266,0.14500000000000002,-0.8473086408542537
2022-10-17 00:30:00,0.0,0.0456571839144359,0.4932069958834159,30.04394165959907,0.14500000000000002,-0.8529686108257576
2022-10-17 01:00:00,0.0,0.0431144745177549,0.3426746979172049,20.87419423969169,0.14533333333333334,-0.8611890735198475
2022-10-17 01:30:00,0.0,0.0314637610561797,0.3992499627379652,24.3205037402428,0.14533333333333334,-0.8761242212514991
2022-10-17 02:00:00,0.0,0.0286219851108628,0.4556742400367762,27.757615763185857,0.14533333333333334,-0.902846347542172
2022-10-17 02:30:00,0.0,0.0398091777218384,0.3048735164331194,18.571517066312257,0.14533333333333334,-0.9419328602651764
2022-10-17 03:00:00,0.0,0.0393446151934028,0.0,0.0,0.14533333333333334,-0.9884295848878992
2022-10-17 03:30:00,0.0,0.030058610307804,0.3048735164331194,18.571517066312257,0.14533333333333334,-1.0356743885043456
2022-10-17 04:00:00,0.0,0.0289639648885717,0.4368828672520653,26.612930240961266,0.14566666666666667,-1.0750372332392166
2022-10-17 04:30:00,0.0,0.0669436187825571,0.0575009030850532,3.502695201164502,0.14566666666666667,-1.0891492583695743
2022-10-17 05:00:00,0.0,0.0627295025083608,0.5306733232292771,32.32622103189851,0.14566666666666667,-1.0535636635086945
2022-10-17 05:30:00,0.0,0.0465658630222471,0.4556742400367762,27.757615763185857,0.14566666666666667,-0.9579035037013004
2022-10-17 06:00:00,0.0,0.030539931180357,0.3615499528273607,22.023989481981452,0.14566666666666667,-0.8267457118592694
2022-10-17 06:30:00,0.0,0.0402406524905212,0.4744489383324961,28.901285550883916,0.14566666666666667,-0.7108007678395512
2022-10-17 07:00:00,0.0,0.0292642932033267,0.4556742400367762,27.757615763185857,0.14566666666666667,-0.65354722823563
2022-10-17 07:30:00,0.0,0.0392866693979411,0.4180747861340671,25.46722692256852,0.14566666666666667,-0.666949226681283
2022-10-17 08:00:00,0.0,0.0330933000855595,0.3615499528273607,22.023989481981452,0.14566666666666667,-0.7352031816834522
2022-10-17 08:30:00,0.0,0.0345913199167577,0.3615499528273607,22.023989481981452,0.14566666666666667,-0.8396823251600968
2022-10-17 09:00:00,0.0,0.0419308826024749,0.5867488465522084,35.7420885384573,0.14566666666666667,-0.9859756852348122
2022-10-17 09:30:00,0.0,0.049905682540459,0.7910999284800061,48.19023309998733,0.14566666666666667,-1.2090810904161315
2022-10-17 10:00:00,0.0,0.0485433633227439,1.157691008692718,70.521305284218,0.14566666666666667,-1.5442616074528095
2022-10-17 10:30:00,0.0,0.0474184639439291,1.8901246702795893,115.13785448548695,0.14566666666666667,-1.984698065431704
2022-10-17 11:00:00,0.0,0.0368987548747229,2.9693500156502193,180.87938610305608,0.145,-2.468035848845387
2022-10-17 11:30:00,0.0,0.0413731399714057,3.7734852584281233,229.86367165069595,0.145,-2.9072118345792632
2022-10-17 12:00:00,0.0,0.0711797877788325,4.125255198092857,251.29190692128023,0.14300000000000002,-3.2344830568421923
2022-10-17 12:30:00,0.0,0.0782702965129418,4.188622219931715,255.1519395711805,0.14300000000000002,-3.420419326766295
2022-10-17 13:00:00,0.0,0.3588117405839371,4.061708129749619,247.42090665186385,0.14033333333333334,-3.4670356163835914
2022-10-17 13:30:00,0.0,0.2524872915458745,3.982019244856379,242.566619854162,0.14033333333333334,-3.3975628585096316
2022-10-17 14:00:00,0.0,0.0968546863879525,4.029866697506858,245.4812704734554,0.1386666666666667,-3.247347376678796
2022-10-17 14:30:00,0.0,0.2421121953920126,4.251810402726092,259.0010781545657,0.1386666666666667,-3.048758468811557
2022-10-17 15:00:00,0.0,0.3043037852482971,3.982019244856379,242.566619854162,0.13733333333333334,-2.820454944628873
2022-10-17 15:30:00,0.0,0.3258813613897452,3.85392188857232,234.7635077104388,0.13733333333333334,-2.5756600890212864
2022-10-17 16:00:00,0.0,0.1275410761432817,3.0527610922941557,185.96041200368452,0.137,-2.336275424650287
2022-10-17 16:30:00,0.0,0.1423270528530625,2.496285603539991,152.06243963372452,0.137,-2.128345697681171
2022-10-17 17:00:00,0.0,0.1403120962226434,2.238573572212452,136.36378714337835,0.137,-1.962969891329806
2022-10-17 17:30:00,0.0,0.1324285012616902,1.8725539665974225,114.06752660946084,0.137,-1.8291522012829888
2022-10-17 18:00:00,0.0,0.1174740400597358,1.5894572529811073,96.82255397342124,0.1376666666666667,-1.7073820787249707
2022-10-17 18:30:00,0.0,0.1124963705883605,1.3566644569573416,82.64186870153958,0.1376666666666667,-1.5870340453292815
2022-10-17 19:00:00,0.0,0.1126472628793343,1.1758561998116703,71.62784664873318,0.13833333333333334,-1.47182988658407
2022-10-17 19:30:00,0.0,0.0826831606461898,1.0483741548432102,63.862216490104714,0.13833333333333334,-1.3752922259845657
2022-10-17 20:00:00,0.0,0.0548643953379829,0.8095801610467255,49.31596536600243,0.1386666666666667,-1.3155881049265816
2022-10-17 20:30:00,0.0,0.0543129988269761,0.6240502715481597,38.01432280470274,0.1386666666666667,-1.311650330645323
2022-10-17 21:00:00,0.0,0.053791558739803,0.5493816600154321,33.46584837628483,0.13933333333333334,-1.3736585952282994
2022-10-17 21:30:00,0.0,0.0505911283889238,0.5119484463339758,31.18558613879861,0.13933333333333334,-1.4873811956351783
2022-10-17 22:00:00,0.0,0.1011675162691185,0.4368828672520653,26.612930240961266,0.139,-1.6094479218676987
2022-10-17 22:30:00,0.0,0.1125195953152851,0.4932069958834159,30.04394165959907,0.139,-1.6893178198342869
2022-10-17 23:00:00,0.0,0.0922171528946415,0.6426764060427806,39.148942756915496,0.139,-1.6993254314847537
2022-10-17 23:30:00,0.0,0.11781768184752,0.4744489383324961,28.901285550883916,0.139,-1.6391297730439838
2022-10-18 00:00:00,0.0,0.1236201355358489,0.4539063759890636,27.649925473399023,0.139,-1.520142505403382
2022-10-18 00:30:00,0.0,0.1104131174972302,0.4912781377789799,29.92644433931974,0.139,-1.3625437017180022
2022-10-18 01:00:00,0.0,0.0721383606183235,0.5472123718649944,33.333705143973475,0.1396666666666667,-1.2003496381461078
2022-10-18 01:30:00,0.0,0.0733467485860175,0.2849112330134444,17.355504958903175,0.1396666666666667,-1.064401807331186
2022-10-18 02:00:00,0.0,0.0800515610866767,0.2471724307782969,15.056627647511732,0.1396666666666667,-0.9560088327844866
2022-10-18 02:30:00,0.0,0.0633011759771896,0.3413932493838629,20.796134185197634,0.1396666666666667,-0.8540201035572944
2022-10-18 03:00:00,0.0,0.0452259546958626,0.3037553625224057,18.50340418239065,0.14,-0.7497257812845654
2022-10-18 03:30:00,0.0,0.0409661138580442,0.2282776893219308,13.905645372875748,0.14,-0.6591242200315037
2022-10-18 04:00:00,0.0,0.037477756611072,0.2660502672033902,16.206580144027054,0.14033333333333334,-0.5987436317768929
2022-10-18 04:30:00,0.0,0.0626949437600137,0.1904373531367379,11.6005830720233,0.14033333333333334,-0.5633122413287871
2022-10-18 05:00:00,0.0,0.033930487299184,0.3413932493838629,20.796134185197634,0.14,-0.5329517818692563
2022-10-18 05:30:00,0.0,2.3964108518869705e-05,0.1525289812574063,9.291376344099591,0.14,-0.4970012663300598
2022-10-18 06:00:00,0.0,2.1615254675085757e-05,0.2849112330134444,17.355504958903175,0.14033333333333334,-0.4667812469958813
2022-10-18 06:30:00,0.0,2.122990299606362e-05,0.1525289812574063,9.291376344099591,0.14033333333333334,-0.4651695923650229
2022-10-18 07:00:00,0.0,2.148704350693933e-05,0.1904373531367379,11.6005830720233,0.14033333333333334,-0.5050127151018616
2022-10-18 07:30:00,0.0,2.1165977399399305e-05,0.1335491947938554,8.135213511897266,0.14033333333333334,-0.579490476177055
2022-10-18 08:00:00,0.0,0.0320671966896893,0.0765070125320592,4.660461510579907,0.14033333333333334,-0.6730107881032275
2022-10-18 08:30:00,0.0,2.1777238958862854e-05,0.2471724307782969,15.056627647511732,0.14033333333333334,-0.77957480954227
2022-10-18 09:00:00,0.0,0.0420137521805459,0.3413932493838629,20.796134185197634,0.14,-0.9131006418570908
2022-10-18 09:30:00,0.0,2.2004533985472384e-05,0.6401092022342337,38.99256030067289,0.14,-1.1042294441084788
2022-10-18 10:00:00,0.0,2.386261680441744e-05,0.9529523167255404,58.04954927048433,0.14,-1.3812816935908585
2022-10-18 10:30:00,0.0,2.8623806350329834e-05,1.4762558752686128,89.9268375375896,0.14,-1.7403414210300483
2022-10-18 11:00:00,0.0,0.0342717563771435,2.3496264997520915,143.12862970233766,0.13933333333333334,-2.1282332840703413
2022-10-18 11:30:00,0.0,0.039589149309913,3.007279724731167,183.18989259689124,0.13933333333333334,-2.463664661222067
2022-10-18 12:00:00,0.0,0.0471458580037264,3.3206661370385886,202.2799768147981,0.138,-2.685875832936437
2022-10-18 12:30:00,0.0,0.0489283038152833,3.5000857252514543,213.2094074308448,0.138,-2.786525131406638
2022-10-18 13:00:00,0.0,0.0367348842175388,3.4350106002800436,209.24532485608273,0.13566666666666669,-2.798329503858328
2022-10-18 13:30:00,0.0,0.0375144938910521,3.581161543429193,218.1481799374538,0.13566666666666669,-2.7596409853913246
2022-10-18 14:00:00,0.0,0.0340101186939101,3.271479507419639,199.2837495855855,0.13333333333333333,-2.6888992257676088
2022-10-18 14:30:00,0.0,0.0355032771296584,3.4187118590051404,208.25247918261252,0.13333333333333333,-2.5830515613947367
2022-10-18 15:00:00,0.0,0.1656618060157274,3.6458093275378176,222.0862308377719,0.13166666666666668,-2.4350504075250257
2022-10-18 15:30:00,0.0,0.2899780027491774,3.30428277432584,201.2819763856918,0.13166666666666668,-2.255426560657649
2022-10-18 16:00:00,0.0,0.1099488003577569,2.756672369145989,167.92402485066964,0.13166666666666668,-2.0761309263345606
2022-10-18 16:30:00,0.0,0.1139261692794972,2.3325000627684793,142.085364546192,0.13166666666666668,-1.928908153258056
2022-10-18 17:00:00,0.0,0.1171448352849888,2.073968652707781,126.33679920574104,0.13166666666666668,-1.82152177466109
2022-10-18 17:30:00,0.0,0.1118718548896163,1.899883806355832,115.73233695911358,0.13166666666666668,-1.7388682435680909
2022-10-18 18:00:00,0.0,0.1064971868611395,1.6360951728545223,99.6635253211455,0.13233333333333333,-1.663852834818934
2022-10-18 18:30:00,0.0,0.0975868448299649,1.4405738704101243,87.7532510288545,0.13233333333333333,-1.5922582188331995
2022-10-18 19:00:00,0.0,0.0944104872508741,0.9712123610863372,59.16186866590335,0.133,-1.529511485422207
2022-10-18 19:30:00,0.0,0.1048680627667889,0.9346766064444452,56.93627557798636,0.133,-1.478960768726972
2022-10-18 20:00:00,0.0,0.1006990330740356,0.6956526005195636,42.37601315431972,0.13333333333333333,-1.4356871493015988
2022-10-18 20:30:00,0.0,0.0777526276047963,0.6029993075272403,36.73199319421133,0.13333333333333333,-1.38918947342184
2022-10-18 21:00:00,0.0,0.0960237316826618,0.4912781377789799,29.92644433931974,0.13333333333333333,-1.3292112322880818
2022-10-18 21:30:00,0.0,0.0924298516450034,0.6029993075272403,36.73199319421133,0.13333333333333333,-1.2500247056334304
2022-10-18 22:00:00,0.0,0.0701414925308496,0.4539063759890636,27.649925473399023,0.13366666666666668,-1.1529962608109234
2022-10-18 22:30:00,0.0,0.0476585926395085,0.360187074856429,21.94096911408403,0.13366666666666668,-1.0473842960021822
2022-10-18 23:00:00,0.0,2.781105680668246e-05,0.4912781377789799,29.92644433931974,0.13366666666666668,-0.9474195846818312
2022-10-18 23:30:00,0.0,2.7046281764451948e-05,0.2660502672033902,16.206580144027054,0.13366666666666668,-0.8653474056544832
2022-10-19 00:00:00,0.0,0.0375212717576272,0.2458908061286041,14.97855686480536,0.13366666666666668,-0.80559862617048
