Date,Rain,PET,SV,SF_complete,Soil_moisture,PSY
2021-05-18 17:30:00,0.0,0.3517276914537545,7.394819110410436,450.45896710876303,0.2775461089626479,-0.9533778934030304
2021-05-18 18:00:00,0.0,0.304460476396131,7.311082925378367,445.3581370741145,0.27374918525877506,-0.9309262775626488
2021-05-18 18:30:00,0.0,0.2166319220516402,6.2647766826359,381.62188844543607,0.27374918525877506,-0.894743406918658
2021-05-18 19:00:00,0.0,0.1605675757388505,7.594589404113552,462.6280707496937,0.27071164629567684,-0.8535848732113444
2021-05-18 19:30:00,0.0,0.2319446279700358,5.352339019991217,326.0403088382447,0.27071164629567684,-0.8106749779130858
2021-05-18 20:00:00,0.0,0.2126929293401462,7.193352691464228,438.1865431818749,0.26843349207335315,-0.7655276474850554
2021-05-18 20:30:00,0.0,0.1743386268826612,3.686394955695216,224.5585239211151,0.26843349207335315,-0.7179354164802144
2021-05-18 21:00:00,0.0,0.1503553359473049,6.561098817561277,399.67249398925986,0.266914722591804,-0.6704050520514139
2021-05-18 21:30:00,0.0,0.1806150888490829,6.229665812090816,379.4830928584335,0.266914722591804,-0.6280884452044948
2021-05-18 22:00:00,0.0,0.1014381541637241,5.315807789542685,323.81499134374485,0.266914722591804,-0.5963000697123613
2021-05-18 22:30:00,0.0,0.1003434962737288,5.021431053242337,305.88289069397746,0.266914722591804,-0.5776726258618412
2021-05-18 23:00:00,0.0,0.1374571731487033,5.606437024326621,341.5188111340191,0.26615533785102946,-0.571125164213581
2021-05-18 23:30:00,0.0,0.0964490375879684,3.8430619252394815,234.10196781436983,0.26615533785102946,-0.5726154845768937
2021-05-19 00:00:00,0.0,0.1309914622450936,4.733824588226999,288.36320437978156,0.2653959531102548,-0.5768342562315577
2021-05-19 00:30:00,0.0,0.129973734367686,3.603528491481895,219.51067334895745,0.2653959531102548,-0.5793332866109244
2021-05-19 01:00:00,0.0,0.0911570967134913,3.4259587448492597,208.69392672356744,0.2646365683694803,-0.578080398828814
2021-05-19 01:30:00,0.0,0.0856200641402595,3.32668940387029,202.646887014374,0.2646365683694803,-0.5735425082972845
2021-05-19 02:00:00,0.0,0.0806594086429746,4.489624223947664,273.487621594262,0.26387718362870577,-0.5675195567182199
2021-05-19 02:30:00,0.0,0.0462011857164522,2.884511483841135,175.71140608364723,0.26387718362870577,-0.5617113282807502
2021-05-19 03:00:00,0.0,4.920392438380014e-05,3.818644976355677,232.61459761505532,0.2631177988879312,-0.556695262180425
2021-05-19 03:30:00,0.0,0.0455261545008982,3.066478360656846,186.796006011591,0.2631177988879312,-0.5516415515889139
2021-05-19 04:00:00,0.0,0.0425971316370631,2.7419300749028044,167.02599089764846,0.26159902940638197,-0.5450576952911994
2021-05-19 04:30:00,0.0,6.103685782681687e-05,2.287658001202244,139.35378877205076,0.26159902940638197,-0.5364447048894209
2021-05-19 05:00:00,0.0,6.000825586079839e-05,2.660035817706877,162.03736278412464,0.26083964466560744,-0.5278317059669755
2021-05-19 05:30:00,0.0,6.0567999586577415e-05,2.7623557985599883,168.2702336902965,0.26083964466560744,-0.5238760406918244
2021-05-19 06:00:00,0.0,0.0002308153768568,1.54475046371023,94.09921837629253,0.26083964466560744,-0.5300853715466157
2021-05-19 06:30:00,0.0,0.0002308153768568,3.2069738179229987,195.3543544469825,0.26083964466560744,-0.550083669005528
2021-05-19 07:00:00,0.0,0.0032122066221951,2.660035817706877,162.03736278412464,0.2600802599248329,-0.583872720049379
2021-05-19 07:30:00,0.0,0.0032370916970597,3.3067818739535753,201.43421024296447,0.2600802599248329,-0.6285090480376321
2021-05-19 08:00:00,0.0,0.0117330933425642,3.95446189943736,240.8879508876372,0.25932087518405833,-0.6799756704664398
2021-05-19 08:30:00,0.0,0.055158475319364,4.070221613311422,247.93950960272548,0.25932087518405833,-0.7338466941901552
2021-05-19 09:00:00,0.0,0.0209107096219756,4.166231979984479,253.78802732270503,0.25856149044328375,-0.784955732555857
2021-05-19 09:30:00,0.0,0.0215364326139988,4.808434831257955,292.90812326280655,0.25856149044328375,-0.8286321042814809
2021-05-19 10:00:00,0.0,0.0333471503581453,5.378494374358618,327.63357484472704,0.2570427209617347,-0.8633117507297874
2021-05-19 10:30:00,0.0,0.0335406848840939,5.505268198108383,335.35606336677256,0.2570427209617347,-0.8902704186891638
2021-05-19 11:00:00,0.0,0.1212907301306275,5.378494374358618,327.63357484472704,0.25628333622096,-0.909244539947679
2021-05-19 11:30:00,0.0,0.1262414735552229,5.881439919610671,358.27074492874533,0.25628333622096,-0.9156176654084872
2021-05-19 12:00:00,0.0,0.2211827763522766,5.685165608940828,346.3146007777879,0.25476456673941095,-0.9034393134384064
2021-05-19 12:30:00,0.0,0.1881488680567362,5.5593857080569755,338.6526575457461,0.25476456673941095,-0.8693395444586507
2021-05-19 13:00:00,0.0,0.1121463717286153,5.828076247332428,355.020071134474,0.25400518199863636,-0.8117359061387508
2021-05-19 13:30:00,0.0,0.1122732634690282,5.360326326796538,326.5268594786032,0.25400518199863636,-0.7296660497184148
2021-05-19 14:00:00,0.0,0.0928688532265107,4.565044915400285,278.0819093331666,0.25400518199863636,-0.6270890936789817
2021-05-19 14:30:00,0.0,0.0674201235490665,3.4259587448492597,208.69392672356744,0.25400518199863636,-0.51748514687245
2021-05-19 15:00:00,0.0,0.0310407887769168,2.3917367911223413,145.69379837949802,0.25400518199863636,-0.4202685353220486
2021-05-19 15:30:00,0.2,0.0205504777964818,1.458192715268526,88.82651144781352,0.25400518199863636,-0.3511945689417381
2021-05-19 16:00:00,0.0,0.003659975274274,1.4147825584750071,86.18216084244048,0.2942525732596884,-0.3157827015068964
2021-05-19 16:30:00,0.0,0.003641993591891,1.1744413380354597,71.54165966230421,0.2942525732596884,-0.30962676235238
2021-05-19 17:00:00,0.0,0.0032521067463817,1.064295793868337,64.83209079843505,0.3284248865945438,-0.3228342530921607
2021-05-19 17:30:00,0.0,0.0032040541210561,1.2183410222391362,74.21583006560047,0.3284248865945438,-0.344891450891334
2021-05-19 18:00:00,0.0,0.0032040734111849,0.8868711526966769,54.02418334207632,0.3307030408168675,-0.3677512787457025
2021-05-19 18:30:00,0.0,0.0031776131878305,0.9313660310578384,56.73461028409334,0.3307030408168675,-0.3864577254846765
2021-05-19 19:00:00,0.0,0.0016442816294666,1.5878988676470822,96.7276241803538,0.3307030408168675,-0.3981174599074917
2021-05-19 19:30:00,0.0,0.0015848049745191,1.2183410222391362,74.21583006560047,0.3307030408168675,-0.4007350393425445
2021-05-19 20:00:00,0.0,0.001105479424369,1.1084222231182026,67.52007348540967,0.3329811950391912,-0.3932721902609569
2021-05-19 20:30:00,0.0,0.0010962494048218,0.8199539087359335,49.94788720200096,0.3329811950391912,-0.3770840690272825
2021-05-19 21:00:00,0.0,0.0004098128616156,0.8422830550226492,51.308077900726,0.3170341154829253,-0.3568108994323731
2021-05-19 21:30:00,0.0,0.0004077532713222,0.8422830550226492,51.308077900726,0.3170341154829253,-0.3384653802416128
2021-05-19 22:00:00,0.0,0.0003267511292933,1.566335496147591,95.4140810215538,0.3170341154829253,-0.3258149320731595
2021-05-19 22:30:00,0.0,0.0003284009380187,1.1304512780309943,68.8619839735822,0.3170341154829253,-0.3186808161510794
2021-05-19 23:00:00,0.0,0.0003363964488408,1.1524576317589,70.20251160814557,0.2995682664451103,-0.3141577380864918
2021-05-19 23:30:00,0.0,0.0003398013870555,0.9313660310578384,56.73461028409334,0.2995682664451103,-0.3084019639769454
2021-05-20 00:00:00,0.0,6.178207037373889e-05,1.6125595362571892,98.22984068416004,0.2972901122227866,-0.2982290249360815
2021-05-20 00:30:00,0.0,6.178207037373889e-05,1.0695939079609444,65.15482796970952,0.2972901122227866,-0.2834318906186133
2021-05-20 01:00:00,0.0,0.0002966159450975,1.5481250522450547,94.30478306193496,0.2942525732596884,-0.267909200482347
2021-05-20 01:30:00,0.0,0.0002956211217085,0.7817018710455547,47.61774590570397,0.2942525732596884,-0.2563303836230429
2021-05-20 02:00:00,0.0,0.0003290499711876,0.6250533987013248,38.07542877829679,0.2904556495558155,-0.2494825709149417
2021-05-20 02:30:00,0.0,0.0003290499711876,0.2397282676531634,14.603162865984348,0.2904556495558155,-0.2450062671191548
2021-05-20 03:00:00,0.0,0.0002201085721558,0.4445979603077616,27.082898849676027,0.28817749533349185,-0.242550307797353
2021-05-20 03:30:00,0.0,0.000218613464571,1.1792946095161208,71.83729903165666,0.28817749533349185,-0.2450825663779148
2021-05-20 04:00:00,0.0,0.0001672019754762,1.7195231961417436,104.74558353471032,0.2858993411111681,-0.2543218941430845
2021-05-20 04:30:00,0.0,0.0001643381238358,1.1573995027803896,70.50354806119293,0.2858993411111681,-0.2673608677026749
2021-05-20 05:00:00,0.0,0.0001437490751664,0.4898561890089294,29.839825645248272,0.2851399563703935,-0.2791090258977732
2021-05-20 05:30:00,0.0,0.0001412555360239,0.4898561890089294,29.839825645248272,0.2851399563703935,-0.2862192291651384
2021-05-20 06:00:00,0.0,0.0001045017588975,1.1354819324302785,69.16842870884184,0.2851399563703935,-0.2868106486697006
2021-05-20 06:30:00,0.0,0.0001039549256557,1.1792946095161208,71.83729903165666,0.2851399563703935,-0.2786928617815205
2021-05-20 07:00:00,0.0,0.0002366652700525,0.1250465888737518,7.617273177817868,0.2866587258519427,-0.2622932771021325
2021-05-20 07:30:00,0.0,0.0002362611946721,0.82624720416088,50.33124632336754,0.2866587258519427,-0.2453094426298678
2021-05-20 08:00:00,0.0,0.0011039684231711,1.7621603008111906,107.34284329767988,0.2980494969635612,-0.2400503210439759
2021-05-20 08:30:00,0.0,0.0011213660214683,0.8039862053309195,48.97520685978736,0.2980494969635612,-0.2539869721580903
2021-05-20 09:00:00,0.0,0.0021142967510233,0.4445979603077616,27.082898849676027,0.301846420667434,-0.2842833416247388
2021-05-20 09:30:00,0.0,0.0021438016823881,0.4898561890089294,29.839825645248272,0.301846420667434,-0.3213064487024826
2021-05-20 10:00:00,0.0,0.0027872270633989,0.7593941451789924,46.25886004218765,0.31323719177905257,-0.3554211227629003
2021-05-20 10:30:00,0.0,0.002815761679266,0.4898561890089294,29.839825645248272,0.31323719177905257,-0.3811510235369176
2021-05-20 11:00:00,0.2,0.0048735124041622,0.4445979603077616,27.082898849676027,0.3117184222975034,-0.3983786368705221
2021-05-20 11:30:00,0.0,0.0051565412591612,0.5800834405559742,35.33606212244973,0.3117184222975034,-0.4109678817740315
2021-05-20 12:00:00,0.0,0.0049715215912163,0.4898561890089294,29.839825645248272,0.2995682664451103,-0.4231274192015833
2021-05-20 12:30:00,0.2,0.0050656041497412,0.4445979603077616,27.082898849676027,0.2995682664451103,-0.4359922488936338
2021-05-20 13:00:00,0.4,0.0037629467396002,0.9150589605722304,55.7412572327421,0.29273380377813923,-0.4477418111534474
2021-05-20 13:30:00,0.4,0.0036753318957264,0.3765285353788384,22.93641705108767,0.29273380377813923,-0.4573184001701489
2021-05-20 14:00:00,0.4,0.0041150220345385,0.7370629714077076,44.89854583826374,0.29273380377813923,-0.4675989480715256
2021-05-20 14:30:00,0.0,0.0041150220345385,0.5124490645529479,31.21608153868155,0.29273380377813923,-0.4839849555337111
2021-05-20 15:00:00,0.0,0.0054059311577021,0.5800834405559742,35.33606212244973,0.2942525732596884,-0.5091068361674828
2021-05-20 15:30:00,0.0,0.0055795949080079,0.7593941451789924,46.25886004218765,0.2942525732596884,-0.5384634257543354
2021-05-20 16:00:00,3.2,0.0217639968020958,1.091579188378066,66.49407191339854,0.29273380377813923,-0.5612486602618427
2021-05-20 16:30:00,2.6,0.0247443646765157,1.1354819324302785,69.16842870884184,0.29273380377813923,-0.5664041635918433
2021-05-20 17:00:00,1.6,0.023508911676567,0.669928196445244,40.80899869246587,0.29273380377813923,-0.5494131396468371
2021-05-20 17:30:00,0.2,0.0184201248036756,0.7593941451789924,46.25886004218765,0.29273380377813923,-0.5144659924640645
2021-05-20 18:00:00,0.0,0.0202628645386863,0.4445979603077616,27.082898849676027,0.29197441903736465,-0.4704545206026979
2021-05-20 18:30:00,0.0,0.0207414040792877,0.3310268353384029,20.164659081639556,0.29197441903736465,-0.4243340559062117
2021-05-20 19:00:00,0.0,0.0148695553646971,0.5575626318709737,33.96419621643756,0.289696264815041,-0.3773865729160183
2021-05-20 19:30:00,0.0,0.0146459673324375,0.5800834405559742,35.33606212244973,0.289696264815041,-0.3274969101435603
2021-05-20 20:00:00,0.0,0.003656591116128,0.2625899571227499,15.995793689141784,0.28817749533349185,-0.2749471434187829
2021-05-20 20:30:00,0.0,0.0089606731578839,0.4898561890089294,29.839825645248272,0.28817749533349185,-0.2258578645672626
2021-05-20 21:00:00,0.0,0.0010628799652665,1.0255552621666075,62.47219265420082,0.2889368800742664,-0.1903164459688153
2021-05-20 21:30:00,0.0,0.0010665574363715,1.7195231961417436,104.74558353471032,0.2889368800742664,-0.1771169254425654
2021-05-20 22:00:00,0.0,0.0001269808048195,-0.0597530585255662,-3.639886334355796,0.2889368800742664,-0.188541215016124
2021-05-20 22:30:00,0.0,0.0001261059813169,1.353653082992273,82.45842940632095,0.2889368800742664,-0.2172311679792151
2021-05-20 23:00:00,0.0,7.680156284004359e-05,1.4403028025255948,87.73673879813481,0.28817749533349185,-0.2468048477605345
2021-05-20 23:30:00,0.0,7.64006048247367e-05,0.959326270933294,58.43782176044709,0.28817749533349185,-0.2579965304386328
2021-05-21 00:00:00,0.0,7.653562899632197e-05,1.249084106782495,76.08855986498702,0.28741811059271727,-0.2403240550234683
2021-05-21 00:30:00,0.0,7.64006048247367e-05,1.1401588731452297,69.45332680468842,0.28741811059271727,-0.2023965817100944
2021-05-21 01:00:00,0.0,5.690024270755264e-05,1.4006537418614222,85.32149717464843,0.2858993411111681,-0.1692496047984599
2021-05-21 01:30:00,0.0,5.670268672132467e-05,1.1401588731452297,69.45332680468842,0.2858993411111681,-0.164813881637582
2021-05-21 02:00:00,0.0,6.626627561470756e-05,1.0526169739786306,64.12066986088158,0.2858993411111681,-0.1941120803021425
2021-05-21 02:30:00,0.0,6.673254548832198e-05,1.3358266438413569,81.37252328106574,0.2858993411111681,-0.2408080238131658
2021-05-21 03:00:00,0.0,5.6402185871000353e-05,0.9426819056462806,57.423922233842866,0.2851399563703935,-0.2818656728473677
2021-05-21 03:30:00,0.0,5.6402185871000353e-05,1.0526169739786306,64.12066986088158,0.2851399563703935,-0.3072269539790854
2021-05-21 04:00:00,0.0,5.630229560235139e-05,0.7655965716430413,46.63668383704291,0.284380571629619,-0.3269439355059476
2021-05-21 04:30:00,0.0,5.7101814991609614e-05,0.5870228907130723,35.75878207048314,0.284380571629619,-0.3602899020495422
2021-05-21 05:00:00,0.0,5.630229560235139e-05,-0.1195545212403416,-7.282721233206459,0.28362118688884447,-0.4207224558470863
2021-05-21 05:30:00,0.0,5.541288721630895e-05,0.6094269760961122,37.12353772034792,0.28362118688884447,-0.510392175084824
2021-05-21 06:00:00,0.0,0.0001428206960672,0.2024788522323684,12.334096788054923,0.28362118688884447,-0.6210980310162727
2021-05-21 06:30:00,0.0,0.0001456761990176,1.4867860675114324,90.56828926890776,0.28362118688884447,-0.7350021879106351
2021-05-21 07:00:00,0.0,0.0022625199817021,-1.140807201616425,-69.49282004571587,0.28286180214806983,-0.8292600528176645
2021-05-21 07:30:00,0.0,0.0023184099642116,-0.493744535905684,-30.0766861689096,0.28286180214806983,-0.8876629903008898
2021-05-21 08:00:00,0.0,0.0059627843263707,-0.5409922120949354,-32.954801116243075,0.2813430326665208,-0.9110864440613348
2021-05-21 08:30:00,0.0,0.0060959114062668,-0.6833801193436915,-41.62842905364005,0.2813430326665208,-0.9170085337528804
2021-05-21 09:00:00,0.4,0.014966641955763,-1.0921800344060708,-66.53067273853374,0.2775461089626479,-0.9275003531910212
2021-05-21 09:30:00,0.2,0.0156635877433632,-0.3526387446273975,-21.48115894326071,0.2775461089626479,-0.9534720957166244
2021-05-21 10:00:00,0.0,0.0243067305279881,0.1109709448131765,6.759848541697802,0.2775461089626479,-0.9881963080825412
2021-05-21 10:30:00,0.0,0.0243837737072847,0.497168908553002,30.28528347773826,0.2775461089626479,-1.01680736069149
2021-05-21 11:00:00,0.0,0.0286568365430931,2.18452722625763,133.07152795335458,0.2790648784441971,-1.0308873701725418
2021-05-21 11:30:00,0.0,0.0287942182628976,2.961136084311796,180.3790305201319,0.2790648784441971,-1.032478427741665
2021-05-21 12:00:00,0.0,0.0339829939287388,2.370977844262002,144.42925713496513,0.2813430326665208,-1.0279325062030755
2021-05-21 12:30:00,0.0,0.0334596940069491,2.8201359007584017,171.78993643990052,0.2813430326665208,-1.0223198803714129
2021-05-21 13:00:00,0.0,0.0271110541115856,2.9410486277842636,179.15539343258015,0.284380571629619,-1.0174790531234272
2021-05-21 13:30:00,0.0,0.0277462870280073,3.4181558676756927,208.21861070303984,0.284380571629619,-1.0108968242606995
2021-05-21 14:00:00,0.0,0.0507348478263601,2.8605143111060585,174.24960675057696,0.284380571629619,-0.996154158710772
2021-05-21 14:30:00,0.0,0.0522767740549391,4.019571516225765,244.85413454804112,0.284380571629619,-0.9668676932369852
2021-05-21 15:00:00,0.0,0.0323919687880276,3.7693437437131583,229.6113892874746,0.2866587258519427,-0.921439210043878
2021-05-21 15:30:00,0.0,0.0316404270480692,3.923662314548462,239.01177934249424,0.2866587258519427,-0.8635646976429511
2021-05-21 16:00:00,0.0,0.0659733293962908,4.038703992546377,246.01959855641456,0.2866587258519427,-0.7983364624508162
2021-05-21 16:30:00,0.0,0.0644684842791292,4.000422629910192,243.6876709169223,0.2866587258519427,-0.7295006152824969
2021-05-21 17:00:00,0.0,0.0547413201227914,3.516267635449695,214.19513628301976,0.2866587258519427,-0.660940153706853
2021-05-21 17:30:00,1.0,0.041939455874941,2.7594283168317477,168.0919047310828,0.2866587258519427,-0.5980053250263037
2021-05-21 18:00:00,0.0,0.0169107065071804,2.6985517979564677,164.38358226851838,0.284380571629619,-0.544855135770849
2021-05-21 18:30:00,0.0,0.0170373866882429,2.3503399611795612,143.17209054876156,0.284380571629619,-0.5012316527480573
2021-05-21 19:00:00,0.0,0.0100961712195134,2.2675918821854775,138.13145146924248,0.284380571629619,-0.463277748224886
2021-05-21 19:30:00,0.0,0.0099902713343079,1.954443810099104,119.05588586067428,0.284380571629619,-0.4270522390152446
2021-05-21 20:00:00,0.0,0.0060181249693185,2.0174368142871892,122.89313504526832,0.284380571629619,-0.3905215446945841
2021-05-21 20:30:00,0.0,0.0058718467383608,1.8912666468060295,115.20741853551742,0.284380571629619,-0.3532162436508638
2021-05-21 21:00:00,0.0,0.0030964260024171,1.9334052794428032,117.77431363457592,0.28362118688884447,-0.3157651216152913
2021-05-21 21:30:00,0.0,0.002982207290319,1.6366911400639894,99.69982895070004,0.28362118688884447,-0.2803299903083194
2021-05-21 22:00:00,0.0,0.0003047386098492,1.7643548157313116,107.47652323081454,0.28362118688884447,-0.2505661905295326
2021-05-21 22:30:00,0.0,0.0002993990657055,1.5511592105983618,94.48961027913504,0.28362118688884447,-0.2299346430442539
2021-05-21 23:00:00,0.0,7.637346951186466e-05,1.5297229302910536,93.183808941508,0.28286180214806983,-0.2196584147736981
2021-05-21 23:30:00,0.0,7.587389593146764e-05,1.4867860675114324,90.56828926890776,0.28286180214806983,-0.2182234285939405
2021-05-22 00:00:00,0.0,6.355480720293287e-05,1.382441432089757,84.2120855547131,0.28286180214806983,-0.2223143330287086
2021-05-22 00:30:00,0.0,6.366073533565116e-05,1.4468823458250089,88.13753484661814,0.28286180214806983,-0.2279650460150823
2021-05-22 01:00:00,0.0,5.252579362598241e-05,1.4039432646400605,85.52188003878909,0.28286180214806983,-0.2318011509258167
2021-05-22 01:30:00,0.0,5.165791702659328e-05,1.3609180050883851,82.90097563425141,0.28286180214806983,-0.2329026478941205
2021-05-22 02:00:00,0.0,4.070440810583362e-05,1.317806167277352,80.27479727335292,0.28286180214806983,-0.2348977489826634
2021-05-22 02:30:00,0.0,4.036337967921347e-05,0.9258362545696672,56.39776128643537,0.28286180214806983,-0.245760768400418
2021-05-22 03:00:00,0.0,4.909379720080056e-05,0.3013761469616043,18.358473120785785,0.28286180214806983,-0.2723621970023744
2021-05-22 03:30:00,0.0,5.045422459901684e-05,0.1195204578980575,7.280646248307914,0.28286180214806983,-0.3116677297232056
2021-05-22 04:00:00,0.0,4.8252598061012055e-05,0.682700578381447,41.587034488689866,0.28286180214806983,-0.3476113038571423
2021-05-22 04:30:00,0.0,4.816763461468195e-05,0.391719761159269,23.861797884884556,0.28286180214806983,-0.3603588824891016
2021-05-22 05:00:00,0.0,3.813288313618399e-05,0.837744639640328,51.03161814222387,0.28286180214806983,-0.3414926322209523
2021-05-22 05:30:00,0.0,0.0039495164906893,0.837744639640328,51.03161814222387,0.28286180214806983,-0.3013595829682471
2021-05-22 06:00:00,0.0,0.0002622945776559,1.1009341159528891,67.06393183151333,0.28362118688884447,-0.262742768565886
2021-05-22 06:30:00,0.0,0.0002622945776559,0.4592249750393417,27.973910495734604,0.28362118688884447,-0.2477386535734037
2021-05-22 07:00:00,0.0,0.0018974877921972,1.0135649418814805,61.741796520056326,0.28362118688884447,-0.2691388120909147
2021-05-22 07:30:00,0.0,0.0019340153349443,0.481678929234905,29.34170392832873,0.28362118688884447,-0.3301339706226361
2021-05-22 08:00:00,0.0,0.005691068209478,0.5041090879180425,30.70804784582463,0.28286180214806983,-0.4268195333546414
2021-05-22 08:30:00,0.0,0.0059215122546213,0.4142454490286785,25.2339610087646,0.28286180214806983,-0.54941421307044
2021-05-22 09:00:00,0.0,0.0121803907208743,0.2787297334394609,16.97895593563365,0.2821024174072953,-0.685226236562164
2021-05-22 09:30:00,0.0,0.012841985657149,0.3239982974262422,19.736512310106026,0.2821024174072953,-0.8233746232480249
2021-05-22 10:00:00,0.0,0.033778426851094,2.3087775360235097,140.64029540586574,0.2821024174072953,-0.9546029334345548
2021-05-22 10:30:00,0.0,0.0385408424406214,2.696860114967472,164.2805325846085,0.2821024174072953,-1.0661730266565146
2021-05-22 11:00:00,0.0,0.0786532877659602,3.1774253544523505,193.5543955655136,0.2821024174072953,-1.1417542892253945
2021-05-22 11:30:00,0.0,0.078442833521636,5.074791218737692,309.13335087088046,0.2821024174072953,-1.169945831577912
2021-05-22 12:00:00,0.0,0.0738541497449816,4.633844336530323,282.2728592018778,0.2813430326665208,-1.1531188911534491
2021-05-22 12:30:00,0.0,0.0779195468464273,4.726419513401278,287.912120680836,0.2813430326665208,-1.1082956602817846
2021-05-22 13:00:00,0.0,0.1355070298258578,4.818616952274345,293.52837206775195,0.28058364792574625,-1.0598325132929738
2021-05-22 13:30:00,0.0,0.139756985170886,4.837011435017179,294.648880841952,0.28058364792574625,-1.0295065747445808
2021-05-22 14:00:00,0.0,0.1467094099874505,5.020139668076154,305.80422534470887,0.2798242631849716,-1.0302694824832794
2021-05-22 14:30:00,0.0,0.1515089708411423,5.292094218367083,322.3704677362392,0.2798242631849716,-1.0653503493074243
2021-05-22 15:00:00,0.2,0.1752512745208864,5.755946954655735,350.62628053698836,0.2790648784441971,-1.1286098408475242
2021-05-22 15:30:00,0.0,0.2033227945445419,5.9494076638199695,362.4110327973331,0.2790648784441971,-1.2033812175685772
2021-05-22 16:00:00,0.0,0.2223060145785409,7.375984049692247,449.3116203150325,0.2783054937034225,-1.2639168358497956
2021-05-22 16:30:00,0.0,0.1833065685743945,7.010662887693617,427.05790581034574,0.2783054937034225,-1.2844277203214027
2021-05-22 17:00:00,0.0,0.2318771701119934,6.707492897662798,408.590159875168,0.2767867242218734,-1.252013355895338
2021-05-22 17:30:00,0.0,0.2217686078792211,8.518185403235849,518.8893657967506,0.2767867242218734,-1.1722507969161422
2021-05-22 18:00:00,0.0,0.1832913450992775,7.638179951660713,465.2834099446926,0.27450856999954965,-1.0622206498630564
2021-05-22 18:30:00,0.0,0.1522982390880515,7.768203550449652,473.20386007818865,0.27450856999954965,-0.938959673359168
2021-05-22 19:00:00,0.0,0.127861934294669,6.842718517329423,416.8274936154776,0.27298980051800054,-0.8139993814840133
2021-05-22 19:30:00,0.0,0.1080052968200899,6.22794453469304,379.3782404168615,0.27298980051800054,-0.6947931020885163
2021-05-22 20:00:00,0.0,0.0752222307148692,5.364070759901269,326.7549534243213,0.272230415777226,-0.5869522859446934
2021-05-22 20:30:00,0.0,0.081238447029954,4.596707667829056,280.010661144662,0.272230415777226,-0.4944098128805217
2021-05-22 21:00:00,0.0,0.0531207346605044,4.4662452115228435,272.06347779416797,0.27147103103645137,-0.4190348012557295
2021-05-22 21:30:00,0.0,0.0342872955741681,4.01310151372619,244.4600112301297,0.27147103103645137,-0.3608298912878726
2021-05-22 22:00:00,0.0,0.01474444318179,3.1576103436322307,192.347354639426,0.272230415777226,-0.318453514592261
2021-05-22 22:30:00,0.0,0.013857732570067,2.737312186146148,166.74468998027808,0.272230415777226,-0.2898451337871881
2021-05-22 23:00:00,0.0,6.484576402525727e-05,2.676605969936915,163.04674158662567,0.272230415777226,-0.2727194814207741
2021-05-22 23:30:00,0.0,6.321287546794619e-05,2.4320785384050336,148.15123534191696,0.272230415777226,-0.2649303471847715
2021-05-23 00:00:00,0.0,6.235630109829648e-05,1.7887926957205509,108.96516845849604,0.27298980051800054,-0.2649021819866993
2021-05-23 00:30:00,0.0,6.197918758889575e-05,1.7677529511675412,107.68352228729512,0.27298980051800054,-0.271760513978228
2021-05-23 01:00:00,0.0,7.290374274093081e-05,1.3210958801759938,80.47519171874515,0.27298980051800054,-0.2844459012235097
2021-05-23 01:30:00,0.0,0.0086180469254464,1.8308106879628263,111.52471468982895,0.27298980051800054,-0.3004451368775548
2021-05-23 02:00:00,0.0,0.0001682851890319,1.2995927935899318,79.16532084447705,0.27298980051800054,-0.3159252755207919
2021-05-23 02:30:00,0.0,0.0001701087330621,1.4923481259517055,90.9071047372235,0.27298980051800054,-0.3279326725036564
2021-05-23 03:00:00,0.0,0.0084169048067722,0.9087905206953014,55.35941219905227,0.27298980051800054,-0.3368590749179844
2021-05-23 03:30:00,0.0,0.0002224101483817,1.3854759039915796,84.396931871872,0.27298980051800054,-0.3464681540389869
2021-05-23 04:00:00,0.0,0.0078872353556118,1.4923481259517055,90.9071047372235,0.27298980051800054,-0.3610509223935763
2021-05-23 04:30:00,0.0,8.374994650533952e-05,0.9306906271098324,56.69346772735769,0.27298980051800054,-0.3824735404240819
2021-05-23 05:00:00,0.0,0.008404375798195,1.2349535981161976,75.22779312498918,0.27298980051800054,-0.4098599244615442
2021-05-23 05:30:00,0.0,0.0078207721927731,1.2780680845152452,77.854132825902,0.27298980051800054,-0.4412949559430489
2021-05-23 06:00:00,0.0,0.0009089153084332,0.9525682347008146,58.026152728992265,0.27298980051800054,-0.4751618308026268
2021-05-23 06:30:00,0.0,0.000929912048728,1.534948422376627,93.50212230825264,0.27298980051800054,-0.5106949292216169
2021-05-23 07:00:00,0.0,0.0044491278379752,1.0180665933844648,62.016016789144885,0.272230415777226,-0.548683860060356
2021-05-23 07:30:00,0.0,0.0042416148347223,1.956376002344954,119.1735862817834,0.272230415777226,-0.5918364380179173
2021-05-23 08:00:00,0.0,0.0097796148860331,1.0833643589035702,65.99366162008299,0.272230415777226,-0.6436906355596038
2021-05-23 08:30:00,0.0,0.0101078487837307,2.1226697594672577,129.30345057616378,0.272230415777226,-0.7067189569091578
2021-05-23 09:00:00,0.0,0.0188115778886752,1.80981192589415,110.24556498639645,0.272230415777226,-0.7807682553245631
2021-05-23 09:30:00,0.0,0.0204500689176205,2.6140389544155447,159.23544170680074,0.272230415777226,-0.8615737260001419
2021-05-23 10:00:00,0.0,0.0458905566085223,4.006364097247936,244.04959826093304,0.27147103103645137,-0.9401083109806494
2021-05-23 10:30:00,0.0,0.0502510483443367,5.619768140910006,342.33088252033656,0.27147103103645137,-1.0054906171797895
2021-05-23 11:00:00,0.0,0.0755930754256351,6.624139564178483,403.5126514269143,0.27071164629567684,-1.051748402760008
2021-05-23 11:30:00,0.0,0.0758606184249241,7.275973838219267,443.219450122928,0.27071164629567684,-1.0818802026286316
2021-05-23 12:00:00,0.0,0.0401789993361375,7.749283810136126,472.05135498613055,0.2699522615549023,-1.1013165033669696
2021-05-23 12:30:00,0.0,0.0373026528391029,7.9904636492710495,486.74294102793505,0.2699522615549023,-1.1048320786824044
2021-05-23 13:00:00,0.0,0.1006558828162999,8.57523844276967,522.3647791740217,0.2691928768141277,-1.0743350076048417
2021-05-23 13:30:00,0.0,0.1526328568014877,9.629636319469247,586.593933581749,0.2691928768141277,-0.9958464212171764
2021-05-23 14:00:00,0.0,0.1997160015262503,8.149913838220504,496.45592607152486,0.26843349207335315,-0.8774908859835983
2021-05-23 14:30:00,0.0,0.084494769094645,6.60718555562547,402.4798898316521,0.26843349207335315,-0.7457506324603342
2021-05-23 15:00:00,0.0,0.0255377275283298,5.743326844888014,349.8575204732346,0.26767410733257857,-0.6255080009470357
2021-05-23 15:30:00,0.2,0.0623401987520701,4.55088149314355,277.21913764595763,0.26767410733257857,-0.5280521547903825
2021-05-23 16:00:00,0.4,0.0139499805555682,3.252463372733844,198.12537258392155,0.2965307274820121,-0.4548060971633813
2021-05-23 16:30:00,0.4,0.0136629009704342,2.4922330173304457,151.81557439323458,0.2965307274820121,-0.4042615909939244
2021-05-23 17:00:00,0.4,0.0133176541536514,2.267136912823574,138.1037367914702,0.3139965765198271,-0.3731877096807281
2021-05-23 17:30:00,0.4,0.013212568469572,2.4310737930108375,148.09003079239122,0.3139965765198271,-0.3558304514479104
2021-05-23 18:00:00,0.0,0.0172425558058573,2.039682634699053,124.24824990820088,0.30260580540820864,-0.3460378812356112
2021-05-23 18:30:00,0.0,0.0212912174364185,2.0812159576057545,126.77827227356327,0.30260580540820864,-0.3404960438119646
2021-05-23 19:00:00,0.6,0.0102578648731067,1.8308106879628263,111.52471468982895,0.312477807038278,-0.3392373607514377
2021-05-23 19:30:00,0.6,0.0101053580110761,1.9772327705937636,120.44408636330115,0.312477807038278,-0.3429640588660039
2021-05-23 20:00:00,0.8,0.0065375443385301,1.8308106879628263,111.52471468982895,0.32538734763144567,-0.3500712979910568
2021-05-23 20:30:00,2.0,0.0053066958445755,1.6410810710645516,99.9672437115842,0.32538734763144567,-0.3561718932105192
2021-05-23 21:00:00,0.4,0.0006450898293592,0.9306906271098324,56.69346772735769,0.3238685781498965,-0.3567219834784189
2021-05-23 21:30:00,1.0,0.0048659789283858,1.0180665933844648,62.016016789144885,0.3238685781498965,-0.3505848375456132
2021-05-23 22:00:00,1.8,0.0124605036682888,1.6198964171777186,98.6767703185319,0.3307030408168675,-0.3410775046243209
2021-05-23 22:30:00,1.6,0.004997528694555,0.8649225985734097,52.687176598263086,0.3307030408168675,-0.3331492044257385
2021-05-23 23:00:00,0.8,0.0029639157324828,0.7989506392267804,48.66846292566123,0.3337405797799658,-0.3293090841308973
2021-05-23 23:30:00,1.2,8.300445007841183e-05,0.7548553200391931,45.98237532311143,0.3337405797799658,-0.3280436295369276
2021-05-24 00:00:00,1.2,2.299012349826155e-05,0.9063385010945604,55.21004624429549,0.3329811950391912,-0.3256233707757093
2021-05-24 00:30:00,1.2,2.269186560040832e-05,1.3129667677115398,79.98000291837357,0.3329811950391912,-0.3193095791425832
2021-05-24 01:00:00,1.6,0.0030151835245816,1.439785557110021,87.705230544564,0.3329811950391912,-0.3094858598529691
2021-05-24 01:30:00,1.0,0.0084363904607724,1.014099435891293,61.774355480051305,0.3329811950391912,-0.2992916415836162
2021-05-24 02:00:00,1.6,0.0033196245563704,1.2917571141327928,78.68800665704964,0.3344999645207403,-0.2923307499956889
2021-05-24 02:30:00,1.8,0.0020902621236625,1.014099435891293,61.774355480051305,0.3344999645207403,-0.2907181928783969
2021-05-24 03:00:00,0.8,0.0031497693172525,1.078495468445012,65.6970708131706,0.3344999645207403,-0.2948783425334497
2021-05-24 03:30:00,1.0,1.984730477582378e-05,0.9495083095965292,57.839755917748285,0.3344999645207403,-0.3041265364450788
2021-05-24 04:00:00,0.2,2.0002751953599464e-05,1.0999176919554037,67.00201587424436,0.3276655018537693,-0.3168483120721416
2021-05-24 04:30:00,0.0,2.022075087988744e-05,1.078495468445012,65.6970708131706,0.3276655018537693,-0.3306714500453271
2021-05-24 05:00:00,0.0,2.0439356277869107e-05,-0.1570328130317725,-9.565729425469293,0.319312269705249,-0.3432461601478913
2021-05-24 05:30:00,0.0,2.0565235285475636e-05,0.0689639053710773,4.200969505462011,0.319312269705249,-0.3532066105095414
2021-05-24 06:00:00,0.0,7.369583581891034e-05,-0.0663423120189562,-4.041273883981136,0.30792149859363055,-0.3605542337227603
2021-05-24 06:30:00,0.0,7.358168260032879e-05,0.1586871915800808,9.66650669141062,0.30792149859363055,-0.366185171804289
2021-05-24 07:00:00,0.0,0.0005362641894453,0.2257298452411239,13.750442223771168,0.3086808833344051,-0.3710295244928927
2021-05-24 07:30:00,0.4,0.0005395220968496,0.2703068488662588,16.465871865790813,0.3086808833344051,-0.3757681037631715
2021-05-24 08:00:00,0.0,0.0017628314167174,0.0464732199371758,2.830938571796475,0.3170341154829253,-0.3813704259269093
2021-05-24 08:30:00,0.8,0.0018170319964649,0.1586871915800808,9.66650669141062,0.3170341154829253,-0.3893291586235662
2021-05-24 09:00:00,0.0,0.0028663361730464,-0.1570328130317725,-9.565729425469293,0.319312269705249,-0.4006408828676425
2021-05-24 09:30:00,0.8,0.0029397293630103,0.1362921724266068,8.302303315285714,0.319312269705249,-0.4144175427411345
2021-05-24 10:00:00,0.2,0.0070145719929052,0.11387332354815,6.93664833998821,0.32159042392757275,-0.4278332115896503
2021-05-24 10:30:00,0.6,0.0071174274726109,-0.0437307286621779,-2.6638783951247857,0.32159042392757275,-0.4376557056530296
2021-05-24 11:00:00,0.6,0.0139002178894187,-0.2481168679128253,-15.11415849035816,0.32538734763144567,-0.4419974817521861
2021-05-24 11:30:00,0.6,0.0141397829979791,0.1586871915800808,9.66650669141062,0.32538734763144567,-0.4412234695131896
2021-05-24 12:00:00,0.0,0.0224004478867689,0.4917915731644575,29.957720503072515,0.32234980866834734,-0.4378369859201837
2021-05-24 12:30:00,0.4,0.0246361777986783,0.425589452204305,25.924986424947853,0.32234980866834734,-0.435243592825385
2021-05-24 13:00:00,0.6,0.0313910853434033,0.4697472050388381,28.61487720316647,0.3162747307421508,-0.435921912409724
2021-05-24 13:30:00,0.2,0.025428900184431,0.6016705095745996,36.65104882703943,0.3162747307421508,-0.4405406269619869
2021-05-24 14:00:00,0.2,0.0269670898522942,0.8197353121307477,49.934571284530186,0.31019965281595424,-0.4484258124315401
2021-05-24 14:30:00,0.2,0.0374070988368529,1.27052642211025,77.39472882879076,0.31019965281595424,-0.4580221316964383
2021-05-24 15:00:00,0.0,0.0465180734661435,1.7950905352031417,109.34880438332225,0.30564334437130686,-0.4666611676932761
2021-05-24 15:30:00,0.4,0.0215424604416789,0.798029304406912,48.6123393714373,0.30564334437130686,-0.4708484318481014
2021-05-24 16:00:00,0.4,0.0228552779038763,0.7327779471031689,44.637521519286,0.3094402680751797,-0.4679648247459597
2021-05-24 16:30:00,0.2,0.0235299773078897,0.8630809719082614,52.57499302311454,0.3094402680751797,-0.457974411720874
2021-05-24 17:00:00,0.2,0.0183415680387903,1.0355863902771525,63.083243653575565,0.307162113852856,-0.4429226184522202
2021-05-24 17:30:00,0.0,0.0183658249396264,1.4608492758716405,88.98833711622723,0.307162113852856,-0.4245153751591455
2021-05-24 18:00:00,0.2,0.008808947708599,0.7763011090458724,47.288755887739605,0.30564334437130686,-0.4030177352483778
2021-05-24 18:30:00,0.0,0.0084410809372345,0.5797402623969334,35.31515725963326,0.30564334437130686,-0.3792468162787351
2021-05-24 19:00:00,0.2,0.0102378860960493,1.3975959546249217,85.13523059265005,0.30564334437130686,-0.3564015923824986
2021-05-24 19:30:00,0.2,0.0058217161378178,0.3369963391122483,20.528294278656432,0.30564334437130686,-0.3380101065420041
2021-05-24 20:00:00,0.6,0.0031627256484542,0.9495083095965292,57.839755917748285,0.3139965765198271,-0.3242602319905134
2021-05-24 20:30:00,0.0,0.0030675403500721,0.425589452204305,25.924986424947853,0.3139965765198271,-0.3119368646810688
2021-05-24 21:00:00,0.2,0.0018812165775962,0.1586871915800808,9.66650669141062,0.3086808833344051,-0.2981811448526597
2021-05-24 21:30:00,0.2,0.0018732800720956,0.623578094320128,37.98555990147878,0.3086808833344051,-0.2835306847834848
2021-05-24 22:00:00,0.0,0.0002021536742385,0.2480301190347592,15.108874140676573,0.307162113852856,-0.2713681150144831
2021-05-24 22:30:00,0.0,0.0001984633069645,0.3591794566318967,21.87958956471496,0.307162113852856,-0.2649927138992823
2021-05-24 23:00:00,0.0,2.3490987901771723e-05,1.0355863902771525,63.083243653575565,0.30564334437130686,-0.2651303151059673
2021-05-24 23:30:00,0.0,2.335725619367361e-05,0.8847207271405845,53.89318913378284,0.30564334437130686,-0.2697863066383596
2021-05-25 00:00:00,0.0,1.3954587628271996e-05,0.6476014551094127,39.448954492482066,0.30488395963053233,-0.2760478279915978
2021-05-25 00:30:00,0.0,1.3973971729726178e-05,0.5391522826036821,32.84272092525961,0.30488395963053233,-0.2817486248589431
2021-05-25 01:00:00,0.4,2.309017886238001e-05,0.6476014551094127,39.448954492482066,0.30488395963053233,-0.2857459387583547
2021-05-25 01:30:00,0.0,2.309017886238001e-05,0.7124057716914544,43.39654064379707,0.30488395963053233,-0.2874986276118561
2021-05-25 02:00:00,0.2,2.2956842455476855e-05,0.5825985585418227,35.48927174572058,0.30564334437130686,-0.2868322457159137
2021-05-25 02:30:00,0.2,2.299012349826155e-05,0.4956167107328038,30.190730600055204,0.30564334437130686,-0.2838327600398138
2021-05-25 03:00:00,0.0,0.0022994159349037,0.8414241824248461,51.25575926283805,0.3064027291120815,-0.2786769558288515
2021-05-25 03:30:00,0.0,2.272486421650997e-05,0.6259559560621233,38.130408494559134,0.3064027291120815,-0.2715936467722387
2021-05-25 04:00:00,0.0,1.3477116779723966e-05,0.6476014551094127,39.448954492482066,0.30564334437130686,-0.2631178345374523
2021-05-25 04:30:00,0.0,1.3300454643371032e-05,0.5391522826036821,32.84272092525961,0.30564334437130686,-0.254639207651003
2021-05-25 05:00:00,0.0,1.320272039128343e-05,0.6476014551094127,39.448954492482066,0.30488395963053233,-0.2489933069620399
2021-05-25 05:30:00,0.0,1.2892226104163597e-05,0.254555967819187,15.506399361922742,0.30488395963053233,-0.2504597877967819
2021-05-25 06:00:00,0.0,0.0006868322204903,0.4738153075640306,28.862687627495976,0.3041245748897577,-0.2635339394150207
2021-05-25 06:30:00,0.0,0.0006909839986556,0.7124057716914544,43.39654064379707,0.3041245748897577,-0.2908207596219688
2021-05-25 07:00:00,0.0,0.0052395377332407,0.6042883411210904,36.81051529631884,0.30336519014898317,-0.3312796094447539
2021-05-25 07:30:00,0.0,0.0054127799229481,0.8199754267790685,49.94919798396061,0.30336519014898317,-0.3799037205626021
2021-05-25 08:00:00,0.0,0.013795988858665,0.5391522826036821,32.84272092525961,0.30336519014898317,-0.4292491480423711
2021-05-25 08:30:00,0.0,0.0143958248115276,0.0552557739359793,3.3659320778997484,0.30336519014898317,-0.4724404760090602
2021-05-25 09:00:00,0.0,0.0245929067813801,0.2985902601335898,18.188769483104824,0.30260580540820864,-0.5061736221523451
2021-05-25 09:30:00,0.0,0.025138318158144,0.5608865564026071,34.166674679928185,0.30260580540820864,-0.531612083768621
2021-05-25 10:00:00,0.0,0.0262136708877856,0.4738153075640306,28.862687627495976,0.30260580540820864,-0.5521256156910157
2021-05-25 10:30:00,0.0,0.0264999701398537,1.1183096524418443,68.1223710039816,0.30260580540820864,-0.5695993163042551
2021-05-25 11:00:00,0.0,0.0463586749363825,1.328880879234694,80.94941868529635,0.30260580540820864,-0.5830861666977035
2021-05-25 11:30:00,0.0,0.0473629678960151,2.6889653304457104,163.79961798370738,0.30260580540820864,-0.5917560720028764
2021-05-25 12:00:00,0.2,0.0634193805547987,2.610116097429658,158.9964789844415,0.301846420667434,-0.5990367072188637
2021-05-25 12:30:00,0.2,0.0573001426661496,2.471440553938204,150.54899147302086,0.301846420667434,-0.6127656207146474
2021-05-25 13:00:00,0.0,0.0493041699164405,1.8054880187563287,109.98217210090512,0.30260580540820864,-0.6401955664831711
2021-05-25 13:30:00,0.0,0.0602821253647012,2.3118652908474533,140.82838747788418,0.30260580540820864,-0.681611533606381
2021-05-25 14:00:00,0.0,0.1039974337260036,2.7282834902544444,166.1947026222384,0.30260580540820864,-0.727921466109129
2021-05-25 14:30:00,0.0,0.130068321195167,3.707839070347349,225.86480249162983,0.30260580540820864,-0.7649807769057652
2021-05-25 15:00:00,0.0,0.0756732669598002,4.33762891703589,264.22875427991914,0.30260580540820864,-0.781512340273764
2021-05-25 15:30:00,0.0,0.0640844261850893,3.6702324155125905,223.57397500276903,0.30260580540820864,-0.7738371793988391
2021-05-25 16:00:00,0.0,0.0842767294874981,4.355886366194442,265.34091558734366,0.301846420667434,-0.7448591455318073
2021-05-25 16:30:00,0.0,0.0659021711128778,3.969319878767255,241.79303185342383,0.301846420667434,-0.7007925747905432
2021-05-25 17:00:00,0.0,0.0595271352857813,3.5948273836494793,218.98064117530032,0.30032765118588495,-0.6486568953350164
2021-05-25 17:30:00,0.0,0.0519025958608648,2.884853340719346,175.7322304600057,0.30032765118588495,-0.594601481562535
2021-05-25 18:00:00,0.2,0.0119927055579955,1.8464375057226223,112.47662981880956,0.2995682664451103,-0.5432645542145833
2021-05-25 18:30:00,0.2,0.011719577312423,2.090517225597311,127.34486349232344,0.2995682664451103,-0.4982987091239151
2021-05-25 19:00:00,0.0,0.005450922160202,1.9077163943220432,116.2094628268824,0.2980494969635612,-0.4624944245977206
2021-05-25 19:30:00,0.2,0.0054811263948055,1.558142769840475,94.91501715332302,0.2980494969635612,-0.4366874992346653
2021-05-25 20:00:00,0.0,0.0020527305891409,1.033496568412625,62.95594114833766,0.2980494969635612,-0.4190843809846082
2021-05-25 20:30:00,0.2,0.0020441705712991,0.9483448346528226,57.76888228127742,0.2980494969635612,-0.4064935232425548
2021-05-25 21:00:00,0.0,0.0006598307484487,0.5825985585418227,35.48927174572058,0.2988088817043357,-0.3964475075351754
2021-05-25 21:30:00,0.0,0.0006534579338367,0.6692248898309764,40.76615643137827,0.2988088817043357,-0.3881598080633479
2021-05-25 22:00:00,0.0,0.0001327301113011,0.5391522826036821,32.84272092525961,0.2988088817043357,-0.3817592488572998
2021-05-25 22:30:00,0.0,0.0001329117217287,0.9909632268364676,60.36500216416328,0.2988088817043357,-0.3769559928774678
2021-05-25 23:00:00,0.0,1.464478617652859e-05,0.9696646864741584,59.06759132161496,0.2980494969635612,-0.3726572297183118
2021-05-25 23:30:00,0.0,1.4623927276735225e-05,0.862851330044077,52.56100427837299,0.2980494969635612,-0.3677555336547706
2021-05-26 00:00:00,0.0,5.7758192639577384e-05,0.4752386191127849,28.94938933588844,0.2980494969635612,-0.3620544061012998
2021-05-26 00:30:00,0.0,5.743469357781023e-05,0.5613623972950487,34.19566075703393,0.2980494969635612,-0.3561950651426913
2021-05-26 01:00:00,0.0,1.446021609994859e-05,-0.0932933618405627,-5.683010062226047,0.2980494969635612,-0.350631748487518
2021-05-26 01:30:00,0.0,1.4297050554073982e-05,0.5828387390661677,35.503902458020725,0.2980494969635612,-0.344983334974018
2021-05-26 02:00:00,0.0,2.315705943392293e-05,1.1546434625223314,70.33566254169358,0.2972901122227866,-0.3385973359261236
2021-05-26 02:30:00,0.0,0.0039357948085929,1.2380655780514618,75.4173608813294,0.2972901122227866,-0.3312388044569469
2021-05-26 03:00:00,0.0,1.359534133593348e-05,1.3004192961641508,79.21566764679048,0.2965307274820121,-0.3226413979957565
2021-05-26 03:30:00,0.0,1.3477116779723966e-05,1.0499055519986984,63.95550228528033,0.2965307274820121,-0.3117652576687845
2021-05-26 04:00:00,0.0,2.2167424405618382e-05,1.070894292970195,65.23404154875246,0.29577134274123745,-0.297589084327401
2021-05-26 04:30:00,0.0,2.142254239945041e-05,0.4536528175372122,27.634479838202633,0.29577134274123745,-0.2811223371353403
2021-05-26 05:00:00,0.0,2.100739016623664e-05,0.3453921010092575,21.039726157617967,0.2950119580004629,-0.2661221067120478
2021-05-26 05:30:00,0.0,2.0659729196298585e-05,0.4104150275638165,25.000629040681176,0.2950119580004629,-0.257320673316715
2021-05-26 06:00:00,0.0,0.0003789944992691,0.62572625282972,38.11641601154298,0.2950119580004629,-0.2581123774624175
2021-05-26 06:30:00,0.0,0.0003726314899993,0.301932049026837,18.392336162785803,0.2950119580004629,-0.2702064167791083
2021-05-26 07:00:00,0.0,0.0017861416971528,0.1052464399854435,6.41113757346337,0.2950119580004629,-0.295283861644302
2021-05-26 07:30:00,0.0,0.0018193720689419,-0.1376691403950413,-8.386181982166107,0.2950119580004629,-0.3364203850532035
2021-05-26 08:00:00,0.0,0.0047640214039098,0.6685272077134835,40.7236567892202,0.2942525732596884,-0.3972517602176971
2021-05-26 08:30:00,0.0,0.0049172949483688,0.301932049026837,18.392336162785803,0.2942525732596884,-0.4792148228144702
2021-05-26 09:00:00,0.0,0.0082172922815764,1.5480351622490005,94.29930736953852,0.2942525732596884,-0.5797739531086729
2021-05-26 09:30:00,0.0,0.0319906641770394,2.4717196700429915,150.5659939649532,0.2942525732596884,-0.6939721574255814
2021-05-26 10:00:00,0.0,0.0656929328694629,4.118685315678336,250.89169937025244,0.2942525732596884,-0.8167348846561345
2021-05-26 10:30:00,0.0,0.0812687095249779,6.108409969848151,372.0967348370941,0.2942525732596884,-0.9410532174406752
2021-05-26 11:00:00,0.0,0.1632440748136593,7.297875498068307,444.55360027944454,0.2942525732596884,-1.054354817837395
2021-05-26 11:30:00,0.0,0.178679475329896,8.791453841419923,535.5356443019986,0.2942525732596884,-1.1411989257802362
2021-05-26 12:00:00,0.0,0.1175593872276711,8.865996374738081,540.0764386152626,0.2934931885189138,-1.1926159701181036
2021-05-26 12:30:00,0.0,0.1757728674438932,9.33777134213654,568.8148379390407,0.2934931885189138,-1.212265176994533
2021-05-26 13:00:00,0.0,0.2165673055725858,9.743297098133535,593.5176346477851,0.2950119580004629,-1.2138908329759972
2021-05-26 13:30:00,0.0,0.2116808256277107,9.366958932966227,570.5928140898062,0.2950119580004629,-1.2140519450172271
2021-05-26 14:00:00,0.0,0.2132302903683383,9.33777134213654,568.8148379390407,0.29273380377813923,-1.2241730494220433
2021-05-26 14:30:00,0.0,0.350624376859853,9.073514624787968,552.7175127481094,0.29273380377813923,-1.2447205747837669
2021-05-26 15:00:00,0.0,0.286812340531128,8.880877616450054,540.9829366202556,0.29197441903736465,-1.2663615615023969
2021-05-26 15:30:00,0.0,0.3701918165114448,10.297352232244956,627.2681699491529,0.29197441903736465,-1.2775256319917296
2021-05-26 16:00:00,0.0,0.3564827592662268,10.784399233613348,656.9368725765049,0.289696264815041,-1.2708462032983094
2021-05-26 16:30:00,0.0,0.3100932133601077,10.043157956677016,611.783803244889,0.289696264815041,-1.2449008014148324
2021-05-26 17:00:00,0.0,0.3808333143749577,9.308549174440694,567.0347555218226,0.28741811059271727,-1.2032379374663575
2021-05-26 17:30:00,0.0,0.3789250966236815,9.014402909890135,549.1166941696781,0.28741811059271727,-1.1516209722001074
2021-05-26 18:00:00,0.0,0.2960022826797043,10.25516479532976,624.6983019139725,0.2858993411111681,-1.0942144088913444
2021-05-26 18:30:00,0.0,0.2034893134672055,9.33777134213654,568.8148379390407,0.2858993411111681,-1.0316892854371995
2021-05-26 19:00:00,0.0,0.225898056656582,8.701701050921674,530.0683098480628,0.284380571629619,-0.9630563583011506
2021-05-26 19:30:00,0.0,0.1233139594326264,8.761572950824721,533.7154354621563,0.284380571629619,-0.8893649519503827
2021-05-26 20:00:00,0.0,0.0310728419176385,10.409507692208336,634.1001738016324,0.28362118688884447,-0.8159770901130623
2021-05-26 20:30:00,0.0,0.1015555337452931,7.84757333005665,478.0387084237129,0.28362118688884447,-0.7513359044375351
2021-05-26 21:00:00,0.0,0.0036165947393617,6.407373196010492,390.30822372544327,0.28362118688884447,-0.7028768074287555
2021-05-26 21:30:00,0.0,0.0741164147049144,4.872166184566364,296.7903493396194,0.28362118688884447,-0.6730784474821575
2021-05-26 22:00:00,0.0,0.0549612602421441,5.274387049162414,321.29182699719445,0.28286180214806983,-0.6585093592181008
2021-05-26 22:30:00,0.0,0.0695608055525669,4.462674053918654,271.84593900900677,0.28286180214806983,-0.6522413258815565
2021-05-26 23:00:00,0.0,0.0771666410522487,4.02727685878516,245.3235092005783,0.2821024174072953,-0.6475561409838821
2021-05-26 23:30:00,0.0,0.0693463758016739,3.657848471397318,222.81960108346047,0.2821024174072953,-0.6405182217937112
2021-05-27 00:00:00,0.0,0.0755121423809119,3.5693012000107167,217.4257014067321,0.28286180214806983,-0.6304741137622464
2021-05-27 00:30:00,0.0,0.0702823187695909,3.026252971702409,184.34565707277045,0.28286180214806983,-0.6191079733498503
2021-05-27 01:00:00,0.0,0.1261896194073174,2.605146960598322,158.6937816214574,0.28286180214806983,-0.6089752508631388
2021-05-27 01:30:00,0.0,0.132326238653265,2.6437660529614764,161.0462822299028,0.28286180214806983,-0.6019573539615485
2021-05-27 02:00:00,0.0,0.1780242109690054,2.5858117595461194,157.51596853843634,0.2821024174072953,-0.5981720635201396
2021-05-27 02:30:00,0.0,0.2264376868310816,2.6437660529614764,161.0462822299028,0.2821024174072953,-0.5961475640758555
2021-05-27 03:00:00,0.0,0.183340441546267,2.371984732964312,144.4905922451367,0.28286180214806983,-0.5940641934767226
2021-05-27 03:30:00,0.0,0.1289488177131056,2.5277031109266703,153.97625222538235,0.28286180214806983,-0.5907426627355076
2021-05-27 04:00:00,0.0,0.1801429189443433,2.3915105645248587,145.68001767737226,0.2821024174072953,-0.5855831800334388
2021-05-27 04:30:00,0.0,0.1310432955708843,2.740016119844088,166.90940140357577,0.2821024174072953,-0.5785052809024853
2021-05-27 05:00:00,0.0,0.1276747599649328,2.8358444381997026,172.74682956263237,0.2821024174072953,-0.5712037473612845
2021-05-27 05:30:00,0.0,0.0687689406895892,2.720799985148328,165.73884130499417,0.2821024174072953,-0.568717922177387
2021-05-27 06:00:00,0.0,0.0006247579717935,1.957831185875042,119.26222948726686,0.2813430326665208,-0.5782493347552984
2021-05-27 06:30:00,0.0,0.0006844021232803,3.5137388946279917,214.04109681814268,0.2813430326665208,-0.6044435156097543
2021-05-27 07:00:00,0.0,0.0678821038792626,3.9180022731735606,238.6669951965316,0.2813430326665208,-0.6455165858639127
2021-05-27 07:30:00,0.0,0.0811981536328461,5.278114774169974,321.5189031611275,0.2813430326665208,-0.694756384581446
2021-05-27 08:00:00,0.0,0.0913347031818168,5.5338323132756635,337.09606019732587,0.2798242631849716,-0.7454072388935227
2021-05-27 08:30:00,0.0,0.0180624805837849,6.366255844253393,387.8035404429711,0.2798242631849716,-0.7934566040233576
2021-05-27 09:00:00,0.0,0.175884316589616,7.280279053799275,443.4817044031741,0.2790648784441971,-0.8373984695630698
2021-05-27 09:30:00,0.0,0.1770702412845902,7.885896332365194,480.3731725638986,0.2790648784441971,-0.8782389479382154
2021-05-27 10:00:00,0.0,0.2277797668813584,8.610865457273334,524.5350159188118,0.2790648784441971,-0.9208717109176796
2021-05-27 10:30:00,0.0,0.1212210198441868,8.386641409986908,510.8763001025728,0.2790648784441971,-0.973718820122692
2021-05-27 11:00:00,0.0,0.0387652858126869,8.640606112880114,526.3466822768039,0.2783054937034225,-1.0435949325745657
2021-05-27 11:30:00,0.0,0.1310756186949259,8.145156181365902,496.1661111131623,0.2783054937034225,-1.1274618829678942
2021-05-27 12:00:00,0.0,0.0355004752096302,8.921346077687776,543.4480924242647,0.2767867242218734,-1.2083172852426884
2021-05-27 12:30:00,0.0,0.2320147961680495,9.90061050212897,603.1004564069252,0.2767867242218734,-1.2623619785225049
2021-05-27 13:00:00,0.0,0.3794390572985064,10.431512361660705,635.4405988377403,0.2775461089626479,-1.2744876694082876
2021-05-27 13:30:00,0.0,0.2948900789411791,9.55939813324636,582.3153406445651,0.2775461089626479,-1.2486906400620348
2021-05-27 14:00:00,0.0,0.3745312164992895,9.198900131905669,560.3554312939644,0.2775461089626479,-1.2039986306578578
2021-05-27 14:30:00,0.0,0.3136543966131838,8.833039852394322,538.0688761863769,0.2775461089626479,-1.1609466579122871
2021-05-27 15:00:00,0.0,0.2152569646607475,9.169831270224323,558.5846875864448,0.27602733948109875,-1.130234260500176
2021-05-27 15:30:00,0.0,0.2209761256004631,9.067818569245624,552.3705347817943,0.27602733948109875,-1.1097759945040744
2021-05-27 16:00:00,0.0,0.2840187193247819,8.847779739339911,538.9667634977058,0.27450856999954965,-1.0888732193797792
2021-05-27 16:30:00,0.0,0.2825368506424029,9.64514139597848,587.5384327838267,0.27450856999954965,-1.05494455294555
2021-05-27 17:00:00,0.0,0.2871048934404897,8.773991127292264,534.4718946616881,0.27374918525877506,-0.9995343746444748
2021-05-27 17:30:00,0.0,0.3020170452920647,9.05321065545552,551.4806866787837,0.27374918525877506,-0.923233543594588
2021-05-27 18:00:00,0.0,0.1815226554312947,7.374460585413536,449.2188177548659,0.27147103103645137,-0.8384503342713099
2021-05-27 18:30:00,0.0,0.1193542546861234,5.820238442945294,354.5426275059127,0.27147103103645137,-0.7649490674127645
2021-05-27 19:00:00,0.0,0.1202918774791641,6.218613448865974,378.8098328302924,0.2699522615549023,-0.717076617309421
2021-05-27 19:30:00,0.0,0.1594206164173302,6.300752772084126,383.81338925857233,0.2699522615549023,-0.6927641461916327
2021-05-27 20:00:00,0.0,0.0930761118981618,6.41526241996331,390.7887996016094,0.2699522615549023,-0.6749331568892929
2021-05-27 20:30:00,0.0,0.1659338334225298,6.979538354019573,425.1619398534754,0.2699522615549023,-0.6433881752385168
2021-05-27 21:00:00,0.0,0.1261898179320316,6.103127678915952,371.7749615412556,0.2699522615549023,-0.587504406493495
2021-05-27 21:30:00,1.6,0.0586752399451244,3.5507959122844386,216.29844289360707,0.2699522615549023,-0.5124400610422424
2021-05-27 22:00:00,0.0,0.0002140441976899,1.4134055152599423,86.09827759187536,0.26767410733257857,-0.4361185468856945
2021-05-27 22:30:00,0.0,0.000210243517876,3.954391746548009,240.8836774906,0.26767410733257857,-0.3789941908223071
2021-05-27 23:00:00,0.0,0.0001489271129245,2.6437660529614764,161.0462822299028,0.26843349207335315,-0.3533291096516354
2021-05-27 23:30:00,0.0,0.0540631821780853,2.6630500148918266,162.22097405714186,0.26843349207335315,-0.3588008920067894
2021-05-28 00:00:00,0.0,0.07614945199022,1.3594421626109738,82.81107397904337,0.2699522615549023,-0.3857962368875184
2021-05-28 00:30:00,0.0,0.0348295819182618,2.348901626819668,143.08447371859427,0.2699522615549023,-0.4221716856875813
2021-05-28 01:00:00,0.0,0.0001119341410891,2.348901626819668,143.08447371859427,0.27071164629567684,-0.4580893817203433
2021-05-28 01:30:00,0.0,0.0480376169392165,1.938838451492087,118.1052779263189,0.27071164629567684,-0.4870288914661952
2021-05-28 02:00:00,0.0,0.0447294238683652,1.8202357949681496,110.88053999068563,0.27147103103645137,-0.5054322260234666
2021-05-28 02:30:00,0.0,0.0451227065131704,2.348901626819668,143.08447371859427,0.27147103103645137,-0.5130212507563587
2021-05-28 03:00:00,0.0,0.0918700809227565,1.6810365512211949,102.40115102601168,0.27147103103645137,-0.5125547360236634
2021-05-28 03:30:00,0.0,0.0443531887707807,2.3295495906393184,141.90563511563514,0.27147103103645137,-0.5078807818984841
2021-05-28 04:00:00,0.0,0.0888324201762502,1.0123739844926405,61.669248777205894,0.27071164629567684,-0.5019107947501189
2021-05-28 04:30:00,0.0,0.0845085281295896,1.7208996296660868,104.82942964567154,0.27071164629567684,-0.4962607719235827
2021-05-28 05:00:00,0.0,0.0858967644610999,1.3594421626109738,82.81107397904337,0.27071164629567684,-0.4920613143875265
2021-05-28 05:30:00,0.0,0.0465749410782939,1.2782844604611858,77.86731347084549,0.27071164629567684,-0.4905567058095623
2021-05-28 06:00:00,0.0,0.0450423123628429,1.420109298563667,86.50664178004942,0.2699522615549023,-0.4931426342661772
2021-05-28 06:30:00,0.0,0.0004026518945419,1.5208413854218514,92.64278535886504,0.2699522615549023,-0.5014548489331558
2021-05-28 07:00:00,0.0,0.0021145457655151,1.561002245143585,95.08920346840118,0.2699522615549023,-0.5178268780391024
2021-05-28 07:30:00,0.0,0.0372438467202561,2.5414811629068206,154.81554889661697,0.2699522615549023,-0.5453309947263634
2021-05-28 08:00:00,0.0,0.0949891807614452,3.1838411940990285,193.9452195271585,0.2699522615549023,-0.5864260597926448
2021-05-28 08:30:00,0.0,0.1176535243954311,3.424571444312931,208.6094186433381,0.2699522615549023,-0.6410389190516844
2021-05-28 09:00:00,0.0,0.1344865200227683,4.379851471411683,266.8007615121228,0.2699522615549023,-0.7063040181827359
2021-05-28 09:30:00,0.0,0.1059253068196519,5.1431395865388,313.29682460885374,0.2699522615549023,-0.7786167079303342
2021-05-28 10:00:00,0.0,0.1274814617017647,5.565666704649888,339.0352674778368,0.2691928768141277,-0.8559106271185648
2021-05-28 10:30:00,0.0,0.1350197483919378,6.756871678388292,411.5980920815667,0.2691928768141277,-0.9376213378190584
2021-05-28 11:00:00,0.0,0.2093965756556715,6.500961883768433,396.0092237081415,0.26843349207335315,-1.0218855264043385
2021-05-28 11:30:00,0.0,0.2508719316060726,7.27603787983402,443.2233512487301,0.26843349207335315,-1.1021438030771369
2021-05-28 12:00:00,0.0,0.2502030723361775,8.415421797938905,512.6294712939539,0.26767410733257857,-1.166845234501379
2021-05-28 12:30:00,0.0,0.3024591957311331,9.131794455366196,556.2676566926156,0.26767410733257857,-1.2041716883239508
2021-05-28 13:00:00,0.0,0.3052576112641516,8.191832402918969,499.0094156261469,0.266914722591804,-1.2089543752377043
2021-05-28 13:30:00,0.0,0.2816269807686479,8.341121652848443,508.10344217630274,0.266914722591804,-1.186263742345443
2021-05-28 14:00:00,0.0,0.3507527037523547,9.174979596224956,558.8983003439657,0.2653959531102548,-1.1490382680995956
2021-05-28 14:30:00,0.0,0.303601197645805,8.812757580489661,536.8333718263134,0.2653959531102548,-1.1117614873493842
2021-05-28 15:00:00,0.0,0.2377699581098865,7.615922826584594,463.9276064526931,0.2631177988879312,-1.0836914058124385
2021-05-28 15:30:00,0.0,0.2813534067400565,7.322673436774543,446.06417865725933,0.2631177988879312,-1.0649850619781778
2021-05-28 16:00:00,0.0,0.304355354191074,10.092606579695216,614.7959899281807,0.26159902940638197,-1.0481692774413194
2021-05-28 16:30:00,0.0,0.2955153602347982,8.02653900115108,488.9404884599049,0.26159902940638197,-1.0236872152992522
2021-05-28 17:00:00,0.0,0.2973831390951398,8.355999951199824,509.00976088506786,0.25932087518405833,-0.9851441799962548
2021-05-28 17:30:00,0.0,0.3477424615282193,8.01145583706963,488.0216902565387,0.25932087518405833,-0.9322533281838348
2021-05-28 18:00:00,0.0,0.2056466325611091,7.661896745789042,466.7281298799156,0.25856149044328375,-0.8716714917513754
2021-05-28 18:30:00,0.0,0.1614367150130969,7.213713877458494,439.4268546317079,0.25856149044328375,-0.8143293691356173
2021-05-28 19:00:00,0.0,0.1742750265410939,6.02983717643776,367.31043528952745,0.2578021057025092,-0.7689447812430793
2021-05-28 19:30:00,0.0,0.1755708245235793,6.160760573332755,375.2856970579545,0.2578021057025092,-0.7364452995941729
2021-05-28 20:00:00,0.0,0.1783948939261185,6.9312021445765355,422.217516378801,0.25628333622096,-0.7104877487993851
2021-05-28 20:30:00,0.0,0.1401410307676665,5.832051223130177,355.2622086993559,0.25628333622096,-0.6833229589317735
2021-05-28 21:00:00,0.0,0.1181879943822864,5.006260183119577,304.95874983486993,0.25476456673941095,-0.6514727467826732
2021-05-28 21:30:00,0.0,0.0689105239966959,6.111751002145925,372.3002554283975,0.25476456673941095,-0.616718896887777
2021-05-28 22:00:00,0.0,0.0592017149983664,4.05998399783909,247.3158803262729,0.25476456673941095,-0.5828933651124364
2021-05-28 22:30:00,0.0,0.0592869880302152,4.167114935297198,253.84181297076915,0.25476456673941095,-0.5524137691657082
2021-05-28 23:00:00,0.0,8.365360649278547e-05,3.6262383220216248,220.89405361227452,0.25476456673941095,-0.525227680047234
2021-05-28 23:30:00,0.0,8.103091902732646e-05,2.6562173259318773,161.80475751884396,0.25476456673941095,-0.4996324221373746
2021-05-29 00:00:00,0.0,6.336254727111153e-05,2.0150552190588895,122.74805902507184,0.25476456673941095,-0.4734184363387252
2021-05-29 00:30:00,0.0,6.387692033948676e-05,1.8786108532502577,114.43648477663088,0.25476456673941095,-0.4448959699123744
2021-05-29 01:00:00,0.0,6.082164708565771e-05,3.0953237465202967,188.55313658204824,0.25476456673941095,-0.413932126883768
2021-05-29 01:30:00,0.0,6.115548505427126e-05,0.4223792546558739,25.72943569540457,0.25476456673941095,-0.3826264286915291
2021-05-29 02:00:00,0.0,0.0541496797835654,2.590280353649497,157.78817510010896,0.25400518199863636,-0.3548152813059617
2021-05-29 02:30:00,0.0,0.0261209698657523,0.4850857509923557,29.54923211624944,0.25400518199863636,-0.3341467925761756
2021-05-29 03:00:00,0.0,0.0397712654760573,2.1506442585955496,131.00753066177063,0.25400518199863636,-0.3217696863270489
2021-05-29 03:30:00,0.0,0.0236063642444388,0.4850857509923557,29.54923211624944,0.25400518199863636,-0.315772393982247
2021-05-29 04:00:00,0.0,0.026637498548258,2.189228619122774,133.35791556370515,0.25400518199863636,-0.3134466309516157
2021-05-29 04:30:00,0.0,0.022002733776618,2.0732688147436056,126.29416823914414,0.25400518199863636,-0.3143565996088587
2021-05-29 05:00:00,0.0,4.7265386993282366e-05,0.0421793259308357,2.5693739506622704,0.25400518199863636,-0.320986813485358
2021-05-29 05:30:00,0.0,4.8529802111729856e-05,1.0818813856585592,65.90332559073278,0.25400518199863636,-0.3367289759545893
2021-05-29 06:00:00,0.0,0.0004558418523292,0.1696757183874164,10.33587809343868,0.2532457972578618,-0.3640876066710246
2021-05-29 06:30:00,0.0,0.000443369285111,0.0421793259308357,2.5693739506622704,0.2532457972578618,-0.4045867688369993
2021-05-29 07:00:00,0.0,0.0020131362134774,0.2331358005481742,14.20157955766092,0.2532457972578618,-0.4586445952408233
2021-05-29 07:30:00,0.0,0.0020602871128092,-0.0432493722762042,-2.634556339074536,0.2532457972578618,-0.5239097640079884
2021-05-29 08:00:00,0.0,0.0073036643435748,1.1831074936566852,72.06956270518533,0.2532457972578618,-0.5944599967107348
2021-05-29 08:30:00,0.0,0.0538583916273943,2.0150552190588895,122.74805902507184,0.2532457972578618,-0.6641907364757161
2021-05-29 09:00:00,0.0,0.0586276279919457,2.609195054770821,158.94037322734746,0.2524864125170872,-0.7328124206347082
2021-05-29 09:30:00,0.0,0.0642760567588234,3.279467448227749,199.7703388465292,0.2524864125170872,-0.8077477881542342
2021-05-29 10:00:00,0.0,0.091374817109161,4.665660883649758,284.2109794910153,0.2524864125170872,-0.898488733000702
2021-05-29 10:30:00,0.0,0.1042520041324657,6.787135772345186,413.4416439387194,0.2524864125170872,-1.0081900276871991
2021-05-29 11:00:00,0.0,0.1754571805572864,7.483885155003997,455.8844681052102,0.2517270277763127,-1.1302439982317627
2021-05-29 11:30:00,0.0,0.2162354613793893,7.453350347448981,454.024425598865,0.2517270277763127,-1.250714821237196
2021-05-29 12:00:00,0.0,0.2907524897063486,7.832250496014169,477.1053106092568,0.24944887355398895,-1.3516817388824145
2021-05-29 12:30:00,0.0,0.3366159592544707,8.411625885340035,512.3982414500603,0.24944887355398895,-1.4153474797016723
2021-05-29 13:00:00,0.0,0.31650880154349,10.425731432691837,635.0884507657773,0.24793010407243984,-1.4321240242991828
2021-05-29 13:30:00,0.0,0.3013286191387972,8.76138293870739,533.7038607825281,0.24793010407243984,-1.4074781309688742
2021-05-29 14:00:00,0.0,0.3024601490605692,8.862455773068035,539.860761159544,0.2464113345908907,-1.3587939573233407
2021-05-29 14:30:00,0.0,0.4040274738320933,9.989011677145452,608.4854565529147,0.2464113345908907,-1.3057546991795748
2021-05-29 15:00:00,0.0,0.3960713425922956,8.234836217634479,501.6290137081627,0.2433737956277924,-1.263695090301579
2021-05-29 15:30:00,0.0,0.4305844263161272,8.323392718529298,507.02347560482866,0.2433737956277924,-1.2391334437301922
2021-05-29 16:00:00,0.0,0.4094422048637704,8.991795225471774,547.7395361865329,0.24033625666469413,-1.2246379191822891
2021-05-29 16:30:00,0.0,0.3471689584286985,8.572556569396143,522.2014115660088,0.24033625666469413,-1.2010722018167814
2021-05-29 17:00:00,0.0,0.4080768350407966,8.819190088998916,537.2252111797492,0.2372987177015959,-1.1519217088459994
2021-05-29 17:30:00,0.0,0.3388674346427064,8.732427891073236,531.9400501125004,0.2372987177015959,-1.0769147962505654
2021-05-29 18:00:00,0.0,0.3718518042736483,8.557970544243473,521.3128968198881,0.23350179399772306,-0.990728405504033
2021-05-29 18:30:00,0.0,0.315991382649715,8.514159809098702,518.6441447913489,0.23350179399772306,-0.9096768510251304
2021-05-29 19:00:00,0.0,0.267313147773542,9.305116046354872,566.8256248712413,0.23046425503462484,-0.8404030511989109
2021-05-29 19:30:00,0.0,0.2760868164064249,7.438068214513127,453.0935071119188,0.23046425503462484,-0.7786311615093395
2021-05-29 20:00:00,0.0,0.2137403304465069,9.73996714467992,593.3147889296088,0.22818610081230115,-0.7157130184076091
2021-05-29 20:30:00,0.0,0.2100761128085242,7.681412015648305,467.91691194103146,0.22818610081230115,-0.6463839934901768
2021-05-29 21:00:00,0.0,0.1613905366181929,5.627276716093777,342.7882709934337,0.226667331330752,-0.5722756788145623
2021-05-29 21:30:00,0.0,0.0704157383229726,5.294470279638316,322.51520665277604,0.226667331330752,-0.4998656902638105
2021-05-29 22:00:00,0.0,0.05599851665983,4.717300504159597,287.35663184159176,0.22742671607152656,-0.4361472930625276
2021-05-29 22:30:00,0.0,0.0525921373633339,3.242761634075184,197.5343865016269,0.22742671607152656,-0.3860242259315569
2021-05-29 23:00:00,0.0,0.046567250462155,2.362014270658801,143.88323673248942,0.22742671607152656,-0.3516475241815851
2021-05-29 23:30:00,0.0,0.0457613603118685,2.7411412259162087,166.9779377817573,0.22742671607152656,-0.331933160819011
2021-05-30 00:00:00,0.0,0.0444710790264501,2.163315535070194,131.77940757011612,0.22742671607152656,-0.3225066660601173
2021-05-30 00:30:00,0.0,0.0398495655492775,0.9056178471079496,55.16614725966792,0.22742671607152656,-0.3174917927153167
2021-05-30 01:00:00,0.0,0.0703032011977052,1.1070631983510608,67.43728783727663,0.22742671607152656,-0.3124775895244413
2021-05-30 01:30:00,0.0,0.0863619088570199,1.127103489208138,68.65805180529979,0.22742671607152656,-0.3063995567920172
2021-05-30 02:00:00,0.0,0.06022535154534,0.2478479392695139,15.097776572547426,0.226667331330752,-0.300917561238138
2021-05-30 02:30:00,0.0,0.0520496258888437,0.7022480174464899,42.77777615246695,0.226667331330752,-0.2979750598951655
2021-05-30 03:00:00,0.0,0.0559426752891302,1.0468291794671984,63.768103571087266,0.226667331330752,-0.2975587788382825
2021-05-30 03:30:00,0.0,0.0519426604947543,0.7634635482322841,46.50674968881259,0.226667331330752,-0.2974805665629393
2021-05-30 04:00:00,0.0,0.0511639064638279,0.038026140105146,2.316380636110851,0.226667331330752,-0.2952720289730593
2021-05-30 04:30:00,0.0,6.504055814436763e-05,0.661339384413375,40.285807071575455,0.226667331330752,-0.2904455830265496
2021-05-30 05:00:00,0.0,6.302217049870993e-05,0.865099184853659,52.69793343656014,0.226667331330752,-0.2853100434785037
2021-05-30 05:30:00,0.0,6.197918758889575e-05,-0.0464916087905903,-2.832058737657427,0.226667331330752,-0.2841002255228538
2021-05-30 06:00:00,0.0,0.0220576697312509,0.5175345133655965,31.52586410201771,0.2259079465899774,-0.2913350016864525
2021-05-30 06:30:00,0.0,0.0004638801194838,0.1641697545322729,10.000479653788618,0.2259079465899774,-0.3105644664235203
2021-05-30 07:00:00,0.0,0.0015685889103772,-0.0676742390573808,-4.122408860920374,0.2259079465899774,-0.3445104976670885
2021-05-30 07:30:00,0.0,0.0017137466999708,0.2269594978061262,13.825347101911293,0.2259079465899774,-0.3963726260455744
2021-05-30 08:00:00,0.0,0.0064482506661138,1.0468291794671984,63.768103571087266,0.2259079465899774,-0.4699858389669977
2021-05-30 08:30:00,0.0,0.0068480441942267,1.7392289341757168,105.94596805640916,0.2259079465899774,-0.5672578121010714
2021-05-30 09:00:00,0.0,0.0088337850104292,1.4254754909538545,86.83352597360431,0.22514856184920287,-0.6855154487434465
2021-05-30 09:30:00,0.0,0.0100711370309836,3.1886996836798587,194.24117675959553,0.22514856184920287,-0.8191202204047505
2021-05-30 10:00:00,0.0,0.1065091831755409,4.8718568161715226,296.77150401487035,0.22514856184920287,-0.9644009804374616
2021-05-30 10:30:00,0.0,0.1253209444598961,6.767516498766187,412.2465264409325,0.22514856184920287,-1.1207595730932602
2021-05-30 11:00:00,0.0,0.2955853035987429,7.921226817364056,482.5253460711091,0.22438917710842832,-1.2837559351561774
2021-05-30 11:30:00,0.0,0.3183397671469606,8.593397980011858,523.4709761299112,0.22438917710842832,-1.436618790182024
2021-05-30 12:00:00,0.0,0.3721792577911677,8.92262114656584,543.5257638589853,0.22287040762687918,-1.5521810704129184
2021-05-30 12:30:00,0.0,0.2856581931638511,8.73708519901655,532.2237522686085,0.22287040762687918,-1.6085635273450591
2021-05-30 13:00:00,0.0,0.4153873411191573,8.765721169826433,533.9681262202332,0.22059225340455546,-1.6052160139364935
2021-05-30 13:30:00,0.0,0.4202290968227538,8.318026749342401,506.6966050078097,0.22059225340455546,-1.561584449328536
2021-05-30 14:00:00,0.0,0.5042583954783516,8.186485317819852,498.6836953624287,0.21755471444145721,-1.49972945540215
2021-05-30 14:30:00,0.0,0.4286615205597444,8.535684456490664,519.955329052491,0.21755471444145721,-1.4324284802010283
2021-05-30 15:00:00,0.0,0.4604331102265773,8.201136503527966,499.57617939516246,0.21375779073758436,-1.3676152918777142
2021-05-30 15:30:00,0.0,0.4532245411831255,8.708415536252874,530.477325955394,0.21375779073758436,-1.3139519670356683
2021-05-30 16:00:00,0.0,0.4767652704650957,8.650974738611465,526.9782921062731,0.21072025177448608,-1.2738115508322745
2021-05-30 16:30:00,0.0,0.427067622144702,7.623010769845135,464.3593719296301,0.21072025177448608,-1.234818042975062
2021-05-30 17:00:00,0.0,0.5399929843115092,9.247471624073988,563.3141871291507,0.20692332807061328,-1.1766356905860964
2021-05-30 17:30:00,0.0,0.4502238106034152,8.564558364392713,521.7141970566644,0.20692332807061328,-1.088616995559484
2021-05-30 18:00:00,0.0,0.492563505087529,8.083676717557166,492.4210599696264,0.20312640436674045,-0.9794087935272496
2021-05-30 18:30:00,0.0,0.3564384034104691,7.336207365795277,446.88860446086295,0.20312640436674045,-0.869667092164155
2021-05-30 19:00:00,0.0,0.1708228375466639,6.056726992975133,368.94844141277616,0.20312640436674045,-0.7769314622811095
2021-05-30 19:30:00,0.0,0.1690439088577462,6.216567703960652,378.68521529424993,0.20312640436674045,-0.7067161077628608
2021-05-30 20:00:00,0.0,0.1426743575569983,5.389548029879909,328.3069135937286,0.20236701962596584,-0.6547307127717931
2021-05-30 20:30:00,0.0,0.1395007183972552,4.956156918696312,301.9066853551441,0.20236701962596584,-0.614408094027548
2021-05-30 21:00:00,0.0,0.0075931025543021,3.333930306506195,203.0879700853193,0.20236701962596584,-0.581928065270658
2021-05-30 21:30:00,0.0,0.1152553907126959,3.170478382053643,193.1312173965102,0.20236701962596584,-0.5563222789724921
2021-05-30 22:00:00,0.0,0.0010801271591233,2.5605290761658073,155.9758617053699,0.20236701962596584,-0.5370309797790669
2021-05-30 22:30:00,0.0,0.1126900982526616,1.6221073737825442,98.81145180480787,0.20236701962596584,-0.5220482724096537
2021-05-30 23:00:00,0.0,0.2035102769099589,2.2395371769078984,136.42248558742827,0.2016076348851913,-0.5079473094500142
2021-05-30 23:30:00,0.0,7.24316322695374e-05,1.913726229753698,116.57555484625658,0.2016076348851913,-0.491402432732124
2021-05-31 00:00:00,0.0,6.769190306116923e-05,1.7276791241602911,105.24240581747264,0.2016076348851913,-0.4710667344661672
2021-05-31 00:30:00,0.0,6.599832552269124e-05,1.0924738870728092,66.54857291523378,0.2016076348851913,-0.4487187680413499
2021-05-31 01:00:00,0.0,6.478062517046284e-05,1.4635896567718665,89.15526873840344,0.2016076348851913,-0.4289554844885205
2021-05-31 01:30:00,0.0,6.297672985932405e-05,1.5044306675965382,91.64311857990394,0.2016076348851913,-0.4169264564005326
2021-05-31 02:00:00,0.0,0.0837749973278857,1.8885999947554093,115.04497814171933,0.20084825014441673,-0.4146939712883205
2021-05-31 02:30:00,0.0,6.58457157296762e-05,1.175502313890897,71.60628951745443,0.20084825014441673,-0.4187640559457119
2021-05-31 03:00:00,0.0,0.0861501995830763,1.175502313890897,71.60628951745443,0.20008886540364215,-0.4213365659618589
2021-05-31 03:30:00,0.0,6.395091845088721e-05,1.2994432848625606,79.15621344835283,0.20008886540364215,-0.4147080139500609
2021-05-31 04:00:00,0.0,5.923938492449396e-05,1.0716662295443564,65.28106443689596,0.20008886540364215,-0.3958802163976601
2021-05-31 04:30:00,0.0,0.0548545834500173,2.0880791845578193,127.19634904835657,0.20008886540364215,-0.369059529334265
2021-05-31 05:00:00,0.0,0.0481070880575759,0.9463921505271612,57.649933587441645,0.1993294806628676,-0.3446885928331502
2021-05-31 05:30:00,0.0,0.0913915349877183,1.1547754473369325,70.34370246023268,0.1993294806628676,-0.3345032763900359
2021-05-31 06:00:00,0.0,0.1196380640249034,1.747860048555534,106.47173654519568,0.1993294806628676,-0.3453790689361335
2021-05-31 06:30:00,0.0,0.1085897543930253,2.4816129716463986,151.16864919627488,0.1993294806628676,-0.3770794214724492
2021-05-31 07:00:00,0.0,0.1256600524613082,2.6564073511859276,161.81633299870168,0.1993294806628676,-0.4255759787520667
2021-05-31 07:30:00,0.0,0.0841232695945017,2.925560729331343,178.21194064007489,0.1993294806628676,-0.4878709136953752
2021-05-31 08:00:00,0.0,0.0593445093094935,4.403638767806413,268.2497761268542,0.19857009592209304,-0.5635332465741557
2021-05-31 08:30:00,0.0,0.0150547483105717,4.170030757279465,254.01943167094203,0.19857009592209304,-0.6527199282272281
2021-05-31 09:00:00,0.0,0.0151507874420225,5.63856612457877,343.47597074774677,0.19857009592209304,-0.7541831975687631
2021-05-31 09:30:00,0.0,0.1022954013130868,6.4045166209262465,390.13421407859386,0.19857009592209304,-0.8659108775397496
2021-05-31 10:00:00,0.0,0.0489591220960771,8.003216582429532,487.5197920924986,0.19705132644054388,-0.9867315673888826
2021-05-31 10:30:00,0.0,0.0524218427948423,8.978303454374537,546.9176784531404,0.19705132644054388,-1.1152332595893295
2021-05-31 11:00:00,0.0,0.2493913723966665,9.386620326339472,571.7904973351424,0.19629194169976935,-1.245735693728463
2021-05-31 11:30:00,0.0,0.2617403614411727,9.502050335893207,578.8219719527879,0.19629194169976935,-1.3653440672438606
2021-05-31 12:00:00,0.0,0.406809568385895,8.889916032106768,541.5335160624616,0.19477317221822021,-1.4564977463461044
2021-05-31 12:30:00,0.0,0.4205526541794528,9.986724345257306,608.3461226294766,0.19477317221822021,-1.5058639247889656
2021-05-31 13:00:00,0.0,0.4423591999465143,9.788294667651837,596.2586832637118,0.19325440273667105,-1.51385383907297
2021-05-31 13:30:00,0.0,0.4614137073459634,11.010321857420202,670.6990579994406,0.19325440273667105,-1.494712204697325
2021-05-31 14:00:00,0.0,0.3703532919257204,10.05721180978466,612.6399004746178,0.18945747903279822,-1.4653723594544463
2021-05-31 14:30:00,0.0,0.3809513448116204,10.05721180978466,612.6399004746178,0.18945747903279822,-1.4353119059706283
2021-05-31 15:00:00,0.0,0.5081602026256594,9.802520702196178,597.1252690085714,0.18566055532892545,-1.4063659760629983
2021-05-31 15:30:00,0.0,0.4055287461256922,10.365024575409942,631.3904633208751,0.18566055532892545,-1.376050460545145
2021-05-31 16:00:00,0.0,0.5243053834781837,10.18359153769456,620.3383824587997,0.18262301636582715,-1.3382231540727156
2021-05-31 16:30:00,0.0,0.5207861045770819,10.95603615625548,667.3922183715437,0.18262301636582715,-1.2854739445013057
2021-05-31 17:00:00,0.0,0.5174586393324602,9.90187620249838,603.1775571544298,0.17958547740272887,-1.215114544629926
2021-05-31 17:30:00,0.0,0.5148779642241634,9.444402701472695,575.3103385416649,0.17958547740272887,-1.1323259584442096
2021-05-31 18:00:00,0.0,0.4898457010152147,10.05721180978466,612.6399004746178,0.17654793843963065,-1.0465125393855077
2021-05-31 18:30:00,0.0,0.4855668464294864,9.97260298325418,607.4859130628703,0.17654793843963065,-0.9648459790875848
2021-05-31 19:00:00,0.0,0.4154580746269168,10.751428961220428,654.928472556753,0.17502916895808152,-0.8884646379601603
2021-05-31 19:30:00,0.0,0.4116875325278736,9.081020528723434,553.1747385008297,0.17502916895808152,-0.813374568513811
2021-05-31 20:00:00,0.0,0.3345619153025587,8.262055934063973,503.2871158422043,0.17502916895808152,-0.7349409591125244
2021-05-31 20:30:00,0.0,0.0459875138954329,6.922851012772844,421.7088031634657,0.17502916895808152,-0.6526931447980511
2021-05-31 21:00:00,0.0,0.1251915404926536,6.567733608636695,400.0766554826232,0.17730732318040518,-0.5715735819687826
2021-05-31 21:30:00,0.0,0.1896207606588901,5.434493640581028,331.04479711328577,0.17730732318040518,-0.4987174310136366
2021-05-31 22:00:00,0.0,0.1689623357164292,4.439363638754561,270.4259738440832,0.17806670792117976,-0.4392162603165389
2021-05-31 22:30:00,0.0,0.088903728980858,4.314077235839246,262.7940922784403,0.17806670792117976,-0.3947423673910373
2021-05-31 23:00:00,0.0,0.1554122401520526,3.602905075869475,219.47269768671916,0.17882609266195434,-0.364827044445515
2021-05-31 23:30:00,0.0,0.1389894909279515,2.906444803861346,177.04748483473674,0.17882609266195434,-0.3480152827215982
2021-06-01 00:00:00,0.0,0.0893784890218031,2.5808256550279083,157.2122375806354,0.17882609266195434,-0.3416681529290508
2021-06-01 00:30:00,0.0,0.0883409614652323,2.009923577499989,122.43546260835348,0.17882609266195434,-0.3415894784649038
2021-06-01 01:00:00,0.0,0.1301206551226653,1.9299853834815155,117.56598902523255,0.17882609266195434,-0.3429209400233707
2021-06-01 01:30:00,0.0,0.1715882456662557,1.3208044696268453,80.45744030481411,0.17882609266195434,-0.3420317659259674
2021-06-01 02:00:00,0.0,0.1554350993349662,1.8497502847302536,112.67842934733842,0.17882609266195434,-0.3375901345082741
2021-06-01 02:30:00,0.0,0.1490247618871193,1.6478466360279789,100.37937135931018,0.17882609266195434,-0.3298872885336978
2021-06-01 03:00:00,0.0,0.1355726845755358,1.6275517526216614,99.14309876355024,0.17882609266195434,-0.3198293888072162
2021-06-01 03:30:00,0.0,0.1293830297317738,2.188712047451047,133.3264483515652,0.17882609266195434,-0.3093059324463708
2021-06-01 04:00:00,0.0,0.0480250615218088,0.65131720808305,39.67530137420357,0.17882609266195434,-0.3022603396250214
2021-06-01 04:30:00,0.0,5.444474397986557e-05,1.3413913549812435,81.71150033985586,0.17882609266195434,-0.3044574080546525
2021-06-01 05:00:00,0.0,7.18560899481185e-05,1.4030335747727651,85.4664658424588,0.17882609266195434,-0.3214573277885174
2021-06-01 05:30:00,0.0,0.0439811937067408,1.829644818271704,111.45369517616604,0.17882609266195434,-0.3564075330232938
2021-06-01 06:00:00,0.0,0.0437707994271363,2.109432660194454,128.4971062995947,0.17882609266195434,-0.4094426190395236
2021-06-01 06:30:00,0.0,0.0494436155616543,2.7935186722390255,170.16853514703365,0.17882609266195434,-0.4785636731696626
2021-06-01 07:00:00,0.0,0.0090899209306511,3.212809439249278,195.7098341302344,0.17806670792117976,-0.5599104262665072
2021-06-01 07:30:00,0.0,0.0097364215445953,4.227508000321539,257.5206856091949,0.17806670792117976,-0.646566054094484
2021-06-01 08:00:00,0.0,0.0318469253181547,6.19553479692235,377.40398563355,0.17730732318040518,-0.7288308618396189
2021-06-01 08:30:00,0.0,0.1195234448292411,6.9603752294805075,423.99460889411614,0.17730732318040518,-0.7991521388489671
2021-06-01 09:00:00,0.0,0.1238577894123472,7.404460050478311,451.04624961562223,0.17654793843963065,-0.8592163789786588
2021-06-01 09:30:00,0.0,0.2059297290827494,7.215158675152569,439.5148651789894,0.17654793843963065,-0.9220569878427602
2021-06-01 10:00:00,0.0,0.2256459877846396,7.576669686316257,461.5364825107757,0.17578855369885604,-1.0049445790723774
2021-06-01 10:30:00,0.0,0.2399166199561273,8.404530504744464,511.9660229242785,0.17578855369885604,-1.116074894274939
2021-06-01 11:00:00,0.0,0.2836521341138796,9.219586881468704,561.6155746053654,0.17502916895808152,-1.2441520685385714
2021-06-01 11:30:00,0.0,0.3084648959867622,9.753063923557889,594.1125855217547,0.17502916895808152,-1.3606669200817352
2021-06-01 12:00:00,0.0,0.4258122777246879,10.00850710154108,609.6730297180565,0.17351039947653235,-1.436153227393226
2021-06-01 12:30:00,0.0,0.4149529102563109,9.437249982110918,574.874627197328,0.17351039947653235,-1.457783888177014
2021-06-01 13:00:00,0.0,0.4001085235360206,9.466127261652051,576.6337005865199,0.1719916299949832,-1.433230349044929
2021-06-01 13:30:00,0.0,0.4067720945579356,10.331157552248625,629.3274372962333,0.1719916299949832,-1.3810104347492729
2021-06-01 14:00:00,0.0,0.5027521097958653,9.653013079741198,588.0179401908664,0.16819470629111036,-1.3206695977492884
2021-06-01 14:30:00,0.0,0.4995255312624446,9.379393996278496,571.3503019596162,0.16819470629111036,-1.2697819685371945
2021-06-01 15:00:00,0.0,0.4465212472964714,9.08805939608532,553.6035144957674,0.16591655206878672,-1.2418832338646004
2021-06-01 15:30:00,0.0,0.4699870659499922,9.795819950093737,596.7170894674832,0.16591655206878672,-1.2400100222609347
2021-06-01 16:00:00,0.0,0.5739596474498478,10.2613679148553,625.0761679270022,0.16439778258723756,-1.2518247488735992
2021-06-01 16:30:00,0.0,0.4697643277502449,9.39387070212883,572.232157467792,0.16439778258723756,-1.2551453333188518
2021-06-01 17:00:00,0.0,0.6116510736792998,10.386850329681666,632.719989652597,0.16060085888336473,-1.2316293431820708
2021-06-01 17:30:00,0.0,0.5162885345380094,9.695941341369332,590.6329359201819,0.16060085888336473,-1.1773894091898534
2021-06-01 18:00:00,0.0,0.3563861336834477,10.47015955529016,637.7948112483547,0.15756331992026643,-1.1028438132660092
2021-06-01 18:30:00,0.0,0.4698618860437888,9.509380067450444,579.2684660802519,0.15756331992026643,-1.0233104447714814
2021-06-01 19:00:00,0.0,0.4302325167709556,9.451692837669432,575.7544206986769,0.15604455043871734,-0.9484151288951596
2021-06-01 19:30:00,0.0,0.426578359105452,8.46473616440701,515.6334796748448,0.15604455043871734,-0.8781551946552052
2021-06-01 20:00:00,0.0,0.3356601231334378,7.763125329700557,472.8945178158246,0.15604455043871734,-0.807036930936927
2021-06-01 20:30:00,0.0,0.3221239681339977,7.701135197055546,469.1183590342128,0.15604455043871734,-0.7310708670063675
2021-06-01 21:00:00,0.0,0.1145400021642923,7.309998443291597,445.2920753255633,0.15756331992026643,-0.65147813615955
2021-06-01 21:30:00,0.0,0.1814087201795963,5.659999698214002,344.78160720714084,0.15756331992026643,-0.5733097901083131
2021-06-01 22:00:00,0.0,0.1568080195730986,2.5808256550279083,157.2122375806354,0.16060085888336473,-0.5020593748957608
2021-06-01 22:30:00,0.0,0.0849175014110183,4.620818064209613,281.47935755061985,0.16060085888336473,-0.441736542668752
2021-06-01 23:00:00,0.0,0.0606295645139401,3.4007868683351608,207.16056974411575,0.16136024362413928,-0.3946834260869438
2021-06-01 23:30:00,0.0,0.056349000064763,2.7935186722390255,170.16853514703365,0.16136024362413928,-0.3615163056330923
2021-06-02 00:00:00,0.0,0.0667803716950298,2.795622546550822,170.29669366386398,0.16211962836491386,-0.3409832932942248
2021-06-02 00:30:00,0.0,0.0614040332856906,1.9913454733635636,121.3037684485394,0.16211962836491386,-0.3305352573413457
2021-06-02 01:00:00,0.0,0.0639694498092004,2.26933499096953,138.2376337802225,0.16211962836491386,-0.3271818847927712
2021-06-02 01:30:00,0.0,0.1053916332014585,1.790571186656982,109.0735060903266,0.16211962836491386,-0.3276095280501203
2021-06-02 02:00:00,0.0,0.074186550259885,1.218228423041941,74.20897103128081,0.1628790131056884,-0.3279734101025244
2021-06-02 02:30:00,0.0,0.0647071902236832,1.5063070090668556,91.75741682412638,0.1628790131056884,-0.3246858433282356
2021-06-02 03:00:00,0.0,0.0636857344217401,1.1975022819252104,72.94642816441755,0.1628790131056884,-0.3161381328615055
2021-06-02 03:30:00,0.0,3.271019973049637e-05,-0.3283156642198862,-19.99950678738224,0.1628790131056884,-0.3036915475284305
2021-06-02 04:00:00,0.0,5.5760744569508447e-05,2.071135764966262,126.16423248478053,0.1628790131056884,-0.2907022167720434
2021-06-02 04:30:00,0.0,5.752161602364953e-05,0.4805417801351163,29.272433943317417,0.1628790131056884,-0.2803974479269793
2021-06-02 05:00:00,0.0,5.361994966214187e-05,-0.0185940845504933,-1.13266761443247,0.1628790131056884,-0.2747388442803135
2021-06-02 05:30:00,0.0,5.280104167887239e-05,1.1143961015280257,67.88397516548373,0.1628790131056884,-0.2752992076862145
2021-06-02 06:00:00,0.0,0.0007325924821871,0.0690654831693404,4.207157165958316,0.1628790131056884,-0.2846713942605286
2021-06-02 06:30:00,0.0,0.0007110277902947,1.1143961015280257,67.88397516548373,0.1628790131056884,-0.3062815411455883
2021-06-02 07:00:00,0.0,0.0026150128526602,2.3087584766924296,140.63913439753492,0.1628790131056884,-0.3428704058639646
2021-06-02 07:30:00,0.0,0.0026757283049095,1.6285947717823002,99.20663477798966,0.1628790131056884,-0.3962131441722691
2021-06-02 08:00:00,0.0,0.0117418474435264,1.5267367020839917,93.00190141224736,0.1628790131056884,-0.4687536821955951
2021-06-02 08:30:00,0.0,0.0125837117461663,2.051215760098444,124.95079579571718,0.1628790131056884,-0.5641225768004874
2021-06-02 09:00:00,0.0,0.0120008494828398,3.440858419048557,209.601547552402,0.1628790131056884,-0.6844970355421295
2021-06-02 09:30:00,0.0,0.0150165787620895,6.050963813678952,368.5973745706724,0.1628790131056884,-0.8272231981241712
2021-06-02 10:00:00,0.0,0.0424315494896586,7.268345279402927,442.7547527890744,0.16211962836491386,-0.9837257422368564
2021-06-02 10:30:00,0.0,0.0498672134463262,9.065744108438858,552.2441680027871,0.16211962836491386,-1.1401405490699772
2021-06-02 11:00:00,0.0,0.339045030798212,8.977498844196337,546.8686652366728,0.16136024362413928,-1.2791590569227564
2021-06-02 11:30:00,0.0,0.4749941500662898,9.10974794559423,554.924682933291,0.16136024362413928,-1.3848154679674258
2021-06-02 12:00:00,0.0,0.5005961072526938,10.86357699041665,661.7600237604728,0.15984147414259017,-1.4495947209093774
2021-06-02 12:30:00,0.0,0.4827296469408912,9.051058607392912,551.3495936347247,0.15984147414259017,-1.4783450427365603
2021-06-02 13:00:00,0.0,0.4540956705353694,9.874482039449257,601.5088285205481,0.15832270466104104,-1.484186815309593
2021-06-02 13:30:00,0.0,0.7007749260137802,9.473418153071009,577.0778287482569,0.15832270466104104,-1.478916151957925
2021-06-02 14:00:00,0.0,0.7110630522583412,9.24128851587344,562.9375401156192,0.1545257809571682,-1.4666278982308851
2021-06-02 14:30:00,0.0,0.7370462156089996,9.531111385066938,580.592239757644,0.1545257809571682,-1.4463871948844709
2021-06-02 15:00:00,0.0,0.655286044550946,10.54739133101542,642.4994220578604,0.15072885725329535,-1.419067943886703
2021-06-02 15:30:00,0.0,0.6370840011951499,9.617400065645144,585.8485562876477,0.15072885725329535,-1.388208356050073
2021-06-02 16:00:00,0.0,0.6516399603270657,9.559907669837951,582.3463793114108,0.1476913182901971,-1.353707291633624
2021-06-02 16:30:00,0.0,0.8013038118675156,8.948012971014368,545.0725190727794,0.1476913182901971,-1.3086392501039172
2021-06-02 17:00:00,0.0,0.7817758954686675,9.343114040229866,569.1402909661884,0.14541316406787338,-1.2456629251538467
2021-06-02 17:30:00,0.0,0.8012577711128497,9.487854074573132,577.9571998582217,0.14541316406787338,-1.165946965567245
2021-06-02 18:00:00,0.0,0.7463745969820703,9.139040079679653,556.7090273868226,0.14389439458632428,-1.080184245388221
2021-06-02 18:30:00,0.0,0.7193983965218327,9.473418153071009,577.0778287482569,0.14389439458632428,-1.0009324682317318
2021-06-02 19:00:00,0.0,0.6774951920420677,8.85934150009942,539.6710537219731,0.1423756251047751,-0.9341456744877502
2021-06-02 19:30:00,0.0,0.6818109046707734,8.561420159460827,521.5230317920262,0.1423756251047751,-0.8767095829659536
2021-06-02 20:00:00,0.0,0.5667213586942763,7.93898410929582,483.60704006021155,0.1423756251047751,-0.8206002110040003
2021-06-02 20:30:00,0.0,0.5384305461467344,7.488773581985228,456.1822489888091,0.1423756251047751,-0.7591849861157624
2021-06-02 21:00:00,0.0,0.4713985454129984,6.529229769050999,397.731175552617,0.14389439458632428,-0.6908472661556943
2021-06-02 21:30:00,0.0,0.1790846444187263,4.801155943582195,292.46472631486665,0.14389439458632428,-0.6185074272035488
2021-06-02 22:00:00,0.0,0.1318864667554138,4.2308443103824125,257.7239185431635,0.14693193354942255,-0.547095510185614
2021-06-02 22:30:00,0.0,0.2135329405554192,3.365921924489503,205.0367549004355,0.14693193354942255,-0.4816077429882444
2021-06-02 23:00:00,0.0,0.1048981964087963,2.426601677060025,147.81760969568617,0.14845070303097166,-0.4262855316989549
2021-06-02 23:30:00,0.0,0.0001065020223028,2.987371443883198,181.9771700821428,0.14845070303097166,-0.3838473038968933
2021-06-03 00:00:00,0.0,0.0001046997954127,1.322293878228448,80.54816834701008,0.14921008777174624,-0.3545711285263621
2021-06-03 00:30:00,0.0,0.0001002639615668,1.5685047425951495,95.5462217135142,0.14921008777174624,-0.336491957970926
2021-06-03 01:00:00,0.0,0.0001209893497521,2.191815075802322,133.51547081785606,0.14921008777174624,-0.3270401413091507
2021-06-03 01:30:00,0.0,0.0001208543223601,2.0924893086592404,127.4649938817036,0.14921008777174624,-0.3243166930893653
2021-06-03 02:00:00,0.0,9.275619609791811e-05,1.0940865260621455,66.6468075958405,0.14996947251252082,-0.3266405025709518
2021-06-03 02:30:00,0.0,9.380805295699668e-05,1.0940865260621455,66.6468075958405,0.14996947251252082,-0.3316554533978663
2021-06-03 03:00:00,0.0,9.265097807436064e-05,1.1773531893646365,71.71903648823208,0.14996947251252082,-0.3368589795311916
2021-06-03 03:30:00,0.0,9.191653879657291e-05,1.156566936672424,70.45283189580142,0.14996947251252082,-0.3410524854752274
2021-06-03 04:00:00,0.0,0.0001125613608224,0.4374832482957044,26.6495027413499,0.14996947251252082,-0.3448528754985877
2021-06-03 04:30:00,0.0,0.0001111464331036,0.630210609819406,38.389582777025744,0.14996947251252082,-0.3498641019908665
2021-06-03 05:00:00,0.0,0.0001055849751388,0.6728019440195823,40.984054409818754,0.14996947251252082,-0.3575101788924473
2021-06-03 05:30:00,0.0,0.0001060815661103,1.3429197870243754,81.80460551378444,0.14996947251252082,-0.3682947428379802
2021-06-03 06:00:00,0.0,0.000815745015367,0.5661627843655634,34.48807864707564,0.14996947251252082,-0.3820317663216854
2021-06-03 06:30:00,0.0,0.0008291855028027,1.5072163820815936,91.81281171923057,0.14996947251252082,-0.3994538497564801
2021-06-03 07:00:00,0.0,0.0013272493034976,1.751328540130948,106.6830213797749,0.14996947251252082,-0.4242503808516347
2021-06-03 07:30:00,0.0,0.001335061686802,2.1521393792789616,131.09860665818067,0.14996947251252082,-0.4633612684417922
2021-06-03 08:00:00,0.0,0.0023689537707786,2.310408674218055,140.73965697446613,0.14996947251252082,-0.5245673606046454
2021-06-03 08:30:00,0.0,0.0024959962267266,3.312089920729828,201.7575524684463,0.14996947251252082,-0.6126245699838805
2021-06-03 09:00:00,0.0,0.016619229243784,4.143656433604083,252.41282704361873,0.14996947251252082,-0.7260647733270867
2021-06-03 09:30:00,0.0,0.1326726669094542,6.550712694344756,399.0398182920556,0.14996947251252082,-0.8567897381560103
2021-06-03 10:00:00,0.0,0.3029997065924762,8.174937022904407,497.9802254165371,0.14921008777174624,-0.9933556741461748
2021-06-03 10:30:00,0.0,0.317751377680793,8.553062220735706,521.0139039297941,0.14921008777174624,-1.1254780681403105
2021-06-03 11:00:00,0.0,0.4549153974858177,9.408343770718895,573.1137914105071,0.14845070303097166,-1.2449771573869657
2021-06-03 11:30:00,0.0,0.5856030661431373,9.116778007107532,555.3529225157218,0.14845070303097166,-1.3427542103327337
2021-06-03 12:00:00,0.0,0.5299471706633707,9.624780619270208,586.298146265847,0.14693193354942255,-1.4079688177664005
2021-06-03 12:30:00,0.0,0.5265968668335784,9.882037961166551,601.9691011305348,0.14693193354942255,-1.4342246960080944
2021-06-03 13:00:00,0.0,0.5144259384657027,9.796580638360169,596.7634271595447,0.14541316406787338,-1.4270368299019314
2021-06-03 13:30:00,0.0,0.6880078614600577,9.55284497578526,581.9161519021287,0.14541316406787338,-1.4020743203337769
2021-06-03 14:00:00,0.0,0.7232179505956753,9.408343770718895,573.1137914105071,0.14161624036400058,-1.3743393298396251
2021-06-03 14:30:00,0.0,0.8032802710702054,9.810843892137708,597.6322801319177,0.14161624036400058,-1.350603478265723
2021-06-03 15:00:00,0.0,0.7341410582454552,9.810843892137708,597.6322801319177,0.1385787014009023,-1.331521543600002
2021-06-03 15:30:00,0.0,0.9203829952549788,10.12259100677145,616.6225057426235,0.1385787014009023,-1.3158275379504851
2021-06-03 16:00:00,0.0,0.8928789994444892,9.028629855251337,549.9833353973853,0.13554116243780406,-1.2997114984133755
2021-06-03 16:30:00,0.0,1.0457966777312409,10.037953812241534,611.4667902805297,0.13554116243780406,-1.275775572886697
2021-06-03 17:00:00,0.0,0.905312617785054,9.682179346078568,589.7946173499134,0.13250362347470576,-1.236737052411277
2021-06-03 17:30:00,0.0,0.9790210582955728,9.667842098334685,588.9212569994485,0.13250362347470576,-1.1806642690420943
2021-06-03 18:00:00,0.0,0.7891138709457552,9.393847093983473,572.2307193662491,0.13098485399315662,-1.112390955246507
2021-06-03 18:30:00,0.0,0.6260474597506479,9.408343770718895,573.1137914105071,0.13098485399315662,-1.0404288895878595
2021-06-03 19:00:00,0.0,0.4891288795027384,7.353071423734732,447.9158866711843,0.13022546925238207,-0.9718113193064154
2021-06-03 19:30:00,0.0,0.5062761081610319,8.866196556885809,540.0886328071898,0.13022546925238207,-0.9081218675761116
2021-06-03 20:00:00,0.0,0.5447817052395312,8.777139496172898,534.6636790681587,0.13098485399315662,-0.8453989264920377
2021-06-03 20:30:00,0.0,0.3776893697033634,6.939261242000509,422.7084401792657,0.13098485399315662,-0.7782153626390346
2021-06-03 21:00:00,0.0,0.1600969295589997,7.557295776913277,460.35631148992695,0.13326300821548034,-0.7047453409433355
2021-06-03 21:30:00,0.0,0.1523468994130467,6.3704469123757,388.0588413758633,0.13326300821548034,-0.6288691261628226
2021-06-03 22:00:00,0.0,0.1337559465563569,5.18916249587226,316.1003322933764,0.1363005471785786,-0.5579337532862855
2021-06-03 22:30:00,0.0,0.2170850322995936,3.740999645535824,227.88479489781375,0.1363005471785786,-0.4986788282135979
2021-06-03 23:00:00,0.0,0.1922862251002286,2.5651635004446094,156.25816989203454,0.1370599319193532,-0.4549565924942804
2021-06-03 23:30:00,0.0,0.1775531693495113,3.1798828611835157,193.70409577146253,0.1370599319193532,-0.4282225517993789
2021-06-04 00:00:00,0.0,0.1751184443062234,2.4888864088777716,151.61171412777026,0.1385787014009023,-0.4185110310844102
2021-06-04 00:30:00,0.0,0.2375302729988591,2.133744306237566,129.97806192565952,0.1385787014009023,-0.4240594093693294
2021-06-04 01:00:00,0.0,0.0886674749543186,2.0140597682639827,122.68742066053768,0.1385787014009023,-0.4404485676933926
2021-06-04 01:30:00,0.0,0.0001213893450372,1.3230092325769838,80.59174450163225,0.1385787014009023,-0.4610179399734719
2021-06-04 02:00:00,0.0,0.090577965451266,1.3436547091024882,81.84937364607669,0.1385787014009023,-0.4785811241163601
2021-06-04 02:30:00,0.0,0.0003625306357281,2.331761653956749,142.0403840178424,0.1385787014009023,-0.4873220076087436
2021-06-04 03:00:00,0.0,0.1682054755662381,2.857582454050574,174.07101126619725,0.1385787014009023,-0.4841846193072872
2021-06-04 03:30:00,0.0,0.0888465049304718,1.3642803051469006,83.1057917614419,0.1385787014009023,-0.4695710257355563
2021-06-04 04:00:00,0.0,0.0758960498879335,1.177930510659492,71.75420429291907,0.1385787014009023,-0.4471561727378194
2021-06-04 04:30:00,0.0,0.0711134967741334,1.8534429653900273,112.90337076795038,0.1385787014009023,-0.4227220572499537
2021-06-04 05:00:00,0.0,0.0001339915677413,1.177930510659492,71.75420429291907,0.1385787014009023,-0.4025220878341677
2021-06-04 05:30:00,0.0,0.0610490979073331,1.650975624431115,100.56997519466132,0.1385787014009023,-0.3921945761555375
2021-06-04 06:00:00,0.0,0.0008015040825537,1.711915887012346,104.28218063576976,0.13933808614167686,-0.3965062797769665
2021-06-04 06:30:00,0.0,0.0007668986169651,1.7929022438918636,109.21550356431726,0.13933808614167686,-0.4189370969268186
2021-06-04 07:00:00,0.0,0.0067812427522991,2.527991056013384,153.99379253900037,0.13933808614167686,-0.4603940542516191
2021-06-04 07:30:00,0.0,0.0070365280534639,2.722469717722373,165.84055386880704,0.13933808614167686,-0.518196563299811
2021-06-04 08:00:00,0.0,0.0239839426720606,2.133744306237566,129.97806192565952,0.13933808614167686,-0.587250534581578
2021-06-04 08:30:00,0.0,0.0242628179269528,3.163320914545521,192.69521681655223,0.13933808614167686,-0.6633113598857111
2021-06-04 09:00:00,0.0,0.0245090577572537,4.381650775139494,266.91036696516267,0.1385787014009023,-0.7455798013617376
2021-06-04 09:30:00,0.0,0.0248703267836398,5.123819263316356,312.1199178159969,0.1385787014009023,-0.8358535981483398
2021-06-04 10:00:00,0.0,0.0428147325014385,6.539522807708801,398.3581809591018,0.13781931666012773,-0.9345014311962386
2021-06-04 10:30:00,0.0,0.0459871336021039,7.547542493741059,459.7621855487675,0.13781931666012773,-1.0369366368809023
2021-06-04 11:00:00,0.0,0.2482351708032596,8.947060754425781,545.0145143407427,0.1370599319193532,-1.1340929680298375
2021-06-04 11:30:00,0.0,0.2776243921193748,8.16603151350247,497.4377420228423,0.1370599319193532,-1.2159873284070415
2021-06-04 12:00:00,0.0,0.4488019857238859,8.813664912287498,536.8886423797071,0.1363005471785786,-1.2745452317723631
2021-06-04 12:30:00,0.0,0.4698777427455393,8.484479188679668,516.8361355057285,0.1363005471785786,-1.305403055999253
2021-06-04 13:00:00,0.0,0.5182037009340341,11.01644013826677,671.0717560234865,0.13478177769702945,-1.3111804728382066
2021-06-04 13:30:00,0.0,0.4226694622025763,9.68959014170467,590.2460495341691,0.13478177769702945,-1.3033050597090787
2021-06-04 14:00:00,0.0,0.4516411818268831,9.516875555761088,579.7250573601704,0.13326300821548034,-1.2959015272388523
2021-06-04 14:30:00,0.0,0.6049244615384455,10.880005036833294,662.7607461189194,0.13326300821548034,-1.295180507106403
2021-06-04 15:00:00,0.0,0.5218888316259556,9.516875555761088,579.7250573601704,0.1294660845116075,-1.2967857732462638
2021-06-04 15:30:00,0.0,0.7409974742382757,9.603383184641691,584.9947112314499,0.1294660845116075,-1.2932847721651828
2021-06-04 16:00:00,0.0,0.6558863695830411,9.473508163010582,577.0833117470706,0.12642854554850927,-1.2802927901690029
2021-06-04 16:30:00,0.0,0.7559818378907487,8.902676317087765,542.3108149668338,0.12642854554850927,-1.2556525208970202
2021-06-04 17:00:00,0.0,0.7007352703826274,9.675243084151292,589.3720916144349,0.12415039132618556,-1.2181714028659174
2021-06-04 17:30:00,0.0,0.6906765544640969,9.035588923502765,550.4072503910819,0.12415039132618556,-1.1695539657434024
2021-06-04 18:00:00,0.0,0.8275104432735839,9.574580846413316,583.2402029284129,0.12187223710386186,-1.1148889907334962
2021-06-04 18:30:00,0.0,0.908769408270002,8.947060754425781,545.0145143407427,0.12187223710386186,-1.0591966197464713
2021-06-04 19:00:00,0.0,0.6653406893973481,9.473508163010582,577.0833117470706,0.12111285236308729,-1.004272937312649
2021-06-04 19:30:00,0.0,0.7245871043704682,8.544663684295738,520.5023030382122,0.12111285236308729,-0.9494817356816656
2021-06-04 20:00:00,0.0,0.5089084971088451,8.227012823118864,501.152447863864,0.12263162184463644,-0.8942637021071187
2021-06-04 20:30:00,0.0,0.491447187234357,6.457636754570875,393.37005259972176,0.12263162184463644,-0.8389166936878065
2021-06-04 21:00:00,0.0,0.4373119887743024,5.123819263316356,312.1199178159969,0.1256691608077347,-0.7840742306939067
2021-06-04 21:30:00,0.0,0.32489935677988,4.435479978013601,270.1893987798587,0.1256691608077347,-0.7308553676987062
2021-06-04 22:00:00,0.0,0.2246745325618658,4.399608173748958,268.0042505488992,0.12870669977083293,-0.6810518453302223
2021-06-04 22:30:00,0.0,0.2295189977005438,3.257999002142947,198.4625781150766,0.12870669977083293,-0.6360239471359367
2021-06-04 23:00:00,0.0,0.2244740682825486,2.567025677142098,156.37160528229904,0.1294660845116075,-0.5956190032684096
2021-06-04 23:30:00,0.0,9.74366372808763e-05,2.915233716915946,177.58286570578608,0.1294660845116075,-0.5589599481153978
2021-06-05 00:00:00,0.0,0.0006633641283402,0.7155492559731665,43.58802750257218,0.1294660845116075,-0.5261262649394464
2021-06-05 00:30:00,0.0,0.0006536052063491,2.471064486902762,150.52608316846064,0.1294660845116075,-0.4985067391134478
2021-06-05 01:00:00,0.0,0.0845345664269369,2.2345213340411836,136.11694310380764,0.13022546925238207,-0.4776310997218634
2021-06-05 01:30:00,0.0,0.0807692056795509,2.2938989191113395,139.7339572918167,0.13022546925238207,-0.464037301443435
2021-06-05 02:00:00,0.0,0.0724036002500992,1.6112195206959408,98.14821299095794,0.13022546925238207,-0.457070191786945
2021-06-05 02:30:00,0.0,0.0700378759548242,1.814257518176987,110.51637038109423,0.13022546925238207,-0.4551375713015901
2021-06-05 03:00:00,0.0,0.0734783909397196,2.0354135727495337,123.9881979437659,0.13098485399315662,-0.4558229591223737
2021-06-05 03:30:00,0.0,0.0724321309482698,1.854636550921088,112.97607860534976,0.13098485399315662,-0.4561826735309561
2021-06-05 04:00:00,0.0,0.0724073955268682,1.4268316403857697,86.9161364693074,0.13098485399315662,-0.4539706830155958
2021-06-05 04:30:00,0.0,8.25852371888243e-05,0.9693075819991002,59.04583813055201,0.13098485399315662,-0.4495446721424291
2021-06-05 05:00:00,0.0,7.898584656599194e-05,1.8949401646495856,115.43119264395158,0.13174423873393123,-0.446752267471244
2021-06-05 05:30:00,0.0,8.004616879180251e-05,1.3650152161983884,83.15055922204199,0.13174423873393123,-0.4512827143410742
2021-06-05 06:00:00,0.0,0.0594557726039184,1.935168685135803,117.8817323415385,0.13174423873393123,-0.4670525783384554
2021-06-05 06:30:00,0.0,0.000627280119177,0.8004722615605312,48.76115328286362,0.13174423873393123,-0.4929519810875846
2021-06-05 07:00:00,0.0,0.008247055165224,1.9552548866531152,119.1052929795383,0.13174423873393123,-0.5225331789061094
2021-06-05 07:30:00,0.0,0.0083057107259628,2.878937356630238,175.37185544035714,0.13174423873393123,-0.548284146134578
2021-06-05 08:00:00,0.0,0.1458780083354985,3.875892844271249,236.101879057021,0.13174423873393123,-0.5686431538651301
2021-06-05 08:30:00,0.0,0.1052123139540185,3.9310050519067294,239.45906572459103,0.13174423873393123,-0.5913232479539842
2021-06-05 09:00:00,0.0,0.0799188169721735,3.4300049937686135,208.9404059249736,0.13174423873393123,-0.6276584833291938
2021-06-05 09:30:00,0.0,0.1460565044204369,5.214664012278218,317.65376944557977,0.13174423873393123,-0.6813680713192917
2021-06-05 10:00:00,0.0,0.1100014121229276,6.1319921421570855,373.5332542193612,0.13174423873393123,-0.7416690487485146
2021-06-05 10:30:00,0.0,0.2163820595500951,7.490640473993032,456.295971614472,0.13174423873393123,-0.7875692771803556
2021-06-05 11:00:00,0.0,0.2142918331022714,7.584756116960144,462.0290713274939,0.13098485399315662,-0.8018447299915095
2021-06-05 11:30:00,0.0,0.264021849357233,7.522053738926365,458.20952577504136,0.13098485399315662,-0.7850374501169305
2021-06-05 12:00:00,0.0,0.1473975001924578,5.058137694458296,308.11889341984465,0.13098485399315662,-0.7563222758294095
2021-06-05 12:30:00,0.0,0.0983191865147555,6.314464856449756,384.6486674808015,0.13098485399315662,-0.7374853086381798
2021-06-05 13:00:00,0.0,0.1495639357269821,5.249302017085563,319.763760188458,0.13174423873393123,-0.7362902770836307
2021-06-05 13:30:00,0.0,0.1615693221863716,6.06528077069355,369.4694989015918,0.13174423873393123,-0.7492099832500171
2021-06-05 14:00:00,0.2,0.1155627648549221,3.9310050519067294,239.45906572459103,0.13098485399315662,-0.7763011901682556
2021-06-05 14:30:00,0.2,0.0848636277342035,6.04857284503743,368.45172756449574,0.13098485399315662,-0.8215967401820362
2021-06-05 15:00:00,0.0,0.2863623229040711,8.065196948015162,491.2953559089848,0.13022546925238207,-0.8772008924920062
2021-06-05 15:30:00,0.0,0.3347962141032051,9.495235742794948,578.4068577326188,0.13022546925238207,-0.9195341798097088
2021-06-05 16:00:00,0.0,0.2806144245943528,7.4434426024458435,453.4208905408935,0.12642854554850927,-0.929266198896689
2021-06-05 16:30:00,0.0,0.2872252986905989,6.031852844099605,367.43322065579974,0.12642854554850927,-0.9099937784634712
2021-06-05 17:00:00,0.0,0.1862542731958411,5.6779054302129905,345.8723434944201,0.1294660845116075,-0.8822212208626223
2021-06-05 17:30:00,0.0,0.2376912114765214,6.0819766421919,370.4865359538626,0.1294660845116075,-0.8615684227427156
2021-06-05 18:00:00,0.0,0.2471922178929292,6.62631310918289,403.6450539675351,0.12794731503005838,-0.8456317480958541
2021-06-05 18:30:00,0.0,0.3053578459495689,9.422779840981605,573.9931715822944,0.12794731503005838,-0.8198071525912523
2021-06-05 19:00:00,0.0,0.1297430485299323,5.30116058141327,322.92274960713297,0.1256691608077347,-0.7727884126882096
2021-06-05 19:30:00,0.0,0.070278164777358,3.2415352112159814,197.45967836257083,0.1256691608077347,-0.7065604085236509
2021-06-05 20:00:00,0.0,0.0260003886160892,3.3359712219637387,203.21229343322477,0.12794731503005838,-0.6340192033056933
2021-06-05 20:30:00,0.0,2.8399713350494872e-05,2.510239524576554,152.91244945322077,0.12794731503005838,-0.5692116789458354
2021-06-05 21:00:00,0.0,2.6795163676127593e-05,1.854636550921088,112.97607860534976,0.1294660845116075,-0.5197756131238246
2021-06-05 21:30:00,0.0,2.697436473519058e-05,2.1152763802121006,128.85307931853114,0.1294660845116075,-0.4863172454970211
2021-06-05 22:00:00,0.0,0.0217465656626329,2.8018317052999797,170.67492755910857,0.13022546925238207,-0.4663698821895719
2021-06-05 22:30:00,0.0,2.57626807481102e-05,1.6926646168380235,103.10948024259194,0.13022546925238207,-0.4579249325208046
2021-06-05 23:00:00,0.0,2.5202430447118047e-05,1.651980608470138,100.6311942813516,0.13098485399315662,-0.4595831888756709
2021-06-05 23:30:00,0.0,2.5272322163303384e-05,1.011308076678434,61.604318489412314,0.13098485399315662,-0.4682677257061715
2021-06-06 00:00:00,0.0,0.0346379105982025,2.4924175676498144,151.8268163648097,0.13174423873393123,-0.4780782769066227
2021-06-06 00:30:00,0.0,0.0455536595829984,2.7651778646744685,168.44214120663474,0.13174423873393123,-0.4827117817625613
2021-06-06 01:00:00,0.0,0.0288235006524404,1.855811424785636,113.04764661257283,0.13174423873393123,-0.4794394773414454
2021-06-06 01:30:00,0.0,0.0143265300604481,0.7369221226819782,44.889965970309795,0.13174423873393123,-0.470270760820213
2021-06-06 02:00:00,0.0,2.3964108518869705e-05,1.468756603896815,89.47001581067912,0.13174423873393123,-0.4592945065118715
2021-06-06 02:30:00,0.0,2.3458477494513853e-05,0.7581842088165044,46.18515618601808,0.13174423873393123,-0.4495722980402746
2021-06-06 03:00:00,0.0,2.3626584162443343e-05,0.9906747479748266,60.34742933538853,0.13250362347470576,-0.4425363451861036
2021-06-06 03:30:00,0.0,2.3458477494513853e-05,-0.1094176822874162,-6.665230806962723,0.13250362347470576,-0.4390588743264071
2021-06-06 04:00:00,0.0,2.2890386407871472e-05,2.6681541221178904,162.5318932067162,0.13250362347470576,-0.4398177978122878
2021-06-06 04:30:00,0.0,2.335725619367361e-05,0.8641767400594957,52.64174226771753,0.13250362347470576,-0.4447169943328894
2021-06-06 05:00:00,0.0,0.018887978514992,1.137313141911644,69.27997771622383,0.13326300821548034,-0.4532434226273424
2021-06-06 05:30:00,0.0,0.0150030412868301,0.9275196751741958,56.50030766321664,0.13326300821548034,-0.4661352403382
2021-06-06 06:00:00,0.0,2.2857211376259688e-05,0.587488177836912,35.787125259692296,0.13326300821548034,-0.4857596579280202
2021-06-06 06:30:00,0.0,0.031770227141754,1.6325765486005792,99.44918663031213,0.13326300821548034,-0.5138889389450496
2021-06-06 07:00:00,0.0,0.0214422359450487,1.427605563695441,86.9632803804012,0.13326300821548034,-0.5498744029124818
2021-06-06 07:30:00,0.0,0.0197759894055292,1.5917385048880468,96.9615175318764,0.13326300821548034,-0.591926267420083
2021-06-06 08:00:00,0.0,0.0481528357852168,2.7845310664512737,169.62105081246327,0.13326300821548034,-0.6392488096951793
2021-06-06 08:30:00,0.0,0.0557800906285594,3.149032801475023,191.82484952837763,0.13326300821548034,-0.69152479988049
2021-06-06 09:00:00,0.0,0.0623007971383086,4.262143100107543,259.6304993912992,0.13326300821548034,-0.7470345502109758
2021-06-06 09:30:00,0.0,0.0124627132931777,5.357087051227626,326.3295374474397,0.13326300821548034,-0.8033399829680642
2021-06-06 10:00:00,0.0,0.016941144284993,5.114423599791,311.54757644783894,0.13250362347470576,-0.8603868587165193
2021-06-06 10:30:00,0.0,0.1198069134932975,5.699340938076785,347.1780977782785,0.13250362347470576,-0.9214087459007834
2021-06-06 11:00:00,0.0,0.13727207175662,5.750241583274544,350.27873509186384,0.13174423873393123,-0.9892849297685228
2021-06-06 11:30:00,0.0,0.2076313656760219,5.868573855833898,357.4870024580902,0.13174423873393123,-1.0610695618749637
2021-06-06 12:00:00,0.0,0.2011268674928375,6.87496620283208,418.79187690684506,0.13098485399315662,-1.1251942487966642
2021-06-06 12:30:00,0.0,0.2690162851745304,7.793450689625565,474.7418017189277,0.13098485399315662,-1.1651813385686536
2021-06-06 13:00:00,0.0,0.2629735580503044,7.574979532209604,461.4335259594701,0.13022546925238207,-1.1694691191434627
2021-06-06 13:30:00,0.0,0.2679492915184423,7.746803460352147,471.90026328461926,0.13022546925238207,-1.1392043443827615
2021-06-06 14:00:00,0.0,0.1917735162479453,6.987729267892168,425.6608933163846,0.12794731503005838,-1.085722230640688
2021-06-06 14:30:00,0.0,0.2684460126918495,6.153451621533111,374.8404687394307,0.12794731503005838,-1.021473676928644
2021-06-06 15:00:00,0.0,0.1552113408214949,6.500595124523484,395.9868823921214,0.1271879302892838,-0.9552706413350696
2021-06-06 15:30:00,0.0,0.2112336864639372,5.305304650725368,323.1751875848689,0.1271879302892838,-0.8937270255475568
2021-06-06 16:00:00,0.0,0.2137052898408643,4.692303970040261,285.8339559285538,0.12794731503005838,-0.8417560366604847
2021-06-06 16:30:00,0.0,0.201439684050081,4.656769369863806,283.66934864700795,0.12794731503005838,-0.8002229573088567
2021-06-06 17:00:00,0.0,0.0978313708825943,4.280231818053287,260.7323823556426,0.12794731503005838,-0.7657167913346157
2021-06-06 17:30:00,0.0,0.0465303611795467,3.470125835756513,211.38438633498257,0.12794731503005838,-0.7334728937606042
2021-06-06 18:00:00,0.0,0.0493534763594361,3.5636838155451978,217.08351572694608,0.12870669977083293,-0.6997564333201464
2021-06-06 18:30:00,0.0,0.0085364625150576,3.2250056951976935,196.45277493447705,0.12870669977083293,-0.6626573570356611
2021-06-06 19:00:00,0.0,0.0289172722529079,3.243958053238296,197.60726695108724,0.12870669977083293,-0.6227302924647315
2021-06-06 19:30:00,0.0,0.0621231231166379,4.189641867207425,255.21405187599467,0.12870669977083293,-0.5828442195111624
2021-06-06 20:00:00,0.0,0.0218622786167044,2.1166917261235927,128.93929579629392,0.1294660845116075,-0.546404862933284
2021-06-06 20:30:00,0.0,2.579746768048764e-05,0.9906747479748266,60.34742933538853,0.1294660845116075,-0.5156943830108467
2021-06-06 21:00:00,0.0,2.437321212789204e-05,1.032674391567122,62.90585784987203,0.13022546925238207,-0.491785714279207
2021-06-06 21:30:00,0.0,2.4134842509367325e-05,1.0536432325038474,64.18318489314315,0.13022546925238207,-0.4751983835540779
2021-06-06 22:00:00,0.0,2.389685171169485e-05,1.0116849122971412,61.62727361259221,0.13022546925238207,-0.4662914876936372
2021-06-06 22:30:00,0.0,2.369328662745624e-05,0.6089004450033151,37.0914638252775,0.13022546925238207,-0.4654985854506978
2021-06-06 23:00:00,0.0,2.3626584162443343e-05,0.6943339812047552,42.29568882377295,0.13098485399315662,-0.4733060730443018
2021-06-06 23:30:00,0.0,2.366057221567176e-05,0.6943339812047552,42.29568882377295,0.13098485399315662,-0.4893878570797998
2021-06-07 00:00:00,0.0,0.0203357817226995,1.5386080612324686,93.7250509714667,0.13098485399315662,-0.5112691575044789
2021-06-07 00:30:00,0.0,0.0497437932835209,1.846767856782292,112.4967533126909,0.13098485399315662,-0.5340212159642176
2021-06-07 01:00:00,0.0,0.05308886102985,2.0093363773236774,122.3996930268454,0.13098485399315662,-0.5518051853869006
2021-06-07 01:30:00,0.0,0.052757387251987,2.150588192898584,131.00411539284138,0.13098485399315662,-0.5604249547956234
2021-06-07 02:00:00,0.0,0.0322680681668912,1.6624019091011606,101.26601282770002,0.13174423873393123,-0.5593172398455764
2021-06-07 02:30:00,0.0,0.0302150641551697,1.3932742420136317,84.87197138779918,0.13174423873393123,-0.5517735885774726
2021-06-07 03:00:00,0.0,0.0460471010826033,1.2679133169308534,77.2355502684389,0.13174423873393123,-0.5431086482109155
2021-06-07 03:30:00,0.0,0.0467519954167386,1.5592899451065845,94.98489788708387,0.13174423873393123,-0.5378052470712769
2021-06-07 04:00:00,0.0,0.0597627778831184,1.6829651178036251,102.51863058808767,0.13174423873393123,-0.5375962177727835
2021-06-07 04:30:00,0.0,0.0505049877792604,1.7445371587100642,106.26932111011097,0.13174423873393123,-0.5416801239778493
2021-06-07 05:00:00,0.0,0.0636840243219561,2.0901645018375348,127.32337715464143,0.13250362347470576,-0.5485179362535869
2021-06-07 05:30:00,0.0,0.066633662144223,1.3932742420136317,84.87197138779918,0.13250362347470576,-0.5576524986199778
2021-06-07 06:00:00,0.0,0.0555046536999419,1.3515687433524888,82.33146085344325,0.13250362347470576,-0.570288911288802
2021-06-07 06:30:00,0.0,0.0689522892688693,1.9078745277534417,116.21909560100568,0.13250362347470576,-0.5883193344652102
2021-06-07 07:00:00,0.0,0.0899229617897851,1.9890820732589631,121.16589234122031,0.13250362347470576,-0.6126822711681468
2021-06-07 07:30:00,0.0,0.0903665683374257,2.9987148444882896,182.6681587924517,0.13250362347470576,-0.6424848238368982
2021-06-07 08:00:00,0.0,0.0932545823004068,3.5149624410424245,214.11562973718043,0.13174423873393123,-0.6754187643439074
2021-06-07 08:30:00,0.0,0.0936522511567622,4.476607909588035,272.69472653699853,0.13174423873393123,-0.7085721456955327
2021-06-07 09:00:00,0.0,0.0610862110081385,4.331327837169321,263.8449209655425,0.13174423873393123,-0.7388640303098272
2021-06-07 09:30:00,0.0,0.1006135830603562,5.259359044775219,320.3763888731663,0.13174423873393123,-0.76369672244565
2021-06-07 10:00:00,0.0,0.0715811656661429,4.8001016145577315,292.40050135462604,0.13174423873393123,-0.7824634131531852
2021-06-07 10:30:00,0.0,0.1438798348309188,5.04854711546212,307.5346786819195,0.13174423873393123,-0.797672590160066
2021-06-07 11:00:00,0.0,0.1827621607572334,5.346625070336039,325.6922408434293,0.13098485399315662,-0.8137796649571875
2021-06-07 11:30:00,0.0,0.1600855723866542,5.640863386631058,343.61590957191555,0.13098485399315662,-0.8341752795035398
2021-06-07 12:00:00,0.0,0.1923260178037774,5.812198555584474,354.05287389569565,0.13098485399315662,-0.8591463609940112
2021-06-07 12:30:00,0.0,0.2031282338777967,5.948354806301114,362.3468974745652,0.13098485399315662,-0.886742248612963
2021-06-07 13:00:00,0.0,0.2270228890584937,6.2518054081159,380.8317370116927,0.13022546925238207,-0.9154338241326384
2021-06-07 13:30:00,0.0,0.1808805033687651,6.01613293400379,366.4756347623416,0.13022546925238207,-0.9457650728809714
2021-06-07 14:00:00,0.0,0.1807025948019026,5.760931863809704,350.9299386786009,0.1294660845116075,-0.9790785363030092
2021-06-07 14:30:00,0.0,0.2016265792064971,6.6008923336312195,402.0965351833517,0.1294660845116075,-1.0150938054060707
2021-06-07 15:00:00,0.0,0.1671478052259461,6.468522725277925,394.0331767475147,0.12794731503005838,-1.0520995606357548
2021-06-07 15:30:00,0.0,0.222616962938176,7.139148119088026,434.8846455531984,0.12794731503005838,-1.0893977352833204
2021-06-07 16:00:00,0.0,0.2022939711154272,7.025997662068333,427.99203097588975,0.12642854554850927,-1.1267642350379934
2021-06-07 16:30:00,0.0,0.2281996900602645,7.203562837064719,438.8084991178561,0.12642854554850927,-1.159532893314703
2021-06-07 17:00:00,0.0,0.287601228282886,7.994345379605147,486.97939850049585,0.12415039132618556,-1.1760511766936423
2021-06-07 17:30:00,0.0,0.3286832233447034,8.056491732258559,490.76507349914766,0.12415039132618556,-1.1630479579009545
2021-06-07 18:00:00,0.0,0.2426722793795976,7.806934453047542,475.5631716609256,0.12035346762231275,-1.1143372589774636
2021-06-07 18:30:00,0.0,0.2251901723502781,6.977337839758042,425.0278944675698,0.12035346762231275,-1.034063825329438
2021-06-07 19:00:00,0.0,0.1686266310999084,7.395761462096034,450.5163709154835,0.118075313399989,-0.9330183766774436
2021-06-07 19:30:00,0.0,0.1493846972546555,6.683244145095744,407.11303543548377,0.118075313399989,-0.8240713106172596
2021-06-07 20:00:00,0.0,0.0483489641670276,6.151096259107138,374.6969907030205,0.12111285236308729,-0.7201650167210897
2021-06-07 20:30:00,0.0,0.0440704295721838,5.450906180074981,332.0445748600693,0.12111285236308729,-0.6322208218010376
2021-06-07 21:00:00,0.0,2.784777917135708e-05,4.130019163440806,251.58210616455287,0.12490977606696012,-0.5655974608449076
2021-06-07 21:30:00,0.0,2.8104307908220937e-05,4.871364354408754,296.7415054694448,0.12490977606696012,-0.5184188801538787
2021-06-07 22:00:00,0.0,0.0401747943550674,2.270932696560108,138.33495878565265,0.1256691608077347,-0.4838962337164442
2021-06-07 22:30:00,0.0,2.6328952168670433e-05,2.230891988672054,135.89585978292462,0.1256691608077347,-0.454667060459547
2021-06-07 23:00:00,0.0,0.0289706042702729,3.3060959119214073,201.39242453544784,0.1271879302892838,-0.4260696363723408
2021-06-07 23:30:00,0.0,2.223232956253881e-05,2.4502083385377,149.25562084745988,0.1271879302892838,-0.3971646057482423
2021-06-08 00:00:00,0.0,0.019195954582086,2.475201312565865,150.77807989582982,0.12794731503005838,-0.3698976776068615
2021-06-08 00:30:00,0.0,0.0282594065967058,2.035546006341659,123.996265199804,0.12794731503005838,-0.3474811757563626
2021-06-08 01:00:00,0.0,0.0277763293076895,0.7459602687787696,45.44052899214317,0.12870669977083293,-0.3328869667112342
2021-06-08 01:30:00,0.0,0.0161442575201933,2.0153482757325305,122.76591071346904,0.12870669977083293,-0.3276467420239348
2021-06-08 02:00:00,0.0,2.0033951075235626e-05,1.5248432898273616,92.88656329285618,0.12870669977083293,-0.3309918727407332
2021-06-08 02:30:00,0.0,1.981747164506559e-05,1.1705012853386292,71.30164945493219,0.12870669977083293,-0.3398273650446192
2021-06-08 03:00:00,0.0,1.917414254085734e-05,1.2544049863810256,76.4126838080176,0.1294660845116075,-0.3498292909144
2021-06-08 03:30:00,0.0,1.926490497622124e-05,0.9805039681674478,59.72787138565145,0.1294660845116075,-0.3569935708415508
2021-06-08 04:00:00,0.0,1.941802761227712e-05,0.2030599382339589,12.369493921665576,0.1294660845116075,-0.3587699853472502
2021-06-08 04:30:00,0.0,1.860026889025009e-05,0.7459602687787696,45.44052899214317,0.1294660845116075,-0.3548260929833549
2021-06-08 05:00:00,0.0,1.8391316095075344e-05,0.8528916936127697,51.95430822906605,0.1294660845116075,-0.3476298853577294
2021-06-08 05:30:00,0.0,1.8213182570763337e-05,1.0651561551557516,64.88450012056755,0.1294660845116075,-0.3422214472788474
2021-06-08 06:00:00,0.0,0.0099618619387785,0.465390765581144,28.349502595744077,0.13022546925238207,-0.3446002662206099
2021-06-08 06:30:00,0.0,1.7772036934789803e-05,0.5953459357396363,36.26578436626448,0.13022546925238207,-0.3596953995549408
2021-06-08 07:00:00,0.0,1.7683537593236434e-05,0.9805039681674478,59.72787138565145,0.13098485399315662,-0.3904581654494817
2021-06-08 07:30:00,0.0,1.800649708778187e-05,1.1705012853386292,71.30164945493219,0.13098485399315662,-0.4378039069276038
2021-06-08 08:00:00,0.0,1.8243318046494744e-05,1.022872070819018,62.308744761163275,0.13098485399315662,-0.500083471139392
2021-06-08 08:30:00,0.0,1.9878321150995864e-05,1.0440245913532182,63.597260735566046,0.13098485399315662,-0.5726322184035872
2021-06-08 09:00:00,0.0,2.1971071472423815e-05,0.9380514628221234,57.1418565794052,0.13022546925238207,-0.6490654307233528
2021-06-08 09:30:00,0.0,2.4032825628468784e-05,1.710093735188101,104.17118337993298,0.13022546925238207,-0.7236612231652656
2021-06-08 10:00:00,0.0,0.0220009323260368,2.4355982431466496,148.36563985117724,0.13022546925238207,-0.7923987722337713
2021-06-08 10:30:00,0.0,0.0630802469157142,2.8867511711737146,175.8478377160397,0.13022546925238207,-0.8519148371725654
2021-06-08 11:00:00,0.0,0.053720452941333,3.442679968450164,209.7125081113737,0.12870669977083293,-0.8980080478761944
2021-06-08 11:30:00,0.0,0.0563823217363566,4.640346830440617,282.66896174971953,0.12870669977083293,-0.925836218816776
2021-06-08 12:00:00,0.0,0.0382629695228248,4.51440214449108,274.99698055604875,0.12794731503005838,-0.932502966220524
2021-06-08 12:30:00,0.0,0.1280620625942689,4.442116246609335,270.5936502770836,0.12794731503005838,-0.9201711572787712
2021-06-08 13:00:00,0.0,0.1396764394412114,4.369597216102515,266.1761186119963,0.1271879302892838,-0.8966459465585526
2021-06-08 13:30:00,0.0,0.1039110219187363,4.260377604721425,259.5229533896741,0.1271879302892838,-0.8723759870145742
2021-06-08 14:00:00,0.0,0.0526807222582344,4.424008415108138,269.4906030013057,0.1271879302892838,-0.8556188158729713
2021-06-08 14:30:00,0.0,0.0131221389132493,4.205567652260065,256.1841787415875,0.1271879302892838,-0.8487012598901298
2021-06-08 15:00:00,0.0,0.0916015294979337,4.168953027392829,253.95378123591345,0.1271879302892838,-0.8475151887516954
2021-06-08 15:30:00,0.0,0.0660663631999763,4.4602095074206565,271.6958099722712,0.1271879302892838,-0.8446928892837832
2021-06-08 16:00:00,0.0,0.0899067403492878,4.550458225465612,277.1933540915302,0.12642854554850927,-0.8347931069164275
2021-06-08 16:30:00,0.0,0.0121887494126928,4.658281638939725,283.7614692460054,0.12642854554850927,-0.8180009482610852
2021-06-08 17:00:00,0.0,3.0438899716606223e-05,4.315053868221751,262.85358431032097,0.12642854554850927,-0.7996460696091425
2021-06-08 17:30:00,0.0,2.994003747838271e-05,4.604434382594554,280.4813376954258,0.12642854554850927,-0.78607852000871
2021-06-08 18:00:00,0.0,0.0154171123808325,3.5936066965016025,218.90628242986173,0.12642854554850927,-0.7800025137597936
2021-06-08 18:30:00,0.0,0.015966006720291,3.8180883133170274,232.58068821799316,0.12642854554850927,-0.778550295513205
2021-06-08 19:00:00,0.0,0.0099074871008928,3.461602182959188,210.86516392024205,0.12642854554850927,-0.7754733040288938
2021-06-08 19:30:00,0.0,0.0520486692692652,4.819057300307502,293.5551960802427,0.12642854554850927,-0.7653083688518009
2021-06-08 20:00:00,0.0,0.0012628968870363,3.6499402311682214,222.3378668216674,0.12642854554850927,-0.7454916818794413
2021-06-08 20:30:00,0.0,0.0012456873525514,3.5936066965016025,218.90628242986173,0.12642854554850927,-0.7152743663932892
2021-06-08 21:00:00,0.0,3.036082423802096e-05,3.022232682190421,184.1007592011648,0.12642854554850927,-0.6743020178453782
2021-06-08 21:30:00,0.0,2.877237961025713e-05,2.632897829487615,160.38423916336575,0.12642854554850927,-0.6232974772110081
2021-06-08 22:00:00,0.0,2.7884535497595156e-05,2.691741459605261,163.96872722831503,0.12642854554850927,-0.5656300108629991
2021-06-08 22:30:00,0.0,0.0185938851010055,2.534471238775976,154.3885359925358,0.12642854554850927,-0.5073808531295221
2021-06-08 23:00:00,0.0,0.0155065662587969,2.0153482757325305,122.76591071346904,0.1271879302892838,-0.4554177728402312
2021-06-08 23:30:00,0.0,0.0211271290813836,1.9748961391932405,120.30174933632618,0.1271879302892838,-0.414844150129046
2021-06-09 00:00:00,0.0,0.0206525702140366,1.8796344392240292,114.49883700913418,0.12794731503005838,-0.3873788807062267
2021-06-09 00:30:00,0.0,0.0204858280673494,1.552324831998111,94.5606146680094,0.12794731503005838,-0.3714077621946353
2021-06-09 01:00:00,0.0,0.0177870544625643,1.0306968420068552,62.785394466113246,0.12870669977083293,-0.3633344662776624
2021-06-09 01:30:00,0.0,0.0108688876271841,0.3874099065767855,23.599261017568715,0.12870669977083293,-0.3591827415574989
2021-06-09 02:00:00,0.0,0.0070793442500462,0.7757155084449389,47.25308374513595,0.12870669977083293,-0.3558063360954189
2021-06-09 02:30:00,0.0,0.0100330238486146,0.5392643102478966,32.8495451431542,0.12870669977083293,-0.3515778551304644
2021-06-09 03:00:00,0.0,0.0067199664958031,0.6470689359908555,39.41651583393892,0.12870669977083293,-0.3465200040753481
2021-06-09 03:30:00,0.0,0.0065396339181426,0.4743172391641005,28.89326303262096,0.12870669977083293,-0.3420922349218223
2021-06-09 04:00:00,0.0,2.0282529430198737e-05,0.1465545813423488,8.92744289628303,0.1294660845116075,-0.3410052001835471
2021-06-09 04:30:00,0.0,2.0471065505252875e-05,0.0803865100228554,4.896782968415828,0.1294660845116075,-0.3469077691857321
2021-06-09 05:00:00,0.0,0.0055123882815248,0.560869147851146,34.165614229632794,0.1294660845116075,-0.3634698977837378
2021-06-09 05:30:00,0.0,1.963234950156774e-05,0.7757155084449389,47.25308374513595,0.1294660845116075,-0.3930554263433669
2021-06-09 06:00:00,0.0,2.0033951075235626e-05,0.9460418977260788,57.6285977693984,0.13022546925238207,-0.43575643393393
2021-06-09 06:30:00,0.0,2.0943965061442254e-05,0.9035879448160689,55.04249478405224,0.13022546925238207,-0.4892344162193344
2021-06-09 07:00:00,0.0,0.0065275091760325,0.3219941473906769,19.61442854558489,0.1294660845116075,-0.549096144238569
2021-06-09 07:30:00,0.0,0.0088250177360224,1.2408763657510655,75.58858136759432,0.1294660845116075,-0.6095596432275501
2021-06-09 08:00:00,0.0,0.0069150286526639,1.2199512147032574,74.3139157149456,0.1294660845116075,-0.6646660850645799
2021-06-09 08:30:00,0.0,0.0075610019545811,1.3867823235731112,84.4765130497914,0.1294660845116075,-0.7103395271723141
2021-06-09 09:00:00,0.0,0.0177634226453738,2.101813604419412,128.03298784807802,0.12870669977083293,-0.7466700106124894
2021-06-09 09:30:00,0.0,0.0175279422049268,2.02128504586209,123.12755192478124,0.12870669977083293,-0.7786236478095135
2021-06-09 10:00:00,0.0,0.014588450316648,2.871714982529082,174.93190104402854,0.12794731503005838,-0.813285924052171
2021-06-09 10:30:00,0.0,0.0147224114008965,2.8911033745186328,176.11295427861242,0.12794731503005838,-0.8543344248976875
2021-06-09 11:00:00,0.0,0.0499486582435848,3.7463695044137,228.2119024372318,0.12794731503005838,-0.8982040832506262
2021-06-09 11:30:00,0.0,0.1098021688381542,6.39924721878706,389.81322590978834,0.12794731503005838,-0.9361627921083916
2021-06-09 12:00:00,0.0,0.1148970885233138,6.988983266889012,425.7372812691445,0.12642854554850927,-0.9608934078734986
2021-06-09 12:30:00,0.0,0.1478125507666646,6.19931035415983,377.6339755208024,0.12642854554850927,-0.9716625510603494
2021-06-09 13:00:00,0.0,0.0238628362713138,5.657546481709403,344.63216834240916,0.12642854554850927,-0.9746827109395236
2021-06-09 13:30:00,0.0,0.0236902056697268,5.674670783078544,345.6753034065709,0.12642854554850927,-0.97995682857197
2021-06-09 14:00:00,0.0,0.1446053606639419,4.926497412504295,300.09996225283004,0.1256691608077347,-0.9960598889364172
2021-06-09 14:30:00,0.0,0.0347422811737905,4.62378041251442,281.65981042413523,0.1256691608077347,-1.0240700078258609
2021-06-09 15:00:00,0.0,0.1423604083978179,5.347101879589393,325.7212859087063,0.12490977606696012,-1.0551949796740814
2021-06-09 15:30:00,0.0,0.2051079001868171,6.232752883505854,379.67114330026936,0.12490977606696012,-1.076460165920152
2021-06-09 16:00:00,0.0,0.0251746972166624,6.5645595145528794,399.8833040130127,0.12339100658541097,-1.080531620787346
2021-06-09 16:30:00,0.0,0.096376983336444,6.794049327864701,413.86278650243474,0.12339100658541097,-1.0700873631781664
2021-06-09 17:00:00,0.0,0.1085967756655996,6.4655128371301815,393.8498279615739,0.12339100658541097,-1.053499211798011
2021-06-09 17:30:00,0.0,0.1047765074514617,6.3494239666347925,386.7782185123911,0.12339100658541097,-1.0377621182843448
2021-06-09 18:00:00,0.0,0.0921465341607792,6.613925743935414,402.8904716483109,0.12339100658541097,-1.024532198537872
2021-06-09 18:30:00,0.0,0.1030842261047488,7.150204124719102,435.5581274602693,0.12339100658541097,-1.0100485168201547
2021-06-09 19:00:00,0.0,0.0107224052891635,7.037465388215758,428.6905930364793,0.11959408288153812,-0.9877435784776534
2021-06-09 19:30:00,0.0,0.0846691216738264,6.972800354354175,424.751491359153,0.11959408288153812,-0.9523144942041564
2021-06-09 20:00:00,0.0,0.0580985108653007,6.04821906326092,368.4301767772149,0.12035346762231275,-0.9030146490099488
2021-06-09 20:30:00,0.0,0.048825915454278,4.855633403220779,295.78324700254086,0.12035346762231275,-0.843865670528071
2021-06-09 21:00:00,0.0,0.0435622342688697,4.407626310108104,268.4926791863751,0.12263162184463644,-0.7808907437039012
2021-06-09 21:30:00,0.0,3.303117294097335e-05,4.244135701766592,258.53357004984167,0.12263162184463644,-0.7189214538208775
2021-06-09 22:00:00,0.0,0.042408379361001,3.084050796310001,187.86643939146387,0.12339100658541097,-0.6604374004966844
2021-06-09 22:30:00,0.0,0.0320374575511383,3.218113298393836,196.03292126411495,0.12339100658541097,-0.6066203804228425
2021-06-09 23:00:00,0.0,0.0287580448582594,2.8328866573791633,172.56665491962067,0.12415039132618556,-0.5590291042067659
2021-06-09 23:30:00,0.0,2.7737713938562392e-05,2.9877890476919577,182.00260861925173,0.12415039132618556,-0.5204590522600783
2021-06-10 00:00:00,0.0,0.0232564769053487,2.622862084514516,159.77290692558526,0.12490977606696012,-0.4943031971627598
2021-06-10 00:30:00,0.0,0.0337276114456023,1.7026046315556136,103.7149810257589,0.12490977606696012,-0.482522846225379
2021-06-10 01:00:00,0.0,0.0225760826887939,1.373095217566754,83.64275639634573,0.12490977606696012,-0.4836839237923255
2021-06-10 01:30:00,0.0,2.5903426022643787e-05,1.4145615662808555,86.16869899651425,0.12490977606696012,-0.4930782327126598
2021-06-10 02:00:00,0.0,2.618656119674144e-05,1.4352647032604091,87.42984055528368,0.12490977606696012,-0.5051981605500389
2021-06-10 02:30:00,0.0,2.5903426022643787e-05,1.2273274914070786,74.76324516242782,0.12490977606696012,-0.5164324701171333
2021-06-10 03:00:00,0.0,2.586853706785997e-05,0.7839573114676033,47.7551371451274,0.12490977606696012,-0.5257252830588561
2021-06-10 03:30:00,0.0,2.6902582937193505e-05,0.8478636954515701,51.64802529982845,0.12490977606696012,-0.5330761115590555
2021-06-10 04:00:00,0.0,2.740935055048091e-05,1.3938384192714008,84.90633851713751,0.1256691608077347,-0.5379856251175926
2021-06-10 04:30:00,0.0,2.5657134418759616e-05,0.7626124164967619,46.45490258927813,0.1256691608077347,-0.5397443330876213
2021-06-10 05:00:00,0.0,2.6902582937193505e-05,1.824880755553291,111.16349000152474,0.12490977606696012,-0.5387488752927581
2021-06-10 05:30:00,0.0,2.579746768048764e-05,0.8052807901959956,49.054067120254835,0.12490977606696012,-0.5365640583408701
2021-06-10 06:00:00,0.0,2.5657134418759616e-05,0.7198581803071283,43.85050770335136,0.1256691608077347,-0.534361721167987
2021-06-10 06:30:00,0.0,2.579746768048764e-05,0.4615072456589048,28.112936109559794,0.1256691608077347,-0.5318958406040724
2021-06-10 07:00:00,0.0,2.600969466871188e-05,0.869123219829961,52.94305946492812,0.1256691608077347,-0.5287696704721594
2021-06-10 07:30:00,0.0,2.7046281764451948e-05,1.2899209653572816,78.57615677018623,0.1256691608077347,-0.5270181633779525
2021-06-10 08:00:00,0.0,2.562248294754593e-05,-0.4458504331145774,-27.159193833835385,0.1256691608077347,-0.5324506666916035
2021-06-10 08:30:00,0.0,2.5376732589395176e-05,1.248212338972903,76.03545570906323,0.1256691608077347,-0.5533965131752081
2021-06-10 09:00:00,0.0,0.0045026211374289,1.5590657974912447,94.97124382715648,0.1256691608077347,-0.5973903098504905
2021-06-10 09:30:00,0.0,0.0046511045109022,2.3667209643158085,144.169947243129,0.1256691608077347,-0.6672274873218488
2021-06-10 10:00:00,0.0,0.0204352554889821,2.876032586201826,175.19490995090922,0.12490977606696012,-0.7579606591601993
2021-06-10 10:30:00,0.0,0.0221057561638402,3.767765823443853,229.5152695144174,0.12490977606696012,-0.8562921330607165
2021-06-10 11:00:00,0.0,0.0463419624377283,4.909660979561194,299.0743628324645,0.12415039132618556,-0.9434618097160952
2021-06-10 11:30:00,0.0,0.0507267715405723,5.9630393409050475,363.2414129713471,0.12415039132618556,-1.0017936130157334
2021-06-10 12:00:00,0.0,0.1257658943574507,6.4639327459043825,393.7535759436566,0.12339100658541097,-1.0224252562593308
2021-06-10 12:30:00,0.0,0.1502328292596502,6.364614496018591,387.70355692485185,0.12339100658541097,-1.0087431283135004
2021-06-10 13:00:00,0.0,0.1364640707691462,6.298166094433148,383.6558205438404,0.11599999999999999,-0.972244643176003
2021-06-10 13:30:00,0.0,0.0366035893748387,5.878493558807441,358.0912659415874,0.11599999999999999,-0.925242772488824
2021-06-10 14:00:00,0.0,0.1044792759009119,4.209655124152986,256.43316906027957,0.11599999999999999,-0.8776867941676474
2021-06-10 14:30:00,0.0,0.0739363067471152,3.6372124169468103,221.56254588925168,0.11599999999999999,-0.838452164266423
2021-06-10 15:00:00,0.0,0.0041702881205326,2.701073349129331,164.53718377247412,0.11599999999999999,-0.8152912119062419
2021-06-10 15:30:00,0.0,0.0041596115388299,2.817868081757102,171.65179115336105,0.11599999999999999,-0.8113885681434255
2021-06-10 16:00:00,0.0,0.0391436049992375,2.817868081757102,171.65179115336105,0.11599999999999999,-0.8229979738913614
2021-06-10 16:30:00,0.0,0.0799719178170422,3.505886186942169,213.562745347965,0.11599999999999999,-0.8421848355906719
2021-06-10 17:00:00,0.0,0.0817809207225333,3.505886186942169,213.562745347965,0.11533333333333333,-0.8624336810802201
2021-06-10 17:30:00,0.0,0.0188481964098193,4.3550320150010915,265.2888723729852,0.11533333333333333,-0.8812002162125973
2021-06-10 18:00:00,0.0,0.0605608460890404,4.282461377645026,260.86819705182467,0.11499999999999999,-0.8971976860222259
2021-06-10 18:30:00,0.0,0.0227179697093151,4.607199673233268,280.64978670631734,0.11499999999999999,-0.906768474070051
2021-06-10 19:00:00,0.0,0.0388006275458364,4.962619468306459,302.300354676707,0.11366666666666665,-0.9039994661541092
2021-06-10 19:30:00,0.0,0.0457144768107701,5.5371716330566905,337.2994764698469,0.11366666666666665,-0.8836889257367928
2021-06-10 20:00:00,0.0,3.18386857926341e-05,4.927327554517,300.1505307532915,0.11266666666666665,-0.8434407676575406
2021-06-10 20:30:00,0.0,3.1798421662995925e-05,4.173163071021863,254.21023807093567,0.11266666666666665,-0.7839943514019625
2021-06-10 21:00:00,0.0,2.9333912043817993e-05,4.008208034692196,244.16192259830393,0.11299999999999999,-0.7094646624188049
2021-06-10 21:30:00,0.0,2.854897244395146e-05,2.914723331702102,177.55177534470724,0.11299999999999999,-0.6277375118186961
2021-06-10 22:00:00,0.0,2.668662221553466e-05,2.0673740810109065,125.93508769518944,0.11399999999999999,-0.5494380601336586
2021-06-10 22:30:00,0.0,0.013061071026163,2.8372734153986583,172.83387639683517,0.11399999999999999,-0.4851821510118139
2021-06-10 23:00:00,0.0,0.0137060035036316,2.895386494418618,176.3738625898697,0.11466666666666665,-0.4430685512410267
2021-06-10 23:30:00,0.0,0.0146366177682088,1.8654858431918095,113.63696846853117,0.11466666666666665,-0.4275846408461348
2021-06-11 00:00:00,0.0,0.0266788903808173,2.0931355835899,127.50436203032042,0.11533333333333333,-0.4384509748265882
2021-06-11 00:30:00,0.0,0.0156294772298628,1.83104408403777,111.53893212412672,0.11533333333333333,-0.468633913564824
2021-06-11 01:00:00,0.0,0.0580919156611327,2.1131655315211173,128.72449595403415,0.11533333333333333,-0.5047284013151263
2021-06-11 01:30:00,0.0,0.0245281778910674,2.4114162413127636,146.89258156454798,0.11533333333333333,-0.5326161932519436
2021-06-11 02:00:00,0.0,0.0341170493689052,2.976709220685441,181.32767562162468,0.11566666666666665,-0.5445616399657086
2021-06-11 02:30:00,0.0,0.0297493105081224,1.729386285826167,105.34639839243846,0.11566666666666665,-0.5413767276147089
2021-06-11 03:00:00,0.0,2.451114486718893e-05,1.6067601200519637,97.87656645329186,0.11566666666666665,-0.5293853056812063
2021-06-11 03:30:00,0.0,0.0253323260643463,1.483430548435249,90.3638862085214,0.11566666666666665,-0.5163952257886765
2021-06-11 04:00:00,0.0,0.0210247203826967,2.5884227391129273,157.67501761607377,0.11599999999999999,-0.5083509435282166
2021-06-11 04:30:00,0.0,0.0542381738647192,1.3178806741175442,80.27933589340222,0.11599999999999999,-0.5070270085356292
2021-06-11 05:00:00,0.0,0.0427931506919415,1.6681605488042892,101.61680313830692,0.11599999999999999,-0.5113809945705708
2021-06-11 05:30:00,0.0,2.26589022265558e-05,0.9617748822413278,58.586980097412344,0.11599999999999999,-0.52251190382619
2021-06-11 06:00:00,0.0,2.0595910230385048e-05,1.151040808495197,70.11620513676145,0.11666666666666665,-0.5458202051441089
2021-06-11 06:30:00,0.0,2.2036792762271363e-05,1.1719671312799371,71.39094216632964,0.11666666666666665,-0.5861260665553206
2021-06-11 07:00:00,0.0,0.0573259468418669,1.3801118115983126,84.07017560064078,0.11633333333333333,-0.6414972854656922
2021-06-11 07:30:00,0.0,0.0372456362968402,2.213038499310044,134.80830588103447,0.11633333333333333,-0.7038887668906275
2021-06-11 08:00:00,0.0,0.0775197366596699,2.647107033542611,161.2497996708622,0.11633333333333333,-0.7659236459485776
2021-06-11 08:30:00,0.0,0.0973678544450425,3.320388635719602,202.2630726883204,0.11633333333333333,-0.8262284687429567
2021-06-11 09:00:00,0.0,0.1134832388894995,3.973737383173347,242.06212626158393,0.11599999999999999,-0.888808814984589
2021-06-11 09:30:00,0.0,0.1041358080037771,5.433740611494973,330.9989259838852,0.11599999999999999,-0.9583801561727382
2021-06-11 10:00:00,0.0,0.1413488650673239,6.180222116973789,376.4712063606149,0.11566666666666665,-1.0356756980744233
2021-06-11 10:30:00,0.0,0.21022297678249,7.240875855712886,441.08143961700927,0.11566666666666665,-1.1152976428178107
2021-06-11 11:00:00,0.0,0.2781522374918859,7.90170978279585,481.3364565118982,0.11533333333333333,-1.187132864851073
2021-06-11 11:30:00,0.0,0.3348004077670825,7.855109689201956,478.4977893702063,0.11533333333333333,-1.2411063536499314
2021-06-11 12:00:00,0.0,0.3160262678095664,7.683461847013816,468.0417784057642,0.11466666666666665,-1.2723553240191383
2021-06-11 12:30:00,0.0,0.2584487907473304,7.208944331388487,439.1363154360638,0.11466666666666665,-1.2830978301391207
2021-06-11 13:00:00,0.0,0.2112106284771568,7.761636438727577,472.8038213052254,0.11399999999999999,-1.2799820860276525
2021-06-11 13:30:00,0.0,0.2312153207989243,7.240875855712886,441.08143961700927,0.11399999999999999,-1.2689420192922465
2021-06-11 14:00:00,0.0,0.2549172794835139,7.3046099298385725,444.9638314337169,0.11266666666666665,-1.251338958445264
2021-06-11 14:30:00,0.0,0.3963255456775403,8.830215340090817,537.8968196592562,0.11266666666666665,-1.2254649569937888
2021-06-11 15:00:00,0.0,0.2797969837849234,7.25682546939086,442.053018014789,0.11133333333333334,-1.192467595950764
2021-06-11 15:30:00,0.0,0.2628441195417904,6.903420683477497,420.5251952977042,0.11133333333333334,-1.1585232845166238
2021-06-11 16:00:00,0.0,0.1342822820749969,7.096842996179382,432.30760861905503,0.11133333333333334,-1.1288254760512075
2021-06-11 16:30:00,0.0,0.2303210804646975,6.789851997119187,413.6071040788341,0.11133333333333334,-1.1018950051361018
2021-06-11 17:00:00,0.0,0.164289335159365,7.1929623850294835,438.1627674774492,0.11033333333333334,-1.073035420864224
2021-06-11 17:30:00,0.0,0.2048554393577011,5.911563356689659,360.1057286044466,0.11033333333333334,-1.0410473845668122
2021-06-11 18:00:00,0.0,0.1617636189945685,5.673894038318238,345.627987625453,0.11033333333333334,-1.007992632959269
2021-06-11 18:30:00,0.0,0.0983542585349414,5.485414330083874,334.1466554353678,0.11033333333333334,-0.9741775241367384
2021-06-11 19:00:00,0.0,0.0542675269472854,4.751099278071807,289.41550043035863,0.11033333333333334,-0.9371758078269466
2021-06-11 19:30:00,0.0,0.114646294421376,5.536971707369388,337.2872979003301,0.11033333333333334,-0.8958360548830597
2021-06-11 20:00:00,0.0,0.0888520325700454,4.247979061591417,258.7676901643527,0.11066666666666668,-0.8528624209089853
2021-06-11 20:30:00,0.0,3.1640917004144014e-05,3.5653133433475737,217.18277919773195,0.11066666666666668,-0.8129187420885806
2021-06-11 21:00:00,0.0,0.0447335868888519,3.225458945606621,196.480384901401,0.111,-0.7793018808354326
2021-06-11 21:30:00,0.0,0.049473791850481,2.7640047769495424,168.37068200296684,0.111,-0.7527764571749264
2021-06-11 22:00:00,0.0,0.0527329512201766,2.860944638296694,174.27582033861992,0.11133333333333334,-0.7324782026400266
2021-06-11 22:30:00,0.0,0.0512662546763641,2.7445651743704955,167.1865092506632,0.11133333333333334,-0.7170731644470554
2021-06-11 23:00:00,0.0,0.0788685843525097,2.1131655315211173,128.72449595403415,0.111,-0.7051290723478811
2021-06-11 23:30:00,0.0,0.0512575205766707,2.0931355835899,127.50436203032042,0.111,-0.6950311965669713
2021-06-12 00:00:00,0.0,0.079520928171351,1.5107369074542325,92.02726621762476,0.11133333333333334,-0.6852138646036022
2021-06-12 00:30:00,0.0,0.0784324403458528,1.116584116842569,68.01725917201472,0.11133333333333334,-0.6747746357336052
2021-06-12 01:00:00,0.0,0.050379970826033,1.3870494631720116,84.49278598710032,0.111,-0.6636451990636967
2021-06-12 01:30:00,0.0,0.0491344407242992,0.8214298856197929,50.0377970446425,0.111,-0.6518241634053776
2021-06-12 02:00:00,0.0,0.0498519449666207,1.0956366504103796,66.74123416698038,0.111,-0.6387262331422741
2021-06-12 02:30:00,0.0,0.0661463483048581,1.116584116842569,68.01725917201472,0.111,-0.6238769083119345
2021-06-12 03:00:00,0.0,0.0465477566064834,1.22101439472108,74.37867983770889,0.111,-0.6082017896593778
2021-06-12 03:30:00,0.0,2.85863723630622e-05,0.9695180772233092,59.05866054849934,0.111,-0.593881083124404
2021-06-12 04:00:00,0.0,0.058133508233383,0.8638460503643856,52.621598145695245,0.11133333333333334,-0.5823645528524634
2021-06-12 04:30:00,0.0,0.0464070903171104,0.7363428240411782,44.854677714642406,0.11133333333333334,-0.5730769252152769
2021-06-12 05:00:00,0.0,0.0439119924083031,0.9273121785023604,56.487667903531126,0.111,-0.5652293215762119
2021-06-12 05:30:00,0.0,0.0354390011925205,0.9484255814006058,57.773801008302485,0.111,-0.5610893655992688
2021-06-12 06:00:00,0.0,2.6759424810277215e-05,1.3663653475644857,83.23280312436776,0.11133333333333334,-0.566502138967375
2021-06-12 06:30:00,0.0,2.929735908506126e-05,1.3456612449266934,81.9716027420617,0.11133333333333334,-0.5875897567674639
2021-06-12 07:00:00,0.0,3.00173708846954e-05,1.8168763209094856,110.67589601063692,0.11133333333333334,-0.6269598666682228
2021-06-12 07:30:00,0.0,2.8659775033925233e-05,2.4361396269152795,148.39861850414837,0.11133333333333334,-0.6824559050074741
2021-06-12 08:00:00,0.0,0.0104461235991139,3.6243399944682984,220.7784160752181,0.111,-0.7483520531343067
2021-06-12 08:30:00,0.0,0.0730176094920122,4.875946643514589,297.0206378169423,0.111,-0.8178039316401254
2021-06-12 09:00:00,0.0,0.0818388916814142,5.295498173812137,322.57782132136003,0.11066666666666668,-0.8855555377132839
2021-06-12 09:30:00,0.0,0.0833153492387143,5.7923811602674435,352.84568771683047,0.11066666666666668,-0.9493324142860818
2021-06-12 10:00:00,0.0,0.0905564380421966,6.88491412406678,419.3978593193093,0.11099999999999999,-1.0088427265107265
2021-06-12 10:30:00,0.0,0.0929724918888728,7.333436095231284,446.71979117994334,0.11099999999999999,-1.0631859817914358
2021-06-12 11:00:00,0.0,0.2139517916017161,6.771435986538258,412.4852839260097,0.11066666666666665,-1.108977506992154
2021-06-12 11:30:00,0.0,0.2130606985154287,7.301679638428307,444.78533132136954,0.11066666666666665,-1.1419548821710872
2021-06-12 12:00:00,0.0,0.2704635472715616,7.789199042344421,474.4828105774029,0.11,-1.1626294535605917
2021-06-12 12:30:00,0.0,0.2179751184686365,6.212284359302881,378.4242932917639,0.11,-1.179859481318125
2021-06-12 13:00:00,0.0,0.2403039497102455,6.917235997881457,421.366761827429,0.10966666666666668,-1.204100123411388
2021-06-12 13:30:00,0.0,0.2842449717007198,7.46003838491726,454.4318306218904,0.10966666666666668,-1.2345437876004166
2021-06-12 14:00:00,0.0,0.4331619992298181,8.006147080473545,487.69830479204006,0.10833333333333334,-1.2567357211940056
2021-06-12 14:30:00,0.0,0.3894539600163649,7.158245959552567,436.0479997017203,0.10833333333333334,-1.2573842583003665
2021-06-12 15:00:00,0.0,0.1926786183133632,6.836347792302347,416.4394178326109,0.107,-1.2403074456084124
2021-06-12 15:30:00,0.0,0.1991851360014324,6.787680783686693,413.4748435670392,0.107,-1.2242678615455118
2021-06-12 16:00:00,0.0,0.2004757698386541,6.311938300043198,384.494761080625,0.10733333333333334,-1.225259596100983
2021-06-12 16:30:00,0.0,0.3143534187926524,6.94951350166287,423.332961513606,0.10733333333333334,-1.2427638319142222
2021-06-12 17:00:00,0.0,0.3311789890049222,7.773627274256459,473.53424882569135,0.106,-1.2618933234959
2021-06-12 17:30:00,0.0,0.3513172317143759,8.052381762404142,490.5147127062971,0.106,-1.2661455741221002
2021-06-12 18:00:00,0.0,0.4364092661558413,8.083155544346893,492.38931245255,0.10433333333333333,-1.2484058419598536
2021-06-12 18:30:00,0.0,0.431491486828891,7.9907157213562865,486.75829612039337,0.10433333333333333,-1.2124800001352702
2021-06-12 19:00:00,0.0,0.4465657562138095,6.933380286712029,422.3501989558757,0.10233333333333333,-1.1661742280530496
2021-06-12 19:30:00,0.0,0.3851066374883272,7.365150059162544,448.65166256477386,0.10233333333333333,-1.1136363878486208
2021-06-12 20:00:00,0.0,0.2229641400035866,7.062137491763553,430.19350610502136,0.10133333333333333,-1.0537675825079755
2021-06-12 20:30:00,0.0,0.2925381404770486,6.820136667597594,415.4519093647034,0.10133333333333333,-0.9839157272159296
2021-06-12 21:00:00,0.0,0.0814273767414983,5.260829415067492,320.46595718758147,0.10266666666666667,-0.9036917516491876
2021-06-12 21:30:00,0.0,0.0771025888970208,4.627575069994941,281.89096381189023,0.10266666666666667,-0.8164622793421874
2021-06-12 22:00:00,0.0,0.0579348293688199,4.104209643649426,250.00990683780657,0.104,-0.7290699268161085
2021-06-12 22:30:00,0.0,0.0795490897030421,3.380460183655694,205.9223599584879,0.104,-0.6501187275666389
2021-06-12 23:00:00,0.0,0.0730793411260923,2.297843710086126,139.97425613367218,0.105,-0.586949632859901
2021-06-12 23:30:00,0.0,0.0432019125797883,2.178599562737833,132.71044147556137,0.105,-0.5428747480484793
2021-06-13 00:00:00,0.0,0.0404560075262233,0.2712195478837369,16.52146936595354,0.105,-0.5163790944509837
2021-06-13 00:30:00,0.0,0.0381356563294893,1.4351384249055223,87.42214824848601,0.105,-0.5025052916973538
2021-06-13 01:00:00,0.0,2.6795163676127593e-05,0.6164390662107327,37.55068256637381,0.10566666666666667,-0.4953612833233204
2021-06-13 01:30:00,0.0,2.6401061362963146e-05,1.8431439249497443,112.27599975999564,0.10566666666666667,-0.4904671035598421
2021-06-13 02:00:00,0.0,2.5272322163303384e-05,0.8505570738373986,51.81209374120591,0.106,-0.4859204139484194
2021-06-13 02:30:00,0.0,0.0287391471597115,0.5306606866478304,32.3254512684545,0.106,-0.4818164178722797
2021-06-13 03:00:00,0.0,2.468334191378207e-05,0.4445334855296777,27.07897133752102,0.10633333333333334,-0.4784396185781171
2021-06-13 03:30:00,0.0,2.4442777673205428e-05,1.1657138546250256,71.0100208076109,0.10633333333333334,-0.4751701357546872
2021-06-13 04:00:00,0.0,2.4305123741553115e-05,0.8505570738373986,51.81209374120591,0.10633333333333334,-0.4712874569230044
2021-06-13 04:30:00,0.0,2.3795567379061236e-05,1.269740443244136,77.34685054767085,0.10633333333333334,-0.4674484772698147
2021-06-13 05:00:00,0.0,2.386261680441744e-05,0.4013380609567293,24.447701248768997,0.10633333333333334,-0.4659649961291364
2021-06-13 05:30:00,0.0,2.3390961103196077e-05,0.1621713700507827,9.87874710077039,0.10633333333333334,-0.4696876634040762
2021-06-13 06:00:00,0.0,2.3390961103196077e-05,0.2712195478837369,16.52146936595354,0.10666666666666667,-0.4807564473607295
2021-06-13 06:30:00,0.0,0.021992160140574,0.6378295351713569,38.85369328375699,0.10666666666666667,-0.5006148815539587
2021-06-13 07:00:00,0.0,2.4032825628468784e-05,1.269740443244136,77.34685054767085,0.107,-0.5314905495026271
2021-06-13 07:30:00,0.0,2.376143814251221e-05,1.4557237133250676,88.6761110054722,0.107,-0.5773641324388088
2021-06-13 08:00:00,0.0,0.0190148807274393,1.4762892685629017,89.92887170619186,0.107,-0.6423181023319029
2021-06-13 08:30:00,0.0,0.0220110405615609,1.9439492204626856,118.41660287926962,0.107,-0.7275647678249126
2021-06-13 09:00:00,0.0,3.311050171962025e-05,3.477659700266533,211.8433153195663,0.10666666666666667,-0.8301852334571087
2021-06-13 09:30:00,0.0,3.511241543644672e-05,4.305846479465251,262.29271179037215,0.10666666666666667,-0.943390477477407
2021-06-13 10:00:00,0.0,0.0121672940231444,5.7578024387965625,350.739308246941,0.10666666666666667,-1.056197973305163
2021-06-13 10:30:00,0.0,0.0142698349713443,7.441066497061788,453.2761489372028,0.10666666666666667,-1.1543307364211863
2021-06-13 11:00:00,0.0,0.0531743334420942,7.155479270547298,435.87946550865666,0.106,-1.2263161093806918
2021-06-13 11:30:00,0.0,0.0535115806657785,6.524573364049567,397.4475283996484,0.106,-1.2718954829524924
2021-06-13 12:00:00,0.0,0.0484611376295495,5.774744625362349,351.77134970015845,0.10533333333333333,-1.303496737357167
2021-06-13 12:30:00,0.0,0.0506560783858207,7.441066497061788,453.2761489372028,0.10533333333333333,-1.337208292853692
2021-06-13 13:00:00,0.0,0.3558277962224997,7.488331770250109,456.15533581420846,0.10466666666666667,-1.380987505427377
2021-06-13 13:30:00,0.0,0.4445944196606521,7.925011964065469,482.7559201051748,0.10466666666666667,-1.4303127016957498
2021-06-13 14:00:00,0.0,0.7329747713658811,8.369057101848298,509.8051435045312,0.103,-1.4738598976146084
2021-06-13 14:30:00,0.0,0.657196848287619,7.266950600941736,442.6697952789992,0.103,-1.503321934478404
2021-06-13 15:00:00,0.0,0.7302622578806872,7.566899030094174,460.9412982819177,0.10133333333333333,-1.518308845700589
2021-06-13 15:30:00,0.0,0.7618966685044192,8.262620504634839,503.3215069303993,0.10133333333333333,-1.5221782796881635
2021-06-13 16:00:00,0.0,0.7498421158758031,7.629566676499793,464.75872814051576,0.09899999999999999,-1.5148165181805135
2021-06-13 16:30:00,0.0,0.6785753519659623,7.676459519125008,467.61522823042475,0.09899999999999999,-1.4917887070831726
2021-06-13 17:00:00,0.0,0.7577597193620262,7.785519210181935,474.2586518291904,0.09733333333333333,-1.450401380423468
2021-06-13 17:30:00,0.0,0.7899086015685174,7.878604606067593,479.9289935451268,0.09733333333333333,-1.394412907026256
2021-06-13 18:00:00,0.0,0.5961639097744491,7.5982534596671805,462.8512684581803,0.09566666666666668,-1.331866241951618
2021-06-13 18:30:00,0.0,0.4759779711278151,7.187381889852152,437.8228289264173,0.09566666666666668,-1.2689393700118057
2021-06-13 19:00:00,0.0,0.4060384162662451,6.475330966459544,394.4479040376227,0.09400000000000001,-1.205916992633797
2021-06-13 19:30:00,0.0,0.2409125443390172,6.360025850878557,387.42403739647034,0.09400000000000001,-1.1381430593883952
2021-06-13 20:00:00,0.0,0.18662955330649,5.48501456664037,334.12230365269943,0.09333333333333334,-1.0605648823967586
2021-06-13 20:30:00,0.0,0.0101076641035628,6.0943036706183165,371.2374428265765,0.09333333333333334,-0.9725008954504668
2021-06-13 21:00:00,0.0,0.147358276307004,4.947042768039814,301.35149247895595,0.09366666666666668,-0.8795351424060401
2021-06-13 21:30:00,0.0,0.1378733802036891,3.757159282016691,228.86916693576893,0.09366666666666668,-0.7911878252851947
2021-06-13 22:00:00,0.0,0.1241382767050682,2.850019436088058,173.61030638501583,0.09533333333333334,-0.7161567465435759
2021-06-13 22:30:00,0.0,0.1164335282753848,2.223729625233127,135.45956096498398,0.09533333333333334,-0.6588951929516356
2021-06-13 23:00:00,0.0,0.109575940367156,2.1640801553808933,131.82598478454767,0.09666666666666668,-0.6194054936846384
2021-06-13 23:30:00,0.0,0.1032017283634609,1.3112098377048298,79.87297868095973,0.09666666666666668,-0.5949848926248156
2021-06-14 00:00:00,0.0,0.0621176450927587,1.2923672667797077,78.72517439935737,0.09733333333333334,-0.5819314265262711
2021-06-14 00:30:00,0.0,0.0592494976152741,1.1463108154535195,69.82807533288482,0.09733333333333334,-0.5764762829770999
2021-06-14 01:00:00,0.0,0.0551580955751757,0.8723830005805842,53.14163057910988,0.09733333333333334,-0.5751202435866726
2021-06-14 01:30:00,0.0,0.0838190983815204,0.6806543267448989,41.46238608487071,0.09733333333333334,-0.5747311567565462
2021-06-14 02:00:00,0.0,3.74774208217219e-05,0.8086654271792357,49.26024391197136,0.09800000000000002,-0.572693432641678
2021-06-14 02:30:00,0.0,3.679314618140097e-05,0.1168216084746351,7.116244536040812,0.09800000000000002,-0.5671060007346659
2021-06-14 03:00:00,0.0,3.6199227353575145e-05,0.3137013536328907,19.109269020408753,0.09800000000000002,-0.5568988536413354
2021-06-14 03:30:00,0.0,3.67506449348709e-05,0.7873837360277989,47.963859447217104,0.09800000000000002,-0.5421617196242737
2021-06-14 04:00:00,0.0,0.0573079886497666,0.8299258358705058,50.555331945415915,0.09800000000000002,-0.5247226437701893
2021-06-14 04:30:00,0.0,0.0402257174012546,0.594882684909121,36.23756521884376,0.09800000000000002,-0.5080653982110643
2021-06-14 05:00:00,0.0,0.0406166102718311,-0.1263358732786952,-7.695810558203902,0.09833333333333334,-0.4960532978268593
2021-06-14 05:30:00,0.0,0.0475503440436963,0.7020431667193746,42.76529757177822,0.09833333333333334,-0.4914372726985318
2021-06-14 06:00:00,0.0,0.0366058851333557,1.1881431510068428,72.37631219760662,0.09900000000000002,-0.4951771712738517
2021-06-14 06:30:00,0.0,0.0418629405916517,1.0413700252462763,63.43555656284714,0.09900000000000002,-0.5066395022890847
2021-06-14 07:00:00,0.0,0.0397946297077885,1.0413700252462763,63.43555656284714,0.09900000000000002,-0.5247109482658833
2021-06-14 07:30:00,0.0,0.0236689112916385,1.250738544312294,76.18934072381425,0.09900000000000002,-0.549571855803683
2021-06-14 08:00:00,0.0,0.0227016408721795,1.3753826481204694,83.7820963300446,0.09900000000000002,-0.5837054486870442
2021-06-14 08:30:00,0.0,3.449201241240149e-05,1.5610002607385562,95.08908258741326,0.09900000000000002,-0.6311921378516433
2021-06-14 09:00:00,0.0,3.838583573054792e-05,2.446147920157883,149.00827850654625,0.09900000000000002,-0.6965350796189448
2021-06-14 09:30:00,0.0,4.001536470236865e-05,3.391310137311164,206.58329011023977,0.09900000000000002,-0.7838437982742227
2021-06-14 10:00:00,0.0,4.320531800140154e-05,5.186298736909549,315.92588503711085,0.09900000000000002,-0.894909463594701
2021-06-14 10:30:00,0.0,4.9193106149863064e-05,6.308639066699938,384.29378669276423,0.09900000000000002,-1.0255474535469742
2021-06-14 11:00:00,0.0,0.3557246555946716,6.785092161547655,413.31715640288064,0.09900000000000002,-1.1629603985496255
2021-06-14 11:30:00,0.0,0.2867033004343551,7.011680114139975,427.1198706491742,0.09900000000000002,-1.287316769325446
2021-06-14 12:00:00,0.0,0.4930078087872276,6.898659179706839,420.2351460025977,0.09800000000000002,-1.378507280955575
2021-06-14 12:30:00,0.0,0.6227621533003657,7.442617940517294,453.3706558623973,0.09800000000000002,-1.4261178020047804
2021-06-14 13:00:00,0.0,0.6545486996380163,7.124161347277412,433.9717191314283,0.09700000000000002,-1.4356480315590578
2021-06-14 13:30:00,0.0,0.7685456883711239,7.140186404682795,434.94789322019335,0.09700000000000002,-1.4233199130667364
2021-06-14 14:00:00,0.0,0.8136628158339705,6.882468903931567,419.2489075572694,0.09533333333333334,-1.4030637975152755
2021-06-14 14:30:00,0.0,0.9162515621640376,6.947163215711755,423.1897927131062,0.09533333333333334,-1.3796379982250937
2021-06-14 15:00:00,0.0,0.6603091120660564,6.85005484402425,417.27438948892393,0.09433333333333334,-1.3535264818457164
2021-06-14 15:30:00,0.0,0.5194651312179626,6.325231583454664,385.3045278410563,0.09433333333333334,-1.327727292594195
2021-06-14 16:00:00,0.0,0.5865838130604074,5.5322275096608085,336.9983028123288,0.09366666666666668,-1.3075306746780757
2021-06-14 16:30:00,0.0,0.5937982904806032,6.589116594091786,401.37921033866314,0.09366666666666668,-1.2972072748006966
2021-06-14 17:00:00,0.0,0.3011514227733113,5.23852336486295,319.10717339782406,0.09300000000000001,-1.2995733648481684
2021-06-14 17:30:00,0.0,0.2660652260822556,6.308639066699938,384.29378669276423,0.09300000000000001,-1.3160955066016546
2021-06-14 18:00:00,0.0,0.7193980345755158,6.5234247599444934,397.37756062747405,0.09166666666666667,-1.3445474095863192
2021-06-14 18:30:00,0.0,0.752713953035979,6.308639066699938,384.29378669276423,0.09166666666666667,-1.3775996116706672
2021-06-14 19:00:00,0.0,0.6774282119065336,6.3418122688186065,386.3145482744814,0.09066666666666667,-1.4057912661763732
2021-06-14 19:30:00,0.0,0.502575892795074,5.771306082977736,351.561889234959,0.09066666666666667,-1.4222745392777365
2021-06-14 20:00:00,0.0,0.0817343183581407,4.442242442226624,270.6013375438807,0.09033333333333333,-1.4248518359719171
2021-06-14 20:30:00,0.0,5.736617199207865e-05,4.370083873233013,266.20576356545183,0.09033333333333333,-1.4143839540603054
2021-06-14 21:00:00,0.0,5.313657848150259e-05,4.657340197111082,283.7041208636594,0.09000000000000001,-1.3920377351927764
2021-06-14 21:30:00,0.0,5.137288194344144e-05,2.875553213626614,175.16570873964685,0.09000000000000001,-1.3582675638662605
2021-06-14 22:00:00,0.0,0.065698418107342,2.2083108914584884,134.52032137216273,0.09133333333333334,-1.3141368086866134
2021-06-14 22:30:00,0.0,0.0609455283110592,1.967837246610774,119.8717534954336,0.09133333333333334,-1.2629863262183096
2021-06-14 23:00:00,0.0,0.0555621596156534,2.6228354377334857,159.77128372408697,0.09200000000000001,-1.2102365218958306
2021-06-14 23:30:00,0.0,4.390465078696816e-05,1.9879790858424,121.09870333159331,0.09200000000000001,-1.1612214875937903
2021-06-15 00:00:00,0.0,4.218798386732919e-05,0.7182871182192092,43.754805699715945,0.09233333333333334,-1.1188318148717662
2021-06-15 00:30:00,0.0,4.191285371403597e-05,1.905580764214269,116.07936989044804,0.09233333333333334,-1.0828357713399823
2021-06-15 01:00:00,0.0,4.068718853140495e-05,0.653930408477207,39.8344857346084,0.09266666666666667,-1.051089882316475
2021-06-15 01:30:00,0.0,0.0475364516723975,1.3305718123056514,81.05242268758779,0.09266666666666667,-1.0214365633883464
2021-06-15 02:00:00,0.0,0.0822927247731513,0.589377873495107,35.90223698070006,0.09333333333333334,-0.9931066131153312
2021-06-15 02:30:00,0.0,0.1224704655657215,1.0582709380430482,64.46508380454954,0.09333333333333334,-0.9671083055884048
2021-06-15 03:00:00,0.0,0.1156377069220147,1.2053253856414292,73.42297629453091,0.09300000000000001,-0.9454257555123636
2021-06-15 03:30:00,0.0,0.06120794933248,0.7182871182192092,43.754805699715945,0.09300000000000001,-0.9293836586475662
2021-06-15 04:00:00,0.0,0.0604223052283422,1.3305718123056514,81.05242268758779,0.09300000000000001,-0.918359699165112
2021-06-15 04:30:00,0.0,0.0865036073385424,0.5678166090483051,34.58882217402926,0.09300000000000001,-0.9098070646838826
2021-06-15 05:00:00,0.0,0.0527475469600668,0.1759081811754212,10.71553156543181,0.09300000000000001,-0.9004988014881776
2021-06-15 05:30:00,0.0,0.0466797182624971,1.1843794885905363,72.147046889114,0.09300000000000001,-0.8884879597598899
2021-06-15 06:00:00,0.0,0.0696791886954847,1.0582709380430482,64.46508380454954,0.09333333333333334,-0.8750672788538452
2021-06-15 06:30:00,0.0,0.0539181326153635,2.247359165202361,136.8989657710882,0.09333333333333334,-0.8651962388729109
2021-06-15 07:00:00,0.0,0.059395286929613,2.895854011261196,176.40234160346952,0.09300000000000001,-0.8649221009340545
2021-06-15 07:30:00,0.0,0.1219988376857687,3.393603016219704,206.72296193309643,0.09300000000000001,-0.8768515488367868
2021-06-15 08:00:00,0.0,0.0501636687031121,2.720893709431735,165.74455056485112,0.09300000000000001,-0.8973756646616909
2021-06-15 08:30:00,3.8,0.0148673837701756,2.1473947888292964,130.80958764616705,0.09300000000000001,-0.9182908305265706
2021-06-15 09:00:00,1.0,3.511241543644672e-05,1.0160686131737136,61.894308862473395,0.17933333333333334,-0.9313015991443928
2021-06-15 09:30:00,1.2,3.490481344560323e-05,1.0371802144884583,63.18033222291827,0.17933333333333334,-0.9314572008122216
2021-06-15 10:00:00,1.0,0.0076104115122054,1.1424259998598825,69.5914299202534,0.253,-0.9171693528992128
2021-06-15 10:30:00,0.2,0.0125124194938147,1.558305850115816,94.92495126682722,0.253,-0.8888764929538229
2021-06-15 11:00:00,0.4,0.0529859605487304,2.0871941354462566,127.14243585552757,0.254,-0.8503843822853494
2021-06-15 11:30:00,0.0,0.074380744689679,3.898897440466018,237.50321511216012,0.254,-0.812538357321941
2021-06-15 12:00:00,0.0,0.2499699405453717,6.016682575328566,366.5091164283219,0.24733333333333332,-0.7925817420684446
2021-06-15 12:30:00,0.0,0.275059227156919,7.071115619356708,430.7404130708036,0.24733333333333332,-0.8047098336439228
2021-06-15 13:00:00,0.0,0.3793818061047735,9.019335666304936,549.4171754020698,0.24333333333333332,-0.8490197121715491
2021-06-15 13:30:00,0.0,0.4497250382762093,8.735433675383536,532.1231489112072,0.24333333333333332,-0.9110897750364156
2021-06-15 14:00:00,0.0,0.3776306250510384,8.310922727943213,506.2638601233146,0.24033333333333332,-0.9733744830792214
2021-06-15 14:30:00,0.0,0.2788321210645639,7.863241875077589,478.9931653888999,0.24033333333333332,-1.0272186723104595
2021-06-15 15:00:00,0.0,0.3684970057886255,7.925489109060639,482.78498562232625,0.2356666666666667,-1.0753598579822932
2021-06-15 15:30:00,0.0,0.3369756174963648,8.915123444785007,543.0690377444643,0.2356666666666667,-1.1244074747933337
2021-06-15 16:00:00,0.0,0.4389275906576044,8.915123444785007,543.0690377444643,0.23033333333333336,-1.174434685538543
2021-06-15 16:30:00,0.0,0.3368890792890096,6.84448537378832,416.93512252750656,0.23033333333333336,-1.2150592800853943
2021-06-15 17:00:00,0.0,0.0867442816326518,5.280286222717043,321.6511779950401,0.22966666666666669,-1.232524760661986
2021-06-15 17:30:00,0.0,0.0493555821468654,4.80546825205721,292.7274126622277,0.22966666666666669,-1.2211845067144382
2021-06-15 18:00:00,1.8,0.0881221576670052,2.837689105780949,172.8591983766494,0.23933333333333331,-1.1876713946908246
2021-06-15 18:30:00,0.0,0.0314174387923689,2.681822902419732,163.3645335410465,0.23933333333333331,-1.145184225819894
2021-06-15 19:00:00,0.0,0.0246605395646695,3.336741024974131,203.25918635430384,0.24833333333333332,-1.105265813412644
2021-06-15 19:30:00,0.2,0.0202215660550024,3.8618598366293857,235.24705163887847,0.24833333333333332,-1.0733498660290788
2021-06-15 20:00:00,0.0,0.047879060848817,4.483300578970502,273.10241371530725,0.24466666666666667,-1.048596739458688
2021-06-15 20:30:00,0.4,0.0457925977933432,2.505133893223389,152.6014374607101,0.24466666666666667,-1.0264948013293569
2021-06-15 21:00:00,0.4,0.0239719287744049,2.207428683467147,134.46658124754018,0.246,-1.0028445260237318
2021-06-15 21:30:00,0.0,2.8623806350329834e-05,3.374665278829313,205.5693605404345,0.246,-0.9767788099586022
2021-06-15 22:00:00,0.0,2.814130076513904e-05,2.0268256426281384,123.46506004487668,0.24666666666666667,-0.9506666861728368
2021-06-15 22:30:00,0.0,0.0148910729837569,1.7224270334354717,104.92247218180964,0.24666666666666667,-0.9275725824161664
2021-06-15 23:00:00,0.0,2.9448342935363005e-05,2.386540469698327,145.3772619576495,0.24533333333333332,-0.908994360636709
2021-06-15 23:30:00,0.0,0.016548247593734,1.4757729084282345,89.89741737993378,0.24533333333333332,-0.8946012959705192
2021-06-16 00:00:00,0.0,2.792132579120251e-05,1.7814203348694253,108.51607754706647,0.24433333333333332,-0.8833853840940886
2021-06-16 00:30:00,0.0,0.0129778711923935,1.6584504047400854,101.02530503668594,0.24433333333333332,-0.8746860696982673
2021-06-16 01:00:00,0.0,2.781105680668246e-05,1.5140914663693603,92.23161078933803,0.24333333333333332,-0.8682524056740607
2021-06-16 01:30:00,0.0,0.0136660000225524,1.5760783466798505,96.00757145342632,0.24333333333333332,-0.8636883319714156
2021-06-16 02:00:00,0.0,0.0279052506485415,1.3895780928909625,84.6468186840997,0.242,-0.8603174405738478
2021-06-16 02:30:00,0.0,0.0200617569277083,1.2014407598653905,73.1863424447299,0.242,-0.857747739461587
2021-06-16 03:00:00,0.0,3.005453953235084e-05,1.8426431445801592,112.24549448263002,0.24133333333333332,-0.8559779619376165
2021-06-16 03:30:00,0.0,0.0505146908887922,1.4726672482552492,89.70823459495608,0.24133333333333332,-0.8543963709719891
2021-06-16 04:00:00,0.0,0.0351643058211727,1.1594067948989626,70.62582322721356,0.24,-0.8511920172252465
2021-06-16 04:30:00,0.0,0.0436361288355883,1.032806185830244,62.91388616087605,0.24,-0.8447788687480267
2021-06-16 05:00:00,0.0,0.0378279898937932,1.2224267840808978,74.46471621570268,0.23966666666666667,-0.8358320815745036
2021-06-16 05:30:00,0.0,0.0712248610022406,1.5760783466798505,96.00757145342632,0.23966666666666667,-0.8271220124528992
2021-06-16 06:00:00,0.0,0.0521318086987753,1.4311629099366432,87.17997783973516,0.2383333333333333,-0.8211473061794246
2021-06-16 06:30:00,0.0,0.0760295746770156,1.6789942258643893,102.27674179341378,0.2383333333333333,-0.8183598739551675
2021-06-16 07:00:00,0.0,0.0505786904357002,2.8578167520681954,174.0852836427676,0.2376666666666667,-0.8176320981590414
2021-06-16 07:30:00,0.0,0.0637100115959138,3.6786202911216623,224.08492648470323,0.2376666666666667,-0.8178374801623973
2021-06-16 08:00:00,0.0,0.1049178392337283,4.704055502986016,286.54980621693164,0.23633333333333337,-0.8186437565253383
2021-06-16 08:30:00,0.0,0.108819835963525,5.076859053714311,309.2593140342535,0.23633333333333337,-0.8200721742211896
2021-06-16 09:00:00,0.0,0.1950056854247133,5.1647264796229155,314.61180059630806,0.23500000000000001,-0.8217463334683122
2021-06-16 09:30:00,0.0,0.1655282630266758,5.770511520990469,351.51348810888084,0.23500000000000001,-0.8229686401258834
2021-06-16 10:00:00,0.0,0.1661765074623986,6.092798607055153,371.1457611548584,0.238,-0.8239980524444681
2021-06-16 10:30:00,0.0,0.1956638201377325,7.178853187177324,437.3032988959568,0.238,-0.8273500041749461
2021-06-16 11:00:00,0.0,0.3802903227147485,7.033683866918324,428.4602398456428,0.2383333333333333,-0.8369041017753772
2021-06-16 11:30:00,0.0,0.3788520837815098,6.96887614212971,424.51244608178314,0.2383333333333333,-0.8542744490709767
2021-06-16 12:00:00,0.0,0.2018847440003705,7.066021001142221,430.43007194893886,0.2363333333333333,-0.8757721385293246
2021-06-16 12:30:00,0.0,0.1657562736302826,6.576229035825922,400.5941585208544,0.2363333333333333,-0.8938755675417805
2021-06-16 13:00:00,0.0,0.1532678846911487,6.510142769531417,396.5684817854778,0.23433333333333337,-0.9024919201853808
2021-06-16 13:30:00,0.0,0.2036571529507862,6.160079748327723,375.24422427491953,0.23433333333333337,-0.9012908682258812
2021-06-16 14:00:00,0.0,0.3802377789499387,7.162767278019825,436.3234179934082,0.232,-0.8956522561987137
2021-06-16 14:30:00,0.0,0.4883655290924709,7.498297422343986,456.76239831049776,0.232,-0.8929486544537356
2021-06-16 15:00:00,0.0,0.5316069827678925,8.00065608890312,487.3638183963236,0.22833333333333336,-0.8985475708018081
2021-06-16 15:30:00,0.0,0.5038514366333758,8.370640213783503,509.90157953041665,0.22833333333333336,-0.9142704811250788
2021-06-16 16:00:00,0.0,0.3517226197676638,7.7664898168499725,473.09946717071045,0.223,-0.939354750431297
2021-06-16 16:30:00,0.0,0.360917812063766,8.704890503024846,530.262596858818,0.223,-0.9719670042946034
2021-06-16 17:00:00,0.0,0.3405297452054851,7.402915182827715,450.9521432587504,0.22066666666666668,-1.009556059949983
2021-06-16 17:30:00,0.0,0.3506422583495117,7.48242694961159,455.7956408215284,0.22066666666666668,-1.0482178034460885
2021-06-16 18:00:00,0.0,0.3828886630288152,8.109156414685103,493.973167990002,0.21833333333333335,-1.0826435201750264
2021-06-16 18:30:00,0.0,0.4520652387373635,7.593298555679707,462.549438095734,0.21833333333333335,-1.1078836243945882
2021-06-16 19:00:00,0.0,0.3696868636528873,7.672177735155486,467.354401298015,0.21666666666666667,-1.1219998799811517
2021-06-16 19:30:00,0.0,0.4094994724687432,7.7664898168499725,473.09946717071045,0.21666666666666667,-1.1266855732506622
2021-06-16 20:00:00,0.0,0.3248207582472393,7.434751840180116,452.8914885724131,0.215,-1.1247302140651754
2021-06-16 20:30:00,0.0,0.3644907574053714,6.985094802224761,425.5004135716194,0.215,-1.116907945684989
2021-06-16 21:00:00,0.0,0.1573695465863046,5.940696994743587,361.8804181958955,0.215,-1.101525767516047
2021-06-16 21:30:00,0.0,0.166657232543849,5.304613071721912,323.13305971684133,0.215,-1.0769660205645135
2021-06-16 22:00:00,0.0,0.1333840926120691,4.270318168573893,260.1284876236566,0.21466666666666667,-1.0446887705281849
2021-06-16 22:30:00,0.0,0.1473118401565852,3.7534475288513818,228.6430637042978,0.21466666666666667,-1.0097213744284146
2021-06-16 23:00:00,0.0,0.1295517799090468,2.8383591900059306,172.9000168798953,0.21466666666666667,-0.9780561216042064
2021-06-16 23:30:00,0.0,0.1473842515204225,2.954846312528438,179.9958860430895,0.21466666666666667,-0.953430257714513
2021-06-17 00:00:00,0.0,0.145888689559961,2.504512200107806,152.5635667251961,0.214,-0.9362602244582204
2021-06-17 00:30:00,0.0,0.1443991789402455,2.265367177180184,137.9959324925314,0.214,-0.9248436878817284
2021-06-17 01:00:00,0.0,0.0990561397059123,1.962682150531526,119.55772833531368,0.21333333333333335,-0.9170898372281372
2021-06-17 01:30:00,0.0,0.0521533946769714,1.3651728749807637,83.16016308269144,0.21333333333333335,-0.9115566081208808
2021-06-17 02:00:00,0.0,0.0887899237370158,1.4693837078287963,89.50821614867961,0.213,-0.9074294436711432
2021-06-17 02:30:00,0.0,0.0816801538628677,1.4277601298184883,86.97269585021843,0.213,-0.9035673417974228
2021-06-17 03:00:00,0.0,0.0629626718742754,1.3233462481258504,80.61227396608234,0.21266666666666667,-0.8978282162700838
2021-06-17 03:30:00,0.0,0.0832738982197826,1.0282468602927912,62.636152650204735,0.21266666666666667,-0.887990531693062
2021-06-17 04:00:00,0.0,0.0640352489703307,0.9857548458235696,60.04773112665055,0.21233333333333335,-0.8736182379960349
2021-06-17 04:30:00,0.0,0.0921922231510953,1.1763059656560333,71.6552443517287,0.21233333333333335,-0.856872675265635
2021-06-17 05:00:00,0.0,0.0538503360618924,1.4277601298184883,86.97269585021843,0.21166666666666667,-0.8415105943890088
2021-06-17 05:30:00,0.0,0.0976734234400656,1.281437760471272,78.05939825944131,0.21166666666666667,-0.8309012612092117
2021-06-17 06:00:00,0.0,0.0873484915031324,2.0235586145887168,123.2660474586078,0.21133333333333335,-0.8263457731719234
2021-06-17 06:30:00,0.0,0.0610411971175465,2.524322853919248,153.77034224200196,0.21133333333333335,-0.8266788088467395
2021-06-17 07:00:00,0.0,0.0622521648049326,3.1297153351515,190.6481167648943,0.21066666666666667,-0.829304464796352
2021-06-17 07:30:00,0.0,0.0628630743066156,3.5305469707250623,215.06496886757697,0.21066666666666667,-0.8318232143816134
2021-06-17 08:00:00,0.0,0.0651625178969121,4.127734286205732,251.44292176748863,0.21,-0.8330918282909685
2021-06-17 08:30:00,0.0,0.1042705337301254,4.745248918279227,289.0591229463347,0.21,-0.8331251009971292
2021-06-17 09:00:00,0.0,0.1033052449021009,4.95921996857184,302.09327251333303,0.209,-0.8319940078022161
2021-06-17 09:30:00,0.0,0.0693152210699403,5.43341250170611,330.9789390180943,0.209,-0.828834586335607
2021-06-17 10:00:00,0.0,0.0714302714623485,6.652080347793393,405.2146777157877,0.20766666666666667,-0.8222897176273135
2021-06-17 10:30:00,0.0,0.1235093994033391,7.778961138086211,473.8591637094194,0.20766666666666667,-0.8122992012489075
2021-06-17 11:00:00,0.0,0.2053335493058463,8.060300161206852,490.9970657824937,0.207,-0.8016273753365364
2021-06-17 11:30:00,0.0,0.287599993148646,8.137868322708995,495.72216769358585,0.207,-0.795866100078826
2021-06-17 12:00:00,0.0,0.3456042787019746,8.522011767180333,519.1224505990263,0.20533333333333334,-0.8018212972822228
2021-06-17 12:30:00,0.0,0.3500749042810636,8.430372264043433,513.5401861361546,0.20533333333333334,-0.824327446978934
2021-06-17 13:00:00,0.0,0.4391096047638024,8.613306442980083,524.6837097386027,0.20333333333333334,-0.8626312272528416
2021-06-17 13:30:00,0.0,0.6095766458771434,8.153351999708267,496.6653633342093,0.20333333333333334,-0.9097408156425564
2021-06-17 14:00:00,0.0,0.5093662672299929,8.689124247174778,529.3021877914217,0.19999999999999998,-0.9563605439559154
2021-06-17 14:30:00,0.0,0.5886322543822716,8.552481480464653,520.9785278565257,0.19999999999999998,-0.9956093649919892
2021-06-17 15:00:00,0.0,0.5443512188841833,8.582912999431594,522.8322784887894,0.19666666666666666,-1.0243439778750372
2021-06-17 15:30:00,0.0,0.5451322942907892,8.476235321443355,516.3339563631686,0.19666666666666666,-1.0426583653606496
2021-06-17 16:00:00,0.0,0.4127800467197921,9.27256293162296,564.8426362112934,0.19400000000000003,-1.0546378444315598
2021-06-17 16:30:00,0.0,0.4386194891189201,9.375830891101664,571.1332536919452,0.19400000000000003,-1.068458788276428
2021-06-17 17:00:00,0.0,0.550590909664611,9.198534213445155,560.3331411947333,0.19266666666666668,-1.0927039265601453
2021-06-17 17:30:00,0.0,0.5780127685849941,8.719385355111537,531.1455577537199,0.19266666666666668,-1.1306983040707126
2021-06-17 18:00:00,0.0,0.4839667226807901,8.522011767180333,519.1224505990263,0.19033333333333333,-1.1773994282900575
2021-06-17 18:30:00,0.0,0.4907022830888878,8.2768646118751,504.1891935822339,0.19033333333333333,-1.2215568027061938
2021-06-17 19:00:00,0.0,0.4263246752935368,8.2768646118751,504.1891935822339,0.18866666666666668,-1.2518798601352414
2021-06-17 19:30:00,0.0,0.3893479340096084,7.573693923900585,461.35521251023744,0.18866666666666668,-1.2629391745254164
2021-06-17 20:00:00,0.0,0.2374386737519357,6.569487429823026,400.1834903447466,0.18933333333333335,-1.257045640604226
2021-06-17 20:30:00,0.0,0.239366676919548,6.685036020415109,407.22218838344605,0.18933333333333335,-1.241359676626832
2021-06-17 21:00:00,0.0,0.0952719298954579,6.403419844803277,390.0674034329072,0.19000000000000003,-1.2224218626382684
2021-06-17 21:30:00,0.0,0.0873549796610321,4.619491102902449,281.39852506359165,0.19000000000000003,-1.2024541187250968
2021-06-17 22:00:00,0.0,3.9175080635699856e-05,3.905661880104892,237.91527421019904,0.19033333333333333,-1.180543319218598
2021-06-17 22:30:00,0.0,3.6073138475722e-05,3.5494540572973343,216.2167031508932,0.19033333333333333,-1.156728696368561
2021-06-17 23:00:00,0.0,3.624131975377748e-05,2.504512200107806,152.5635667251961,0.19099999999999998,-1.1337492135434917
2021-06-17 23:30:00,0.0,3.4657089110898426e-05,2.104461684308346,128.19429690970355,0.19099999999999998,-1.114430243789727
2021-06-18 00:00:00,0.0,3.175980036542559e-05,2.264153447050439,137.9219975372025,0.19099999999999998,-1.0983907700292408
2021-06-18 00:30:00,0.0,3.117315308598607e-05,1.2563858529308616,76.53334924779331,0.19099999999999998,-1.0823570649787029
2021-06-18 01:00:00,0.0,2.9561549455001053e-05,1.4867626013052944,90.5668598136606,0.19133333333333336,-1.063352926134879
2021-06-18 01:30:00,0.0,2.8399713350494872e-05,1.652769234256423,100.67923380088835,0.19133333333333336,-1.040790598838878
2021-06-18 02:00:00,0.0,0.0299898029540596,1.3404461148248237,81.65392058054421,0.19133333333333336,-1.015943026186349
2021-06-18 02:30:00,0.0,2.7046281764451948e-05,1.214231556980066,73.96550001041844,0.19133333333333336,-0.9907087246443748
2021-06-18 03:00:00,0.0,0.0231455809089474,1.3823528274402244,84.20668815981898,0.19099999999999998,-0.9670869150436142
2021-06-18 03:30:00,0.0,0.0236175387190638,1.2563858529308616,76.53334924779331,0.19099999999999998,-0.9467577708685674
2021-06-18 04:00:00,0.0,2.485505521863812e-05,1.2563858529308616,76.53334924779331,0.19133333333333336,-0.9302870572248692
2021-06-18 04:30:00,0.0,2.4579650240962487e-05,1.5699262221708867,95.63281182638812,0.19133333333333336,-0.916739652344103
2021-06-18 05:00:00,0.0,0.0179788799166331,0.5717063965381787,34.825770452114156,0.19133333333333336,-0.9042666576298204
2021-06-18 05:30:00,0.0,0.0175680993984346,1.1084806422019746,67.52363211202953,0.19133333333333336,-0.8910962104253525
2021-06-18 06:00:00,0.0,2.3224081724526502e-05,1.193123203195894,72.67967447486228,0.19133333333333336,-0.8759192898589675
2021-06-18 06:30:00,0.0,2.3558714866712376e-05,0.8739669517610701,53.23811772802579,0.19133333333333336,-0.8574514176261328
2021-06-18 07:00:00,0.0,0.0158644921920736,1.1508438471631992,70.10420714237546,0.19133333333333336,-0.8339224693203354
2021-06-18 07:30:00,0.0,2.4407976960880987e-05,1.1084806422019746,67.52363211202953,0.19133333333333336,-0.8036094255485124
2021-06-18 08:00:00,0.0,2.4407976960880987e-05,0.809557904411362,49.31460959234151,0.19133333333333336,-0.7666454907930552
2021-06-18 08:30:00,0.0,2.6328952168670433e-05,1.9606232075265364,119.43230683067434,0.19133333333333336,-0.7266434391696353
2021-06-18 09:00:00,0.0,0.011889386752904,3.1694434056985408,193.06817131344303,0.19066666666666668,-0.6900128709383476
2021-06-18 09:30:00,0.0,0.01329322039895,4.768491842518267,290.47497686905814,0.19066666666666668,-0.6631754519418646
2021-06-18 10:00:00,0.0,0.0085683950976227,6.694951522967242,407.82619599625025,0.18933333333333335,-0.6503925835936616
2021-06-18 10:30:00,0.0,0.0096160766085589,7.90137496206467,481.3160607458244,0.18933333333333335,-0.6540248360688712
2021-06-18 11:00:00,0.0,0.2153289334866642,8.490119022231937,517.1796886824443,0.18833333333333332,-0.6757812179495551
2021-06-18 11:30:00,0.0,0.3418952443548437,8.321165606478104,506.88781000175743,0.18833333333333332,-0.7168616454938564
2021-06-18 12:00:00,0.0,0.3564649952855354,8.809436647580759,536.6310755989621,0.18699999999999997,-0.7763729948155488
2021-06-18 12:30:00,0.0,0.3551147364710544,8.960034849667261,545.8048376000934,0.18699999999999997,-0.8488861530515813
2021-06-18 13:00:00,0.0,0.2914802182882427,8.657903282159076,527.4003476729375,0.18499999999999997,-0.9236499426722752
2021-06-18 13:30:00,0.0,0.2837432586520237,8.30574752785678,505.9486103179159,0.18499999999999997,-0.9880685284906546
2021-06-18 14:00:00,0.0,0.3181572904051666,8.398108843843636,511.57484435813376,0.18266666666666667,-1.0338969411529544
2021-06-18 14:30:00,0.0,0.4184043872210384,8.612258740796106,524.6198884555415,0.18266666666666667,-1.061112322374904
2021-06-18 15:00:00,0.0,0.4802879881500015,8.748936331423103,532.9456697061033,0.18033333333333335,-1.0769957457569723
2021-06-18 15:30:00,0.0,0.4826673459988079,8.413468168466785,512.5104650138834,0.18033333333333335,-1.0919246891844347
2021-06-18 16:00:00,0.0,0.5155299357139449,8.688285464566812,529.251092944939,0.17766666666666667,-1.1137909103669652
2021-06-18 16:30:00,0.0,0.4969895026621171,8.688285464566812,529.251092944939,0.17766666666666667,-1.1432957327975186
2021-06-18 17:00:00,0.0,0.2026983666565891,7.807083214829403,475.57223355650433,0.17600000000000002,-1.1742071315545617
2021-06-18 17:30:00,0.0,0.2253174449695006,9.391611699022722,572.0945492057535,0.17600000000000002,-1.1996278355888703
2021-06-18 18:00:00,0.0,0.4351610771782386,7.537884587553778,459.17386954257455,0.17466666666666666,-1.2179219649620456
2021-06-18 18:30:00,0.0,0.3189570339722533,7.838555080132418,477.48935738681206,0.17466666666666666,-1.2320737419992305
2021-06-18 19:00:00,0.0,0.3785608229173352,7.964030601194953,485.1327591754632,0.17300000000000001,-1.2446353757166315
2021-06-18 19:30:00,0.0,0.3828096951666393,7.490061642729921,456.2607118293417,0.17300000000000001,-1.2547425189065344
2021-06-18 20:00:00,0.0,0.195812347988126,7.168755172665327,436.6881734792283,0.17333333333333334,-1.2593919784077494
2021-06-18 20:30:00,0.0,0.1104386089218747,5.631245346631819,343.03002203376485,0.17333333333333334,-1.2562033138280426
2021-06-18 21:00:00,0.0,4.894307090417464e-05,4.5702215297859095,278.39724529128165,0.17400000000000002,-1.2446046991929158
2021-06-18 21:30:00,0.0,4.556655502555563e-05,3.9460913520264898,240.3780549612409,0.17400000000000002,-1.2252775049811897
2021-06-18 22:00:00,0.0,4.2464188720886065e-05,3.4186598311920697,208.24930988332517,0.17466666666666666,-1.1994075343373118
2021-06-18 22:30:00,0.0,0.0795345031919195,3.1694434056985408,193.06817131344303,0.17466666666666666,-1.168595260791392
2021-06-18 23:00:00,0.0,0.1176770069780985,2.3243529567830397,141.58907966182474,0.17500000000000002,-1.135034339479246
2021-06-18 23:30:00,0.0,0.1148971087766675,2.543669707623752,154.94886515194932,0.17500000000000002,-1.101269898146484
2021-06-19 00:00:00,0.0,0.0695930934014554,1.3153953029013383,80.12793830892882,0.17566666666666667,-1.0695000291660623
2021-06-19 00:30:00,0.0,0.0666687836182297,1.5665833544798458,95.42917943122004,0.17566666666666667,-1.040939813979514
2021-06-19 01:00:00,0.0,0.0642771431782236,2.383338651349414,145.18222165107989,0.17533333333333334,-1.015809278446616
2021-06-19 01:30:00,0.0,3.704881103455631e-05,1.4622788857351898,89.07542248949842,0.17533333333333334,-0.9938968971754268
2021-06-19 02:00:00,0.0,3.586361836441259e-05,1.0399072898757682,63.34645333336786,0.17533333333333334,-0.9751455572156852
2021-06-19 02:30:00,0.0,3.519499171295756e-05,1.6703839625872663,101.7522434595888,0.17533333333333334,-0.9599020718850546
2021-06-19 03:00:00,0.0,0.0505479149514414,1.0825220206920103,65.94235018229526,0.17533333333333334,-0.9487706589047112
2021-06-19 03:30:00,0.0,0.0446935367168015,1.628923822701127,99.22667907316549,0.17533333333333334,-0.941911665148671
2021-06-19 04:00:00,0.0,3.327119776282683e-05,1.7736863017835218,108.04495519729102,0.17500000000000002,-0.9380450846216356
2021-06-19 04:30:00,0.0,0.036284401670358,0.9758250987070636,59.44285579934802,0.17500000000000002,-0.9341877278387604
2021-06-19 05:00:00,0.0,0.0331796986470973,1.4622788857351898,89.07542248949842,0.17533333333333334,-0.9269106711012284
2021-06-19 05:30:00,0.0,0.0274356075250467,1.3574648721232476,82.69062637681316,0.17533333333333334,-0.9143455657838594
2021-06-19 06:00:00,0.0,0.0211419259293684,1.2732429088482486,77.56020492656857,0.17533333333333334,-0.8971937788422065
2021-06-19 06:30:00,0.0,3.105575964844068e-05,1.5249223464819983,92.89137906704336,0.17533333333333334,-0.8779008636700383
2021-06-19 07:00:00,0.0,3.1095386000272306e-05,1.6703839625872663,101.7522434595888,0.17533333333333334,-0.8589834453776801
2021-06-19 07:30:00,0.0,3.144557613994091e-05,1.876495873237906,114.30764975070328,0.17533333333333334,-0.8418062476987423
2021-06-19 08:00:00,0.0,0.0017474194872436,1.4204147471448505,86.52524832746192,0.17500000000000002,-0.8260044863641839
2021-06-19 08:30:00,0.0,0.0017110666833069,1.5249223464819983,92.89137906704336,0.17500000000000002,-0.8095968525791418
2021-06-19 09:00:00,0.0,0.0062341733037321,1.3364404171744837,81.40991157921759,0.17466666666666666,-0.7905860909528403
2021-06-19 09:30:00,0.0,0.0065322447608068,1.9583923777652552,119.29641476150287,0.17466666666666666,-0.769600651507059
2021-06-19 10:00:00,0.0,0.0394344507576636,3.034795294000858,184.8660167491623,0.17366666666666666,-0.7508559357003644
2021-06-19 10:30:00,0.0,0.0706106392832126,3.4776699695432995,211.84394087750573,0.17366666666666666,-0.7398071996787688
2021-06-19 11:00:00,0.0,0.1149787405847074,4.245843352912159,258.63759244169853,0.17300000000000001,-0.7395764487687181
2021-06-19 11:30:00,0.0,0.1271246126138861,5.077482545897711,309.29729436084995,0.17300000000000001,-0.7496213488266776
2021-06-19 12:00:00,0.0,0.0799062833799063,5.534395446527171,337.13036373052,0.17200000000000001,-0.7680155588163936
2021-06-19 12:30:00,0.0,0.0768146780821093,6.55540258903333,399.32550548544344,0.17200000000000001,-0.7954596433665572
2021-06-19 13:00:00,0.0,0.0599790629376753,6.321159775406202,385.0564916929925,0.171,-0.8365223046425624
2021-06-19 13:30:00,0.0,0.0627241798542249,7.260555154552216,442.2802135824345,0.171,-0.8947063665074193
2021-06-19 14:00:00,0.0,0.1597876621748712,6.203148083771273,377.86775266815414,0.16966666666666666,-0.9646844441484196
2021-06-19 14:30:00,0.0,0.1422752139943331,4.574928066612801,278.6839462485392,0.16966666666666666,-1.0306954061647269
2021-06-19 15:00:00,0.0,0.0441576407878554,3.2284436364460993,196.66219878117496,0.17066666666666666,-1.0748838804879364
2021-06-19 15:30:00,0.0,0.0214246829362725,3.305428752805167,201.3517842166095,0.17066666666666666,-1.0880783622691708
2021-06-19 16:00:00,0.4,0.0254081077206493,0.5436050494029537,33.11396335908093,0.169,-1.0733858951130135
2021-06-19 16:30:00,0.0,0.0342293014948028,1.9174829421905295,116.80439679340272,0.169,-1.041585205214912
2021-06-19 17:00:00,0.0,0.0095576605312103,1.9788180894600516,120.54065682545632,0.17200000000000001,-1.0041657516730187
2021-06-19 17:30:00,1.6,2.9864383502258776e-05,1.48318035983012,90.34864584916087,0.17200000000000001,-0.9690146408313928
2021-06-19 18:00:00,0.8,0.0073987473922759,0.9758250987070636,59.44285579934802,0.22033333333333335,-0.939713688988724
2021-06-19 18:30:00,0.6,0.0073710839553733,1.0399072898757682,63.34645333336786,0.22033333333333335,-0.916941866503636
2021-06-19 19:00:00,0.2,0.009202033037878,0.890081261061728,54.21972863897106,0.227,-0.900198215105669
2021-06-19 19:30:00,0.2,0.0091209792555868,0.4341599317788439,26.447061315371943,0.227,-0.8886543209224805
2021-06-19 20:00:00,0.2,2.925931655439214e-05,0.9329963333291368,56.83392093202662,0.23066666666666666,-0.8808593961294474
2021-06-19 20:30:00,0.2,2.8734810665996177e-05,0.8470794818367274,51.60025454983979,0.23066666666666666,-0.8743858723139115
2021-06-19 21:00:00,0.2,2.843697704639137e-05,0.9115496104974068,55.52748348299579,0.238,-0.8667140579631752
2021-06-19 21:30:00,0.4,2.7591435480352944e-05,0.890081261061728,54.21972863897106,0.238,-0.8569006475390529
2021-06-19 22:00:00,0.4,2.7482082813501057e-05,0.5654263545537443,34.44321867045861,0.254,-0.8461285572828199
2021-06-19 22:30:00,0.4,2.7300506301294197e-05,0.8039905928660065,48.97547412860001,0.254,-0.8364793461999366
2021-06-19 23:00:00,0.4,0.0031681785413407,0.890081261061728,54.21972863897106,0.26433333333333336,-0.82935357253172
2021-06-19 23:30:00,0.4,2.6866742732449057e-05,-0.1217419943217646,-7.4159722093457985,0.26433333333333336,-0.8249372654527191
2021-06-20 00:00:00,1.2,2.672229220790163e-05,0.5808143006995672,35.38058282004467,0.2796666666666667,-0.8225094621762655
2021-06-20 00:30:00,0.8,2.6544279676838223e-05,0.9276209395608996,56.50647623209688,0.2796666666666667,-0.8208784746825006
2021-06-20 01:00:00,0.4,2.6471892759141174e-05,0.7115312878316646,43.343271038367554,0.29800000000000004,-0.8188285785042224
2021-06-20 01:30:00,0.0,2.6116273850256723e-05,0.6244762007529807,38.040268487321946,0.29800000000000004,-0.8155623957864526
2021-06-20 02:00:00,0.0,2.600969466871188e-05,0.1391665481848381,8.477397298762952,0.2813333333333334,-0.8107572350932246
2021-06-20 02:30:00,0.0,2.6044719324839073e-05,0.0721149591327384,4.3929174627533225,0.2813333333333334,-0.8042216075436128
2021-06-20 03:00:00,0.0,2.5517348206729587e-05,0.9491096813305596,57.81547328496606,0.2733333333333334,-0.795845436301069
2021-06-20 03:30:00,0.2,2.5446970766639617e-05,0.7549253131240592,45.98663898558144,0.2733333333333334,-0.7860960992648798
2021-06-20 04:00:00,0.2,2.57626807481102e-05,0.4272850343725672,26.02827362924041,0.26866666666666666,-0.776257083109262
2021-06-20 04:30:00,0.0,2.5833681681635627e-05,0.6680483896062157,40.69448935363963,0.26866666666666666,-0.767797757546984
2021-06-20 05:00:00,0.0,2.600969466871188e-05,0.6898009738743456,42.01955849935729,0.26633333333333337,-0.7614390466433034
2021-06-20 05:30:00,0.2,2.6223163795089992e-05,0.7115312878316646,43.343271038367554,0.26633333333333337,-0.7567291540285891
2021-06-20 06:00:00,0.0,2.579746768048764e-05,0.2726331422789818,16.607579149260655,0.26833333333333337,-0.7520590333733012
2021-06-20 06:30:00,0.0,2.608118062092133e-05,0.4272850343725672,26.02827362924041,0.26833333333333337,-0.7449530825344249
2021-06-20 07:00:00,0.0,2.5903426022643787e-05,0.4712642777890555,28.707290420297056,0.266,-0.733256255370776
2021-06-20 07:30:00,0.0,2.7010306342442157e-05,0.1391665481848381,8.477397298762952,0.266,-0.7170498621367801
2021-06-20 08:00:00,0.0,0.0041824542405443,0.3611442076850585,21.99927332125029,0.26366666666666666,-0.6991357242025629
2021-06-20 08:30:00,0.0,0.0043375737010419,0.3169350439744534,19.30625082475867,0.26366666666666666,-0.6828350820766277
2021-06-20 09:00:00,0.0,0.0118705308552534,0.2504472758876037,15.256116414356988,0.26166666666666666,-0.6691626807133962
2021-06-20 09:30:00,0.0,0.0121156112364807,0.5589495767507172,34.04868263167475,0.26166666666666666,-0.6564458950749977
2021-06-20 10:00:00,0.0,3.1640917004144014e-05,1.3322516187501416,81.15474890606993,0.26066666666666666,-0.6424422499116197
2021-06-20 10:30:00,0.0,3.4286814121211164e-05,2.780350026752912,169.36636076584492,0.26066666666666666,-0.6263506518107085
2021-06-20 11:00:00,0.0,0.1810729942202428,5.853141876403423,356.5469559997652,0.26,-0.609384322333007
2021-06-20 11:30:00,0.0,0.1609317386429566,5.242892618853842,319.3733286087071,0.26,-0.5955158374507189
2021-06-20 12:00:00,0.0,0.0351195442268545,6.228608667768394,379.4186964029621,0.26133333333333336,-0.5927507356799459
2021-06-20 12:30:00,0.0,0.0378724546160028,8.347918720556903,508.5174888289127,0.26133333333333336,-0.6106492875994167
2021-06-20 13:00:00,0.0,0.2823035478211576,9.274326713505848,564.950077834044,0.263,-0.6530986393414753
2021-06-20 13:30:00,0.0,0.3736363672593747,9.094834560781251,554.0162269158218,0.263,-0.7146372374483078
2021-06-20 14:00:00,0.0,0.1941509376307454,8.868607061494926,540.2354698562401,0.26133333333333336,-0.785920562957122
2021-06-20 14:30:00,0.0,0.1025488452933263,9.614744248397423,585.6867759010859,0.26133333333333336,-0.860640221135764
2021-06-20 15:00:00,0.0,0.2442402998359577,9.585327923791088,583.8948663221682,0.25666666666666665,-0.935643377971751
2021-06-20 15:30:00,0.0,0.1705382593831733,10.945781284897894,666.7675379445311,0.25666666666666665,-1.0081453177629438
2021-06-20 16:00:00,0.0,0.3787126425265766,10.23893624615366,623.7097320260021,0.251,-1.075938114954488
2021-06-20 16:30:00,0.0,0.3800951393915021,10.959719383794171,667.6165839507327,0.251,-1.137938299644397
2021-06-20 17:00:00,0.0,0.3813480897575036,9.761305363281537,594.6146167912115,0.247,-1.191872578111263
2021-06-20 17:30:00,0.0,0.3152851518062205,9.8051057826767,597.2827404308961,0.247,-1.2325373884182198
2021-06-20 18:00:00,0.0,0.1064882437846596,11.070951179879165,674.3923223732668,0.2436666666666667,-1.2542513521450696
2021-06-20 18:30:00,0.0,4.9998260596644535e-05,9.614744248397423,585.6867759010859,0.2436666666666667,-1.2556159343894857
2021-06-20 19:00:00,0.0,0.0742068078673233,8.883754131459833,541.1581609172711,0.24200000000000002,-1.241388972641127
2021-06-20 19:30:00,0.0,0.168378560939773,9.496868878606122,578.5063409869981,0.24200000000000002,-1.2190186704217978
2021-06-20 20:00:00,0.0,0.1832134748497633,8.532968142635037,519.7898634859262,0.241,-1.1934880679677615
2021-06-20 20:30:00,0.0,0.1520561034849137,7.9892277009387955,486.66765264010104,0.241,-1.1655901252761092
2021-06-20 21:00:00,0.0,0.0544272747646318,6.329961588409899,385.5926583706531,0.24033333333333332,-1.1339156588497767
2021-06-20 21:30:00,0.0,0.0444822043022131,5.887528417300256,358.6416286974414,0.24033333333333332,-1.097310232428873
2021-06-20 22:00:00,0.0,0.06078153763115,4.922584472822651,299.86160364783444,0.24133333333333337,-1.056238887057793
2021-06-20 22:30:00,0.0,0.0709325031062936,4.212622164917563,256.6139077772415,0.24133333333333337,-1.013227363050619
2021-06-20 23:00:00,0.0,0.0534223066139972,3.820822098047584,232.74721803131752,0.242,-0.9721141635409828
2021-06-20 23:30:00,0.0,0.0303106552528614,3.364434072499942,204.9461216800117,0.242,-0.9361592107874492
2021-06-21 00:00:00,0.0,0.0273963656400535,4.572240054502875,278.5202046964425,0.242,-0.9063703523719938
2021-06-21 00:30:00,0.0,3.036082423802096e-05,4.531070846107545,276.01236254188075,0.242,-0.8813684311201481
2021-06-21 01:00:00,0.0,2.9523270520278577e-05,4.776966493670004,290.9912143249608,0.24233333333333332,-0.8589109166632306
2021-06-21 01:30:00,0.0,2.8697275808784963e-05,4.85834058624681,295.948156360224,0.24233333333333332,-0.837820776315008
2021-06-21 02:00:00,0.0,2.8697275808784963e-05,4.46917555376891,272.2419810032025,0.24200000000000002,-0.818527927011355
2021-06-21 02:30:00,0.0,2.7774368397717875e-05,4.613334190133022,281.02347375736156,0.24200000000000002,-0.8018322136488026
2021-06-21 03:00:00,0.0,0.0157514764158881,4.240756518864481,258.32772549610354,0.242,-0.7875117693037096
2021-06-21 03:30:00,0.0,2.7046281764451948e-05,4.136155507563408,251.9559045217567,0.242,-0.7743343195301912
2021-06-21 04:00:00,0.0,2.6507359011527425e-05,3.7341425776788952,227.46709330726665,0.24233333333333337,-0.7610236091582319
2021-06-21 04:30:00,0.0,2.6223163795089992e-05,4.26161822964624,259.598526654396,0.24233333333333337,-0.7468052328634275
2021-06-21 05:00:00,0.0,2.572792735869879e-05,3.755483034582205,228.76705751609504,0.24233333333333337,-0.7312921902760646
2021-06-21 05:30:00,0.0,0.0114229435820085,3.4980332046018794,213.0843771470782,0.24233333333333337,-0.7144006279288903
2021-06-21 06:00:00,0.0,2.5517348206729587e-05,4.344871535439917,264.6699418677058,0.24200000000000002,-0.6964830292457782
2021-06-21 06:30:00,0.0,2.618656119674144e-05,3.648575131696103,222.25471112995544,0.24200000000000002,-0.6783619286590067
2021-06-21 07:00:00,0.0,2.6650985973610524e-05,5.120807157008414,311.9364339097595,0.24200000000000002,-0.6611922201446939
2021-06-21 07:30:00,0.0,2.7627954200229578e-05,4.654353578994448,283.52218958286943,0.24200000000000002,-0.6461927637846405
2021-06-21 08:00:00,0.0,2.8921487481622617e-05,5.360425287025401,326.53288768859903,0.24166666666666667,-0.6339432311196651
2021-06-21 08:30:00,0.0,2.925931655439214e-05,5.2808319929709775,321.68442385287585,0.24166666666666667,-0.6232984607190712
2021-06-21 09:00:00,0.0,3.05531359112814e-05,5.7738098696066285,351.7144086031642,0.24133333333333337,-0.6113241231558403
2021-06-21 09:30:00,0.0,0.0212909867805337,6.160724407966168,375.2834940272333,0.24133333333333337,-0.5959050963894167
2021-06-21 10:00:00,0.0,0.0283043150011263,7.66527430813383,466.933875716624,0.24033333333333337,-0.5799673989813451
2021-06-21 10:30:00,0.0,0.0645849256421891,11.006742325428144,670.4810090844097,0.24033333333333337,-0.5733941851294568
2021-06-21 11:00:00,0.0,0.2427656698765789,11.94797704655146,727.81677537614,0.2396666666666667,-0.5898794580452583
2021-06-21 11:30:00,0.0,0.4265830129588114,12.85640813548742,783.1542926164865,0.2396666666666667,-0.6402371373612596
2021-06-21 12:00:00,0.0,0.4675344648276938,12.487879682085218,760.7052044114699,0.23733333333333337,-0.725682965606248
2021-06-21 12:30:00,0.0,0.5050485266793732,12.294193719370467,748.9067307226239,0.23733333333333337,-0.8339896619953254
2021-06-21 13:00:00,0.0,0.4336230792102494,12.98783617497704,791.1602949315774,0.23533333333333337,-0.94266651678511
2021-06-21 13:30:00,0.0,0.4333875383527272,12.768427401148658,777.7949038168449,0.23533333333333337,-1.0309826626619325
2021-06-21 14:00:00,0.0,0.4583623978470678,12.812454179167885,780.4768162011178,0.232,-1.0919850118040495
2021-06-21 14:30:00,0.0,0.5754437887135544,12.309143363333993,749.8173954837094,0.232,-1.131940536651728
2021-06-21 15:00:00,0.0,0.5723271645046047,12.44330917639431,757.9901705942428,0.22766666666666668,-1.1592700864215082
2021-06-21 15:30:00,0.0,0.4801659520970845,12.53237502132785,763.4156594283037,0.22766666666666668,-1.1778476719235524
2021-06-21 16:00:00,0.0,0.605906459710182,12.841764888769822,782.2622921911831,0.22266666666666668,-1.190458866638153
2021-06-21 16:30:00,0.0,0.5971883083746155,12.413553584598656,756.1775943911128,0.22266666666666668,-1.2028235292518892
2021-06-21 17:00:00,0.0,0.5552540693305422,13.133112004569252,800.0098420492138,0.219,-1.22046021832637
2021-06-21 17:30:00,0.0,0.5265088029792838,12.189307178929027,742.5175166031943,0.219,-1.2428822774589103
2021-06-21 18:00:00,0.0,0.3330255460091081,13.075096409054916,796.4757941108679,0.216,-1.2628067555127571
2021-06-21 18:30:00,0.0,0.4681572164327063,11.856899876095309,722.268765679309,0.216,-1.2713756277816386
2021-06-21 19:00:00,0.0,0.4191928240161675,12.204316669062178,743.4318269225217,0.214,-1.2642700190058689
2021-06-21 19:30:00,0.0,0.4132017713300637,11.796004219071264,718.5592774071968,0.214,-1.243759653504151
2021-06-21 20:00:00,0.0,0.4657862297217846,10.817451321310228,658.9502564148958,0.21333333333333335,-1.2160698657833495
2021-06-21 20:30:00,0.0,0.4424246104855543,10.37020746637558,631.7061816198842,0.21333333333333335,-1.186950904294277
2021-06-21 21:00:00,0.0,0.2002313441889383,9.534556358059362,580.8020919464151,0.213,-1.1586009885750803
2021-06-21 21:30:00,0.0,0.1636249598012421,7.826687926939836,476.7664640354214,0.213,-1.1292414955872032
2021-06-21 22:00:00,0.0,0.0808155186122182,7.008434114167592,426.9221389977351,0.213,-1.0951535358246214
2021-06-21 22:30:00,0.0,0.0756573584264738,6.160724407966168,375.2834940272333,0.213,-1.0541171334145336
2021-06-21 23:00:00,0.0,0.1217869957889841,5.793310450782998,352.90229589608816,0.21366666666666667,-1.008038042335209
2021-06-21 23:30:00,0.0,0.1237763235474573,5.7738098696066285,351.7144086031642,0.21366666666666667,-0.9623379716679512
2021-06-22 00:00:00,0.0,0.1073492256297379,4.319697107541094,263.1364294694251,0.21366666666666667,-0.9224093312985504
2021-06-22 00:30:00,0.0,4.046311501241313e-05,3.753326654546614,228.6357005878155,0.21366666666666667,-0.8905167138076893
2021-06-22 01:00:00,0.0,0.0977600937406042,4.538339068572593,276.45510981337424,0.214,-0.8657251245281049
2021-06-22 01:30:00,0.0,0.0587592140913224,3.1511038332635315,191.9510074270864,0.214,-0.8458989659354131
2021-06-22 02:00:00,0.0,3.851698563857494e-05,3.6506567465102138,222.38151369876505,0.21366666666666667,-0.8293798906300783
2021-06-22 02:30:00,0.0,0.0519970143820924,3.6094554470861184,219.8717167037326,0.21366666666666667,-0.815224032441953
2021-06-22 03:00:00,0.0,0.0767073356034287,3.691781687108838,224.88665925917311,0.214,-0.802429114897466
2021-06-22 03:30:00,0.0,0.0458772010867527,3.5268224261941747,214.838086443912,0.214,-0.789369855278028
2021-06-22 04:00:00,0.0,0.0420850075459226,3.297977502802847,200.8978877345456,0.21366666666666667,-0.7742491678118976
2021-06-22 04:30:00,0.0,0.0678050828273071,3.1931677354082804,194.5133502822365,0.21366666666666667,-0.7561677800034262
2021-06-22 05:00:00,0.0,0.0458897381504549,3.2351514611789547,197.0708091549507,0.21366666666666667,-0.7358356978531693
2021-06-22 05:30:00,0.0,0.0405625422808189,3.256113370061302,198.3477139287912,0.21366666666666667,-0.7155924082498969
2021-06-22 06:00:00,0.0,0.0417308568795788,3.256113370061302,198.3477139287912,0.21333333333333335,-0.6988887881644678
2021-06-22 06:30:00,0.0,0.0438040940053249,4.735279059153491,288.4518041766739,0.21333333333333335,-0.6888078042022454
2021-06-22 07:00:00,0.0,0.0399782959170173,4.988762632976108,303.8928781418809,0.213,-0.6853408619026142
2021-06-22 07:30:00,0.0,0.0338865208904797,4.6173215060013195,281.2663630235832,0.213,-0.683241100738755
2021-06-22 08:00:00,0.0,0.0309511347841134,4.597601827537942,280.06512931391416,0.21266666666666667,-0.6734743560854012
2021-06-22 08:30:00,0.0,3.311050171962025e-05,5.201059191121605,316.8250252133808,0.21266666666666667,-0.6489098425724199
2021-06-22 09:00:00,0.0,0.0397172396902187,5.67633011214976,345.77638223599905,0.21266666666666667,-0.6104879938046325
2021-06-22 09:30:00,0.0,4.508809620394872e-05,8.189008264305132,498.83738186251225,0.21266666666666667,-0.5687387955620152
2021-06-22 10:00:00,0.0,0.0868449782445286,10.262810964245835,625.1640719755318,0.21166666666666667,-0.5392523026199362
2021-06-22 10:30:00,0.0,5.096464882867567e-05,11.208552941605191,682.7743999513635,0.21166666666666667,-0.5362162874335971
2021-06-22 11:00:00,0.0,0.3453579605200023,11.84453915312054,721.5158062869567,0.21066666666666667,-0.5687444756654797
2021-06-22 11:30:00,0.0,0.3586500629395898,11.521107195003298,701.8137928085807,0.21066666666666667,-0.6399522729371127
2021-06-22 12:00:00,0.0,0.5398216711646607,11.88833296356056,724.1835273389559,0.209,-0.745364547086952
2021-06-22 12:30:00,0.0,0.5553020968144649,12.077260501004725,735.6921392610096,0.209,-0.8702014743486622
2021-06-22 13:00:00,0.0,0.6048726094927072,12.091736930461664,736.5739779325487,0.20633333333333334,-0.9909164451049758
2021-06-22 13:30:00,0.0,0.721761765442941,12.163999185095069,740.9758679716556,0.20633333333333334,-1.085264424869011
2021-06-22 14:00:00,0.0,0.8080858581352142,12.465346168817655,759.332564599693,0.20366666666666666,-1.1444897554875713
2021-06-22 14:30:00,0.0,0.8060547827395722,12.522356515974876,762.805377350285,0.20366666666666666,-1.1749537382372193
2021-06-22 15:00:00,0.0,0.6945953986798589,12.091736930461664,736.5739779325487,0.19966666666666666,-1.187746069153349
2021-06-22 15:30:00,0.0,0.5479267278308853,11.058370302898789,673.6259521936469,0.19966666666666666,-1.1896943160121936
2021-06-22 16:00:00,0.0,0.6347489136673703,11.313160029101494,689.1465910600688,0.19699999999999998,-1.1850346429751817
2021-06-22 16:30:00,0.0,0.6497817777069134,12.163999185095069,740.9758679716556,0.19699999999999998,-1.1802222700247007
2021-06-22 17:00:00,0.0,0.5724064814174656,12.048283572413984,733.9269957019745,0.19466666666666668,-1.1816390703204598
2021-06-22 17:30:00,0.0,0.4438264655828521,11.476688047574028,699.1079790527483,0.19466666666666668,-1.1891256830195702
2021-06-22 18:00:00,0.0,0.4013401860084275,11.23848418172741,684.5976758568902,0.19200000000000003,-1.1942299508170906
2021-06-22 18:30:00,0.0,0.570514910568849,11.7420658511025,715.2735957481908,0.19200000000000003,-1.184470686649711
2021-06-22 19:00:00,0.0,0.5997947480148943,10.770568218525357,656.0943496320516,0.19133333333333336,-1.147324509845066
2021-06-22 19:30:00,0.0,0.4369080684739801,10.83142884552842,659.8017040335671,0.19133333333333336,-1.0714096207040809
2021-06-22 20:00:00,0.0,0.487488545585965,10.386844134621931,632.71961227755,0.19033333333333333,-0.9501357662674024
2021-06-22 20:30:00,0.0,0.5874239699948755,10.34040325681006,629.890643841891,0.19033333333333333,-0.7904568796892361
2021-06-22 21:00:00,0.0,0.3032136085615166,9.0526945146408,551.449245712506,0.19000000000000003,-0.6169762411638094
2021-06-22 21:30:00,0.0,0.2032831153087624,7.5897838600719005,462.33533872027186,0.19000000000000003,-0.4607158788131669
2021-06-22 22:00:00,0.0,0.1219958562993135,6.325632142722671,385.3289281017575,0.19066666666666668,-0.3403057527825366
2021-06-22 22:30:00,0.0,0.1112676499928406,5.449431684369239,331.954755244106,0.19066666666666668,-0.2545713801006586
2021-06-22 23:00:00,0.0,5.235521315189547e-05,4.558110645000835,277.65950491256467,0.19066666666666668,-0.1914745725543566
2021-06-22 23:30:00,0.0,5.02511739356622e-05,4.891604337605035,297.974433792473,0.19066666666666668,-0.1409047636935776
2021-06-23 00:00:00,0.0,0.1204252942689311,3.459439902552885,210.73344756803925,0.19066666666666668,-0.1000354032561226
2021-06-23 00:30:00,0.0,0.1153856494212544,3.2993660799759303,200.9824735817176,0.19066666666666668,-0.0706825777972117
2021-06-23 01:00:00,0.0,0.1082010038574359,3.399548040742289,207.0851059647347,0.19066666666666668,-0.0540078884362617
2021-06-23 01:30:00,0.0,4.6434215942316935e-05,2.376556234013445,144.7690674329652,0.19066666666666668,-0.0475280328756472
2021-06-23 02:00:00,0.0,0.0838860380243197,3.419530027061183,208.30231828373772,0.19066666666666668,-0.0462159109536175
2021-06-23 02:30:00,0.0,0.119526243215247,3.097626357101269,188.69340121441743,0.19066666666666668,-0.0458255206893792
2021-06-23 03:00:00,0.0,0.1098344081736206,2.4184080661857825,147.31849194362292,0.19099999999999998,-0.0449441877515843
2021-06-23 03:30:00,0.0,0.0985451179678721,2.5434829861676023,154.93749092453166,0.19099999999999998,-0.0506718371348654
2021-06-23 04:00:00,0.0,0.0869059959194145,2.955299689941322,180.02350374652062,0.19099999999999998,-0.0563994865181464
2021-06-23 04:30:00,0.0,0.1021786579129483,2.750360511121837,167.53953497963357,0.19099999999999998,-0.0621271359014274
2021-06-23 05:00:00,0.0,0.095501502721354,1.9535388419776,119.00075929176263,0.19099999999999998,-0.0678547852847085
2021-06-23 05:30:00,0.0,0.04795446534383,2.123737815899521,129.368511748061,0.19099999999999998,
2021-06-23 06:00:00,0.0,0.0432269377807031,2.8325664004271083,172.5471463131655,0.19066666666666668,
2021-06-23 06:30:00,0.0,3.615716633737405e-05,3.439493968206687,209.51843137231396,0.19066666666666668,
2021-06-23 07:00:00,0.0,0.0576942679529791,3.835041534125684,233.61340182742865,0.19033333333333333,-0.0907653828178326
2021-06-23 07:30:00,0.0,0.0035026634658019,4.9253921367284255,300.03263384669395,0.19033333333333333,-0.0964930322011136
2021-06-23 08:00:00,0.0,0.0131455046758661,5.314190930025631,323.71649956765975,0.19000000000000003,-0.1022206815843947
2021-06-23 08:30:00,0.0,0.013492807629255,6.161149828073563,375.3094086979376,0.19000000000000003,-0.1079483309676757
2021-06-23 09:00:00,0.0,0.0909810637043432,6.599332171240959,402.0014971400479,0.18933333333333335,-0.249295563480725
2021-06-23 09:30:00,0.0,0.147386085615835,7.250042748622076,441.63984531291834,0.18933333333333335,-0.2440197468607914
2021-06-23 10:00:00,0.0,0.1421147220726377,7.767933721804424,473.1874233363278,0.18833333333333332,-0.2387439302408578
2021-06-23 10:30:00,0.0,0.1716889076257295,8.660097142740604,527.5339877467217,0.18833333333333332,-0.2334681136209242
2021-06-23 11:00:00,0.0,0.3039630446951673,9.4128216548431,573.386563878272,0.18766666666666665,
2021-06-23 11:30:00,0.0,0.4014000894633684,9.750281335960796,593.943082858314,0.18766666666666665,
2021-06-23 12:00:00,0.0,0.4848681375262241,9.917308063265384,604.1175963843124,0.18600000000000003,
2021-06-23 12:30:00,0.0,0.5298180144456682,9.917308063265384,604.1175963843124,0.18600000000000003,
2021-06-23 13:00:00,0.0,0.6159013290445249,10.29281502375517,626.9917837090908,0.18466666666666667,
2021-06-23 13:30:00,0.0,0.5358048165530284,9.750281335960796,593.943082858314,0.18466666666666667,
2021-06-23 14:00:00,0.0,0.3683541012669743,9.750281335960796,593.943082858314,0.18300000000000002,
2021-06-23 14:30:00,0.0,0.2814857949348429,8.755463775612624,533.343292112219,0.18300000000000002,
2021-06-23 15:00:00,0.0,0.0288259800329772,8.291015838374229,505.0512223589954,0.18233333333333335,
2021-06-23 15:30:00,0.0,0.0287064173731422,8.096191614583535,493.1834109485752,0.18233333333333335,
2021-06-23 16:00:00,0.0,0.0078267798939422,6.651364944034166,405.17109855128945,0.18200000000000002,
2021-06-23 16:30:00,0.0,0.0082591764061762,8.079884903306182,492.19007977856774,0.18200000000000002,
2021-06-23 17:00:00,0.0,0.0115937359774121,8.42003056618202,512.9102166308498,0.18133333333333335,
2021-06-23 17:30:00,0.0,0.0116057852442442,8.193800566634875,499.1293072666766,0.18133333333333335,
2021-06-23 18:00:00,0.0,0.0191720303007537,7.866883980588425,479.21502599995966,0.18100000000000002,
2021-06-23 18:30:00,0.0,0.0188772640678806,7.916206165398383,482.2195106389095,0.18100000000000002,
2021-06-23 19:00:00,0.0,0.0077244505514356,7.012395788797367,427.1634663155645,0.18066666666666667,
2021-06-23 19:30:00,0.0,0.0077645410403384,7.767933721804424,473.1874233363278,0.18066666666666667,
2021-06-23 20:00:00,0.0,0.0001905591325464,7.9981850087091955,487.2132913563543,0.18000000000000002,
2021-06-23 20:30:00,0.0,0.0001835292864565,7.266926424487479,442.6683225586459,0.18000000000000002,-0.1279517812222524
2021-06-23 21:00:00,0.0,4.433017971344391e-05,6.685989271317001,407.28025612117574,0.18000000000000002,-0.1226759646023188
2021-06-23 21:30:00,0.0,4.274146575667647e-05,6.108008344336292,372.0722696256352,0.18000000000000002,-0.1174001479823853
2021-06-23 22:00:00,0.0,0.0495985158999516,6.054744644178455,368.8276856812203,0.18000000000000002,-0.1121243313624517
2021-06-23 22:30:00,0.0,4.014993106171798e-05,3.991310552484652,243.13260433259632,0.18000000000000002,-0.1068485147425181
2021-06-23 23:00:00,0.0,3.921747894829718e-05,4.586747670179312,279.40394309156,0.18033333333333335,-0.1136759803509567
2021-06-23 23:30:00,0.0,0.0426493456726536,3.5985604508967337,219.20804276433697,0.18033333333333335,-0.1162053814085009
2021-06-24 00:00:00,0.0,3.773608560441656e-05,2.8767192180822776,175.23673646255662,0.18033333333333335,-0.1149495923816528
2021-06-24 00:30:00,0.0,3.636778521064745e-05,2.5997326963653187,158.3639691084482,0.18033333333333335,-0.111219279636497
2021-06-24 01:00:00,0.0,0.0303358962187393,2.459910726910898,149.8466465074285,0.18033333333333335,-0.1068409460835327
2021-06-24 01:30:00,0.0,0.029058241335308,2.3191851391253646,141.27427956062883,0.18033333333333335,-0.1035605049642167
2021-06-24 02:00:00,0.0,3.469801230712109e-05,1.8502662928184568,112.7098622285166,0.18000000000000002,-0.102101389374844
2021-06-24 02:30:00,0.0,3.387882363103905e-05,1.829646036747979,111.4537694002351,0.18000000000000002,-0.1014570064296778
2021-06-24 03:00:00,0.2,3.29899059323388e-05,1.6847493199805073,102.62731612288054,0.18000000000000002,-0.0991505405496379
2021-06-24 03:30:00,0.0,3.2551313253550324e-05,0.9881747405295754,60.19514017797471,0.18000000000000002,-0.0926109479363292
2021-06-24 04:00:00,0.0,3.271019973049637e-05,0.3345467173945458,20.379074392099636,0.18033333333333335,-0.0810038122277041
2021-06-24 04:30:00,0.0,3.267083954047346e-05,1.244104669662258,75.78523505494437,0.18033333333333335,-0.0663249544069454
2021-06-24 05:00:00,0.0,3.323138986250876e-05,1.3076110835031636,79.65375883577397,0.18033333333333335,-0.0528118060526782
2021-06-24 05:30:00,0.0,3.331269792334119e-05,1.538870595962533,93.741043400973,0.18033333333333335,-0.044778039576439
2021-06-24 06:00:00,0.0,3.295032186546801e-05,1.1591350409069376,70.60926920192539,0.18066666666666667,-0.044081995493859
2021-06-24 06:30:00,0.0,0.0093992847975825,0.966708021984268,58.88748468042232,0.18066666666666667,-0.0488964709583428
2021-06-24 07:00:00,0.4,0.0091831726584214,1.2016620741579465,73.19982391143554,0.18033333333333335,-0.0549122948945325
2021-06-24 07:30:00,1.0,3.101775059832205e-05,1.6015112823926685,97.5568309796818,0.18033333333333335,-0.0584138425304481
2021-06-24 08:00:00,0.6,3.078563437100488e-05,-1.8359226380927035e-15,-1.1183611159366589e-13,0.227,-0.1350793946309585
2021-06-24 08:30:00,0.6,3.066923506111654e-05,0.8590486668373741,52.329363217952405,0.227,-0.2117449467314689
2021-06-24 09:00:00,1.2,3.036082423802096e-05,0.4668945610679899,28.441107021982685,0.23566666666666666,-0.136112378758353
2021-06-24 09:30:00,1.2,3.078563437100488e-05,0.1121067455627209,6.8290363913046805,0.23566666666666666,-0.1653762427741879
2021-06-24 10:00:00,0.2,0.0144309228062028,0.2236199500483322,13.621916942075678,0.26733333333333337,-0.1946401067900228
2021-06-24 10:30:00,0.4,0.0177475879704655,0.4008241968801292,24.416398971090057,0.26733333333333337,-0.2239039708058577
2021-06-24 11:00:00,0.0,0.0318002710800756,0.5984198137979649,36.45303112842309,0.26633333333333337,
2021-06-24 11:30:00,0.0,0.0262689097956151,0.8158319583061349,49.69679660663174,0.26633333333333337,
2021-06-24 12:00:00,0.0,0.068505659701224,1.286463212362333,78.36552608140724,0.26233333333333336,
2021-06-24 12:30:00,0.0,0.0684243630498604,1.8090060499084653,110.19647466265636,0.26233333333333336,
2021-06-24 13:00:00,0.0,0.028028224080115,2.5798129405763657,157.15054759214388,0.25966666666666666,
2021-06-24 13:30:00,0.0,0.0641419453950362,5.663390170317685,344.9881394480291,0.25966666666666666,
2021-06-24 14:00:00,0.0,0.2825173745728425,7.305434356890816,445.0140518046096,0.25866666666666666,
2021-06-24 14:30:00,0.0,0.3550710424396652,8.489256576914412,517.127152410614,0.25866666666666666,
2021-06-24 15:00:00,0.0,0.1762007601066434,8.3347424959615,507.7148527626318,0.25566666666666665,
2021-06-24 15:30:00,0.0,0.1380988303649797,8.612162620008098,524.6140332114527,0.25566666666666665,-0.5165426109642067
2021-06-24 16:00:00,0.0,0.2705877552138399,9.202614808170638,560.581712587459,0.256,-0.5458064749800416
2021-06-24 16:30:00,0.0,0.2695537156368053,8.916739174098323,543.1674606736444,0.256,-0.5750703389958765
2021-06-24 17:00:00,0.0,0.1246478068739196,8.085445618857708,492.52881344416886,0.25166666666666665,-0.6043342030117114
2021-06-24 17:30:00,0.0,0.1245064025698807,7.466707032984242,454.8380545301988,0.25166666666666665,-0.6335980670275463
2021-06-24 18:00:00,0.0,0.0594730454657805,6.381332859743758,388.7219641019504,0.25,-0.6157510144502805
2021-06-24 18:30:00,0.0,0.0115517367424068,7.19188681795123,438.09724879093466,0.25,-0.5988318574894336
2021-06-24 19:00:00,0.0,0.0129645375492403,6.847929314002688,417.1449118041049,0.24866666666666667,-0.5785537858090517
2021-06-24 19:30:00,0.0,0.0130781829625086,6.632452642076628,404.0190465702683,0.24866666666666667,-0.5498197719614304
2021-06-24 20:00:00,0.0,0.0033963454152984,6.008049145890107,365.9832069166234,0.248,-0.5090179452726744
2021-06-24 20:30:00,0.0,0.00325218289755,4.340925896496846,264.42959137145397,0.248,-0.4565599019856707
2021-06-24 21:00:00,0.0,3.679314618140097e-05,2.8767192180822776,175.23673646255662,0.24666666666666667,-0.3992639967243341
2021-06-24 21:30:00,0.0,3.5653147602019764e-05,2.3997112016169777,146.17956343488095,0.24666666666666667,-0.3484082515454994
2021-06-24 22:00:00,0.0,3.556987643811817e-05,2.0145232428489357,122.71565343806772,0.24666666666666667,-0.3131703086555984
2021-06-24 22:30:00,0.0,3.469801230712109e-05,2.177542200511398,132.646031746362,0.24666666666666667,-0.2951319719691756
2021-06-24 23:00:00,0.0,3.457533729690223e-05,2.7188710822420736,165.62134125559052,0.24633333333333332,-0.2884104988319793
2021-06-24 23:30:00,0.0,3.404197166659722e-05,2.5199442852405607,153.50361962242638,0.24633333333333332,-0.2843213087146196
2021-06-25 00:00:00,0.0,3.355407484649961e-05,1.0733601589089572,65.38425095985755,0.246,-0.2764958923399025
2021-06-25 00:30:00,0.0,3.239131313461301e-05,0.5539959437785262,33.74692969373639,0.246,-0.2635075382352226
2021-06-25 01:00:00,0.0,0.0086507007959301,0.3426372673811482,20.871914140562996,0.24566666666666667,-0.2483271450446425
2021-06-25 01:30:00,0.0,0.0078953983923622,0.7215774338398666,43.95523686020999,0.24566666666666667,-0.2357387521273342
2021-06-25 02:00:00,0.0,0.0074702020283101,0.3001107900364861,18.281393294355652,0.24566666666666667,-0.2296597190125215
2021-06-25 02:30:00,0.0,0.0078192979767082,0.3213847322120131,19.57730572651081,0.24566666666666667,-0.2315607741284842
2021-06-25 03:00:00,0.0,0.0075322970979096,0.3001107900364861,18.281393294355652,0.245,-0.2399784994643114
2021-06-25 03:30:00,0.0,0.0139435701869926,0.6379521958233005,38.86116521643776,0.245,-0.2511025651651588
2021-06-25 04:00:00,0.0,0.0159810341028739,0.5960156338175348,36.306579347174846,0.24433333333333332,-0.2606005804999976
2021-06-25 04:30:00,0.0,0.0097105323376584,1.011701585377668,61.62828926132147,0.24433333333333332,-0.2657687417599785
2021-06-25 05:00:00,0.0,0.0095698498192548,-1.2785889801002756e-15,-7.788586343130301e-14,0.24433333333333332,-0.2664047373314471
2021-06-25 05:30:00,0.0,3.00173708846954e-05,0.1934182457854561,11.782165583178084,0.24433333333333332,-0.2642328571680275
2021-06-25 06:00:00,0.0,2.854897244395146e-05,0.4485805491070754,27.325500164214237,0.244,-0.2620354582213199
2021-06-25 06:30:00,0.0,2.854897244395146e-05,0.3001107900364861,18.281393294355652,0.244,-0.2631331285632549
2021-06-25 07:00:00,0.0,2.8659775033925233e-05,0.4485805491070754,27.325500164214237,0.244,-0.2710902328544542
2021-06-25 07:30:00,0.0,2.82896123113535e-05,0.7424323714987059,45.225625430458194,0.244,-0.2895914020100578
2021-06-25 08:00:00,0.0,2.8959225565404393e-05,0.8048746294552621,49.029325643145086,0.24333333333333332,-0.3222795199843206
2021-06-25 08:30:00,0.0,2.9978687075037876e-05,0.4908097168919352,29.89791025541588,0.24333333333333332,-0.3721772276522198
2021-06-25 09:00:00,0.0,3.3151868853285435e-05,1.5803824420636703,96.2697574963822,0.24266666666666667,-0.44086022649031
2021-06-25 09:30:00,0.0,3.586361836441259e-05,3.313119223324445,201.8202529316613,0.24266666666666667,-0.5276896021929368
2021-06-25 10:00:00,0.0,3.799406494841691e-05,5.7152129924806,348.144951615524,0.242,-0.6290578576788124
2021-06-25 10:30:00,0.0,4.3859270541381515e-05,8.66567091625386,527.8735168443496,0.242,-0.7378217381648722
2021-06-25 11:00:00,0.0,0.2303132886662127,9.545429981019186,581.4644639252397,0.2406666666666667,-0.843600798095749
2021-06-25 11:30:00,0.0,0.2421101560220204,9.771083802318868,595.2102751140084,0.2406666666666667,-0.9342078472206174
2021-06-25 12:00:00,0.0,0.3690563167191994,9.446056969695633,575.411109087083,0.23933333333333331,-0.9984957947983422
2021-06-25 12:30:00,0.0,0.3934387922871797,9.303398822823318,566.7210193728823,0.23933333333333331,-1.0311716928447492
2021-06-25 13:00:00,0.0,0.4093426612982646,10.216354301015162,622.3341419634847,0.2373333333333333,-1.0368304208726076
2021-06-25 13:30:00,0.0,0.4396403438524505,9.531258237235344,580.6011853281997,0.2373333333333333,-1.0275226619535538
2021-06-25 14:00:00,0.0,0.5958670494248374,9.346282912376694,569.3333243389927,0.2346666666666667,-1.0139096748098675
2021-06-25 14:30:00,0.0,0.6111567301675523,9.757040315574573,594.3548093562949,0.2346666666666667,-0.9991101894104852
2021-06-25 15:00:00,0.0,0.6059128783927953,9.41759119671206,573.6771028180074,0.22966666666666669,-0.9816071375125454
2021-06-25 15:30:00,0.0,0.4938316037008923,9.686703697000304,590.0702203650262,0.22966666666666669,-0.9615989978292016
2021-06-25 16:00:00,0.0,0.4186173922762063,8.841251732670495,538.5691068278564,0.22566666666666668,-0.9418590825683452
2021-06-25 16:30:00,0.0,0.5909323730662692,9.030050444861722,550.0698712975912,0.22566666666666668,-0.924066877951528
2021-06-25 17:00:00,0.0,0.5471556755401362,8.310657326973443,506.2476930954364,0.22366666666666668,-0.9075274293076188
2021-06-25 17:30:00,0.0,0.5888993822961353,8.101133495711325,493.4844480172528,0.22366666666666668,-0.8911843193057433
2021-06-25 18:00:00,0.0,0.4681725639556377,7.798610651168984,475.0561232611406,0.22133333333333335,-0.8744098588276675
2021-06-25 18:30:00,0.0,0.5580077127608531,8.071052187805478,491.6520306604208,0.22133333333333335,-0.855512423105186
2021-06-25 19:00:00,0.0,0.4932844479197513,8.206123019734624,499.8799354311634,0.219,-0.8311525585072039
2021-06-25 19:30:00,0.0,0.3359520536585139,7.228632763277841,440.33564574562934,0.219,-0.7978556828674886
2021-06-25 20:00:00,0.0,0.0095197416271128,7.290915615289742,444.1296356684351,0.21833333333333335,-0.7534702895123068
2021-06-25 20:30:00,0.0,0.0098087969224527,6.867282154532845,418.32379940441984,0.21833333333333335,-0.6975154769566497
2021-06-25 21:00:00,0.0,5.466794428174136e-05,5.548240280438998,337.97372845528173,0.21733333333333335,-0.6318043300660143
2021-06-25 21:30:00,0.0,5.060724660607288e-05,4.659729793706016,283.84968429095744,0.21733333333333335,-0.5615783513677071
2021-06-25 22:00:00,0.0,0.0650771386409585,3.915666202070412,238.52469230034103,0.21733333333333335,-0.4950068684762788
2021-06-25 22:30:00,0.0,0.0899626758844547,2.8643429315927755,174.48282901120942,0.21733333333333335,-0.4402811214018199
2021-06-25 23:00:00,0.0,0.0821756157647508,2.463981656091239,150.09462911881755,0.218,-0.4024038391372665
2021-06-25 23:30:00,0.0,0.0948538357550183,1.9578703749407556,119.26461670807642,0.218,-0.3818771502378068
2021-06-26 00:00:00,0.0,0.0724378919488128,0.979405902225436,59.66098217001674,0.21833333333333335,-0.375500732981959
2021-06-26 00:30:00,0.0,0.0426938145579527,0.7405110187263991,45.10858530109973,0.21833333333333335,-0.3783175426257746
2021-06-26 01:00:00,0.0,0.0663208081647169,0.5595603212321785,34.085886425868864,0.218,-0.3854387552047825
2021-06-26 01:30:00,0.0,0.0421962744049081,0.6200489048670705,37.77057762645365,0.218,-0.3930661115060344
2021-06-26 02:00:00,0.0,0.0386635410655896,0.1929518021911606,11.753751947014214,0.21766666666666667,-0.398874613650496
2021-06-26 02:30:00,0.0,0.0580514926068698,-0.4326099799139465,-26.35264525113759,0.21766666666666667,-0.4022534743941268
2021-06-26 03:00:00,0.0,3.961703941799172e-05,-0.034263707722452,-2.0871902557080424,0.21733333333333335,-0.4042762430493616
2021-06-26 03:30:00,0.0,0.0335805174723338,-0.2429760101647014,-14.80100066503518,0.21733333333333335,-0.4068285155430932
2021-06-26 04:00:00,0.0,0.0347897347369026,0.0279478011912555,1.702453767915802,0.21733333333333335,-0.4111079608342584
2021-06-26 04:30:00,0.0,3.9572520284575805e-05,0.0072310713916273,0.4404841959658686,0.21733333333333335,-0.4168454526210403
2021-06-26 05:00:00,0.0,0.0299656385466059,0.1723968379057142,10.501636399259349,0.21733333333333335,-0.4232032457310648
2021-06-26 05:30:00,0.0,3.7779305572449985e-05,-0.0758405522849652,-4.619863763692173,0.21733333333333335,-0.4304767505767106
2021-06-26 06:00:00,0.0,3.6835678740633714e-05,0.0899758989417549,5.480925212210607,0.217,-0.440617656927916
2021-06-26 06:30:00,0.0,3.704881103455631e-05,0.3974076679139158,24.208279463873037,0.217,-0.4558326522753315
2021-06-26 07:00:00,0.0,3.704881103455631e-05,0.7605217520340204,46.32754875676426,0.217,-0.4771662100327087
2021-06-26 07:30:00,0.0,3.773608560441656e-05,0.8403767911952422,51.19195692171223,0.217,-0.5056492010940986
2021-06-26 08:00:00,0.0,3.704881103455631e-05,0.6803654321757091,41.44478793307043,0.216,-0.5453928746153115
2021-06-26 08:30:00,0.0,3.756351760627554e-05,1.2547739036545706,76.43515658138887,0.216,-0.6042616531430752
2021-06-26 09:00:00,0.0,4.132011947836208e-05,2.9817200013578935,181.6329097392441,0.21566666666666667,-0.6893899383537074
2021-06-26 09:30:00,0.0,4.470821142930976e-05,4.799874505760987,292.3866669129074,0.21566666666666667,-0.8004879349341724
2021-06-26 10:00:00,0.0,4.874395895996382e-05,6.941820931877913,422.8643649207745,0.215,-0.9269583893201446
2021-06-26 10:30:00,0.0,5.514674493077222e-05,8.268116789928705,503.6563157958284,0.215,-1.0516745737835014
2021-06-26 11:00:00,0.0,0.2408448821640917,8.210705789521482,500.1590970595769,0.21433333333333335,-1.158017470460034
2021-06-26 11:30:00,0.0,0.2468604021216986,8.0231694874773,488.7352329118668,0.21433333333333335,-1.233973200872151
2021-06-26 12:00:00,0.0,0.3344436023219207,9.154875104512186,557.6736255499019,0.21266666666666667,-1.272498481630529
2021-06-26 12:30:00,0.0,0.4924882150778928,8.609749934985386,524.4670633414582,0.21266666666666667,-1.2734989720739058
2021-06-26 13:00:00,0.0,0.3746637212757032,8.736632657033782,532.1961854558052,0.21066666666666667,-1.2477150856628447
2021-06-26 13:30:00,0.0,0.3929826331922217,8.736632657033782,532.1961854558052,0.21066666666666667,-1.2143076559368569
2021-06-26 14:00:00,0.0,0.5534466292192302,9.333922603814008,568.5803901907518,0.20733333333333334,-1.189719880545159
2021-06-26 14:30:00,0.0,0.5853479077885095,8.095471901673319,493.1395692900694,0.20733333333333334,-1.178237353374028
2021-06-26 15:00:00,0.0,0.5971765369889461,7.7756987562707245,473.660434150119,0.20266666666666666,-1.1732552375472296
2021-06-26 15:30:00,0.0,0.6113029407352673,8.382530935015291,510.62590854026473,0.20266666666666666,-1.1649383537656288
2021-06-26 16:00:00,0.0,0.5775789411912811,7.877908200828445,479.886571684628,0.19833333333333333,-1.1454667965235792
2021-06-26 16:30:00,0.0,0.7529593814933027,8.0231694874773,488.7352329118668,0.19833333333333333,-1.11097737344306
2021-06-26 17:00:00,0.0,0.2925617290776584,8.59561091065118,523.605777865449,0.19499999999999998,-1.0632339369636892
2021-06-26 17:30:00,0.0,0.2871669886003521,8.609749934985386,524.4670633414582,0.19499999999999998,-1.0094183242035333
2021-06-26 18:00:00,0.0,0.1396779585353754,7.921579041702022,482.54680198627096,0.19199999999999998,-0.9576971984571998
2021-06-26 18:30:00,0.0,0.7369339244710287,7.7610616885528545,472.7688101215595,0.19199999999999998,-0.9116316215294472
2021-06-26 19:00:00,0.0,0.7564905506494078,7.54042159755774,459.32841272867097,0.19066666666666665,-0.8685400126442491
2021-06-26 19:30:00,0.0,0.7024688514264382,7.302794935411402,444.8532701741695,0.19066666666666665,-0.8222747109771436
2021-06-26 20:00:00,0.0,0.5855247361044057,6.652070692235682,405.2140895428401,0.18999999999999997,-0.7670187188974861
2021-06-26 20:30:00,0.0,0.1757483427660991,6.171468686009078,375.9379868981576,0.18999999999999997,-0.7000127481324069
2021-06-26 21:00:00,0.0,0.1184185201626841,6.312023526119576,384.4999526681085,0.18966666666666665,-0.6233099353541585
2021-06-26 21:30:00,0.0,5.969384359911485e-05,3.8833647422401425,236.55703331991185,0.18966666666666665,-0.5439998821616001
2021-06-26 22:00:00,0.0,0.087321496410355,3.08972763898518,188.2122469967236,0.18999999999999997,-0.4719363731829051
2021-06-26 22:30:00,0.0,0.1190478930499383,2.599446613890491,158.34654225673015,0.18999999999999997,-0.4158590469514226
2021-06-26 23:00:00,0.0,0.1388885153547294,1.871206821977214,113.98546464619918,0.19033333333333333,-0.3802530857944017
2021-06-26 23:30:00,0.0,0.1221858866902858,1.4105492044399055,85.92428404280749,0.19033333333333333,-0.3644330507462227
2021-06-27 00:00:00,0.0,0.0973627869555596,0.3157817615721514,19.23599807185572,0.19033333333333333,-0.3636764587289125
2021-06-27 00:30:00,0.0,0.091852553442229,-0.1804135712938443,-10.98997957408016,0.19033333333333333,-0.3714679141108837
2021-06-27 01:00:00,0.0,0.0557563420065683,-0.3012641350849048,-18.351649863376966,0.19066666666666665,-0.3819782135015834
2021-06-27 01:30:00,0.0,0.0518713110215453,0.0194705751740575,1.186059462843668,0.19066666666666665,-0.3919229244935785
2021-06-27 02:00:00,0.0,0.0493888665689896,-0.4228158402472834,-25.756030516944428,0.19033333333333333,-0.4007658716789706
2021-06-27 02:30:00,0.0,4.456473885987298e-05,-0.8539038146588676,-52.01596206997913,0.19033333333333333,-0.4091764605444065
2021-06-27 03:00:00,0.0,0.041280926799674,-0.7504526172292215,-45.7141825613068,0.19033333333333333,-0.4173280471103479
2021-06-27 03:30:00,0.0,0.0689955809817732,-0.7917714403253353,-48.23113856741417,0.19033333333333333,-0.4245727179144834
2021-06-27 04:00:00,0.0,0.0417789556446638,-0.9578718962303135,-58.34922782505638,0.18999999999999997,-0.4302827330735909
2021-06-27 04:30:00,0.0,4.315840901526065e-05,-1.1253105752475931,-68.54883558800992,0.18999999999999997,-0.4346856667385592
2021-06-27 05:00:00,0.0,4.204932231105377e-05,-1.2517824872787315,-76.25293301232878,0.18966666666666665,-0.4390956331568171
2021-06-27 05:30:00,0.0,4.1503133350895544e-05,-1.2095393689220544,-73.67967311532693,0.18966666666666665,-0.4456533163239526
2021-06-27 06:00:00,0.0,3.930605387418525e-05,-0.8746558945256847,-53.28008500829482,0.18999999999999997,-0.4567007937320376
2021-06-27 06:30:00,0.0,3.952803201248042e-05,-0.7917714403253353,-48.23113856741417,0.18999999999999997,-0.4740452315611316
2021-06-27 07:00:00,0.0,4.028477412003767e-05,-0.5246512067672433,-31.959380907644835,0.18999999999999997,-0.4988785927373069
2021-06-27 07:30:00,0.0,3.899842064330296e-05,-0.2206197531096443,-13.439158500801351,0.18999999999999997,-0.532922982406672
2021-06-27 08:00:00,0.0,3.970431208349552e-05,0.5304635548266112,32.31344288863549,0.18966666666666665,-0.5799668796043058
2021-06-27 08:30:00,0.0,4.095934311956155e-05,0.781404828635986,47.5996514242834,0.18966666666666665,-0.6458924009752866
2021-06-27 09:00:00,0.0,4.395203327120259e-05,2.0299219436104132,123.6536727102453,0.18966666666666665,-0.7362515467407656
2021-06-27 09:30:00,0.0,4.721230452675592e-05,3.4491085078752417,210.1041056861354,0.18966666666666665,-0.8524240413684238
2021-06-27 10:00:00,0.0,4.979684378090218e-05,5.31973517347497,324.05422982722393,0.18866666666666665,-0.9888311367339512
2021-06-27 10:30:00,0.0,5.600697873492971e-05,6.535883847261553,398.1365119311049,0.18866666666666665,-1.133006381535986
2021-06-27 11:00:00,0.0,0.2714715841632133,6.859451219558838,417.84677422946714,0.18799999999999997,-1.2679888594669484
2021-06-27 11:30:00,0.0,0.4211587909751265,7.279276933427501,443.4206597581533,0.18799999999999997,-1.3752837411399004
2021-06-27 12:00:00,0.0,0.3466952292667832,7.336602756347427,446.9126898667486,0.18633333333333335,-1.4387981484517227
2021-06-27 12:30:00,0.0,0.5397386878115454,7.450840284550319,453.8715239086643,0.18633333333333335,-1.45192342856514
2021-06-27 13:00:00,0.0,0.6921744789727732,7.607025464909834,463.38561938172296,0.18433333333333335,-1.4243775591813137
2021-06-27 13:30:00,0.0,0.7254947381659927,7.436590625977835,453.00349909475415,0.18433333333333335,-1.3792652561792564
2021-06-27 14:00:00,0.0,0.8531287611076432,7.536159278405218,459.068771504962,0.18166666666666667,-1.3385538704535918
2021-06-27 14:30:00,0.0,0.7529570645814554,7.436590625977835,453.00349909475415,0.18166666666666667,-1.31019156028024
2021-06-27 15:00:00,0.0,0.9091430684290838,7.379506311685882,449.52618060053095,0.17766666666666667,-1.2889308712464984
2021-06-27 15:30:00,0.0,0.9029479116186044,7.077535376533207,431.1314756706641,0.17766666666666667,-1.2661079813926532
2021-06-27 16:00:00,0.0,0.9513952716685872,7.393790267604259,450.39629465378226,0.17433333333333334,-1.2363201446605103
2021-06-27 16:30:00,0.0,1.076140282503373,7.350912568828454,447.7843789849651,0.17433333333333334,-1.1981128365965186
2021-06-27 17:00:00,0.0,0.9972378510057686,7.178621446386685,437.28918229409953,0.17200000000000001,-1.1530409910787736
2021-06-27 17:30:00,0.0,0.9855122622252932,6.917804929741455,421.4014185856517,0.17200000000000001,-1.1047178181285011
2021-06-27 18:00:00,0.0,0.8267383587286086,6.830219917045851,416.0661353604641,0.17033333333333334,-1.0568462793799922
2021-06-27 18:30:00,0.0,0.6929196916861942,6.756981966932569,411.6048103613512,0.17033333333333334,-1.0108330750466288
2021-06-27 19:00:00,0.0,0.7000301589989936,6.446855405953457,392.7133015568998,0.169,-0.9646608320748028
2021-06-27 19:30:00,0.0,0.6831986038392359,6.132546229887676,373.5670067402927,0.169,-0.913558058071656
2021-06-27 20:00:00,0.0,0.4582695050058977,5.7067183765631,347.6274979963008,0.169,-0.8522016158128235
2021-06-27 20:30:00,0.0,0.3096067541364448,5.0843601923086945,309.716249503927,0.169,-0.7778443110422016
2021-06-27 21:00:00,0.0,6.264842571276649e-05,4.4769134411273575,272.71333813784605,0.169,-0.6928373658377698
2021-06-27 21:30:00,0.0,0.107523495899001,3.5675563689521623,217.31941418257145,0.169,-0.604752264111885
2021-06-27 22:00:00,0.0,0.13204012671223,2.3711955274038927,144.4425174083794,0.17,-0.5237364695342697
2021-06-27 22:30:00,0.0,0.1163344753694013,1.3494510033511076,82.20245770145485,0.17,-0.4586967775477945
2021-06-27 23:00:00,0.0,0.1044366481129029,0.8580246971417266,52.26698761084625,0.17033333333333334,-0.4142943301287842
2021-06-27 23:30:00,0.0,0.0965244992544475,0.296156679800576,18.04052676522112,0.17033333333333334,-0.389884815819051
2021-06-28 00:00:00,0.0,0.0598437123418136,1.5349103940751585,93.49980579595604,0.17066666666666666,-0.380622367733323
2021-06-28 00:30:00,0.0,0.0556191459962445,0.7062750242189942,43.02308320923167,0.17066666666666666,-0.3800779594886206
2021-06-28 01:00:00,0.0,0.0815954516806195,0.561521568729469,34.20535676161114,0.171,-0.3829180979065103
2021-06-28 01:30:00,0.0,0.0771640294533595,1.074032944233369,65.42523400187596,0.171,-0.3862238080379314
2021-06-28 02:00:00,0.0,0.0729561608450541,0.9113688943126178,55.51647506957492,0.17133333333333334,-0.3891972540886656
2021-06-28 02:30:00,0.0,0.0677899129639046,0.561521568729469,34.20535676161114,0.17133333333333334,-0.3921206928210152
2021-06-28 03:00:00,0.0,0.0411179696209345,0.6856563337742543,41.76708575179591,0.17133333333333334,-0.3954377872943984
2021-06-28 03:30:00,0.0,0.0619177505116469,0.3320340142110436,20.226011867676583,0.17133333333333334,-0.3993659351671572
2021-06-28 04:00:00,0.0,0.0373847638341238,0.0788070246750993,4.8005678578511874,0.17166666666666666,-0.4041509471804905
2021-06-28 04:30:00,0.0,4.237135693084574e-05,0.1635543934097597,9.962994634681666,0.17166666666666666,-0.4106564562130732
2021-06-28 05:00:00,0.0,0.0335339241940138,-0.0276092231045581,-1.681829120721299,0.17166666666666666,-0.4205892629852254
2021-06-28 05:30:00,0.0,0.0510160742828297,0.6650175931544657,40.50986692829184,0.17166666666666666,-0.4359610624747532
2021-06-28 06:00:00,0.0,0.0519336054097966,0.623679782548404,37.99175428887249,0.17166666666666666,-0.458318723996668
2021-06-28 06:30:00,0.0,0.0501163018103417,1.4753552072584082,89.87197291202851,0.17166666666666666,-0.4887989762017439
2021-06-28 07:00:00,0.0,0.0499261692086732,1.986105498534689,120.98457285851237,0.17200000000000001,-0.5294109283507435
2021-06-28 07:30:00,0.0,0.0481761373351711,2.1408583816898523,130.41141925764066,0.17200000000000001,-0.5844206679549993
2021-06-28 08:00:00,0.0,0.0288266259251976,2.636319276471599,160.59265825400357,0.17200000000000001,-0.6600038486961741
2021-06-28 08:30:00,0.0,0.0355266530584271,3.3408332469475206,203.50846602643503,0.17200000000000001,-0.7616572729579817
2021-06-28 09:00:00,0.0,4.824707301932508e-05,4.788864796805179,291.71600519010485,0.17133333333333334,-0.8907610967046271
2021-06-28 09:30:00,0.0,5.3661489013402654e-05,6.052839353861581,368.71162400406945,0.17133333333333334,-1.0420563375943883
2021-06-28 10:00:00,0.0,5.9469350242743834e-05,8.022720380704767,488.7078753565491,0.17033333333333334,-1.2035518394045068
2021-06-28 10:30:00,0.0,0.2222209263683719,8.813383186054516,536.8714808905588,0.17033333333333334,-1.3598004506446522
2021-06-28 11:00:00,0.0,0.6057454844910931,8.77012677087041,534.236495529358,0.16966666666666666,-1.496642181483367
2021-06-28 11:30:00,0.0,0.5159461809382127,9.128279905997797,556.0535662253974,0.16966666666666666,-1.60249527987329
2021-06-28 12:00:00,0.0,0.6091679638177959,9.829324763138384,598.7580512884447,0.168,-1.6662072991578547
2021-06-28 12:30:00,0.0,0.6419715643051964,9.21346368483032,561.2425771334939,0.168,-1.6798887156451558
2021-06-28 13:00:00,0.0,0.736538170915836,8.798972901458729,535.9936714650892,0.16633333333333333,-1.648849822040056
2021-06-28 13:30:00,0.0,0.7697062100689811,8.596328954189072,523.6495178333358,0.16633333333333333,-1.5949293799144069
2021-06-28 14:00:00,0.0,0.7075214793657881,9.635024165174665,586.9221367974282,0.16366666666666665,-1.5432153467167613
2021-06-28 14:30:00,0.0,0.7426095126640898,8.842178256517633,538.6255464741753,0.16366666666666665,-1.5045882119320129
2021-06-28 15:00:00,0.0,0.7594579199749342,9.551284928734889,581.82112088481,0.15933333333333333,-1.4719768440252905
2021-06-28 15:30:00,0.0,0.7472645178082971,9.227632339242083,562.1056675399459,0.15933333333333333,-1.429924119172446
2021-06-28 16:00:00,0.0,0.7013071874084007,9.170908691878282,558.6503192453314,0.156,-1.3662048409803442
2021-06-28 16:30:00,0.0,0.7184205944044124,9.14249772028048,556.9196512290597,0.156,-1.2800958542175445
2021-06-28 17:00:00,0.0,1.0360270318088225,8.726793482656857,531.5968274105498,0.15366666666666665,-1.1850752789544936
2021-06-28 17:30:00,0.0,1.35247341589234,9.085577006136363,553.4522985166241,0.15366666666666665,-1.1020165918649605
2021-06-28 18:00:00,0.0,1.1907170944287502,8.697861748099406,529.8344368678161,0.15333333333333332,-1.0455580752383418
2021-06-28 18:30:00,0.0,1.0550860817791128,8.31857939589226,506.73026973852296,0.15333333333333332,-1.0149915352462162
2021-06-28 19:00:00,0.0,0.8700574139041917,8.00783152449343,487.80091351066056,0.15266666666666664,-0.996820996078408
2021-06-28 19:30:00,0.0,0.5132446897171259,7.297384529673176,444.52369270322777,0.15266666666666664,-0.9741639623671708
2021-06-28 20:00:00,0.0,0.2802229896208369,7.127997510978169,434.20540089057647,0.152,-0.9345630659254738
2021-06-28 20:30:00,0.0,0.2576183617156385,6.390190123486708,389.261508588095,0.152,-0.8734039861146199
2021-06-28 21:00:00,0.0,0.1440944310895227,6.101333806994097,371.6656869692912,0.15233333333333335,-0.7942831480536408
2021-06-28 21:30:00,0.0,6.486186314359043e-05,5.010095269902424,305.192365993045,0.15233333333333335,-0.7071214923336673
2021-06-28 22:00:00,0.0,0.1051578207362504,3.7207207255936656,226.6494947241603,0.15366666666666667,-0.6242383962741346
2021-06-28 22:30:00,0.0,0.1555896806329053,2.823922471600348,172.02059722617264,0.15366666666666667,-0.5557544549460497
2021-06-28 23:00:00,0.0,0.1482355907010724,2.351855594712244,143.26441609526296,0.154,-0.506342397921514
2021-06-28 23:30:00,0.0,0.146782692299743,2.504031602778047,152.53429090742068,0.154,-0.4748451040397767
2021-06-29 00:00:00,0.0,0.0835157948138438,1.2344416048654352,75.19660480956705,0.15433333333333332,-0.4566636342990668
2021-06-29 00:30:00,0.0,0.1264310059835054,1.575373499698052,95.9646353601088,0.15433333333333332,-0.446872031162231
2021-06-29 01:00:00,0.0,0.1229493169706687,1.072104452124359,65.30775897638426,0.15466666666666665,-0.4419665446387981
2021-06-29 01:30:00,0.0,0.0733882699348719,1.1939728051479757,72.7314283869018,0.15466666666666665,-0.4400581493677836
2021-06-29 02:00:00,0.0,0.069841149345159,0.3469488024888346,21.13455337788084,0.15433333333333332,-0.4403807677027964
2021-06-29 02:30:00,0.0,0.0697115512356053,0.262471217484125,15.988560606875506,0.15433333333333332,-0.4425313762164444
2021-06-29 03:00:00,0.0,4.969524075112918e-05,0.4730353168458013,28.815174117288084,0.15466666666666665,-0.4458614292784045
2021-06-29 03:30:00,0.0,0.0667002234835296,0.4939768611821986,30.090838375005447,0.15466666666666665,-0.449692272267823
2021-06-29 04:00:00,0.0,0.0648431521748127,0.7643504339234344,46.56077475777157,0.15466666666666665,-0.4541208764563111
2021-06-29 04:30:00,0.0,0.0623706148096073,0.7022616734224941,42.77860801282132,0.15466666666666665,-0.4604481721982256
2021-06-29 05:00:00,0.0,0.0589098884647758,0.0069888276269321,0.425727800386225,0.15433333333333332,-0.4708533558938166
2021-06-29 05:30:00,0.0,0.0581973262590916,0.5148977095255306,31.365241926339017,0.15433333333333332,-0.4876092202592158
2021-06-29 06:00:00,0.0,0.0542603881976264,1.3352799290258333,81.3392198848059,0.15466666666666665,-0.5121773899649136
2021-06-29 06:30:00,0.0,0.0535814444753106,1.8324834418106652,111.62661129598986,0.15466666666666665,-0.5448800091943509
2021-06-29 07:00:00,0.0,4.3438351331317256e-05,1.9109810679822496,116.4083319950076,0.15433333333333332,-0.585924230389081
2021-06-29 07:30:00,0.0,4.494592287399764e-05,2.8502068077597484,173.62172022062623,0.15433333333333332,-0.637243129960283
2021-06-29 08:00:00,0.0,0.0442350783900926,2.2800027361210944,138.88746461321583,0.15466666666666665,-0.7032920034847912
2021-06-29 08:30:00,0.0,4.609456319267253e-05,3.4425004497436986,209.70157264292155,0.15466666666666665,-0.7896091437948459
2021-06-29 09:00:00,0.0,5.030226398317015e-05,4.161249359425251,253.48450859194324,0.15433333333333332,-0.9003430469685885
2021-06-29 09:30:00,0.0,5.429524582543376e-05,5.366197833706808,326.8845251494847,0.15433333333333332,-1.036372492430831
2021-06-29 10:00:00,0.0,5.758470916364338e-05,7.109292600993283,433.0659822914397,0.15333333333333332,-1.1940119099113211
2021-06-29 10:30:00,0.0,6.34572238430404e-05,8.099244891836403,493.3694028027488,0.15333333333333332,-1.3634878419103855
2021-06-29 11:00:00,0.0,0.3122395265473613,8.351542061170854,508.7382063672424,0.15266666666666664,-1.527827748016779
2021-06-29 11:30:00,0.0,0.3371969166052806,8.63044108868573,525.727474933004,0.15266666666666664,-1.664174310125086
2021-06-29 12:00:00,0.0,0.3840238540593511,9.006984623632643,548.6648056900041,0.15133333333333332,-1.7499267773025944
2021-06-29 12:30:00,0.0,0.6283603410954447,9.12168747695645,555.6519852357392,0.15133333333333332,-1.774109494343568
2021-06-29 13:00:00,0.0,0.7117538509922808,8.819438974184925,537.2403721407063,0.14966666666666664,-1.746681035978103
2021-06-29 13:30:00,0.0,0.7369912444719212,8.63044108868573,525.727474933004,0.14966666666666664,-1.6944423184051771
2021-06-29 14:00:00,0.0,0.954465165300822,8.746920872364337,532.822897046988,0.14633333333333334,-1.6438523183867149
2021-06-29 14:30:00,0.0,1.0140069944438013,8.336773830249612,507.8385924689875,0.14633333333333334,-1.606678652197269
2021-06-29 15:00:00,0.0,1.0421703410222378,8.615841830527772,524.8381540919939,0.143,-1.5803018335180123
2021-06-29 15:30:00,0.0,1.0863228009352437,8.615841830527772,524.8381540919939,0.143,-1.5563323630544252
2021-06-29 16:00:00,0.0,0.88556925169231,8.67418635271278,528.3922387568796,0.14033333333333334,-1.5263483144976104
2021-06-29 16:30:00,0.0,0.8412368912733434,9.910014427263269,603.6733010349705,0.14033333333333334,-1.484358799227536
2021-06-29 17:00:00,0.0,0.7771646642804361,9.43438926724862,574.700365373905,0.13766666666666666,-1.42972456263875
2021-06-29 17:30:00,0.0,0.7843303778514239,9.631339455326287,586.6976809226309,0.13766666666666666,-1.3679959395540449
2021-06-29 18:00:00,0.0,0.4749914154421881,9.349499618651157,569.5292715507164,0.13633333333333333,-1.3069322276010802
2021-06-29 18:30:00,0.0,0.4687635467064515,9.75712949589687,594.3602418185726,0.13633333333333333,-1.25092405849362
2021-06-29 19:00:00,0.0,0.5792742224037246,8.963832300638943,546.0361611547077,0.13533333333333333,-1.1982767560969367
2021-06-29 19:30:00,0.0,0.739694996484245,9.064403094964105,552.1624795212032,0.13533333333333333,-1.1421126306302112
2021-06-29 20:00:00,0.0,0.3195944205967558,8.29241491298883,505.13644766287257,0.13533333333333333,-1.073934698723962
2021-06-29 20:30:00,0.0,0.2950549512699571,7.448983186167275,453.7583978663697,0.13533333333333333,-0.9887772871143774
2021-06-29 21:00:00,0.0,0.2556656001962641,6.462855669031684,393.6879652872864,0.13566666666666669,-0.8892173254557372
2021-06-29 21:30:00,0.0,0.1341472455228657,5.19793439065077,316.6346764879425,0.13566666666666669,-0.7851749295356109
2021-06-29 22:00:00,0.0,0.1306759337544931,4.196585663167696,255.63703655072104,0.13733333333333334,-0.6895539607275064
2021-06-29 22:30:00,0.0,0.1161569532824177,2.680704416126082,163.29640040985828,0.13733333333333334,-0.6129979843151594
2021-06-29 23:00:00,0.0,0.1720279746929792,2.9064172417239047,177.04580587386187,0.1376666666666667,-0.5605660061357407
2021-06-29 23:30:00,0.0,0.1620537939857761,2.222152327524024,135.36347911548134,0.1376666666666667,-0.5310311981861965
2021-06-30 00:00:00,0.0,0.1508628133171867,2.011267339830176,122.51731853778976,0.1376666666666667,-0.518463552577843
2021-06-30 00:30:00,0.0,0.1452056557036945,1.6753681089914385,102.05585513793014,0.1376666666666667,-0.5153582376086137
2021-06-30 01:00:00,0.0,0.1370824401626929,1.555553907944199,94.75731538423686,0.138,-0.515793908478326
2021-06-30 01:30:00,0.0,0.0803195703130059,0.2125752070569998,12.949121104128372,0.138,-0.5168050592087331
2021-06-30 02:00:00,0.0,0.1246663446236365,1.515466953025442,92.31539922136314,0.1376666666666667,-0.5175737521871537
2021-06-30 02:30:00,0.0,0.1186427974910772,0.4036694037814445,24.589716119601903,0.1376666666666667,-0.517951503711394
2021-06-30 03:00:00,0.0,0.0707156477605043,1.1512708766348627,70.13021984827921,0.138,-0.5178362241327389
2021-06-30 03:30:00,0.0,0.068344428259597,0.5301124614541328,32.29205586678087,0.138,-0.517380476845138
2021-06-30 04:00:00,0.0,0.0650447422911372,0.1912353220885232,11.649191734985733,0.13733333333333334,-0.5172924341531198
2021-06-30 04:30:00,0.0,0.0618495793437733,0.4247957929150303,25.876640287152583,0.13733333333333334,-0.5190052321366835
2021-06-30 05:00:00,0.0,0.0583364754498922,0.4669853723596354,28.446638835543727,0.13733333333333334,-0.5246229168913221
2021-06-30 05:30:00,0.0,0.0573536510228905,0.4247957929150303,25.876640287152583,0.13733333333333334,-0.5364369883202853
2021-06-30 06:00:00,0.0,0.0557006651060762,0.5930519531001677,36.12604530910678,0.1376666666666667,-0.5561938476159801
2021-06-30 06:30:00,0.0,4.470821142930976e-05,1.4953953783643943,91.0927295853563,0.1376666666666667,-0.5848378593205272
2021-06-30 07:00:00,0.0,4.428256051936826e-05,1.972019971036253,120.1265461680156,0.13733333333333334,-0.6234445048149936
2021-06-30 07:30:00,0.0,0.0476093079357818,2.4383611985765175,148.5339466116974,0.13733333333333334,-0.6749346781957877
2021-06-30 08:00:00,0.0,0.0479797578619545,2.9888501967102203,182.0672490226988,0.13733333333333334,-0.7447835952159633
2021-06-30 08:30:00,0.0,0.0511764948549113,3.286754450276535,200.21423008540947,0.13733333333333334,-0.8393151235249586
2021-06-30 09:00:00,0.0,5.004921357734715e-05,3.9427113573387342,240.1721609571894,0.137,-0.9628278535420308
2021-06-30 09:30:00,0.0,5.376722386039596e-05,5.335049253106718,324.9870943625345,0.137,-1.115298819441816
2021-06-30 10:00:00,0.0,5.797036889796161e-05,7.136600810092416,434.7294749990662,0.13633333333333333,-1.290451468530304
2021-06-30 10:30:00,0.0,6.50371129682376e-05,8.339635653485917,508.01292180954687,0.13633333333333333,-1.473617859351083
2021-06-30 11:00:00,0.0,0.3235933692306744,8.678860954063552,528.6769943492307,0.13566666666666669,-1.6414095802772504
2021-06-30 11:30:00,0.0,0.343324542689707,8.62020475280328,525.1039236033853,0.13566666666666669,-1.766304532037082
2021-06-30 12:00:00,0.0,0.4220642519768683,8.839440893598148,538.4587986937493,0.134,-1.8274816540202627
2021-06-30 12:30:00,0.0,0.8303549611416664,8.502465881159093,517.9318035396603,0.134,-1.8240509127785425
2021-06-30 13:00:00,0.0,1.1757421301548328,8.634882070188374,525.997999459806,0.13233333333333333,-1.7792701219473035
2021-06-30 13:30:00,0.0,1.3730568183877818,8.41378517318431,512.529775508906,0.13233333333333333,-1.72702541366133
2021-06-30 14:00:00,0.0,1.1684912801187883,8.220521155415803,500.75700479964934,0.12933333333333333,-1.6901716043185018
2021-06-30 14:30:00,0.0,1.3738801658034132,8.08581025624783,492.5510255063804,0.12933333333333333,-1.6710247956358983
2021-06-30 15:00:00,0.0,1.3650695498538163,8.70813611889619,530.4603051125574,0.126,-1.6591626717688053
2021-06-30 15:30:00,0.0,0.9595497150118528,8.458166096372867,515.2332608167084,0.126,-1.6425807532918069
2021-06-30 16:00:00,0.0,0.6860049412984728,8.839440893598148,538.4587986937493,0.12266666666666666,-1.6118667930081272
2021-06-30 16:30:00,0.0,0.936587596642758,8.384152631422815,510.724694957862,0.12266666666666666,-1.5617398635145343
2021-06-30 17:00:00,0.0,0.837107125242783,9.085552379357884,553.450798364554,0.12033333333333335,-1.4946392661968002
2021-06-30 17:30:00,0.0,0.8412990242553676,8.737376133956724,532.2414747105898,0.12033333333333335,-1.4213747836568598
2021-06-30 18:00:00,0.0,0.73519536262323,9.071143476394608,552.573073101894,0.11866666666666668,-1.3548126882207914
2021-06-30 18:30:00,0.0,0.7240245684990735,9.157470313271164,557.831713941186,0.11866666666666668,-1.3015643200740117
2021-06-30 19:00:00,0.0,0.6212941405753227,8.941080805026619,544.6502428434296,0.11766666666666668,-1.2587931745754557
2021-06-30 19:30:00,0.0,0.5988732520430871,8.100815409905065,493.4650716671892,0.11766666666666668,-1.2170759707187258
2021-06-30 20:00:00,0.0,0.3437694453725737,7.844443953155316,477.8480809228069,0.11766666666666668,-1.1658407910248756
2021-06-30 20:30:00,0.0,0.3230679017932983,7.431530890978985,452.6952829007681,0.11766666666666668,-1.0982931723262956
2021-06-30 21:00:00,0.0,0.1820706969073074,6.55145041239389,399.084756742269,0.11733333333333335,-1.014102322699788
2021-06-30 21:30:00,0.0,0.2662511824352797,5.0291631316769925,306.3538939752309,0.11733333333333335,-0.9188784487741342
2021-06-30 22:00:00,0.0,0.2523180203656894,4.281271504609525,260.7957153628801,0.119,-0.8211648180881665
2021-06-30 22:30:00,0.0,0.1273888569552268,3.0637053230391547,186.62708508974444,0.119,-0.729476703373519
2021-06-30 23:00:00,0.0,5.9021508880826966e-05,2.167548890369356,132.03728444675,0.11966666666666666,-0.6509936354929242
2021-06-30 23:30:00,0.0,0.106364888279739,2.3033770458960627,140.3113219491295,0.11966666666666666,-0.5909734324926451
2021-07-01 00:00:00,0.0,0.0995816951158368,1.8945947008365425,115.41014854942088,0.12,-0.5517003805207221
2021-07-01 00:30:00,0.0,0.1522781842593327,1.1689373453865934,71.20638129963379,0.12,-0.5317218179502775
2021-07-01 01:00:00,0.0,0.1444358006777947,1.250789003558038,76.19241447306756,0.12,-0.5265798501253344
2021-07-01 01:30:00,0.0,0.1395428771998869,,33.32,0.12,-0.5306957548441928
2021-07-01 02:00:00,0.0,0.0863145205780458,0.6501205100933146,39.6024039398852,0.12033333333333333,-0.5391533989172788
2021-07-01 02:30:00,0.0,0.1291154476412641,0.7549010100190883,45.98515855023889,0.12033333333333333,-0.5486108869661753
2021-07-01 03:00:00,0.0,0.1240482052857307,1.127893651828562,68.70618494182818,0.12,-0.5572932549414504
2021-07-01 03:30:00,0.0,0.1223267519893314,0.5659219138646179,34.4734059045186,0.12,-0.5644677148808265
2021-07-01 04:00:00,0.0,0.1201449265387279,0.5236968423801962,31.901245341430727,0.12066666666666666,-0.5700737901869429
2021-07-01 04:30:00,0.0,0.0737191491395918,0.7549010100190883,45.98515855023889,0.12066666666666666,-0.5750203928550799
2021-07-01 05:00:00,0.0,0.068067462323871,0.2685612699068238,16.359539082887856,0.12033333333333333,-0.5817117945958629
2021-07-01 05:30:00,0.0,0.069962924640955,0.9007310308047316,54.86846449129582,0.12033333333333333,-0.593750789593429
2021-07-01 06:00:00,0.0,0.067214031179932,1.3932802785476317,84.87233910617472,0.12033333333333333,-0.6147352947688782
2021-07-01 06:30:00,0.0,0.0637062507602843,1.8350496099750089,111.78293066546708,0.12033333333333333,-0.6473951882325287
2021-07-01 07:00:00,0.0,0.0635044733502585,1.4742804552752904,89.80650387742674,0.12066666666666669,-0.6942143157057765
2021-07-01 07:30:00,0.0,0.060190411550616,2.8257296177357003,172.13068040324447,0.12066666666666669,-0.7587584160554206
2021-07-01 08:00:00,0.0,4.269485498715827e-05,3.406672261593072,207.51908130855085,0.12033333333333335,-0.8454689218575807
2021-07-01 08:30:00,0.0,4.5278731202740096e-05,3.700634875189132,225.42595547436449,0.12033333333333335,-0.9571714447795536
2021-07-01 09:00:00,0.0,5.297895826524656e-05,4.330450111635162,263.79145389195776,0.12033333333333335,-1.0929795474595576
2021-07-01 09:30:00,0.0,5.530754523078875e-05,5.183550816306791,315.75849413032415,0.12033333333333335,-1.248617494598274
2021-07-01 10:00:00,0.0,5.969384359911485e-05,7.4132009686091,451.5787068527755,0.11966666666666669,-1.417505335333823
2021-07-01 10:30:00,0.0,6.604418756649016e-05,8.386614855294523,510.8746825106987,0.11966666666666669,-1.5901194247764503
2021-07-01 11:00:00,0.0,0.302163018445912,8.65344513166221,527.1287772885846,0.11833333333333335,-1.7516819916854962
2021-07-01 11:30:00,0.0,0.5371952363524459,8.623941732243697,525.3315635055524,0.11833333333333335,-1.8803786153320208
2021-07-01 12:00:00,0.0,0.4039272186423271,8.844350875243146,538.7578925900712,0.11766666666666668,-1.9514042488481096
2021-07-01 12:30:00,0.0,0.6549584040228946,8.727047507423492,531.6123014515358,0.11766666666666668,-1.951148563863468
2021-07-01 13:00:00,0.0,0.681799833245188,8.267073445591079,503.5927599730762,0.116,-1.8920221957023713
2021-07-01 13:30:00,0.0,0.705831660785407,8.101731060836563,493.5208489846159,0.116,-1.807900600681083
2021-07-01 14:00:00,0.0,0.9688980793105796,8.668183422511602,528.0265673729451,0.11366666666666668,-1.727668178370081
2021-07-01 14:30:00,0.0,1.217555881738493,8.550026164888223,520.8289611258226,0.11366666666666668,-1.6530080968784189
2021-07-01 15:00:00,0.0,1.0384366384656354,8.844350875243146,538.7578925900712,0.11033333333333334,-1.564459821751384
2021-07-01 15:30:00,0.0,0.712852964188902,7.950427471826552,484.30411799935786,0.11033333333333334,-1.4465185841620234
2021-07-01 16:00:00,0.0,0.3012196486107531,8.192058408002858,499.02318283466536,0.10866666666666668,-1.3032734810686504
2021-07-01 16:30:00,0.0,0.4946954217498311,7.675650560980155,467.5659501554747,0.10866666666666668,-1.1535653302809006
2021-07-01 17:00:00,0.0,0.1907827299066289,6.847638509020674,417.1271972785875,0.10933333333333334,-1.0193111879203274
2021-07-01 17:30:00,0.0,0.1849390078131659,5.740565351479336,349.6893027724392,0.10933333333333334,-0.91934261990747
2021-07-01 18:00:00,0.0,0.0056505538533459,4.294934624511184,261.62801089120745,0.11033333333333334,-0.8655295748134955
2021-07-01 18:30:00,0.0,0.0058988368145094,4.7174627223003816,287.36651343775435,0.11033333333333334,-0.8569449791617303
2021-07-01 19:00:00,0.0,0.0102262262264064,4.383618194588392,267.03021326830924,0.11,-0.8784859203837647
2021-07-01 19:30:00,0.0,0.0106163467586973,3.9366462930241264,239.80270464381448,0.11,-0.9085583597958036
2021-07-01 20:00:00,0.0,6.253256228342883e-05,4.205899015277136,256.20436387934126,0.11,-0.9292094420465812
2021-07-01 20:30:00,0.0,6.357379775612843e-05,5.097957001272695,310.54450566955467,0.11,-0.930909520079112
2021-07-01 21:00:00,0.0,6.12172400891345e-05,3.9366462930241264,239.80270464381448,0.10933333333333334,-0.9120364733054924
2021-07-01 21:30:00,0.0,6.116103778020574e-05,3.5173659177239633,214.262038676638,0.10933333333333334,-0.8763265796277492
2021-07-01 22:00:00,0.0,0.1353655026863424,4.27715577207927,260.54500353385583,0.10966666666666668,-0.8302551371356027
2021-07-01 22:30:00,0.0,0.1076144996572995,2.3845326683250936,145.25495577013598,0.10966666666666668,-0.7815310287828506
2021-07-01 23:00:00,0.0,0.1020467402775215,1.5146661558193928,92.26661827393028,0.11,-0.7380463152856006
2021-07-01 23:30:00,0.0,0.1571486241724634,1.4944828033475723,91.03713963875326,0.11,-0.7055312368806782
2021-07-02 00:00:00,0.0,0.1474209740737272,1.268357813997536,77.26262702130482,0.11033333333333334,-0.6851727213351809
2021-07-02 00:30:00,0.0,0.0888564357647706,1.8952281686586243,115.4487365468514,0.11033333333333334,-0.6740503505205119
2021-07-02 01:00:00,0.0,0.1395876066022973,1.1655116090786162,70.99770092275939,0.11,-0.6678697481236828
2021-07-02 01:30:00,0.0,0.1377196546056725,0.9374910297550504,57.10771752924616,0.11,-0.6631004215228439
2021-07-02 02:00:00,0.0,0.0876254395158251,0.9166404348681236,55.837593501040296,0.11033333333333334,-0.6574875979443813
2021-07-02 02:30:00,0.0,0.0805492354602033,0.4952742053893537,30.16986672212443,0.11033333333333334,-0.6501476118678428
2021-07-02 03:00:00,0.0,4.672412775595169e-05,0.0653501401303939,3.980835255605906,0.11033333333333334,-0.6418463876942074
2021-07-02 03:30:00,0.0,0.0756475293769204,0.5165425017889331,31.465435239119003,0.11033333333333334,-0.6346679624372292
2021-07-02 04:00:00,0.0,4.556655502555563e-05,0.9166404348681236,55.837593501040296,0.11033333333333334,-0.6309898784695361
2021-07-02 04:30:00,0.0,4.5614963145202326e-05,0.0653501401303939,3.980835255605906,0.11033333333333334,-0.633043697832776
2021-07-02 05:00:00,0.0,4.5040008757780785e-05,0.3028910905357596,18.450756638131235,0.11033333333333334,-0.6433994130509746
2021-07-02 05:30:00,0.0,4.357773870443802e-05,0.3457944694645662,21.064236625834877,0.11033333333333334,-0.6646573347992689
2021-07-02 06:00:00,0.0,4.5040008757780785e-05,1.268357813997536,77.26262702130482,0.111,-0.6977915479428056
2021-07-02 06:30:00,0.0,4.556655502555563e-05,2.133075017744627,129.93729189481417,0.111,-0.7415589549200764
2021-07-02 07:00:00,0.0,4.489792263814394e-05,3.040368078509119,185.2054856010747,0.111,-0.7946337620443908
2021-07-02 07:30:00,0.0,4.489792263814394e-05,2.7357159263293194,166.64745304485209,0.111,-0.8580528078034426
2021-07-02 08:00:00,0.0,4.804951435864396e-05,3.802333054645462,231.620949049021,0.111,-0.9352298891532336
2021-07-02 08:30:00,0.0,4.8147198269495526e-05,4.074689567270627,248.2116771697075,0.111,-1.0303043208005116
2021-07-02 09:00:00,0.0,0.0062527274125736,5.201000191145652,316.821431201434,0.11066666666666668,-1.146493392473399
2021-07-02 09:30:00,0.0,0.0064682775197184,5.977407300836145,364.1166441694856,0.11066666666666668,-1.2837852699529366
2021-07-02 10:00:00,0.0,0.0329221166598758,7.190018524108004,437.9834407717919,0.11,-1.4359319849959884
2021-07-02 10:30:00,0.0,0.0354798008438755,8.701134903345553,530.0338226958332,0.11,-1.5893199060434169
2021-07-02 11:00:00,0.0,0.075308130086554,9.15553434498595,557.7137835008206,0.10966666666666668,-1.7250433464182695
2021-07-02 11:30:00,0.0,0.2482985797103672,9.213557625621354,561.2482995820171,0.10966666666666668,-1.822411651351485
2021-07-02 12:00:00,0.0,0.4759730465231112,9.213557625621354,561.2482995820171,0.10833333333333334,-1.8649026889437783
2021-07-02 12:30:00,0.0,0.4506831828997721,8.62704601206028,525.5206622054551,0.10833333333333334,-1.8494805997075432
2021-07-02 13:00:00,0.0,0.769796852281253,8.448305425530341,514.6325933038993,0.10733333333333334,-1.7901194506985518
2021-07-02 13:30:00,0.0,0.7527783486533199,8.774999047392365,534.5332925999528,0.10733333333333334,-1.7060966639855644
2021-07-02 14:00:00,0.0,0.298405555120837,7.658087034080305,466.4960594565994,0.106,-1.605834531223853
2021-07-02 14:30:00,0.0,0.3323577072599667,7.252963977985717,441.8177934063316,0.106,-1.4855605614406129
2021-07-02 15:00:00,0.0,0.1566863570246848,8.041243724965561,489.8362337921694,0.10533333333333333,-1.342676353537054
2021-07-02 15:30:00,0.0,0.3553740154456045,6.744631419349936,410.8524708079105,0.10533333333333333,-1.1879063994515993
2021-07-02 16:00:00,0.8,0.0865558990043107,4.1647416357695,253.6972422871697,0.109,-1.0458266538377854
2021-07-02 16:30:00,0.0,0.0499322528730856,3.820594096729535,232.73332922123384,0.109,-0.9439159590546872
2021-07-02 17:00:00,0.0,5.297895826524656e-05,4.056635541730029,247.11190750992992,0.124,-0.8986603748088873
2021-07-02 17:30:00,0.0,0.1354667598981817,5.38906999666908,328.2777939704926,0.124,-0.9106231124843108
2021-07-02 18:00:00,0.0,0.1580928326919096,4.609656230977661,280.7994291042801,0.125,-0.9702727174351928
2021-07-02 18:30:00,0.0,0.1400158830703075,5.592487848939802,340.6690903980622,0.125,-1.063261044651186
2021-07-02 19:00:00,0.0,0.1220814761225928,6.631952259840888,403.9885655454176,0.12533333333333332,-1.16845596234675
2021-07-02 19:30:00,0.0,0.0139388192280854,6.984279246908872,425.4507336268187,0.12533333333333332,-1.2564080017621653
2021-07-02 20:00:00,0.0,0.1590964940670191,7.425206204432507,452.3100115741169,0.12433333333333334,-1.297680276023417
2021-07-02 20:30:00,0.0,0.2968709400363584,6.936544791587695,422.5429662942541,0.12433333333333334,-1.2775051443701275
2021-07-02 21:00:00,0.0,0.1691384145982625,5.1322247093039195,312.63193960599796,0.124,-1.2040309467242798
2021-07-02 21:30:00,0.0,4.934261508920132e-05,4.290208994621405,261.3401468708298,0.124,-1.102543116049805
2021-07-02 22:00:00,0.0,5.081039665670141e-05,3.266115756556236,198.9570141188104,0.12466666666666666,-1.0009400841844578
2021-07-02 22:30:00,0.0,4.7311103441097886e-05,2.581784631885994,157.27065411774396,0.12466666666666666,-0.9175165094052526
2021-07-02 23:00:00,0.0,4.696786173609869e-05,2.014478524375703,122.71292939073642,0.125,-0.8571273416009917
2021-07-02 23:30:00,0.0,0.0786453489573156,1.2478281061334997,76.01204998062245,0.125,-0.8149204004857343
2021-07-03 00:00:00,0.0,0.1108678368696714,2.0350321345856472,123.96496245433002,0.12533333333333332,-0.7836353975112939
2021-07-03 00:30:00,0.0,0.1250278776988101,1.7140837355323726,104.41423617230134,0.12533333333333332,-0.7591037107225318
2021-07-03 01:00:00,0.0,0.0950788932262819,0.8690736090257156,52.940037398897275,0.12533333333333332,-0.7404161898368972
2021-07-03 01:30:00,0.0,0.0937406003531239,1.7140837355323726,104.41423617230134,0.12533333333333332,-0.7267307368524808
2021-07-03 02:00:00,0.0,0.0855936570558818,0.3368804039427459,20.52123203197725,0.12566666666666668,-0.7154835710032937
2021-07-03 02:30:00,0.0,0.0887602287699601,0.8269858557987416,50.37624164358786,0.12566666666666668,-0.7034521550808978
2021-07-03 03:00:00,0.0,0.0804066860556016,0.9530002276453744,58.05246778723766,0.12566666666666668,-0.6887146516031916
2021-07-03 03:30:00,0.0,0.0468273760120679,1.3472037904193055,82.06556764356176,0.12566666666666668,-0.6716450563388532
2021-07-03 04:00:00,0.0,0.0722125028092599,0.6790189269143373,41.362764916660176,0.12566666666666668,-0.6543215553936783
2021-07-03 04:30:00,0.0,0.0730187553457556,0.4658312279526072,28.37633357320778,0.12566666666666668,-0.6390304884591771
2021-07-03 05:00:00,0.0,0.0874199974640943,0.594001011100556,36.183857634222264,0.12566666666666668,-0.6278699182120904
2021-07-03 05:30:00,0.0,0.0662880897861099,0.2937213460168571,17.892177235043338,0.12566666666666668,-0.6243728837304591
2021-07-03 06:00:00,0.0,3.598923620581269e-05,0.7848146370921645,47.80736154839536,0.126,-0.634754744997792
2021-07-03 06:30:00,0.0,0.0294082727700324,1.3472037904193055,82.06556764356176,0.126,-0.6657754998253221
2021-07-03 07:00:00,0.0,0.0550098735787529,1.9951734442284428,121.53695113714475,0.126,-0.7204016389445626
2021-07-03 07:30:00,0.0,0.0330931241731307,2.0151119707232312,122.75151608003416,0.126,-0.795843689143638
2021-07-03 08:00:00,0.0,0.0315561050742386,2.585497438547444,157.49682152343976,0.12533333333333335,-0.8858300187325429
2021-07-03 08:30:00,0.0,4.010504485176586e-05,3.5538531974961813,216.4846788945256,0.12533333333333335,-0.9843543439615946
2021-07-03 09:00:00,0.0,4.214173306104348e-05,4.410251930388802,268.6526201101494,0.12533333333333335,-1.0882088752960917
2021-07-03 09:30:00,0.0,4.329726832991097e-05,4.975172900412953,303.0650530386183,0.12533333333333335,-1.1977064208627075
2021-07-03 10:00:00,0.0,4.518435943116703e-05,6.2467857885044,380.5259644658448,0.12500000000000003,-1.3152139001967522
2021-07-03 10:30:00,0.0,0.0705601863461719,6.881391752885098,419.1832923825683,0.12500000000000003,-1.4416204069105918
2021-07-03 11:00:00,0.0,0.2562514243073843,7.514940869809625,457.77624192757094,0.12433333333333335,-1.5725770188999697
2021-07-03 11:30:00,0.0,0.3430982339700458,7.794611429795429,474.812508765333,0.12433333333333335,-1.6964271675757197
2021-07-03 12:00:00,0.0,0.4222341544870642,8.599650591592633,523.8518569753186,0.12366666666666669,-1.795682140864707
2021-07-03 12:30:00,0.0,0.4680023780165055,8.509849295208799,518.3815677620041,0.12366666666666669,-1.8541758876151544
2021-07-03 13:00:00,0.0,0.5315247315267317,8.419714299362688,512.890951085251,0.12233333333333335,-1.867311434137044
2021-07-03 13:30:00,0.0,0.6967443568494742,8.419714299362688,512.890951085251,0.12233333333333335,-1.846371832315025
2021-07-03 14:00:00,0.0,0.6045708905551556,8.524839268443905,519.2946892000888,0.12100000000000001,-1.8119859340681608
2021-07-03 14:30:00,0.0,0.6126885086613282,8.554791463808666,521.1192416043059,0.12100000000000001,-1.783275520603868
2021-07-03 15:00:00,0.0,0.4245946807958597,8.329242504895053,507.3798181582814,0.11966666666666669,-1.7709938833433527
2021-07-03 15:30:00,0.0,0.4173902917200091,8.29900985404598,505.53818167318326,0.11966666666666669,-1.7754048182510187
2021-07-03 16:00:00,0.0,0.534676091530664,7.902494033765247,481.3842295373576,0.11866666666666668,-1.7869461058517804
2021-07-03 16:30:00,0.0,0.5754015804218752,8.584706752198413,522.9415458023674,0.11866666666666668,-1.791079441072298
2021-07-03 17:00:00,0.0,0.6301030486662719,8.253589800257322,502.77139722447913,0.117,-1.776923063403803
2021-07-03 17:30:00,0.0,0.6514914129230338,7.686239940431824,468.2110073041217,0.117,-1.7425624800683113
2021-07-03 18:00:00,0.0,0.5181094168988986,8.086313776249835,492.5816976697741,0.116,-1.6916920821307806
2021-07-03 18:30:00,0.0,0.290667172772783,7.794611429795429,474.812508765333,0.116,-1.626777064039324
2021-07-03 19:00:00,0.0,0.5313864816755202,7.405286753199794,451.09660861000265,0.115,-1.547204157480955
2021-07-03 19:30:00,0.0,0.4708271454719983,6.427531331426369,391.53616625151415,0.115,-1.4523452194281443
2021-07-03 20:00:00,0.0,0.2636401360442963,6.671765117765628,406.4137849579085,0.115,-1.3438814940441697
2021-07-03 20:30:00,0.0,0.0029944587577443,5.611307719157472,341.8155118551386,0.115,-1.226156601487609
2021-07-03 21:00:00,0.0,0.0878871115538644,3.995268492371602,243.37370414676812,0.11533333333333334,-1.1069890768619446
2021-07-03 21:30:00,0.0,0.1760060901935822,3.1791702642410726,193.6606875855603,0.11533333333333334,-0.997862153485748
2021-07-03 22:00:00,0.0,0.1502377742289148,2.233232396905652,136.03842687750506,0.11566666666666668,-0.9105223646107096
2021-07-03 22:30:00,0.0,0.1183363557654409,2.566075941594776,156.31375168408582,0.11566666666666668,-0.8515981463299626
2021-07-03 23:00:00,0.0,4.619204375556081e-05,1.4497453800109523,88.3119379527579,0.116,-0.819692583584385
2021-07-03 23:30:00,0.0,4.575834189264077e-05,1.306049353222735,79.5586252836856,0.116,-0.8066547507602438
2021-07-04 00:00:00,0.0,0.0492568704164479,1.2813134843796687,78.05182792147575,0.116,-0.8013393454755837
2021-07-04 00:30:00,0.0,4.546982669752995e-05,0.3055000529284346,18.60968283863498,0.116,-0.7937942623075726
2021-07-04 01:00:00,0.0,4.456473885987298e-05,1.3227430286796118,80.57552856303252,0.116,-0.7786394449234797
2021-07-04 01:30:00,0.0,4.376465216959933e-05,1.528697776393744,93.12136119818734,0.116,-0.7566396381565772
2021-07-04 02:00:00,0.0,4.123069674470341e-05,0.4353536796782045,26.519779043514504,0.11633333333333334,-0.7332950299043963
2021-07-04 02:30:00,0.0,4.0913907542550583e-05,1.052004842883861,64.08338160047008,0.11633333333333334,-0.7145188092368463
2021-07-04 03:00:00,0.0,4.010504485176586e-05,0.9047876783004154,55.1155771269866,0.11666666666666668,-0.7023614311032244
2021-07-04 03:30:00,0.0,4.0643821461540775e-05,0.2837799705765204,17.28659356279501,0.11666666666666668,-0.694353700068365
2021-07-04 04:00:00,0.0,4.0239795705298545e-05,0.7777861945598049,47.379220586968344,0.117,-0.6866048969571686
2021-07-04 04:30:00,0.0,3.891027643412545e-05,-0.0447355415654648,-2.7250870569992807,0.117,-0.6777272567305855
2021-07-04 05:00:00,0.0,3.7606612811760686e-05,0.2837799705765204,17.28659356279501,0.117,-0.670820062001379
2021-07-04 05:30:00,0.0,3.6835678740633714e-05,0.7777861945598049,47.379220586968344,0.117,-0.6719190212512455
2021-07-04 06:00:00,0.0,3.641000309885901e-05,1.072953123112858,65.35945617832883,0.11733333333333335,-0.6851158016663856
2021-07-04 06:30:00,0.0,3.7909152495902515e-05,1.0310359703538083,62.806052632676206,0.11733333333333335,-0.7080686880008209
2021-07-04 07:00:00,0.0,3.834218123900825e-05,0.7565453277345592,46.085322955703106,0.11733333333333335,-0.7328764375419481
2021-07-04 07:30:00,0.0,3.803747056451597e-05,0.9469536235790572,57.68413598877699,0.11733333333333335,-0.7521938702762189
2021-07-04 08:00:00,0.0,0.0316485421915504,1.3227430286796118,80.57552856303252,0.11733333333333335,-0.7643417510611417
2021-07-04 08:30:00,0.0,0.0193792457281784,1.8541738663613825,112.94789395258812,0.11733333333333335,-0.7726881552806733
2021-07-04 09:00:00,0.0,0.0005253119398425,1.135674873354764,69.18018179816818,0.11733333333333335,-0.7811874341964458
2021-07-04 09:30:00,0.0,0.0005247074180288,1.9146571444833465,116.632261965298,0.11733333333333335,-0.7907288446937558
2021-07-04 10:00:00,0.0,3.704881103455631e-05,1.135674873354764,69.18018179816818,0.11733333333333335,-0.7985320177503372
2021-07-04 10:30:00,0.0,3.734850980499943e-05,1.9146571444833465,116.632261965298,0.11733333333333335,-0.8005611331026542
2021-07-04 11:00:00,0.0,0.0158130170620575,1.3020382791832796,79.31428877702702,0.11733333333333335,-0.7958306977904539
2021-07-04 11:30:00,0.0,0.0122876849016359,1.3847374507865051,84.35194863928045,0.11733333333333335,-0.7897574630941347
2021-07-04 12:00:00,0.0,0.009777002530064,1.4259676531340293,86.86350626981188,0.11766666666666668,-0.7932968430610976
2021-07-04 12:30:00,0.0,3.6580953183153445e-05,0.9890362619712266,60.247620171461215,0.11766666666666668,-0.8169440416448361
2021-07-04 13:00:00,0.0,0.0285139297252695,0.8836733471182536,53.82938747535346,0.11766666666666668,-0.8617762228714462
2021-07-04 13:30:00,0.0,0.0225691591986175,2.431885058930444,148.13944944655168,0.11766666666666668,-0.913092284132334
2021-07-04 14:00:00,0.0,0.1602640183962101,4.07880871403788,248.46259697862268,0.117,-0.9451022871227304
2021-07-04 14:30:00,0.0,0.1303545948260102,4.476611565605343,272.69494924505346,0.117,-0.9394243324318567
2021-07-04 15:00:00,0.0,0.0147273694331074,1.974971513664031,120.3063408085112,0.11633333333333334,-0.9036002856423258
2021-07-04 15:30:00,0.8,3.5947332179102164e-05,1.0100464589564624,61.52746643834247,0.11633333333333334,-0.8684974941352853
2021-07-04 16:00:00,0.8,0.0157182974400568,0.4137667287310273,25.20479953130393,0.14533333333333334,-0.8626804796098977
2021-07-04 16:30:00,0.2,4.1958954249968554e-05,1.6716995172574982,101.83238110583542,0.14533333333333334,-0.8882061663261476
2021-07-04 17:00:00,0.0,0.0119017885546041,3.147395032391384,191.725084035975,0.156,-0.9221794982307144
2021-07-04 17:30:00,0.0,0.0119142348605095,4.169840537901292,254.00784436591996,0.156,-0.9404816164608292
2021-07-04 18:00:00,0.0,0.0292595171936369,3.147395032391384,191.725084035975,0.15,-0.9375212504463866
2021-07-04 18:30:00,0.0,0.0037496291167038,1.9347806478108651,117.85809486102931,0.15,-0.9242435693044958
2021-07-04 19:00:00,0.0,0.035222122055091,3.1283607944732377,190.5656042671947,0.148,-0.912281296522678
2021-07-04 19:30:00,0.0,0.0095912852430957,2.705377826900439,164.79939310873584,0.148,-0.9032062062739304
2021-07-04 20:00:00,0.0,3.9439148086964545e-05,3.3179670731540862,202.115562038531,0.14633333333333334,-0.8905502252804091
2021-07-04 20:30:00,0.0,0.017089233536981,3.0520587089566065,185.9176259844428,0.14633333333333334,-0.8681084042795748
2021-07-04 21:00:00,0.0,0.0003069623874556,2.549516443702558,155.3050218957037,0.145,-0.8360165047753226
2021-07-04 21:30:00,0.0,0.0175835995212532,2.549516443702558,155.3050218957037,0.145,-0.8013762938555691
2021-07-04 22:00:00,0.0,0.0289761714379061,1.9950389568300864,121.52875877251104,0.14466666666666667,-0.773998220945176
2021-07-04 22:30:00,0.0,3.482268077466148e-05,2.0950978764343295,127.62389604388706,0.14466666666666667,-0.7601703844858789
2021-07-04 23:00:00,0.0,3.473896702563498e-05,2.1349923141414275,130.0540849281053,0.144,-0.7592519116163234
2021-07-04 23:30:00,0.0,3.424620892888093e-05,1.8945148735815327,115.40528583374088,0.144,-0.7657146060612069
2021-07-05 00:00:00,0.0,0.0159186114388462,1.6880576635536584,102.82884546478218,0.14333333333333334,-0.7738413665738243
2021-07-05 00:30:00,0.0,3.391914214544388e-05,1.6468727136355552,100.32004440778036,0.14333333333333334,-0.7804888467723984
2021-07-05 01:00:00,0.0,3.400155713459838e-05,1.5642654716753344,95.28798448399957,0.143,-0.7848533716698783
2021-07-05 01:30:00,0.0,3.383853668811971e-05,1.5849470597778192,96.5478133825454,0.143,-0.7871474927788311
2021-07-05 02:00:00,0.0,3.351404317298461e-05,1.2935753051602237,78.79876263904113,0.14233333333333334,-0.7876941586933837
2021-07-05 02:30:00,0.0,3.351404317298461e-05,1.0618257341438908,64.68162592085547,0.14233333333333334,-0.7866814400491955
2021-07-05 03:00:00,0.0,3.331269792334119e-05,0.8061030806507895,49.10415733928512,0.142,-0.7843452256209775
2021-07-05 03:30:00,0.0,3.3352570329917715e-05,1.0829980885217712,65.97135008339706,0.142,-0.7810972805907515
2021-07-05 04:00:00,0.0,3.307082152973579e-05,0.3510434737568148,21.383982249971517,0.14133333333333334,-0.7772981276854338
2021-07-05 04:30:00,0.0,3.303117294097335e-05,1.125279891185497,68.54696645359132,0.14133333333333334,-0.7730871127956895
2021-07-05 05:00:00,0.0,3.351404317298461e-05,1.667475041353054,101.5750451218067,0.14100000000000001,-0.7687628608124822
2021-07-05 05:30:00,0.0,3.267083954047346e-05,1.104149458285594,67.25979595806814,0.14100000000000001,-0.7653209429668505
2021-07-05 06:00:00,0.0,3.2830114591837195e-05,1.4189339470426423,86.43504467615203,0.14033333333333334,-0.7641952664955781
2021-07-05 06:30:00,0.0,3.2749591528663496e-05,0.5472668356411208,33.33702283112341,0.14033333333333334,-0.7662102484953581
2021-07-05 07:00:00,0.0,3.295032186546801e-05,0.7416893001781918,45.18036088314078,0.14,-0.7712070660679803
2021-07-05 07:30:00,0.0,3.295032186546801e-05,1.1463894348126482,69.83286446900554,0.14,-0.7792397705904229
2021-07-05 08:00:00,0.0,0.0025235977977834,0.8703222787629664,53.0161007172427,0.13933333333333334,-0.7919070693155494
2021-07-05 08:30:00,0.0,0.0025544176767618,1.4189339470426423,86.43504467615203,0.13933333333333334,-0.8118085539300027
2021-07-05 09:00:00,0.0,0.0107939878669602,1.2935753051602237,78.79876263904113,0.139,-0.8406670666087025
2021-07-05 09:30:00,0.0,0.0109121131065272,1.3980917042532903,85.16542941999191,0.139,-0.878758039278906
2021-07-05 10:00:00,0.0,0.0144120615468873,2.196343874291081,133.79134475865578,0.1386666666666667,-0.9262395059932806
2021-07-05 10:30:00,0.0,0.0146192578428183,2.0147347767925474,122.72853913010763,0.1386666666666667,-0.9829396298115212
2021-07-05 11:00:00,0.0,0.0408046550063464,3.1208900444411825,190.11051993142917,0.138,-1.0442324450352656
2021-07-05 11:30:00,0.0,0.0430199273501672,3.6725252004248543,223.71364109979737,0.138,-1.097578175322423
2021-07-05 12:00:00,0.0,0.1163343707038447,4.100479474968572,249.78268181633803,0.13733333333333334,-1.1268804324624433
2021-07-05 12:30:00,0.0,0.1119839531803712,4.338787787298689,264.29934742003513,0.13733333333333334,-1.122906480875775
2021-07-05 13:00:00,0.0,0.0652088726937649,3.98962896348612,243.03016952897636,0.1366666666666667,-1.0889480819411437
2021-07-05 13:30:00,0.0,0.0793217445956766,3.6913040537925847,224.85756399570775,0.1366666666666667,-1.0358678473423086
2021-07-05 14:00:00,0.0,0.0687298120111238,3.5406262405170685,215.6789524406607,0.13566666666666669,-0.9734855271123708
2021-07-05 14:30:00,0.0,0.0684521095697782,2.9662541436514944,180.690799569427,0.13566666666666669,-0.9078847413755732
2021-07-05 15:00:00,0.0,0.0249894966153469,2.336551270682895,142.33214582717036,0.13533333333333333,-0.8447266778022425
2021-07-05 15:30:00,0.2,0.0070603580810512,1.5228424748902647,92.76468268746429,0.13533333333333333,-0.7911096476618685
2021-07-05 16:00:00,4.0,0.0412112588412037,1.2516254685079398,76.24336813829312,0.17866666666666664,-0.751769099995083
2021-07-05 16:30:00,0.4,0.0587891379037491,0.891685669994959,54.31746198174693,0.17866666666666664,-0.7241021766353424
2021-07-05 17:00:00,0.0,0.0143717344205594,0.913027639593742,55.61751833714854,0.22566666666666665,-0.6995395660314896
2021-07-05 17:30:00,0.0,0.0137411351695093,0.7416893001781918,45.18036088314078,0.22566666666666665,-0.6714635813054433
2021-07-05 18:00:00,0.8,3.5445205572522415e-05,0.7846535074323379,47.79754625757454,0.22699999999999998,-0.6411488502728482
2021-07-05 18:30:00,1.6,3.5071174531835046e-05,0.5255538676774907,32.014366931671724,0.22699999999999998,-0.6153629620593261
2021-07-05 19:00:00,0.8,3.494592704299067e-05,0.3948062533169353,24.04981304097869,0.25866666666666666,-0.5993042172907003
2021-07-05 19:30:00,3.0,3.461619743987309e-05,0.3510434737568148,21.383982249971517,0.25866666666666666,-0.5924279744695433
2021-07-05 20:00:00,3.8,3.453450868479409e-05,0.6770795814020343,41.24462875088038,0.332,-0.5896118312680211
2021-07-05 20:30:00,0.4,3.4987072144068906e-05,0.3729361906667938,22.71758764304872,0.332,-0.5848477406367819
2021-07-05 21:00:00,0.0,3.461619743987309e-05,0.2192084187336579,13.353186387655684,0.303,-0.5744952881632912
2021-07-05 21:30:00,0.0,3.424620892888093e-05,0.329128048996335,20.048993597246028,0.303,-0.558847467025033
2021-07-05 22:00:00,0.0,3.3716191316882116e-05,0.6122725545110672,37.29687749979203,0.27233333333333337,-0.5415104531204019
2021-07-05 22:30:00,0.0,3.327119776282683e-05,0.5689575714919932,34.65832445072053,0.27233333333333337,-0.5268349714441741
2021-07-05 23:00:00,0.0,3.3151868853285435e-05,0.7631822640145913,46.48961512523855,0.26366666666666666,-0.5172673814086829
2021-07-05 23:30:00,0.0,3.3191613558943914e-05,0.3948062533169353,24.04981304097869,0.26366666666666666,-0.512703822352024
2021-07-06 00:00:00,0.0,3.311050171962025e-05,0.4408988390475673,26.85756509678796,0.259,-0.5117782241777424
2021-07-06 00:30:00,0.0,3.3191613558943914e-05,0.4191176681428443,25.530754582336257,0.259,-0.5130835888321646
2021-07-06 01:00:00,0.0,3.2869602527692825e-05,0.1559767451782611,9.50139854361989,0.256,-0.5151436078626679
2021-07-06 01:30:00,0.0,3.2910769402496645e-05,0.2879571971808732,17.541051332955607,0.256,-0.5159333919384202
2021-07-06 02:00:00,0.0,3.2869602527692825e-05,0.4626576061178435,28.1830108708757,0.25333333333333335,-0.5132993772620918
2021-07-06 02:30:00,0.0,3.295032186546801e-05,0.3536392043246321,21.542102427492225,0.25333333333333335,-0.5062747916832419
2021-07-06 03:00:00,0.0,3.262987295419592e-05,0.5927426576052571,36.10720442509209,0.25166666666666665,-0.4958135477799181
2021-07-06 03:30:00,0.0,3.203566683225232e-05,0.52780000880508,32.15119170009506,0.25166666666666665,-0.4838459865928097
2021-07-06 04:00:00,0.0,3.211501208435781e-05,0.4626576061178435,28.1830108708757,0.24966666666666668,-0.4715367564257183
2021-07-06 04:30:00,0.0,3.187737162449441e-05,0.6790245358994076,41.363106590686755,0.24966666666666668,-0.458673784035343
2021-07-06 05:00:00,0.0,3.18386857926341e-05,0.4191176681428443,25.530754582336257,0.24866666666666667,-0.4449712496803215
2021-07-06 05:30:00,0.0,3.125105186669438e-05,0.5061081387278845,30.829820988555287,0.24866666666666667,-0.4319368494409665
2021-07-06 06:00:00,0.0,3.0476424600834423e-05,0.6790245358994076,41.363106590686755,0.2476666666666667,-0.4232992759642136
2021-07-06 06:30:00,0.0,3.0247079988814197e-05,0.3973140406847815,24.202576116123836,0.2476666666666667,-0.4236252061107021
2021-07-06 07:00:00,0.0,3.0169341397881233e-05,0.6790245358994076,41.363106590686755,0.24666666666666667,-0.436549518329264
2021-07-06 07:30:00,0.0,3.013207550573784e-05,0.3098739045708624,18.87611811767531,0.24666666666666667,-0.4639663938797428
2021-07-06 08:00:00,0.0,3.0438899716606223e-05,0.3317678890738909,20.209800726793535,0.246,-0.5064383836783812
2021-07-06 08:30:00,0.0,3.1719603457852996e-05,0.4408988390475673,26.85756509678796,0.246,-0.5647377703428405
2021-07-06 09:00:00,0.0,3.3352570329917715e-05,0.9782808266671604,59.59244765060075,0.24533333333333332,-0.642292235227012
2021-07-06 09:30:00,0.0,3.519499171295756e-05,1.5231454503107715,92.7831385811032,0.24533333333333332,-0.7468963144609417
2021-07-06 10:00:00,0.0,3.721987992815649e-05,3.3858153134826843,206.2485702706784,0.24433333333333337,-0.8890532354508455
2021-07-06 10:30:00,0.0,4.095934311956155e-05,6.000602284213514,365.5295777515343,0.24433333333333337,-1.0760376787285688
2021-07-06 11:00:00,0.0,0.2150376581034338,8.08736089473959,492.6454833968207,0.244,-1.3032848253114386
2021-07-06 11:30:00,0.0,0.2470218804538764,8.92441572514368,543.6350814772394,0.244,-1.5461587441422742
2021-07-06 12:00:00,0.0,0.3275345741195425,10.263761142037898,625.2219525132963,0.244,-1.7593406232575317
2021-07-06 12:30:00,0.0,0.37540875075799,10.559665122211705,643.2470859590643,0.244,-1.8943295567475165
2021-07-06 13:00:00,0.0,0.4226730343141711,10.768925259479229,655.9942679905847,0.2426666666666667,-1.9313281453329816
2021-07-06 13:30:00,0.0,0.4176438174527602,9.849317047176095,599.9758908979485,0.2426666666666667,-1.896759634801366
2021-07-06 14:00:00,0.0,0.3829383487992597,10.47547455516154,638.1185770249746,0.241,-1.8420143474730493
2021-07-06 14:30:00,0.0,0.399957939196509,10.810571100643656,658.5311444598,0.241,-1.802349491056074
2021-07-06 15:00:00,0.0,0.3502787222605021,10.44734858591459,636.4052700641487,0.237,-1.7792008085662825
2021-07-06 15:30:00,0.0,0.5086233671814627,11.305091817176324,688.6551120453745,0.237,-1.7568593658201532
2021-07-06 16:00:00,0.0,0.1784507317321682,10.433273842891117,635.5479003151377,0.2336666666666667,-1.723296960847118
2021-07-06 16:30:00,0.0,0.2099074457656227,10.545652811660144,642.3935193141444,0.2336666666666667,-1.6724615763407007
2021-07-06 17:00:00,0.0,0.5120594188260033,10.221203985915537,622.6295628545718,0.22966666666666669,-1.5998103600186082
2021-07-06 17:30:00,0.0,0.4974331615775269,9.617678026908466,585.8654884318561,0.22966666666666669,-1.5064752378558317
2021-07-06 18:00:00,0.0,0.4781816595864118,9.088428285263864,553.6259855577181,0.22633333333333336,-1.4038148142090117
2021-07-06 18:30:00,0.0,0.4316706499465391,8.714068688699557,530.8216904589768,0.22633333333333336,-1.3066866038023446
2021-07-06 19:00:00,0.0,0.1545078176736897,8.440924271708683,514.1829667644354,0.22466666666666668,-1.2227965608752762
2021-07-06 19:30:00,0.0,0.1096086120410623,7.806989497260591,475.5665247056702,0.22466666666666668,-1.1503294255587395
2021-07-06 20:00:00,0.0,5.009806949518672e-05,6.864146850783797,418.13281086673135,0.224,-1.082966840207252
2021-07-06 20:30:00,0.0,4.9746028364174434e-05,5.966739393466633,363.46680345490785,0.224,-1.014926000688583
2021-07-06 21:00:00,0.0,4.7999675281042e-05,6.202745446969463,377.8432258534809,0.224,-0.9435623592358894
2021-07-06 21:30:00,0.0,4.599922636477037e-05,5.313692302184319,323.6861254125905,0.224,-0.8702907345650305
2021-07-06 22:00:00,0.0,4.470821142930976e-05,3.818461533522533,232.60342310653687,0.22366666666666668,-0.799277117086797
2021-07-06 22:30:00,0.0,4.3391293708462714e-05,3.366811495156398,205.09094352598495,0.22366666666666668,-0.7345429935818844
2021-07-06 23:00:00,0.0,0.027443158134474,3.0219118479034304,184.081215426074,0.224,-0.6781343772733118
2021-07-06 23:30:00,0.0,0.0222948950029339,2.41490271499546,147.10496178785164,0.224,-0.6307915591858566
2021-07-07 00:00:00,0.0,3.834218123900825e-05,2.1342071274999683,130.00625490573177,0.224,-0.5934039510652883
2021-07-07 00:30:00,0.0,3.7865839024847846e-05,1.8716315059071251,114.01133447229758,0.224,-0.5670162222021456
2021-07-07 01:00:00,0.0,0.0155297203824147,1.6879596138228914,102.82287271821636,0.224,-0.5515072067985298
2021-07-07 01:30:00,0.0,0.0150032847591326,1.5852386647672072,96.56557664089728,0.224,-0.5448576975188466
2021-07-07 02:00:00,0.0,3.577829014767662e-05,1.3366853251109825,81.42483026410561,0.224,-0.5440759456047719
2021-07-07 02:30:00,0.0,0.0125269079362953,1.2322646045024848,75.06399178411662,0.224,-0.5467288026058107
2021-07-07 03:00:00,0.0,0.0115436583690292,1.0007272787180344,60.95978408643844,0.224,-0.551461427892437
2021-07-07 03:30:00,0.0,3.449201241240149e-05,1.021880236520896,62.24832669727227,0.224,-0.5572846143545497
2021-07-07 04:00:00,0.0,0.0121759703534096,1.211319161102247,73.78809001304782,0.22366666666666668,-0.5628363382827962
2021-07-07 04:30:00,0.0,0.0129559281799888,1.1062829030100574,67.38975577082576,0.22366666666666668,-0.566736556912912
2021-07-07 05:00:00,0.0,0.0121246016443084,1.211319161102247,73.78809001304782,0.22366666666666668,-0.5690057528660947
2021-07-07 05:30:00,0.0,3.311050171962025e-05,1.2740940541377754,77.61205285175176,0.22366666666666668,-0.5722714921793934
2021-07-07 06:00:00,0.0,3.259057729906609e-05,1.1273315156100374,68.67194214337832,0.22366666666666668,-0.5813931206785491
2021-07-07 06:30:00,0.0,0.0116827622285823,1.2322646045024848,75.06399178411662,0.22366666666666668,-0.6015480479973325
2021-07-07 07:00:00,0.0,3.295032186546801e-05,1.5027070106182137,91.53812118503691,0.22333333333333336,-0.6364020997093486
2021-07-07 07:30:00,0.0,3.327119776282683e-05,1.5852386647672072,96.56557664089728,0.22333333333333336,-0.6878784720591954
2021-07-07 08:00:00,0.0,3.396117416792823e-05,1.9122359422576212,116.48477326578048,0.223,-0.7575091616021743
2021-07-07 08:30:00,0.0,3.490481344560323e-05,2.3141433315338698,140.96715542329483,0.223,-0.8480425709414444
2021-07-07 09:00:00,0.0,3.7909152495902515e-05,3.1347481826680803,190.95469509495015,0.22266666666666668,-0.9638221102087328
2021-07-07 09:30:00,0.0,3.970431208349552e-05,4.582265061144362,279.13088280358176,0.22266666666666668,-1.1081489967351683
2021-07-07 10:00:00,0.0,4.297302229092685e-05,6.609866981761749,402.64323019599254,0.222,-1.2770606043957495
2021-07-07 10:30:00,0.0,4.721230452675592e-05,8.551389820452714,520.9120288612062,0.222,-1.4536478348291149
2021-07-07 11:00:00,0.0,0.0818573039604998,9.253808838141255,563.7002215757633,0.22133333333333335,-1.6108476026951972
2021-07-07 11:30:00,0.0,0.1862366768152974,9.8505992788339,600.0539986568461,0.22133333333333335,-1.72405716985554
2021-07-07 12:00:00,0.0,0.2233826338330364,10.008305475848578,609.6607475919043,0.21933333333333335,-1.7826183725827918
2021-07-07 12:30:00,0.0,0.2252897572595208,10.12237936931334,616.6096137449481,0.21933333333333335,-1.790140605059978
2021-07-07 13:00:00,0.0,0.5543027548730838,10.447484267176048,636.4135351535282,0.217,-1.7584896636823009
2021-07-07 13:30:00,0.0,0.5779902234733145,10.108148508657749,615.7427340151974,0.217,-1.705432390801316
2021-07-07 14:00:00,0.0,0.3362372109725359,9.459212246559126,576.2124691121873,0.215,-1.6536368768226894
2021-07-07 14:30:00,0.0,0.2711600438376092,9.70635921774422,591.2675458763189,0.215,-1.6224578142054285
2021-07-07 15:00:00,0.0,0.2205405699942557,9.922407411001478,604.4282256072632,0.21333333333333335,-1.6160568278680367
2021-07-07 15:30:00,0.0,0.2194032855935503,9.96539334973881,607.0467347654601,0.21333333333333335,-1.620333166097394
2021-07-07 16:00:00,0.0,0.2958916680868681,9.994009615484922,608.7899083736362,0.21133333333333335,-1.6120861221891514
2021-07-07 16:30:00,0.0,0.3001952969517019,9.86497745121198,600.9298519511105,0.21133333333333335,-1.572102420484684
2021-07-07 17:00:00,0.0,0.0627365065274724,9.60489096987956,585.0865586952932,0.20933333333333334,-1.4937559654407129
2021-07-07 17:30:00,0.0,0.1656068672197631,8.429786659454352,513.5045137506111,0.20933333333333334,-1.3837310081948369
2021-07-07 18:00:00,0.0,0.0780930554275397,6.96900492127591,424.52029072548794,0.20833333333333334,-1.2550058050978452
2021-07-07 18:30:00,0.0,0.1089761211351266,6.295200603685379,383.4751762468988,0.20833333333333334,-1.116939374755752
2021-07-07 19:00:00,0.0,0.1027562691440087,5.549668756468014,338.06074476047627,0.20833333333333334,-0.971858589266197
2021-07-07 19:30:00,0.4,4.5614963145202326e-05,3.8145457978510304,232.36489418247265,0.20833333333333334,-0.8224270748658877
2021-07-07 20:00:00,0.0,0.0462027910258534,3.287631331363898,200.267645719111,0.20866666666666667,-0.6809755652440522
2021-07-07 20:30:00,1.0,0.0227624578006365,2.274286233069233,138.5392410770119,0.20866666666666667,-0.5681165192405866
2021-07-07 21:00:00,0.0,0.0211772905846755,2.274286233069233,138.5392410770119,0.22333333333333336,-0.5007212613126241
2021-07-07 21:30:00,1.0,0.0420834789490802,1.7289110928888147,105.317451785829,0.22333333333333336,-0.4816005362782798
2021-07-07 22:00:00,1.6,0.038376309310158,1.148359400913798,69.95286590270038,0.24433333333333332,-0.4992771129377576
2021-07-07 22:30:00,1.4,3.4657089110898426e-05,1.0007272787180344,60.95978408643844,0.24433333333333332,-0.5351197301964965
2021-07-07 23:00:00,1.4,3.461619743987309e-05,0.9371421418571604,57.08646485493815,0.2846666666666667,-0.5715241561017179
2021-07-07 23:30:00,2.2,3.4205635288323394e-05,0.5083111030140167,30.964015618889324,0.2846666666666667,-0.5976588201952756
2021-07-08 00:00:00,2.6,0.0110587740825014,0.2712979502026547,16.526245280965295,0.34600000000000003,-0.6111998901186434
2021-07-08 00:30:00,0.8,3.279065826222133e-05,0.6397323922306344,38.96960673784961,0.34600000000000003,-0.6158135859178472
2021-07-08 01:00:00,1.6,3.203566683225232e-05,0.7468872134152068,45.49699427104481,0.3356666666666667,-0.6170058006067441
2021-07-08 01:30:00,1.6,3.1995235324696024e-05,0.6612066819552838,40.277723437437544,0.3356666666666667,-0.6193770050314724
2021-07-08 02:00:00,0.4,0.0075502882242167,0.5536170955897612,33.72385197388225,0.3313333333333333,-0.625288015254976
2021-07-08 02:30:00,0.0,3.168104669226165e-05,0.1397129959189398,8.510684425629357,0.3313333333333333,-0.6340358564392324
2021-07-08 03:00:00,0.0,3.168104669226165e-05,-0.1036824000151013,-6.315863325501668,0.301,-0.6424607523613947
2021-07-08 03:30:00,0.0,3.125105186669438e-05,-0.2600513571260069,-15.84115364786947,0.301,-0.6474131087530438
2021-07-08 04:00:00,0.0,3.1523934586024005e-05,0.3803288172868729,23.16791305355315,0.29033333333333333,-0.6478520642973495
2021-07-08 04:30:00,0.0,0.0146056612976631,0.7682534390165024,46.79852819252004,0.29033333333333333,-0.6448712136734716
2021-07-08 05:00:00,1.6,0.0163652608160071,0.596718472743712,36.3493931188172,0.30866666666666664,-0.6407416777925125
2021-07-08 05:30:00,5.8,2.994003747838271e-05,0.1617009294708356,9.850089986300793,0.30866666666666664,-0.6382576617687137
2021-07-08 06:00:00,0.0,3.0978191427504694e-05,0.2712979502026547,16.526245280965295,0.3503333333333334,-0.6399661542363806
2021-07-08 06:30:00,0.0,3.074627670305405e-05,0.3585676165851907,21.842319033636382,0.3503333333333334,-0.6471239655792023
2021-07-08 07:00:00,0.0,3.125105186669438e-05,0.7040901730815947,42.88999195007513,0.3133333333333333,-0.6594245990093092
2021-07-08 07:30:00,0.6,3.1367349421886946e-05,0.0073011090563753,0.4447505740408495,0.3133333333333333,-0.6758343457708562
2021-07-08 08:00:00,0.2,0.0028028800153291,0.1177020925698421,7.169879648700198,0.31566666666666665,-0.6954327009789388
2021-07-08 08:30:00,0.0,0.0028552683748506,0.0294276851232457,1.7926016102756894,0.31566666666666665,-0.7176889429655376
2021-07-08 09:00:00,0.0,0.0177749613163441,0.0515310161774149,3.139036665368131,0.3013333333333333,-0.7432853648370035
2021-07-08 09:30:00,0.0,0.0181888413941445,0.1617009294708356,9.850089986300793,0.3013333333333333,-0.7765864278674807
2021-07-08 10:00:00,0.0,0.0149977847383141,0.0736111576457954,4.484059115675231,0.2936666666666667,-0.8284757562421926
2021-07-08 10:30:00,0.0,0.015650462312036,0.4020676371519209,24.492143734028776,0.2936666666666667,-0.915534317417976
2021-07-08 11:00:00,0.0,0.0081300846866422,1.6263368690703162,99.0690935469891,0.2886666666666667,-1.052193070203161
2021-07-08 11:30:00,0.0,0.0091200671723384,4.087313600278194,248.9806762195058,0.2886666666666667,-1.2379709924931566
2021-07-08 12:00:00,0.0,0.2373124948605469,6.748734532402261,411.1024139153597,0.2846666666666666,-1.4495252959262412
2021-07-08 12:30:00,0.0,0.2533319057728944,8.050614289629118,490.4070462510745,0.2846666666666666,-1.6489513015731143
2021-07-08 13:00:00,0.0,0.2749690597060019,9.894823763124052,602.7479544138187,0.2816666666666667,-1.8060649827094095
2021-07-08 13:30:00,0.0,0.2757683020790693,10.670832889276202,650.0189240229818,0.2816666666666667,-1.9138596674389428
2021-07-08 14:00:00,0.0,0.4060403413999158,11.396804804076492,694.241852807072,0.2783333333333333,-1.9809150600005456
2021-07-08 14:30:00,0.0,0.321734715991152,11.125267993600454,677.7010572375297,0.2783333333333333,-2.013517149682981
2021-07-08 15:00:00,0.0,0.4366002068918456,11.0021319024404,670.2001629479478,0.27166666666666667,-2.011251201709785
2021-07-08 15:30:00,0.0,0.3464098183145968,10.905947412964723,664.3410384535973,0.27166666666666667,-1.9759507276166957
2021-07-08 16:00:00,0.0,0.267046343527861,11.26139518970476,685.9933109406975,0.26533333333333337,-1.9162099587959336
2021-07-08 16:30:00,0.0,0.261213027732468,11.084288448900995,675.2047685383351,0.26533333333333337,-1.8429531724591524
2021-07-08 17:00:00,0.0,0.2245442026157607,10.960954360269092,667.6918131374092,0.261,-1.7649960098943764
2021-07-08 17:30:00,0.0,0.2309013243923594,11.220632818248372,683.5102514541851,0.261,-1.687674191579801
2021-07-08 18:00:00,0.0,0.1353592286642116,10.670832889276202,650.0189240229818,0.257,-1.6112610077793312
2021-07-08 18:30:00,0.0,0.4267246061466566,10.43351860511138,635.5628101236509,0.257,-1.529642857390746
2021-07-08 19:00:00,0.0,0.3520329185331377,9.894823763124052,602.7479544138187,0.25433333333333336,-1.433111799850339
2021-07-08 19:30:00,0.0,0.1732167126668729,10.037711493181808,611.452029298317,0.25433333333333336,-1.3159015494783692
2021-07-08 20:00:00,0.0,0.0977599944253265,8.675923630486436,528.4980658690533,0.253,-1.1831194547018975
2021-07-08 20:30:00,0.0,0.0882179845389836,7.988731714906078,486.63743941207446,0.253,-1.050117722926782
2021-07-08 21:00:00,0.0,0.0513011271780818,6.35368748392222,387.0379327210648,0.25266666666666665,-0.9339626025142924
2021-07-08 21:30:00,0.0,0.04613866504278,5.714124080393458,348.07862001136675,0.25266666666666665,-0.8447280842212522
2021-07-08 22:00:00,0.0,0.0433050765274549,4.013849426749267,244.50557071209025,0.25333333333333335,-0.7831599128752103
2021-07-08 22:30:00,0.0,0.036105188551014,3.680231220834539,224.18305704391133,0.25333333333333335,-0.743876749094729
2021-07-08 23:00:00,0.0,0.0341242987075992,2.8429098903807444,173.17722498463098,0.254,-0.7195324455673785
2021-07-08 23:30:00,0.0,0.0326120086453577,2.7651849988817587,168.44257579030733,0.254,-0.7037289643647339
2021-07-09 00:00:00,0.0,0.0288229622289439,1.9109908503950483,116.408927895394,0.254,-0.6925845685566355
2021-07-09 00:30:00,0.0,0.0264361697007084,2.0720512353201483,126.2199988022351,0.254,-0.6847258270276396
2021-07-09 01:00:00,0.0,0.0247674385001421,1.9715291873862395,120.09664984563663,0.25433333333333336,-0.679757063335447
2021-07-09 01:30:00,0.0,0.0246796090211923,1.3168444545487743,80.21621407937586,0.25433333333333336,-0.676587261448724
2021-07-09 02:00:00,0.0,3.645225234682258e-05,1.5029986292731146,91.55588527583008,0.254,-0.6730815552721603
2021-07-09 02:30:00,0.0,3.628344353323172e-05,0.9607383482194648,58.52383912832439,0.254,-0.6672055278448359
2021-07-09 03:00:00,0.0,3.469801230712109e-05,1.0660934155352844,64.94159378792743,0.254,-0.6585347504265592
2021-07-09 03:30:00,0.0,3.445124818432026e-05,1.087102118955883,66.22134907359958,0.254,-0.6487781702017353
2021-07-09 04:00:00,0.0,3.400155713459838e-05,0.8336205908403949,50.78039972362744,0.254,-0.6407925858942665
2021-07-09 04:30:00,0.0,0.0165312414241236,0.8336205908403949,50.78039972362744,0.254,-0.6370517969759746
2021-07-09 05:00:00,0.0,3.351404317298461e-05,0.6843496983584476,41.6874914262277,0.25433333333333336,-0.6388815416020857
2021-07-09 05:30:00,0.0,3.3392474329447656e-05,0.6629393732998359,40.38327116507384,0.25433333333333336,-0.6467028783746032
2021-07-09 06:00:00,0.0,3.327119776282683e-05,0.8760775906301541,53.36668831112075,0.254,-0.6608125502592287
2021-07-09 06:30:00,0.0,3.2551313253550324e-05,1.1709307939492684,71.32781317878047,0.254,-0.6825155678025477
2021-07-09 07:00:00,0.0,3.235220977632475e-05,0.9607383482194648,58.52383912832439,0.25366666666666665,-0.715170257436123
2021-07-09 07:30:00,0.0,3.2749591528663496e-05,1.2335871521564674,75.14455541133592,0.25366666666666665,-0.7640550056694493
2021-07-09 08:00:00,0.0,3.363590425285845e-05,1.5646928242375755,95.31401687112144,0.25366666666666665,-0.8348445473167048
2021-07-09 08:30:00,0.0,3.441051549534346e-05,2.092099731337595,127.4412625915534,0.25366666666666665,-0.9319104044582408
2021-07-09 09:00:00,0.0,3.847323793770416e-05,3.5267723233102015,214.83503440260753,0.25333333333333335,-1.0570654557737895
2021-07-09 09:30:00,0.0,4.1048409660363565e-05,5.067674584628484,308.6998376770807,0.25333333333333335,-1.207889795343978
2021-07-09 10:00:00,0.0,4.653006038617735e-05,7.603984583107136,463.2003826023655,0.25266666666666665,-1.3759402665775686
2021-07-09 10:30:00,0.0,5.014907667127019e-05,9.214394607663484,561.2992847461649,0.25266666666666665,-1.5481262080851226
2021-07-09 11:00:00,0.0,0.2249438691163575,9.924442952935504,604.552221624396,0.25133333333333335,-1.7118010257537215
2021-07-09 11:30:00,0.0,0.2304619425359874,10.250875572877945,624.4370218628318,0.25133333333333335,-1.857245145246873
2021-07-09 12:00:00,0.0,0.402630070014644,10.891321171426991,663.4500739070143,0.25033333333333335,-1.9737907720322416
2021-07-09 12:30:00,0.0,0.3055610380990238,11.462337687392116,698.2338199518066,0.25033333333333335,-2.0492761067444283
2021-07-09 13:00:00,0.0,0.3569589629355613,10.628749906938724,647.4554188887034,0.2476666666666667,-2.0808732919630084
2021-07-09 13:30:00,0.0,0.5835504815731074,11.4757798555088,699.0526560957524,0.2476666666666667,-2.083166802147267
2021-07-09 14:00:00,0.0,0.3798110254458058,10.850042370001916,660.9355558402708,0.244,-2.076833168511541
2021-07-09 14:30:00,0.0,0.4207184318810925,10.753464017314364,655.0524389787029,0.244,-2.070185758491237
2021-07-09 15:00:00,0.0,0.5723374904878356,10.808696539280389,658.4169546516556,0.23933333333333337,-2.0563576189931294
2021-07-09 15:30:00,0.0,0.4177757059774772,10.794899652394822,657.5765106430877,0.23933333333333337,-2.0238545649673467
2021-07-09 16:00:00,0.0,0.5933382088980621,10.781095276670332,656.7356104482905,0.234,-1.9640334622241895
2021-07-09 16:30:00,0.0,0.6075855267499809,10.54526499094179,642.3698950283297,0.234,-1.873935354403212
2021-07-09 17:00:00,0.0,0.5624731476438255,10.822485947647612,659.2569431026775,0.22966666666666669,-1.7614383600100292
2021-07-09 17:30:00,0.0,0.3104230358364153,9.651525961254986,587.9273516521522,0.22966666666666669,-1.646885688015467
2021-07-09 18:00:00,0.0,0.33346244342214,9.492140357251564,578.2183008316512,0.22766666666666668,-1.5508813997561723
2021-07-09 18:30:00,0.0,0.1110506855904004,10.307215503319972,627.8689958563764,0.22766666666666668,-1.4767849396932944
2021-07-09 19:00:00,0.0,0.2260530332630161,10.363429607995286,631.2933051127499,0.22533333333333336,-1.4085790739602957
2021-07-09 19:30:00,0.0,0.1517245669952286,9.506672401801277,579.1035273233481,0.22533333333333336,-1.3273165836839944
2021-07-09 20:00:00,0.0,0.090550850947938,8.285519045488183,504.7163825733442,0.224,-1.22719958069825
2021-07-09 20:30:00,0.0,0.0786440799542339,7.111846127523179,433.2215315896669,0.224,-1.1170215826367815
2021-07-09 21:00:00,0.0,0.0716250361533702,5.825922557163047,354.88887806069,0.22333333333333336,-1.0116349961553257
2021-07-09 21:30:00,0.0,0.0638602334157768,4.064488725581427,247.5902879859629,0.22333333333333336,-0.924056125868944
2021-07-09 22:00:00,0.0,0.0912581383200173,4.027818751202822,245.35651883815012,0.22333333333333336,-0.8616196315891624
2021-07-09 22:30:00,0.0,0.0832302053585696,3.338289482727825,203.35351140403475,0.22333333333333336,-0.8247949997769572
2021-07-09 23:00:00,0.0,0.0505060685069231,2.801796347085944,170.67277369647374,0.224,-0.8082229774355899
2021-07-09 23:30:00,0.0,0.0496347475588064,2.4892275505180836,151.63249493506768,0.224,-0.8039731422904468
2021-07-10 00:00:00,0.0,0.0453613793043563,1.849659742806097,112.67291394242768,0.224,-0.8052998358447789
2021-07-10 00:30:00,0.0,0.0430510377165464,1.788893349341358,108.9712998222776,0.224,-0.8085536390768129
2021-07-10 01:00:00,0.0,0.0404035521339221,1.6260067866743275,99.04898641888524,0.22433333333333336,-0.8126312473364741
2021-07-10 01:30:00,0.0,0.0377661348236399,1.275717754948699,77.71096136854734,0.22433333333333336,-0.8174444313580358
2021-07-10 02:00:00,0.0,0.0371159656325549,1.4824620600337903,90.30489027116796,0.224,-0.8230547782981453
2021-07-10 02:30:00,0.0,0.0342631640959159,1.1715920621725646,71.36809465103833,0.224,-0.8296303084715235
2021-07-10 03:00:00,0.0,0.0331159548792145,0.685955967259347,41.78533806982977,0.22433333333333336,-0.8374020661683719
2021-07-10 03:30:00,0.0,0.031608221877696,1.6260067866743275,99.04898641888524,0.22433333333333336,-0.8462000605236053
2021-07-10 04:00:00,0.0,0.0300395135576601,0.5788988485910118,35.26390213246011,0.224,-0.8551659762697992
2021-07-10 04:30:00,0.0,0.0295026145187106,0.707302716786237,43.085685596853814,0.224,-0.8634429284264391
2021-07-10 05:00:00,0.0,3.552828802827067e-05,0.685955967259347,41.78533806982977,0.224,-0.8715699546261939
2021-07-10 05:30:00,0.0,3.4987072144068906e-05,0.898464430627214,54.73039344999398,0.224,-0.8822906949783627
2021-07-10 06:00:00,0.0,3.436981434808215e-05,0.7712145079125293,46.97890313023344,0.224,-0.9001179301210238
2021-07-10 06:30:00,0.0,3.41245826719415e-05,0.707302716786237,43.085685596853814,0.224,-0.9303739736252264
2021-07-10 07:00:00,0.0,3.396117416792823e-05,1.666844116334897,101.53661202050178,0.224,-0.9785412981195202
2021-07-10 07:30:00,0.0,3.5028248745586314e-05,2.721856320167804,165.80318846138698,0.224,-1.049937093482885
2021-07-10 08:00:00,0.0,3.5445205572522415e-05,2.3297390013869954,141.91717316254122,0.224,-1.149550154453408
2021-07-10 08:30:00,0.0,3.812437519196803e-05,3.4668673973146116,211.185896988183,0.224,-1.281787095500831
2021-07-10 09:00:00,0.0,4.123069674470341e-05,4.619853596065874,281.4206065092014,0.223,-1.448730131589013
2021-07-10 09:30:00,0.0,4.513621310008724e-05,5.869233866962811,357.5272073538384,0.223,-1.6455259057066458
2021-07-10 10:00:00,0.0,5.329443617329002e-05,8.727664529992122,531.6498876784331,0.22233333333333336,-1.8557882910607455
2021-07-10 10:30:00,0.0,0.3025783817979535,9.9395904305279,605.4749375162518,0.22233333333333336,-2.0540149187028067
2021-07-10 11:00:00,0.0,0.4667005838072279,10.586676621342276,644.8925044360744,0.22066666666666668,-2.2164569889379564
2021-07-10 11:30:00,0.0,0.5124728978298069,10.72517802066895,653.3293838718379,0.22066666666666668,-2.331005042088866
2021-07-10 12:00:00,0.0,0.2447182763288429,10.64216800304806,648.2727886747294,0.21866666666666668,-2.397346597377516
2021-07-10 12:30:00,0.0,0.2123798184967339,10.711361860416538,652.4877658168473,0.21866666666666668,-2.421439794112477
2021-07-10 13:00:00,0.0,0.576391143568722,10.6698681989839,649.9601594492765,0.216,-2.413053501235923
2021-07-10 13:30:00,0.0,0.6199892798901506,10.945221848695365,666.7334596188558,0.216,-2.3868781926668663
2021-07-10 14:00:00,0.0,0.3683446124426387,10.917820112461426,665.0642696607741,0.21266666666666667,-2.361337068936662
2021-07-10 14:30:00,0.0,0.4084077219390202,10.697538176998185,651.6456894845805,0.21266666666666667,-2.351953093495821
2021-07-10 15:00:00,0.0,0.5684757796177183,10.586676621342276,644.8925044360744,0.20866666666666667,-2.362021640924202
2021-07-10 15:30:00,0.0,0.4727193242483035,10.711361860416538,652.4877658168473,0.20866666666666667,-2.377857333664259
2021-07-10 16:00:00,0.0,0.416069065264579,10.752787813225105,655.0112476809772,0.20466666666666666,-2.375662365588907
2021-07-10 16:30:00,0.0,0.7842655121631046,10.87666221136976,662.5571162960601,0.20466666666666666,-2.33839696368846
2021-07-10 17:00:00,0.0,0.7715032916573777,10.738986668148131,654.1705442826293,0.19999999999999998,-2.26919569910957
2021-07-10 17:30:00,0.0,0.7471393702333108,10.489273011655332,638.9591166469836,0.19999999999999998,-2.1884748767100795
2021-07-10 18:00:00,0.0,0.7031253045493435,10.738986668148131,654.1705442826293,0.19699999999999998,-2.1175032315397297
2021-07-10 18:30:00,0.0,0.6569788132739328,10.517140915903502,640.6567034541366,0.19699999999999998,-2.0632631477002588
2021-07-10 19:00:00,0.0,0.4320255177873509,10.36348541730285,631.2967047635954,0.19533333333333333,-2.0152080624720767
2021-07-10 19:30:00,0.0,0.4605305998660567,9.362956616579217,570.3490110597634,0.19533333333333333,-1.9534851773138069
2021-07-10 20:00:00,0.0,0.2770211049051725,9.1284862942615,556.0661384658679,0.19399999999999998,-1.8621537839776392
2021-07-10 20:30:00,0.0,0.1503643906552324,7.703454294808657,469.25962799061233,0.19399999999999998,-1.7397340408965456
2021-07-10 21:00:00,0.0,5.736617199207865e-05,7.070415506132473,430.6977653366076,0.19399999999999998,-1.6009376217615137
2021-07-10 21:30:00,0.0,0.105768134675888,5.614519267798876,342.0111448871609,0.19399999999999998,-1.4694834196086677
2021-07-10 22:00:00,0.0,0.1544957510894147,4.114745527350911,250.65170526707,0.19466666666666665,-1.3675633965204883
2021-07-10 22:30:00,0.0,0.1853420822713765,3.126148833912256,190.430861624446,0.19466666666666665,-1.3076270727803938
2021-07-10 23:00:00,0.0,0.1363970717301763,1.8698772291107015,113.904471856466,0.19499999999999998,-1.2892211846220254
2021-07-10 23:30:00,0.0,0.0830857604504186,1.9505583794134835,118.81920297941848,0.19499999999999998,-1.300918498686732
2021-07-11 00:00:00,0.0,0.0708959163769717,1.523485000494773,92.80382244407312,0.19499999999999998,-1.3253889584605894
2021-07-11 00:30:00,0.0,4.667710141974349e-05,1.9697597297460896,119.98886248139908,0.19499999999999998,-1.3456938150526836
2021-07-11 01:00:00,0.0,4.575834189264077e-05,1.44134002518884,87.79992171614418,0.19499999999999998,-1.3510418860459894
2021-07-11 01:30:00,0.0,4.404688760164299e-05,1.4001492858294584,85.29076799253897,0.19499999999999998,-1.3390452846340666
2021-07-11 02:00:00,0.0,4.3530592552614315e-05,1.2968247217752522,78.99670241691226,0.19466666666666665,-1.3128947187583542
2021-07-11 02:30:00,0.0,4.329726832991097e-05,1.1095737481242771,67.59021918567514,0.19466666666666665,-1.277010008715317
2021-07-11 03:00:00,0.0,4.1503133350895544e-05,1.5439722261911015,94.05181166305212,0.19433333333333333,-1.236018582056568
2021-07-11 03:30:00,0.0,4.059859886703179e-05,1.379524200185672,84.03438096847368,0.19433333333333333,-1.1961134609336772
2021-07-11 04:00:00,0.0,0.0321184310521359,0.9838213180823728,59.92994935319927,0.19433333333333333,-1.1639157617214513
2021-07-11 04:30:00,0.0,0.0306287631821399,0.7513291235024419,45.767575363024335,0.19433333333333333,-1.141497134411165
2021-07-11 05:00:00,0.0,0.0315791561045612,1.1513270893894634,70.13364407529514,0.19466666666666665,-1.1224659301600577
2021-07-11 05:30:00,0.0,3.8734359909475526e-05,0.8149885073799499,49.64541738729677,0.19466666666666665,-1.095326664226717
2021-07-11 06:00:00,0.2,3.9394752450770456e-05,0.4517005047684507,27.51555376575125,0.19999999999999998,-1.0539606743258747
2021-07-11 06:30:00,1.8,3.445124818432026e-05,0.7300668730965055,44.472375140644,0.19999999999999998,-1.0058932599998738
2021-07-11 07:00:00,0.0,3.4781661707364674e-05,0.62343500327408,37.97684344150283,0.24,-0.9683721659106396
2021-07-11 07:30:00,0.0,0.0095810435000048,0.7937898920948236,48.35409352894427,0.24,-0.9548930272077574
2021-07-11 08:00:00,0.0,0.0111554826370952,0.1039887744753193,6.334526273281418,0.23466666666666666,-0.9660680018649098
2021-07-11 08:30:00,0.0,3.649629532168442e-05,1.0048316192882525,61.20980196873121,0.23466666666666666,-0.9932223156715426
2021-07-11 09:00:00,0.4,0.009142294775662,0.7725701136250014,47.061480505004816,0.23366666666666666,-1.0284568205832747
2021-07-11 09:30:00,0.2,3.556987643811817e-05,0.4301354114240296,26.201905719938157,0.23366666666666666,-1.069947943021365
2021-07-11 10:00:00,0.4,0.0095899187775228,0.4301354114240296,26.201905719938157,0.237,-1.1193515719116278
2021-07-11 10:30:00,0.0,0.0442578134305498,1.8085452408950051,110.16840425969744,0.237,-1.1768866062211474
2021-07-11 11:00:00,0.0,0.00078770784391,3.1802014560942835,193.72350313387233,0.2363333333333333,-1.239154709927404
2021-07-11 11:30:00,0.0,0.0609935119889729,5.090124380792501,310.0673778211809,0.2363333333333333,-1.300548246560019
2021-07-11 12:00:00,0.0,0.0668822033946361,7.300061821152764,444.68678120296494,0.23399999999999999,-1.3595102446380205
2021-07-11 12:30:00,0.0,0.0023161042962376,6.046425341273366,368.3209113385707,0.23399999999999999,-1.428011970710284
2021-07-11 13:00:00,0.0,0.0468393574550945,5.658469482376088,344.6883933724941,0.2313333333333333,-1.5308076728006703
2021-07-11 13:30:00,0.0,0.0285077028112148,6.029692624703207,367.3016298510078,0.2313333333333333,-1.68280665925317
2021-07-11 14:00:00,0.0,0.1545955320411108,8.354497942813655,508.9182653209276,0.22999999999999998,-1.8631224738953696
2021-07-11 14:30:00,0.0,0.2082923421255035,9.160226251134857,557.999593223283,0.22999999999999998,-2.0209865737311983
2021-07-11 15:00:00,0.0,0.2639648310897703,9.596669718492723,584.5857572080951,0.2253333333333333,-2.112716924209958
2021-07-11 15:30:00,0.0,0.1162677434211465,10.195081539016794,621.0383014223895,0.2253333333333333,-2.126987539103685
2021-07-11 16:00:00,0.0,0.3102940121829891,10.641621001969424,648.2394678406143,0.221,-2.075726316834339
2021-07-11 16:30:00,0.0,0.1469817579225738,10.475093122536428,638.0953418729358,0.221,-1.977346700084458
2021-07-11 17:00:00,0.0,0.1394750935516409,9.321153132938282,567.8025317231785,0.217,-1.8566764372739768
2021-07-11 17:30:00,0.0,0.1912987494802516,9.248134925295757,563.3545924424893,0.217,-1.7467793046771856
2021-07-11 18:00:00,0.0,0.1164454380104633,8.864902244345572,540.0097891355211,0.21533333333333335,-1.6749098832372185
2021-07-11 18:30:00,0.0,0.0041141815909664,9.02777068333992,549.9309985266644,0.21533333333333335,-1.6450410820901655
2021-07-11 19:00:00,0.0,0.1662686829621945,8.850042094766838,539.1045759679813,0.214,-1.636733615064618
2021-07-11 19:30:00,0.0,0.0486042647859921,8.30894234947049,506.14322441499127,0.214,-1.6201596684139172
2021-07-11 20:00:00,0.0,0.0158398394428912,7.848585136531901,478.1003431023913,0.21233333333333335,-1.573863230052697
2021-07-11 20:30:00,0.0,0.0035651331583317,7.48955458965658,456.2298244472061,0.21233333333333335,-1.49437725945127
2021-07-11 21:00:00,0.0,4.628760623981973e-05,6.7385331194627724,410.4809899336287,0.211,-1.3938912866240325
2021-07-11 21:30:00,0.0,4.442351993200504e-05,5.658469482376088,344.6883933724941,0.211,-1.2901906635704137
2021-07-11 22:00:00,0.0,0.0324820124221815,4.525095396227903,275.64836513496596,0.211,-1.198115154824686
2021-07-11 22:30:00,0.0,0.0407417016031538,3.556831439063161,216.6660999137596,0.211,-1.1271072447021298
2021-07-11 23:00:00,0.0,0.0354015982953815,2.7583285528955175,168.0249120813126,0.21166666666666667,-1.0812991824372673
2021-07-11 23:30:00,0.0,0.0345304056055103,2.189485039357705,133.37353552579592,0.21166666666666667,-1.0584981424494668
2021-07-12 00:00:00,0.0,0.0325411722612177,1.6205559874235895,98.71694835767724,0.21166666666666667,-1.0502927096117478
2021-07-12 00:30:00,0.0,0.0195298241964714,1.336264924377849,81.39922135100151,0.21166666666666667,-1.0462543907515314
2021-07-12 01:00:00,0.0,3.615716633737405e-05,0.5873772210335046,35.78036627258115,0.21166666666666667,-1.0398318612838178
2021-07-12 01:30:00,0.0,3.552828802827067e-05,0.6085396671529409,37.06948686878827,0.21166666666666667,-1.0306983085950905
2021-07-12 02:00:00,0.0,3.4987072144068906e-05,0.4173121541071307,25.420770825399867,0.21166666666666667,-1.0219689698092005
2021-07-12 02:30:00,0.0,3.4657089110898426e-05,0.5025154482320165,30.610970516928223,0.21166666666666667,-1.0158498041994086
2021-07-12 03:00:00,0.0,3.396117416792823e-05,0.4599566874814919,28.018483111506587,0.212,-1.0118570318811693
2021-07-12 03:30:00,0.0,3.3151868853285435e-05,0.0947037780087229,5.76892624229981,0.212,-1.0080652355697175
2021-07-12 04:00:00,0.0,3.307082152973579e-05,0.138004402605532,8.406604641164705,0.21166666666666667,-1.0030179572961735
2021-07-12 04:30:00,0.0,3.219286580736566e-05,0.3103229627411657,18.903472712364696,0.21166666666666667,-0.996746677327806
2021-07-12 05:00:00,0.0,3.148553847931474e-05,0.4599566874814919,28.018483111506587,0.21133333333333335,-0.9911082965345968
2021-07-12 05:30:00,0.0,3.125105186669438e-05,0.2888599488653768,17.59604288654002,0.21133333333333335,-0.9896980177749314
2021-07-12 06:00:00,0.0,3.0208193578321032e-05,0.1596213868170721,9.723413644136564,0.211,-0.9972836465573416
2021-07-12 06:30:00,0.0,3.0093290408167564e-05,0.138004402605532,8.406604641164705,0.211,-1.0191299170857286
2021-07-12 07:00:00,0.0,3.005453953235084e-05,-0.0357351072924291,-2.176821269070233,0.21133333333333335,-1.0603730712302863
2021-07-12 07:30:00,0.0,3.0323396658217114e-05,0.0078344435825095,0.477238903529209,0.21133333333333335,-1.1247768010497412
2021-07-12 08:00:00,0.0,3.148553847931474e-05,0.1812162213796989,11.038873390578631,0.21066666666666667,-1.2128826980997554
2021-07-12 08:30:00,0.0,3.3352570329917715e-05,0.8817485072966468,53.71213493070768,0.21066666666666667,-1.3213579178044863
2021-07-12 09:00:00,0.0,0.0027691499520832,1.4585654293028103,88.84921550269354,0.21,-1.4451309598308482
2021-07-12 09:30:00,0.0,0.0119566432786626,3.19588165411328,194.67866994704755,0.21,-1.5806211741832834
2021-07-12 10:00:00,0.0,4.001536470236865e-05,5.221259672482086,318.05554726305905,0.20933333333333334,-1.726260598545832
2021-07-12 10:30:00,0.0,0.1188537808076946,7.0811655639947535,431.3526102880122,0.20933333333333334,-1.8796512208930416
2021-07-12 11:00:00,0.0,0.1328347739729468,8.254056718411963,502.799839768715,0.20866666666666667,-2.0349373652156175
2021-07-12 11:30:00,0.0,0.2239703936433219,9.010253400603524,548.863924813275,0.20866666666666667,-2.1824692467091
2021-07-12 12:00:00,0.0,0.3257502862510371,9.573154309070082,583.1533047191963,0.207,-2.309397582473577
2021-07-12 12:30:00,0.0,0.4107710209300579,9.800432108012076,596.9980412880777,0.207,-2.4027813552729196
2021-07-12 13:00:00,0.0,0.4703747689188868,9.871032700533348,601.2987103794458,0.20466666666666666,-2.4571443410881426
2021-07-12 13:30:00,0.0,0.5187135134126574,9.85692857008629,600.4395504813754,0.20466666666666666,-2.4793165279593907
2021-07-12 14:00:00,0.0,0.5213336498857123,10.35973496691047,631.0682442719024,0.20133333333333334,-2.482717662393905
2021-07-12 14:30:00,0.0,0.5312604270697643,10.081644415568816,614.1282244215569,0.20133333333333334,-2.4772023511205994
2021-07-12 15:00:00,0.0,0.5367946183980503,9.98357972882049,608.1545668049281,0.19733333333333333,-2.464881331017643
2021-07-12 15:30:00,0.0,0.4484644087338391,10.304362408943422,627.6951982385125,0.19733333333333333,-2.4413021936002006
2021-07-12 16:00:00,0.0,0.5176603631798481,9.92736962309965,604.7305011467921,0.19333333333333333,-2.397166451028893
2021-07-12 16:30:00,0.0,0.5899743136266407,9.885128859726018,602.1573847047165,0.19333333333333333,-2.320551714556683
2021-07-12 17:00:00,0.0,0.5635966696045497,9.89921705900866,603.0155741482348,0.19066666666666665,-2.201338289400613
2021-07-12 17:30:00,0.0,0.6688268389794509,10.123554863249916,616.6812195241573,0.19066666666666665,-2.0399821551562605
2021-07-12 18:00:00,0.0,0.2085565732885507,9.228278621824614,562.1450361546802,0.18866666666666665,-1.8584179428801235
2021-07-12 18:30:00,0.4,0.1573976718733684,5.880203399404654,358.19542170494566,0.18866666666666665,-1.6989177641290705
2021-07-12 19:00:00,0.0,0.0657848320399537,7.128577723793674,434.24074483363626,0.19233333333333333,-1.5996201853771992
2021-07-12 19:30:00,0.0,0.1368000700954797,8.072644389952751,491.74902042095187,0.19233333333333333,-1.564039124081436
2021-07-12 20:00:00,0.0,0.2471671362363244,7.254546832291357,441.9142137385881,0.19399999999999998,-1.5571822896372978
2021-07-12 20:30:00,0.0,4.939320868637296e-05,5.662651647838989,344.9431519956015,0.19399999999999998,-1.5329038150901722
2021-07-12 21:00:00,0.0,0.1012361965426754,4.997320504985616,304.4141850364099,0.19366666666666665,-1.4633568994624484
2021-07-12 21:30:00,0.0,0.06044980840791,3.9521229797769384,240.7454744702086,0.19366666666666665,-1.3484398985070087
2021-07-12 22:00:00,0.2,0.0280753727552305,2.237015547239543,136.26887930188184,0.19466666666666665,-1.2097420278943245
2021-07-12 22:30:00,1.8,3.734850980499943e-05,1.600373832534418,97.48754267382398,0.19466666666666665,-1.0791410662597294
2021-07-12 23:00:00,0.0,0.008716825294419,1.1308652374603363,68.88720051156402,0.22999999999999998,-0.9846719269212576
2021-07-12 23:30:00,0.0,0.0102109187015678,0.9859011904700304,60.05664578126243,0.22999999999999998,-0.9381742701861914
2021-07-13 00:00:00,0.0,3.5028248745586314e-05,0.5025105105436953,30.610669735266377,0.22633333333333336,-0.9328529200467716
2021-07-13 00:30:00,0.0,3.482268077466148e-05,0.7977665456578261,48.59633329570444,0.22633333333333336,-0.951465727022172
2021-07-13 01:00:00,0.0,3.449201241240149e-05,0.0517539255156664,3.1526152950504036,0.22566666666666665,-0.9770091195865236
2021-07-13 01:30:00,0.0,3.4286814121211164e-05,0.6506521994064229,39.63479205042984,0.22566666666666665,-0.9987648048882848
2021-07-13 02:00:00,0.0,3.396117416792823e-05,0.5237371304948746,31.903699511337223,0.22533333333333336,-1.0127142322063976
2021-07-13 02:30:00,0.0,3.3392474329447656e-05,0.5661266553980491,34.48587783362148,0.22533333333333336,-1.0191113909316196
2021-07-13 03:00:00,0.0,3.323138986250876e-05,0.4387026354496578,26.72378229703264,0.22499999999999998,-1.0199126105641418
2021-07-13 03:30:00,0.0,3.1563964136589964e-05,0.3960568817031932,24.12599567137157,0.22499999999999998,-1.017263382637876
2021-07-13 04:00:00,0.0,3.1719603457852996e-05,0.2890645104198074,17.608503852135414,0.22533333333333336,-1.0130629635797892
2021-07-13 04:30:00,0.0,3.187737162449441e-05,0.0300470816016031,1.8303324450271312,0.22533333333333336,-1.009234644801677
2021-07-13 05:00:00,0.0,3.05531359112814e-05,0.2461153159165113,14.992232986649114,0.22466666666666668,-1.0083053783552212
2021-07-13 05:30:00,0.0,3.082344996839441e-05,0.4387026354496578,26.72378229703264,0.22466666666666668,-1.0137447635481365
2021-07-13 06:00:00,0.0,3.105575964844068e-05,0.3319265061364777,20.21946296154355,0.22499999999999998,-1.0293921050796284
2021-07-13 06:30:00,0.0,3.1329082352843475e-05,-0.0570050012930489,-3.472487104701507,0.22499999999999998,-1.0578458793457852
2021-07-13 07:00:00,0.0,3.066923506111654e-05,0.3747017055616338,22.82513483305708,0.2243333333333333,-1.098914285310708
2021-07-13 07:30:00,0.0,3.113345954710823e-05,0.3747017055616338,22.82513483305708,0.2243333333333333,-1.1498832325726571
2021-07-13 08:00:00,0.0,3.160242476783036e-05,0.6717310519489585,40.91882050364531,0.22366666666666665,-1.2083909346591182
2021-07-13 08:30:00,0.0,3.2869602527692825e-05,0.860505078368684,52.41808122772164,0.22366666666666665,-1.276418005468417
2021-07-13 09:00:00,0.0,3.519499171295756e-05,1.3150299957822806,80.10568544985664,0.2233333333333333,-1.362473345287636
2021-07-13 09:30:00,0.0,3.7606612811760686e-05,2.7387906912909807,166.8347538331543,0.2233333333333333,-1.4791580617447009
2021-07-13 10:00:00,0.0,4.006018939554484e-05,4.924051191678195,299.9509495332229,0.22266666666666665,-1.6356140463476243
2021-07-13 10:30:00,0.0,0.0938815326599909,7.637951080008275,465.2694681177705,0.22266666666666665,-1.8291256909259903
2021-07-13 11:00:00,0.0,0.1225966614506296,8.91560160057702,543.0981648347922,0.22166666666666665,-2.0428094170941034
2021-07-13 11:30:00,0.0,0.1586335046454649,9.708006798212102,591.3679090339174,0.22166666666666665,-2.2502700863692966
2021-07-13 12:00:00,0.0,0.2721160440529844,9.821180299970305,598.2619273925696,0.21966666666666665,-2.420970091156305
2021-07-13 12:30:00,0.0,0.2694384616147098,9.905724275013949,603.411964344767,0.21966666666666665,-2.523571354772935
2021-07-13 13:00:00,0.0,0.4808919574992789,10.059982044956882,612.808650684149,0.21766666666666665,-2.5311088103732904
2021-07-13 13:30:00,0.0,0.5067722124365556,10.14372362628058,617.9098094365007,0.21766666666666665,-2.428617310521976
2021-07-13 14:00:00,0.0,0.5403960550114393,10.572000715020394,643.9985145352488,0.215,-2.221408647922439
2021-07-13 14:30:00,0.0,0.1850258566540019,9.565811292505783,582.7060013291297,0.215,-1.9463700410789493
2021-07-13 15:00:00,0.0,0.0883843068815003,7.0913911772595535,431.9755084442133,0.213,-1.6786128083736778
2021-07-13 15:30:00,3.6,0.0299783931077966,3.5283089010937627,214.92863577823695,0.213,-1.5091122226866496
2021-07-13 16:00:00,0.0,0.1592680096925897,5.825550912044753,354.86623911934225,0.25666666666666665,-1.4895237982201943
2021-07-13 16:30:00,0.0,0.2235268374394942,9.032458473462112,550.2165575193777,0.25666666666666665,-1.5906728960607643
2021-07-13 17:00:00,0.0,0.1501521383761364,9.350975760707266,569.6191914549053,0.25366666666666665,-1.72498368536522
2021-07-13 17:30:00,0.0,0.1330500677051002,9.961928216330028,606.8356544952185,0.25366666666666665,-1.8149290052273344
2021-07-13 18:00:00,0.0,0.0854108835739226,9.708006798212102,591.3679090339174,0.24833333333333332,-1.8377858899092607
2021-07-13 18:30:00,0.0,0.0749421875598468,9.394092505878628,572.2456687500212,0.24833333333333332,-1.812332120049384
2021-07-13 19:00:00,0.0,0.1156273161570563,9.322189353286047,567.8656535846578,0.24533333333333332,-1.7598338434481464
2021-07-13 19:30:00,0.0,0.0399069749288108,8.842281567134123,538.6318396901282,0.24533333333333332,-1.684943028733097
2021-07-13 20:00:00,0.0,0.0111240690660765,8.531906651872658,519.7252022649717,0.24333333333333332,-1.5858463840203445
2021-07-13 20:30:00,0.0,0.0722415555571727,6.548040157518156,398.8770194242949,0.24333333333333332,-1.4711060566820686
2021-07-13 21:00:00,0.0,0.061690632095822,5.52334831213879,336.4574222194699,0.24233333333333332,-1.3613502185865016
2021-07-13 21:30:00,0.0,0.0591978207240004,4.732389567796271,288.27578941920524,0.24233333333333332,-1.2758881468613643
2021-07-13 22:00:00,0.0,0.0349968747697401,3.96711590004505,241.65877542822795,0.242,-1.220382270928744
2021-07-13 22:30:00,0.0,0.035392618019021,3.1370902870982764,191.0973655141632,0.242,-1.1869938178751764
2021-07-13 23:00:00,0.0,0.0311045195610337,2.352592856277087,143.30932673851595,0.242,-1.1636761855681028
2021-07-13 23:30:00,0.0,0.0299872971823128,1.899811742081795,115.72794712915784,0.242,-1.142937477886495
2021-07-14 00:00:00,0.0,0.0257398398999654,1.618401878172695,98.58572975534098,0.242,-1.124492533581431
2021-07-14 00:30:00,0.0,3.908668873208195e-05,1.578093411967643,96.13032012579316,0.242,-1.1123433305220447
2021-07-14 01:00:00,0.0,3.7649739217570726e-05,0.901816611479678,54.934593160874925,0.24133333333333332,-1.1096679550419533
2021-07-14 01:30:00,0.0,0.0173789759433398,1.0263788318853104,62.52236080020816,0.24133333333333332,-1.114763768124628
2021-07-14 02:00:00,0.0,0.033680446696696,1.2118687803994237,73.82157033720621,0.24133333333333332,-1.1205668440691448
2021-07-14 02:30:00,0.0,0.0214559622844218,1.1707877943656522,71.3191022902826,0.24133333333333332,-1.1188120490564435
2021-07-14 03:00:00,0.0,3.586361836441259e-05,0.4387392610005464,26.726013360102165,0.24066666666666667,-1.106071432344577
2021-07-14 03:30:00,0.0,3.515368783130449e-05,0.4600091349666664,28.02167797532224,0.24066666666666667,-1.0860716370455108
2021-07-14 04:00:00,0.0,3.5071174531835046e-05,0.4600091349666664,28.02167797532224,0.24,-1.0662383474988846
2021-07-14 04:30:00,0.0,3.461619743987309e-05,0.6925787076458678,42.18876548967589,0.24,-1.05261432540776
2021-07-14 05:00:00,0.0,0.0131905092478379,0.7765212113386771,47.30216352489675,0.23966666666666667,-1.0478963966629673
2021-07-14 05:30:00,0.0,3.387882363103905e-05,0.4387392610005464,26.726013360102165,0.23966666666666667,-1.0529110808399602
2021-07-14 06:00:00,0.0,0.0118801853434918,0.4387392610005464,26.726013360102165,0.23933333333333331,-1.068810197427151
2021-07-14 06:30:00,0.0,3.3432409920585494e-05,0.0738352086131832,4.497707288246099,0.23933333333333331,-1.097933104089524
2021-07-14 07:00:00,0.0,3.3716191316882116e-05,1.0263788318853104,62.52236080020816,0.239,-1.143164807759592
2021-07-14 07:30:00,0.0,3.3432409920585494e-05,1.2118687803994237,73.82157033720621,0.239,-1.2065798396206124
2021-07-14 08:00:00,0.0,3.432914474509867e-05,1.334640401751858,81.30026277294536,0.23866666666666667,-1.2883706084896716
2021-07-14 08:30:00,0.0,3.5947332179102164e-05,2.037148972892054,124.09391067913486,0.23866666666666667,-1.3870909748952784
2021-07-14 09:00:00,0.0,0.0049132223648855,2.660067269277019,162.03927867166544,0.238,-1.5019132812358058
2021-07-14 09:30:00,0.0,0.0055691675297686,4.251538643332495,258.9845238002381,0.238,-1.635371851836974
2021-07-14 10:00:00,0.0,0.0095754445861302,5.636844508529649,343.37109767706494,0.23700000000000002,-1.792978642551703
2021-07-14 10:30:00,0.0,0.076771176721742,7.816355415478752,476.1370541241165,0.23700000000000002,-1.9785558873531168
2021-07-14 11:00:00,0.0,0.0940198341489139,9.315003565961588,567.4279278894502,0.2356666666666667,-2.1885702499930093
2021-07-14 11:30:00,0.0,0.1984408252254207,10.14990300808444,618.2862294547833,0.2356666666666667,-2.4080652104113662
2021-07-14 12:00:00,0.0,0.1414030002893242,10.94442349163057,666.6848273138024,0.23333333333333336,-2.609536407860416
2021-07-14 12:30:00,0.0,0.1519827341789594,11.279379153902989,687.0888127800664,0.23333333333333336,-2.760435337234822
2021-07-14 13:00:00,0.0,0.1703018707578463,10.971381947021673,668.3270146058794,0.23033333333333336,-2.841405810483586
2021-07-14 13:30:00,0.0,0.3846861836295842,10.86337672537755,661.7478245191778,0.23033333333333336,-2.860319568791092
2021-07-14 14:00:00,0.0,0.4005379320059283,10.957906278951551,667.5061377961381,0.227,-2.84441259854429
2021-07-14 14:30:00,0.0,0.4029596685822971,10.917436520881614,665.0409029949702,0.227,-2.817976579922753
2021-07-14 15:00:00,0.0,0.4299429868559883,10.957906278951551,667.5061377961381,0.22233333333333336,-2.789275391639526
2021-07-14 15:30:00,0.0,0.6162909490616925,10.890420957870258,663.3952369647052,0.22233333333333336,-2.754786035346685
2021-07-14 16:00:00,0.0,0.5797906232138554,11.105749163471389,676.5120583008642,0.21766666666666667,-2.7103133000658053
2021-07-14 16:30:00,0.0,0.3444608294361025,10.605011672418648,646.0093929016924,0.21766666666666667,-2.6591544122343422
2021-07-14 17:00:00,0.0,0.2473672355008907,10.357789855039284,630.9497568455945,0.215,-2.6132837730573324
2021-07-14 17:30:00,0.0,0.2967470798432588,10.577661667731398,644.3433541956889,0.215,-2.585118241397648
2021-07-14 18:00:00,0.0,0.3036182471808239,10.13598252641804,617.4382566106234,0.21266666666666667,-2.574752055141546
2021-07-14 18:30:00,0.0,0.4177522332062502,10.13598252641804,617.4382566106234,0.21266666666666667,-2.5650448032932975
2021-07-14 19:00:00,0.0,0.4597358533480339,9.343770273558404,569.1802657354076,0.21066666666666667,-2.5304952374527954
2021-07-14 19:30:00,0.0,0.2295061317628599,8.62909482382759,525.6454665608724,0.21066666666666667,-2.452600319498643
2021-07-14 20:00:00,0.0,0.1512897067559297,7.477183633098719,455.4762416712115,0.20966666666666667,-2.3308756754234525
2021-07-14 20:30:00,0.0,5.643950814514795e-05,6.767934862189292,412.27201125031513,0.20966666666666667,-2.183836051421484
2021-07-14 21:00:00,0.0,0.0949808654049871,5.434350753664439,331.03609308795404,0.20866666666666667,-2.0399003756173943
2021-07-14 21:30:00,0.0,0.0942442833908917,4.28722671532989,261.15847989166133,0.20866666666666667,-1.9236228058632296
2021-07-14 22:00:00,0.0,0.0909221955787557,3.0782358201022624,187.51221731554963,0.20866666666666667,-1.845953658632901
2021-07-14 22:30:00,0.0,0.0818517888006812,2.736694258145431,166.70704859854925,0.20866666666666667,-1.803743340772647
2021-07-14 23:00:00,0.0,0.08140687949531,2.64086845781427,160.86977382616473,0.20866666666666667,-1.7858883079007166
2021-07-14 23:30:00,0.0,4.662805878867662e-05,3.059400102658482,186.3648305170635,0.20866666666666667,-1.780254179644264
2021-07-15 00:00:00,0.0,0.0715583788571182,1.75765524055552,107.06841538277996,0.20833333333333334,-1.7778199704694764
2021-07-15 00:30:00,0.0,4.470821142930976e-05,1.65749272918457,100.96696776905009,0.20833333333333334,-1.7737534340413954
2021-07-15 01:00:00,0.0,4.1684720299279385e-05,1.149550125242612,70.02539944858708,0.20833333333333334,-1.7667935770994525
2021-07-15 01:30:00,0.0,4.123069674470341e-05,1.5568617583976494,94.83698372440826,0.20833333333333334,-1.75797264043256
2021-07-15 02:00:00,0.0,0.0572589562736342,0.6502927294119505,39.612894762612655,0.208,-1.749068506629543
2021-07-15 02:30:00,0.0,3.992767215826984e-05,1.231634720344193,75.02562208729162,0.208,-1.7413404380050015
2021-07-15 03:00:00,0.0,3.988293852646097e-05,0.5236238231074298,31.896797337267508,0.208,-1.7351899372502868
2021-07-15 03:30:00,0.0,3.795069047326455e-05,0.9013850912300028,54.908306897066055,0.208,-1.7303395826278103
2021-07-15 04:00:00,0.0,3.8822256168481984e-05,0.9636977182061152,58.704110576155,0.20833333333333334,-1.7260052814860607
2021-07-15 04:30:00,0.0,3.73056019335144e-05,0.3748793499356596,22.835956125646057,0.20833333333333334,-1.7215998522489775
2021-07-15 05:00:00,0.0,3.713428294613371e-05,0.8180167974845162,49.82988713729893,0.208,-1.7181235107997697
2021-07-15 05:30:00,0.0,3.704881103455631e-05,0.6081538075537397,37.04598204549104,0.208,-1.7188611668606912
2021-07-15 06:00:00,0.0,3.641000309885901e-05,0.9221762331657792,56.17480932012284,0.20766666666666667,-1.7283685563084792
2021-07-15 06:30:00,0.0,3.5736544531296665e-05,0.9013850912300028,54.908306897066055,0.20766666666666667,-1.7508643133951451
2021-07-15 07:00:00,0.0,3.5947332179102164e-05,1.8971052800878396,115.56308169349089,0.20733333333333334,-1.7895703486492085
2021-07-15 07:30:00,0.0,3.679314618140097e-05,2.638839643518552,160.7461876263593,0.20733333333333334,-1.846480804200019
2021-07-15 08:00:00,0.0,3.726272530589475e-05,3.300410934840448,201.0461214189428,0.207,-1.921799360360258
2021-07-15 08:30:00,0.0,3.825496551648326e-05,3.7428478424424223,227.99737870238417,0.207,-2.0146884420600903
2021-07-15 09:00:00,0.0,0.002842918748635,4.602200679698177,280.3452706078464,0.206,-2.1268715919591137
2021-07-15 09:30:00,0.0,0.0030405685733574,6.09763726278955,371.4405101989889,0.206,-2.2655070023163586
2021-07-15 10:00:00,0.0,0.0049020499896492,7.687522141520034,468.289113200858,0.20533333333333334,-2.4393502512166547
2021-07-15 10:30:00,0.0,0.1026747155249502,8.887154816306584,541.3653152723213,0.20533333333333334,-2.649131858951326
2021-07-15 11:00:00,0.0,0.1261653905601446,9.806122088479237,597.3446491882627,0.204,-2.881006048658052
2021-07-15 11:30:00,0.0,0.1482159753021376,10.363681965582732,631.3086775967128,0.204,-3.1086537828697
2021-07-15 12:00:00,0.0,0.1785393383673815,10.88217375158974,662.8928544226596,0.20166666666666666,-3.3004072201355275
2021-07-15 12:30:00,0.0,0.3865013703916248,10.949615084351535,667.0010756844276,0.20166666666666666,-3.428140813583996
2021-07-15 13:00:00,0.0,0.3944696137242116,10.828091875733923,659.5984309116074,0.19933333333333336,-3.4794085030842874
2021-07-15 13:30:00,0.0,0.4380010182384999,10.8551471709285,661.2465172469463,0.19933333333333336,-3.467553050406444
2021-07-15 14:00:00,0.0,0.7327264027815926,10.596951449188884,645.5184005222259,0.19566666666666668,-3.4270048505784514
2021-07-15 14:30:00,0.0,0.72745653815151,11.070562271746375,674.3686318470781,0.19566666666666668,-3.3929986764301927
2021-07-15 15:00:00,0.0,0.6359099582491451,11.110751193180729,676.8167593493517,0.19200000000000003,-3.3818909861681923
2021-07-15 15:30:00,0.0,0.6292704031207067,10.58328913490508,644.686154068498,0.19200000000000003,-3.3858980380369004
2021-07-15 16:00:00,0.0,0.4448675076953055,10.308480192295036,627.9460349943074,0.18733333333333335,-3.3825531621263014
2021-07-15 16:30:00,0.0,0.4052460126031894,10.528566010825886,641.3526686131236,0.18733333333333335,-3.351013769475781
2021-07-15 17:00:00,0.0,0.3758581629565032,10.65152714214533,648.8429051397623,0.18400000000000002,-3.2841848523463235
2021-07-15 17:30:00,0.0,0.5887982589084658,10.432514588809257,635.50164998712,0.18400000000000002,-3.1886046550730036
2021-07-15 18:00:00,0.0,0.5859817364916791,10.03063780257824,611.021132028843,0.18100000000000002,-3.075890095489539
2021-07-15 18:30:00,0.0,0.2814909271766664,9.707257040673252,591.3222371923903,0.18100000000000002,-2.956133144879043
2021-07-15 19:00:00,0.0,0.584220321628199,9.451210158491898,575.7250180641418,0.18033333333333335,-2.835801042013462
2021-07-15 19:30:00,0.0,0.5351227662355219,8.60757969131163,524.3348619029838,0.18033333333333335,-2.716620439271649
2021-07-15 20:00:00,0.0,0.2567562032399194,7.564198708976404,460.7768069206807,0.17966666666666667,-2.596650202787328
2021-07-15 20:30:00,0.0,0.1947220572995518,6.22887877490519,379.43515010927086,0.17966666666666667,-2.475514971256469
2021-07-15 21:00:00,0.0,0.0844869822369922,5.362152035244136,326.6380733878642,0.18033333333333335,-2.358445449247176
2021-07-15 21:30:00,0.0,5.350308294278879e-05,4.176647968103114,254.4225222548031,0.18033333333333335,-2.2536281404953207
2021-07-15 22:00:00,0.0,5.157979471076168e-05,3.688023830316536,224.65774760306243,0.18066666666666667,-2.1661809446310873
2021-07-15 22:30:00,0.0,5.096464882867567e-05,2.848920119224785,173.54334096891006,0.18066666666666667,-2.095945030327573
2021-07-15 23:00:00,0.0,4.879212453260266e-05,1.8772389447122924,114.3529143073939,0.18066666666666667,-2.04090617046464
2021-07-15 23:30:00,0.0,0.0489182848972202,2.094770607902566,127.60396032367753,0.18066666666666667,-2.001651277972195
2021-07-16 00:00:00,0.0,0.070391521135576,2.093210696264413,127.5089375550591,0.18100000000000002,-1.9813619348474096
2021-07-16 00:30:00,0.0,0.0670576395386326,1.3939479046336685,84.91300787070305,0.18100000000000002,-1.9807524173181377
2021-07-16 01:00:00,0.0,4.609456319267253e-05,0.8384978629371685,51.077501102067934,0.18066666666666667,-1.9933912169366192
2021-07-16 01:30:00,0.0,0.0511878137255292,1.1693945104247083,71.2342297280798,0.18066666666666667,-2.007235533387132
2021-07-16 02:00:00,0.0,4.628760623981973e-05,1.5154467491857786,92.31416849474084,0.18033333333333335,-2.0115887250860265
2021-07-16 02:30:00,0.0,4.5614963145202326e-05,1.3736310040026647,83.67539408509886,0.18033333333333335,-2.0026076585389054
2021-07-16 03:00:00,0.0,4.5230527271971506e-05,1.3329393165410686,81.19664034816725,0.18000000000000002,-1.9823731957110944
2021-07-16 03:30:00,0.0,0.0537235714588165,1.210398106096269,73.73198350382177,0.18000000000000002,-1.953911734963049
2021-07-16 04:00:00,0.0,4.466035765302329e-05,1.7164300056248631,104.55716034483906,0.17966666666666667,-1.918341676942776
2021-07-16 04:30:00,0.0,4.357773870443802e-05,1.1283120750189974,68.73167339196655,0.17966666666666667,-1.8768754469263955
2021-07-16 05:00:00,0.0,4.1638800712387125e-05,1.0045882234513213,61.19497539411654,0.17966666666666667,-1.8347149493190529
2021-07-16 05:30:00,0.0,0.0415732769690715,1.210398106096269,73.73198350382177,0.17966666666666667,-1.8020664611680788
2021-07-16 06:00:00,0.0,0.0395864671368575,1.3939479046336685,84.91300787070305,0.18000000000000002,-1.7907985250537026
2021-07-16 06:30:00,0.0,0.0406680318991823,2.053857509647566,125.11171924164468,0.18000000000000002,-1.8094013748996955
2021-07-16 07:00:00,0.0,0.039039512561944,2.694238371706573,164.12082783136222,0.18000000000000002,-1.8596090441159376
2021-07-16 07:30:00,0.0,0.0400691820722468,3.3720828627579396,205.4120514218763,0.18000000000000002,-1.9358534261472415
2021-07-16 08:00:00,0.0,0.0560772146757324,4.333686230499606,263.9885836309484,0.17933333333333334,-2.027629924430369
2021-07-16 08:30:00,0.0,0.0039338824431028,4.528182732312983,275.83643169930485,0.17933333333333334,-2.1249807774826346
2021-07-16 09:00:00,0.0,0.0064227479116019,4.964079130944211,302.3892707291908,0.17933333333333334,-2.225204266152524
2021-07-16 09:30:00,0.0,0.0046924457258337,5.543782304884131,337.702168727605,0.17933333333333334,-2.335178575896471
2021-07-16 10:00:00,0.0,0.0106436680832049,6.979789975616668,425.1772675042316,0.17833333333333334,-2.4652812495310066
2021-07-16 10:30:00,0.0,0.1071069578783786,9.600588853935085,584.8244932308381,0.17833333333333334,-2.6194709561283096
2021-07-16 11:00:00,0.0,0.1217172185433811,9.657318920022934,588.2802325251191,0.17733333333333334,-2.791221795598088
2021-07-16 11:30:00,0.0,0.2699952113397914,10.148271213003085,618.1868278716064,0.17733333333333334,-2.9671669045731717
2021-07-16 12:00:00,0.0,0.2915635372839764,10.189907779283256,620.7231393567811,0.17600000000000002,-3.1306099578680646
2021-07-16 12:30:00,0.0,0.3888435275854605,10.134376989716031,617.3404545692694,0.17600000000000002,-3.262110794688466
2021-07-16 13:00:00,0.0,0.4514142123468371,9.953047265058116,606.2946670718403,0.17433333333333334,-3.3445157920148576
2021-07-16 13:30:00,0.0,0.5634362309493843,10.203771302604768,621.5676425559336,0.17433333333333334,-3.3732203188888787
2021-07-16 14:00:00,0.0,0.629392811428112,10.064790129077949,613.1015374437317,0.17166666666666666,-3.3598847657816
2021-07-16 14:30:00,0.0,0.5914736443601639,10.134376989716031,617.3404545692694,0.17166666666666666,-3.32401914692742
2021-07-16 15:00:00,0.0,0.6028873608140473,9.981029824316195,607.9992381441346,0.16833333333333333,-3.281466931684703
2021-07-16 15:30:00,0.0,0.6465850605893991,10.036901168398066,611.4026679739009,0.16833333333333333,-3.2385225665752593
2021-07-16 16:00:00,0.0,0.5505250677221919,9.557955993919403,582.2274920329968,0.166,-3.1921760205158445
2021-07-16 16:30:00,0.0,0.3621106794919015,9.557955993919403,582.2274920329968,0.166,-3.1349015721211737
2021-07-16 17:00:00,0.0,0.4217033571002206,9.170915160759934,558.6507133003723,0.16366666666666665,-3.061656961077468
2021-07-16 17:30:00,0.0,0.1892618301059314,9.572175095469197,583.093655451155,0.16366666666666665,-2.973956704135837
2021-07-16 18:00:00,0.0,0.2910215880140318,8.659943790675598,527.5246462318347,0.163,-2.8783469219148863
2021-07-16 18:30:00,0.0,0.1754605254865901,10.022945026660585,610.5525228793388,0.163,-2.782747637054377
2021-07-16 19:00:00,0.0,0.1399163595562664,8.153079632899008,496.64877197886415,0.16233333333333333,-2.693543865234793
2021-07-16 19:30:00,0.0,0.1281978412842544,6.37054758077111,388.0649736396469,0.16233333333333333,-2.6115865263040536
2021-07-16 20:00:00,0.0,0.006872556328509,7.372165575441817,449.0790161172694,0.16333333333333333,-2.528803162133982
2021-07-16 20:30:00,0.0,5.297895826524656e-05,6.338037712880085,386.0846193818372,0.16333333333333333,-2.43266400575471
2021-07-16 21:00:00,0.0,4.9746028364174434e-05,5.067457522207733,308.6866152151936,0.163,-2.3179971104268415
2021-07-16 21:30:00,0.0,0.0539747905169976,4.333686230499606,263.9885836309484,0.163,-2.1940181650370425
2021-07-16 22:00:00,0.0,0.0467292281024909,3.593475418333311,218.89828555702283,0.164,-2.0788159461873614
2021-07-16 22:30:00,0.0,0.0670480856619485,3.1484489245786063,191.78928238606463,0.164,-1.987439904611081
2021-07-16 23:00:00,0.0,0.0625257985972847,2.1912820043875603,133.48299851592367,0.16433333333333333,-1.9242494236029135
2021-07-16 23:30:00,0.0,0.0567771452926164,1.8560101423637592,113.05975158953731,0.16433333333333333,-1.8835326858458692
2021-07-17 00:00:00,0.0,0.0339434742730807,1.514397686132957,92.25026431369864,0.165,-1.8553311480316417
2021-07-17 00:30:00,0.0,4.0868502543514366e-05,0.9212139313635208,56.11619024243885,0.165,-1.8312557730541148
2021-07-17 01:00:00,0.0,3.983823569405072e-05,1.3320601524650446,81.14308564511205,0.165,-1.8069304115900031
2021-07-17 01:30:00,0.0,3.904253920677047e-05,0.6288335019625899,38.30569558877722,0.165,-1.7811903734553214
2021-07-17 02:00:00,0.0,3.851698563857494e-05,1.1070736370066747,67.43792371301011,0.16533333333333333,-1.7545244699631928
2021-07-17 02:30:00,0.0,0.0223720038322744,0.4599322001111117,28.016991451547906,0.16533333333333333,-1.7283535304891546
2021-07-17 03:00:00,0.0,3.6835678740633714e-05,0.2254686578446072,13.73453186773675,0.16566666666666666,-1.7043253799462033
2021-07-17 03:30:00,0.0,3.5445205572522415e-05,0.4811186782029809,29.30757596692845,0.16566666666666666,-1.6828857140791185
2021-07-17 04:00:00,0.0,3.679314618140097e-05,0.5445511875095098,33.17159781745754,0.16566666666666666,-1.662701065886658
2021-07-17 04:30:00,0.0,0.019191226708385,0.8172534657662499,49.78338841809598,0.16566666666666666,-1.6426552392675215
2021-07-17 05:00:00,0.0,0.0155181580613395,0.7337175865388516,44.6947601079969,0.16566666666666666,-1.6245586478824132
2021-07-17 05:30:00,0.0,0.0138827862363754,0.2040241146612962,12.428227193038982,0.16566666666666666,-1.6127487533002265
2021-07-17 06:00:00,0.0,3.2869602527692825e-05,0.5867342374772787,35.741198619622914,0.16633333333333333,-1.6106581356834146
2021-07-17 06:30:00,0.0,3.307082152973579e-05,0.6918261305640446,42.1429218943308,0.16633333333333333,-1.6192425387036964
2021-07-17 07:00:00,0.0,3.243207941373169e-05,0.6708493605494218,40.86511184746129,0.16633333333333333,-1.640339087205783
2021-07-17 07:30:00,0.0,3.1523934586024005e-05,0.5867342374772787,35.741198619622914,0.16633333333333333,-1.6810953104625102
2021-07-17 08:00:00,0.0,3.05531359112814e-05,1.0246692786485614,62.418222541550925,0.166,-1.7527515882634317
2021-07-17 08:30:00,0.0,3.219286580736566e-05,0.5867342374772787,35.741198619622914,0.166,-1.863605510862054
2021-07-17 09:00:00,0.0,0.0012689476938118,2.0523153922087363,125.01778041524688,0.16633333333333333,-2.014445669722823
2021-07-17 09:30:00,0.0,0.0003975698956202,3.7732522317824086,229.84947672035753,0.16633333333333333,-2.2014635895316275
2021-07-17 10:00:00,0.0,4.073247111652964e-05,6.251541655044659,380.815670366347,0.16533333333333333,-2.4197906446510795
2021-07-17 10:30:00,0.0,0.1402182118562259,9.149348533781565,557.3369718325087,0.16533333333333333,-2.6608724276804603
2021-07-17 11:00:00,0.0,0.2631522811707975,9.776948563644709,595.567529874366,0.16466666666666666,-2.909552752987756
2021-07-17 11:30:00,0.0,0.2858039557071471,9.903388236983734,603.26966346323,0.16466666666666666,-3.146575277382823
2021-07-17 12:00:00,0.0,0.4378047083615375,9.931399106353007,604.9759590595805,0.163,-3.3506062448706975
2021-07-17 12:30:00,0.0,0.463304852448998,10.154363650712682,618.557951648519,0.163,-3.498151950211495
2021-07-17 13:00:00,0.0,0.4817881265235314,10.140486361484058,617.7126098925056,0.16133333333333333,-3.5705721527423355
2021-07-17 13:30:00,0.0,0.5011529047366313,10.001289171303457,609.2333460218149,0.16133333333333333,-3.5645670800683713
2021-07-17 14:00:00,0.0,0.5219260632745162,9.95937859240462,606.680342926023,0.15833333333333333,-3.4906933788851853
2021-07-17 14:30:00,0.0,0.5224415182603274,10.676112188150254,650.3405150561574,0.15833333333333333,-3.365331446650592
2021-07-17 15:00:00,0.0,0.428678970614453,9.72054644165172,592.131767452546,0.15433333333333332,-3.2146287105933857
2021-07-17 15:30:00,0.0,0.3931446359049849,8.946258646800187,544.9656535684722,0.15433333333333332,-3.080864749810464
2021-07-17 16:00:00,0.0,0.3011170301138355,7.583080400195659,461.9269942338387,0.15333333333333332,-3.0049704518584597
2021-07-17 16:30:00,0.0,0.4788247717248471,9.293391489196312,566.1114178259307,0.15333333333333332,-2.994518442974255
2021-07-17 17:00:00,0.0,0.5750179278659768,9.450872469828257,575.704447596581,0.152,-3.016965955888792
2021-07-17 17:30:00,0.0,0.5838853383515242,9.235875433382722,562.6077995890105,0.152,-3.02796563122954
2021-07-17 18:00:00,0.0,0.5296284179233518,8.960821013617963,545.85272715573,0.15,-3.0016875546890773
2021-07-17 18:30:00,0.0,0.4380007534001794,8.858701900523354,539.6320922057959,0.15,-2.9369673980982824
2021-07-17 19:00:00,0.0,0.4071583220823396,8.520124890674559,519.0075106080458,0.14966666666666667,-2.8460320527737566
2021-07-17 19:30:00,0.0,0.1280490470390596,7.521348363791643,458.1665575090342,0.14966666666666667,-2.7420364554918337
2021-07-17 20:00:00,0.0,0.2681667542867114,7.505890297701605,457.2249219692798,0.15,-2.6320314129981974
2021-07-17 20:30:00,0.0,0.164236998848262,6.478781982100888,394.6581243172625,0.15,-2.516924860162703
2021-07-17 21:00:00,0.0,0.1386654937862092,5.09768789600712,310.52811299271366,0.15066666666666664,-2.3976297932984725
2021-07-17 21:30:00,0.0,0.1116102766946928,3.755053147623536,228.7408707449943,0.15066666666666664,-2.2805623298630646
2021-07-17 22:00:00,0.0,0.086402684773931,2.730304169834744,166.31779329193685,0.152,-2.1759949198745807
2021-07-17 22:30:00,0.0,0.0612201913520665,1.8943262778319825,115.39379743283816,0.152,-2.0914210415118673
2021-07-17 23:00:00,0.0,0.0529866928024036,1.9537076085327825,119.01103978774162,0.152,-2.0273233183170247
2021-07-17 23:30:00,0.0,0.0296088458657292,1.5547075751459136,94.70576061427514,0.152,-1.9790414032377543
2021-07-18 00:00:00,0.0,0.0251614736578807,1.653955020303939,100.75146652899174,0.15233333333333332,-1.9417537152963216
2021-07-18 00:30:00,0.0,0.0326358740846755,1.1679237850979498,71.14463978656795,0.15233333333333332,-1.9132565040245677
2021-07-18 01:00:00,0.0,0.0198210599707678,0.8376546913554255,51.02613889913416,0.15266666666666664,-1.892570816728531
2021-07-18 01:30:00,0.0,0.0184579583353485,-0.1851894849566807,-11.280906654707891,0.15266666666666664,-1.8772124761775328
2021-07-18 02:00:00,0.0,3.869228691623249e-05,0.8999713617865427,54.82218888723187,0.15233333333333332,-1.8630165354922223
2021-07-18 02:30:00,0.0,0.0174876010413255,0.8999713617865427,54.82218888723187,0.15233333333333332,-1.846560107110495
2021-07-18 03:00:00,0.0,0.0161053839057268,0.6496009487594476,39.57075461103632,0.15233333333333332,-1.8268315547872351
2021-07-18 03:30:00,0.0,3.739144891428285e-05,0.0536306120065406,3.266934556366212,0.15233333333333332,-1.8042207717040353
2021-07-18 04:00:00,0.0,3.773608560441656e-05,1.0446716256654354,63.63667514227613,0.15233333333333332,-1.778882919677392
2021-07-18 04:30:00,0.0,3.645225234682258e-05,-0.0980314139425492,-5.971630787642261,0.15233333333333332,-1.7511891338288037
2021-07-18 05:00:00,0.0,3.615716633737405e-05,0.5021758382716531,30.590283012652453,0.15233333333333332,-1.723419983847252
2021-07-18 05:30:00,0.0,0.0097121741430291,0.6705782438468784,40.848596642968765,0.15233333333333332,-1.6998000830618043
2021-07-18 06:00:00,0.0,0.0092706910418424,0.4386781473862207,26.722290594856062,0.152,-1.6844686326906977
2021-07-18 06:30:00,0.0,0.0087040370877736,0.3962402236669562,24.137164035383087,0.152,-1.6796910882779263
2021-07-18 07:00:00,0.0,0.0087512821214268,0.5021758382716531,30.590283012652453,0.152,-1.685824707618787
2021-07-18 07:30:00,0.0,3.5653147602019764e-05,0.6075840189034086,37.011273095472625,0.152,-1.7025720590367828
2021-07-18 08:00:00,0.0,3.5947332179102164e-05,0.2470327095779471,15.048116463309244,0.152,-1.7302316751990243
2021-07-18 08:30:00,0.0,0.0012882878891504,-0.0762983024377094,-4.647747834677595,0.152,-1.7695284870395085
2021-07-18 09:00:00,0.0,0.0064903109863991,1.3311619549386606,81.08837151026256,0.15166666666666664,-1.8201255097142264
2021-07-18 09:30:00,0.0,0.0193969136630528,1.6339219485535963,99.5311423163317,0.15166666666666664,-1.8807114870941668
2021-07-18 10:00:00,0.0,0.0173637417460446,1.991698267726613,121.32525908705377,0.151,-1.952470665833646
2021-07-18 10:30:00,0.0,0.0276012616838115,2.8611285777697084,174.28702510019522,0.151,-2.042226819682901
2021-07-18 11:00:00,0.0,0.0368791793489059,3.95122007199432,240.69047340783231,0.15033333333333332,-2.1598763664769525
2021-07-18 11:30:00,0.0,0.0270651094711297,5.48433993206285,334.0812079625374,0.15033333333333332,-2.3096003878294824
2021-07-18 12:00:00,0.0,0.1294685114991235,6.489710890461741,395.3238640329136,0.14966666666666664,-2.480479999682813
2021-07-18 12:30:00,0.0,0.1871546802424204,7.360450093532376,448.3653618951291,0.14966666666666664,-2.6453076459817657
2021-07-18 13:00:00,0.0,0.1962806322761196,8.305158164754125,505.912708980708,0.14866666666666664,-2.772585994558802
2021-07-18 13:30:00,0.0,0.227519620472908,8.019588590261383,488.51710083356704,0.14866666666666664,-2.8433214865623864
2021-07-18 14:00:00,0.0,0.2242714936578318,8.793273272654467,535.6464758318036,0.14633333333333332,-2.8582004245837265
2021-07-18 14:30:00,0.0,0.1305939971672104,8.468956736133524,515.8905778339949,0.14633333333333332,-2.833633355674561
2021-07-18 15:00:00,0.0,0.2190988928190312,8.690549914052538,529.3890329758146,0.143,-2.794237432570145
2021-07-18 15:30:00,0.0,0.2317772027451629,9.825635353388328,598.5333091168734,0.143,-2.761677090124068
2021-07-18 16:00:00,0.0,0.2257957286191498,8.587391268220388,523.105074388583,0.14133333333333334,-2.740747807375797
2021-07-18 16:30:00,0.0,0.1976085804553491,10.367415249327834,631.53609237382,0.14133333333333334,-2.7161446851030617
2021-07-18 17:00:00,0.0,0.1822094216603643,10.61358481837127,646.5316302158216,0.139,-2.6668821502230395
2021-07-18 17:30:00,0.0,0.175509013198532,9.25744766838306,563.9218826722329,0.139,-2.5840789842131193
2021-07-18 18:00:00,0.0,0.145408969911222,8.661120633050478,527.5963341518126,0.138,-2.475901523412936
2021-07-18 18:30:00,0.0,0.1210240478828632,9.571562080080986,583.0563133235826,0.138,-2.360165500984278
2021-07-18 19:00:00,0.0,0.0820484528917978,8.185330648689296,498.6133581363064,0.13833333333333334,-2.2539122092908275
2021-07-18 19:30:00,0.0,0.0609925970684357,6.13213571940773,373.54200029672427,0.13833333333333334,-2.1660761196555542
2021-07-18 20:00:00,0.0,0.0844542442493456,6.376532215740878,388.42953056074987,0.139,-2.0962127821941863
2021-07-18 20:30:00,0.0,0.0566452339292157,5.127798555003416,312.36231828535443,0.139,-2.0394409205151183
2021-07-18 21:00:00,0.0,0.0422321728583211,4.415133262105015,268.94996878226294,0.13999999999999999,-1.9926990091270345
2021-07-18 21:30:00,0.0,0.0378672342118112,3.860891219089444,235.18804783499215,0.13999999999999999,-1.956273437342868
2021-07-18 22:00:00,0.0,0.0367082481595514,2.109651942813837,128.51046400595064,0.141,-1.9307171313823437
2021-07-18 22:30:00,0.0,0.0218995328013368,3.012133044473742,183.4855349061414,0.141,-1.9139931360847575
2021-07-18 23:00:00,0.0,0.0204628987819492,2.109651942813837,128.51046400595064,0.14133333333333334,-1.90170316832747
2021-07-18 23:30:00,0.0,4.191285371403597e-05,2.226966763027101,135.65675277255767,0.14133333333333334,-1.8890555338514672
2021-07-19 00:00:00,0.0,4.159291153363659e-05,1.7938215896716556,109.2715059552071,0.141,-1.8724983257041288
2021-07-19 00:30:00,0.0,4.1638800712387125e-05,0.8179101850261562,49.82339278805837,0.141,-1.85059488478879
2021-07-19 01:00:00,0.0,4.095934311956155e-05,0.8802281439417968,53.6195212648113,0.141,-1.824308587529134
2021-07-19 01:30:00,0.0,4.1048409660363565e-05,0.859475768944053,52.355380348453096,0.141,-1.7962680577130203
2021-07-19 02:00:00,0.0,4.041801506996202e-05,0.5878342931575039,35.80820904111906,0.14133333333333334,-1.7689145958044683
2021-07-19 02:30:00,0.0,4.059859886703179e-05,0.5035476570087537,30.673848011626507,0.14133333333333334,-1.7427338791302005
2021-07-19 03:00:00,0.0,4.010504485176586e-05,0.5667940504726684,34.52653252597809,0.1413333333333333,-1.716111441297452
2021-07-19 03:30:00,0.0,4.019484801603504e-05,0.3977152435245094,24.227015580306333,0.1413333333333333,-1.6870291500570789
2021-07-19 04:00:00,0.0,4.001536470236865e-05,0.3339606127362931,20.343371544601656,0.141,-1.655293362548352
2021-07-19 04:30:00,0.0,3.8734359909475526e-05,0.4401117615548112,26.80961989229711,0.141,-1.623546928723841
2021-07-19 05:00:00,0.0,3.834218123900825e-05,0.1630010622453117,9.929288200340975,0.14066666666666663,-1.596255026837506
2021-07-19 05:30:00,0.0,3.799406494841691e-05,0.1630010622453117,9.929288200340975,0.14066666666666663,-1.5776750558804622
2021-07-19 06:00:00,0.0,3.734850980499943e-05,0.2700129800831415,16.4479707073538,0.141,-1.5707347421114863
2021-07-19 06:30:00,0.0,3.696346423972096e-05,0.0338653380549835,2.062923375578048,0.141,-1.5774097482981286
2021-07-19 07:00:00,0.0,3.721987992815649e-05,0.3126662455761513,19.04621491467297,0.14066666666666663,-1.5992558400550416
2021-07-19 07:30:00,0.0,0.0025533532953761,0.4189241269424517,25.518964926913977,0.14066666666666663,-1.6367664142895055
2021-07-19 08:00:00,0.0,0.0044558769881695,0.629852230506352,38.367751928592384,0.1403333333333333,-1.6882062299418223
2021-07-19 08:30:00,0.0,0.0097270795531657,1.2707326668703525,77.4072923276702,0.1403333333333333,-1.7498560357882345
2021-07-19 09:00:00,0.0,0.0168009796679817,2.2072382871784804,134.45498316593012,0.1403333333333333,-1.818705690253037
2021-07-19 09:30:00,0.0,0.0210434139084426,2.8603309588807777,174.23843776148016,0.1403333333333333,-1.896093311419535
2021-07-19 10:00:00,0.0,0.0126915064571355,4.271421860093954,260.1957195240872,0.13966666666666663,-1.988981307399657
2021-07-19 10:30:00,0.0,0.0875441714669787,5.4813842868816165,333.90116341302246,0.13966666666666663,-2.1071272763439355
2021-07-19 11:00:00,0.0,0.1488482095760104,6.177731022337249,376.3194601312357,0.13966666666666663,-2.257452806257566
2021-07-19 11:30:00,0.0,0.1573950907015834,7.893579180408726,480.8411769521697,0.13966666666666663,-2.4373602757292305
2021-07-19 12:00:00,0.0,0.1368787844265418,8.448973960220357,514.6733174164765,0.13866666666666663,-2.6291814503264317
2021-07-19 12:30:00,0.0,0.1454038033360634,8.817151328940978,537.1010191290486,0.13866666666666663,-2.8027727351558824
2021-07-19 13:00:00,0.0,0.23017139826746,9.466215947793204,576.6391029455152,0.13733333333333334,-2.9308773549732896
2021-07-19 13:30:00,0.0,0.1729976478048376,9.437729114632576,574.9038137856124,0.13733333333333334,-3.004859921543228
2021-07-19 14:00:00,0.0,0.2665136125111166,9.707040295692158,591.3090340674927,0.13533333333333333,-3.0336902168641617
2021-07-19 14:30:00,0.0,0.2493725597493923,9.945553733409332,605.8381949829211,0.13533333333333333,-3.031313554030342
2021-07-19 15:00:00,0.0,0.3472613559959182,9.917611461235705,604.1360780177765,0.132,-3.009515027518329
2021-07-19 15:30:00,0.0,0.3566271740190536,10.001344703620717,609.2367287996625,0.132,-2.9772757994263475
2021-07-19 16:00:00,0.0,0.4265763792664,9.847618610623124,599.8724298174367,0.13,-2.9389093990242428
2021-07-19 16:30:00,0.0,0.2874265195182488,9.594002493152397,584.4232818920783,0.13,-2.8931572348433092
2021-07-19 17:00:00,0.0,0.1504412560842097,9.987408630400822,608.3878061885134,0.129,-2.8369818511962803
2021-07-19 17:30:00,0.0,0.1083957975293829,9.179857039198648,559.1954121314559,0.129,-2.769851174913614
2021-07-19 18:00:00,0.0,0.0233939897339105,8.43413012211107,513.7690978699529,0.128,-2.69500037670207
2021-07-19 18:30:00,0.0,0.009367785992679,8.97740394049623,546.8628841320796,0.128,-2.618548157513809
2021-07-19 19:00:00,0.0,0.005727338946752,8.596914694941141,523.6851985133134,0.12833333333333333,-2.5461749612888886
2021-07-19 19:30:00,0.0,0.0809171974622139,7.680034300050946,467.8329877319751,0.12833333333333333,-2.4783623804357635
2021-07-19 20:00:00,0.0,0.0707244618683855,7.184620179388434,437.6545980036096,0.12866666666666668,-2.4094807063905765
2021-07-19 20:30:00,0.0,0.0504328349303363,6.063122758405011,369.3380425438379,0.12866666666666668,-2.333234267436505
2021-07-19 21:00:00,0.0,0.0692719225964717,5.261497812773194,320.5066729556933,0.12933333333333333,-2.249242722785059
2021-07-19 21:30:00,0.0,0.0610080876119524,4.021436910926966,244.96776596455135,0.12933333333333333,-2.1645002035819725
2021-07-19 22:00:00,0.0,0.0324665583935433,3.457713604355296,210.62828928202887,0.13033333333333333,-2.0893722585169914
2021-07-19 22:30:00,0.0,0.0301210001740447,3.0487612846147885,185.71676179277603,0.13033333333333333,-2.031954269889996
2021-07-19 23:00:00,0.0,0.0288725412313137,2.4399832599052176,148.63275525864384,0.13066666666666668,-1.9940269235778985
2021-07-19 23:30:00,0.0,0.0291921969175719,1.9325074704759495,117.71962316901734,0.13066666666666668,-1.970280998322812
2021-07-20 00:00:00,0.0,4.609456319267253e-05,1.1640647599834897,70.90956541339507,0.13066666666666668,-1.9513260365308072
2021-07-20 00:30:00,0.0,4.5230527271971506e-05,0.8129815135324183,49.52316039060026,0.13066666666666668,-1.9290330341752069
2021-07-20 01:00:00,0.0,4.442351993200504e-05,0.7712943971261056,46.98376962014934,0.13066666666666668,-1.9007343387534672
2021-07-20 01:30:00,0.0,4.3530592552614315e-05,1.7100849106736018,104.1706458303828,0.13066666666666668,-1.869383570685184
2021-07-20 02:00:00,0.0,4.30646811029607e-05,0.4348160616713051,26.48702978373261,0.13033333333333333,-1.8400113053861855
2021-07-20 02:30:00,0.0,4.311153004483944e-05,0.3923779158573129,23.901889695252343,0.13033333333333333,-1.8156955846936509
2021-07-20 03:00:00,0.0,4.297302229092685e-05,0.413607634795631,25.19510824761709,0.131,-1.796063804068142
2021-07-20 03:30:00,0.0,4.237135693084574e-05,0.3923779158573129,23.901889695252343,0.131,-1.7786009977006587
2021-07-20 04:00:00,0.0,4.2464188720886065e-05,0.2217677551600989,13.509089598528748,0.13066666666666668,-1.7606983909412062
2021-07-20 04:30:00,0.0,4.2464188720886065e-05,0.2217677551600989,13.509089598528748,0.13066666666666668,-1.7408742304683582
2021-07-20 05:00:00,0.0,4.2095512538396045e-05,0.2859082252096321,17.41623721863864,0.13066666666666668,-1.7192175904722586
2021-07-20 05:30:00,0.0,4.1684720299279385e-05,0.1574316461562552,9.590024537306483,0.13066666666666668,-1.697376620142582
2021-07-20 06:00:00,0.0,4.159291153363659e-05,0.1574316461562552,9.590024537306483,0.13066666666666668,-1.6781705530346351
2021-07-20 06:30:00,0.0,4.127444219376738e-05,0.0928985344715822,5.658958962914253,0.13066666666666668,-1.6653642160218154
2021-07-20 07:00:00,0.0,4.095934311956155e-05,0.4771692337642029,29.066993657073052,0.13066666666666668,-1.6637795623108862
2021-07-20 07:30:00,0.0,4.050824563260603e-05,0.3498544062842503,21.31154963228112,0.13066666666666668,-1.6783184761610597
2021-07-20 08:00:00,0.0,4.0913907542550583e-05,0.9375548541957808,57.11160542578812,0.13033333333333333,-1.7108669978250632
2021-07-20 08:30:00,0.0,4.191285371403597e-05,1.4893071326275027,90.7218611644799,0.13033333333333333,-1.7574700075050442
2021-07-20 09:00:00,0.0,0.0023027512755606,3.1582484158954753,192.38622311860723,0.13033333333333333,-1.8094431982650296
2021-07-20 09:30:00,0.0,0.0023201960686604,3.1395576138731576,191.24766391280397,0.13033333333333333,-1.859028183601019
2021-07-20 10:00:00,0.0,0.014329739425861,3.838921347026163,233.84974249859724,0.13,-1.907039215768445
2021-07-20 10:30:00,0.0,0.0159114021320506,4.126926699355777,251.39372722562769,0.13,-1.969491883284891
2021-07-20 11:00:00,0.0,0.007602565955643,4.019359785999131,244.84123689932636,0.13,-2.0781833349355754
2021-07-20 11:30:00,0.0,0.0115743814505745,4.552103469753939,277.29357493962607,0.13,-2.2665046969238505
2021-07-20 12:00:00,0.0,0.0266066178348185,5.175207733922014,315.2502712492182,0.12933333333333333,-2.5407808308361597
2021-07-20 12:30:00,0.0,0.1611666556455535,8.346035537098878,508.4027738017142,0.12933333333333333,-2.860004852497012
2021-07-20 13:00:00,0.0,0.1701783747940577,10.541498446968912,642.1404541884308,0.12833333333333333,-3.151367288897301
2021-07-20 13:30:00,0.0,0.3480227049473883,10.853432502034986,661.1420673655938,0.12833333333333333,-3.3538842520965213
2021-07-20 14:00:00,0.0,0.4280333521182035,11.426576177514828,696.0553903565655,0.126,-3.450928113041934
2021-07-20 14:30:00,0.0,0.4228940081395486,10.907293265628017,664.4230217166813,0.126,-3.469283979551417
2021-07-20 15:00:00,0.0,0.600242684261785,10.51419144690008,640.4770351294673,0.12333333333333335,-3.4570790683998314
2021-07-20 15:30:00,0.0,0.4636881486660904,10.51419144690008,640.4770351294673,0.12333333333333335,-3.458438427217968
2021-07-20 16:00:00,0.0,0.2447946106485583,11.04144970235551,672.5952256633853,0.12200000000000001,-3.492634907248439
2021-07-20 16:30:00,0.0,0.5779427247661983,10.170336057401991,619.5309184935604,0.12200000000000001,-3.544734541448486
2021-07-20 17:00:00,0.0,0.4430588249112589,9.73730281841362,593.1524902120824,0.11966666666666669,-3.574561742439296
2021-07-20 17:30:00,0.0,0.3547124597826522,9.624320353739346,586.2701089693923,0.11966666666666669,-3.5417457031421393
2021-07-20 18:00:00,0.0,0.289118641365483,9.765468377544943,594.8682088097795,0.11866666666666668,-3.431550070370819
2021-07-20 18:30:00,0.0,0.148380768113452,8.657210492894764,527.3581460812871,0.11866666666666668,-3.2620142908680028
2021-07-20 19:00:00,0.0,0.0030520097544751,6.614507648861042,402.9259186670736,0.11933333333333335,-3.067950326082103
2021-07-20 19:30:00,0.0,5.874526339815248e-05,6.694572343394162,407.803098089961,0.11933333333333335,-2.8786842530336214
2021-07-20 20:00:00,0.0,5.520031959437475e-05,6.356440248204939,387.2056186829488,0.11966666666666669,-2.708836697936031
2021-07-20 20:30:00,0.0,5.194076749817766e-05,5.68173859721892,346.10584270845976,0.11966666666666669,-2.5636367222771104
2021-07-20 21:00:00,0.0,0.0346229953798409,3.929323130008767,239.356610642242,0.12066666666666669,-2.4463521356893136
2021-07-20 21:30:00,0.0,0.0298642993765404,2.781377096288855,169.4289252012154,0.12066666666666669,-2.358640007019721
2021-07-20 22:00:00,0.0,4.7802675107142526e-05,2.8762036270866016,175.2053289887706,0.12100000000000001,-2.296844662059194
2021-07-20 22:30:00,0.0,0.0280938908987257,1.5094718334563886,91.9502036258458,0.12100000000000001,-2.251744747040173
2021-07-20 23:00:00,0.0,4.6483143891593765e-05,1.889052255501289,115.07252782284216,0.12133333333333335,-2.213452044874858
2021-07-20 23:30:00,0.0,4.489792263814394e-05,1.3476209763895353,82.0909807278355,0.12133333333333335,-2.176354860805483
2021-07-21 00:00:00,0.0,0.0166157221614016,0.5775111961111715,35.17937261342228,0.12166666666666669,-2.139709651516046
2021-07-21 00:30:00,0.0,4.278616268228681e-05,0.280445093806468,17.083447938426996,0.12166666666666669,-2.1048856167897396
2021-07-21 01:00:00,0.0,4.301786220239421e-05,0.3444544318680057,20.982607590341125,0.12166666666666669,-2.0729437973144216
2021-07-21 01:30:00,0.0,4.1958954249968554e-05,0.7871794737941692,47.95141671489244,0.12166666666666669,-2.044263021070481
2021-07-21 02:00:00,0.0,4.1048409660363565e-05,0.7035605389887136,42.85772903426033,0.12200000000000001,-2.0190422285207
2021-07-21 02:30:00,0.0,4.0777784320328945e-05,0.5353276581920463,32.60974208746506,0.12200000000000001,-1.9973828590115816
2021-07-21 03:00:00,0.0,4.028477412003767e-05,0.280445093806468,17.083447938426996,0.12200000000000001,-1.9791820458613312
2021-07-21 03:30:00,0.0,3.983823569405072e-05,0.0656669240657032,4.000132301573562,0.12200000000000001,-1.9642175226034744
2021-07-21 04:00:00,0.0,4.006018939554484e-05,-0.2168625518900092,-13.21028677921536,0.12200000000000001,-1.952054804255744
2021-07-21 04:30:00,0.0,4.028477412003767e-05,0.0008040820859473,0.0489810474737114,0.12200000000000001,-1.941787088376641
2021-07-21 05:00:00,0.0,3.9972436580370545e-05,-0.042549201147899,-2.591905077624245,0.12233333333333335,-1.9321295917692247
2021-07-21 05:30:00,0.0,4.010504485176586e-05,0.0656669240657032,4.000132301573562,0.12233333333333335,-1.921838907163198
2021-07-21 06:00:00,0.0,4.055340692075748e-05,0.3231395347803581,19.684200369992176,0.12233333333333335,-1.9101193644775984
2021-07-21 06:30:00,0.0,4.006018939554484e-05,0.4930599402565648,30.03498369527434,0.12233333333333335,-1.897239654485195
2021-07-21 07:00:00,0.0,3.9439148086964545e-05,0.4507076575650789,27.455074000249205,0.12233333333333335,-1.885618993518578
2021-07-21 07:30:00,0.0,3.935038771034967e-05,1.4647965532429514,89.22878741812433,0.12233333333333335,-1.8805868113635205
2021-07-21 08:00:00,0.0,3.913086921111616e-05,2.18040297593455,132.8202972588786,0.12200000000000001,-1.8900578992010024
2021-07-21 08:30:00,0.0,3.8648415040799214e-05,1.077284233750495,65.62328786848026,0.12200000000000001,-1.924076465653356
2021-07-21 09:00:00,0.0,4.019484801603504e-05,2.0824198953557644,126.85161072136508,0.12266666666666669,-1.9951810112612929
2021-07-21 09:30:00,0.0,4.1638800712387125e-05,3.7276202066143744,227.06977993300328,0.12266666666666669,-2.1173386627056217
2021-07-21 10:00:00,0.0,4.418741123033195e-05,5.122726532023084,312.0533535630591,0.12266666666666669,-2.299181825795262
2021-07-21 10:30:00,0.0,0.1264560009417979,8.57001117840015,522.046357847747,0.12266666666666669,-2.5325461066693813
2021-07-21 11:00:00,0.0,0.2144118098107674,9.68291359507801,589.8393444812942,0.12200000000000001,-2.786092609321889
2021-07-21 11:30:00,0.0,0.3004788209215026,10.78868553457061,657.197974663398,0.12200000000000001,-3.0147371311377147
2021-07-21 12:00:00,0.0,0.417056998365269,10.434610909766182,635.6293483877009,0.12066666666666669,-3.1836411436805467
2021-07-21 12:30:00,0.0,0.4317081213942646,10.297096706046723,627.2526044477382,0.12066666666666669,-3.2908058044652257
2021-07-21 13:00:00,0.0,0.4824111792210528,9.97792919116848,607.8103615828219,0.11933333333333335,-3.3687202667578418
2021-07-21 13:30:00,0.0,0.3225223221689101,9.626321437643156,586.3920059590208,0.11933333333333335,-3.459009642263849
2021-07-21 14:00:00,0.0,0.453862434334685,10.103305090362094,615.4476948573546,0.11833333333333335,-3.5777039721415695
2021-07-21 14:30:00,0.0,0.4537187218298598,10.310881954541056,628.0923394980997,0.11833333333333335,-3.703032093458413
2021-07-21 15:00:00,0.0,0.5380850894314955,10.047659982653048,612.0580463251836,0.116,-3.79880323088806
2021-07-21 15:30:00,0.0,0.49012659847077,9.197704844540688,560.2826197885324,0.116,-3.8472838004799095
2021-07-21 16:00:00,0.0,0.3497436284400657,11.88726360764462,724.1183870083847,0.113,-3.8567080095389783
2021-07-21 16:30:00,0.0,0.5061493061878436,9.781640823254842,595.8533611280893,0.113,-3.84344049269534
2021-07-21 17:00:00,0.0,0.6169750997254119,9.93599717451672,605.2560525959872,0.11133333333333334,-3.816218977067012
2021-07-21 17:30:00,0.0,0.4784580251971896,10.612266812706569,646.4513432660665,0.11133333333333334,-3.776599276204211
2021-07-21 18:00:00,0.0,0.4484816280069776,9.427225282666065,574.2639678032197,0.10933333333333334,-3.7259089083281394
2021-07-21 18:30:00,0.0,0.561121138665459,9.45576582807486,576.0025288705847,0.10933333333333334,-3.6672035241588983
2021-07-21 19:00:00,0.0,0.5355253545805939,9.526973446182888,580.3401752178848,0.10866666666666668,-3.601782113916001
2021-07-21 19:30:00,0.0,0.3669486421400528,9.11108003810047,555.0058279897819,0.10866666666666668,-3.5257576372303467
2021-07-21 20:00:00,0.0,0.3288115920774188,8.629087296007866,525.6450080001089,0.10833333333333334,-3.4315164052974008
2021-07-21 20:30:00,0.0,0.2553910110517357,6.614432675497147,402.9213516285083,0.10833333333333334,-3.314968422219626
2021-07-21 21:00:00,0.0,0.2387087028037011,6.32369050830599,385.2106525062654,0.11,-3.183513556437532
2021-07-21 21:30:00,0.0,0.1919661960159984,4.320956027086317,263.21311715975895,0.11,-3.0568062816894503
2021-07-21 22:00:00,0.0,0.1268137561445819,2.4137727137857765,147.03612722000818,0.111,-2.9568236647199715
2021-07-21 22:30:00,0.0,0.1407733364937985,2.0824198953557644,126.85161072136508,0.111,-2.8937469612634845
2021-07-21 23:00:00,0.0,0.1189395919927403,2.433107565585469,148.2139190281444,0.112,-2.859937253375332
2021-07-21 23:30:00,0.0,0.0703846362218283,3.0053300619274266,183.0711279483352,0.112,-2.838206559134941
2021-07-22 00:00:00,0.0,0.0701048557815668,2.117923572089901,129.01433428653084,0.11233333333333334,-2.8169870528344454
2021-07-22 00:30:00,0.0,0.0550008723387212,1.641760773666428,100.0086481228904,0.11233333333333334,-2.798710799767622
2021-07-22 01:00:00,0.0,0.0538110970137971,0.9486082376969712,57.78492760455429,0.113,-2.794482599034641
2021-07-22 01:30:00,0.0,0.0600259718889222,2.235343859103413,136.16704761406285,0.113,-2.8111870517422233
2021-07-22 02:00:00,0.0,0.0571996421023544,0.8447499562677611,51.458350378015936,0.11333333333333334,-2.8438779837693287
2021-07-22 02:30:00,0.0,0.0741332860671943,2.3327110482188886,142.09821682650437,0.11333333333333334,-2.8790946514347384
2021-07-22 03:00:00,0.0,0.0540421323982584,0.8447499562677611,51.458350378015936,0.11333333333333334,-2.901574382140471
2021-07-22 03:30:00,0.0,4.2417757719352605e-05,1.1548185668007125,70.34632910313317,0.11333333333333334,-2.8963508076042053
2021-07-22 04:00:00,0.0,0.1249038787859199,1.2162952340895583,74.0912098953133,0.11366666666666668,-2.8514126915116833
2021-07-22 04:30:00,0.0,0.0650442226528373,1.5814939660834415,96.33746651730442,0.11366666666666668,-2.767622119193797
2021-07-22 05:00:00,0.0,0.0806962177999065,1.3590573375454749,82.7876321748648,0.11366666666666668,-2.6656910984759765
2021-07-22 05:30:00,0.0,0.074929933331449,0.7403820646769633,45.10073000308013,0.11366666666666668,-2.5761029474763575
2021-07-22 06:00:00,0.0,0.0457426697223435,1.1137356220976824,67.84374174292846,0.114,-2.5192785610501165
2021-07-22 06:30:00,0.0,3.29899059323388e-05,0.3176976231763919,19.352703704067135,0.114,-2.496808568464031
2021-07-22 07:00:00,0.0,0.0234923742759826,0.803064273626327,48.91904694604303,0.11466666666666668,-2.5000284420495182
2021-07-22 07:30:00,0.0,3.191770297840187e-05,1.195822653681947,72.84411280114897,0.11466666666666668,-2.523173863719395
2021-07-22 08:00:00,0.0,3.2749591528663496e-05,2.1962743689790543,133.7871108091032,0.11433333333333334,-2.568692990192781
2021-07-22 08:30:00,0.0,3.2830114591837195e-05,1.641760773666428,100.0086481228904,0.11433333333333334,-2.6446306241498516
2021-07-22 09:00:00,0.0,3.449201241240149e-05,2.254852256376501,137.35541102828228,0.115,-2.759504087710697
2021-07-22 09:30:00,0.0,3.709153135362674e-05,5.0872060390508915,309.8896056286543,0.115,-2.917408599739628
2021-07-22 10:00:00,0.0,4.154705277411804e-05,6.742505666909825,410.7229795743584,0.11466666666666668,-3.113430025405646
2021-07-22 10:30:00,0.0,0.3957888094222767,8.273540831463116,503.9867238978611,0.11466666666666668,-3.3313052097945244
2021-07-22 11:00:00,0.0,0.4921122563730773,8.437762695799885,513.9903778454842,0.11433333333333334,-3.5456951776570436
2021-07-22 11:30:00,0.0,0.4371726329653486,8.630418664033343,525.7261089245052,0.11433333333333334,-3.728747894606664
2021-07-22 12:00:00,0.0,0.5455006289628346,8.865457742420718,540.0436275682704,0.11333333333333334,-3.858888343184969
2021-07-22 12:30:00,0.0,0.4559179985083829,9.443371175330949,575.2475026300057,0.11333333333333334,-3.931223188489254
2021-07-22 13:00:00,0.0,0.3545157438870995,9.025744685037218,549.8075838644296,0.112,-3.964971112645799
2021-07-22 13:30:00,0.0,0.4227059432667828,8.54169052439911,520.3211915713747,0.112,-3.9959908623350686
2021-07-22 14:00:00,0.0,0.4703752179421747,9.06927785439434,552.4594278393516,0.11066666666666668,-4.0518878881902385
2021-07-22 14:30:00,0.0,0.504341436618389,9.414795441928993,573.5067980690925,0.11066666666666668,-4.130987565877482
2021-07-22 15:00:00,0.0,0.6182897258172864,9.628313478790067,586.5133521047587,0.10833333333333334,-4.207425133970002
2021-07-22 15:30:00,0.0,0.5350870091090159,9.414795441928993,573.5067980690925,0.10833333333333334,-4.254699643118684
2021-07-22 16:00:00,0.0,0.6477448699537541,9.50042375811022,578.7228881838535,0.106,-4.261861479227719
2021-07-22 16:30:00,0.0,0.651475528424503,8.168451596884884,497.5851625674808,0.106,-4.232748004582467
2021-07-22 17:00:00,0.0,0.637674875553194,9.31451916604536,567.3984204352888,0.10433333333333333,-4.178984478712656
2021-07-22 17:30:00,0.0,0.6096449154878812,9.054775383062806,551.5760028144811,0.10433333333333333,-4.115076759352706
2021-07-22 18:00:00,0.0,0.5948836465066711,8.880072764323973,540.9339086654164,0.10266666666666667,-4.053422405672681
2021-07-22 18:30:00,0.0,0.5557750772522523,8.630418664033343,525.7261089245052,0.10266666666666667,-3.998738472327932
2021-07-22 19:00:00,0.0,0.4489779505702485,8.452636836666597,514.8964432990688,0.10166666666666667,-3.946847737803836
2021-07-22 19:30:00,0.0,0.4272800846090651,7.987224661753981,486.54563654358833,0.10166666666666667,-3.890024417898055
2021-07-22 20:00:00,0.0,0.2357912115362359,7.1228391577719465,433.89117732099845,0.102,-3.824237546358204
2021-07-22 20:30:00,0.0,0.2236319124111146,7.248265124826568,441.5315605033947,0.102,-3.752854739333499
2021-07-22 21:00:00,0.0,0.1750503168887807,5.172865347448056,315.10758364917353,0.10233333333333333,-3.6848441163540064
2021-07-22 21:30:00,0.0,0.2086791790209942,4.67147986688179,284.565445656744,0.10233333333333333,-3.629154392757368
2021-07-22 22:00:00,0.0,0.2018101058733235,3.6704957935866394,223.59001880498028,0.10366666666666667,-3.5891621268888896
2021-07-22 22:30:00,0.0,0.2446728971715934,3.2832168325104196,199.99873439563572,0.10366666666666667,-3.561219300823294
2021-07-22 23:00:00,0.0,0.2178982313575355,2.468296545266205,150.3574726707589,0.10433333333333333,-3.538337031882034
2021-07-22 23:30:00,0.0,0.1536738104106854,2.0786416701635293,126.62145831436402,0.10433333333333333,-3.5155909605294213
2021-07-23 00:00:00,0.0,0.0939767493576464,3.243208492550102,197.5616071008126,0.10433333333333333,-3.4922192955657168
2021-07-23 00:30:00,0.0,0.1462417152987542,2.3291437358276497,141.8809122743417,0.10433333333333333,-3.469182377478659
2021-07-23 01:00:00,0.0,0.1431978938390027,0.9022372369195482,54.96021576209811,0.10466666666666667,-3.446006140462688
2021-07-23 01:30:00,0.0,0.1418565096779672,1.7377282194055017,105.85455129350764,0.10466666666666667,-3.4203230901488584
2021-07-23 02:00:00,0.0,0.137037358660645,1.3545978676543469,82.51598141897516,0.10466666666666667,-3.389765835592634
2021-07-23 02:30:00,0.0,0.1323168205470562,1.5772421184265508,96.07846316979446,0.10466666666666667,-3.354610763749294
2021-07-23 03:00:00,0.0,0.1353659418228962,1.1706977397279767,71.31361656866251,0.105,-3.3196394955565323
2021-07-23 03:30:00,0.0,3.842952129922892e-05,2.3485822810000205,143.06502061420846,0.105,-3.2926436553824416
2021-07-23 04:00:00,0.0,0.1328117219580892,1.252626352998743,76.30433749902943,0.10533333333333333,-3.2791124262226603
2021-07-23 04:30:00,0.0,0.1319508591448715,1.657634798376134,100.97562198226804,0.10533333333333333,-3.278354095874072
2021-07-23 05:00:00,0.0,0.1293098471370803,1.1296153495618408,68.81106298833976,0.10533333333333333,-3.285945796921759
2021-07-23 05:30:00,0.0,0.1572073948499543,0.9230085128344332,56.22550803692576,0.10533333333333333,-3.2991064052293626
2021-07-23 06:00:00,0.0,0.1344965905759425,1.9762384197710352,120.38351500410194,0.10533333333333333,-3.3181190705780557
2021-07-23 06:30:00,0.0,0.1353973362316964,1.936669268681612,117.97314111084212,0.10533333333333333,-3.3435459846468794
2021-07-23 07:00:00,0.0,0.1640000784283977,3.13101276216943,190.7271501564715,0.10566666666666667,-3.37430849039666
2021-07-23 07:30:00,0.0,0.1633336642853567,3.4659022516531803,211.127104675448,0.10566666666666667,-3.4086719814192588
2021-07-23 08:00:00,0.0,0.1352286458220074,4.826809672904523,294.0274355901693,0.106,-3.4458209677832268
2021-07-23 08:30:00,0.0,0.139265203698372,5.103118731917859,310.8589349774523,0.106,-3.4867488977060037
2021-07-23 09:00:00,0.0,0.1761265011735195,5.59554085051331,340.8550654590949,0.10566666666666667,-3.535985987637005
2021-07-23 09:30:00,0.0,0.1437592510663841,5.511393481004789,335.72918792405613,0.10566666666666667,-3.604254631171921
2021-07-23 10:00:00,0.0,0.091405752850576,5.829526320782149,355.10840305695115,0.10566666666666667,-3.707111975559592
2021-07-23 10:30:00,0.0,0.1528770594285838,6.63031757719688,403.8889880649714,0.10566666666666667,-3.8555913293754895
2021-07-23 11:00:00,0.0,0.3685091885353267,8.438953477413062,514.0629148808755,0.105,-4.04470248338436
2021-07-23 11:30:00,0.0,0.4865418454715613,8.779004101962265,534.7772624277246,0.105,-4.250771803570622
2021-07-23 12:00:00,0.0,0.5198669252918093,8.925384147429028,543.6940733870981,0.10466666666666667,-4.4394514731424115
2021-07-23 12:30:00,0.0,0.5409044330704292,9.258774688997336,564.0027187719825,0.10466666666666667,-4.578682323268431
2021-07-23 13:00:00,0.0,0.6608077386366537,9.22996314381253,562.2476496227608,0.10333333333333333,-4.653077582555226
2021-07-23 13:30:00,0.0,0.5749422601575811,8.823010322851337,537.4579225645149,0.10333333333333333,-4.672377611472746
2021-07-23 14:00:00,0.0,0.3807635844976892,8.998246817577835,548.1325380264578,0.10099999999999999,-4.662356692871936
2021-07-23 14:30:00,0.0,0.6056078175430977,8.690752652853226,529.4013829074881,0.10099999999999999,-4.644292477016488
2021-07-23 15:00:00,0.0,0.6201599231046628,9.587712138048936,584.0401018818109,0.09899999999999999,-4.624927340691774
2021-07-23 15:30:00,0.0,0.6997085218973248,9.445233474368289,575.3609454726612,0.09899999999999999,-4.6011927231711365
2021-07-23 16:00:00,0.0,0.6247601373706755,9.54505454820874,581.4415942548004,0.09699999999999999,-4.565492306995018
2021-07-23 16:30:00,0.0,0.6165275928727159,10.508184860458476,640.1111410238865,0.09699999999999999,-4.508608353232659
2021-07-23 17:00:00,0.0,0.5842467148471495,9.345007715555514,569.2556451105556,0.09499999999999999,-4.426283171266587
2021-07-23 17:30:00,0.0,0.5851781842140936,8.852303785784791,539.2423479654643,0.09499999999999999,-4.323870543294375
2021-07-23 18:00:00,0.0,0.5389213677478983,8.631740152687737,525.8066080422547,0.09366666666666666,-4.211724549302294
2021-07-23 18:30:00,0.0,0.389722523388473,7.8969136794572465,481.0442995674487,0.09366666666666666,-4.098201167449989
2021-07-23 19:00:00,0.0,0.4761571649440392,7.86643904832212,479.1879227366992,0.09233333333333332,-3.988029083382587
2021-07-23 19:30:00,0.0,0.2541191554258212,7.279901097682289,443.45868102430194,0.09233333333333332,-3.883081663610269
2021-07-23 20:00:00,0.0,0.2983660144667652,6.290497137464828,383.18866233710514,0.09266666666666666,-3.782582367483163
2021-07-23 20:30:00,0.0,0.1861008872938427,5.578736061393403,339.8313936374573,0.09266666666666666,-3.685554461251494
2021-07-23 21:00:00,0.0,0.1128008077106159,4.40591159366102,268.3882264082739,0.09333333333333332,-3.5944492217043753
2021-07-23 21:30:00,0.0,0.1068783758187271,3.447429928257383,210.00185420038832,0.09333333333333332,-3.514436112233047
2021-07-23 22:00:00,0.0,0.1037905188692756,2.961638887561989,180.40965902224383,0.09466666666666666,-3.448963085907609
2021-07-23 22:30:00,0.0,0.1023445926014059,2.4455152310919113,148.9697379474192,0.09466666666666666,-3.3980464466473363
2021-07-23 23:00:00,0.0,4.442351993200504e-05,1.897027512943246,115.55834447042892,0.09499999999999999,-3.3603727715012046
2021-07-23 23:30:00,0.0,4.1411565489428945e-05,1.476326474965945,89.9311381521501,0.09499999999999999,-3.333715850779592
2021-07-24 00:00:00,0.0,0.0942754582877889,1.451702885716346,88.4311803554449,0.09533333333333333,-3.311904555298415
2021-07-24 00:30:00,0.0,4.20050851154114e-05,1.288937238712926,78.51623258792868,0.09533333333333333,-3.2836265572274725
2021-07-24 01:00:00,0.0,4.2095512538396045e-05,1.1865767033273442,72.28089128288222,0.09499999999999999,-3.2369310248013976
2021-07-24 01:30:00,0.0,4.191285371403597e-05,1.5729716165837648,95.81832349356772,0.09499999999999999,-3.16661854603112
2021-07-24 02:00:00,0.0,3.743441925524666e-05,1.248051791651679,76.0256758916788,0.09533333333333333,-3.079012825759898
2021-07-24 02:30:00,0.0,0.0983844296511023,1.0217729155670283,62.2417891896867,0.09533333333333333,-2.9898937425669
2021-07-24 03:00:00,0.0,0.088742294291955,1.1043338497404256,67.27102825233348,0.09566666666666666,-2.915605424422789
2021-07-24 03:30:00,0.0,0.0875036844960042,0.959641766721449,58.45704033831052,0.09566666666666666,-2.8639297943927375
2021-07-24 04:00:00,0.0,0.0819817461676177,0.6040962703941962,36.798815215497825,0.09599999999999999,-2.8324780824539273
2021-07-24 04:30:00,0.0,0.0757814210268068,0.1995339848586236,12.154708773873226,0.09599999999999999,-2.8145435359543445
2021-07-24 05:00:00,0.0,0.0476062505789487,0.3281290227542697,19.98813743262643,0.09599999999999999,-2.805631170648041
2021-07-24 05:30:00,0.0,0.0439045761232462,1.0424431239168432,63.50092488511871,0.09599999999999999,-2.8056248215541686
2021-07-24 06:00:00,0.0,3.0476424600834423e-05,0.7092875645308295,43.206593553025264,0.09666666666666666,-2.817102905811726
2021-07-24 06:30:00,0.0,3.0592325027057014e-05,0.7092875645308295,43.206593553025264,0.09666666666666666,-2.8427585076398523
2021-07-24 07:00:00,0.0,3.0208193578321032e-05,1.4922019539541966,90.89820059960566,0.09699999999999999,-2.884327738916044
2021-07-24 07:30:00,0.0,3.1095386000272306e-05,1.1660456559864885,71.03023264732438,0.09699999999999999,-2.9437863027334537
2021-07-24 08:00:00,0.0,3.1523934586024005e-05,1.4719619741259862,89.66527248174508,0.09733333333333333,-3.0256286159976313
2021-07-24 08:30:00,0.0,3.259057729906609e-05,2.442034419898868,148.75770265739953,0.09733333333333333,-3.1373099485352505
2021-07-24 09:00:00,0.0,3.441051549534346e-05,3.9386641616094575,239.9256240804008,0.09766666666666667,-3.2850314080645897
2021-07-24 09:30:00,0.0,3.851698563857494e-05,4.6507726318451015,283.30405446285073,0.09766666666666667,-3.4659437996723113
2021-07-24 10:00:00,0.0,0.0918199942856981,6.485080894495276,395.04182559902745,0.09733333333333333,-3.6633213394660262
2021-07-24 10:30:00,0.0,0.3446836209560818,8.185515583758475,498.6246235451015,0.09733333333333333,-3.850818566191778
2021-07-24 11:00:00,0.0,0.2585439250082482,8.064758656653153,491.26865717960743,0.09733333333333333,-4.005255967206893
2021-07-24 11:30:00,0.0,0.391932913282308,8.095004741560631,493.11111200684263,0.09733333333333333,-4.1198313789625365
2021-07-24 12:00:00,0.0,0.2178532520384002,7.821408344685335,476.4448557399893,0.09633333333333333,-4.207384942318392
2021-07-24 12:30:00,0.0,0.167143775149085,8.170454046477921,497.7071427487265,0.09633333333333333,-4.288653688499592
2021-07-24 13:00:00,0.0,0.4659010709191699,8.824450782174766,537.5456688378592,0.09533333333333333,-4.373991625728605
2021-07-24 13:30:00,0.0,0.5747707332628644,8.61826622978041,524.9858375399454,0.09533333333333333,-4.4552099885794805
2021-07-24 14:00:00,0.0,0.4446584690666458,8.985239590677569,547.3401965361576,0.09333333333333332,-4.513510977097012
2021-07-24 14:30:00,0.0,0.5773193122784309,9.057977684622518,551.7710725560693,0.09333333333333332,-4.534711032225201
2021-07-24 15:00:00,0.0,0.5909699704469733,9.260505162275097,564.1081313850119,0.09166666666666666,-4.520673250339004
2021-07-24 15:30:00,0.0,0.3261798295321195,8.736299561877583,532.1758948039624,0.09166666666666666,-4.488890062756652
2021-07-24 16:00:00,0.0,0.4822061230979291,9.014360740018676,549.1141253716511,0.08999999999999998,-4.4578913887241445
2021-07-24 16:30:00,0.0,0.4524001086507538,9.144979630558256,557.0708379888019,0.08999999999999998,-4.429750815665054
2021-07-24 17:00:00,0.0,0.4960778604179748,9.130500697912993,556.1888468343408,0.08833333333333333,-4.388802284492467
2021-07-24 17:30:00,0.0,0.4726261318971524,8.839111737550661,538.4387479946105,0.08833333333333333,-4.320334953953043
2021-07-24 18:00:00,0.0,0.2699325855068681,8.380464782704712,510.50004787730376,0.08700000000000001,-4.228576815336463
2021-07-24 18:30:00,0.0,0.346875390178839,7.851962585547729,478.3060820356115,0.08700000000000001,-4.132818938613594
2021-07-24 19:00:00,0.0,0.3597129427452591,7.217636631157422,439.6658110622925,0.08700000000000001,-4.047235220445653
2021-07-24 19:30:00,0.0,5.9974413091816435e-05,5.778851510952186,352.0215226135469,0.08700000000000001,-3.967465993408413
2021-07-24 20:00:00,0.0,0.142119054566159,5.6618128205545935,344.8920544276327,0.08666666666666667,-3.875842569560632
2021-07-24 20:30:00,0.0,0.1382954735582059,4.773106095831936,290.7560563316683,0.08666666666666667,-3.7574585238272102
2021-07-24 21:00:00,0.0,5.183688110906421e-05,3.3335660047529867,203.065778468592,0.08666666666666667,-3.613805365725947
2021-07-24 21:30:00,0.0,4.9193106149863064e-05,3.2217486603669525,196.2543710893272,0.08666666666666667,-3.4643281398850188
2021-07-24 22:00:00,0.0,0.1464792287658574,2.5386234029188137,154.6414670707843,0.08700000000000001,-3.333835540005648
2021-07-24 22:30:00,0.0,0.0842895777534755,1.451702885716346,88.4311803554449,0.08700000000000001,-3.2359797895091793
2021-07-24 23:00:00,0.0,0.0797531003443542,2.442034419898868,148.75770265739953,0.08766666666666667,-3.1679021712065647
2021-07-24 23:30:00,0.0,0.1117700745466486,1.7935365677907524,109.25414371007872,0.08766666666666667,-3.118888411329311
2021-07-25 00:00:00,0.0,0.103510174817116,1.6291171243486111,99.238454136107,0.08766666666666667,-3.08099025758866
2021-07-25 00:30:00,0.0,0.0963988339819575,1.3252279623217869,80.72689949247312,0.08766666666666667,-3.0509928974732476
2021-07-25 01:00:00,0.0,0.0920629427140835,1.0996036909904006,66.98288835425306,0.08800000000000001,-3.0260944811521173
2021-07-25 01:30:00,0.0,0.1066972957514916,1.0996036909904006,66.98288835425306,0.08800000000000001,-3.0016558883021216
2021-07-25 02:00:00,0.0,0.0540213799386197,0.9962539382049252,60.68728839493137,0.08833333333333333,-2.973708417043793
2021-07-25 02:30:00,0.0,0.0496384636318691,0.934002739126598,56.8952266258168,0.08833333333333333,-2.9419976571220245
2021-07-25 03:00:00,0.0,0.0468586743410612,0.7041775517538478,42.89531466397289,0.08833333333333333,-2.9094497626060427
2021-07-25 03:30:00,0.0,0.0458290643323915,0.9547733560186994,58.16047875595424,0.08833333333333333,-2.878918995916544
2021-07-25 04:00:00,0.0,0.0697807183197734,0.4505882646819175,27.447801125277408,0.08900000000000001,-2.8509635281691197
2021-07-25 04:30:00,0.0,0.0429746920334756,0.6199844301227007,37.76665011635234,0.08900000000000001,-2.824586124322388
2021-07-25 05:00:00,0.0,0.0430065538907251,0.0427457954497354,2.6038807141912055,0.08900000000000001,-2.7995682546884844
2021-07-25 05:30:00,0.0,0.040827363488691,-0.1095248064619782,-6.671756327642148,0.08900000000000001,-2.778049228634139
2021-07-25 06:00:00,0.0,0.0402408465109189,0.7880380908125789,48.00371978403856,0.08900000000000001,-2.764504170906648
2021-07-25 06:30:00,0.0,0.0374035872045218,0.6199844301227007,37.76665011635234,0.08900000000000001,-2.76465898636133
2021-07-25 07:00:00,0.0,3.383853668811971e-05,0.6199844301227007,37.76665011635234,0.08933333333333333,-2.7839571159778997
2021-07-25 07:30:00,0.0,3.3392474329447656e-05,1.729465844432314,105.35124474324358,0.08933333333333333,-2.8258919985500555
2021-07-25 08:00:00,0.0,0.0346450000716101,1.9287721868451768,117.49208656791136,0.08966666666666667,-2.8906214946700746
2021-07-25 08:30:00,0.0,0.0361992685317977,2.3997459288407637,146.18167886044088,0.08966666666666667,-2.974602755122909
2021-07-25 09:00:00,0.0,3.803747056451597e-05,3.6815442451787503,224.2630405541299,0.08966666666666667,-3.0721175895207824
2021-07-25 09:30:00,0.0,0.0012943129525688,3.809363599810966,232.04921809335855,0.08966666666666667,-3.178786709340566
2021-07-25 10:00:00,0.0,0.0028872599178324,5.04895461625455,307.5595017889236,0.08966666666666667,-3.2941210989857845
2021-07-25 10:30:00,0.0,0.0897360675276665,6.273454397837978,382.15049564575133,0.08966666666666667,-3.419491509076087
2021-07-25 11:00:00,0.0,0.1072751993313894,6.997249001004364,426.240792443171,0.08966666666666667,-3.553499248495714
2021-07-25 11:30:00,0.0,0.1143304044005983,7.452157447258953,453.95175950934464,0.08966666666666667,-3.6904159195161705
2021-07-25 12:00:00,0.0,0.2197269749216069,7.529714881224691,458.6762079473907,0.08900000000000001,-3.822317449090278
2021-07-25 12:30:00,0.0,0.3403811723699327,8.065671403479536,491.3242575920726,0.08900000000000001,-3.941479358724191
2021-07-25 13:00:00,0.0,0.2503896599984757,8.411468177513706,512.3886346018747,0.08833333333333333,-4.043269641434566
2021-07-25 13:30:00,0.0,0.4867172704736895,8.366644107430822,509.65815478760567,0.08833333333333333,-4.129231736109476
2021-07-25 14:00:00,0.0,0.5970115123303745,8.515736164156875,518.7401692188162,0.08700000000000001,-4.2047830504482615
2021-07-25 14:30:00,0.0,0.5082736514784014,8.811201878560075,536.7386054941196,0.08700000000000001,-4.272362726857807
2021-07-25 15:00:00,0.0,0.7106042859263813,8.381594692382405,510.568876869432,0.08566666666666667,-4.329138291053014
2021-07-25 15:30:00,0.0,0.6226836401423378,8.943001972681014,544.7672716962413,0.08566666666666667,-4.370180173825488
2021-07-25 16:00:00,0.0,0.6536730608425024,8.943001972681014,544.7672716962413,0.08466666666666667,-4.3895049884079
2021-07-25 16:30:00,0.0,0.6800032945811862,8.884511893112368,541.2043203332378,0.08466666666666667,-4.378951188666329
2021-07-25 17:00:00,0.0,0.5297098522957264,8.441304843776441,514.2061494952086,0.08333333333333333,-4.330981729199951
2021-07-25 17:30:00,0.0,0.6010654312280544,8.336715181850558,507.8350198735168,0.08333333333333333,-4.244695100979498
2021-07-25 18:00:00,0.0,0.2690773955141053,8.080809669984657,492.2464123861114,0.082,-4.128306161349293
2021-07-25 18:30:00,0.0,0.2492312442795631,7.29627839852477,444.45631219166177,0.082,-3.995197939492687
2021-07-25 19:00:00,0.0,0.2625420495271919,7.202256329793827,438.72891259829714,0.08166666666666667,-3.856934545041235
2021-07-25 19:30:00,0.0,0.098824491946124,6.501046572434158,396.01438255899626,0.08166666666666667,-3.7186116446103386
2021-07-25 20:00:00,0.0,0.1145682405253667,4.666673166293898,284.27264317575094,0.08166666666666667,-3.5792138129773186
2021-07-25 20:30:00,0.0,0.0863801485625048,4.206373428517212,256.23326299031567,0.08166666666666667,-3.43601540394813
2021-07-25 21:00:00,0.0,0.0745547571316785,3.4236748476927072,208.55480202845823,0.08166666666666667,-3.2905990287539395
2021-07-25 21:30:00,0.0,0.0667841664509799,2.7654977700530385,168.4616283968218,0.08166666666666667,-3.152770796289074
2021-07-25 22:00:00,0.0,0.0549405048077083,2.224327317477923,135.49596967589628,0.082,-3.0379431460403827
2021-07-25 22:30:00,0.0,0.0847566551906149,2.007982378502506,122.3172135366314,0.082,-2.9583009558449413
2021-07-25 23:00:00,0.0,0.1084821336418715,1.26392977547148,76.9928909221544,0.08233333333333333,-2.9148854945503846
2021-07-25 23:30:00,0.0,0.0818521898396537,1.3048147314492566,79.48341770381822,0.08233333333333333,-2.8971207447256297
2021-07-26 00:00:00,0.0,0.0770053928139051,1.1658220023065455,71.01660867570953,0.08266666666666667,-2.888517198866069
2021-07-26 00:30:00,0.0,0.0834681609814083,1.3966583357716509,85.0781150886898,0.08266666666666667,-2.8736242143327537
2021-07-26 01:00:00,0.0,0.0950673657115638,1.0388526299460734,63.28220821587574,0.08266666666666667,-2.8437452778554615
2021-07-26 01:30:00,0.0,0.0683602774396071,0.932464386875841,56.80151715766363,0.08266666666666667,-2.799746587875445
2021-07-26 02:00:00,0.0,0.0460494656860944,0.7826220840504055,47.673801124025886,0.083,-2.7498647141537167
2021-07-26 02:30:00,0.0,0.0496436267507418,0.696521304556999,42.42893067908723,0.083,-2.7037805190173714
2021-07-26 03:00:00,0.0,0.0402358099900325,1.0600667175538774,64.57447457821489,0.083,-2.6674367477629937
2021-07-26 03:30:00,0.0,3.743441925524666e-05,0.7396153236249591,45.05402360267075,0.083,-2.641308594325524
2021-07-26 04:00:00,0.0,3.799406494841691e-05,0.3046805109992076,18.559760047363156,0.08333333333333333,-2.6217890451212607
2021-07-26 04:30:00,0.0,3.821140429993432e-05,0.3704933117977263,22.568778500363564,0.08333333333333333,-2.604168051417063
2021-07-26 05:00:00,0.0,3.769289681728121e-05,0.5884018264968703,35.84278060778401,0.08333333333333333,-2.5853281260476373
2021-07-26 05:30:00,0.0,3.734850980499943e-05,0.889759870795912,54.2001509961624,0.08333333333333333,-2.5647862410136586
2021-07-26 06:00:00,0.0,0.0318015925026712,0.953784571555492,58.10024647422573,0.08333333333333333,-2.544327284481609
2021-07-26 06:30:00,0.0,0.0327460521592524,1.29204128136144,78.70531684062429,0.08333333333333333,-2.527420330819715
2021-07-26 07:00:00,0.0,0.0290474881878897,1.4383625673762992,87.6185484396892,0.08366666666666667,-2.518910217142459
2021-07-26 07:30:00,0.0,3.5905459563835916e-05,1.9732819768650924,120.20342186080218,0.08366666666666667,-2.5244341242365973
2021-07-26 08:00:00,0.0,3.598923620581269e-05,1.78961698542597,109.01538046284094,0.08366666666666667,-2.5489388583673396
2021-07-26 08:30:00,0.0,3.6580953183153445e-05,2.215766773654064,134.97450002650942,0.08366666666666667,-2.5951451469978144
2021-07-26 09:00:00,0.0,3.73056019335144e-05,2.9079505700972854,177.1392093101054,0.084,-2.6638547819057297
2021-07-26 09:30:00,0.0,0.0003993886355178,3.710739013323572,226.041453914503,0.084,-2.7564428586434824
2021-07-26 10:00:00,0.0,0.0030144077212717,4.666112313578828,284.23847856253207,0.084,-2.8763565347070097
2021-07-26 10:30:00,0.0,0.0770920795369186,6.06141992211491,369.23431345122026,0.084,-3.026528441241482
2021-07-26 11:00:00,0.0,0.0944938088470877,6.810689254045728,414.8764156187601,0.084,-3.2041828979619105
2021-07-26 11:30:00,0.0,0.1889198323072125,7.695145669915212,468.753504104184,0.084,-3.3973050874495985
2021-07-26 12:00:00,0.0,0.2173661882750952,8.210468310352196,500.144630901621,0.08366666666666667,-3.585494243990002
2021-07-26 12:30:00,0.0,0.2369707343722149,8.50224138907518,517.9181284962639,0.08366666666666667,-3.746515418981653
2021-07-26 13:00:00,0.0,0.2745947202594013,8.83575725818009,538.2344082683921,0.083,-3.8678866290423817
2021-07-26 13:30:00,0.0,0.3904873315824458,9.135049365714115,556.4659311238713,0.083,-3.954899988777541
2021-07-26 14:00:00,0.0,0.4571107410266092,9.37188394393162,570.8928235044174,0.08233333333333333,-4.0253795715733025
2021-07-26 14:30:00,0.0,0.4787751781018168,9.460113761950794,576.2673853563982,0.08233333333333333,-4.096840912231398
2021-07-26 15:00:00,0.0,0.567597576306471,9.562652308140285,582.5135702752865,0.08133333333333333,-4.178718352993037
2021-07-26 15:30:00,0.0,0.638737007952533,9.751963373656768,594.0455449945547,0.08133333333333333,-4.269349740181085
2021-07-26 16:00:00,0.0,0.5147583592891387,9.91103194603021,603.735283680648,0.08033333333333333,-4.354314548421351
2021-07-26 16:30:00,0.0,0.6728406522679883,9.795446527729943,596.6943422643702,0.08033333333333333,-4.413286935206988
2021-07-26 17:00:00,0.0,0.5076257633569969,9.401328908403368,572.686477694528,0.079,-4.434903270966924
2021-07-26 17:30:00,0.0,0.648295219464978,9.01577098284834,549.200030992727,0.079,-4.422541356920478
2021-07-26 18:00:00,0.0,0.4811832050713388,9.37188394393162,570.8928235044174,0.078,-4.383000322955109
2021-07-26 18:30:00,0.0,0.4671927836247252,9.149918494386288,557.3716912572118,0.078,-4.313276908740719
2021-07-26 19:00:00,0.0,0.452800013322044,8.471693565787302,516.0572931302836,0.07666666666666667,-4.201824080638253
2021-07-26 19:30:00,0.0,0.1892315098422705,6.990249313647058,425.8144031170795,0.07666666666666667,-4.042578657800229
2021-07-26 20:00:00,0.0,0.1408787481621202,7.216818119237735,439.61595101454776,0.07633333333333334,-3.8466939642298086
2021-07-26 20:30:00,0.0,5.579131468679592e-05,5.599951376257961,341.1237347587326,0.07633333333333334,-3.639596461287198
2021-07-26 21:00:00,0.0,0.084190045591489,4.138345195548072,252.08929041979363,0.07666666666666666,-3.4463639349916724
2021-07-26 21:30:00,0.0,0.0794885193471732,3.4843325526186635,212.24979533392911,0.07666666666666666,-3.280252470685902
2021-07-26 22:00:00,0.0,0.0690431195749492,3.1210465248882233,190.1200520132143,0.07666666666666666,-3.143563930576997
2021-07-26 22:30:00,0.0,0.0614673643893295,2.7516609047583875,167.61874908421265,0.07666666666666666,-3.035108693349984
2021-07-26 23:00:00,0.0,0.0841558373630869,2.59424648756215,158.0297740573023,0.07733333333333332,-2.953915059035325
2021-07-26 23:30:00,0.0,0.0754524637247196,1.9529517263658045,118.96499486154276,0.07733333333333332,-2.897314652710981
2021-07-27 00:00:00,0.0,0.0731958056321022,1.6585551658026847,101.0316866072622,0.07733333333333332,-2.8590371438307027
2021-07-27 00:30:00,0.0,0.0653917725596381,1.368584238005349,83.36796790408654,0.07733333333333332,-2.8311604127687513
2021-07-27 01:00:00,0.0,0.0374426855683277,1.576105032554831,96.0091970363514,0.07766666666666666,-2.8078833185252283
2021-07-27 01:30:00,0.0,0.0372300587900367,1.368584238005349,83.36796790408654,0.07766666666666666,-2.7874332635519576
2021-07-27 02:00:00,0.0,0.0358869089763128,1.534761064732378,93.49070932713056,0.07766666666666666,-2.771296706206307
2021-07-27 02:30:00,0.0,0.0393983336082793,1.4310515104911077,87.1731918888656,0.07766666666666666,-2.762651898624162
2021-07-27 03:00:00,0.0,0.0432218749586125,0.3871165902218139,23.581393510558215,0.07766666666666666,-2.765182388840057
2021-07-27 03:30:00,0.0,0.0483327847284403,0.7121641909694663,43.38182463778321,0.07766666666666666,-2.781407811183249
2021-07-27 04:00:00,0.0,3.816787418939945e-05,1.1379654822730916,69.31971534347794,0.078,-2.8096926319526676
2021-07-27 04:30:00,0.0,0.0614722615235666,1.0111163725418848,61.59264073961869,0.078,-2.8418139259932436
2021-07-27 05:00:00,0.0,0.0667936666365589,1.6585551658026847,101.0316866072622,0.07833333333333332,-2.8646278174023463
2021-07-27 05:30:00,0.0,0.1021672538505676,1.0534832596356705,64.17344006884271,0.07833333333333332,-2.8672941030752574
2021-07-27 06:00:00,0.0,0.065347534077927,1.3894268957097815,84.63760843499861,0.07833333333333332,-2.8503547984473143
2021-07-27 06:30:00,0.0,3.351404317298461e-05,1.7816410970688883,108.52952538275548,0.07833333333333332,-2.8286511888465173
2021-07-27 07:00:00,0.0,3.359580809359443e-05,2.206997779941471,134.44033255177067,0.07866666666666666,-2.8227245199236
2021-07-27 07:30:00,0.0,3.653860858022648e-05,1.5140592011442002,92.22964533761,0.07866666666666666,-2.844619572827893
2021-07-27 08:00:00,0.0,0.0407842697435878,3.4732854036912975,211.57685293722972,0.079,-2.8915529113828535
2021-07-27 08:30:00,0.0,0.0413861024141564,3.7554427660408143,228.7646045385048,0.079,-2.9530272382651206
2021-07-27 09:00:00,0.0,0.0392573403190409,3.264059860920516,198.83177824613756,0.07933333333333333,-3.022586832670979
2021-07-27 09:30:00,0.0,0.0586221853176194,4.670995692552764,284.5359519443357,0.07933333333333333,-3.102474980255012
2021-07-27 10:00:00,0.0,0.1233112675070481,5.757070276762768,350.6947082440775,0.07933333333333333,-3.198261512530622
2021-07-27 10:30:00,0.0,0.1412273369263062,7.151391443852764,435.63045357705346,0.07933333333333333,-3.310136688734461
2021-07-27 11:00:00,0.0,0.1048739010750661,7.038319890240333,428.7426454387944,0.07933333333333333,-3.4301553818221957
2021-07-27 11:30:00,0.0,0.1208890894241443,7.391881491275874,450.28002062456153,0.07933333333333333,-3.547732116820643
2021-07-27 12:00:00,0.0,0.2848911327844891,7.990456934534572,486.74253199652907,0.07866666666666666,-3.6557682291467826
2021-07-27 12:30:00,0.0,0.311013299112445,8.068113628417427,491.4730269002253,0.07866666666666666,-3.7503682807404446
2021-07-27 13:00:00,0.0,0.1920669635853945,8.05260235438757,490.5281501731944,0.07833333333333332,-3.8278797607206823
2021-07-27 13:30:00,0.0,0.4374551628402756,8.635132303053016,526.0132425152561,0.07833333333333332,-3.885361865266116
2021-07-27 14:00:00,0.0,0.346547780272238,8.68053053464881,528.7786976545733,0.07766666666666666,-3.92210383860418
2021-07-27 14:30:00,0.0,0.5233229903255291,8.756006626344913,533.3763601259878,0.07766666666666666,-3.939335413018834
2021-07-27 15:00:00,0.0,0.5208282822170713,8.589649158419533,523.2426148573579,0.07733333333333332,-3.9404309958303054
2021-07-27 15:30:00,0.0,0.4742542986049323,8.710749042990873,530.6194726420467,0.07733333333333332,-3.9303915212444105
2021-07-27 16:00:00,0.0,0.527566015886556,8.635132303053016,526.0132425152561,0.07666666666666666,-3.911212549238061
2021-07-27 16:30:00,0.0,0.5452521981678154,8.68053053464881,528.7786976545733,0.07666666666666666,-3.878181801461285
2021-07-27 17:00:00,0.0,0.4770630132983472,8.559279692430765,521.3926442121415,0.076,-3.824459131487444
2021-07-27 17:30:00,0.0,0.3862533163727159,7.247880878889677,441.50815397711415,0.076,-3.749558505993615
2021-07-27 18:00:00,0.0,0.4202668091269467,7.582533284118688,461.8936663945446,0.076,-3.6608169368590753
2021-07-27 18:30:00,0.0,0.3120061211384088,7.0706813920435385,430.71396190491834,0.076,-3.567192026006059
2021-07-27 19:00:00,0.0,0.1965365395230058,6.079848292014738,370.3568864779071,0.07566666666666666,-3.474028066675703
2021-07-27 19:30:00,0.0,0.120642317496569,5.1151786401464205,311.59357009468135,0.07566666666666666,-3.3826454677443847
2021-07-27 20:00:00,0.0,0.0735325465837472,4.508929424851249,274.6636072037833,0.07566666666666666,-3.2916599824979618
2021-07-27 20:30:00,0.0,5.030226398317015e-05,4.052514834776279,246.86089266150304,0.07566666666666666,-3.198421450811982
2021-07-27 21:00:00,0.0,4.8892727307813875e-05,3.586579564833654,218.47822132037157,0.07566666666666666,-3.1019020732799327
2021-07-27 21:30:00,0.0,4.6434215942316935e-05,3.2258048466542375,196.5014556302863,0.07566666666666666,-3.005476542572388
2021-07-27 22:00:00,0.0,0.0539415327938826,3.0142058494808475,183.61180082131492,0.07566666666666666,-2.9155589830234643
2021-07-27 22:30:00,0.0,0.0510494086333345,2.486001442237913,151.43597499563862,0.07566666666666666,-2.8365741409713032
2021-07-27 23:00:00,0.0,4.418741123033195e-05,1.985235800359116,120.93159477534144,0.076,-2.7679515687131215
2021-07-27 23:30:00,0.0,0.0417656754375278,1.9649624839756583,119.69663594516469,0.076,-2.706287172605804
2021-07-28 00:00:00,0.0,0.0391609762201958,1.5065108728498229,91.76983528463708,0.076,-2.649342906395452
2021-07-28 00:30:00,0.0,0.03254462195904,1.382115601561634,84.19223743118779,0.076,-2.5972522899360997
2021-07-28 01:00:00,0.0,3.8866250804398595e-05,0.8558714450296021,52.135821221530946,0.07633333333333332,-2.550679184882132
2021-07-28 01:30:00,0.0,3.7779305572449985e-05,1.340489601156306,81.65656957136744,0.07633333333333332,-2.5088662117054823
2021-07-28 02:00:00,0.0,3.7649739217570726e-05,0.7061640959471847,43.016325960136534,0.07633333333333332,-2.469707833341684
2021-07-28 02:30:00,0.0,3.6878242607111736e-05,0.8984520837733694,54.729641335446374,0.07633333333333332,-2.4316173735014157
2021-07-28 03:00:00,0.0,3.586361836441259e-05,0.7704535744277916,46.93255050058076,0.077,-2.395218426090557
2021-07-28 03:30:00,0.0,3.5071174531835046e-05,0.6846909420068156,41.708278447394974,0.077,-2.36291470620365
2021-07-28 04:00:00,0.0,3.486373135510907e-05,0.7061640959471847,43.016325960136534,0.07733333333333332,-2.3366564641137724
2021-07-28 04:30:00,0.0,0.0177482224773144,0.3817600915762453,23.255099816124847,0.07733333333333332,-2.316459458160677
2021-07-28 05:00:00,0.0,3.424620892888093e-05,0.6416793409229834,39.08820605500324,0.07766666666666666,-2.301500849676229
2021-07-28 05:30:00,0.0,0.0156590033519073,0.4253022260296759,25.90748990420566,0.07766666666666666,-2.292544796102869
2021-07-28 06:00:00,0.0,0.0151844481148502,-0.0142152634052226,-0.8659296157333851,0.07733333333333332,-2.2929326737797564
2021-07-28 06:30:00,0.0,3.3151868853285435e-05,0.2944057575994865,17.93386849617973,0.07733333333333332,-2.307310715809443
2021-07-28 07:00:00,0.0,3.3392474329447656e-05,0.6201407926709899,37.776175016278245,0.07733333333333332,-2.3397823029930533
2021-07-28 07:30:00,0.0,3.367603199451579e-05,1.1521642349631045,70.18463920104352,0.07733333333333332,-2.392833241180661
2021-07-28 08:00:00,0.0,3.453450868479409e-05,1.0679284217162208,65.0533740730921,0.078,-2.4664718648833643
2021-07-28 08:30:00,0.0,3.5947332179102164e-05,1.6712581486834976,101.80549492660776,0.078,-2.5572975502021333
2021-07-28 09:00:00,0.0,0.0015580986135524,2.337847385024053,142.41109925640993,0.07833333333333332,-2.6590401922109033
2021-07-28 09:30:00,0.0,0.0054890065423373,3.5564598237950005,216.64346279074715,0.07833333333333332,-2.7658660572616443
2021-07-28 10:00:00,0.0,0.0094296599729854,4.6399202247258176,282.6429748571692,0.07866666666666666,-2.8762532424244225
2021-07-28 10:30:00,0.0,0.0434000961057461,5.605090950508077,341.43681439915645,0.07866666666666666,-2.993416655508077
2021-07-28 11:00:00,0.0,0.078639499794908,6.498256339631472,395.8444141841754,0.07833333333333332,-3.1214090755494
2021-07-28 11:30:00,0.0,0.0921566655574333,7.294639658003076,444.3564875236422,0.07833333333333332,-3.259775351580702
2021-07-28 12:00:00,0.0,0.0970681817729623,7.76930010460391,473.2706572025444,0.07833333333333332,-3.4000533242960613
2021-07-28 12:30:00,0.0,0.21272255727904,8.280767900387294,504.42696428159496,0.07833333333333332,-3.5272992300909345
2021-07-28 13:00:00,0.0,0.1359130044849499,8.615818085227845,524.8367076356143,0.07733333333333332,-3.628842605354969
2021-07-28 13:30:00,0.0,0.2333389520182092,8.676242320165493,528.5174790043191,0.07733333333333332,-3.704135252358073
2021-07-28 14:00:00,0.0,0.3369770059268537,9.035677028410184,550.4126173439446,0.077,-3.763901030930465
2021-07-28 14:30:00,0.0,0.5216172600068436,9.360591555579388,570.2049422300564,0.077,-3.8191134265246207
2021-07-28 15:00:00,0.0,0.5677209738511935,8.961229411888356,545.8776049330365,0.07633333333333332,-3.87323789540643
2021-07-28 15:30:00,0.0,0.5004835631863351,9.345915359321538,569.3109346676416,0.07633333333333332,-3.9229445828926286
2021-07-28 16:00:00,0.0,0.5958338715557566,9.404567861409308,572.8837800766128,0.076,-3.960991453380347
2021-07-28 16:30:00,0.0,0.4099344234692191,9.594233202379815,584.4373356557653,0.076,-3.979035852117931
2021-07-28 17:00:00,0.0,0.2067400634279114,9.183897772719783,559.4415553597238,0.07533333333333332,-3.972403081320858
2021-07-28 17:30:00,0.0,0.3571525417979574,9.739148557146464,593.2649242758148,0.07533333333333332,-3.9434073642796466
2021-07-28 18:00:00,0.0,0.2032196385608208,8.326730555938173,507.2268015779362,0.07466666666666666,-3.898068568204025
2021-07-28 18:30:00,0.0,0.1944757180896458,8.219347926742048,500.6855370100157,0.07466666666666666,-3.838859768061806
2021-07-28 19:00:00,0.0,0.0025314651543722,7.438035336117906,453.0915043086413,0.07433333333333335,-3.761082073155684
2021-07-28 19:30:00,0.0,0.0074652038050539,6.580769856338585,400.8707647890294,0.07433333333333335,-3.656656018789313
2021-07-28 20:00:00,0.0,5.703909875777423e-05,5.912315833490068,360.151566091101,0.07400000000000001,-3.522634374766556
2021-07-28 20:30:00,0.0,0.0917464859501824,4.621985939203659,281.55049921827606,0.07400000000000001,-3.367908352417418
2021-07-28 21:00:00,0.0,0.0790675408146548,4.278491588436644,260.62637543053177,0.074,-3.21247451727185
2021-07-28 21:30:00,0.0,0.1083509580472641,3.234228287196659,197.01457356726183,0.074,-3.079120353503136
2021-07-28 22:00:00,0.0,0.099053729208806,2.848998720713769,173.54812901646233,0.07433333333333332,-2.9833837581555356
2021-07-28 22:30:00,0.0,0.0945600403622702,2.1580768582487924,131.46029104883937,0.07433333333333332,-2.9283549145617123
2021-07-28 23:00:00,0.0,0.0878414025074443,2.017217438985913,122.8797716931502,0.07433333333333332,-2.906209189799655
2021-07-28 23:30:00,0.0,0.0863977441221177,1.8957464487456892,115.48030782793433,0.07433333333333332,-2.903593986689687
2021-07-29 00:00:00,0.0,0.0555359134924423,1.7246614538144105,105.05858297518476,0.07466666666666666,-2.9071189690168726
2021-07-29 00:30:00,0.0,0.0544617466210019,1.8265099040514468,111.2627303668114,0.07466666666666666,-2.9070942534568553
2021-07-29 01:00:00,0.0,4.3438351331317256e-05,1.3954679354841146,85.00560128193356,0.07466666666666666,-2.899211506083958
2021-07-29 01:30:00,0.0,0.0517634071511309,1.5812594345187565,96.3231799141022,0.07466666666666666,-2.884185262262351
2021-07-29 02:00:00,0.0,0.0520722595132015,0.6786482804904596,41.34018681126373,0.07466666666666666,-2.8655973621598587
2021-07-29 02:30:00,0.0,0.0506659331446133,1.2707064771520111,77.4056969683657,0.07466666666666666,-2.8470157893201296
2021-07-29 03:00:00,0.0,4.073247111652964e-05,1.1242259271248505,68.48276372529736,0.075,-2.8299806936666845
2021-07-29 03:30:00,0.0,4.145733419429641e-05,1.0189784313584376,62.07156183842784,0.075,-2.813778698858494
2021-07-29 04:00:00,0.0,0.0520805048511474,1.1032179122275232,67.20305038135186,0.075,-2.7965007118603182
2021-07-29 04:30:00,0.0,4.028477412003767e-05,1.1032179122275232,67.20305038135186,0.075,-2.776450868248524
2021-07-29 05:00:00,0.0,3.970431208349552e-05,1.0189784313584376,62.07156183842784,0.075,-2.753624206558113
2021-07-29 05:30:00,0.0,4.046311501241313e-05,0.7855877089739335,47.854453594348485,0.075,-2.7310478032136767
2021-07-29 06:00:00,0.0,0.0448263916877682,0.95557970569501,58.20959793478689,0.07533333333333332,-2.714830039217857
2021-07-29 06:30:00,0.0,3.891027643412545e-05,1.1871262679902823,72.31436827896968,0.07533333333333332,-2.711992577278565
2021-07-29 07:00:00,0.0,3.795069047326455e-05,1.9682947537416595,119.89962276262548,0.07566666666666666,-2.727292614979366
2021-07-29 07:30:00,0.0,3.8866250804398595e-05,1.9682947537416595,119.89962276262548,0.07566666666666666,-2.761674066501526
2021-07-29 08:00:00,0.0,0.0011791939446962,2.42772737917423,147.88618238205834,0.07566666666666666,-2.813740231476494
2021-07-29 08:30:00,0.0,0.0053590394655637,3.0127819133271254,183.52506106481005,0.07566666666666666,-2.883338854957628
2021-07-29 09:00:00,0.0,3.970431208349552e-05,3.2425008970395006,197.51850357953953,0.07566666666666666,-2.9744531488129895
2021-07-29 09:30:00,0.0,0.0088373614179016,3.9914347855525674,243.1401720497532,0.07566666666666666,-3.094180796898963
2021-07-29 10:00:00,0.0,0.0227319916078659,5.034672120182065,306.6894766628879,0.07566666666666666,-3.247311399860275
2021-07-29 10:30:00,0.0,0.0355206025988756,6.432512087282988,391.83957139301856,0.07566666666666666,-3.43031791422583
2021-07-29 11:00:00,0.0,0.0771808641861464,7.751191719688345,472.1675762152637,0.07533333333333332,-3.6295382244513568
2021-07-29 11:30:00,0.0,0.0992366007373781,8.716987738460348,530.9995057808329,0.07533333333333332,-3.825522751014291
2021-07-29 12:00:00,0.0,0.1231597406843241,9.354813981734797,569.8529985371044,0.075,-4.001331886760521
2021-07-29 12:30:00,0.0,0.291324449075421,9.222679953517442,561.8039905786927,0.075,-4.148916820791202
2021-07-29 13:00:00,0.0,0.4732010037618405,9.36945192511791,570.744675907234,0.07466666666666666,-4.269434779642089
2021-07-29 13:30:00,0.0,0.4940619223437192,9.310847969305405,567.1747877179982,0.07466666666666666,-4.36863664946769
2021-07-29 14:00:00,0.0,0.6284927806145151,9.266803410760335,564.4917922244315,0.07433333333333335,-4.450598312849542
2021-07-29 14:30:00,0.0,0.6457149615332416,9.413313753768769,573.4165403213008,0.07433333333333335,-4.5138700279234865
2021-07-29 15:00:00,0.0,0.5025858856753852,9.000866678215228,548.2921280987866,0.07400000000000001,-4.553506802461783
2021-07-29 15:30:00,0.0,0.5227472315207475,9.14896456247158,557.3135820352585,0.07400000000000001,-4.566787795419525
2021-07-29 16:00:00,0.0,0.6237533509090928,8.566239392230745,521.8165976769224,0.07333333333333333,-4.55630587173103
2021-07-29 16:30:00,0.0,0.4298480211643711,8.656800470061595,527.3331693429569,0.07333333333333333,-4.527753297776634
2021-07-29 17:00:00,0.0,0.2711208699083631,8.04656224729648,490.1602141411082,0.07333333333333333,-4.4848619048668015
2021-07-29 17:30:00,0.0,0.2563387391467209,7.969185286408723,485.4467593075147,0.07333333333333333,-4.426060174224427
2021-07-29 18:00:00,0.0,0.0440186178980354,7.876002349714813,479.7704758462726,0.07266666666666667,-4.346759288735468
2021-07-29 18:30:00,0.0,0.2041009925187954,7.036670391384966,428.6421654216984,0.07266666666666667,-4.245822416371372
2021-07-29 19:00:00,0.0,0.1851624623739277,6.048913503922001,368.4724789644947,0.07233333333333335,-4.128787956263069
2021-07-29 19:30:00,0.0,6.0141642060417303e-05,5.43541178853955,331.1007265383161,0.07233333333333335,-4.0041692256644605
2021-07-29 20:00:00,0.0,5.8577503760478466e-05,4.572979970134541,278.5652770134541,0.07200000000000001,-3.8781626900413073
2021-07-29 20:30:00,0.0,5.633122614814294e-05,4.247718830608684,258.75183806872445,0.07200000000000001,-3.753593656590355
2021-07-29 21:00:00,0.0,5.360866080615109e-05,3.450993911461595,210.21895595352007,0.07233333333333335,-3.632212090862164
2021-07-29 21:30:00,0.0,5.2771351588549656e-05,2.5459986071256724,155.0907311865976,0.07233333333333335,-3.516534892386529
2021-07-29 22:00:00,0.0,5.127173918273271e-05,2.97426097112964,181.17853932097088,0.07233333333333335,-3.410293846213606
2021-07-29 22:30:00,0.0,0.074960327408732,2.447483904626307,149.08966064378777,0.07233333333333335,-3.318230298521494
2021-07-29 23:00:00,0.0,0.106701806772992,2.2291685551097635,135.79087599755286,0.07233333333333335,-3.2446878837238606
2021-07-29 23:30:00,0.0,0.0964844847649708,1.8061786739235255,110.02424369300208,0.07233333333333335,-3.1910400586106373
2021-07-30 00:00:00,0.0,0.0902811822165585,1.8181900154069577,110.75592034356411,0.07233333333333335,-3.1541207227643007
2021-07-30 00:30:00,0.0,0.0870951319777944,1.8181900154069577,110.75592034356411,0.07233333333333335,-3.1272677604944428
2021-07-30 01:00:00,0.0,0.0791545879883181,1.552873219487529,94.59401995600496,0.07266666666666667,-3.102973119368172
2021-07-30 01:30:00,0.0,0.0495183830311048,1.4705742668957102,89.58073962755809,0.07266666666666667,-3.0752304842997034
2021-07-30 02:00:00,0.0,0.0461529715641106,1.0332398497908992,62.940303009871585,0.07266666666666667,-3.040792291206212
2021-07-30 02:30:00,0.0,4.11394921498486e-05,0.9911182523055148,60.3744456152633,0.07266666666666667,-2.999428185677208
2021-07-30 03:00:00,0.0,4.10939356366709e-05,0.8217939468506723,50.05997400983634,0.07266666666666667,-2.9533946937637205
2021-07-30 03:30:00,0.0,4.028477412003767e-05,0.8005333518505676,48.764874627299406,0.07266666666666667,-2.906224244100671
2021-07-30 04:00:00,0.0,3.948357461039692e-05,0.4358061964449544,26.54734432027193,0.07333333333333335,-2.8608909871840966
2021-07-30 04:30:00,0.0,3.8734359909475526e-05,0.8642514759603255,52.646294841105885,0.07333333333333335,-2.818390234288732
2021-07-30 05:00:00,0.0,3.913086921111616e-05,0.5867485939377242,35.742073150324345,0.07333333333333335,-2.778822430961122
2021-07-30 05:30:00,0.0,3.666573640149513e-05,0.0426438070434302,2.597668041308289,0.07333333333333335,-2.7447920263099763
2021-07-30 06:00:00,0.0,3.586361836441259e-05,0.6296781967651055,38.357150579437864,0.07366666666666667,-2.723060752443715
2021-07-30 06:30:00,0.0,3.692083777532704e-05,0.327327039582588,19.939284241525954,0.07366666666666667,-2.7216201828096476
2021-07-30 07:00:00,0.0,3.6835678740633714e-05,0.9911182523055148,60.3744456152633,0.07366666666666667,-2.745003874731418
2021-07-30 07:30:00,0.0,3.734850980499943e-05,1.858719516493994,113.22479441938808,0.07366666666666667,-2.7927002626386654
2021-07-30 08:00:00,0.0,3.721987992815649e-05,1.8384642837518748,111.99093716293164,0.07433333333333335,-2.860856538732248
2021-07-30 08:30:00,0.0,0.0017708693208761,2.418302011708147,147.31203158404688,0.07433333333333335,-2.9427634277457417
2021-07-30 09:00:00,0.0,0.0035536484357938,2.9446031437436697,179.3719184839356,0.07433333333333335,-3.0245579147073345
2021-07-30 09:30:00,0.0,0.0083302283219567,3.664587715710907,223.2301253961268,0.07433333333333335,-3.079665793170743
2021-07-30 10:00:00,0.0,0.0119700423401178,4.773731341058019,290.7941434457039,0.07433333333333335,-3.0718717334486727
2021-07-30 10:30:00,0.0,0.0199122950705509,6.44937485635001,392.866775091055,0.07433333333333335,-2.973941127495918
2021-07-30 11:00:00,0.0,0.0838573862746532,7.686137487343487,468.20476632490903,0.07433333333333335,-2.792690497311534
2021-07-30 11:30:00,0.0,0.0933744685167835,7.764257216666882,472.963467255442,0.07433333333333335,-2.575857680736283
2021-07-30 12:00:00,0.0,0.105170911305281,7.935227618218699,483.3782115972988,0.07366666666666667,-2.3862667108603968
2021-07-30 12:30:00,0.0,0.2244650706527281,7.935227618218699,483.3782115972988,0.07366666666666667,-2.2627535903611347
2021-07-30 13:00:00,0.0,0.2694729309949509,7.966182489401077,485.2638424817877,0.07333333333333335,-2.2036075424523136
2021-07-30 13:30:00,0.0,0.2947428332159286,8.120361149380876,494.6557097996698,0.07333333333333335,-2.1828313842683262
2021-07-30 14:00:00,0.0,0.4531510286779492,8.043395462704632,489.9673079327209,0.07233333333333335,-2.1762917002083517
2021-07-30 14:30:00,0.0,0.5951521206261242,8.380220872184244,510.4851899504936,0.07233333333333335,-2.1738334766773626
2021-07-30 15:00:00,0.0,0.6462705152790321,8.319328572480448,506.7759061911608,0.07266666666666667,-2.174379292685269
2021-07-30 15:30:00,0.0,0.6147118020959194,8.258282438068727,503.0572515165152,0.07266666666666667,-2.175430878980892
2021-07-30 16:00:00,0.0,0.5375469657182644,8.22770138074336,501.1943916831373,0.07200000000000001,-2.168445282994152
2021-07-30 16:30:00,0.0,0.546749527405236,9.55268687397971,581.9065210545093,0.07200000000000001,-2.142551772129068
2021-07-30 17:00:00,0.0,0.4073504851287685,8.395420022997001,511.411053541451,0.072,-2.0900086508570332
2021-07-30 17:30:00,0.0,0.5302213685931351,8.712421127490531,530.7213284745409,0.072,-2.007745857900639
2021-07-30 18:00:00,0.0,0.3975393082822339,7.857665120352557,478.653454689321,0.07100000000000001,-1.8964015398959233
2021-07-30 18:30:00,0.0,0.0542580245477277,7.418598715983426,451.9075132333846,0.07100000000000001,-1.7601056633289074
2021-07-30 19:00:00,0.0,0.1867471208733871,6.49879908520072,395.8774757918869,0.07066666666666667,-1.6063638272832466
2021-07-30 19:30:00,0.0,6.282120577324106e-05,5.62683911865443,342.7616145346894,0.07066666666666667,-1.4447062475142185
2021-07-30 20:00:00,0.0,6.0537307569469114e-05,4.684850539100169,285.37992659361527,0.07066666666666667,-1.2845969643991508
2021-07-30 20:30:00,0.0,5.885569067130979e-05,3.997633038044037,243.5177415850588,0.07066666666666667,-1.1334639307956191
2021-07-30 21:00:00,0.0,5.78059175067552e-05,3.4585739431359515,210.6806972331513,0.07066666666666667,-0.9961929299284358
2021-07-30 21:30:00,0.0,5.482805807727392e-05,3.098145561492409,188.72502879992825,0.07066666666666667,-0.8768730823324247
2021-07-30 22:00:00,0.0,0.1155875961532938,2.2001856105381417,134.02536597214552,0.07033333333333334,-0.7804827871295044
2021-07-30 22:30:00,0.0,0.1049628325781503,2.1802477590725275,132.81084214898334,0.07033333333333334,-0.7115210422061706
2021-07-30 23:00:00,0.0,0.0988070658772796,1.858719516493994,113.22479441938808,0.07066666666666667,-0.6704083684398646
2021-07-30 23:30:00,0.0,0.0567350142984073,1.675733636934677,102.07812144861362,0.07066666666666667,-0.6516998636534382
2021-07-31 00:00:00,0.0,0.0845192183145415,1.401014830114092,85.34349303944296,0.07033333333333334,-0.6461008319442945
2021-07-31 00:30:00,0.0,0.0791283915797488,1.3390211112591646,81.5671158021272,0.07033333333333334,-0.644252178236064
2021-07-31 01:00:00,0.0,0.0744102015070999,1.401014830114092,85.34349303944296,0.07100000000000001,-0.6394824737669571
2021-07-31 01:30:00,0.0,0.0443551988011636,1.2768474312331668,77.77977614341482,0.07100000000000001,-0.6288739108313726
2021-07-31 02:00:00,0.0,0.040979891250632,0.6876568960813733,41.888950968111054,0.07133333333333335,-0.6131978907313812
2021-07-31 02:30:00,0.0,4.218798386732919e-05,0.9210716411829364,56.10752256756828,0.07133333333333335,-0.595705545785859
2021-07-31 03:00:00,0.0,4.11394921498486e-05,0.5162742369257991,31.449093755797417,0.07133333333333335,-0.5799459026005835
2021-07-31 03:30:00,0.0,4.046311501241313e-05,1.2768474312331668,77.77977614341482,0.07133333333333335,-0.5680103405740728
2021-07-31 04:00:00,0.0,0.0304398428785674,0.4084515992760146,24.881025861034733,0.07166666666666667,-0.56038831090723
2021-07-31 04:30:00,0.0,3.9439148086964545e-05,0.4300601312862019,26.197319994091,0.07166666666666667,-0.5571012400127112
2021-07-31 05:00:00,0.0,3.8866250804398595e-05,0.7089826858744016,43.18802172285369,0.07166666666666667,-0.55892790508401
2021-07-31 05:30:00,0.0,3.825496551648326e-05,0.4516466098343995,27.51227072989025,0.07166666666666667,-0.5679554096933985
2021-07-31 06:00:00,0.0,3.7865839024847846e-05,-0.0284308606673359,-1.73187956852003,0.07200000000000001,-0.5874867469629832
2021-07-31 06:30:00,0.0,3.6835678740633714e-05,0.4516466098343995,27.51227072989025,0.07200000000000001,-0.6215598602746237
2021-07-31 07:00:00,0.0,3.5905459563835916e-05,0.7089826858744016,43.18802172285369,0.07200000000000001,-0.6739881129224298
2021-07-31 07:30:00,0.0,3.696346423972096e-05,1.2144925817591703,73.98140046053487,0.07200000000000001,-0.7471109844984035
2021-07-31 08:00:00,0.0,3.847323793770416e-05,1.4422445889353233,87.85502365235669,0.07233333333333335,-0.8413460708605661
2021-07-31 08:30:00,0.0,3.799406494841691e-05,1.8906271547005744,115.1684635659642,0.07233333333333335,-0.956285195286919
2021-07-31 09:00:00,0.0,0.0028925666759576,2.0714023738955523,126.1804730960946,0.07233333333333335,-1.0920394348626403
2021-07-31 09:30:00,0.0,0.0064036446597186,2.7022285844374387,164.60755548757467,0.07233333333333335,-1.248932051559141
2021-07-31 10:00:00,0.0,0.0109162624402975,3.671491795598908,223.65069074718548,0.07233333333333335,-1.4252166483997113
2021-07-31 10:30:00,0.0,0.0155530521452265,4.883810743707764,297.4996832671914,0.07233333333333335,-1.614366618073611
2021-07-31 11:00:00,0.0,0.0531016779357653,5.7988076535279225,353.2371606484903,0.07233333333333335,-1.803940649621944
2021-07-31 11:30:00,0.0,0.0708052308227495,6.825022297559657,415.7495198665327,0.07233333333333335,-1.97691982225656
2021-07-31 12:00:00,0.0,0.076688585687605,7.448234406013918,453.7127855627506,0.07200000000000001,-2.115511937968815
2021-07-31 12:30:00,0.0,0.0797040936049723,7.6210875065425805,464.24221541940153,0.07200000000000001,-2.207226615480058
2021-07-31 13:00:00,0.0,0.1158116925649651,7.978511487615958,486.0148693451146,0.07200000000000001,-2.250490211655681
2021-07-31 13:30:00,0.0,0.2391779868355595,8.055511726569812,490.7053759806928,0.07200000000000001,-2.2537653754265343
2021-07-31 14:00:00,0.0,0.2742802775091908,8.376250230056188,510.243316373188,0.07200000000000001,-2.22776373034274
2021-07-31 14:30:00,0.0,0.1337718877647667,8.542572490012734,520.3749169314419,0.07200000000000001,-2.180553431541952
2021-07-31 15:00:00,0.0,0.0960569290384497,8.19349386700348,499.11062451093807,0.07166666666666667,-2.1208293798821307
2021-07-31 15:30:00,0.0,0.2363683922728499,7.916732955534914,482.2516003137538,0.07166666666666667,-2.0601266054726666
2021-07-31 16:00:00,0.0,0.2205113919910215,7.63673937594216,465.19565658108326,0.07200000000000001,-2.0067611261382714
2021-07-31 16:30:00,0.0,0.344026403393609,7.589752894288363,462.333452424656,0.07200000000000001,-1.958998611623443
2021-07-31 17:00:00,0.0,0.07110244288408,7.479755821064338,455.6329277397823,0.07133333333333335,-1.9068859908362528
2021-07-31 17:30:00,0.0,0.2002039897928792,7.13069372794863,434.3696422457038,0.07133333333333335,-1.8407019795296935
2021-07-31 18:00:00,0.0,0.0405807236457133,6.776393007930437,412.78724327118334,0.07133333333333335,-1.7567640434300515
2021-07-31 18:30:00,0.0,0.1827336737033038,6.3010222776617555,383.8298063206149,0.07133333333333335,-1.6557428933515834
2021-07-31 19:00:00,0.0,0.185445241264961,5.611888580682354,341.8508953146424,0.07066666666666667,-1.5376710595243
2021-07-31 19:30:00,0.0,0.0049411058660835,5.076758356469703,309.25318001310717,0.07066666666666667,-1.401139469222934
2021-07-31 20:00:00,0.0,6.12172400891345e-05,4.276796407755775,260.52311268303714,0.07066666666666667,-1.248171507775036
2021-07-31 20:30:00,0.0,5.969384359911485e-05,3.875091307110494,236.05305303489092,0.07066666666666667,-1.0888668959498071
2021-07-31 21:00:00,0.0,0.0898092716141854,2.741055392688653,166.97270920936748,0.07033333333333334,-0.9402368100206968
2021-07-31 21:30:00,0.0,0.0805962183927992,2.857124102200798,174.0430905425474,0.07033333333333334,-0.8196216532340107
2021-07-31 22:00:00,0.0,0.1248523963945396,2.0714023738955523,126.1804730960946,0.07033333333333334,-0.737249481580559
2021-07-31 22:30:00,0.0,0.0755131912354229,1.5039410256574643,91.61329180539666,0.07033333333333334,-0.6924689620477322
2021-07-31 23:00:00,0.0,0.071549475458882,1.5449736911350835,94.11281638237334,0.07033333333333334,-0.675755692215539
2021-07-31 23:30:00,0.0,0.0690564592789488,1.4422445889353233,87.85502365235669,0.07033333333333334,-0.6748293195854556
2021-08-01 00:00:00,0.0,0.1030032929066224,0.6173388521227694,37.60549345850022,0.07066666666666667,-0.6804238826186624
2021-08-01 00:30:00,0.0,0.0997464157120908,1.352077927252058,82.3624780358846,0.07066666666666667,-0.6880032005278903
2021-08-01 01:00:00,0.0,0.1009597678853227,0.8721146776313408,53.12528555744497,0.07066666666666667,-0.6958011139722188
2021-08-01 01:30:00,0.0,0.0647779603031977,0.7663291749485803,46.68131072018722,0.07066666666666667,-0.7025360014686586
2021-08-01 02:00:00,0.0,0.0632411893535383,1.0402854417772354,63.36948863854596,0.07100000000000001,-0.706967778377054
2021-08-01 02:30:00,0.0,0.0963886342719396,0.8509996330772219,51.83905245041553,0.07100000000000001,-0.708496886583299
2021-08-01 03:00:00,0.0,0.0947458727077638,0.8932087898167476,54.41024355915426,0.07100000000000001,-0.7073258215618998
2021-08-01 03:30:00,0.0,0.0925261289514505,0.4242283165311636,25.842072189959335,0.07100000000000001,-0.7040609998537263
2021-08-01 04:00:00,0.0,0.0891919654151324,0.7875284274893983,47.972673397277056,0.07100000000000001,-0.6993682618520075
2021-08-01 04:30:00,0.0,0.0866334779384616,1.2071405394745258,73.53354726436696,0.07100000000000001,-0.694194970172559
2021-08-01 05:00:00,0.0,0.0535343686091037,0.5745772892411282,35.00065226360162,0.07100000000000001,-0.6908009327512609
2021-08-01 05:30:00,0.0,0.0812122893892465,0.5959688531702679,36.30372968151922,0.07100000000000001,-0.6941244687858664
2021-08-01 06:00:00,0.0,0.0510372509596866,1.393309042508272,84.8740912766885,0.07133333333333335,-0.7119450068432768
2021-08-01 06:30:00,0.0,3.970431208349552e-05,0.5959688531702679,36.30372968151922,0.07133333333333335,-0.7524035897877175
2021-08-01 07:00:00,0.0,0.0475364516723975,1.4755341439368026,89.88287292596043,0.07166666666666667,-0.8198669889221208
2021-08-01 07:30:00,0.0,4.050824563260603e-05,2.042473717051654,124.41827003376396,0.07166666666666667,-0.9129495322161882
2021-08-01 08:00:00,0.0,4.145733419429641e-05,2.32046121326874,141.35201223157,0.07166666666666667,-1.0273926254687948
2021-08-01 08:30:00,0.0,4.204932231105377e-05,2.885237403539381,175.75562583163477,0.07166666666666667,-1.1613669518506218
2021-08-01 09:00:00,0.0,0.0023378520686514,3.323034205253219,202.4242288304429,0.07166666666666667,-1.3180481623392133
2021-08-01 09:30:00,0.0,0.0064473916208403,4.354124710171584,265.23360346238036,0.07166666666666667,-1.503477199623297
2021-08-01 10:00:00,0.0,0.0121490839323321,5.93508035293,361.5382777551096,0.07166666666666667,-1.7205593644181438
2021-08-01 10:30:00,0.0,0.0186549209023778,7.288240994729082,443.9667098690107,0.07166666666666667,-1.9616423669704144
2021-08-01 11:00:00,0.0,0.1149304662791267,8.08278485154864,492.3667315222362,0.07166666666666667,-2.2047143887211176
2021-08-01 11:30:00,0.0,0.1385693975768764,8.508069710786419,518.2731635199505,0.07166666666666667,-2.418307101142957
2021-08-01 12:00:00,0.0,0.1684231803041827,8.568219054868072,521.9371897797878,0.07100000000000001,-2.5735010212314973
2021-08-01 12:30:00,0.0,0.0992431308256301,8.144000704517442,496.0957246845149,0.07100000000000001,-2.6554209022545456
2021-08-01 13:00:00,0.0,0.1554089569506977,8.493009046458726,517.3557358999193,0.07066666666666667,-2.6672260206463685
2021-08-01 13:30:00,0.0,0.1858215074286694,8.098103421010212,493.29986955769255,0.07066666666666667,-2.6243431248256077
2021-08-01 14:00:00,0.0,0.3771496241145339,8.128711332165778,495.1643652050686,0.07033333333333334,-2.544831288073692
2021-08-01 14:30:00,0.0,0.4346651313795506,7.990667868964651,486.7553811689134,0.07033333333333334,-2.4454318147254246
2021-08-01 15:00:00,0.0,0.4209944801960502,8.25075551221715,502.59874520365184,0.07066666666666667,-2.3425129295357134
2021-08-01 15:30:00,0.0,0.42323233562482,8.052118407941803,490.4986703424045,0.07066666666666667,-2.2486013706558095
2021-08-01 16:00:00,0.0,0.6104511948224302,7.602988889422639,463.139729442095,0.07033333333333334,-2.1657905494046643
2021-08-01 16:30:00,0.0,0.244201110237905,7.017377143147794,427.4669079146075,0.07033333333333334,-2.085642752428699
2021-08-01 17:00:00,0.0,0.1741671061349524,8.341885195044558,508.1499537168652,0.06966666666666667,-1.9959684542782865
2021-08-01 17:30:00,0.0,0.4504944792979091,6.921030517069841,421.5979067910519,0.06966666666666667,-1.888114666107555
2021-08-01 18:00:00,0.0,0.2809505110091667,7.0973660558110465,432.3394710483988,0.06966666666666667,-1.7612022148728992
2021-08-01 18:30:00,0.0,0.0208249819657707,5.766603947129677,351.27545636544636,0.06966666666666667,-1.6221562449418765
2021-08-01 19:00:00,0.0,7.040987270893837e-05,4.992757692325327,304.13623910597175,0.06933333333333334,-1.481867177608768
2021-08-01 19:30:00,0.0,6.881328711310066e-05,4.118979489773416,250.9096191269147,0.06933333333333334,-1.3502936415552562
2021-08-01 20:00:00,0.0,6.741977387618479e-05,3.4920064711749945,212.71725577818736,0.069,-1.2325512978200015
2021-08-01 20:30:00,0.0,6.598620148738524e-05,3.1907113341383053,194.36371741598833,0.069,-1.127999903447669
2021-08-01 21:00:00,0.0,6.415798285556042e-05,2.477727979345084,150.9319930194102,0.06866666666666667,-1.0345608562154067
2021-08-01 21:30:00,0.0,6.13297119151834e-05,2.3598846359979557,143.75350901159186,0.06866666666666667,-0.955609580796897
2021-08-01 22:00:00,0.0,5.7257049694970535e-05,1.7406123845318118,106.03024160105552,0.069,-0.9007641141813744
2021-08-01 22:30:00,0.0,5.753003836632131e-05,1.372703401775048,83.61888874871386,0.069,-0.8767902621708136
2021-08-01 23:00:00,0.0,5.676721290576391e-05,1.496041271776109,91.13207449356284,0.06866666666666667,-0.8784336352991567
2021-08-01 23:30:00,0.0,0.1048910820540557,1.4550074005208895,88.63247646606304,0.06866666666666667,-0.890559949292221
2021-08-02 00:00:00,0.0,0.1016265282012439,0.9453312859592252,57.5853105114232,0.06866666666666667,-0.8985264883914487
2021-08-02 00:30:00,0.0,0.0995275787306585,1.0703655140325352,65.20183072512977,0.06866666666666667,-0.8947198948573313
2021-08-02 01:00:00,0.0,0.1023883993178691,0.1141517012395642,6.953605851114346,0.06866666666666667,-0.8774283618871365
2021-08-02 01:30:00,0.0,5.482805807727392e-05,0.7352952358275631,44.79086337414068,0.06866666666666667,-0.8479293229313504
2021-08-02 02:00:00,0.0,5.376722386039596e-05,0.6294934861165122,38.34589884133082,0.069,-0.8096951853485462
2021-08-02 02:30:00,0.0,5.2771351588549656e-05,0.5657581981626534,34.46343308369563,0.069,-0.7682173152551134
2021-08-02 03:00:00,0.0,5.070769872564525e-05,1.0287688593218014,62.667950472427144,0.069,-0.7300162008962325
2021-08-02 03:30:00,0.0,4.969524075112918e-05,0.9034896331709894,55.036506082849954,0.069,-0.7011840845673496
2021-08-02 04:00:00,0.0,4.894307090417464e-05,0.501830624209318,30.569254131806403,0.069,-0.6855596353160222
2021-08-02 04:30:00,0.0,4.8495168331721855e-05,0.6930378054144906,42.2167316513315,0.069,-0.6832912316650511
2021-08-02 05:00:00,0.0,4.834497702000175e-05,0.5657581981626534,34.46343308369563,0.06933333333333334,-0.6913331421714625
2021-08-02 05:30:00,0.0,4.7999675281042e-05,0.501830624209318,30.569254131806403,0.06933333333333334,-0.705949382857324
2021-08-02 06:00:00,0.0,0.0578106654438157,0.5444704373922655,33.16667888518013,0.06966666666666667,-0.7249021683004759
2021-08-02 06:30:00,0.0,4.765366749582296e-05,0.6718775036138777,40.927741677338105,0.06966666666666667,-0.7473786914762314
2021-08-02 07:00:00,0.0,4.721230452675592e-05,0.7141770334920148,43.504437909334825,0.06966666666666667,-0.7720522390357147
2021-08-02 07:30:00,0.0,4.716294817974573e-05,1.4819393991289176,90.27305213045864,0.06966666666666667,-0.7960389719037454
2021-08-02 08:00:00,0.0,4.6385317006308536e-05,1.9257384384798115,117.3072843253242,0.06966666666666667,-0.8174677071655545
2021-08-02 08:30:00,0.0,4.672412775595169e-05,1.845724671227685,112.43320716228276,0.06966666666666667,-0.8401053374027575
2021-08-02 09:00:00,0.0,4.513621310008724e-05,1.603885978531096,97.7014867384964,0.07,-0.8736076190503077
2021-08-02 09:30:00,0.0,4.599922636477037e-05,2.24286561349313,136.62523890483666,0.07,-0.926100803416126
2021-08-02 10:00:00,0.0,4.653006038617735e-05,2.652188000527458,161.55930922149955,0.07033333333333334,-0.9956690430426166
2021-08-02 10:30:00,0.0,0.0133088485456539,3.336539329418656,203.24689997241495,0.07033333333333334,-1.070237963465677
2021-08-02 11:00:00,0.0,0.0053901069817927,3.5229221116397196,214.60049690461875,0.07033333333333334,-1.1355957614786265
2021-08-02 11:30:00,0.0,0.01233821339428,3.634003087370269,221.36704803263405,0.07033333333333334,-1.182674948738775
2021-08-02 12:00:00,0.0,0.0093900926857767,4.0909561785518544,249.2025656291407,0.07033333333333334,-1.2086957400247578
2021-08-02 12:30:00,0.0,0.0246308795530958,4.217243650088768,256.89542777193594,0.07033333333333334,-1.2140747333237631
2021-08-02 13:00:00,0.0,0.0162938475758475,4.521012738024018,275.39966804445953,0.07066666666666667,-1.198333074948604
2021-08-02 13:30:00,0.0,0.007948522877622,4.467703960456553,272.15233818792996,0.07066666666666667,-1.1572195388521092
2021-08-02 14:00:00,0.0,0.0010571258034795,3.72614752192966,226.980070636258,0.07066666666666667,-1.0852050197151903
2021-08-02 14:30:00,0.0,0.0033111422434932,2.025340690970146,123.37460349954698,0.07066666666666667,-0.985144735313162
2021-08-02 15:00:00,0.0,4.8147198269495526e-05,2.6328698136419733,160.3825325646374,0.07100000000000001,-0.8772023684241521
2021-08-02 15:30:00,0.6,0.0245613291503731,0.7352952358275631,44.79086337414068,0.07100000000000001,-0.7952016650681776
2021-08-02 16:00:00,0.6,0.001744014906956,0.5870245939317054,35.75888582286637,0.075,-0.7685944646339756
2021-08-02 16:30:00,0.0,0.0118710460243313,0.6930378054144906,42.2167316513315,0.075,-0.8035900292551272
2021-08-02 17:00:00,0.0,0.0180694111904998,2.882684587167593,175.60011979303064,0.083,-0.8792725693991643
2021-08-02 17:30:00,0.0,0.0017528042739851,3.7812512659893223,230.3367417410315,0.083,-0.9602132219533824
2021-08-02 18:00:00,0.0,4.939320868637296e-05,4.000312083933218,243.68093695550115,0.084,-1.0135435950093157
2021-08-02 18:30:00,0.0,0.0068420863354959,3.634003087370269,221.36704803263405,0.084,-1.0207667639886424
2021-08-02 19:00:00,0.0,4.824707301932508e-05,3.8910509281230854,237.02524103427797,0.08466666666666667,-0.9828559862903972
2021-08-02 19:30:00,0.0,4.7360545973716264e-05,2.3606025901235888,143.79724353288782,0.08466666666666667,-0.9182813238794542
2021-08-02 20:00:00,0.6,4.489792263814394e-05,1.5836095549363296,96.46633863104648,0.08633333333333333,-0.8525340634003667
2021-08-02 20:30:00,0.0,4.494592287399764e-05,1.277141935794298,77.79771603057571,0.08633333333333333,-0.8038053517102834
2021-08-02 21:00:00,0.0,4.5040008757780785e-05,1.5836095549363296,96.46633863104648,0.09133333333333334,-0.7756920475607213
2021-08-02 21:30:00,0.0,4.433017971344391e-05,1.5023119754411434,91.51405742699528,0.09133333333333334,-0.7619705332191326
2021-08-02 22:00:00,0.0,0.0106262285863636,0.8825379284638769,53.76022290125772,0.09433333333333332,-0.7562386504278075
2021-08-02 22:30:00,0.0,4.311153004483944e-05,0.3304068662137842,20.12689336386535,0.09433333333333332,-0.7561457190438032
2021-08-02 23:00:00,0.0,4.381194643932356e-05,0.3304068662137842,20.12689336386535,0.09599999999999999,-0.7606299588483836
2021-08-02 23:30:00,0.0,4.489792263814394e-05,0.7141770334920148,43.504437909334825,0.09599999999999999,-0.7662805182560283
2021-08-03 00:00:00,0.0,4.3344266036965424e-05,1.053678747537654,64.18534830852985,0.09699999999999999,-0.7676167103465222
2021-08-03 00:30:00,0.0,0.021647338318753,0.0499988466115219,3.045703818440742,0.09699999999999999,-0.7609992403592549
2021-08-03 01:00:00,0.0,0.0121873801681911,0.5043384736172605,30.722020986153893,0.09799999999999999,-0.7479802634823209
2021-08-03 01:30:00,0.0,4.2095512538396045e-05,0.2675711403958659,16.29922486692792,0.09799999999999999,-0.7335694810579046
2021-08-03 02:00:00,0.0,4.095934311956155e-05,0.461486586870382,28.111677669508627,0.09866666666666667,-0.7198824994812858
2021-08-03 02:30:00,0.0,0.0238974722184231,0.5257319333277782,32.02521388650705,0.09866666666666667,-0.7027855204605731
2021-08-03 03:00:00,0.0,0.0160732153432109,0.9071699907335772,55.26069683606261,0.09933333333333333,-0.677013980057306
2021-08-03 03:30:00,0.0,0.0233224937269348,0.3970455850736028,24.18622301329325,0.09933333333333333,-0.6442702932538469
2021-08-03 04:00:00,0.0,0.0134406317135705,0.8440706651140939,51.41697103027554,0.09966666666666667,-0.6145059921980435
2021-08-03 04:30:00,0.0,0.0186254740775048,0.9700828418189248,59.093063455805414,0.09966666666666667,-0.5995226865931028
2021-08-03 05:00:00,0.0,0.0190682766452219,0.5257319333277782,32.02521388650705,0.10066666666666667,-0.6065653685000947
2021-08-03 05:30:00,0.0,0.0247264330473092,0.1590657570188286,9.689567187411306,0.10066666666666667,-0.6378475631978945
2021-08-03 06:00:00,0.0,0.0311811405696999,0.5897829759340107,35.92691399084422,0.10066666666666667,-0.6944276161800597
2021-08-03 06:30:00,0.0,0.017473443148852,0.9700828418189248,59.093063455805414,0.10066666666666667,-0.7786359485918386
2021-08-03 07:00:00,0.0,0.029501232689946,1.6298736673231973,99.28453931571951,0.10099999999999999,-0.8911097042673138
2021-08-03 07:30:00,0.0,0.040717567301276,2.524778556219991,153.79810156709658,0.10099999999999999,-1.0253034142132276
2021-08-03 08:00:00,0.0,0.0365838981094353,3.645114825894747,222.0439249357448,0.10133333333333333,-1.166992908052484
2021-08-03 08:30:00,0.0,0.0454479673837245,4.90493849783415,298.78669058393587,0.10133333333333333,-1.3030251372181287
2021-08-03 09:00:00,0.0,4.046311501241313e-05,4.1213583044735715,251.05452576990027,0.10133333333333333,-1.4331229484434431
2021-08-03 09:30:00,0.0,0.0025127177406919,5.594503847799663,340.7918959394212,0.10133333333333333,-1.5723440839269631
2021-08-03 10:00:00,0.0,0.0048892127283827,6.379134692545639,388.5880616885427,0.10133333333333333,-1.7389448419118407
2021-08-03 10:30:00,0.0,0.1170507813679327,7.950484231750239,484.3075755574422,0.10133333333333333,-1.9376706325166997
2021-08-03 11:00:00,0.0,0.2105012382227669,8.301158696755799,505.6690794616337,0.10133333333333333,-2.1525447419110413
2021-08-03 11:30:00,0.0,0.2629351735985927,8.676640579109048,528.5417391396486,0.10133333333333333,-2.3524896067737853
2021-08-03 12:00:00,0.0,0.307597467171832,8.572090129141795,522.1729981332994,0.10066666666666667,-2.5039568902665525
2021-08-03 12:30:00,0.0,0.3477770464529888,8.58705346960756,523.0844972234147,0.10066666666666667,-2.585269562320665
2021-08-03 13:00:00,0.0,0.4903901733015985,8.661732292277277,527.6335936681594,0.09933333333333333,-2.596706344885925
2021-08-03 13:30:00,0.0,0.5159381166379412,8.631888282913383,525.8156314662824,0.09933333333333333,-2.557681623603551
2021-08-03 14:00:00,0.0,0.5257094217786481,8.482115867224712,516.6921726412351,0.09866666666666667,-2.4919879856930116
2021-08-03 14:30:00,0.0,0.5296996142318083,8.301158696755799,505.6690794616337,0.09866666666666667,-2.4168770988980453
2021-08-03 15:00:00,0.0,0.4627568045964189,8.240537372484981,501.9763023012899,0.09833333333333333,-2.3440209758824393
2021-08-03 15:30:00,0.0,0.5520078942197313,8.34652504683746,508.4325925231649,0.09833333333333333,-2.2815607477280713
2021-08-03 16:00:00,0.0,0.5586123849934305,8.073038451392271,491.7730248633017,0.09766666666666667,-2.2293254845454453
2021-08-03 16:30:00,0.0,0.532447295143785,7.656880837291474,466.42258339836,0.09766666666666667,-2.175522736352465
2021-08-03 17:00:00,0.0,0.6755446845581681,7.935120866724651,483.3717087786323,0.09733333333333333,-2.103420866658095
2021-08-03 17:30:00,0.0,0.490825091530309,7.641327633743836,465.4751525145621,0.09733333333333333,-2.0037359873367624
2021-08-03 18:00:00,0.0,0.6276291805139164,7.610190753470107,463.57843445862653,0.09599999999999999,-1.8808137473445607
2021-08-03 18:30:00,0.0,0.5947165496561267,7.532170026875368,458.8257643269847,0.09599999999999999,-1.746779246385106
2021-08-03 19:00:00,0.0,0.4093414671743969,6.70513972515041,408.4468152383984,0.09533333333333333,-1.610725948305414
2021-08-03 19:30:00,0.0,0.2103695815029229,6.065142923517704,369.4611018744944,0.09533333333333333,-1.4744336201509916
2021-08-03 20:00:00,0.0,0.1527369879330104,4.869905497413958,296.6526384930897,0.09533333333333333,-1.336526918528992
2021-08-03 20:30:00,0.0,0.1470352235634278,3.9941366282499353,243.30475609874412,0.09533333333333333,-1.1983301946836078
2021-08-03 21:00:00,0.0,0.1289764285485377,3.9211116633964473,238.85640519929527,0.09599999999999999,-1.066490989620967
2021-08-03 21:30:00,0.0,0.1090987654857141,2.9874202701294625,181.98014435644637,0.09599999999999999,-0.9517199983803164
2021-08-03 22:00:00,0.0,0.1588920055469132,3.0255363050398127,184.30200097790535,0.09633333333333333,-0.8640391969412816
2021-08-03 22:30:00,0.0,0.1432066120146514,2.3094119240511444,140.67893945806065,0.09633333333333333,-0.8071843597856928
2021-08-03 23:00:00,0.0,0.1360821729389299,2.2700241493229227,138.27961419318575,0.09699999999999999,-0.7767260696948304
2021-08-03 23:30:00,0.0,0.0829872029555415,1.405355796560341,85.6079251009221,0.09699999999999999,-0.7631595189655032
2021-08-04 00:00:00,0.0,0.0787599631886853,1.6761177305218815,102.10151869443966,0.09733333333333333,-0.7564911064321109
2021-08-04 00:30:00,0.0,0.0771619212195043,1.5742622249439178,95.89694152332292,0.09733333333333333,-0.7492511031716506
2021-08-04 01:00:00,0.0,4.182074367647945e-05,1.078508079124367,65.69783899877622,0.09699999999999999,-0.7378673854824024
2021-08-04 01:30:00,0.0,4.0239795705298545e-05,0.656399211865798,39.98487408188437,0.09699999999999999,-0.7228195441480133
2021-08-04 02:00:00,0.0,3.8080907314678035e-05,1.0366717495720337,63.14935883768139,0.09733333333333333,-0.7071308580810033
2021-08-04 02:30:00,0.0,3.78225567148035e-05,1.410282270468708,85.9080236314091,0.09733333333333333,-0.6938473102212548
2021-08-04 03:00:00,0.0,3.692083777532704e-05,0.2474646465028472,15.074428109090102,0.09766666666666667,-0.6844787270402122
2021-08-04 03:30:00,0.0,3.692083777532704e-05,0.5066568963301131,30.863248822150968,0.09766666666666667,-0.6792194369354625
2021-08-04 04:00:00,0.0,3.561149629736711e-05,0.1821664507366574,11.09675706944366,0.09733333333333333,-0.6778122169304865
2021-08-04 04:30:00,0.0,3.4657089110898426e-05,0.3125613854304852,19.03982730840399,0.09733333333333333,-0.6798985934865016
2021-08-04 05:00:00,0.0,0.0484441233197112,0.656399211865798,39.98487408188437,0.09766666666666667,-0.6852385004685293
2021-08-04 05:30:00,0.0,0.0509462836953671,0.1603553713755842,9.768124666970872,0.09766666666666667,-0.6945862997455788
2021-08-04 06:00:00,0.0,3.3352570329917715e-05,1.1411091988641129,69.51121635348647,0.09799999999999999,-0.7105496385157871
2021-08-04 06:30:00,0.0,3.461619743987309e-05,0.3774580782093845,22.993040600234625,0.09799999999999999,-0.7368575888329604
2021-08-04 07:00:00,0.0,0.0440911246149659,1.2242929813157035,74.57839651893394,0.09799999999999999,-0.7761109097451545
2021-08-04 07:30:00,0.0,3.449201241240149e-05,1.2657638129182085,77.1046121964083,0.09799999999999999,-0.8286258081223515
2021-08-04 08:00:00,0.0,3.556987643811817e-05,1.1411091988641129,69.51121635348647,0.09799999999999999,-0.8942618576618306
2021-08-04 08:30:00,0.0,3.445124818432026e-05,1.5538330876789703,94.65249078911413,0.09799999999999999,-0.975588616209412
2021-08-04 09:00:00,0.0,0.0043805856286463,2.356273145755955,143.53351334437605,0.09833333333333333,-1.078466361975775
2021-08-04 09:30:00,0.0,0.0091398920153524,2.9775431712450886,181.37847612155707,0.09833333333333333,-1.20813464649495
2021-08-04 10:00:00,0.0,0.0091407481332449,4.278418594276474,260.62192895611446,0.09833333333333333,-1.362442148531795
2021-08-04 10:30:00,0.0,0.0245234554174771,5.456577091018724,332.39002113105215,0.09833333333333333,-1.526615258144678
2021-08-04 11:00:00,0.0,0.0688425765287892,6.642247878943284,404.6157281409274,0.09766666666666667,-1.675023505895193
2021-08-04 11:30:00,0.0,0.0968162594692109,7.173444082098578,436.97380065531365,0.09766666666666667,-1.782170727015706
2021-08-04 12:00:00,0.0,0.0490746829160108,7.077750487190567,431.14457923994433,0.09699999999999999,-1.836156228800988
2021-08-04 12:30:00,0.0,0.0667525029855493,6.739727007348167,410.5537161890879,0.09699999999999999,-1.8426567698257736
2021-08-04 13:00:00,0.0,0.0514911059182011,6.869071737758908,418.4328127284149,0.09599999999999999,-1.815598600718252
2021-08-04 13:30:00,0.0,0.057183359170979,7.14158929464911,435.0333509380575,0.09599999999999999,-1.7643239426549544
2021-08-04 14:00:00,0.0,0.203773000121423,7.26875168234436,442.7795090199564,0.09533333333333333,-1.6907828196433323
2021-08-04 14:30:00,0.0,0.2109856654412353,7.410997637699624,451.44448988940394,0.09533333333333333,-1.5993442191678364
2021-08-04 15:00:00,0.0,0.1506567127150942,6.031950464448845,367.4391672463831,0.09533333333333333,-1.5074942596899417
2021-08-04 15:30:00,0.0,0.135136280497848,5.370733709144756,327.1608301860522,0.09533333333333333,-1.4430320999105644
2021-08-04 16:00:00,0.0,0.264203454002464,6.4460616381617895,392.66494880962904,0.09499999999999999,-1.4262283840642562
2021-08-04 16:30:00,0.0,0.2162755175317405,6.396756176795632,389.6614828873115,0.09499999999999999,-1.4512579902131526
2021-08-04 17:00:00,0.0,0.092776432598098,7.31626192382425,445.6736182584083,0.09499999999999999,-1.485002353027116
2021-08-04 17:30:00,0.0,0.1848724594762427,6.965614958446054,424.31378950726014,0.09499999999999999,-1.4882454339691802
2021-08-04 18:00:00,0.0,0.0060622083485004,5.79677152630086,353.11312897795045,0.09399999999999999,-1.442987580037541
2021-08-04 18:30:00,0.0,0.1253518104458237,4.476110865185292,272.6644488378522,0.09399999999999999,-1.361659089046637
2021-08-04 19:00:00,0.0,0.0006304065660768,4.115364100519143,250.6893859494887,0.09433333333333332,-1.2718097445243113
2021-08-04 19:30:00,0.0,0.0944968978152733,3.6746392063532856,223.8424167889338,0.09433333333333332,-1.1942656565376988
2021-08-04 20:00:00,0.0,0.0905892145548519,3.488393366537335,212.49716176928257,0.09466666666666666,-1.1339039888660003
2021-08-04 20:30:00,0.0,0.0896690536873446,2.996676479983656,182.54399083707116,0.09466666666666666,-1.0841058529900842
2021-08-04 21:00:00,0.0,0.1356007697000332,2.6691166547765115,162.5905263471267,0.09499999999999999,-1.0349872190221614
2021-08-04 21:30:00,0.0,0.089170178306871,2.434906221832201,148.32348503956257,0.09499999999999999,-0.9794150339896712
2021-08-04 22:00:00,0.0,4.5614963145202326e-05,1.615062336138856,98.38229994418283,0.09499999999999999,-0.9165072096045936
2021-08-04 22:30:00,0.0,0.0634652969488397,1.7572564475771737,107.044122716464,0.09499999999999999,-0.8520386841894645
2021-08-04 23:00:00,0.0,0.0550967708086041,0.9106678850122132,55.473772750467575,0.09566666666666666,-0.7949324268435192
2021-08-04 23:30:00,0.0,0.0504023347247882,1.7167253032823966,104.5751485438492,0.09566666666666666,-0.7520935734106219
2021-08-05 00:00:00,0.0,0.0459439505680119,0.9772606201606888,59.53030127997541,0.09599999999999999,-0.7255902728326525
2021-08-05 00:30:00,0.0,0.0410618343849819,1.1450904246416789,69.75373463889855,0.09599999999999999,-0.7133065297648419
2021-08-05 01:00:00,0.0,0.0400372591524441,0.2923697104751225,17.809841705134286,0.09599999999999999,-0.7111233593839964
2021-08-05 01:30:00,0.0,3.598923620581269e-05,0.3792017656497763,23.099258160344196,0.09599999999999999,-0.7147455126379635
2021-08-05 02:00:00,0.0,3.53190922434402e-05,0.9350959401895128,56.96181949499863,0.09666666666666666,-0.7207763779067524
2021-08-05 02:30:00,0.0,0.0337957178489795,0.7443142258998342,45.34025949751576,0.09666666666666666,-0.7271043491944288
2021-08-05 03:00:00,0.0,0.0328308336325809,0.8716919645977955,53.099535789447785,0.09633333333333333,-0.7326723401385087
2021-08-05 03:30:00,0.0,0.0317920298254117,0.701684731783084,42.743463335028615,0.09633333333333333,-0.7370393382662489
2021-08-05 04:00:00,0.0,0.0310010139746109,0.9350959401895128,56.96181949499863,0.09699999999999999,-0.7399935650750837
2021-08-05 04:30:00,0.0,0.0464626561684969,0.4656785622846769,28.36703387052918,0.09699999999999999,-0.7410932798782569
2021-08-05 05:00:00,0.0,0.0465474465213993,0.7230101763642826,44.042513061026405,0.09699999999999999,-0.7395669371194892
2021-08-05 05:30:00,0.0,3.303117294097335e-05,0.2706057965306088,16.48408240672387,0.09699999999999999,-0.7357135387212284
2021-08-05 06:00:00,0.0,3.0093290408167564e-05,0.6375795344020583,38.83846436650652,0.09699999999999999,-0.7335802559114679
2021-08-05 06:30:00,0.0,3.0093290408167564e-05,0.4872426399747109,29.680620047266192,0.09699999999999999,-0.7422081174529992
2021-08-05 07:00:00,0.0,2.9902966050348084e-05,0.7443142258998342,45.34025949751576,0.09733333333333333,-0.772887261417765
2021-08-05 07:30:00,0.0,3.0284443149030228e-05,1.0613405559086353,64.6520710550158,0.09733333333333333,-0.8335215210836343
2021-08-05 08:00:00,0.0,3.219286580736566e-05,1.599945271137469,97.46143664995375,0.09733333333333333,-0.9245943178262462
2021-08-05 08:30:00,0.0,3.29899059323388e-05,1.599945271137469,97.46143664995375,0.09733333333333333,-1.040403583495678
2021-08-05 09:00:00,0.0,0.0007385032445757,2.481820915654081,151.18131620563892,0.09766666666666667,-1.174317521765733
2021-08-05 09:30:00,0.0,0.004276060640114,3.741227655181127,227.89868421515612,0.09766666666666667,-1.3231231138705408
2021-08-05 10:00:00,0.0,0.005448933787099,4.933060899248675,300.4997802085314,0.09733333333333333,-1.486313103135471
2021-08-05 10:30:00,0.0,0.0208019753949206,6.3482111194571464,386.7043373425145,0.09733333333333333,-1.66109585373719
2021-08-05 11:00:00,0.0,0.095708424781405,7.128829062762264,434.256055267941,0.09699999999999999,-1.8382754661957297
2021-08-05 11:30:00,0.0,0.1292307038248943,7.5096439564592945,457.45357790009047,0.09699999999999999,-2.002621492448001
2021-08-05 12:00:00,0.0,0.2926866100162161,7.992679729033268,486.8779345938107,0.09599999999999999,-2.136279979380457
2021-08-05 12:30:00,0.0,0.3182765343385995,7.588217151342173,462.23990190354704,0.09599999999999999,-2.2235762764777633
2021-08-05 13:00:00,0.0,0.379077947073498,8.069684179885162,491.5686977991863,0.09499999999999999,-2.2575950019119886
2021-08-05 13:30:00,0.0,0.4021445086528211,7.837925491334417,477.4510056820013,0.09499999999999999,-2.244523672146635
2021-08-05 14:00:00,0.0,0.4187480734517141,8.511522636886179,518.4835001760846,0.09366666666666666,-2.19955536137257
2021-08-05 14:30:00,0.0,0.4089585461411939,7.556818992950983,460.327267965267,0.09366666666666666,-2.137366857160216
2021-08-05 15:00:00,0.0,0.3951423270270854,7.35171405427734,447.8332018570418,0.09233333333333334,-2.066290710269899
2021-08-05 15:30:00,0.0,0.1791043441717124,7.899947137883997,481.2290841482855,0.09233333333333334,-1.9894126042239508
2021-08-05 16:00:00,0.0,0.3662701122304375,7.064759613136481,430.35323389114393,0.09133333333333334,-1.909437319327307
2021-08-05 16:30:00,0.0,0.2840659344097584,7.000515598527411,426.43977880432766,0.09133333333333334,-1.8321405743000991
2021-08-05 17:00:00,0.0,0.4557685406007743,7.000515598527411,426.43977880432766,0.09100000000000001,-1.7641517190983305
2021-08-05 17:30:00,0.0,0.4501219801739101,6.8876650012251615,419.56543032610546,0.09100000000000001,-1.7075377780387715
2021-08-05 18:00:00,0.0,0.4189382836114557,6.5294163385229815,397.7425405218459,0.09066666666666667,-1.658152836956551
2021-08-05 18:30:00,0.0,0.4188414177270395,6.5294163385229815,397.7425405218459,0.09066666666666667,-1.6085128025295214
2021-08-05 19:00:00,0.0,0.405703178056701,6.18224534451874,376.594452240807,0.09033333333333333,-1.5498197194235497
2021-08-05 19:30:00,0.0,0.2261850497688111,5.264810673376525,320.7084774546635,0.09033333333333333,-1.472887846518584
2021-08-05 20:00:00,0.0,0.1626644248006941,4.2364728379790835,258.0667830121497,0.09000000000000001,-1.3725367023800543
2021-08-05 20:30:00,0.0,5.9079134290931465e-05,3.796801400606861,231.28398567947443,0.09000000000000001,-1.2541730848180972
2021-08-05 21:00:00,0.0,5.55760532803417e-05,2.5602419587605225,155.9583718103647,0.09033333333333333,-1.1348778337999257
2021-08-05 21:30:00,0.0,0.1072924755403268,2.205100074283358,134.32473289776067,0.09033333333333333,-1.0352810412472675
2021-08-05 22:00:00,0.0,0.0992303871070617,2.813181923161276,171.3663315458621,0.09100000000000001,-0.9680564391708188
2021-08-05 22:30:00,0.0,5.035338161360004e-05,1.6816202449036757,102.43670700775954,0.09100000000000001,-0.9324207325392486
2021-08-05 23:00:00,0.0,4.740795532632099e-05,0.956188712182108,58.24669585821744,0.09166666666666667,-0.9177994498938518
2021-08-05 23:30:00,0.0,0.0911612471671276,1.0823088504314529,65.92936481322057,0.09166666666666667,-0.9118596400115668
2021-08-06 00:00:00,0.0,4.706637533441472e-05,0.2281032265946252,13.89501789182886,0.09200000000000001,-0.9067456378732184
2021-08-06 00:30:00,0.0,4.456473885987298e-05,1.2742632437722778,77.62235911981126,0.09200000000000001,-0.9007864541543098
2021-08-06 01:00:00,0.0,4.437584262620107e-05,0.5969261242934633,36.36204231296555,0.09166666666666667,-0.8960952790106088
2021-08-06 01:30:00,0.0,4.287953230395473e-05,1.6665036852117108,101.5158744946972,0.09166666666666667,-0.8946059952777038
2021-08-06 02:00:00,0.0,4.228057628388336e-05,0.3372501407214715,20.543754725901216,0.09199999999999998,-0.8956724380522031
2021-08-06 02:30:00,0.0,4.232498636734754e-05,0.2718297397721196,16.55863949867417,0.09199999999999998,-0.8965122925401354
2021-08-06 03:00:00,0.0,4.136582724717461e-05,0.5754076939863527,35.05123676854096,0.09199999999999998,-0.8943491261949549
2021-08-06 03:30:00,0.0,4.0913907542550583e-05,0.4458360170845049,27.15831567442143,0.09199999999999998,-0.8880988119396855
2021-08-06 04:00:00,0.0,3.965973253870246e-05,0.2281032265946252,13.89501789182886,0.09266666666666666,-0.8782912932986658
2021-08-06 04:30:00,0.0,3.952803201248042e-05,0.5323051670352074,32.425625583156204,0.09266666666666666,-0.8660066368542636
2021-08-06 05:00:00,0.0,3.8866250804398595e-05,0.3372501407214715,20.543754725901216,0.09266666666666666,-0.8528730522160032
2021-08-06 05:30:00,0.0,3.78225567148035e-05,0.2062059361130963,12.561133897438287,0.09266666666666666,-0.8427877272286801
2021-08-06 06:00:00,0.0,3.717706580626474e-05,0.6827821388949978,41.592002786648536,0.09299999999999999,-0.8434381094088229
2021-08-06 06:30:00,0.0,3.704881103455631e-05,-0.1250152700373142,-7.615365375814589,0.09299999999999999,-0.8654705864377281
2021-08-06 07:00:00,0.0,3.670817500645024e-05,1.2534188454874342,76.35261256060528,0.09266666666666666,-0.9192069466574626
2021-08-06 07:30:00,0.0,3.641000309885901e-05,1.4402919588387413,87.73607824972832,0.09266666666666666,-1.0100458065367683
2021-08-06 08:00:00,0.0,0.004178642015803,2.2118880789404916,134.73822747023468,0.09299999999999999,-1.134200002352115
2021-08-06 08:30:00,0.0,0.0144315145165864,3.2252159170678816,196.46558070093255,0.09299999999999999,-1.2775402163286067
2021-08-06 09:00:00,0.0,0.0119612348857975,3.640249509207075,221.74755182680693,0.09266666666666666,-1.419655158676551
2021-08-06 09:30:00,0.0,0.0245095743105164,5.227302003492025,318.4236187662327,0.09266666666666666,-1.5416110880886067
2021-08-06 10:00:00,0.0,0.1481894977152021,5.521465397908251,336.34272359239344,0.09199999999999998,-1.633480864589888
2021-08-06 10:30:00,0.0,0.1506940323611351,5.726858554003749,348.8543466036629,0.09199999999999998,-1.6983620282686576
2021-08-06 11:00:00,0.0,0.1653629095066619,5.862774909259302,357.13375683499794,0.09133333333333332,-1.749852232773662
2021-08-06 11:30:00,0.0,0.1615169675317092,6.315676971035991,384.7225040245196,0.09133333333333332,-1.8016743149121663
2021-08-06 12:00:00,0.0,0.2933173415444098,7.227885816997458,440.2901451532655,0.09099999999999998,-1.855871864809684
2021-08-06 12:30:00,0.0,0.3836447700973651,7.323557514346136,446.11803266826325,0.09099999999999998,-1.901857290847902
2021-08-06 13:00:00,0.0,0.3413172310464962,7.147862759874021,435.4155020932397,0.09000000000000001,-1.9284187876898151
2021-08-06 13:30:00,0.0,0.4376995176620612,7.418844500823638,451.92248533528453,0.09000000000000001,-1.9334466595348392
2021-08-06 14:00:00,0.0,0.358544111623208,7.733737448789223,471.1043408982854,0.09033333333333333,-1.9200085443023944
2021-08-06 14:30:00,0.0,0.5829871028056587,7.418844500823638,451.92248533528453,0.09033333333333333,-1.8895250934382104
2021-08-06 15:00:00,0.0,0.1898361569826019,6.348876003103293,386.7448390499963,0.08966666666666667,-1.8447002728796749
2021-08-06 15:30:00,0.0,0.4584465910852017,6.857510541915356,417.7285569162751,0.08966666666666667,-1.7933625921519694
2021-08-06 16:00:00,0.0,0.4660259296380899,7.147862759874021,435.4155020932397,0.08933333333333333,-1.7421687976622529
2021-08-06 16:30:00,0.0,0.3312081686640876,6.265789354711322,381.6835758525658,0.08933333333333333,-1.6900645534013554
2021-08-06 17:00:00,0.0,0.317591560152785,5.4007974164431936,328.99217539340816,0.08900000000000001,-1.6336589278308091
2021-08-06 17:30:00,0.0,0.1990771750775128,4.266789946864568,259.91356429920694,0.08900000000000001,-1.5762262972457262
2021-08-06 18:00:00,0.0,0.2354879675443536,3.8448874460026783,234.2131702907452,0.08900000000000001,-1.5262188073985183
2021-08-06 18:30:00,0.0,0.2797891761726119,4.929292694390667,300.27023819501505,0.08900000000000001,-1.48763073712398
2021-08-06 19:00:00,0.0,0.1174311149618002,4.0843321659605785,248.7990607123293,0.08933333333333333,-1.4554166301076432
2021-08-06 19:30:00,0.0,0.115336468806006,3.2632701012626453,198.78366965626716,0.08933333333333333,-1.4206837492751576
2021-08-06 20:00:00,0.0,0.1122442077307362,2.528718055773958,154.03807807950471,0.08900000000000001,-1.3780499599378058
2021-08-06 20:30:00,0.0,0.1105098953231696,2.3510695908789336,143.21653629325425,0.08900000000000001,-1.3274784537901847
2021-08-06 21:00:00,0.0,0.1041426114496514,1.7888964075841394,108.97148611660931,0.08900000000000001,-1.271400457337044
2021-08-06 21:30:00,0.0,0.0953616639791523,1.7685458489410404,107.73182203699022,0.08900000000000001,-1.2126243735225115
2021-08-06 22:00:00,0.0,0.2283719080097778,1.8295399876862604,111.44730937057226,0.08933333333333333,-1.156134986012186
2021-08-06 22:30:00,0.0,0.0578371386165553,1.9105981670795151,116.38500740213044,0.08933333333333333,-1.1119184329274687
2021-08-06 23:00:00,0.0,0.0522866185177136,0.7896160754960678,48.09984348091671,0.08966666666666667,-1.0922139549789345
2021-08-06 23:30:00,0.0,0.0486984916960033,0.5969261242934633,36.36204231296555,0.08966666666666667,-1.1017350020718255
2021-08-07 00:00:00,0.0,0.1478677613126061,0.8987977388462359,54.75069708066131,0.08966666666666667,-1.1302986266047523
2021-08-07 00:30:00,0.0,0.1783433455422526,1.004878235051745,61.21264159041233,0.08966666666666667,-1.1577000935331516
2021-08-07 01:00:00,0.0,0.1024473750600309,0.9200561481413972,56.04566331992908,0.08966666666666667,-1.167161170094234
2021-08-07 01:30:00,0.0,0.0683238390017239,1.4447489110581015,88.00757564042983,0.08966666666666667,-1.1540990996766258
2021-08-07 02:00:00,0.0,0.1327789897594849,1.194503439863927,72.76375225615276,0.08966666666666667,-1.124263990229448
2021-08-07 02:30:00,0.0,0.1270878703125392,0.8562171153277564,52.156877894201614,0.08966666666666667,-1.0876317442165562
2021-08-07 03:00:00,0.0,0.0919871226545847,0.770799276584353,46.95360911392165,0.08933333333333333,-1.0551011233185248
2021-08-07 03:30:00,0.0,0.0444487018980421,0.6635417851355616,40.41996737214036,0.08933333333333333,-1.0366324194057124
2021-08-07 04:00:00,0.0,0.0485987124455832,0.3603012254394406,21.94792265181775,0.08966666666666667,-1.037249876535245
2021-08-07 04:30:00,0.0,0.1233238650262939,0.8562171153277564,52.156877894201614,0.08966666666666667,-1.0534873354085916
2021-08-07 05:00:00,0.0,0.1261508112961561,0.8562171153277564,52.156877894201614,0.08966666666666667,-1.07564162448295
2021-08-07 05:30:00,0.0,0.126485549811689,0.8987977388462359,54.75069708066131,0.08966666666666667,-1.095134885896405
2021-08-07 06:00:00,0.0,0.1255767289460405,1.1104334604751178,67.64258897752376,0.08933333333333333,-1.110477834158325
2021-08-07 06:30:00,0.0,4.442351993200504e-05,1.131481997393733,68.92477073990952,0.08933333333333333,-1.1269595417819278
2021-08-07 07:00:00,0.0,0.0812650409473928,2.1985001660984342,133.92269631246975,0.08933333333333333,-1.1511907665562184
2021-08-07 07:30:00,0.0,0.1262744016509025,2.5362094416542877,154.49441945790517,0.08933333333333333,-1.185538654750549
2021-08-07 08:00:00,0.0,0.0800082823130419,3.062055617967971,186.5265925109127,0.08933333333333333,-1.2267826390456873
2021-08-07 08:30:00,0.0,0.1906719195874126,3.1772178125807367,193.5417530524618,0.08933333333333333,-1.2692214228326577
2021-08-07 09:00:00,0.0,0.2711634671257057,3.4436122103162603,209.7692960735709,0.08966666666666667,-1.3087160382642211
2021-08-07 09:30:00,0.0,0.2704400094169882,4.077542350156119,248.38545581294375,0.08966666666666667,-1.3440931225616348
2021-08-07 10:00:00,0.0,0.2658888309424952,4.4059994125495034,268.3935759381554,0.08933333333333333,-1.3758462936317644
2021-08-07 10:30:00,0.0,0.1909664408278207,4.095916919163621,249.5047515323665,0.08933333333333333,-1.4046367785245113
2021-08-07 11:00:00,0.0,0.2084186223595475,4.333423657958793,263.9725888981822,0.08933333333333333,-1.4310450272353366
2021-08-07 11:30:00,0.0,0.1942249399472846,4.942991670733302,301.1047179357113,0.08933333333333333,-1.4558551702566431
2021-08-07 12:00:00,0.0,0.1886361006300169,4.854374394527916,295.7065538817356,0.08900000000000001,-1.480385652918878
2021-08-07 12:30:00,0.0,0.1900451582871673,4.783230070707479,291.37276313644355,0.08900000000000001,-1.5069224794345004
2021-08-07 13:00:00,0.0,0.1837531264993493,4.907586328234459,298.94798444784163,0.08833333333333333,-1.5382912243284543
2021-08-07 13:30:00,0.0,0.2635948532605259,5.46756306482119,333.0592370155592,0.08833333333333333,-1.576052657311786
2021-08-07 14:00:00,0.0,0.299843280976991,6.2993713034044685,383.7292364287005,0.08833333333333333,-1.6202483786589044
2021-08-07 14:30:00,0.0,0.1954685578879001,5.1892953977823275,316.1084280772275,0.08833333333333333,-1.6723671811272882
2021-08-07 15:00:00,0.0,0.3438185994918907,5.895701776832241,359.1395128292389,0.08800000000000001,-1.7360154171814948
2021-08-07 15:30:00,0.0,0.1769120324305124,6.115229112630379,372.5121262034529,0.08800000000000001,-1.81057519931446
2021-08-07 16:00:00,0.0,0.3760058238072147,7.549318285053427,459.8703587316982,0.08733333333333333,-1.8847598457297452
2021-08-07 16:30:00,0.0,0.5222240317893811,7.972438910897552,485.64495541004464,0.08733333333333333,-1.9403952725425744
2021-08-07 17:00:00,0.0,0.4886495390680034,7.628241731515208,464.6780184787484,0.08633333333333333,-1.9636838192259225
2021-08-07 17:30:00,0.0,0.4427022064094877,7.021735222994059,427.7323824470896,0.08633333333333333,-1.951790405130858
2021-08-07 18:00:00,0.0,0.4331414096574932,6.728911782398046,409.8949015531461,0.08566666666666667,-1.9103549921693632
2021-08-07 18:30:00,0.0,0.4312830008006863,7.374759350979452,449.23701720318513,0.08566666666666667,-1.8481737222127723
2021-08-07 19:00:00,0.0,0.3183555754878808,5.536604010878151,337.264899491501,0.08466666666666667,-1.7742422399733102
2021-08-07 19:30:00,0.0,0.2515551233542419,5.742488778356071,349.8064692468677,0.08466666666666667,-1.696255234708688
2021-08-07 20:00:00,0.0,0.0998565694402352,4.58642052200176,279.38401470278524,0.085,-1.6193968817792137
2021-08-07 20:30:00,0.0,0.0962428250781176,3.7628368549995814,229.21501902807455,0.085,-1.546758329712453
2021-08-07 21:00:00,0.0,0.0936570137889651,2.771479932977367,168.82603473208638,0.08566666666666667,-1.4812311348848657
2021-08-07 21:30:00,0.0,0.0886906589471568,2.55591245458754,155.69463797878132,0.08566666666666667,-1.4261625123922412
2021-08-07 22:00:00,0.0,0.1289632589109488,2.3182916228857056,141.2198505886145,0.08566666666666667,-1.383622530585515
2021-08-07 22:30:00,0.0,0.1277642793137939,1.2154693536726455,74.04090099201177,0.08566666666666667,-1.3521803847935476
2021-08-07 23:00:00,0.0,0.079843831632698,1.2154693536726455,74.04090099201177,0.08600000000000001,-1.3269182459771025
2021-08-07 23:30:00,0.0,0.0746980302137286,0.8135510924565253,49.557856565044744,0.08600000000000001,-1.3022691400570043
2021-08-08 00:00:00,0.0,4.095934311956155e-05,1.134856962108775,69.13035834075104,0.08633333333333333,-1.2752552222360338
2021-08-08 00:30:00,0.0,3.9439148086964545e-05,1.5113131272252875,92.06236692245902,0.08633333333333333,-1.2459658113794034
2021-08-08 01:00:00,0.0,0.0631663978955035,1.3448157297318144,81.92009777680519,0.08666666666666667,-1.2147395875124138
2021-08-08 01:30:00,0.0,0.0615154988456577,1.0290987914668677,62.688048447923705,0.08666666666666667,-1.1796338228736825
2021-08-08 02:00:00,0.0,3.908668873208195e-05,0.5357270395522572,32.63407059534564,0.08666666666666667,-1.1381876148139645
2021-08-08 02:30:00,0.0,0.0423423572158993,0.0749967573545101,4.568463589171434,0.08666666666666667,-1.0922802757889776
2021-08-08 03:00:00,0.0,0.0339841079723011,1.15594586911103,70.41499926622208,0.08700000000000001,-1.0499306062366454
2021-08-08 03:30:00,0.0,0.0343313785136201,1.2610793692810691,76.81925705644358,0.08700000000000001,-1.0207176278918515
2021-08-08 04:00:00,0.0,0.0329102084052686,0.7945668022451107,48.4014193848725,0.08700000000000001,-1.009168003777061
2021-08-08 04:30:00,0.0,0.0328290283261665,0.8801504363313344,53.61478766829964,0.08700000000000001,-1.0125157654870085
2021-08-08 05:00:00,0.0,3.259057729906609e-05,0.7731169579611309,47.094791791074734,0.08700000000000001,-1.023875873658146
2021-08-08 05:30:00,0.0,3.267083954047346e-05,0.7301521966397375,44.47757266536779,0.08700000000000001,-1.03713210429574
2021-08-08 06:00:00,0.0,3.223346470019411e-05,0.8801504363313344,53.61478766829964,0.08700000000000001,-1.049861197551561
2021-08-08 06:30:00,0.0,3.227247190730846e-05,0.7086371789700623,43.16697500339594,0.08700000000000001,-1.063133105064607
2021-08-08 07:00:00,0.0,3.211501208435781e-05,0.9228135019259516,56.21362885352749,0.08700000000000001,-1.0793910536512883
2021-08-08 07:30:00,0.0,3.1995235324696024e-05,1.2400939842412433,75.54092222116523,0.08700000000000001,-1.1006021319400514
2021-08-08 08:00:00,0.0,3.223346470019411e-05,0.965391258277891,58.807273385156705,0.08733333333333333,-1.1278344492257488
2021-08-08 08:30:00,0.0,3.271019973049637e-05,1.5940799531687122,97.10414798142484,0.08733333333333333,-1.1613982334666242
2021-08-08 09:00:00,0.0,3.2869602527692825e-05,1.881282205036775,114.59921145710432,0.08733333333333333,-1.2002071960516874
2021-08-08 09:30:00,0.0,0.0562306818887586,2.285057797374099,139.19539610372306,0.08733333333333333,-1.2407339645682505
2021-08-08 10:00:00,0.0,0.0507203657902772,2.484162099879159,151.3239305701141,0.08733333333333333,-1.2773315396741896
2021-08-08 10:30:00,0.0,0.049488978533068,2.6224598337317704,159.7484036254492,0.08733333333333333,-1.304704656266848
2021-08-08 11:00:00,0.0,0.0041936907460134,3.0321797734464715,184.7066910550798,0.08766666666666667,-1.3208348748932277
2021-08-08 11:30:00,0.0,0.0053363040298509,2.523765331188212,153.7363804763641,0.08766666666666667,-1.3275931305987003
2021-08-08 12:00:00,0.0,0.0078472552565598,2.3848377739120283,145.27354142388864,0.08766666666666667,-1.3279429454243674
2021-08-08 12:30:00,0.0,0.0509649357775767,2.484162099879159,151.3239305701141,0.08766666666666667,-1.3221372480685636
2021-08-08 13:00:00,0.0,0.0501587935622708,2.543539993056706,154.9409635266333,0.08766666666666667,-1.3069173985567015
2021-08-08 13:30:00,0.0,0.003591622284077,2.543539993056706,154.9409635266333,0.08766666666666667,-1.2787975204451931
2021-08-08 14:00:00,0.0,0.0007541842451575,2.424621910537146,147.69701126458222,0.08733333333333333,-1.2382741402612856
2021-08-08 14:30:00,0.0,3.3758057524395963e-05,2.523765331188212,153.7363804763641,0.08733333333333333,-1.191625630856145
2021-08-08 15:00:00,0.2,3.160242476783036e-05,0.8801504363313344,53.61478766829964,0.08800000000000001,-1.149697655543204
2021-08-08 15:30:00,0.0,3.243207941373169e-05,1.6765293271541908,102.1265913015024,0.08800000000000001,-1.1241835675083276
2021-08-08 16:00:00,0.0,3.2910769402496645e-05,1.7381597163556206,105.88083613801284,0.08800000000000001,-1.1221151955292803
2021-08-08 16:30:00,0.0,3.307082152973579e-05,2.543539993056706,154.9409635266333,0.08800000000000001,-1.1412758885335752
2021-08-08 17:00:00,0.0,0.0015285964366168,2.3050504788245103,140.4132599218127,0.08833333333333333,-1.1702716375731046
2021-08-08 17:30:00,0.0,3.482268077466148e-05,2.9158966682095055,177.62324970307952,0.08833333333333333,-1.1942311084195618
2021-08-08 18:00:00,0.0,3.457533729690223e-05,2.484162099879159,151.3239305701141,0.08833333333333333,-1.2026915719932154
2021-08-08 18:30:00,0.0,3.363590425285845e-05,2.1244498218263796,129.41188393196427,0.08833333333333333,-1.194029059500477
2021-08-08 19:00:00,0.0,3.327119776282683e-05,1.7996142838062632,109.62437070790658,0.08833333333333333,-1.1732029771000612
2021-08-08 19:30:00,0.0,3.331269792334119e-05,1.655946590957364,100.87278401439217,0.08833333333333333,-1.145479413921724
2021-08-08 20:00:00,0.0,3.303117294097335e-05,1.9626423224069736,119.55530218592722,0.08833333333333333,-1.1124991504436974
2021-08-08 20:30:00,0.0,3.207451334881924e-05,1.6765293271541908,102.1265913015024,0.08833333333333333,-1.0742395675018486
2021-08-08 21:00:00,0.0,3.066923506111654e-05,0.965391258277891,58.807273385156705,0.08866666666666667,-1.0335073771257663
2021-08-08 21:30:00,0.0,3.00173708846954e-05,1.3656987555460358,83.19219735056443,0.08866666666666667,-0.9967368542181402
2021-08-08 22:00:00,0.0,3.0093290408167564e-05,1.07146497741793,65.26880506670109,0.08866666666666667,-0.9698004762427112
2021-08-08 22:30:00,0.0,2.978886092341215e-05,1.0502924026187492,63.97906747708985,0.08866666666666667,-0.953796282527294
2021-08-08 23:00:00,0.0,2.9978687075037876e-05,0.6871003359213231,41.85504783794833,0.08833333333333333,-0.9450942389133264
2021-08-08 23:30:00,0.0,2.9827376435069603e-05,0.4487399498845182,27.335210139332105,0.08833333333333333,-0.9385103506230442
2021-08-09 00:00:00,0.0,2.9561549455001053e-05,0.805298539713247,49.05514834064554,0.08900000000000001,-0.9302797336482166
2021-08-09 00:30:00,0.0,2.9221308170873098e-05,0.4107487044854322,25.020955131044552,0.08900000000000001,-0.9194208220527976
2021-08-09 01:00:00,0.0,2.8252483396265985e-05,0.6308487851315211,38.428457533478536,0.08933333333333333,-0.9075003568347352
2021-08-09 01:30:00,0.0,2.82896123113535e-05,0.7618202576714428,46.40664785296727,0.08933333333333333,-0.8969876983071606
2021-08-09 02:00:00,0.0,2.8363972230347037e-05,0.8486880812783867,51.69824315945453,0.08933333333333333,-0.8894679618515202
2021-08-09 02:30:00,0.0,2.7884535497595156e-05,0.696435533424699,42.42370588925982,0.08933333333333333,-0.8854334462685708
2021-08-09 03:00:00,0.0,0.0107957879414189,0.3664526467762334,22.322639444784535,0.08933333333333333,-0.8853648948226663
2021-08-09 03:30:00,0.0,2.7995008303509975e-05,0.7618202576714428,46.40664785296727,0.08933333333333333,-0.8901193030031299
2021-08-09 04:00:00,0.0,0.0184287957169178,0.0086967384724131,0.5297660119884718,0.08966666666666667,-0.9001558621687719
2021-08-09 04:30:00,0.0,0.0194831657192173,0.3442697550120335,20.971357910727868,0.08966666666666667,-0.9146421056547652
2021-08-09 05:00:00,0.0,0.0228697738931276,1.0428538912850052,63.52594697715659,0.08966666666666667,-0.9309359803642108
2021-08-09 05:30:00,0.0,0.0476942262750315,0.6308487851315211,38.428457533478536,0.08966666666666667,-0.9450215818819157
2021-08-09 06:00:00,0.0,0.0656134673533032,1.6149839549941798,98.3775253190102,0.08966666666666667,-0.9542331659429651
2021-08-09 06:30:00,0.0,0.0159311469747884,1.107184772494789,67.44469358478624,0.08966666666666667,-0.9610671168680244
2021-08-09 07:00:00,0.0,0.0286674042542399,1.2139740621127828,73.94981458658043,0.09033333333333333,-0.9733704382757968
2021-08-09 07:30:00,0.0,0.0271807936924754,1.107184772494789,67.44469358478624,0.09033333333333333,-0.999015462947588
2021-08-09 08:00:00,0.0,0.0555670483479561,1.9057495419576256,116.08965106796003,0.09000000000000001,-1.0402486096834342
2021-08-09 08:30:00,0.0,0.0292672164517345,2.89376309527938,176.27497244955015,0.09000000000000001,-1.0938883461771622
2021-08-09 09:00:00,0.0,0.0997579500226244,3.187494587243746,194.1677677298718,0.09000000000000001,-1.1566857443215584
2021-08-09 09:30:00,0.0,0.0468416294248681,3.668514493885645,223.4693269795932,0.09000000000000001,-1.2300359686045357
2021-08-09 10:00:00,0.0,3.5071174531835046e-05,4.890674464357166,297.91779011579575,0.09033333333333333,-1.3197708566309472
2021-08-09 10:30:00,0.0,0.0976208465543159,5.826448667983248,354.92092635465286,0.09033333333333333,-1.431620824193356
2021-08-09 11:00:00,0.0,0.2360644083130082,6.908060104493427,420.8078078630172,0.09000000000000001,-1.5657818802822214
2021-08-09 11:30:00,0.0,0.2550865170380494,7.783446827316575,474.1324116289846,0.09000000000000001,-1.713272161778039
2021-08-09 12:00:00,0.0,0.309844389678457,8.489198674011334,517.1236252273898,0.08966666666666667,-1.8557174235609035
2021-08-09 12:30:00,0.0,0.2565716322287143,8.131066310533393,495.30781984637895,0.08966666666666667,-1.9708870895227089
2021-08-09 13:00:00,0.0,0.4637244499836673,8.365231901733626,509.57212959750893,0.08933333333333333,-2.0437643712920046
2021-08-09 13:30:00,0.0,0.503952073999049,8.504650017400074,518.0648512505572,0.08933333333333333,-2.0748639333512244
2021-08-09 14:00:00,0.0,0.4888224888546356,8.442785463402222,514.2963421527099,0.08800000000000001,-2.07753411242736
2021-08-09 14:30:00,0.0,0.3900170921395288,8.099671658978265,493.3953995287063,0.08800000000000001,-2.0685646031694755
2021-08-09 15:00:00,0.0,0.3797361857797207,8.811631510834099,536.7647767509825,0.08700000000000001,-2.061459892063364
2021-08-09 15:30:00,0.0,0.4789427713196492,7.687759211793339,468.30355445071825,0.08700000000000001,-2.0625438260907307
2021-08-09 16:00:00,0.0,0.5378579338374896,7.57563652082119,461.4735467371197,0.08566666666666667,-2.0673387504902148
2021-08-09 16:30:00,0.0,0.4242493815976086,7.236060828366048,440.78812990748526,0.08566666666666667,-2.0619593708876924
2021-08-09 17:00:00,0.0,0.4902602374173216,7.023380171898522,427.8325853017351,0.08433333333333333,-2.032289954118326
2021-08-09 17:30:00,0.0,0.4877424924175794,6.9904891920095915,425.82901542304745,0.08433333333333333,-1.9736018911079385
2021-08-09 18:00:00,0.0,0.4681630647460182,6.742329304554791,410.7122363765737,0.08333333333333333,-1.892879878434922
2021-08-09 18:30:00,0.0,0.4762232157736551,6.642325554268646,404.62045977077656,0.08333333333333333,-1.8042437962224431
2021-08-09 19:00:00,0.0,0.4659633227450107,6.424171705313907,391.3315130090351,0.082,-1.7211530304225593
2021-08-09 19:30:00,0.0,0.4074172045819038,5.319176241850553,324.0201822381673,0.082,-1.6494486843281406
2021-08-09 20:00:00,0.0,0.407590520581665,5.565467531300058,339.02313473731937,0.08166666666666667,-1.586309637012496
2021-08-09 20:30:00,0.0,0.1466224472639019,4.213748139445977,256.6824970578564,0.08166666666666667,-1.5263084184057658
2021-08-09 21:00:00,0.0,0.1385109502110842,3.6113410788563014,219.9865808710451,0.082,-1.4683047409233183
2021-08-09 21:30:00,0.0,0.1346904650345043,3.0509083504257797,185.8475513405788,0.082,-1.4162428786897894
2021-08-09 22:00:00,0.0,0.1633973903890015,2.1722845392363803,132.3257587779512,0.08266666666666667,-1.3745406488801704
2021-08-09 22:30:00,0.0,0.1307314224152241,2.655911794738999,161.7861459391003,0.08266666666666667,-1.3440679287194204
2021-08-09 23:00:00,0.0,0.1564966557133211,1.7816157781766369,108.5279830702416,0.083,-1.3220423267805046
2021-08-09 23:30:00,0.0,0.1561479710081765,1.5731235762971367,95.82758019268444,0.083,-1.3043366748705385
2021-08-10 00:00:00,0.0,0.1569506504856997,1.6609683426552482,101.1786864373089,0.083,-1.2877325330975784
2021-08-10 00:30:00,0.0,0.1612747779952654,1.7234252348664771,104.98327810266636,0.083,-1.2710806640247128
2021-08-10 01:00:00,0.0,0.1316648422220606,1.7649627545207196,107.51355611492612,0.083,-1.2551517015771922
2021-08-10 01:30:00,0.0,0.1305862692770494,1.0905245022163157,66.42982519796811,0.083,-1.2414525748455632
2021-08-10 02:00:00,0.0,0.1573679837997226,1.4514586521986417,88.41630275310251,0.08266666666666667,-1.2308182472648188
2021-08-10 02:30:00,0.0,0.1613811874200487,1.409310253075595,85.84881272382962,0.08266666666666667,-1.2224740254897843
2021-08-10 03:00:00,0.0,0.2096757755538957,1.1973152916658265,72.93503756272143,0.08266666666666667,-1.2138495707035566
2021-08-10 03:30:00,0.0,0.2043047656279384,1.1973152916658265,72.93503756272143,0.08266666666666667,-1.2015049195189724
2021-08-10 04:00:00,0.0,0.2008553018443398,1.2398826191834598,75.52804681688686,0.08266666666666667,-1.1831023340548343
2021-08-10 04:30:00,0.0,0.1610231155067144,1.0905245022163157,66.42982519796811,0.08266666666666667,-1.1591909000460263
2021-08-10 05:00:00,0.0,0.1767466784910769,1.4725018351075692,89.69815837340994,0.08233333333333333,-1.1332939188350912
2021-08-10 05:30:00,0.0,0.1912066744348367,1.4935244025914318,90.97875819517208,0.08233333333333333,-1.1101586817228652
2021-08-10 06:00:00,0.0,0.1720272093166121,1.2823653945885576,78.11590553840084,0.08233333333333333,-1.0935532497533142
2021-08-10 06:30:00,0.0,0.1555550855370672,1.154663023660378,70.3368541178374,0.08233333333333333,-1.084816540699452
2021-08-10 07:00:00,0.0,0.191807422473952,1.6609683426552482,101.1786864373089,0.08233333333333333,-1.0822455488271137
2021-08-10 07:30:00,0.0,0.1582894270917544,1.99200020094235,121.34365149428729,0.08233333333333333,-1.0810884057455763
2021-08-10 08:00:00,0.0,0.1288778309521007,2.338256041485564,142.43599276155263,0.08233333333333333,-1.0746370646309056
2021-08-10 08:30:00,0.0,0.0769221887637507,2.49930900925701,152.24661184890715,0.08233333333333333,-1.0573398943106926
2021-08-10 09:00:00,0.0,0.0754960868153039,2.176000781374218,132.5521354573455,0.082,-1.029376204177279
2021-08-10 09:30:00,0.0,0.0583011957976946,2.49930900925701,152.24661184890715,0.082,-0.9991021192836844
2021-08-10 10:00:00,0.0,0.0536093783457123,2.798114002335817,170.4484618927752,0.08233333333333333,-0.9797679741541336
2021-08-10 10:30:00,0.0,0.0057944044066905,3.3065826507486347,201.42207446549895,0.08233333333333333,-0.9827208797371576
2021-08-10 11:00:00,0.0,0.0057470347706848,4.547219602982896,276.9960718434268,0.08233333333333333,-1.0139422702074734
2021-08-10 11:30:00,0.0,0.0146886002219049,3.537360662315542,215.4800281719654,0.08233333333333333,-1.0758488269933366
2021-08-10 12:00:00,0.0,0.033212437269027,4.656668088026792,283.66317901513366,0.08233333333333333,-1.1683027950557885
2021-08-10 12:30:00,0.0,0.1005662787505007,5.688310397026558,346.50616705841264,0.08233333333333333,-1.2849157473958883
2021-08-10 13:00:00,0.0,0.2563585040981988,6.541908423710998,398.5035019066764,0.08133333333333333,-1.410053846667467
2021-08-10 13:30:00,0.0,0.2802502971143841,7.670944490838586,467.27927762657833,0.08133333333333333,-1.5232497511310406
2021-08-10 14:00:00,0.0,0.4360595118310634,7.62295938702031,464.35624192011227,0.08033333333333333,-1.6086808233904732
2021-08-10 14:30:00,0.0,0.5052045065732663,8.019922420812772,488.537436282362,0.08033333333333333,-1.6614601429719416
2021-08-10 15:00:00,0.0,0.464288469756522,7.397741127872633,450.63696320957933,0.08033333333333333,-1.6866066778964757
2021-08-10 15:30:00,0.0,0.6270792443802632,7.072244602577215,430.80918562734615,0.08033333333333333,-1.6933417396315686
2021-08-10 16:00:00,0.0,0.4163160677248187,7.55882858444029,460.4496831985632,0.07966666666666668,-1.6896883093444746
2021-08-10 16:30:00,0.0,0.556111066370787,7.381572132739835,449.65202108483504,0.07966666666666668,-1.679920740431445
2021-08-10 17:00:00,0.0,0.4022645265060394,7.332998905986484,446.6931595865665,0.07933333333333334,-1.6639644349297256
2021-08-10 17:30:00,0.0,0.4534448110333975,7.104996704656655,432.8042956973917,0.07933333333333334,-1.6379117894274755
2021-08-10 18:00:00,0.0,0.5593618565040481,7.51061685806825,457.5128426701038,0.078,-1.5968882469223808
2021-08-10 18:30:00,0.0,0.4695358670708211,6.441118841940208,392.3638559975725,0.078,-1.5395764105209253
2021-08-10 19:00:00,0.0,0.4717915690068587,5.844301695500534,356.0084521230492,0.077,-1.470266945531221
2021-08-10 19:30:00,0.0,0.2098353073129045,5.124917881028763,312.18684064299094,0.077,-1.396262802728166
2021-08-10 20:00:00,0.0,0.1985008225485627,3.594681052506673,218.9717273432701,0.077,-1.3236713000880111
2021-08-10 20:30:00,0.0,0.1892251933744028,2.995073924743362,182.4463704128932,0.077,-1.255489479220541
2021-08-10 21:00:00,0.0,0.1490266757857403,2.9558232020431263,180.05539373830092,0.07733333333333334,-1.1924141236830683
2021-08-10 21:30:00,0.0,0.1469502352405151,2.2369887253538097,136.2672454337962,0.07733333333333334,-1.1336878967380086
2021-08-10 22:00:00,0.0,0.1470698751592644,2.135246646999027,130.0695777366008,0.07733333333333334,-1.0757961739428294
2021-08-10 22:30:00,0.0,0.1422471890435978,1.7649627545207196,107.51355611492612,0.07733333333333334,-1.0096314639447326
2021-08-10 23:00:00,0.0,0.1438576039057488,1.6401090351249057,99.90803167423375,0.07733333333333334,-0.920559881660699
2021-08-10 23:30:00,0.0,0.1756746516875701,1.4725018351075692,89.69815837340994,0.07733333333333334,-0.7963814640321827
2021-08-11 00:00:00,0.0,0.1840592964853574,1.3715483350046045,83.54852730016628,0.077,-0.6407644471566804
2021-08-11 00:30:00,0.0,0.18614874906597,1.2657075150648562,77.10118278556095,0.077,-0.4786250194731654
2021-08-11 01:00:00,0.0,0.2091064126068664,1.2444764014527117,75.80787927596846,0.07633333333333334,-0.3426708371911155
2021-08-11 01:30:00,0.0,0.1870072556274879,1.1380034365639375,69.32202734738182,0.07633333333333334,-0.2516603125532813
2021-08-11 02:00:00,0.0,0.151986080736718,1.1806562959740134,71.92024681796353,0.07666666666666667,-0.202249433125959
2021-08-11 02:30:00,0.0,0.1905357172442688,1.1593405109955326,70.6217855113169,0.07666666666666667,-0.1789956277365399
2021-08-11 03:00:00,0.0,0.1971821772271813,0.9450036059972924,57.56534972874677,0.07666666666666667,-0.1676299678975475
2021-08-11 03:30:00,0.0,0.148551482663067,1.2444764014527117,75.80787927596846,0.07666666666666667,-0.1600639051155913
2021-08-11 04:00:00,0.0,0.0926139255438521,1.0309970027782318,62.80367890404501,0.07733333333333332,-0.1528223077470259
2021-08-11 04:30:00,0.0,0.0938608058475777,0.9018763887630448,54.93823452287716,0.07733333333333332,-0.1445229239170011
2021-08-11 05:00:00,0.0,0.0945102548237112,1.052441262376035,64.10996630399501,0.07733333333333332,-0.1345181435834807
2021-08-11 05:30:00,0.0,4.874395895996382e-05,0.8153588868363474,49.66797923024061,0.07733333333333332,-0.1225293319070732
2021-08-11 06:00:00,0.0,0.0897987930990111,0.8802799732839006,53.62267847414413,0.077,-0.1091959465036043
2021-08-11 06:30:00,0.0,0.0928347426086061,1.3292747654665449,80.97341245478667,0.077,-0.0965975952963022
2021-08-11 07:00:00,0.0,0.1445185283137341,1.9958703666030957,121.57940449920189,0.077,-0.0873884582104447
2021-08-11 07:30:00,0.0,0.0921886034352422,2.8012376411655224,170.63873985628467,0.077,-0.0825139381346911
2021-08-11 08:00:00,0.0,0.1107393835145592,2.4625913333855536,150.0099369416865,0.07666666666666666,-0.079805073894214
2021-08-11 08:30:00,0.0,0.1452378828752999,2.939170163515609,179.04096587707477,0.07666666666666666,-0.0753328845152457
2021-08-11 09:00:00,0.0,0.0762771990525638,3.918864948949427,238.7195455068427,0.077,-0.0664044909909973
2021-08-11 09:30:00,0.0,0.0025197625129753,4.143230547221433,252.38688396953265,0.077,-0.053445740142771
2021-08-11 10:00:00,0.0,0.1434355742297585,4.27307829065313,260.29662178925867,0.07666666666666666,-0.0394242387448227
2021-08-11 10:30:00,0.0,0.1525086083655983,4.9831075445161925,303.5483957051197,0.07666666666666666,-0.0277330067191812
2021-08-11 11:00:00,0.0,0.3011192704554973,5.514543962780839,335.9211010385685,0.077,-0.0203324544075625
2021-08-11 11:30:00,0.0,0.3736931873214583,5.6541981631542475,344.42820390522866,0.077,-0.0172537861813229
2021-08-11 12:00:00,0.0,0.4245820262231084,5.461953508373622,332.7175281832562,0.07633333333333332,-0.0173335556525108
2021-08-11 12:30:00,0.0,0.38633102915778,5.879341623335694,358.14292620071404,0.07633333333333332,-0.0192857425346286
2021-08-11 13:00:00,0.0,0.4144837554552648,5.896569542128459,359.1923731701331,0.07633333333333332,-0.0223615093763357
2021-08-11 13:30:00,0.0,0.489775556516363,6.340049947149352,386.20719560134734,0.07633333333333332,-0.0263935045152814
2021-08-11 14:00:00,0.0,0.519675076792627,6.558654775786928,399.5236140076395,0.076,-0.0313708094280628
2021-08-11 14:30:00,0.0,0.5684659549197922,6.658862783723409,405.6278330665677,0.076,-0.0368801134265016
2021-08-11 15:00:00,0.0,0.5521548145323953,6.692170270870664,407.6567746854666,0.07533333333333334,-0.0418927850431526
2021-08-11 15:30:00,0.0,0.6017647599531647,6.874520047416306,418.76469913484567,0.07533333333333334,-0.0452144511811212
2021-08-11 16:00:00,0.0,0.5527682832556202,6.675522452067666,406.64266478627314,0.075,-0.0464558515906954
2021-08-11 16:30:00,0.0,0.6029039986761947,6.725430441997784,409.68283402621387,0.075,-0.0468650664402063
2021-08-11 17:00:00,0.0,0.5480215278995514,6.808374934828939,414.7354377492018,0.07433333333333333,-0.0490336672788384
2021-08-11 17:30:00,0.0,0.5156370083768695,6.525156369887075,397.4830424809885,0.07433333333333333,-0.0550717782152922
2021-08-11 18:00:00,0.0,0.5008586314077903,6.441199339256094,392.3687595303334,0.07333333333333333,-0.0646387831401609
2021-08-11 18:30:00,0.0,0.4871938402549731,6.3062355376520545,384.14737456338554,0.07333333333333333,-0.0749583505678051
2021-08-11 19:00:00,0.0,0.4084908061363904,5.671595342553435,345.48796146599597,0.072,-0.0829487059843955
2021-08-11 19:30:00,0.0,0.3169348417624696,5.126040184222444,312.2552062824826,0.072,-0.0873172040785735
2021-08-11 20:00:00,0.0,0.1637043317672205,4.676350766552709,284.86215885579486,0.07166666666666667,-0.0886409372241101
2021-08-11 20:30:00,0.0,0.0660169110159582,4.420560799606463,269.2805898428112,0.07166666666666667,-0.0876156359085258
2021-08-11 21:00:00,0.0,4.348347631312602e-05,3.2705859382845546,199.2293173914208,0.07166666666666667,-0.0835778807011788
2021-08-11 21:30:00,0.0,0.0609313543976244,2.422402668440976,147.56182506361114,0.07166666666666667,-0.07509142786092
2021-08-11 22:00:00,0.0,0.1145529277227902,2.0981894062814117,127.81221807325788,0.072,-0.0751384325528635
2021-08-11 22:30:00,0.0,0.0612103988552285,1.560754787844129,95.074129487841,0.072,-0.0751854372448068
2021-08-11 23:00:00,0.0,4.055340692075748e-05,1.8104665897133023,110.2854441481955,0.072,-0.0774009070221183
2021-08-11 23:30:00,0.0,4.010504485176586e-05,1.665153685819448,101.43363863162112,0.072,-0.0794689295289909
2021-08-12 00:00:00,0.0,4.0372945814983454e-05,1.5859207638899873,96.60712703742836,0.072,-0.0815369520358635
2021-08-12 00:30:00,0.0,3.979356367009359e-05,1.5440999736320693,94.05959345993584,0.072,-0.0836049745427361
2021-08-12 01:00:00,0.0,3.8954333049748784e-05,1.2702597594807197,77.37848494630069,0.07233333333333333,
2021-08-12 01:30:00,0.0,3.8866250804398595e-05,1.3548915355726676,82.53387034163636,0.07233333333333333,
2021-08-12 02:00:00,0.0,3.860457419765026e-05,1.4181466525856063,86.38708625517759,0.07233333333333333,
2021-08-12 02:30:00,0.0,0.0500014907179758,1.3759973257541682,83.81953971410128,0.07233333333333333,
2021-08-12 03:00:00,0.0,0.0517715811816463,1.2278180350714711,74.79312686596711,0.07233333333333333,
2021-08-12 03:30:00,0.0,3.7865839024847846e-05,1.4181466525856063,86.38708625517759,0.07233333333333333,
2021-08-12 04:00:00,0.0,3.752045360748856e-05,0.493070808182176,30.035645720196435,0.072,
2021-08-12 04:30:00,0.0,3.73056019335144e-05,0.9713815763214152,59.17217649343425,0.072,
2021-08-12 05:00:00,0.0,0.0487924139832296,0.9928693996256346,60.48111759753882,0.07233333333333332,
2021-08-12 05:30:00,0.0,0.0430521144417592,1.0999848916447437,67.00610937568074,0.07233333333333332,
2021-08-12 06:00:00,0.0,0.0386916805016844,1.2490494235499194,76.08644711917286,0.07233333333333332,
2021-08-12 06:30:00,0.0,0.0352863157460819,0.9928693996256346,60.48111759753882,0.07233333333333332,
2021-08-12 07:00:00,0.0,0.0519906926251994,1.2490494235499194,76.08644711917286,0.07266666666666666,
2021-08-12 07:30:00,0.0,0.0478566980705058,1.565020543201082,95.33398002959753,0.07266666666666666,
2021-08-12 08:00:00,0.0,0.0296341520946533,1.710897309121041,104.22013347302156,0.07266666666666666,
2021-08-12 08:30:00,0.0,0.027955557409178,2.0611127451919264,125.55367540861056,0.07266666666666666,
2021-08-12 09:00:00,0.0,0.0286862984862504,2.1019439224499457,128.04092623366304,0.07266666666666666,-0.0752324419367503
2021-08-12 09:30:00,0.0,3.519499171295756e-05,2.645778958771637,161.1688993566498,0.07266666666666666,-0.0752794466286937
2021-08-12 10:00:00,0.0,3.756351760627554e-05,4.033351173724508,245.6935290202139,0.07266666666666666,
2021-08-12 10:30:00,0.0,0.1062933687776827,5.3925371803488025,328.488999133976,0.07266666666666666,
2021-08-12 11:00:00,0.0,0.1252592041784682,5.845378913374605,356.0740713685858,0.07266666666666666,
2021-08-12 11:30:00,0.0,0.247677925887818,6.390785997318222,389.2978065294866,0.07266666666666666,
2021-08-12 12:00:00,0.0,0.2519980555828346,6.474860173028151,394.4192254290374,0.07266666666666666,
2021-08-12 12:30:00,0.0,0.3757242808938336,6.525159526795694,397.4832347855973,0.07266666666666666,
2021-08-12 13:00:00,0.0,0.4364173550441625,6.575350713930121,400.54065511961295,0.072,
2021-08-12 13:30:00,0.0,0.4600435053148533,6.758468727633944,411.6953771054296,0.072,
2021-08-12 14:00:00,0.0,0.4508017782687408,6.758468727633944,411.6953771054296,0.07166666666666667,
2021-08-12 14:30:00,0.0,0.6844777867868512,6.424452083010266,391.3485923514256,0.07166666666666667,
2021-08-12 15:00:00,0.0,0.6877290435775029,6.923707286092481,421.7609634650725,0.07166666666666667,
2021-08-12 15:30:00,0.0,0.626954321788316,6.541901913020872,398.5031053048521,0.07166666666666667,
2021-08-12 16:00:00,0.0,0.6013048478889484,6.874257682956514,418.748717077435,0.07133333333333335,
2021-08-12 16:30:00,0.0,0.6247978135995241,6.508405122092213,396.46263215494906,0.07133333333333335,
2021-08-12 17:00:00,0.0,0.7251869592803434,6.758468727633944,411.6953771054296,0.07100000000000001,
2021-08-12 17:30:00,0.0,0.7798723879479702,6.508405122092213,396.46263215494906,0.07100000000000001,
2021-08-12 18:00:00,0.0,0.7118512621586645,5.9829403139484265,364.4536903276599,0.07,-0.0760785263917315
2021-08-12 18:30:00,0.0,0.6718609531371278,5.965789900323366,363.4089646228544,0.07,-0.0761255310836749
2021-08-12 19:00:00,0.0,0.562693092105915,5.497835419132308,334.9032920561672,0.06866666666666667,-0.0761725357756183
2021-08-12 19:30:00,0.0,0.5090901501459901,5.127147938711801,312.3226856806444,0.06866666666666667,-0.0762195404675617
2021-08-12 20:00:00,0.0,0.1201309969886516,5.215954667711442,317.7323903428137,0.06833333333333334,-0.0762665451595051
2021-08-12 20:30:00,0.0,5.261428458702908e-05,3.599492031529395,219.26479044718107,0.06833333333333334,-0.0815442655492726
2021-08-12 21:00:00,0.0,4.949447968467615e-05,2.942151102453778,179.22255120797374,0.068,-0.0832647520988186
2021-08-12 21:30:00,0.0,4.726168961965012e-05,2.3856294424431113,145.32176629369002,0.068,-0.0804193105068229
2021-08-12 22:00:00,0.0,4.696786173609869e-05,2.142698265923944,130.52349669176232,0.068,-0.0734841027852035
2021-08-12 22:30:00,0.0,4.604789503631127e-05,2.0611127451919264,125.55367540861056,0.068,-0.0648221551122097
2021-08-12 23:00:00,0.0,4.418741123033195e-05,2.1019439224499457,128.04092623366304,0.068,
2021-08-12 23:30:00,0.0,0.061077609619317,1.8764125310922424,114.30257292376652,0.068,
2021-08-13 00:00:00,0.0,0.0895156468282637,1.7978403175165143,109.51630869710756,0.068,
2021-08-13 00:30:00,0.0,0.1029620280608888,1.5483657689471355,94.31944643576011,0.068,
2021-08-13 01:00:00,0.0,0.0983383091576647,1.1686327473521056,71.18782656368283,0.068,
2021-08-13 01:30:00,0.0,0.0764056321119129,1.3382345414333583,81.51920152241308,0.068,
2021-08-13 02:00:00,0.0,0.0737752390299377,1.2536017262187718,76.36375282842148,0.068,
2021-08-13 02:30:00,0.0,0.0443934855637729,1.0191188248120286,62.08011397326025,0.068,
2021-08-13 03:00:00,0.0,0.0416007508159062,0.9762073769910368,59.46614246510354,0.068,
2021-08-13 03:30:00,0.0,0.0399925250188237,1.1686327473521056,71.18782656368283,0.068,
2021-08-13 04:00:00,0.0,0.0379255507177288,0.911677725725871,55.535287683831974,0.068,
2021-08-13 04:30:00,0.0,0.0363017937022512,0.9976738994755564,60.77378601951863,0.068,
2021-08-13 05:00:00,0.0,0.0540028456459405,0.7386357934696941,44.994355051567,0.06833333333333334,
2021-08-13 05:30:00,0.0,0.0332564422420343,0.7603432227780803,46.31667356116736,0.06833333333333334,
2021-08-13 06:00:00,0.0,0.0314188808631839,0.933209340378521,56.84689635901406,0.068,
2021-08-13 06:30:00,0.0,0.0314097651618462,0.5860590175780059,35.70006727430447,0.068,
2021-08-13 07:00:00,0.0,0.0317232466724655,0.8253327773555202,50.27554357417397,0.06833333333333334,
2021-08-13 07:30:00,0.0,0.0306290190056128,0.8469518896393272,51.59248220969275,0.06833333333333334,
2021-08-13 08:00:00,0.0,0.0470647582258415,0.911677725725871,55.535287683831974,0.06866666666666667,
2021-08-13 08:30:00,0.0,0.0305048549954148,1.147337615942977,69.89062337915908,0.06866666666666667,
2021-08-13 09:00:00,0.0,3.383853668811971e-05,1.3593405777821983,82.80488589028002,0.06866666666666667,-0.0663707354589276
2021-08-13 09:30:00,0.0,3.74774208217219e-05,2.126046946821432,129.5091735701384,0.06866666666666667,-0.0679193158056455
2021-08-13 10:00:00,0.0,4.191285371403597e-05,3.6588955587560874,222.88338491414808,0.06933333333333334,-0.0694678961523634
2021-08-13 10:30:00,0.0,0.1124355596051476,5.110452661419304,311.3056848247093,0.06933333333333334,-0.0710164764990813
2021-08-13 11:00:00,0.0,0.1367463958263478,5.428540823057274,330.68217836722846,0.06933333333333334,
2021-08-13 11:30:00,0.0,0.1600155069285339,6.017586276719369,366.5641658337228,0.06933333333333334,
2021-08-13 12:00:00,0.0,0.3467146320154979,6.906935998572976,420.73933240955625,0.06833333333333334,
2021-08-13 12:30:00,0.0,0.3867004969956906,6.575302684621783,400.5377293911669,0.06833333333333334,
2021-08-13 13:00:00,0.0,0.5577228565855376,6.40770561338399,390.3284730898265,0.068,
2021-08-13 13:30:00,0.0,0.4193835431925682,6.289666094151625,383.13803893348984,0.068,
2021-08-13 14:00:00,0.0,0.607428237542876,6.119990909275159,372.80219333912765,0.06833333333333334,
2021-08-13 14:30:00,0.0,0.6034026425717404,5.91472607574601,360.2983871587814,0.06833333333333334,
2021-08-13 15:00:00,0.0,0.6324055016507215,6.340327821126155,386.22412242845536,0.06866666666666667,
2021-08-13 15:30:00,0.0,0.6885058580523841,5.53359365051953,337.08152194060716,0.06866666666666667,
2021-08-13 16:00:00,0.0,0.6327251930240486,5.428540823057274,330.68217836722846,0.06866666666666667,
2021-08-13 16:30:00,0.0,0.629507628021748,5.234681315336554,318.8731331007728,0.06866666666666667,
2021-08-13 17:00:00,0.0,0.636031979275275,5.305366264443648,323.17894081418814,0.068,
2021-08-13 17:30:00,0.0,0.6317913155993998,5.03915915794054,306.9628067286924,0.068,
2021-08-13 18:00:00,0.0,0.6063729277160836,4.551971381784885,277.2855287373838,0.06733333333333334,
2021-08-13 18:30:00,0.0,0.5839547460603928,4.787853319059328,291.6543905361361,0.06733333333333334,-0.0957937620465677
2021-08-13 19:00:00,0.0,0.2942876048211657,4.072655544927219,248.08777371916904,0.06566666666666666,-0.0973423423932857
2021-08-13 19:30:00,0.0,0.4824819585702429,4.332020240002238,263.88709901753833,0.06566666666666666,-0.0988909227400035
2021-08-13 20:00:00,0.0,0.1885169731319659,3.639904152031431,221.72651422814477,0.065,-0.1004395030867214
2021-08-13 20:30:00,0.0,0.1717076583906612,3.9230850668545503,238.97661602124415,0.065,-0.1019880834334393
2021-08-13 21:00:00,0.0,0.1380299364999301,2.3891005933971226,145.53321312559714,0.06466666666666666,-0.1099217298006708
2021-08-13 21:30:00,0.0,0.1329583067324333,2.6887237547504057,163.78490228389637,0.06466666666666666,-0.1097537383966801
2021-08-13 22:00:00,0.0,0.2453235312646954,1.4855422202558692,90.4925197143566,0.06433333333333334,-0.1010342957393908
2021-08-13 22:30:00,0.0,0.1905279890552941,2.0035526694839914,122.04737567862846,0.06433333333333334,-0.1114684239056195
2021-08-13 23:00:00,0.0,0.2226083710796852,1.4855422202558692,90.4925197143566,0.06433333333333334,
2021-08-13 23:30:00,0.0,0.109074111547446,1.5483657689471355,94.31944643576011,0.06433333333333334,
2021-08-14 00:00:00,0.0,0.1626240072401311,1.510789867873802,92.03049232708612,0.064,
2021-08-14 00:30:00,0.0,0.1034448445779022,1.2581333500813283,76.63979887822669,0.064,
2021-08-14 01:00:00,0.0,4.6240827686522826e-05,0.7870264071642502,47.942092587421214,0.064,
2021-08-14 01:30:00,0.0,4.428256051936826e-05,0.8734605857490336,53.20727219856046,0.064,
2021-08-14 02:00:00,0.0,4.537522721954669e-05,1.4058780178182666,85.63973646032592,0.064,
2021-08-14 02:30:00,0.0,4.301786220239421e-05,0.7219693297030895,43.979109385436885,0.064,
2021-08-14 03:00:00,0.0,4.274146575667647e-05,1.4688866667461504,89.47793865177856,0.064,
2021-08-14 03:30:00,0.0,4.214173306104348e-05,-0.0521830553556246,-3.178755945900265,0.064,
2021-08-14 04:00:00,0.0,3.9972436580370545e-05,0.7219693297030895,43.979109385436885,0.064,
2021-08-14 04:30:00,0.0,4.041801506996202e-05,0.7219693297030895,43.979109385436885,0.064,
2021-08-14 05:00:00,0.0,3.965973253870246e-05,0.8518849505151935,51.89298198847693,0.064,
2021-08-14 05:30:00,0.0,0.0703814593126881,0.8518849505151935,51.89298198847693,0.064,
2021-08-14 06:00:00,0.0,0.0726408353883012,0.4157031210223987,25.322755800208544,0.064,
2021-08-14 06:30:00,0.0,0.0705989512729375,0.6784869585071515,41.33035980496541,0.064,
2021-08-14 07:00:00,0.0,0.0705989512729375,1.0024572179835762,61.065164169856544,0.064,
2021-08-14 07:30:00,0.0,0.1197796178184278,1.863708196527838,113.52868226596404,0.064,
2021-08-14 08:00:00,0.0,0.0689538312720114,1.9664174792314928,119.7852676818313,0.06466666666666666,
2021-08-14 08:30:00,0.0,0.0659695813205265,1.9048505440973456,116.03488818038588,0.06466666666666666,
2021-08-14 09:00:00,0.0,4.177665065286426e-05,3.278588172949907,199.71677736956173,0.06466666666666666,-0.1219025520718482
2021-08-14 09:30:00,0.0,0.0029153353336462,3.60423630948397,219.55379042340576,0.06466666666666666,-0.1323366802380769
2021-08-14 10:00:00,0.0,0.0135886878507786,3.8876532772104815,236.81827149278735,0.065,-0.1427708084043056
2021-08-14 10:30:00,0.0,0.041001215513406,5.164826385241989,314.61788639520375,0.065,
2021-08-14 11:00:00,0.0,0.14201809711907,4.223062959872948,257.249913829746,0.06466666666666666,
2021-08-14 11:30:00,0.0,0.065937977788799,5.551793954267262,338.19020220781306,0.06466666666666666,
2021-08-14 12:00:00,0.0,0.0741247733557887,5.880814718480216,358.2326605008161,0.06433333333333334,
2021-08-14 12:30:00,0.0,0.2706805032931159,7.03787818612267,428.715738819763,0.06433333333333334,
2021-08-14 13:00:00,0.0,0.3627686269810527,6.069175095453042,369.7067235696404,0.06433333333333334,
2021-08-14 13:30:00,0.0,0.3912233272456618,6.137291182071333,373.8560477875067,0.06433333333333334,
2021-08-14 14:00:00,0.0,0.8299285024980548,6.390959927149052,389.30840154888807,0.06433333333333334,
2021-08-14 14:30:00,0.0,0.6382174515790592,5.32392443363341,324.30942062712654,0.06433333333333334,
2021-08-14 15:00:00,0.0,0.6236806970165816,5.499409674064858,334.9991885534708,0.06433333333333334,
2021-08-14 15:30:00,0.0,0.6363955059051828,5.446905316584507,331.8008603339188,0.06433333333333334,
2021-08-14 16:00:00,0.0,0.5551891309793842,5.673560671680571,345.6076804361858,0.06466666666666666,
2021-08-14 16:30:00,0.0,0.5855402868841256,5.12931989614178,312.4549915134044,0.06466666666666666,
2021-08-14 17:00:00,0.0,0.7518020023004996,4.8971657656640035,298.31321086080806,0.06466666666666666,
2021-08-14 17:30:00,0.0,0.7243607516530475,4.73503969154643,288.43722298362155,0.06466666666666666,
2021-08-14 18:00:00,0.0,0.7024052368177524,4.571742103210807,278.4898717536962,0.064,
2021-08-14 18:30:00,0.0,0.6457341582029988,4.571742103210807,278.4898717536962,0.064,
2021-08-14 19:00:00,0.0,0.4548296882064299,4.186042761389482,254.99481061193407,0.06333333333333334,
2021-08-14 19:30:00,0.0,0.1806038778247047,3.470726049714653,211.42094865727756,0.06333333333333334,
2021-08-14 20:00:00,0.0,0.1684223049961659,2.691901406007738,163.97847044044462,0.06333333333333334,
2021-08-14 20:30:00,0.0,0.2646814344074866,2.150073629126199,130.97277049285674,0.06333333333333334,
2021-08-14 21:00:00,0.0,0.1595307556238331,1.801847222757785,109.76039125941722,0.06266666666666666,
2021-08-14 21:30:00,0.0,6.184399553733421e-05,1.6983494753836887,103.45577613846244,0.06266666666666666,
2021-08-14 22:00:00,0.0,0.1567541095297783,1.6360112059232632,99.65841043509332,0.06266666666666666,
2021-08-14 22:30:00,0.0,0.1492210382031867,1.3004502378063951,79.21755247182783,0.06266666666666666,
2021-08-14 23:00:00,0.0,0.1313389704134502,1.0880232419324996,66.27745972328981,0.06233333333333333,
2021-08-14 23:30:00,0.0,5.791552763269785e-05,1.1519733562841,70.17301173439377,0.06233333333333333,
2021-08-15 00:00:00,0.0,0.1340460305009725,1.389221609502219,84.62510332680871,0.06233333333333333,
2021-08-15 00:30:00,0.0,0.1381675684021159,1.1990738447755884,73.0421606722393,0.06233333333333333,
2021-08-15 01:00:00,0.0,0.1423074837341609,0.942882524230366,57.43614301150093,0.06233333333333333,
2021-08-15 01:30:00,0.0,0.2312087101131443,0.8998830658447649,54.81681029741929,0.06233333333333333,
2021-08-15 02:00:00,0.0,0.1431652868204252,1.1353137311848993,69.15818264898174,0.06233333333333333,
2021-08-15 02:30:00,0.0,0.133712653709289,1.0927009982611602,66.56240750263827,0.06233333333333333,
2021-08-15 03:00:00,0.0,4.9593749015695974e-05,0.8783507230958056,53.505157269899904,0.06233333333333333,
2021-08-15 03:30:00,0.0,4.721230452675592e-05,0.5527196923656399,33.66918622433759,0.06233333333333333,
2021-08-15 04:00:00,0.0,4.6385317006308536e-05,1.368177276736512,83.34317766242187,0.06266666666666666,
2021-08-15 04:30:00,0.0,4.604789503631127e-05,0.3107031364291189,18.92663117564019,0.06266666666666666,
2021-08-15 05:00:00,0.0,4.508809620394872e-05,0.4650336896766271,28.32775114506942,0.06266666666666666,
2021-08-15 05:30:00,0.0,4.418741123033195e-05,1.177841607011711,71.74878868440267,0.06266666666666666,
2021-08-15 06:00:00,0.0,4.3672120691857e-05,0.3769828226048178,22.964090176221628,0.06266666666666666,
2021-08-15 06:30:00,0.0,4.3391293708462714e-05,0.4210540807635873,25.648712089614325,0.06266666666666666,
2021-08-15 07:00:00,0.0,4.362491475530173e-05,0.0434824593572333,2.6487549508592307,0.06266666666666666,
2021-08-15 07:30:00,0.0,4.357773870443802e-05,1.6816958433300382,102.44131212230606,0.06266666666666666,
2021-08-15 08:00:00,0.0,4.4849951911232046e-05,2.1130927981164573,128.7200653636643,0.063,
2021-08-15 08:30:00,0.0,0.1059501368926394,2.2145503080095037,134.90039843597825,0.063,
2021-08-15 09:00:00,0.0,0.1182830123306357,2.575923177409758,156.91360079572243,0.063,
2021-08-15 09:30:00,0.0,0.1647256938036427,3.107009502947779,189.26498006214064,0.063,
2021-08-15 10:00:00,0.0,0.3146371242871198,3.6824495411545826,224.31818709444585,0.063,
2021-08-15 10:30:00,0.0,0.326598015939343,4.16937250167873,253.9793337140383,0.063,
2021-08-15 11:00:00,0.0,0.1909041329664491,4.880477546624195,297.2966399617344,0.063,
2021-08-15 11:30:00,0.0,0.3525057028617163,5.077063702331232,309.2717803033025,0.063,
2021-08-15 12:00:00,0.0,0.3597919036632948,5.430199213556198,330.7832000230735,0.063,
2021-08-15 12:30:00,0.0,0.5493068566094549,6.13755473243212,373.8721020846475,0.063,
2021-08-15 13:00:00,0.0,0.5600503483174639,6.340553630838114,386.2378777357987,0.063,
2021-08-15 13:30:00,0.0,0.4966686866077255,6.708182986039449,408.6321969409459,0.063,
2021-08-15 14:00:00,0.0,0.6434069234360908,6.171511438037358,375.9405911585477,0.06333333333333334,
2021-08-15 14:30:00,0.0,0.6600091527641032,6.086526181817691,370.7636733510125,0.06333333333333334,
2021-08-15 15:00:00,0.0,0.7009057167823838,6.120557703385692,372.8367198753122,0.063,
2021-08-15 15:30:00,0.0,0.7581401657729374,5.342426391678908,325.4364763111434,0.063,
2021-08-15 16:00:00,0.0,0.760566297621926,4.970046051945027,302.7527485953448,0.06366666666666666,
2021-08-15 16:30:00,0.0,0.7343505426161635,5.18357994241772,315.7602683613971,0.06366666666666666,
2021-08-15 17:00:00,0.0,0.7363230081391234,5.2012842957284295,316.83873756890534,0.06366666666666666,
2021-08-15 17:30:00,0.0,0.8677043018344269,4.916347420878179,299.48167062516524,0.06366666666666666,
2021-08-15 18:00:00,0.0,0.6683877430033588,4.16937250167873,253.9793337140383,0.063,
2021-08-15 18:30:00,0.0,0.4513169001944689,4.057945321338173,247.19169336548848,0.063,
2021-08-15 19:00:00,0.0,0.3623358267249315,3.107009502947779,189.26498006214064,0.06233333333333333,
2021-08-15 19:30:00,0.0,0.2770555577606286,2.6950609918790707,164.17093813530522,0.06233333333333333,
2021-08-15 20:00:00,0.0,0.3293381479188919,1.9907130995679976,121.26524709426091,0.06233333333333333,
2021-08-15 20:30:00,0.0,0.25941976809562,1.6193570655754983,98.64391545595622,0.06233333333333333,
2021-08-15 21:00:00,0.0,0.1584369849054488,1.3049199561197822,79.48982751529455,0.06166666666666667,
2021-08-15 21:30:00,0.0,0.1601366673436992,1.1565882519423851,70.45413032573553,0.06166666666666667,
2021-08-15 22:00:00,0.0,0.1576408146395634,0.9643497404581648,58.74382882562195,0.06133333333333333,
2021-08-15 22:30:00,0.0,0.1587566569100103,1.0286219372624312,62.65900064442984,0.06133333333333333,
2021-08-15 23:00:00,0.0,0.1584142935058518,1.1990738447755884,73.0421606722393,0.061,
2021-08-15 23:30:00,0.0,0.1542254471092461,0.9643497404581648,58.74382882562195,0.061,
2021-08-16 00:00:00,0.0,0.2425179797730167,1.8763696816391615,114.2999627286978,0.061,
2021-08-16 00:30:00,0.0,0.2376048715337994,1.5325626452098742,93.3567915432615,0.061,
2021-08-16 01:00:00,0.0,0.2333273185352997,1.6405934370081938,99.93753924821948,0.061,
2021-08-16 01:30:00,0.0,0.2283134922623201,1.7480843932955068,106.48540261306502,0.061,
2021-08-16 02:00:00,0.0,0.2801590566704142,1.6836542501729412,102.5606094182184,0.061,
2021-08-16 02:30:00,0.0,0.2236595451721293,1.7051523918244291,103.87017906941568,0.061,
2021-08-16 03:00:00,0.0,0.2702806290425099,2.00389704899016,122.06835372208374,0.061,
2021-08-16 03:30:00,0.0,0.2131729557807671,1.6836542501729412,102.5606094182184,0.061,
2021-08-16 04:00:00,0.0,0.2563730116308953,1.7695183518241735,107.79106251842808,0.061,
2021-08-16 04:30:00,0.0,0.245390126747222,1.66213461515898,101.24973048849589,0.061,
2021-08-16 05:00:00,0.0,0.1894444834998074,1.5325626452098742,93.3567915432615,0.061,
2021-08-16 05:30:00,0.0,0.1152809664791914,1.5108911534458729,92.03666218648318,0.061,
2021-08-16 06:00:00,0.0,0.1112476066988805,1.81232242999209,110.39849355246348,0.061,
2021-08-16 06:30:00,0.0,0.1096534842385662,0.8950083098426548,54.51986218809686,0.061,
2021-08-16 07:00:00,0.0,0.1103298413995567,1.6190306657769915,98.62403265505134,0.06133333333333333,
2021-08-16 07:30:00,0.0,0.1078394997909445,1.897676595311672,115.59788363546924,0.06133333333333333,
2021-08-16 08:00:00,0.0,0.1079160201715971,1.7480843932955068,106.48540261306502,0.06166666666666667,
2021-08-16 08:30:00,0.0,0.1075027858707268,2.2147862972452317,134.91477383391396,0.06166666666666667,
2021-08-16 09:00:00,0.0,4.9998260596644535e-05,2.465177361727777,150.16746610346303,0.06166666666666667,
2021-08-16 09:30:00,0.0,5.004921357734715e-05,2.5273274362240015,153.95336781996195,0.06166666666666667,
2021-08-16 10:00:00,0.0,0.1340618644490541,3.851898677825911,234.64026285353788,0.06166666666666667,
2021-08-16 10:30:00,0.0,0.0027852363591222,3.616903662873892,220.32542835515628,0.06166666666666667,
2021-08-16 11:00:00,0.0,0.1410842338119274,3.987841692895699,242.92129708029515,0.06166666666666667,
2021-08-16 11:30:00,0.0,0.1422689907232871,4.580139095132478,279.0013785602023,0.06166666666666667,
2021-08-16 12:00:00,0.0,0.1558593974066901,4.542394155149563,276.70212736494994,0.06166666666666667,
2021-08-16 12:30:00,0.0,0.0744142320534937,4.917033691449835,299.5234751275134,0.06166666666666667,
2021-08-16 13:00:00,0.0,4.232498636734754e-05,4.218978186560059,257.00108789635607,0.06233333333333333,
2021-08-16 13:30:00,0.0,4.132011947836208e-05,3.2996510056561,200.99982996673197,0.06233333333333333,
2021-08-16 14:00:00,0.0,0.0117504837658254,4.598987885109483,280.14956167834487,0.062,
2021-08-16 14:30:00,0.0,0.0115511263860238,3.636581832361839,221.5241335255982,0.062,
2021-08-16 15:00:00,0.0,0.0110496993797804,3.734711819284404,227.50176893378625,0.06233333333333333,
2021-08-16 15:30:00,0.0,0.0035208588266664,3.5182499422994993,214.31588945936156,0.06233333333333333,
2021-08-16 16:00:00,0.0,0.0533935163545018,3.5380158590890622,215.5199397989364,0.062,
2021-08-16 16:30:00,0.0,0.0522768839614,3.5380158590890622,215.5199397989364,0.062,
2021-08-16 17:00:00,0.0,0.0954194485500804,2.774172382786337,168.99004660875735,0.06233333333333333,
2021-08-16 17:30:00,0.0,3.8080907314678035e-05,2.8150435401849623,171.4797328433274,0.06233333333333333,
2021-08-16 18:00:00,0.0,3.7649739217570726e-05,2.83545054161457,172.72283516246688,0.06266666666666666,
2021-08-16 18:30:00,0.0,3.847323793770416e-05,2.465177361727777,150.16746610346303,0.06266666666666666,
2021-08-16 19:00:00,0.0,3.773608560441656e-05,2.277655085990037,138.74445637496427,0.06266666666666666,
2021-08-16 19:30:00,0.0,3.577829014767662e-05,1.7909310144099897,109.09542517117724,0.06266666666666666,
2021-08-16 20:00:00,1.2,3.441051549534346e-05,1.0727939923598515,65.34976265187953,0.07233333333333333,
2021-08-16 20:30:00,0.8,3.4205635288323394e-05,1.423985710629531,86.7427752877398,0.07233333333333333,
2021-08-16 21:00:00,0.8,3.383853668811971e-05,1.292963439260432,78.76149053310941,0.13933333333333334,
2021-08-16 21:30:00,0.6,3.3191613558943914e-05,1.205167638375694,73.41336704387497,0.13933333333333334,
2021-08-16 22:00:00,0.6,0.0066359672307009,0.98408654472364,59.94610576177277,0.15166666666666667,
2021-08-16 22:30:00,0.8,3.0323396658217114e-05,0.0063064671072333,0.3841614807359456,0.15166666666666667,
2021-08-16 23:00:00,1.4,2.9902966050348084e-05,1.292963439260432,78.76149053310941,0.18766666666666668,
2021-08-16 23:30:00,1.4,2.994003747838271e-05,1.1611341791693208,70.73104767186969,0.18766666666666668,
2021-08-17 00:00:00,1.2,2.9675055420673333e-05,2.3785882759343155,144.8928502451111,0.283,
2021-08-17 00:30:00,1.2,2.9636675311373782e-05,1.236070556168876,75.29583316264271,0.283,
2021-08-17 01:00:00,1.6,2.959832938613145e-05,1.8571574540123343,113.12964063110176,0.3043333333333333,
2021-08-17 01:30:00,1.0,2.9372021514339375e-05,1.4737746734130306,89.77569393172635,0.3043333333333333,
2021-08-17 02:00:00,1.0,2.832677525430342e-05,1.6450109103008863,100.20663176109184,0.3123333333333333,
2021-08-17 02:30:00,1.4,2.740935055048091e-05,1.516711870997041,92.3912339990972,0.3123333333333333,
2021-08-17 03:00:00,1.0,2.697436473519058e-05,1.322813939655896,80.57984813930027,0.3283333333333333,
2021-08-17 03:30:00,0.8,2.6866742732449057e-05,1.962453305180737,119.54378811056915,0.3283333333333333,
2021-08-17 04:00:00,0.6,2.6507359011527425e-05,1.409207344055243,85.84254397129872,0.3153333333333333,
2021-08-17 04:30:00,1.0,2.6258392924944224e-05,1.8571574540123343,113.12964063110176,0.3153333333333333,
2021-08-17 05:00:00,0.8,2.6223163795089992e-05,1.962453305180737,119.54378811056915,0.32466666666666666,
2021-08-17 05:30:00,1.0,2.5691819406944564e-05,1.1925665980732922,72.64576860578407,0.32466666666666666,
2021-08-17 06:00:00,1.0,2.5446970766639617e-05,1.3876416256339406,84.52885784862639,0.3313333333333333,
2021-08-17 06:30:00,1.6,0.0029291630781227,1.236070556168876,75.29583316264271,0.3313333333333333,
2021-08-17 07:00:00,1.2,0.002514607732311,1.962453305180737,119.54378811056915,0.3403333333333333,
2021-08-17 07:30:00,0.8,2.3424701532556037e-05,2.5837043954261656,157.3875974382616,0.3403333333333333,
2021-08-17 08:00:00,0.6,2.3626584162443343e-05,1.7937324887589203,109.266078330201,0.3336666666666666,
2021-08-17 08:30:00,0.2,2.3592631716954487e-05,1.708874537939814,104.09691539244535,0.3336666666666666,
2021-08-17 09:00:00,0.0,2.4032825628468784e-05,1.962453305180737,119.54378811056915,0.31466666666666665,
2021-08-17 09:30:00,0.0,0.0057470132022703,1.87825774210059,114.4149748409071,0.31466666666666665,
2021-08-17 10:00:00,0.2,0.0039136329875565,1.7937324887589203,109.266078330201,0.3,
2021-08-17 10:30:00,0.2,2.437321212789204e-05,1.6876077100073612,102.80143632783296,0.3,
2021-08-17 11:00:00,0.0,2.4476273743114684e-05,1.7301203820033857,105.39111621458002,0.29,
2021-08-17 11:30:00,0.2,2.4407976960880987e-05,1.6450109103008863,100.20663176109184,0.29,
2021-08-17 12:00:00,0.0,0.0013336482376939,1.8148948743280624,110.5551952379578,0.28600000000000003,
2021-08-17 12:30:00,0.2,0.0062570440888474,1.8148948743280624,110.5551952379578,0.28600000000000003,
2021-08-17 13:00:00,0.0,0.0014394413191256,1.5381483121862,93.69704513691968,0.282,
2021-08-17 13:30:00,0.2,0.0047015133197213,1.0615206743930117,64.66304305922819,0.282,
2021-08-17 14:00:00,0.4,0.0068157166501367,1.2577893913539626,76.6188464667148,0.28633333333333333,
2021-08-17 14:30:00,0.4,2.5691819406944564e-05,1.4952540079047671,91.08411793573072,0.28633333333333333,
2021-08-17 15:00:00,0.0,2.57626807481102e-05,1.3876416256339406,84.52885784862639,0.3033333333333333,
2021-08-17 15:30:00,0.2,2.572792735869879e-05,1.236070556168876,75.29583316264271,0.3033333333333333,
2021-08-17 16:00:00,0.6,0.0015453708381954,1.1707813715103448,71.31871103895861,0.3036666666666667,
2021-08-17 16:30:00,0.4,0.0014733868721679,1.4307513914057326,87.15490999025671,0.3036666666666667,
2021-08-17 17:00:00,0.2,2.5903426022643787e-05,1.1707813715103448,71.31871103895861,0.315,
2021-08-17 17:30:00,0.0,2.6044719324839073e-05,1.3876416256339406,84.52885784862639,0.315,
2021-08-17 18:00:00,0.0,2.608118062092133e-05,1.3011610318010929,79.2608508302999,0.3013333333333333,
2021-08-17 18:30:00,0.0,2.6507359011527425e-05,1.2143296423210963,73.97147492620061,0.3013333333333333,
2021-08-17 19:00:00,0.0,2.6328952168670433e-05,1.6450109103008863,100.20663176109184,0.29233333333333333,
2021-08-17 19:30:00,0.0,2.6116273850256723e-05,1.6236808420053035,98.90730037930577,0.29233333333333333,
2021-08-17 20:00:00,0.0,2.608118062092133e-05,1.5809571260057915,96.30476464545735,0.2873333333333334,
2021-08-17 20:30:00,0.0,2.6044719324839073e-05,1.5595633808014986,95.0015543541134,0.2873333333333334,
2021-08-17 21:00:00,0.0,2.5833681681635627e-05,1.6236808420053035,98.90730037930577,0.283,
2021-08-17 21:30:00,0.0,2.5939746154101555e-05,1.6663198501876315,101.5046760956791,0.283,
2021-08-17 22:00:00,0.0,0.0027861839863591,1.7725493097948068,107.97569478277642,0.2793333333333334,
2021-08-17 22:30:00,0.0,0.0024985883699132,1.6876077100073612,102.80143632783296,0.2793333333333334,
2021-08-17 23:00:00,0.0,0.002676136863751,1.6876077100073612,102.80143632783296,0.2763333333333333,
2021-08-17 23:30:00,0.0,0.0025603690338465,1.6450109103008863,100.20663176109184,0.2763333333333333,
2021-08-18 00:00:00,0.0,0.0031013290156505,1.4562277823790604,88.70681661463217,0.273,
2021-08-18 00:30:00,0.0,2.506306392233109e-05,1.4562277823790604,88.70681661463217,0.273,
2021-08-18 01:00:00,0.0,2.5306633599255708e-05,1.2638465963380587,76.98782402518688,0.27099999999999996,
2021-08-18 01:30:00,0.0,2.485505521863812e-05,1.2853078216896694,78.29514490219998,0.27099999999999996,
2021-08-18 02:00:00,0.0,2.410036016658098e-05,1.026339804761936,62.51998344419417,0.26866666666666666,
2021-08-18 02:30:00,0.0,2.335725619367361e-05,0.9611038333913744,58.546102833571766,0.26866666666666666,
2021-08-18 03:00:00,0.0,2.309017886238001e-05,0.939314052173894,57.218767817772125,0.26666666666666666,
2021-08-18 03:30:00,0.0,2.3289952882876963e-05,1.06971982808374,65.16249845462684,0.26666666666666666,
2021-08-18 04:00:00,0.0,2.299012349826155e-05,1.026339804761936,62.51998344419417,0.26466666666666666,
2021-08-18 04:30:00,0.0,2.2890386407871472e-05,0.9828713511557722,59.872081660405854,0.26466666666666666,
2021-08-18 05:00:00,0.0,2.242914423497689e-05,1.0046166576209048,61.19670747524928,0.26333333333333336,
2021-08-18 05:30:00,0.0,2.2264834702587182e-05,1.0913768073286327,66.4817437743151,0.26333333333333336,
2021-08-18 06:00:00,0.0,2.1809250752999217e-05,1.048040844376142,63.841912722496566,0.262,
2021-08-18 06:30:00,0.0,2.122990299606362e-05,0.9828713511557722,59.872081660405854,0.262,
2021-08-18 07:00:00,0.0,2.110339745933009e-05,0.9175019551700484,55.89007342509981,0.261,-0.3586519679567923
2021-08-18 07:30:00,0.0,2.0975061376302337e-05,1.1562162300982164,70.43146843594972,0.261,-0.3607199904636649
2021-08-18 08:00:00,0.0,2.126252410024619e-05,1.1993334249070742,73.05797312095038,0.26000000000000006,-0.3627880129705375
2021-08-18 08:30:00,0.0,2.1841297402105628e-05,1.06971982808374,65.16249845462684,0.26000000000000006,-0.3648560354774101
2021-08-18 09:00:00,0.0,2.252740087865609e-05,1.0046166576209048,61.19670747524928,0.25933333333333336,
2021-08-18 09:30:00,0.0,2.389685171169485e-05,0.939314052173894,57.218767817772125,0.25933333333333336,
2021-08-18 10:00:00,0.0,2.579746768048764e-05,1.5411796152336164,93.88169842178644,0.25833333333333336,
2021-08-18 10:30:00,0.0,0.0532335030819153,2.616164302029826,159.36490828019242,0.25833333333333336,
2021-08-18 11:00:00,0.0,0.0693235986651412,3.4084430477206897,207.62694959824225,0.25733333333333336,
2021-08-18 11:30:00,0.0,0.0591089575559547,4.693543202158832,285.9094443498126,0.25733333333333336,
2021-08-18 12:00:00,0.0,0.130544536861973,6.443064395621266,392.4823703369416,0.25566666666666665,
2021-08-18 12:30:00,0.0,0.1887181695432268,7.196622847701521,438.3857463238235,0.25566666666666665,
2021-08-18 13:00:00,0.0,0.231535613584578,8.19707491403187,499.3287657151367,0.25400000000000006,
2021-08-18 13:30:00,0.0,0.2139406260446049,8.604522915896341,524.1486569565618,0.25400000000000006,
2021-08-18 14:00:00,0.0,0.2541388574232436,9.399531874752167,572.577010524298,0.25100000000000006,
2021-08-18 14:30:00,0.0,0.2632747127987683,9.698595473656605,590.7946136665668,0.25100000000000006,
2021-08-18 15:00:00,0.0,0.2732311076446889,9.92055363345777,604.3153018554959,0.24566666666666667,
2021-08-18 15:30:00,0.0,0.256957409437702,10.329675751985334,629.2371727196295,0.24566666666666667,
2021-08-18 16:00:00,0.0,0.276483156823942,10.902854292259812,664.1526195163557,0.24,
2021-08-18 16:30:00,0.0,0.2487608698684768,10.402037318737362,633.6451124042665,0.24,
2021-08-18 17:00:00,0.0,0.1093120393755225,10.402037318737362,633.6451124042665,0.23566666666666666,-1.4574709573491198
2021-08-18 17:30:00,0.0,0.1622094337506421,9.609254677820664,585.3523760658827,0.23566666666666666,-1.4679050855153486
2021-08-18 18:00:00,0.0,0.2110999258918446,9.51959095087933,579.8904669614051,0.23233333333333336,-1.4783392136815772
2021-08-18 18:30:00,0.0,0.1811112906657034,8.913358035066768,542.9614969613393,0.23233333333333336,-1.488773341847806
2021-08-18 19:00:00,0.0,0.160133183524309,8.495497955201731,517.5073489745412,0.23099999999999998,-1.4992074700140343
2021-08-18 19:30:00,0.0,0.13068878758231,7.523958634616485,458.3255634133135,0.23099999999999998,-1.165480281432418
2021-08-18 20:00:00,0.0,0.0893987542781094,7.014638998638162,427.3001125232413,0.2306666666666667,-0.8755090899369401
2021-08-18 20:30:00,0.0,0.0693006088068725,5.961602820487193,363.1539066383326,0.2306666666666667,-0.6416859884573153
2021-08-18 21:00:00,0.0,0.0421533282265712,5.30957570899963,323.43536115638693,0.23066666666666666,-0.479976732269234
2021-08-18 21:30:00,0.0,0.0358354012675001,5.130116986375988,312.5035466488625,0.23066666666666666,-0.3910740311167944
2021-08-18 22:00:00,0.0,0.0639642038384261,3.794159243455248,231.12303740424497,0.23099999999999998,-0.3578908858497179
2021-08-18 22:30:00,0.0,3.400155713459838e-05,3.90857982595603,238.09302228686695,0.23099999999999998,-0.3566121044276147
2021-08-18 23:00:00,0.0,0.0357699400024943,3.2326527346930742,196.9185980277938,0.2313333333333333,-0.3669240579842827
2021-08-18 23:30:00,0.0,3.0978191427504694e-05,3.1343824490418286,190.9324162549869,0.2313333333333333,-0.3755674954410958
2021-08-19 00:00:00,0.0,3.0592325027057014e-05,2.304007475111492,140.34972484837252,0.23066666666666666,-0.3765599586929755
2021-08-19 00:30:00,0.0,2.9183333930494853e-05,2.5855929020101547,157.50263672624152,0.23066666666666666,-0.370796930612511
2021-08-19 01:00:00,0.0,2.8959225565404393e-05,2.7448810535331254,167.2057511819674,0.2306666666666667,-0.3636404450041593
2021-08-19 01:30:00,0.0,2.847427479058182e-05,2.1210426403700464,129.20433383281292,0.2306666666666667,-0.360353895277163
2021-08-19 02:00:00,0.0,2.79581500579373e-05,1.436598376472292,87.51108190122001,0.23,-0.3628680960530734
2021-08-19 02:30:00,0.0,2.7264292631173747e-05,1.85400069245327,112.937344980583,0.23,-0.3703348071844771
2021-08-19 03:00:00,0.0,2.7373035254458654e-05,1.5626719751477305,95.19091587566736,0.23,-0.3818128349315061
2021-08-19 03:30:00,0.0,2.6650985973610524e-05,1.2035199140293753,73.31299512185218,0.23,-0.3978164358617975
2021-08-19 04:00:00,0.0,2.6258392924944224e-05,1.6463118580771778,100.28587962136008,0.23033333333333336,-0.4193334610979915
2021-08-19 04:30:00,0.0,2.6579814711673224e-05,1.4155139079824517,86.22671134987007,0.23033333333333336,-0.4457253835263047
2021-08-19 05:00:00,0.0,2.672229220790163e-05,1.4576621379511523,88.79419107502454,0.22966666666666669,-0.47442825830115
2021-08-19 05:30:00,0.0,2.711977650685282e-05,1.5417110487963752,93.91407095317535,0.22966666666666669,-0.5038609084648771
2021-08-19 06:00:00,0.0,2.672229220790163e-05,1.3944086854573383,84.94107655646737,0.2293333333333333,-0.5366741887411098
2021-08-19 06:30:00,0.0,2.6544279676838223e-05,0.924745822882728,56.3313371151247,0.2293333333333333,-0.578767541019356
2021-08-19 07:00:00,0.0,0.0148322176063261,1.3521357894199202,82.36600273770364,0.229,-0.6335771966455134
2021-08-19 07:30:00,0.0,0.0173541742400822,1.729627814190294,105.36111120904798,0.229,-0.6971727532576079
2021-08-19 08:00:00,0.0,0.0009630996637043,1.7711652236213515,107.89138250700938,0.229,-0.7600534114106139
2021-08-19 08:30:00,0.0,0.0041341182865437,1.8746599533729895,114.195813808039,0.229,-0.8141033427691269
2021-08-19 09:00:00,0.0,0.0021920284067442,2.080173234170598,126.714754273384,0.22833333333333336,-0.8563178608934191
2021-08-19 09:30:00,0.0,0.0018202424990012,2.625523987402751,159.9350580218697,0.22833333333333336,-0.8853423915605104
2021-08-19 10:00:00,0.0,3.235220977632475e-05,3.138104826906147,191.15916669511444,0.22733333333333336,-0.8976887055852832
2021-08-19 10:30:00,0.0,3.227247190730846e-05,2.7448810535331254,167.2057511819674,0.22733333333333336,-0.890847969755897
2021-08-19 11:00:00,0.0,3.211501208435781e-05,2.665382167831436,162.36303827651363,0.22733333333333336,-0.8692659854213952
2021-08-19 11:30:00,0.0,0.0035956738083509,2.4653590824130833,150.17853570651664,0.22733333333333336,-0.844226811344945
2021-08-19 12:00:00,0.0,0.0058374188340649,2.545588599277982,155.06575536111498,0.22666666666666666,-0.8271587874712684
2021-08-19 12:30:00,0.2,0.0217458704495683,2.425133233601004,147.7281587552464,0.22666666666666666,-0.8240139013686083
2021-08-19 13:00:00,0.2,0.0157808766653211,2.3646546970910705,144.04407958011666,0.22666666666666668,-0.8355673172000637
2021-08-19 13:30:00,0.0,0.0121045809862382,2.3444577533805075,142.81377302808676,0.22666666666666668,-0.859864275414071
2021-08-19 14:00:00,0.0,0.0114011503327555,2.7647106920399813,168.41368316063654,0.22666666666666668,-0.8909241598759108
2021-08-19 14:30:00,0.0,0.0106246606839282,3.235320979785561,197.0811354625043,0.22666666666666668,-0.9154692986062364
2021-08-19 15:00:00,0.0,0.0174879502850349,3.581795659088215,218.1868073981835,0.22599999999999998,-0.91544481265018
2021-08-19 15:30:00,0.0,0.0055573783163145,3.677083907600458,223.9913369426588,0.22599999999999998,-0.8782686520632715
2021-08-19 16:00:00,0.0,0.0257968658991172,3.351417237744743,204.15319492260153,0.2253333333333333,-0.806498084988164
2021-08-19 16:30:00,0.0,0.0249248145006292,2.8438500586020443,173.23449578457237,0.2253333333333333,-0.7182205764967254
2021-08-19 17:00:00,0.0,0.0173561093355063,2.4049923967729305,146.50126998098176,0.22466666666666668,-0.6387683767051977
2021-08-19 17:30:00,1.8,0.0056592923069145,1.3944086854573383,84.94107655646737,0.22466666666666668,-0.5898014450108743
2021-08-19 18:00:00,0.6,3.062997880469489e-05,0.8598922383413392,52.38074978234092,0.275,-0.5790966170866697
2021-08-19 18:30:00,0.2,0.005220991543154,0.6641360615752031,40.45616800763679,0.275,-0.5943304810258482
2021-08-19 19:00:00,0.0,0.0116584423149963,0.5765504951467523,35.12085105154615,0.277,-0.6080617615157486
2021-08-19 19:30:00,0.0,0.0006772611594575,0.9463198558538204,57.64552972260137,0.277,-0.595443194271861
2021-08-19 20:00:00,0.0,3.207451334881924e-05,0.7077936096221229,43.11558857034277,0.271,-0.5510386146731032
2021-08-19 20:30:00,0.0,3.1367349421886946e-05,0.7513615655650145,45.769551586888525,0.271,-0.4890456693202793
2021-08-19 21:00:00,0.0,3.082344996839441e-05,0.6859760609668404,41.78656208769792,0.26633333333333337,-0.4293549917402819
2021-08-19 21:30:00,0.0,3.078563437100488e-05,0.7295887602966851,44.44325066920623,0.26633333333333337,-0.385182463293462
2021-08-19 22:00:00,0.6,2.925931655439214e-05,0.4444895397624686,27.076294359949255,0.267,-0.360345632525226
2021-08-19 22:30:00,0.8,2.9033291171632532e-05,0.7513615655650145,45.769551586888525,0.267,-0.3520364767651298
2021-08-19 23:00:00,0.2,2.8809982646216876e-05,0.7731120778212581,47.094494515004335,0.2976666666666667,-0.3544500333398405
2021-08-19 23:30:00,0.2,2.8623806350329834e-05,0.5984808286915624,36.45674788004849,0.2976666666666667,-0.3622814562857761
2021-08-20 00:00:00,0.0,2.847427479058182e-05,0.4325412217244339,26.348456812912705,0.2893333333333333,-0.3726485307020829
2021-08-20 00:30:00,0.0,2.82896123113535e-05,0.2569527780556628,15.65240221166908,0.2893333333333333,-0.3840120511081131
2021-08-20 01:00:00,0.0,2.8031900533583182e-05,0.3668664352833494,22.347845570956647,0.2836666666666667,-0.3943623012814781
2021-08-20 01:30:00,0.0,2.814130076513904e-05,0.2569527780556628,15.65240221166908,0.2836666666666667,-0.4019993897454431
2021-08-20 02:00:00,0.0,2.7995008303509975e-05,0.3668664352833494,22.347845570956647,0.2793333333333334,-0.4078910617178446
2021-08-20 02:30:00,0.0,2.7701093423267577e-05,0.322969594445352,19.67384837264998,0.2793333333333334,-0.4155329171522392
2021-08-20 03:00:00,0.0,2.781105680668246e-05,0.344929415737975,21.011541461510262,0.27566666666666667,-0.4274448312277263
2021-08-20 03:30:00,0.0,2.7737713938562392e-05,0.2789813299952026,16.994282060983757,0.27566666666666667,-0.4422479589400535
2021-08-20 04:00:00,0.0,2.7737713938562392e-05,0.2128265613723861,12.96443247329058,0.27266666666666667,-0.4554174481539434
2021-08-20 04:30:00,0.0,2.792132579120251e-05,-0.0315333187915666,-1.9208672991558884,0.27266666666666667,-0.4623773233805703
2021-08-20 05:00:00,0.0,2.784777917135708e-05,0.344929415737975,21.011541461510262,0.2703333333333333,-0.4610743667040494
2021-08-20 05:30:00,0.0,2.784777917135708e-05,0.344929415737975,21.011541461510262,0.2703333333333333,-0.4529755810299479
2021-08-20 06:00:00,0.0,2.7737713938562392e-05,0.344929415737975,21.011541461510262,0.26866666666666666,-0.4426357469243347
2021-08-20 06:30:00,0.0,2.7627954200229578e-05,0.344929415737975,21.011541461510262,0.26866666666666666,-0.4361152260666996
2021-08-20 07:00:00,0.0,2.7591435480352944e-05,0.5197916292617318,31.663357403751963,0.26699999999999996,-0.4392133547834929
2021-08-20 07:30:00,0.0,2.7701093423267577e-05,0.2789813299952026,16.994282060983757,0.26699999999999996,-0.4566580717987263
2021-08-20 08:00:00,0.0,2.7737713938562392e-05,0.5415481604828436,32.988666980011175,0.26566666666666666,-0.4922939854844704
2021-08-20 08:30:00,0.4,2.7774368397717875e-05,0.4980127225021323,30.336684810790764,0.26566666666666666,-0.5486244395112427
2021-08-20 09:00:00,0.4,0.0104253863645938,0.6066840245749512,36.956449507559576,0.26499999999999996,-0.6250632241163204
2021-08-20 09:30:00,0.0,0.0130617427580998,0.8866518477762927,54.01082427724415,0.26499999999999996,-0.7168857227483737
2021-08-20 10:00:00,0.0,0.0145427378812802,1.1418547250731388,69.55663044151976,0.266,-0.8177409037669018
2021-08-20 10:30:00,0.0,0.0207770887146015,1.3522184292028407,82.37103677987568,0.266,-0.923892048390594
2021-08-20 11:00:00,0.0,0.0411820425401772,2.354262120663409,143.41101078244822,0.26433333333333336,-1.0334953449172777
2021-08-20 11:30:00,0.0,0.0457545511634394,3.78525674245972,230.58073726907537,0.26433333333333336,-1.1390059848328071
2021-08-20 12:00:00,0.0,0.0754037822600451,5.410163185851251,329.5626957470153,0.262,-1.2246919919814696
2021-08-20 12:30:00,0.0,0.0740096033992623,6.598528443291936,401.9525376649955,0.262,-1.2818897040498158
2021-08-20 13:00:00,0.0,0.060784505216541,5.721636181978738,348.53622329690995,0.26,-1.3280012658964917
2021-08-20 13:30:00,0.0,0.0799436257421099,5.618281039922378,342.2402950475571,0.26,-1.3968927282473316
2021-08-20 14:00:00,0.0,0.034517582643124,6.415773713964797,390.8199453219253,0.25833333333333336,-1.5007057900581269
2021-08-20 14:30:00,0.0,0.0931369158938888,7.61868406914501,464.0958088729458,0.25833333333333336,-1.607952543092876
2021-08-20 15:00:00,0.0,0.2536125668128964,7.792389783451347,474.67717610844255,0.255,-1.668259739399694
2021-08-20 15:30:00,0.0,0.176038741950803,7.666183873831304,466.9892823490898,0.255,-1.6569062075578067
2021-08-20 16:00:00,0.0,0.1105910613419,6.976101137581148,424.9525601589266,0.25266666666666665,-1.5904814829415683
2021-08-20 16:30:00,0.0,0.0796556457384545,5.721636181978738,348.53622329690995,0.25266666666666665,-1.5011014300887129
2021-08-20 17:00:00,0.0,0.1284111886781516,7.073608640672509,430.89227666477774,0.251,-1.4025608620547354
2021-08-20 17:30:00,0.0,0.0924481342621592,7.61868406914501,464.0958088729458,0.251,-1.287260057364022
2021-08-20 18:00:00,0.0,0.0186335272392398,7.697797939982935,468.9150684125682,0.24833333333333332,-1.1521597868318785
2021-08-20 18:30:00,0.0,0.000266329012587,7.057385381766261,429.90402903614296,0.24833333333333332,-1.01470726973716
2021-08-20 19:00:00,0.0,0.0034108200354964,6.147361070914252,374.46945991555936,0.24700000000000003,-0.8985481110027485
2021-08-20 19:30:00,0.0,3.441051549534346e-05,5.2703586705229855,321.04643637249546,0.24700000000000003,-0.8123617287482695
2021-08-20 20:00:00,0.0,3.436981434808215e-05,5.2703586705229855,321.04643637249546,0.24633333333333332,-0.747739005764159
2021-08-20 20:30:00,0.0,3.2830114591837195e-05,4.666414086899656,284.2568612296902,0.24633333333333332,-0.6917594832925682
2021-08-20 21:00:00,0.0,3.227247190730846e-05,4.4311648036751565,269.92653785704675,0.24566666666666667,-0.6374896382139109
2021-08-20 21:30:00,0.0,3.113345954710823e-05,3.139312713018594,191.23274565931544,0.24566666666666667,-0.5860967190443608
2021-08-20 22:00:00,0.0,0.0086577074920743,1.910109675736385,116.35525071672912,0.245,-0.5433910461601685
2021-08-20 22:30:00,0.0,0.0065097054398433,1.0995324023288595,66.97854577110603,0.245,-0.5144232831956257
2021-08-20 23:00:00,0.0,2.9902966050348084e-05,1.3312748770383132,81.0952502143409,0.245,-0.4994978192271254
2021-08-20 23:30:00,0.4,2.9561549455001053e-05,0.9507396084696256,57.91476108153874,0.245,-0.4944893477497673
2021-08-21 00:00:00,0.2,2.9183333930494853e-05,0.7831329241521208,47.70491919481851,0.24533333333333338,-0.4946207209175691
2021-08-21 00:30:00,0.0,2.8883783507465197e-05,0.7618506361162294,46.40849837056028,0.24533333333333338,-0.4975208013703422
2021-08-21 01:00:00,0.0,2.8809982646216876e-05,0.6551181119859515,39.90683526578589,0.24566666666666667,-0.5027678714493348
2021-08-21 01:30:00,0.4,2.877237961025713e-05,0.3533758100157548,21.52605763632862,0.24566666666666667,-0.5096653167114067
2021-08-21 02:00:00,0.2,2.854897244395146e-05,0.5908199488431995,35.99008169496498,0.2466666666666667,-0.5162211939238991
2021-08-21 02:30:00,0.0,2.847427479058182e-05,0.1570992121723372,9.5697741610915,0.2466666666666667,-0.5197762575637085
2021-08-21 03:00:00,0.0,2.85863723630622e-05,0.4400277315500129,26.80450116408991,0.24733333333333332,-0.5182363775740456
2021-08-21 03:30:00,0.4,2.8399713350494872e-05,0.2445587297242533,14.897412789168802,0.24733333333333332,-0.5115518787261825
2021-08-21 04:00:00,0.0,2.8067349052283917e-05,0.2445587297242533,14.897412789168802,0.258,-0.5027261216435324
2021-08-21 04:30:00,0.2,2.7627954200229578e-05,0.3099162493185701,18.878697568373173,0.258,-0.4964810271323628
2021-08-21 05:00:00,0.0,2.792132579120251e-05,0.1132329945131084,6.897642388466214,0.26266666666666666,-0.495612840818234
2021-08-21 05:30:00,0.0,2.792132579120251e-05,0.0252254782654514,1.5366221559473867,0.26266666666666666,-0.4987932270180753
2021-08-21 06:00:00,0.0,2.7554950680070244e-05,0.2227278309079166,13.56757307503452,0.26033333333333336,-0.5027623609726938
2021-08-21 06:30:00,0.0,2.8067349052283917e-05,0.0252254782654514,1.5366221559473867,0.26033333333333336,-0.5064715233574957
2021-08-21 07:00:00,0.0,2.781105680668246e-05,0.0692752284220479,4.219933899030468,0.25833333333333336,-0.5126708111747413
2021-08-21 07:30:00,0.0,2.7737713938562392e-05,0.1570992121723372,9.5697741610915,0.25833333333333336,-0.5260875789509969
2021-08-21 08:00:00,0.0,2.784777917135708e-05,0.0252254782654514,1.5366221559473867,0.25666666666666665,-0.5508715913042413
2021-08-21 08:30:00,0.0,2.8031900533583182e-05,0.0252254782654514,1.5366221559473867,0.25666666666666665,-0.5896844110237937
2021-08-21 09:00:00,0.0,2.843697704639137e-05,0.0472618786972326,2.8789800999464115,0.25533333333333336,-0.6445679171170909
2021-08-21 09:30:00,0.0,2.8623806350329834e-05,0.3750721122093312,22.847698332372037,0.25533333333333336,-0.7173839197287377
2021-08-21 10:00:00,0.0,0.0004108613192147,0.7192219909634195,43.811753923120385,0.254,-0.8075585404422131
2021-08-21 10:30:00,0.0,0.0009524861241724,0.8043939210909254,49.00004306164491,0.254,-0.9084901279846328
2021-08-21 11:00:00,0.0,3.2551313253550324e-05,1.6174693375151954,98.52892359212154,0.253,-1.0068841818983436
2021-08-21 11:30:00,0.0,0.0108637243555882,2.965701701013014,180.6571472600735,0.253,-1.0866775179560315
2021-08-21 12:00:00,0.0,0.0041962803495475,3.90665203890341,237.9755902102248,0.25166666666666665,-1.1355454678091808
2021-08-21 12:30:00,0.0,0.0057568382234817,3.7587601127234738,228.96668230915756,0.25166666666666665,-1.1521129793309857
2021-08-21 13:00:00,0.0,0.0017654343042427,3.832828915747835,233.4786191134487,0.25,-1.1502697138402298
2021-08-21 13:30:00,0.0,0.0084865069643592,4.774044488921914,290.8132189986304,0.25,-1.1542098272408967
2021-08-21 14:00:00,0.0,0.0137667821686277,6.183192790573483,376.6521663734773,0.24933333333333332,-1.1844579519257077
2021-08-21 14:30:00,0.0,0.0080759002287823,6.79190980780642,413.732456607792,0.24933333333333332,-1.2458791458606104
2021-08-21 15:00:00,0.0,0.0105233442862553,6.645297725737801,404.80151102707856,0.2476666666666667,-1.3265719580013469
2021-08-21 15:30:00,0.0,0.0253112857484782,7.527326620926061,458.5307259212255,0.2476666666666667,-1.4053980794603604
2021-08-21 16:00:00,0.0,0.027098558192669,7.668581195900435,467.1353163773689,0.24633333333333332,-1.4618771932514598
2021-08-21 16:30:00,0.0,0.0254732409589346,8.240687729474377,501.9854613697038,0.24633333333333332,-1.4842431714461612
2021-08-21 17:00:00,0.0,0.0262387012533767,8.271227928565674,503.8458323040779,0.24466666666666667,-1.4728709492585614
2021-08-21 17:30:00,0.0,0.0227464024961009,7.886662251845394,480.41982891786586,0.24466666666666667,-1.4373542567830109
2021-08-21 18:00:00,0.0,0.0155063118442388,7.621589323327832,464.2727838305266,0.24266666666666667,-1.387931498314911
2021-08-21 18:30:00,0.0,0.010345431244137,7.353535096115323,447.94413149753086,0.24266666666666667,-1.3256203013906331
2021-08-21 19:00:00,0.0,0.0105379862108109,7.082415671018464,431.4287611593545,0.242,-1.239693294699701
2021-08-21 19:30:00,0.0,3.713428294613371e-05,6.596222246062991,401.8120545502379,0.242,-1.1181603479584712
2021-08-21 20:00:00,0.0,3.552828802827067e-05,5.864299122632257,357.22660502660125,0.241,-0.9632521875921366
2021-08-21 20:30:00,0.0,3.327119776282683e-05,4.560314484233885,277.79375284071153,0.241,-0.7955809516615341
2021-08-21 21:00:00,0.0,3.144557613994091e-05,3.30907752957908,201.57405121087217,0.24,-0.6423145411809076
2021-08-21 21:30:00,0.0,3.070852557616108e-05,3.157127038888507,192.3179138982252,0.24,-0.5222851184356049
2021-08-21 22:00:00,0.0,2.85863723630622e-05,2.420637156695308,147.4542780654361,0.2396666666666667,-0.4411241417016875
2021-08-21 22:30:00,0.0,2.781105680668246e-05,1.901984689255642,115.8603132526422,0.2396666666666667,-0.3955711960783551
2021-08-21 23:00:00,0.0,2.784777917135708e-05,1.760196585461056,107.2232226314932,0.23966666666666667,-0.3785964373485387
2021-08-21 23:30:00,0.0,2.7373035254458654e-05,1.308394856270217,79.70150273130724,0.23966666666666667,-0.3821826183609719
2021-08-22 00:00:00,0.0,2.6795163676127593e-05,0.6576928946603191,40.063679392289586,0.23966666666666667,-0.399798022361882
2021-08-22 00:30:00,0.0,2.6365696203895816e-05,0.6153081575886374,37.48179272306631,0.23966666666666667,-0.428253950997165
2021-08-22 01:00:00,0.0,2.615140070619018e-05,0.699993125001989,42.64041829335971,0.2396666666666667,-0.4666682165259687
2021-08-22 01:30:00,0.0,2.6471892759141174e-05,0.6788535490747492,41.352690845923455,0.2396666666666667,-0.5128838462106149
2021-08-22 02:00:00,0.0,2.6401061362963146e-05,0.3592032286292841,21.88103764738329,0.23900000000000002,-0.5608727186856418
2021-08-22 02:30:00,0.0,2.7300506301294197e-05,0.5302836119456692,32.30248158139086,0.23900000000000002,-0.6022243210519469
2021-08-22 03:00:00,0.0,2.7701093423267577e-05,,59.667,0.23866666666666667,-0.6316705989639297
2021-08-22 03:30:00,0.0,2.668662221553466e-05,,75.037,0.23866666666666667,-0.6521213590462557
2021-08-22 04:00:00,0.0,2.661538347478615e-05,,59.667,0.23866666666666667,-0.6741135382842613
2021-08-22 04:30:00,0.0,2.7482082813501057e-05,,92.063,0.23866666666666667,-0.7099644719224263
2021-08-22 05:00:00,0.0,2.7774368397717875e-05,,105.118,0.23833333333333337,-0.7669566175798481
2021-08-22 05:30:00,0.0,2.7336753840218357e-05,,99.543,0.23833333333333337,-0.841935702976913
2021-08-22 06:00:00,0.0,0.0192344200240369,,146.915,0.238,-0.9204962607895676
2021-08-22 06:30:00,0.0,0.0437289857229033,,202.492,0.238,-0.986554707298574
2021-08-22 07:00:00,0.0,0.0299244163341293,,210.926,0.23733333333333337,-1.038692042171868
2021-08-22 07:30:00,0.0,3.0978191427504694e-05,,248.916,0.23733333333333337,-1.0958077542503737
2021-08-22 08:00:00,0.0,0.0291540103009877,,288.016,0.237,-1.1828495871037517
2021-08-22 08:30:00,0.0,3.2510446819210245e-05,,327.336,0.237,-1.311293528273541
2021-08-22 09:00:00,0.0,0.0496652255873127,,440.725,0.2363333333333333,-1.4754608132104516
2021-08-22 09:30:00,0.0,0.0520145651744325,,543.871,0.2363333333333333,-1.6651871132397469
2021-08-22 10:00:00,0.0,0.0558300388042292,,575.244,0.23500000000000001,-1.8748220538182816
2021-08-22 10:30:00,0.0,0.2299912805484412,,693.851,0.23500000000000001,-2.094698272070006
2021-08-22 11:00:00,0.0,0.2306932121254322,,719.189,0.2333333333333333,-2.2986381874370476
2021-08-22 11:30:00,0.0,0.1834480183658398,,769.634,0.2333333333333333,-2.45028404167882
2021-08-22 12:00:00,0.0,0.032253581706919,,747.918,0.232,-2.527262091549538
2021-08-22 12:30:00,0.0,0.2149486560401583,,738.589,0.232,-2.5403113836591213
2021-08-22 13:00:00,0.0,0.1888874470130742,,706.859,0.22966666666666669,-2.530597870473121
2021-08-22 13:30:00,0.0,0.1871504643398672,,711.916,0.22966666666666669,-2.5446111266010423
2021-08-22 14:00:00,0.0,0.2565057156768025,,738.038,0.22733333333333336,-2.60009331515119
2021-08-22 14:30:00,0.0,0.3723253380042474,,780.373,0.22733333333333336,-2.6677416501711764
2021-08-22 15:00:00,0.0,0.3414122417522416,,772.326,0.22366666666666668,-2.6871246555615635
2021-08-22 15:30:00,0.0,0.3851198853992436,,746.824,0.22366666666666668,-2.6060494605201394
2021-08-22 16:00:00,0.0,0.1314424188959,,707.421,0.22033333333333335,-2.4097610267889515
2021-08-22 16:30:00,0.0,0.1896782086111419,,681.296,0.22033333333333335,-2.1219816257180404
2021-08-22 17:00:00,0.0,0.008283089239664,,613.738,0.21966666666666668,-1.790455588998388
2021-08-22 17:30:00,0.0,0.0704790496041824,,511.719,0.21966666666666668,-1.468951298017185
2021-08-22 18:00:00,0.0,0.1420063492987014,,411.427,0.21966666666666668,-1.195476893530968
2021-08-22 18:30:00,0.0,0.0806148862397976,,381.402,0.21966666666666668,-0.9775006614274304
2021-08-22 19:00:00,0.0,0.0635976571337792,,315.91,0.21966666666666668,-0.7996872799461455
2021-08-22 19:30:00,0.0,0.0373424455227832,,279.355,0.21966666666666668,-0.6453934350735046
2021-08-22 20:00:00,0.0,0.0303499033965342,,229.258,0.21933333333333335,-0.5093833871017156
2021-08-22 20:30:00,0.0,0.0258017817419898,2.482991014722789,151.25259335387412,0.21933333333333335,-0.3958925077574384
2021-08-22 21:00:00,0.2,0.0192915168407028,1.3040825108557097,79.4388141337592,0.21966666666666668,-0.3118648464206395
2021-08-22 21:30:00,1.2,2.8031900533583182e-05,0.57283852660949,34.894734700588835,0.21966666666666668,-0.2612917492020394
2021-08-22 22:00:00,0.4,2.781105680668246e-05,0.4021032285990826,24.494311804171804,0.24133333333333332,-0.2421131004450844
2021-08-22 22:30:00,0.4,2.8363972230347037e-05,0.4662904739441585,28.404308763934463,0.24133333333333332,-0.2481176309042156
2021-08-22 23:00:00,0.4,2.784777917135708e-05,0.868356632878156,52.89636245160659,0.256,-0.2736683358268216
2021-08-22 23:30:00,0.0,0.0102791408441723,0.4662904739441585,28.404308763934463,0.256,-0.3148283733733225
2021-08-23 00:00:00,0.0,0.0111993658783022,1.0469222155029063,63.773770906004216,0.25733333333333336,-0.3661447748435834
2021-08-23 00:30:00,0.0,2.6795163676127593e-05,1.6737621498837554,101.95802736553102,0.25733333333333336,-0.4193216700004319
2021-08-23 01:00:00,0.0,2.6365696203895816e-05,0.8766131946303737,53.39931488671589,0.25533333333333336,-0.4666240867065417
2021-08-23 01:30:00,0.0,2.661538347478615e-05,0.7694739040540111,46.87287340799861,0.25533333333333336,-0.5048137074975656
2021-08-23 02:00:00,0.0,2.6116273850256723e-05,1.1948351054361046,72.78395582419655,0.25366666666666665,-0.5349944570886177
2021-08-23 02:30:00,0.0,2.5903426022643787e-05,1.152678716549305,70.21597909461717,0.25366666666666665,-0.5589063771729516
2021-08-23 03:00:00,0.0,2.5833681681635627e-05,1.131569286076184,68.93008797203517,0.252,-0.575828225308213
2021-08-23 03:30:00,0.0,2.5586480963000708e-05,0.7049301100899265,42.94115711741193,0.252,-0.5828749436549698
2021-08-23 04:00:00,0.0,2.5306633599255708e-05,0.4447727710065295,27.09354752757211,0.251,-0.5773561607725877
2021-08-23 04:30:00,0.0,2.586853706785997e-05,0.4447727710065295,27.09354752757211,0.251,-0.5583261023614843
2021-08-23 05:00:00,0.0,2.502899022333993e-05,0.9619378856991672,58.596909531541456,0.24966666666666668,-0.5273443648625281
2021-08-23 05:30:00,0.0,2.4032825628468784e-05,0.5535600878105723,33.720379317560685,0.24966666666666668,-0.4905222700368249
2021-08-23 06:00:00,0.0,2.3257646047119997e-05,0.422948041537573,25.76408362220436,0.249,-0.460602322442145
2021-08-23 06:30:00,0.0,2.26589022265558e-05,0.7694739040540111,46.87287340799861,0.249,-0.4543851297317036
2021-08-23 07:00:00,0.0,2.275789808853537e-05,-0.0853529510468833,-5.199316114999588,0.24833333333333332,-0.4850368138688042
2021-08-23 07:30:00,0.0,2.3490987901771723e-05,0.6401894858966113,38.99745081862747,0.24833333333333332,-0.555947489039702
2021-08-23 08:00:00,0.0,0.0108274612568242,0.6401894858966113,38.99745081862747,0.24733333333333332,-0.6615805279450235
2021-08-23 08:30:00,0.0,2.4613281801622063e-05,1.2158821582317805,74.06604718051878,0.24733333333333332,-0.7926372179024487
2021-08-23 09:00:00,0.0,2.7046281764451948e-05,2.4225515099182333,147.57089181387337,0.24666666666666667,-0.9396603941067048
2021-08-23 09:30:00,0.0,0.0216334620726768,3.772551536938852,229.8067935565405,0.24666666666666667,-1.0936945989428586
2021-08-23 10:00:00,0.0,0.0309051095842549,4.742706465401764,288.904248204978,0.24566666666666667,-1.2454400096904126
2021-08-23 10:30:00,0.0,0.0830879592646505,6.731828401829713,410.0725688303333,0.24566666666666667,-1.3842240538058956
2021-08-23 11:00:00,0.0,0.1032886504659121,7.187463081001124,437.8277747243547,0.24433333333333332,-1.4995993156588705
2021-08-23 11:30:00,0.0,0.1102226180659989,7.50761666061549,457.3300841975145,0.24433333333333332,-1.5868233073367723
2021-08-23 12:00:00,0.0,0.2463575621815033,8.610734654841194,524.5270480256697,0.24233333333333337,-1.650919840784665
2021-08-23 12:30:00,0.0,0.1598710890410823,8.289690946723267,504.9705159460714,0.24233333333333337,-1.7019320322266789
2021-08-23 13:00:00,0.0,0.1735371517333072,8.305075691663689,505.9076850926889,0.24033333333333337,-1.7428384346584769
2021-08-23 13:30:00,0.0,0.1045238101141992,8.197175980187962,499.3349222087038,0.24033333333333337,-1.7617165863006468
2021-08-23 14:00:00,0.0,0.2134510752977005,8.443099613425256,514.315478752643,0.23833333333333337,-1.737036157005243
2021-08-23 14:30:00,0.0,0.1580897207209464,8.13530152479841,495.565809962813,0.23833333333333337,-1.6524921051559684
2021-08-23 15:00:00,0.0,0.0825440176217781,7.713427139737411,469.86712864190184,0.23633333333333337,-1.5099938832840536
2021-08-23 15:30:00,0.0,0.0717537170232953,6.781071008461864,413.0722059262609,0.23633333333333337,-1.3316341457824146
2021-08-23 16:00:00,0.0,0.0568151245923001,5.724460665553291,348.7082780739927,0.23500000000000001,-1.1501692678651962
2021-08-23 16:30:00,0.0,0.0564413610408795,5.291391434652367,322.3276573278296,0.23500000000000001,-0.9957633007023604
2021-08-23 17:00:00,0.0,0.033186155006382,4.724783955266761,287.81248986946383,0.234,-0.886442537844611
2021-08-23 17:30:00,0.0,0.0509529297908009,4.3085838852377885,262.4594621812125,0.234,-0.824144067034423
2021-08-23 18:00:00,0.0,0.0025778072627607,4.106772223629765,250.16600763132723,0.23333333333333336,-0.7963508816434328
2021-08-23 18:30:00,0.0,0.0013892429825626,3.865894482502472,235.4928240351338,0.23333333333333336,-0.783551601203972
2021-08-23 19:00:00,0.0,2.8734810665996177e-05,3.64120942107184,221.80602532029764,0.2326666666666667,-0.7691178147344996
2021-08-23 19:30:00,0.0,2.847427479058182e-05,3.08862017257363,188.1447851469602,0.2326666666666667,-0.7453563144518606
2021-08-23 20:00:00,0.0,2.784777917135708e-05,2.77770052743235,169.20496523885825,0.23233333333333336,-0.7134022920144368
2021-08-23 20:30:00,0.0,2.7155854767812608e-05,2.3228630474623584,141.498321118085,0.23233333333333336,-0.6796807661840586
2021-08-23 21:00:00,0.0,2.6544279676838223e-05,2.0412752476564933,124.34526469343108,0.2316666666666667,-0.6519675901693325
2021-08-23 21:30:00,0.0,2.6507359011527425e-05,1.8174287287866049,110.7095462024854,0.2316666666666667,-0.6361066932323259
2021-08-23 22:00:00,0.0,2.618656119674144e-05,1.796963480044706,109.46289572026852,0.23133333333333336,-0.6340311512830842
2021-08-23 22:30:00,0.0,2.618656119674144e-05,1.40437978742836,85.54847103464725,0.23133333333333336,-0.6435824702823498
2021-08-23 23:00:00,0.0,2.6293655713524186e-05,1.2579142153101006,76.62645017811231,0.231,-0.6595319232743848
2021-08-23 23:30:00,0.0,2.6044719324839073e-05,1.1104389683997606,67.64292449540572,0.231,-0.6750831402318231
2021-08-24 00:00:00,0.0,2.5691819406944564e-05,0.5060560040525559,30.82664517970203,0.2306666666666667,-0.6839027662388151
2021-08-24 00:30:00,0.0,2.5481452105946365e-05,1.2118289380821194,73.81914332326144,0.2306666666666667,-0.6822100444839264
2021-08-24 01:00:00,0.0,2.513267772622862e-05,1.064061750708166,64.81783394662901,0.2306666666666667,-0.6698033066131825
2021-08-24 01:30:00,0.0,2.4579650240962487e-05,0.743926044603966,45.316613246948044,0.2306666666666667,-0.6497371217900747
2021-08-24 02:00:00,0.2,2.4648293879291414e-05,0.743926044603966,45.316613246948044,0.23033333333333336,-0.6271485522126863
2021-08-24 02:30:00,0.0,2.451114486718893e-05,0.636133930486413,38.75040470784994,0.23033333333333336,-0.6074724820664176
2021-08-24 03:00:00,0.0,2.420258491079594e-05,0.8939220535091992,54.4536923604543,0.23,-0.5942795581462709
2021-08-24 03:30:00,0.0,2.4476273743114684e-05,0.4407162102183434,26.846440173710302,0.23,-0.5877102887774982
2021-08-24 04:00:00,0.0,2.423717327478117e-05,0.5277911937511119,32.15065472683768,0.22966666666666669,-0.5846623576337137
2021-08-24 04:30:00,0.0,2.4407976960880987e-05,0.3313659666979517,20.185317431716232,0.22966666666666669,-0.5806756991572958
2021-08-24 05:00:00,0.0,2.4134842509367325e-05,0.4407162102183434,26.846440173710302,0.22933333333333336,-0.5720049841637989
2021-08-24 05:30:00,0.0,2.3964108518869705e-05,0.3094278501105645,18.84894649542736,0.22933333333333336,-0.5565952290645675
2021-08-24 06:00:00,0.0,2.3626584162443343e-05,0.3094278501105645,18.84894649542736,0.229,-0.53444050366419
2021-08-24 06:30:00,0.0,2.3289952882876963e-05,0.4625185648692302,28.17454110626068,0.229,-0.5080943889273192
2021-08-24 07:00:00,0.0,2.3056791688447737e-05,0.3970439665238784,24.18612441855737,0.229,-0.4830447710447101
2021-08-24 07:30:00,0.0,2.275789808853537e-05,0.2654831184857136,16.172032006777552,0.229,-0.4682708463208895
2021-08-24 08:00:00,0.0,2.2199859468317535e-05,0.4625185648692302,28.17454110626068,0.229,-0.4775573916922102
2021-08-24 08:30:00,0.2,2.2069086497893275e-05,0.7008748640027558,42.694129849195576,0.229,-0.529702001244916
2021-08-24 09:00:00,0.0,2.242914423497689e-05,0.6577361979363756,40.06631723220339,0.229,-0.6451520689683091
2021-08-24 09:30:00,0.0,2.389685171169485e-05,0.6793164920828441,41.3808912421932,0.229,-0.839848100259185
2021-08-24 10:00:00,0.0,2.5691819406944564e-05,1.81337694755878,110.46272999784462,0.22833333333333336,-1.1184364116965388
2021-08-24 10:30:00,0.0,0.0160842501376986,3.6183290535905694,220.412256717064,0.22833333333333336,-1.4669975415095635
2021-08-24 11:00:00,0.0,0.058241198368233,5.857266396243307,356.7982031119871,0.22766666666666668,-1.847532294032978
2021-08-24 11:30:00,0.0,0.0461824479305927,6.826130917856709,415.8170520057872,0.22766666666666668,-2.202793348084522
2021-08-24 12:00:00,0.0,0.1114740891916221,9.11758902561092,555.4023260984042,0.227,-2.4759142095286957
2021-08-24 12:30:00,0.0,0.196987806917236,8.96841192165799,546.3151309744137,0.227,-2.634075293610632
2021-08-24 13:00:00,0.0,0.1955752078158799,9.501267482306968,578.7742840495964,0.225,-2.679561460661414
2021-08-24 13:30:00,0.0,0.2350996033098665,9.501267482306968,578.7742840495964,0.225,-2.6450819464617066
2021-08-24 14:00:00,0.0,0.1655071877505859,9.44262693884362,575.2021671059908,0.22133333333333335,-2.581209035648411
2021-08-24 14:30:00,0.0,0.0250825636498251,9.087826103263858,553.5893033512051,0.22133333333333335,-2.5398711990536533
2021-08-24 15:00:00,0.0,0.1156422576186402,8.893481281054926,541.7506949189954,0.21966666666666668,-2.554883094487544
2021-08-24 15:30:00,0.0,0.1328805918658301,8.938467199775937,544.4910338209946,0.21966666666666668,-2.625732092682093
2021-08-24 16:00:00,0.0,0.0393449556508318,8.893481281054926,541.7506949189954,0.21833333333333335,-2.7112195373875596
2021-08-24 16:30:00,0.0,0.0085753698698917,9.01326044848211,549.0471005828524,0.21833333333333335,-2.73868953173381
2021-08-24 17:00:00,0.0,0.0275496409466182,9.028191731515236,549.956646879021,0.21633333333333335,-2.6347272558758927
2021-08-24 17:30:00,0.0,0.1842773079238295,9.457300114099429,576.0959906426114,0.21633333333333335,-2.369203333315554
2021-08-24 18:00:00,0.0,0.0009067178967872,8.469561182766947,515.927397991743,0.21366666666666667,-1.981458584581058
2021-08-24 18:30:00,0.0,3.53190922434402e-05,,462.622,0.21366666666666667,-1.560163378329181
2021-08-24 19:00:00,0.0,3.404197166659722e-05,,383.295,0.214,-1.1880950440225555
2021-08-24 19:30:00,0.0,0.0585136234617748,,367.366,0.214,-0.8997396478597985
2021-08-24 20:00:00,0.0,0.0381725874322256,,328.085,0.21366666666666667,-0.6853294877922723
2021-08-24 20:30:00,0.0,0.0321557850618281,,285.866,0.21366666666666667,-0.5239092388228647
2021-08-24 21:00:00,0.0,0.0297124837799593,,235.163,0.21366666666666667,-0.4048025747514328
2021-08-24 21:30:00,0.0,0.0254081850608918,3.31490465197832,201.92901317789077,0.21366666666666667,-0.3248268665732615
2021-08-24 22:00:00,0.0,0.0246229897042498,2.9684891365445156,180.82694523777317,0.214,-0.2787053472766571
2021-08-24 22:30:00,0.0,2.7482082813501057e-05,2.1382112654029433,130.25016889429654,0.214,-0.2572932648090549
2021-08-24 23:00:00,0.0,2.6830936314465047e-05,2.2587783785888056,137.59457265348118,0.21366666666666667,-0.2515248658649581
2021-08-24 23:30:00,0.0,2.6401061362963146e-05,2.1583523939138214,131.47707543655966,0.21366666666666667,-0.2553639210628085
2021-08-25 00:00:00,0.0,2.57626807481102e-05,1.5831300198865073,96.43712752256496,0.21366666666666667,-0.2655204146966371
2021-08-25 00:30:00,0.0,0.0157168245171553,1.6244336364037544,98.95315721259789,0.21366666666666667,-0.2798193074802637
2021-08-25 01:00:00,0.0,2.4579650240962487e-05,1.0600080056161827,64.57089811225731,0.21366666666666667,-0.2963012945428348
2021-08-25 01:30:00,0.0,2.437321212789204e-05,0.953829599915328,58.10298939844868,0.21366666666666667,-0.3135983041308516
2021-08-25 02:00:00,0.0,2.386261680441744e-05,0.953829599915328,58.10298939844868,0.21366666666666667,-0.3314341427329301
2021-08-25 02:30:00,0.0,2.3558714866712376e-05,0.9963644474427252,60.69402011836803,0.21366666666666667,-0.350142858581152
2021-08-25 03:00:00,0.0,2.3289952882876963e-05,0.6320783553056363,38.503357392738096,0.21366666666666667,-0.3694593299644473
2021-08-25 03:30:00,0.0,0.0104220077628201,1.1234622646831698,68.43624485991838,0.21366666666666667,-0.3878348000978784
2021-08-25 04:00:00,0.0,2.282407165484247e-05,0.4802421298396715,29.254180601272875,0.21333333333333335,-0.4030444357255862
2021-08-25 04:30:00,0.0,2.282407165484247e-05,1.0600080056161827,64.57089811225731,0.21333333333333335,-0.4137710705056065
2021-08-25 05:00:00,0.0,2.2593081150686816e-05,0.847119308425725,51.602680605687205,0.21366666666666667,-0.4209608619434059
2021-08-25 05:30:00,0.0,2.2264834702587182e-05,0.5454480914220916,33.226233151199324,0.21366666666666667,-0.4277856634929414
2021-08-25 06:00:00,0.0,2.2101415206849497e-05,0.8685042113906934,52.905352267764705,0.21333333333333335,-0.4385084812794362
2021-08-25 06:30:00,0.0,2.1454166441399737e-05,0.5019997701430443,30.57955773781209,0.21333333333333335,-0.4577217409054902
2021-08-25 07:00:00,0.0,2.1550467758537072e-05,0.8257128842833765,50.29869797072601,0.21333333333333335,-0.4904153938366988
2021-08-25 07:30:00,0.0,2.151873827361043e-05,0.7828352734411953,47.68678765842786,0.21333333333333335,-0.5424724878676455
2021-08-25 08:00:00,0.0,2.119852532377504e-05,0.8898676427250545,54.20671597512402,0.213,-0.6222882929633308
2021-08-25 08:30:00,0.0,2.1390953029458888e-05,0.7398709791267764,45.069596980675655,0.213,-0.7439234576339311
2021-08-25 09:00:00,0.0,2.2069086497893275e-05,1.2707932577981522,77.41098325321488,0.21266666666666667,-0.928702282673999
2021-08-25 09:30:00,0.0,2.3558714866712376e-05,1.4795222718511936,90.12581165836092,0.21266666666666667,-1.2001074229337605
2021-08-25 10:00:00,0.0,2.6866742732449057e-05,3.0031983558009605,182.94127404311183,0.21233333333333335,-1.569743427457124
2021-08-25 10:30:00,0.0,3.0940246868121084e-05,5.265770299683493,320.7669335532635,0.21233333333333335,-2.0193925042427283
2021-08-25 11:00:00,0.0,0.0798597721080324,7.323895244156453,446.1386056422936,0.21133333333333335,-2.492114958080318
2021-08-25 11:30:00,0.0,0.0511837869388748,9.36500994125739,570.4740903213193,0.21133333333333335,-2.9065067370727244
2021-08-25 12:00:00,0.0,0.1140620395237,10.543764943084993,642.2785188907801,0.21033333333333334,-3.1942158047164737
2021-08-25 12:30:00,0.0,0.2265523439135608,10.51566415090312,640.5667456029976,0.21033333333333334,-3.3388483261104467
2021-08-25 13:00:00,0.0,0.2408477632913612,10.38882235257167,632.8401163765753,0.20833333333333334,-3.3872076876024693
2021-08-25 13:30:00,0.0,0.2687576286096859,10.725663950987348,653.3589845511843,0.20833333333333334,-3.4223083274512898
2021-08-25 14:00:00,0.0,0.1612827115004856,10.147475822604417,618.1383762824488,0.204,-3.5137919734260072
2021-08-25 14:30:00,0.0,0.275301290257303,10.076047929101406,613.7873117533891,0.204,-3.67400568209237
2021-08-25 15:00:00,0.0,0.2775784395274555,10.175990114393356,619.875338097918,0.19933333333333336,-3.845561116938904
2021-08-25 15:30:00,0.0,0.2884313790384463,9.975705381273375,607.674897132179,0.19933333333333336,-3.9321067219034664
2021-08-25 16:00:00,0.0,0.4131172363717137,10.076047929101406,613.7873117533891,0.19600000000000004,-3.857674510347535
2021-08-25 16:30:00,0.0,0.5005750867228889,10.59987307192567,645.6963725781536,0.19600000000000004,-3.613805800637602
2021-08-25 17:00:00,0.0,0.4355375055619305,9.990064696638926,608.5496017424445,0.19400000000000003,-3.25667730510051
2021-08-25 17:30:00,0.0,0.3273970364191311,9.038999969019224,550.6150358713166,0.19400000000000003,-2.856999095358417
2021-08-25 18:00:00,0.0,0.2575748312630841,9.11347368136715,555.151637922038,0.19366666666666665,-2.4502917055566105
2021-08-25 18:30:00,0.0,0.2170289198810888,9.379726533443073,571.3705586211308,0.19366666666666665,-2.033284070378955
2021-08-25 19:00:00,0.0,4.489792263814394e-05,7.878010640564905,479.89281185050464,0.19299999999999998,-1.6005241462136564
2021-08-25 19:30:00,0.0,4.132011947836208e-05,7.001350499839304,426.4906372197909,0.19299999999999998,-1.1751816660952166
2021-08-25 20:00:00,0.0,3.8648415040799214e-05,5.300745239056065,322.8974488274344,0.19366666666666665,-0.8030083891206726
2021-08-25 20:30:00,0.0,3.713428294613371e-05,5.001732425214603,304.6829392817325,0.19366666666666665,-0.5216679965519537
2021-08-25 21:00:00,0.0,3.577829014767662e-05,4.135489125238695,251.9153115215484,0.19433333333333333,-0.3386124723074489
2021-08-25 21:30:00,0.0,3.432914474509867e-05,3.0998029377341085,188.825988671806,0.19433333333333333,-0.2344953375890917
2021-08-25 22:00:00,0.0,3.2471247311145726e-05,2.21461236460471,134.90417864335876,0.19433333333333333,-0.1814819703938357
2021-08-25 22:30:00,0.0,3.1798421662995925e-05,2.073623813628799,126.31579316718654,0.19433333333333333,-0.1576711057766971
2021-08-25 23:00:00,0.0,3.0978191427504694e-05,2.434331758509364,148.28849132961736,0.19466666666666668,-0.1504267509167662
2021-08-25 23:30:00,0.0,3.0247079988814197e-05,1.4587405878056197,88.8598853672403,0.19466666666666668,-0.1531475562948384
2021-08-26 00:00:00,0.0,2.8623806350329834e-05,1.8257193066894877,111.21457074779303,0.19466666666666668,-0.1619967642025698
2021-08-26 00:30:00,0.0,2.784777917135708e-05,1.3922217770869587,84.80785997997316,0.19466666666666668,-0.1748666649464168
2021-08-26 01:00:00,0.0,2.7518499793196832e-05,1.3086491570792074,79.71699358754624,0.19433333333333333,-0.1911943531061258
2021-08-26 01:30:00,0.0,2.7554950680070244e-05,1.0559542456146622,64.32396136966398,0.19433333333333333,-0.2107586340496753
2021-08-26 02:00:00,0.0,2.6650985973610524e-05,0.7143010165880351,43.51199039933335,0.19433333333333333,-0.2322900024907077
2021-08-26 02:30:00,0.0,2.586853706785997e-05,1.0771267119611705,65.61369235282845,0.19433333333333333,-0.2535755799099715
2021-08-26 03:00:00,0.0,2.6044719324839073e-05,0.8216581836600622,50.05170392970314,0.19466666666666668,-0.2725784585151105
2021-08-26 03:30:00,0.0,2.6293655713524186e-05,1.0771267119611705,65.61369235282845,0.19466666666666668,-0.2880371034709431
2021-08-26 04:00:00,0.0,2.5446970766639617e-05,0.2133309860361205,12.995159744589229,0.19433333333333333,-0.2995816241333363
2021-08-26 04:30:00,0.0,2.579746768048764e-05,1.0559542456146622,64.32396136966398,0.19433333333333333,-0.3080768690214653
2021-08-26 05:00:00,0.0,2.5306633599255708e-05,0.5847516721610255,35.620429698672865,0.19466666666666668,-0.3157487138279357
2021-08-26 05:30:00,0.0,2.495958328613873e-05,0.9923104472742912,60.44706874589149,0.19466666666666668,-0.3255845466816226
2021-08-26 06:00:00,0.0,2.492425274865588e-05,0.3232515561778922,19.691024207367217,0.19466666666666668,-0.3408227605971181
2021-08-26 06:30:00,0.0,2.4579650240962487e-05,0.7143010165880351,43.51199039933335,0.19466666666666668,-0.3652717596615165
2021-08-26 07:00:00,0.0,2.399844920328174e-05,0.5196789316525633,31.656492374619575,0.19466666666666668,-0.4040161831183235
2021-08-26 07:30:00,0.0,2.3964108518869705e-05,0.9284760353048506,56.55856480111366,0.19466666666666668,-0.4639963828873096
2021-08-26 08:00:00,0.0,2.386261680441744e-05,0.7787803838943751,47.43978210903865,0.19433333333333333,-0.555346108177647
2021-08-26 08:30:00,0.0,2.4717075866233703e-05,1.5583961450483188,94.93045162612243,0.19433333333333333,-0.6936681782524381
2021-08-26 09:00:00,0.0,2.5342352952357383e-05,1.661606030729426,101.21753151342811,0.19433333333333333,-0.9006841499727886
2021-08-26 09:30:00,0.0,2.7083732081437783e-05,2.489820601149897,151.66862089988996,0.19433333333333333,-1.1974272895093825
2021-08-26 10:00:00,0.0,3.0476424600834423e-05,4.278142477664545,260.60510917973403,0.19366666666666665,-1.5871071491874718
2021-08-26 10:30:00,0.0,0.0022780102898442,6.388644957645113,389.1673840667749,0.19366666666666665,-2.035646376733496
2021-08-26 11:00:00,0.0,0.0674256048157773,7.764120189368566,472.9551201715791,0.19266666666666668,-2.4690317290298833
2021-08-26 11:30:00,0.0,0.0357932466446911,10.37054838942837,631.7269491118175,0.19266666666666668,-2.8005935370280595
2021-08-26 12:00:00,0.0,0.1908236384628817,10.228783833538024,623.0912929225949,0.19133333333333336,-2.9748667384910576
2021-08-26 12:30:00,0.0,0.1508435174923496,10.171853451835329,619.623351306173,0.19133333333333336,-2.993715677078896
2021-08-26 13:00:00,0.0,0.2739975624488232,10.000282763434612,609.1720402018454,0.18899999999999997,-2.9031155299409765
2021-08-26 13:30:00,0.0,0.2721290957867589,10.02895962754296,610.9189051884385,0.18899999999999997,-2.757067093439084
2021-08-26 14:00:00,0.0,0.3293987039426764,10.014625304620498,610.045723004879,0.18666666666666668,-2.5925996119374237
2021-08-26 14:30:00,0.0,0.1541712013202153,9.59530595745955,584.5026830480358,0.18666666666666668,-2.4283644330557466
2021-08-26 15:00:00,0.0,0.1396694541023632,9.697169671837242,590.7077602621409,0.18533333333333335,-2.2735764123516624
2021-08-26 15:30:00,0.0,0.1435527921123677,8.975144928097949,546.725275304004,0.18533333333333335,-2.134097603467425
2021-08-26 16:00:00,0.0,0.2139826958771273,8.810100612824733,536.6715213615333,0.18366666666666667,-2.0133688794360327
2021-08-26 16:30:00,0.0,0.0210636218277648,9.034886089604854,550.3644369257389,0.18366666666666667,-1.9085720318739687
2021-08-26 17:00:00,0.0,0.1330676344624785,8.461353735483458,515.4274373881475,0.18266666666666667,-1.80444738007997
2021-08-26 17:30:00,0.0,0.139124995482763,8.215754752853258,500.466657092276,0.18266666666666667,-1.6733368354249634
2021-08-26 18:00:00,0.0,0.1518348774568103,8.990093882244814,547.6358980445755,0.18233333333333335,-1.490962984055651
2021-08-26 18:30:00,0.0,0.0806237618557389,7.431667641313724,452.70361311326127,0.18233333333333335,-1.2617479847889264
2021-08-26 19:00:00,0.0,0.1193848628431608,5.695092566000338,346.91930614742495,0.18200000000000002,-1.0270250640491918
2021-08-26 19:30:00,0.0,3.9394752450770456e-05,4.640775071741622,282.6950482747912,0.18200000000000002,-0.8389407160541293
2021-08-26 20:00:00,0.0,3.935038771034967e-05,4.296413766751372,261.7181135530541,0.18200000000000002,-0.7234268169726978
2021-08-26 20:30:00,0.0,3.9572520284575805e-05,3.741673576080287,227.92584770146308,0.18200000000000002,-0.6691402067166289
2021-08-26 21:00:00,0.0,3.8822256168481984e-05,3.0185012976556695,183.87346011537065,0.18200000000000002,-0.645512587875621
2021-08-26 21:30:00,0.0,3.821140429993432e-05,2.979774447565357,181.51439539308427,0.18200000000000002,-0.6250744041750814
2021-08-26 22:00:00,0.0,3.7909152495902515e-05,2.069572334161241,126.06899534441769,0.18166666666666667,-0.5935428323354064
2021-08-26 22:30:00,0.0,0.0559453447299471,2.089769829874551,127.29933552196076,0.18166666666666667,-0.5506070071572094
2021-08-26 23:00:00,0.0,3.408241776180299e-05,1.661606030729426,101.21753151342811,0.18166666666666667,-0.5074917749960023
2021-08-26 23:30:00,0.0,3.4205635288323394e-05,1.433886184560046,87.3458674248211,0.18166666666666667,-0.4806626834183339
2021-08-27 00:00:00,0.0,3.494592704299067e-05,1.3464234137638005,82.01803062379885,0.18200000000000002,-0.4812592867026163
2021-08-27 00:30:00,0.0,3.445124818432026e-05,1.325520032249973,80.74469107279576,0.18200000000000002,-0.5064704933902927
2021-08-27 01:00:00,0.0,3.556987643811817e-05,1.3881690848384944,84.56098828007141,0.18166666666666667,-0.5395552559105808
2021-08-27 01:30:00,0.0,3.561149629736711e-05,1.4090114657395574,85.83061194937292,0.18166666666666667,-0.5580382243288506
2021-08-27 02:00:00,0.0,3.582180858518088e-05,1.45063554549594,88.36616281193785,0.18133333333333335,-0.5449034493757152
2021-08-27 02:30:00,0.0,3.424620892888093e-05,1.5750255711030383,95.94344112219744,0.18133333333333335,-0.4976078455563612
2021-08-27 03:00:00,0.0,0.0333199906464769,1.45063554549594,88.36616281193785,0.18133333333333335,-0.4295987751197883
2021-08-27 03:30:00,0.0,0.0319578079473486,1.2206958245005952,74.35927397931958,0.18133333333333335,-0.3621860711239616
2021-08-27 04:00:00,0.0,0.0291362361503096,1.4298336041933075,87.09900254024858,0.18200000000000002,-0.3131202871202422
2021-08-27 04:30:00,0.0,0.0262857261386436,1.3045962256071564,79.47010731522451,0.18200000000000002,-0.2908096106317936
2021-08-27 05:00:00,0.0,0.02747356887368,1.4298336041933075,87.09900254024858,0.18200000000000002,-0.2945531592187137
2021-08-27 05:30:00,0.0,0.0267761389573405,1.2626871525908236,76.91719595099032,0.18200000000000002,-0.3162591613014421
2021-08-27 06:00:00,0.0,0.0277066479085663,1.115355186563513,67.94239829227082,0.18200000000000002,-0.3444358105986178
2021-08-27 06:30:00,0.0,0.0283662423645641,1.115355186563513,67.94239829227082,0.18200000000000002,-0.3730842373528495
2021-08-27 07:00:00,0.0,2.672229220790163e-05,0.9031009563228168,55.01282964547498,0.18166666666666667,-0.4101657317025695
2021-08-27 07:30:00,0.0,2.7083732081437783e-05,0.6023425340968331,36.69198552442679,0.18166666666666667,-0.4755284028760062
2021-08-27 08:00:00,0.0,0.0004083609732547,1.1364649099329702,69.22830725677417,0.18166666666666667,-0.587309262758215
2021-08-27 08:30:00,0.0,0.0064065263903698,2.0655208513683565,125.82219731908502,0.18166666666666667,-0.7487171534958701
2021-08-27 09:00:00,0.0,0.0090830006557002,2.995094471655018,182.44762203791117,0.18133333333333335,-0.9463972007253434
2021-08-27 09:30:00,0.0,0.0100726801720631,3.7563349062278744,228.8189496876124,0.18133333333333335,-1.1586092480331935
2021-08-27 10:00:00,0.0,0.0194744910289338,4.798015444695084,292.27342131284126,0.18066666666666667,-1.3625832388902677
2021-08-27 10:30:00,0.0,0.0304037067466705,5.759612868874236,350.84959146694075,0.18066666666666667,-1.5357460697755274
2021-08-27 11:00:00,0.0,0.0281233478121834,7.122730674488082,433.8845690095214,0.17933333333333334,-1.6574319462441944
2021-08-27 11:30:00,0.0,0.0412523057491194,8.14986412193633,496.45289758013337,0.17933333333333334,-1.7185463596895414
2021-08-27 12:00:00,0.0,0.0181206408932673,7.586467294000885,462.13330850095326,0.17833333333333334,-1.7315790048054465
2021-08-27 12:30:00,0.0,0.0200584344985633,7.187236707809272,437.8139850923624,0.17833333333333334,-1.7245609414507252
2021-08-27 13:00:00,0.0,0.0368692827344802,8.072401598707936,491.734230675357,0.17733333333333334,-1.7214366440262936
2021-08-27 13:30:00,0.0,0.0303523806637045,8.242491484340656,502.0953379659869,0.17733333333333334,-1.7328784521190312
2021-08-27 14:00:00,0.0,0.0257811511098856,8.14986412193633,496.45289758013337,0.17633333333333334,-1.7654583196532512
2021-08-27 14:30:00,0.0,0.0151003611730988,8.36544415305969,509.5850589892464,0.17633333333333334,-1.825390361789836
2021-08-27 15:00:00,0.0,0.1732044105334009,7.251567162255551,441.7327057034876,0.17566666666666667,-1.900355698094685
2021-08-27 15:30:00,0.0,0.0381929019568769,6.993187139353305,425.99336218469466,0.17566666666666667,-1.940873444513086
2021-08-27 16:00:00,0.0,0.20875081926162,8.956074414670798,545.563585795124,0.17466666666666666,-1.8746707451029263
2021-08-27 16:30:00,0.0,0.0032485711405211,8.319410200630815,506.78087860924865,0.17466666666666666,-1.6567011090730934
2021-08-27 17:00:00,0.0,3.6835678740633714e-05,6.082644306415916,370.52720704158423,0.17233333333333334,-1.3160002637471693
2021-08-27 17:30:00,0.2,0.0233724881542303,4.053661001838979,246.93071198006768,0.17233333333333334,-0.9491735920970578
2021-08-27 18:00:00,0.2,0.0385482723659143,4.108971160327027,250.29995691914576,0.17400000000000002,-0.6551663835985159
2021-08-27 18:30:00,0.0,0.0111629933996778,3.7001413777030145,225.3958938373524,0.17400000000000002,-0.4712109253861507
2021-08-27 19:00:00,0.0,3.086287479687379e-05,3.5495927294880074,216.22515043416607,0.17300000000000001,-0.3701700419179026
2021-08-27 19:30:00,0.0,3.0247079988814197e-05,3.1109686766223743,189.50615503308097,0.17300000000000001,-0.3079292820055787
2021-08-27 20:00:00,0.0,3.0247079988814197e-05,2.485769215544055,151.42182879475277,0.17433333333333334,-0.261692072565087
2021-08-27 20:30:00,0.0,3.0592325027057014e-05,3.0724117768347243,187.1574429153214,0.17433333333333334,-0.2297197506907629
2021-08-27 21:00:00,0.0,2.994003747838271e-05,2.859130391596097,174.16530462719692,0.17466666666666666,-0.213197169185953
2021-08-27 21:30:00,0.0,2.9636675311373782e-05,1.9032582098715565,115.93789037422845,0.17466666666666666,-0.2074222018383016
2021-08-27 22:00:00,0.0,2.9523270520278577e-05,1.0730730146056098,65.36675942634392,0.17466666666666666,-0.2052147229116555
2021-08-27 22:30:00,1.0,2.9033291171632532e-05,1.2626871525908236,76.91719595099032,0.17466666666666666,-0.2021590570316258
2021-08-27 23:00:00,1.4,2.85863723630622e-05,0.945721249621872,57.60906533572155,0.223,-0.1980505933908086
2021-08-27 23:30:00,0.0,0.0046953416242624,0.9031009563228168,55.01282964547498,0.223,-0.1953271601336314
2021-08-28 00:00:00,0.0,2.7774368397717875e-05,0.7061905930792547,43.01794004569635,0.23466666666666666,-0.1965797506229534
2021-08-28 00:30:00,0.0,2.6902582937193505e-05,0.6846536889064189,41.70600915684496,0.23466666666666666,-0.2027852080205643
2021-08-28 01:00:00,0.0,2.6471892759141174e-05,0.5332799406460681,32.48500438706705,0.2336666666666667,-0.2132608523116622
2021-08-28 01:30:00,0.0,2.661538347478615e-05,0.6199115106748466,37.76220819307172,0.2336666666666667,-0.2269654868821329
2021-08-28 02:00:00,0.0,2.600969466871188e-05,0.6199115106748466,37.76220819307172,0.23266666666666666,-0.2440323398054751
2021-08-28 02:30:00,0.0,2.562248294754593e-05,0.4898309403783619,29.838287612758695,0.23266666666666666,-0.2657367807931862
2021-08-28 03:00:00,0.0,2.600969466871188e-05,0.5982867923811711,36.444928064762216,0.23166666666666666,-0.2920635944251376
2021-08-28 03:30:00,0.0,2.6258392924944224e-05,0.1168633120492468,7.118784929370774,0.23166666666666666,-0.3195776458341247
2021-08-28 04:00:00,0.0,2.5586480963000708e-05,0.4462925736588187,27.18612703800199,0.2313333333333333,-0.3432016138796775
2021-08-28 04:30:00,0.0,2.5517348206729587e-05,0.4898309403783619,29.838287612758695,0.2313333333333333,-0.3603302706654316
2021-08-28 05:00:00,0.0,2.5481452105946365e-05,0.293198427739536,17.860323416367404,0.22999999999999998,-0.371965271207358
2021-08-28 05:30:00,0.0,2.5376732589395176e-05,0.358946054753312,21.86537177688557,0.22999999999999998,-0.3798224590464564
2021-08-28 06:00:00,0.0,2.57626807481102e-05,0.0281392905793783,1.7141184362056106,0.22966666666666666,-0.3839401806431542
2021-08-28 06:30:00,0.0,2.5481452105946365e-05,0.2052151799324315,12.50078150759137,0.22966666666666666,-0.3840269542985773
2021-08-28 07:00:00,0.0,2.5236673719742934e-05,0.2492526624174915,15.183345959555275,0.22866666666666666,-0.3827899564741885
2021-08-28 07:30:00,0.0,2.485505521863812e-05,0.4462925736588187,27.18612703800199,0.22866666666666666,-0.3879661279356101
2021-08-28 08:00:00,0.0,2.4821185487419337e-05,0.0947173351931134,5.769752084715467,0.228,-0.4125385606210062
2021-08-28 08:30:00,0.0,2.4339818229124272e-05,-0.1280340476568033,-7.799255668207501,0.228,-0.4745467968540716
2021-08-28 09:00:00,0.0,2.4613281801622063e-05,0.1610855431907561,9.81260343470857,0.22766666666666668,-0.5972910785268651
2021-08-28 09:30:00,0.0,2.5586480963000708e-05,0.4026644196853903,24.52849702943755,0.22766666666666668,-0.8072305357670608
2021-08-28 10:00:00,0.0,2.817832762851094e-05,1.0054382775321968,61.246756847799254,0.227,-1.1236490793973104
2021-08-28 10:30:00,0.0,0.0290185389581091,2.2626024309258663,137.8275166430775,0.227,-1.538679501155546
2021-08-28 11:00:00,0.0,0.0407598776968665,6.095450409881623,371.3072970010167,0.226,-2.001524145838129
2021-08-28 11:30:00,0.0,3.926175095070809e-05,8.7717541082012,534.3356255665125,0.226,-2.4293494040451855
2021-08-28 12:00:00,0.0,0.1294302822122024,9.876984202809982,601.6612490065913,0.22466666666666668,-2.748134295226751
2021-08-28 12:30:00,0.0,0.1962345065954419,9.790360195322837,596.384505876452,0.22466666666666668,-2.93497744482947
2021-08-28 13:00:00,0.0,0.2048825242874091,10.503232051779516,639.8094382981673,0.22233333333333336,-3.028563177178607
2021-08-28 13:30:00,0.0,0.2400136835603337,10.319822947773478,628.6369844064158,0.22233333333333336,-3.1021062236709556
2021-08-28 14:00:00,0.0,0.2565438551804794,10.866110125729634,661.9143309179024,0.218,-3.2201947490018092
2021-08-28 14:30:00,0.0,0.2719892439903917,10.489170879568425,638.9528952217275,0.218,-3.4038498433004123
2021-08-28 15:00:00,0.0,0.3647878150481253,10.517285405729412,640.6655051214615,0.213,-3.6161333998105385
2021-08-28 15:30:00,0.0,0.35178305520865,11.141768922881049,678.7062192907307,0.213,-3.773374550760892
2021-08-28 16:00:00,0.0,0.2451565335392059,11.237552197584728,684.5409035940388,0.209,-3.784222636805204
2021-08-28 16:30:00,0.0,0.3336287643948756,11.155474172957604,679.5410811989499,0.209,-3.6048479639695823
2021-08-28 17:00:00,0.0,0.247468898286997,10.921480502434392,665.2872440786496,0.20633333333333334,-3.271989012932744
2021-08-28 17:30:00,0.0,0.275536769041112,9.963308433716536,606.9197311019656,0.20633333333333334,-2.874832865793313
2021-08-28 18:00:00,0.0,0.2905831072660583,10.035018175006533,611.2879645246944,0.20466666666666666,-2.483033137245077
2021-08-28 18:30:00,0.0,0.1599244401554559,9.616202269691538,585.7755919703313,0.20466666666666666,-2.1044631921274815
2021-08-28 19:00:00,0.0,0.1199926307150349,8.907034510554194,542.5762964205429,0.20333333333333334,-1.7153067035998466
2021-08-28 19:30:00,0.0,0.0872509073627877,7.566536678946757,460.91922548728144,0.20333333333333334,-1.316712922348286
2021-08-28 20:00:00,0.0,4.311153004483944e-05,6.2802910525950075,382.56695376248814,0.20299999999999999,-0.9481701583086172
2021-08-28 20:30:00,0.0,4.006018939554484e-05,5.410543684390477,329.58587399876257,0.20299999999999999,-0.6533878707065905
2021-08-28 21:00:00,0.0,3.636778521064745e-05,3.545539367908182,215.97823796162217,0.20299999999999999,-0.4481632132524846
2021-08-28 21:30:00,0.0,3.5736544531296665e-05,2.8550786783864246,173.91849256591465,0.20299999999999999,-0.320000333515963
2021-08-28 22:00:00,0.0,3.457533729690223e-05,2.6003123135009925,158.39927676538423,0.20333333333333334,-0.2462219078123064
2021-08-28 22:30:00,0.0,0.0399589137848603,2.3026062207677107,140.26436676524273,0.20333333333333334,-0.2077625429394648
2021-08-28 23:00:00,0.0,0.0365489463070482,2.422177651599721,147.54811805436853,0.20299999999999999,-0.1924411506999722
2021-08-28 23:30:00,0.0,0.0375528468608585,1.4049588191673954,85.58374303186513,0.20299999999999999,-0.1935411955483726
2021-08-29 00:00:00,0.0,3.239131313461301e-05,2.1582177553415627,131.4688738630949,0.20233333333333334,-0.2082945092874052
2021-08-29 00:30:00,0.0,3.1719603457852996e-05,1.93583498398422,117.9223202567481,0.20233333333333334,-0.2366219926388324
2021-08-29 01:00:00,0.0,3.0940246868121084e-05,1.2755459216686682,77.70049406154742,0.20233333333333334,-0.2781866354083133
2021-08-29 01:30:00,0.0,3.062997880469489e-05,1.6905957746021978,102.98345572153922,0.20233333333333334,-0.3274989193926347
2021-08-29 02:00:00,0.0,3.005453953235084e-05,1.1072480513452236,67.4485482464326,0.20233333333333334,-0.3711088129947339
2021-08-29 02:30:00,0.0,0.0384039742021335,1.5255375655130283,92.9288554305792,0.20233333333333334,-0.3930740057955417
2021-08-29 03:00:00,0.0,0.028909055378589,1.3592008816130785,82.79637623086694,0.20199999999999999,-0.3874912207600214
2021-08-29 03:30:00,0.0,0.043815440731701,1.4009061616430434,85.33687344719941,0.20199999999999999,-0.3650327047370513
2021-08-29 04:00:00,0.0,0.0236319340120587,1.0225991372955372,62.29211888414846,0.20166666666666666,-0.3437337908734233
2021-08-29 04:30:00,0.0,0.0247499196506822,1.0225991372955372,62.29211888414846,0.20166666666666666,-0.3335093252970106
2021-08-29 05:00:00,0.0,0.0268587183698788,0.9588912093716953,58.41131977591705,0.20133333333333334,-0.3319056620993627
2021-08-29 05:30:00,0.0,0.0228433698347067,1.317414257163645,80.2509238800509,0.20133333333333334,-0.3333932301102937
2021-08-29 06:00:00,0.0,0.0337023022759484,0.8736498305136138,53.21880013452626,0.20133333333333334,-0.3383849394379646
2021-08-29 06:30:00,0.0,0.0373027250790106,0.9376128344468092,57.11513732070008,0.20133333333333334,-0.3520946439233869
2021-08-29 07:00:00,0.0,0.0199889234896461,1.1705151691717262,71.3024951953111,0.20099999999999998,-0.3787230695163519
2021-08-29 07:30:00,0.0,0.0316189144197802,1.5255375655130283,92.9288554305792,0.20099999999999998,-0.4212699758514034
2021-08-29 08:00:00,0.0,2.7373035254458654e-05,1.3592008816130785,82.79637623086694,0.20066666666666666,-0.4876665872269972
2021-08-29 08:30:00,0.0,2.661538347478615e-05,2.037201464952116,124.09710825825124,0.20066666666666666,-0.5956136560969908
2021-08-29 09:00:00,0.0,2.7518499793196832e-05,1.9155045126351995,116.6838798043209,0.20033333333333334,-0.7694599759541906
2021-08-29 09:30:00,0.0,2.9827376435069603e-05,3.1028643689713684,189.01247722986545,0.20033333333333334,-1.0290383410498622
2021-08-29 10:00:00,0.0,3.279065826222133e-05,4.700428775175461,286.32888234588967,0.19966666666666666,-1.3760623187262455
2021-08-29 10:30:00,0.0,0.0204231707558184,7.259451995798507,442.21301413572286,0.19966666666666666,-1.7844777210916494
2021-08-29 11:00:00,0.0,0.0753238014911227,9.363245618048932,570.3666157234608,0.19866666666666666,-2.199535106133994
2021-08-29 11:30:00,0.0,0.1106200208516761,9.959176291320617,606.668019658072,0.19866666666666666,-2.551114693750927
2021-08-29 12:00:00,0.0,0.3030044556410395,10.102387860186557,615.3918213395166,0.19700000000000004,-2.7835208326368344
2021-08-29 12:30:00,0.0,0.3603972627775273,10.315683161483651,628.3848073310442,0.19700000000000004,-2.8881003386206485
2021-08-29 13:00:00,0.0,0.2547899042800736,10.513141243506835,640.413061484039,0.19466666666666668,-2.9134035005667314
2021-08-29 13:30:00,0.0,0.2755013191257832,9.858437714202168,600.5314807219271,0.19466666666666668,-2.9408172076542196
2021-08-29 14:00:00,0.0,0.3673692059219724,10.386381491318502,632.6914301379343,0.19066666666666668,-3.040062480525857
2021-08-29 14:30:00,0.0,0.4833208493074911,9.973534399948752,607.5426507593468,0.19066666666666668,-3.2304617324941405
2021-08-29 15:00:00,0.0,0.3061902180944414,10.13093215600426,617.1306108648464,0.18600000000000003,-3.4691389114644844
2021-08-29 15:30:00,0.0,0.3943280852857606,9.916052386639294,604.0411062379591,0.18600000000000003,-3.6732047518622513
2021-08-29 16:00:00,0.0,0.4962224190874384,10.20215111457029,621.4689480216068,0.18333333333333335,-3.7602608690795263
2021-08-29 16:30:00,0.0,0.4175002510627283,10.343986306098593,630.1089070147304,0.18333333333333335,-3.6819456771461065
2021-08-29 17:00:00,0.0,0.2488485046341439,11.32881616105629,690.1002918773542,0.18000000000000002,-3.439676505695767
2021-08-29 17:30:00,0.0,0.2167160346828274,11.532114880197708,702.4843312529831,0.18000000000000002,-3.080009563287347
2021-08-29 18:00:00,0.0,0.3346371667564823,11.383186145384144,693.4122656547202,0.17833333333333334,-2.663796402299294
2021-08-29 18:30:00,0.0,0.1473182809594726,9.319072909385516,567.6758139037237,0.17833333333333334,-2.2268936630124303
2021-08-29 19:00:00,0.0,0.1176897712923119,8.110713173343738,494.0679986933547,0.17800000000000002,-1.7757474552298191
2021-08-29 19:30:00,0.0,0.0882245374661267,9.067252932799878,552.3360787653177,0.17800000000000002,-1.323426726751658
2021-08-29 20:00:00,0.0,0.0718238463154741,7.609937383828751,463.5630003249124,0.17800000000000002,-0.9131050775314236
2021-08-29 20:30:00,0.0,0.0685461360629107,4.967776220603641,302.61448072613996,0.17800000000000002,-0.5943677945110478
2021-08-29 21:00:00,0.0,0.0681290420176261,4.950050884791779,301.53473335946984,0.17900000000000002,-0.3854016596944704
2021-08-29 21:30:00,0.0,0.0552902603606639,2.097794140069505,127.78814024161788,0.17900000000000002,-0.2663784162809717
2021-08-29 22:00:00,0.0,0.0555224691951563,2.615964062667487,159.35271060300963,0.17900000000000002,-0.202591673678141
2021-08-29 22:30:00,0.0,0.0521642656804885,2.4776664486402793,150.92824484689672,0.17900000000000002,-0.1668075069532186
2021-08-29 23:00:00,0.0,0.0445466646928602,2.1783215807071112,132.69350806629683,0.17866666666666667,-0.1453009513994625
2021-08-29 23:30:00,0.0,0.0450125799277792,1.8543979975313745,112.96154701073924,0.17866666666666667,-0.133273709494781
2021-08-30 00:00:00,0.0,0.0466875669761101,1.2596827066872691,76.73417868197504,0.17900000000000002,-0.1290072913737223
2021-08-30 00:30:00,0.0,0.043086127794776,1.4852800631089491,90.47655028550938,0.17900000000000002,-0.130565906495399
2021-08-30 01:00:00,0.0,0.0702279295584435,1.1770542898344247,71.70082887941324,0.17866666666666667,-0.1349422153226174
2021-08-30 01:30:00,0.0,3.29899059323388e-05,0.632020835130063,38.49985352354403,0.17866666666666667,-0.1389796574599041
2021-08-30 02:00:00,0.0,3.148553847931474e-05,0.3971516665433963,24.192685017109586,0.17866666666666667,-0.1409494148523958
2021-08-30 02:30:00,0.0,3.070852557616108e-05,0.7379252361363156,44.95107110943315,0.17866666666666667,-0.1414761367449389
2021-08-30 03:00:00,0.0,3.0247079988814197e-05,0.4828604025381121,29.41367394353573,0.17866666666666667,-0.1430199282302897
2021-08-30 03:30:00,0.0,2.9902966050348084e-05,0.6956268657893371,42.374445510835336,0.17866666666666667,-0.1484294918195312
2021-08-30 04:00:00,0.0,2.9978687075037876e-05,0.7379252361363156,44.95107110943315,0.17833333333333334,-0.1596717253201743
2021-08-30 04:30:00,0.0,3.00173708846954e-05,0.7167865838392301,43.66339992537253,0.17833333333333334,-0.1773970821826866
2021-08-30 05:00:00,0.0,2.929735908506126e-05,0.504233451435445,30.71562350937484,0.17866666666666667,-0.2013363539387183
2021-08-30 05:30:00,0.0,2.9485025759073216e-05,0.3756700965321606,22.8841248353584,0.17866666666666667,-0.2313867429322695
2021-08-30 06:00:00,0.0,2.8623806350329834e-05,0.7167865838392301,43.66339992537253,0.17800000000000002,-0.269319775422425
2021-08-30 06:30:00,0.0,2.8399713350494872e-05,0.801215277298304,48.80641444433159,0.17800000000000002,-0.3202720102710214
2021-08-30 07:00:00,0.0,2.877237961025713e-05,0.5469149360201633,33.31558669625443,0.17800000000000002,-0.3920876205501865
2021-08-30 07:30:00,0.0,2.9033291171632532e-05,0.632020835130063,38.49985352354403,0.17800000000000002,-0.4914942375099405
2021-08-30 08:00:00,0.0,2.975037960921708e-05,1.4444385686377017,87.9886709824448,0.17800000000000002,-0.6196780254099215
2021-08-30 08:30:00,0.0,0.0032243195340778,2.3451538781474612,142.8561778034868,0.17800000000000002,-0.7720801759455375
2021-08-30 09:00:00,0.0,0.0366334644685356,3.2288612478877123,196.6876377832429,0.17733333333333334,-0.94423828684077
2021-08-30 09:30:00,0.0,3.4657089110898426e-05,4.078492922030665,248.44336035643255,0.17733333333333334,-1.1391266559983184
2021-08-30 10:00:00,0.0,3.556987643811817e-05,5.329718718822657,324.6623822996856,0.17700000000000002,-1.3674428598332913
2021-08-30 10:30:00,0.0,0.0019485496505663,6.823334459468354,415.64670439641736,0.17700000000000002,-1.6357334700054624
2021-08-30 11:00:00,0.0,0.0606512907367357,8.06027295479994,490.9954084911153,0.17600000000000002,-1.9298702782278003
2021-08-30 11:30:00,0.0,4.6336447100012454e-05,8.6630162177972,527.7118046094838,0.17600000000000002,-2.211496460043624
2021-08-30 12:00:00,0.0,0.0206636982953231,8.914718392321952,543.044363778623,0.17466666666666666,-2.436424071167746
2021-08-30 12:30:00,0.0,0.2242566838218686,9.265712271390957,564.4253249443042,0.17466666666666666,-2.5812614731473187
2021-08-30 13:00:00,0.0,0.2854622021946255,9.309236173253938,567.0766043853578,0.17266666666666666,-2.6549752561676456
2021-08-30 13:30:00,0.0,0.3080258405199969,9.811434832820876,597.6682775682021,0.17266666666666666,-2.688174026566856
2021-08-30 14:00:00,0.0,0.3386327553284365,9.597451489593816,584.6333791711824,0.16833333333333333,-2.71204385340327
2021-08-30 14:30:00,0.0,0.2471982593320522,9.525711845316758,580.2633241935968,0.16833333333333333,-2.74033308783474
2021-08-30 15:00:00,0.0,0.1721877300847611,9.525711845316758,580.2633241935968,0.166,-2.7607586450564248
2021-08-30 15:30:00,0.0,0.5175196169856122,9.783009879042002,595.9367578206372,0.166,-2.7428612669128656
2021-08-30 16:00:00,0.0,0.3604193881401618,9.468170129355006,576.7581428563946,0.16433333333333333,-2.6629236890196335
2021-08-30 16:30:00,0.0,0.2844959298448837,9.65469414706613,588.1203432164878,0.16433333333333333,-2.5280178440761834
2021-08-30 17:00:00,0.0,0.2329184519852922,8.885240734749926,541.2487180725656,0.16366666666666665,-2.374260756002913
2021-08-30 17:30:00,0.0,0.0183027547917315,9.017611416839916,549.3121419155904,0.16366666666666665,-2.2348412629264396
2021-08-30 18:00:00,0.0,0.0601860740910297,8.988257505368447,547.5240342628385,0.16366666666666665,-2.103160724027714
2021-08-30 18:30:00,0.0,0.1697620329935011,8.944160561045923,544.8378476644116,0.16366666666666665,-1.930124964891809
2021-08-30 19:00:00,0.0,0.1769317643420394,8.408682926943602,512.2189697221507,0.16233333333333333,-1.6680998466312722
2021-08-30 19:30:00,0.0,4.672412775595169e-05,7.922554094255386,482.6061977820987,0.16233333333333333,-1.3219326312910529
2021-08-30 20:00:00,0.0,0.0699282249788561,6.204401831870665,377.9441253373748,0.16266666666666665,-0.954184374743799
2021-08-30 20:30:00,0.0,0.0655172569539974,4.896999477252052,298.30308132211735,0.16266666666666665,-0.6406230855298228
2021-08-30 21:00:00,0.0,0.0608856330816225,3.5280915356443905,214.91539485721543,0.16366666666666665,-0.4223632253873299
2021-08-30 21:30:00,0.0,0.0621182765417469,1.5870451727903945,96.67562094705929,0.16366666666666665,-0.2948123958632767
2021-08-30 22:00:00,0.0,0.0577220109740356,2.0291839737998507,123.60871892386324,0.16466666666666666,-0.2293866473526616
2021-08-30 22:30:00,0.0,3.756351760627554e-05,1.5870451727903945,96.67562094705929,0.16466666666666666,-0.1987174256913558
2021-08-30 23:00:00,0.0,3.449201241240149e-05,1.3625215016884638,82.99865340181397,0.16466666666666666,-0.1874377662196391
2021-08-30 23:30:00,0.0,0.0479591098650863,1.3625215016884638,82.99865340181397,0.16466666666666666,-0.1908950152437549
2021-08-31 00:00:00,0.0,3.3191613558943914e-05,1.2379313195043231,75.40918245727784,0.165,-0.208863893659863
2021-08-31 00:30:00,0.0,0.0433524678271552,0.86355120223054,52.60363732963701,0.165,-0.2382640630592282
2021-08-31 01:00:00,0.0,3.424620892888093e-05,0.7794545597961299,47.48084985874554,0.16466666666666666,-0.2685547571951274
2021-08-31 01:30:00,0.0,3.453450868479409e-05,1.2996948655172464,79.17153860508247,0.16466666666666666,-0.2851463011031795
2021-08-31 02:00:00,0.0,3.18386857926341e-05,0.86355120223054,52.60363732963701,0.16433333333333333,-0.2797842736334411
2021-08-31 02:30:00,0.0,3.101775059832205e-05,0.8005099253802849,48.763447592581045,0.16433333333333333,-0.2582645619494148
2021-08-31 03:00:00,0.0,0.0378422078320038,0.8005099253802849,48.763447592581045,0.16466666666666666,-0.2370005036374467
2021-08-31 03:30:00,0.0,0.0347210277878795,0.9054751734758848,55.15745622666575,0.16466666666666666,-0.2314916411034643
2021-08-31 04:00:00,0.0,0.0204294242051092,0.6102558694958489,37.17403016094907,0.16433333333333333,-0.2468298427050581
2021-08-31 04:30:00,0.0,0.021863277827313,0.6102558694958489,37.17403016094907,0.16433333333333333,-0.2764172972125741
2021-08-31 05:00:00,0.0,0.0216987276717888,0.7372811348421874,44.91183536893236,0.16466666666666666,-0.3078355220347852
2021-08-31 05:30:00,0.0,0.0196576257794886,0.4610913323100314,28.087600547628817,0.16466666666666666,-0.3309208686111869
2021-08-31 06:00:00,0.0,0.0179831184356156,0.5890108415953089,35.87987905577851,0.16433333333333333,-0.343273146237445
2021-08-31 06:30:00,0.0,0.017064028061993,0.4610913323100314,28.087600547628817,0.16433333333333333,-0.3516437047839053
2021-08-31 07:00:00,0.0,0.0159540902612265,0.503817085939475,30.690260404685738,0.16466666666666666,-0.3702297751352062
2021-08-31 07:30:00,0.0,0.0139538137915258,0.5890108415953089,35.87987905577851,0.16466666666666666,-0.4156307246434167
2021-08-31 08:00:00,0.0,2.781105680668246e-05,1.0515625868210348,64.05644135943322,0.16433333333333333,-0.4985261431945669
2021-08-31 08:30:00,0.0,2.8623806350329834e-05,2.14624536366129,130.7395698585487,0.16433333333333333,-0.617169691758353
2021-08-31 09:00:00,0.0,0.0022544818893393,2.264516898496753,137.94413735707587,0.164,-0.7600833164555733
2021-08-31 09:30:00,0.0,0.0004581632229606,2.5574097320044,155.78584535364791,0.164,-0.9163517178927666
2021-08-31 10:00:00,0.0,0.0007543047067743,2.8846688507203972,175.720992162878,0.16333333333333333,-1.0811227955064542
2021-08-31 10:30:00,0.0,0.0003424757911782,3.338524065906983,203.3678011513574,0.16333333333333333,-1.248525300736924
2021-08-31 11:00:00,0.0,0.0848421259914041,4.469691116692112,272.27338676694035,0.16333333333333333,-1.4027171489807635
2021-08-31 11:30:00,0.0,0.0662187839182342,5.444657193618114,331.66391484083033,0.16333333333333333,-1.5238050282618183
2021-08-31 12:00:00,0.0,0.0677187262572536,6.264927515702197,381.6310765143037,0.16166666666666665,-1.605275166051842
2021-08-31 12:30:00,0.0,0.1218991802863957,6.281368312595048,382.6325755741485,0.16166666666666665,-1.6630506329543435
2021-08-31 13:00:00,0.0,0.138182967577844,6.9136841440489745,421.150398940817,0.16033333333333333,-1.7255575855143688
2021-08-31 13:30:00,0.0,0.2577289704827929,7.746637382323721,471.89014656154234,0.16033333333333333,-1.8145114771217985
2021-08-31 14:00:00,0.0,0.3236426389515833,8.266060471039332,503.53105414045547,0.15766666666666665,-1.931448611577021
2021-08-31 14:30:00,0.0,0.3711863476580964,10.39265858295448,633.0738021976929,0.15766666666666665,-2.0562068737116865
2021-08-31 15:00:00,0.0,0.294425247721816,9.141767149714576,556.8751481712291,0.15433333333333332,-2.151965207701426
2021-08-31 15:30:00,0.0,0.3315226015406096,8.877921050111455,540.8028359579962,0.15433333333333332,-2.1703374397898596
2021-08-31 16:00:00,0.0,0.3581093202981947,9.12718327227582,555.9867642541358,0.15366666666666665,-2.0619757601185777
2021-08-31 16:30:00,0.0,0.3736344293244712,9.51794820992492,579.7903986051002,0.15366666666666665,-1.8028067302738977
2021-08-31 17:00:00,0.0,0.1525252740200267,8.114450930461512,494.2956859681124,0.152,-1.42488513908672
2021-08-31 17:30:00,0.0,0.1742262504676125,6.0169067669490826,366.5227731688458,0.152,-1.0158584124446832
2021-08-31 18:00:00,0.0,0.0602378271252751,5.239228488244663,319.1501263281755,0.154,-0.6715374024759303
2021-08-31 18:30:00,0.0,0.0619997141799732,4.416255555400751,269.01833381881653,0.154,-0.4410199537604441
2021-08-31 19:00:00,0.0,0.0542802644377456,3.74651602524606,228.22082782429257,0.154,-0.3149406186529415
2021-08-31 19:30:00,0.0,0.0314857736214095,4.770121604210739,290.5742545873719,0.154,-0.2556631050306354
2021-08-31 20:00:00,0.0,0.0285103066206446,3.580517294345938,218.10893519430712,0.17629777944009573,-0.2297676347693951
2021-08-31 20:30:00,0.0,0.0253613105760928,2.7697240172330018,168.7190722789517,0.17629777944009573,-0.2196398686973053
2021-08-31 21:00:00,0.0,2.572792735869879e-05,2.047190348292109,124.70558589708467,0.17629777944009573,-0.2199579605475863
2021-08-31 21:30:00,0.0,2.5168220573989084e-05,1.787503329925955,108.88662612022014,0.17629777944009573,-0.231483458350454
2021-08-31 22:00:00,0.0,2.506306392233109e-05,1.947679833233747,118.643854952707,0.1772964313069675,-0.2560607125797853
2021-08-31 22:30:00,0.0,2.475219446351143e-05,2.3037979422734134,140.33696105463977,0.1772964313069675,-0.2931388268502929
2021-08-31 23:00:00,0.0,2.4648293879291414e-05,0.7794545597961299,47.48084985874554,0.1772964313069675,-0.3388162021211072
2021-08-31 23:30:00,0.0,2.451114486718893e-05,1.2791268192742828,77.91862616358578,0.1772964313069675,-0.388273120450764
2021-09-01 00:00:00,0.0,2.423717327478117e-05,1.482548842644133,90.3101766756674,0.17673315613272322,-0.4390766768819005
2021-09-01 00:30:00,0.0,2.495958328613873e-05,1.0298073592530064,62.73121119582936,0.17673315613272322,-0.4911665490336547
2021-09-01 01:00:00,0.0,2.4890315067776933e-05,0.8627647261783782,52.55572876218959,0.17673315613272322,-0.543715664097205
2021-09-01 01:30:00,0.0,2.485505521863812e-05,0.417925742209379,25.45814784012358,0.17673315613272322,-0.5938398450315848
2021-09-01 02:00:00,0.0,2.492425274865588e-05,1.1335482254398437,69.05063601633688,0.17673315613272322,-0.63948858176442
2021-09-01 02:30:00,0.0,2.451114486718893e-05,1.482548842644133,90.3101766756674,0.17673315613272322,-0.6818223665756055
2021-09-01 03:00:00,0.0,2.506306392233109e-05,0.5884903259174599,35.84817159260639,0.17616988095847885,-0.721977846323212
2021-09-01 03:30:00,0.0,2.618656119674144e-05,0.6097146508946168,37.14106156922953,0.17616988095847885,-0.7554654470198177
2021-09-01 04:00:00,0.0,0.0338661701001255,0.7155188630478225,43.58617610288905,0.17616988095847885,-0.7732749810050703
2021-09-01 04:30:00,0.0,2.6579814711673224e-05,0.7155188630478225,43.58617610288905,0.17616988095847885,-0.7713688898952464
2021-09-01 05:00:00,0.0,2.562248294754593e-05,0.567244726962807,34.55398570139955,0.1756066057842345,-0.7576456429139314
2021-09-01 05:30:00,0.0,2.541114567201921e-05,0.3106202372552049,18.921581332540857,0.1756066057842345,-0.7469495815965588
2021-09-01 06:00:00,0.0,2.7083732081437783e-05,0.6732604676071974,41.011985594961786,0.1746079539173626,-0.7502143666344608
2021-09-01 06:30:00,0.0,2.6116273850256723e-05,0.9255593449485722,56.38089320351966,0.1746079539173626,-0.7699283941854849
2021-09-01 07:00:00,0.0,0.0288022661308631,0.5033797973234877,30.663622758065177,0.1746079539173626,-0.8031894590326889
2021-09-01 07:30:00,0.0,0.0320441763047143,0.9046483818742524,55.10709181810825,0.1746079539173626,-0.8455925825577507
2021-09-01 08:00:00,0.0,0.032656286617592,1.60438152060742,97.73167292270551,0.17404467874311835,-0.894474941787749
2021-09-01 08:30:00,0.0,0.034377457402052,2.3604056098915707,143.785244387198,0.17404467874311835,-0.9536571142359748
2021-09-01 09:00:00,0.0,0.0304802218055294,2.8438093375129005,173.23201523981783,0.17404467874311835,-1.0363438783057508
2021-09-01 09:30:00,0.0,0.0420629583053301,3.503154976720669,213.39637236209956,0.17404467874311835,-1.1590591752596648
2021-09-01 10:00:00,0.0,0.0581873379892755,4.678007877181447,284.9631025477312,0.17348140356887398,-1.3270836304363116
2021-09-01 10:30:00,0.0,0.1122832391610335,5.744367146661368,349.920890956719,0.17348140356887398,-1.5229310609953703
2021-09-01 11:00:00,0.0,0.0932913202019466,6.37426473085225,388.2914056268447,0.17248275170200214,-1.7096873316304673
2021-09-01 11:30:00,0.0,0.0968607338887204,7.569749080095924,461.1149104502248,0.17248275170200214,-1.8486653316939
2021-09-01 12:00:00,0.0,0.1641165611947751,7.863258074356201,478.99415217575734,0.17191947652775783,-1.9183343589104191
2021-09-01 12:30:00,0.0,0.0940276790386364,7.909273978783236,481.79723315303187,0.17191947652775783,-1.921784363526288
2021-09-01 13:00:00,0.0,0.2051167691737858,8.09245999949491,492.9560978184808,0.170920824660886,-1.8806653690767023
2021-09-01 13:30:00,0.0,0.2242567269272949,7.893945161823237,480.8634708862741,0.170920824660886,-1.822874743934107
2021-09-01 14:00:00,0.0,0.0882993940569944,8.031553110641159,489.24592535405304,0.16935889761976977,-1.771798737244651
2021-09-01 14:30:00,0.0,0.1050228649618737,8.244056333396,502.19066149975106,0.16935889761976977,-1.7387825910899817
2021-09-01 15:00:00,0.0,0.0950271320177567,7.413806342232106,451.6155834785405,0.16892352092714233,-1.7180892751311965
2021-09-01 15:30:00,0.0,0.1738084169429745,7.893945161823237,480.8634708862741,0.16892352092714233,-1.6883366752393036
2021-09-01 16:00:00,0.0,0.1332243517664367,7.631841143462579,464.89727839083054,0.16848814423451483,-1.6256945884608411
2021-09-01 16:30:00,0.0,0.2068891164580201,7.00348668119255,426.6207637356087,0.16848814423451483,-1.5229675338386346
2021-09-01 17:00:00,0.0,0.0791278162301775,6.7956181425633595,413.9583516052711,0.16748949236764302,-1.397320899278668
2021-09-01 17:30:00,0.0,0.1328464433216136,6.308760218053246,384.30116668579177,0.16748949236764302,-1.277427937388442
2021-09-01 18:00:00,0.0,0.0515222636864485,5.6770512278324725,345.820309345067,0.16748949236764302,-1.182415142242602
2021-09-01 18:30:00,0.0,0.0537074589084244,5.592628033858149,340.6776298298698,0.16748949236764302,-1.1122913173518167
2021-09-01 19:00:00,0.0,0.0529252976153808,5.027482522193609,306.25151883924786,0.16705411567501552,-1.0553052393860922
2021-09-01 19:30:00,0.0,3.351404317298461e-05,4.853419352520012,295.6483770379207,0.16705411567501552,-1.0013152938713592
2021-09-01 20:00:00,0.0,3.235220977632475e-05,4.430118443992178,269.8627983530804,0.16761739084925986,-0.9482121809667688
2021-09-01 20:30:00,0.0,3.219286580736566e-05,4.197462133613773,255.69042717001096,0.16761739084925986,-0.8986964898500909
2021-09-01 21:00:00,0.0,3.2869602527692825e-05,3.577269558712929,217.91109781426525,0.16761739084925986,-0.8539503303586944
2021-09-01 21:30:00,0.0,3.2869602527692825e-05,2.805528244881953,170.9001040478246,0.16761739084925986,-0.8115481436003058
2021-09-01 22:00:00,0.0,3.1289254423377296e-05,1.94587536265495,118.53393475845115,0.16761739084925986,-0.7688926537135611
2021-09-01 22:30:00,0.0,3.036082423802096e-05,1.925936460907473,117.31934695686353,0.16761739084925986,-0.7274504014482788
2021-09-01 23:00:00,0.0,2.9902966050348084e-05,1.6246199813719455,98.96450850607025,0.16761739084925986,-0.6927718016231543
2021-09-01 23:30:00,0.0,2.994003747838271e-05,1.3804906704568816,84.09325397045117,0.16761739084925986,-0.6699305455547833
2021-09-02 00:00:00,0.0,2.9561549455001053e-05,1.049609411975392,63.93746277315348,0.16761739084925986,-0.658472143723011
2021-09-02 00:30:00,0.0,2.9827376435069603e-05,0.9872424162731012,60.138347196927946,0.16761739084925986,-0.6511323124878453
2021-09-02 01:00:00,0.0,2.9523270520278577e-05,1.0910863236673132,66.46404882220251,0.16761739084925986,-0.6374962022079312
2021-09-02 01:30:00,0.0,2.9033291171632532e-05,0.7359315513964401,44.82962484343856,0.16761739084925986,-0.610111666244876
2021-09-02 02:00:00,0.0,2.8067349052283917e-05,0.6303352345137773,38.39717435029677,0.16761739084925986,-0.5681352509865023
2021-09-02 02:30:00,0.0,2.7518499793196832e-05,0.5667241972080493,34.52227738072576,0.16761739084925986,-0.5154693067436947
2021-09-02 03:00:00,0.0,2.615140070619018e-05,0.2241980001243116,13.657129140815773,0.16761739084925986,-0.4562620928033512
2021-09-02 03:30:00,0.0,2.572792735869879e-05,0.693756048069116,42.260483748509984,0.16761739084925986,-0.3934926652033276
2021-09-02 04:00:00,0.0,2.5272322163303384e-05,0.5454780201843064,33.22805627616192,0.16761739084925986,-0.3312827358169035
2021-09-02 04:30:00,0.0,0.0165765184429359,0.2241980001243116,13.657129140815773,0.16761739084925986,-0.2761101999830309
2021-09-02 05:00:00,0.0,2.3795567379061236e-05,0.2457693506007786,14.971158342840583,0.16761739084925986,-0.2348152324809445
2021-09-02 05:30:00,0.0,2.299012349826155e-05,0.2888460086020671,17.595193708687532,0.16761739084925986,-0.2128405908747538
2021-09-02 06:00:00,0.0,0.0133711992544145,0.2026045668993514,12.341754757532485,0.16761739084925986,-0.2151051187739371
2021-09-02 06:30:00,0.0,0.0127872381017545,0.1593512458591761,9.706957877599107,0.16761739084925986,-0.2470816975604947
2021-09-02 07:00:00,0.0,0.0117542569279441,0.0072613813100333,0.4423305392414046,0.16705411567501552,-0.3130864277455508
2021-09-02 07:30:00,0.0,2.2004533985472384e-05,0.502921626516994,30.63571306275404,0.16705411567501552,-0.412588051470928
2021-09-02 08:00:00,0.0,0.0110491868983605,0.6514965773755296,39.6862277410308,0.16748949236764302,-0.5389800939223334
2021-09-02 08:30:00,0.0,0.0204871909168485,0.903801472979134,55.055501954930506,0.16748949236764302,-0.6847500685165305
2021-09-02 09:00:00,0.0,0.0142374195688868,1.049609411975392,63.93746277315348,0.16748949236764302,-0.8504918275474813
2021-09-02 09:30:00,0.0,2.3828417590123304e-05,1.0910863236673132,66.46404882220251,0.16748949236764302,-1.046330479412209
2021-09-02 10:00:00,0.0,2.5481452105946365e-05,2.0631925303731604,125.68036652445244,0.16649084050077118,-1.2767759454958705
2021-09-02 10:30:00,0.0,0.0005553346119797,3.794688093115728,231.1552525359823,0.16649084050077118,-1.5200368275766831
2021-09-02 11:00:00,0.0,0.0346404744167247,5.161204846681304,314.3972786298165,0.16649084050077118,-1.7286175525056056
2021-09-02 11:30:00,0.0,0.0351794740200348,5.856575895283947,356.7561409135348,0.16649084050077118,-1.859495698791016
2021-09-02 12:00:00,0.0,0.0301629397191956,6.466585576798764,393.9151744150667,0.16480101497803817,-1.9058291278921495
2021-09-02 12:30:00,0.0,0.0930968296784958,6.40140598594783,389.94472825094766,0.16480101497803817,-1.8998430558870296
2021-09-02 13:00:00,0.0,0.0829622294520513,6.869889266604804,418.48261289174616,0.16380236311116628,-1.8923644592803928
2021-09-02 13:30:00,0.0,0.1701548784466277,6.773727931167251,412.62489883677785,0.16380236311116628,-1.9315408736379565
2021-09-02 14:00:00,0.0,0.1783976663992938,6.949724085155034,423.3457893084382,0.16336698641853883,-2.0446013381191155
2021-09-02 14:30:00,0.0,0.1947066960803206,7.360562702122641,448.3722215016321,0.16336698641853883,-2.2181312833871782
2021-09-02 15:00:00,0.0,0.2699835248752459,8.327598138986145,507.2796508170908,0.16236833455166697,-2.392563831488869
2021-09-02 15:30:00,0.0,0.3036767555904816,8.040039401564707,489.7628718522607,0.16236833455166697,-2.4912633017449908
2021-09-02 16:00:00,0.0,0.1549311966931943,7.887300389027466,480.45870135160874,0.16149758116641202,-2.4683033837808512
2021-09-02 16:30:00,0.0,0.0840266345227761,8.372690509398762,510.0264742751464,0.16149758116641202,-2.3336028627638576
2021-09-02 17:00:00,0.0,0.0764537665133611,8.611775531997543,524.5904535588863,0.16106220447378453,-2.138071399677006
2021-09-02 17:30:00,0.0,0.1268237107163756,8.70082895900824,530.0151859491973,0.16106220447378453,-1.9373579082558672
2021-09-02 18:00:00,0.0,3.734850980499943e-05,8.282421477979565,504.5276927569135,0.16119010295540145,-1.7599470520991884
2021-09-02 18:30:00,0.0,0.0860180324725905,7.266385621071246,442.6353792581205,0.16119010295540145,-1.5969442071011353
2021-09-02 19:00:00,0.0,0.065798047197157,6.773727931167251,412.62489883677785,0.1586295240474134,-1.4193685740811102
2021-09-02 19:30:00,0.0,3.73056019335144e-05,6.981582291626749,425.28644729708105,0.1586295240474134,-1.209058629669296
2021-09-02 20:00:00,0.0,3.670817500645024e-05,5.553886131439719,338.3176481877677,0.15819414735478593,-0.9772503671407764
2021-09-02 20:30:00,0.0,3.383853668811971e-05,4.831630529501069,294.3211003912464,0.15819414735478593,-0.7572732060564594
2021-09-02 21:00:00,0.0,3.2551313253550324e-05,3.592480321820705,218.8376687737656,0.15875742252903027,-0.581452011588638
2021-09-02 21:30:00,0.0,3.1640917004144014e-05,2.9745236004730455,181.1945375138944,0.15875742252903027,-0.4633475582541384
2021-09-02 22:00:00,0.0,3.086287479687379e-05,2.260313818836176,137.68810473554575,0.1593206977032746,-0.3973748880964503
2021-09-02 22:30:00,0.0,3.005453953235084e-05,1.983838905803216,120.8465022707899,0.1593206977032746,-0.3693599646181985
2021-09-02 23:00:00,0.0,2.9711932489174568e-05,1.399623384298349,85.25873244752194,0.1593206977032746,-0.36462327426651
2021-09-02 23:30:00,0.0,2.9410165143584247e-05,1.3791920464890532,84.0141476660945,0.1593206977032746,-0.3694787354779469
2021-09-03 00:00:00,0.0,2.8734810665996177e-05,1.2138725336370353,73.94362993058893,0.1597560743959021,-0.3713782947562635
2021-09-03 00:30:00,0.0,2.8697275808784963e-05,0.8192456650472711,49.90474419664914,0.1597560743959021,-0.3620197565777846
2021-09-03 01:00:00,0.0,2.7737713938562392e-05,0.4598422056983752,28.01150939855897,0.1597560743959021,-0.3407466923125203
2021-09-03 01:30:00,0.0,2.6258392924944224e-05,0.8611312257431174,52.45622329655847,0.1597560743959021,-0.3140252954781211
2021-09-03 02:00:00,0.0,2.5551897839576503e-05,0.0290450083246755,1.7692906688115864,0.1597560743959021,-0.2906157597664014
2021-09-03 02:30:00,0.0,2.5446970766639617e-05,0.3100613806800352,18.88753831514528,0.1597560743959021,-0.2765131360442021
2021-09-03 03:00:00,0.0,2.492425274865588e-05,0.2239930635086342,13.644645328183918,0.15962817591428527,-0.2731891080545804
2021-09-03 03:30:00,0.0,2.3795567379061236e-05,0.2670710958978843,16.26876441553539,0.15962817591428527,-0.2788761972106773
2021-09-03 04:00:00,0.0,2.3931122324087595e-05,0.3743831690317076,22.805731026944372,0.15962817591428527,-0.2904211531660928
2021-09-03 04:30:00,0.0,2.26589022265558e-05,0.5661829495024423,34.4893070160992,0.15962817591428527,-0.3045639243335685
2021-09-03 05:00:00,0.0,2.3056791688447737e-05,0.3315237447819105,20.19492855967911,0.16006355260691277,-0.3191072093394183
2021-09-03 05:30:00,0.0,2.2857211376259688e-05,0.1375721170126593,8.380271756106398,0.16006355260691277,-0.3339222302980686
2021-09-03 06:00:00,0.0,2.1841297402105628e-05,0.2670710958978843,16.26876441553539,0.1595002774326684,-0.351191285963162
2021-09-03 06:30:00,0.0,2.168018604812255e-05,-0.0145230226748725,-0.8846769198465366,0.1595002774326684,-0.3755683825087861
2021-09-03 07:00:00,0.0,2.1326666625175544e-05,0.2455430736531482,14.95737457361131,0.1595002774326684,-0.4152248116749442
2021-09-03 07:30:00,0.0,2.110339745933009e-05,0.0507952353372183,3.094216221170003,0.1595002774326684,-0.4826425518663962
2021-09-03 08:00:00,0.0,2.17440328175832e-05,0.094228376454669,5.739966927703526,0.1595002774326684,-0.5923512375410228
2021-09-03 08:30:00,0.0,2.2167424405618382e-05,0.1808268744860803,11.015156137062652,0.1595002774326684,-0.7546777233514708
2021-09-03 09:00:00,0.0,0.0026183058531782,1.0486030925000245,63.87616233771519,0.15893700225842403,-0.9697176563064572
2021-09-03 09:30:00,0.0,0.0066995522842051,1.4797413508448165,90.13915696075564,0.15893700225842403,-1.2274026437633951
2021-09-03 10:00:00,0.0,0.0035275834158468,2.781190131449779,169.41753614800962,0.15893700225842403,-1.5135280895247742
2021-09-03 10:30:00,0.0,0.015414975563102,3.973312055375146,242.03621721393856,0.15893700225842403,-1.814344155560265
2021-09-03 11:00:00,0.0,0.0231810556795025,5.784571848636248,352.3699797382179,0.15837372708417974,-2.115100823076882
2021-09-03 11:30:00,0.0,3.860457419765026e-05,7.070837218981373,430.72345417787545,0.15837372708417974,-2.3969645431945255
2021-09-03 12:00:00,0.0,0.052651666953584,8.559985700951444,521.4356510611592,0.15781045190993537,-2.639851931981381
2021-09-03 12:30:00,0.0,0.2123604647145432,9.537553976561457,580.9846933209825,0.15781045190993537,-2.833125559364072
2021-09-03 13:00:00,0.0,0.2213796924123507,9.46592786238124,576.6215540839171,0.15681180004306353,-2.986432594606102
2021-09-03 13:30:00,0.0,0.2471825361001208,9.737013120593575,593.1348431298695,0.15681180004306353,-3.127795439264028
2021-09-03 14:00:00,0.0,0.2587535741874927,9.451577724102854,575.7474085003355,0.15537777148356421,-3.284884088930649
2021-09-03 14:30:00,0.0,0.2603191668912332,9.206340363522896,560.8086565857947,0.15537777148356421,-3.4619368460455315
2021-09-03 15:00:00,0.0,0.3954109514182473,9.177327764911274,559.0413401702607,0.15550566996518106,-3.6305973329014543
2021-09-03 15:30:00,0.0,0.3939020614867747,9.350892738709447,569.6141341299286,0.15550566996518106,-3.741348625122792
2021-09-03 16:00:00,0.0,0.3657851934306317,9.293173511907971,566.0981396344439,0.15519819175417046,-3.746517598480272
2021-09-03 16:30:00,0.0,0.372473416287522,9.206340363522896,560.8086565857947,0.15519819175417046,-3.6222910791214025
2021-09-03 17:00:00,0.0,0.2338458311939367,9.090083906520022,553.7268385238066,0.15151106249769372,-3.3790932511823404
2021-09-03 17:30:00,0.0,0.3479434545662979,8.929326460518242,543.9342212873606,0.15151106249769372,-3.048949617484299
2021-09-03 18:00:00,0.0,0.1973445334194525,8.485439903947686,516.8946579389152,0.15064030911243878,-2.6567928457297105
2021-09-03 18:30:00,0.0,0.1595874456736714,9.594706097061222,584.466142263007,0.15064030911243878,-2.210413344874344
2021-09-03 19:00:00,0.0,0.0741772380372978,6.428439690746905,391.5914993969478,0.14864300537869515,-1.7261870734633693
2021-09-03 19:30:00,0.0,0.0690583655854598,6.4609819499716235,393.57382678844755,0.14864300537869515,-1.2536845053187955
2021-09-03 20:00:00,0.0,0.0618760435814651,4.862197949081245,296.18312947480865,0.14751645503020644,-0.8581300049851267
2021-09-03 20:30:00,0.0,0.0897912013097577,3.772930659552616,229.8298879931256,0.14751645503020644,-0.5780889611474976
2021-09-03 21:00:00,0.0,0.0865264092871994,2.7044947086865267,164.74559753746703,0.14807973020445075,-0.4070323470010061
2021-09-03 21:30:00,0.0,0.0537178243931366,2.56962653932087,156.5300380543722,0.14807973020445075,-0.3114216506101732
2021-09-03 22:00:00,0.0,0.0480603166308914,1.7824761191221683,108.58039115323852,0.14864300537869515,-0.2576804734850091
2021-09-03 22:30:00,0.0,0.0711406866168778,1.6013471423805508,97.54683231180152,0.14864300537869515,-0.2247224061039188
2021-09-03 23:00:00,0.0,0.0655933005345887,1.6013471423805508,97.54683231180152,0.14864300537869515,-0.202706089395571
2021-09-03 23:30:00,0.0,0.0390326619414658,1.336991420813666,81.44347623123592,0.14864300537869515,-0.1879038431880012
2021-09-04 00:00:00,0.0,0.0361859781586647,0.3526109023104971,21.479462915119164,0.14907838207132265,-0.1789136266678865
2021-09-04 00:30:00,0.0,0.0347351708750749,0.7345003902976307,44.74244497592451,0.14907838207132265,-0.1749234211512117
2021-09-04 01:00:00,0.0,2.7228112823298044e-05,1.1509219927341887,70.10896741746353,0.14907838207132265,-0.1755656922704055
2021-09-04 01:30:00,0.0,2.697436473519058e-05,0.6079670967466588,37.034608466766535,0.14907838207132265,-0.1814321322398777
2021-09-04 02:00:00,0.0,2.6866742732449057e-05,0.2022160709612956,12.31808934038439,0.1495137587639501,-0.1942420545553024
2021-09-04 02:30:00,0.0,2.6401061362963146e-05,0.860284278854707,52.404631119001046,0.1495137587639501,-0.2162120835683805
2021-09-04 03:00:00,0.0,2.615140070619018e-05,0.1157922541916887,7.0535409242063825,0.14938586028233322,-0.2487160198804101
2021-09-04 03:30:00,0.0,2.597470361453195e-05,0.4167394426907283,25.38588383367876,0.14938586028233322,-0.2907530403644303
2021-09-04 04:00:00,0.0,0.024571807123865,0.6079670967466588,37.034608466766535,0.1488225851080889,-0.3382212673543993
2021-09-04 04:30:00,0.0,2.6293655713524186e-05,0.2668022600897329,16.252388152823126,0.1488225851080889,-0.3847964521953856
2021-09-04 05:00:00,0.0,0.0222466768627311,0.0072613813100333,0.4423305392414056,0.14925796180071635,-0.4239010572393809
2021-09-04 05:30:00,0.0,0.0233366436660452,0.1374314590903706,8.37170351103592,0.14925796180071635,-0.4510186226604047
2021-09-04 06:00:00,0.0,0.0230115535255568,0.0724470316059061,4.413145817366864,0.14925796180071635,-0.4666075296695132
2021-09-04 06:30:00,0.0,2.4717075866233703e-05,0.3740087075950307,22.78292052820613,0.14925796180071635,-0.4786963383978885
2021-09-04 07:00:00,0.0,2.420258491079594e-05,0.6079670967466588,37.034608466766535,0.14869468662647203,-0.5020666963718652
2021-09-04 07:30:00,0.0,0.0170409705825358,0.7345003902976307,44.74244497592451,0.14869468662647203,-0.5534035592918792
2021-09-04 08:00:00,0.0,2.541114567201921e-05,0.7345003902976307,44.74244497592451,0.14869468662647203,-0.6468311947345263
2021-09-04 08:30:00,0.0,2.586853706785997e-05,0.7555161386763243,46.02262940861154,0.14869468662647203,-0.7930542384767606
2021-09-04 09:00:00,0.0,2.6579814711673224e-05,1.4783090921432256,90.0519102322396,0.14813141145222766,-0.9992580765770428
2021-09-04 09:30:00,0.0,2.910900344618699e-05,2.5865029481017205,157.55807262214478,0.14813141145222766,-1.2659444182450708
2021-09-04 10:00:00,0.0,3.3352570329917715e-05,4.577420127219568,278.83575132045996,0.14813141145222766,-1.5821982353279278
2021-09-04 10:30:00,0.0,3.611513670987334e-05,5.812908741161984,354.0961351921418,0.14813141145222766,-1.9230399491101509
2021-09-04 11:00:00,0.0,0.02708408607001,7.828033645767675,476.8484391458543,0.14756813627798335,-2.2502556169963976
2021-09-04 11:30:00,0.0,0.089814616120535,8.951204000171069,545.2669021505098,0.14756813627798335,-2.519011470196771
2021-09-04 12:00:00,0.0,0.2935826436353708,8.774954444132247,534.5305755708838,0.14644158592949463,-2.694116055504918
2021-09-04 12:30:00,0.0,0.3575238026264314,8.671551141727269,528.2317136107032,0.14644158592949463,-2.7701525175193384
2021-09-04 13:00:00,0.0,0.3836141040111976,8.253477868185259,502.76457882840816,0.14544293406262282,-2.777454502116474
2021-09-04 13:30:00,0.0,0.3036454030972422,8.701139763600585,530.034118760609,0.14544293406262282,-2.7625875501284876
2021-09-04 14:00:00,0.0,0.4241335461120566,8.701139763600585,530.034118760609,0.14400890550312354,-2.7548294495694696
2021-09-04 14:30:00,0.0,0.5297330515927124,8.789690595624938,535.4282353353007,0.14400890550312354,-2.744785152210908
2021-09-04 15:00:00,0.0,0.5592468119125146,8.774954444132247,534.5305755708838,0.1437014272921129,-2.695290978057365
2021-09-04 15:30:00,0.0,0.3955464426329027,8.789690595624938,535.4282353353007,0.1437014272921129,-2.580354487010226
2021-09-04 16:00:00,0.0,0.1862450451261146,8.53795501166761,520.0936410144876,0.1432660505994854,-2.416266284185855
2021-09-04 16:30:00,0.0,0.1646027286517062,7.781999603084202,474.0442532679543,0.1432660505994854,-2.2477656680089875
2021-09-04 17:00:00,0.0,0.1611777475805627,7.980844461674494,486.1569835833412,0.13901564616876436,-2.101354743658914
2021-09-04 17:30:00,0.0,0.3245965602158769,8.268534081614957,503.68173531984456,0.13901564616876436,-1.9615984601471537
2021-09-04 18:00:00,0.0,0.2923075226293942,8.193158873460076,499.0902182179244,0.1397068198246256,-1.7981065927038782
2021-09-04 18:30:00,0.0,0.2547292490251964,6.3086783719760255,384.29618099258465,0.1397068198246256,-1.604979203781075
2021-09-04 19:00:00,0.0,0.1062059848917608,5.779476031893111,352.05956560740333,0.13758161760926504,-1.4052243817290593
2021-09-04 19:30:00,0.0,0.1625964160191068,5.065886610370697,308.59092236416313,0.13758161760926504,-1.2260144577403167
2021-09-04 20:00:00,0.0,0.1582279121910717,4.221923204517474,257.18048508341457,0.13758161760926504,-1.0812761497243162
2021-09-04 20:30:00,0.0,0.1537016889356823,3.4007520891364433,207.15845115247788,0.13758161760926504,-0.9734220219286857
2021-09-04 21:00:00,0.0,0.2094406956446162,2.412177215954577,146.93893670130376,0.13758161760926504,-0.9001423671468786
2021-09-04 21:30:00,0.0,0.1461143775386412,1.5998017595946972,97.45269457521738,0.13758161760926504,-0.8565143074502094
2021-09-04 22:00:00,0.0,0.1444616550523609,1.5593805030692254,94.99041426898664,0.13814489278350942,-0.8349477293078419
2021-09-04 22:30:00,0.0,0.141735179542112,1.2332394627882042,75.12337574603727,0.13814489278350942,-0.82649995182206
2021-09-04 23:00:00,0.0,0.17305181771145,1.253769402572474,76.37396691425232,0.13814489278350942,-0.8232198531250252
2021-09-04 23:30:00,0.0,0.0865737431591446,0.8811761130841897,53.67726726161765,0.13814489278350942,-0.819938241324185
2021-09-05 00:00:00,0.0,0.0860037473791651,0.7337543165021755,44.69699753140021,0.13714624091663757,-0.8144591217984717
2021-09-05 00:30:00,0.0,0.0842755343570478,0.7127380494958776,43.416781506262915,0.13714624091663757,-0.8066149977422771
2021-09-05 01:00:00,0.0,0.132100945166155,1.2114876241033044,73.79835201788111,0.13714624091663757,-0.7972164336647439
2021-09-05 01:30:00,0.0,0.0805129372081094,1.0878899262804806,66.26933873614851,0.13714624091663757,-0.787399349293575
2021-09-05 02:00:00,0.0,0.0836809845938107,0.8802890654497001,53.62323232780217,0.13714624091663757,-0.7782238150836532
2021-09-05 02:30:00,0.0,0.1258637658539828,0.8594172523272986,52.35181578056464,0.13714624091663757,-0.7702256372899084
2021-09-05 03:00:00,0.0,0.1261905179810699,0.5438542729307186,33.129144930289094,0.13714624091663757,-0.7629004609888581
2021-09-05 03:30:00,0.0,0.1257250326130093,0.7757245682054384,47.25363562480954,0.13714624091663757,-0.7547985755068536
2021-09-05 04:00:00,0.0,0.1160126924390732,0.8594172523272986,52.35181578056464,0.13614758904976576,-0.7447568799700898
2021-09-05 04:30:00,0.0,0.0753747933395945,0.4376142618571425,26.657483495534887,0.13614758904976576,-0.7332214160818255
2021-09-05 05:00:00,0.0,0.1230290955574656,1.1909375987897266,72.546537329976,0.13614758904976576,-0.7220828366823211
2021-09-05 05:30:00,0.0,0.1199086679568728,1.2320179153447786,75.04896459528102,0.13614758904976576,-0.7135001372142327
2021-09-05 06:00:00,0.0,0.0742876480250473,1.0878899262804806,66.26933873614851,0.13558431387552142,-0.70950514786869
2021-09-05 06:30:00,0.0,0.1181219086647601,1.1085392804650789,67.52720409006395,0.13558431387552142,-0.7127333615171318
2021-09-05 07:00:00,0.0,0.1338350206017758,1.2114876241033044,73.79835201788111,0.13502103870127702,-0.7269891398498969
2021-09-05 07:30:00,0.0,0.1096869868764027,2.273437475471563,138.48753859922795,0.13502103870127702,-0.7566537106544802
2021-09-05 08:00:00,0.0,0.106586494126137,3.453235859637064,210.35552530624588,0.13502103870127702,-0.8054368244951696
2021-09-05 08:30:00,0.0,0.0689602780603242,3.6927910942068487,224.9481477786316,0.13502103870127702,-0.8754612873704619
2021-09-05 09:00:00,0.0,0.1084335157110774,4.590882594201357,279.6558239795484,0.13458566200864955,-0.9670463560078312
2021-09-05 09:30:00,0.0,0.0859002523790617,5.690637861284498,346.6479456644827,0.13458566200864955,-1.0782001459493356
2021-09-05 10:00:00,0.0,0.1803470699509209,6.352123752341823,386.9426772588251,0.13402238683440526,-1.2027269144277524
2021-09-05 10:30:00,0.0,0.1901518442153625,7.247745666115853,441.4999174258846,0.13402238683440526,-1.3289827510458556
2021-09-05 11:00:00,0.0,0.1110602196691953,7.419739133230061,451.9769822991349,0.1334591116601609,-1.4434407887463985
2021-09-05 11:30:00,0.0,0.2132999805077621,7.867303021779683,479.24055209591575,0.1334591116601609,-1.5388450795799486
2021-09-05 12:00:00,0.0,0.2202011616273315,7.989307997110741,486.672543920082,0.1318971846190447,-1.6194288068143232
2021-09-05 12:30:00,0.0,0.3116032962471979,8.065247335271614,491.29842527297575,0.1318971846190447,-1.6975066192570325
2021-09-05 13:00:00,0.0,0.2343482598211815,8.33666241465558,507.83180553442446,0.13133390944480036,-1.7843257005176971
2021-09-05 13:30:00,0.0,0.35953969094969,9.075032574580058,552.809979390668,0.13133390944480036,-1.8821789132892757
2021-09-05 14:00:00,0.0,0.3690699834887507,9.421689520235349,573.9267541689889,0.13033525757792852,-1.9823334269715305
2021-09-05 14:30:00,0.0,0.54243468872106,9.277841663597597,565.1641927115181,0.13033525757792852,-2.069277781305019
2021-09-05 15:00:00,0.0,0.3892036882461223,9.089574582957082,553.6958128337037,0.12920870722943986,-2.1276634762484163
2021-09-05 15:30:00,0.0,0.5197807302848608,9.234523132326968,562.5254235189944,0.12920870722943986,-2.148393423221034
2021-09-05 16:00:00,0.0,0.5225841493860731,9.089574582957082,553.6958128337037,0.12764678018832368,-2.133340312847664
2021-09-05 16:30:00,0.0,0.484427064678699,8.811789173224113,536.774380831393,0.12764678018832368,-2.0954634562550125
2021-09-05 17:00:00,0.0,0.392154355620575,9.11863277821557,555.4659067909387,0.12564947645458002,-2.0482979659231657
2021-09-05 17:30:00,0.0,0.4167648723659661,8.590230185895631,523.2780084258601,0.12564947645458002,-1.9903684088846163
2021-09-05 18:00:00,0.0,0.4041260172764394,8.797081088508174,535.8784307681977,0.12564947645458002,-1.902564591873364
2021-09-05 18:30:00,0.0,0.2642254637817371,8.396564663258426,511.4807798541807,0.12564947645458002,-1.7650741588169
2021-09-05 19:00:00,0.0,0.2055740750061825,7.760036462242139,472.70635796714134,0.12408754941346382,-1.5785970836420526
2021-09-05 19:30:00,0.0,0.1605216783452257,6.8999578213289885,420.3142533823758,0.12408754941346382,-1.3702243907585316
2021-09-05 20:00:00,0.0,0.157952102983128,6.04027594597216,367.9463179625373,0.12308889754659204,-1.178466798003479
2021-09-05 20:30:00,0.0,0.189270596467362,4.573268745648092,278.5828679129228,0.12308889754659204,-1.0300444053466975
2021-09-05 21:00:00,0.0,0.1588300898286458,3.154790736529763,192.17559691498863,0.12365217272083633,-0.9276160573443996
2021-09-05 21:30:00,0.0,0.1523182223559404,2.448698833387789,149.16366861434614,0.12365217272083633,-0.8563678003451551
2021-09-05 22:00:00,0.0,0.1528221834973955,2.1164531915183606,128.9247653459491,0.12365217272083633,-0.7996015857286137
2021-09-05 22:30:00,0.0,0.0847134615306172,1.5578538682795933,94.89741857562046,0.12365217272083633,-0.7486110675876834
2021-09-05 23:00:00,0.0,0.0789027130275174,1.1497781709610504,70.03929096334188,0.12365217272083633,-0.7018659991686755
2021-09-05 23:30:00,0.0,0.1199850365130996,1.1085392804650789,67.52720409006395,0.12365217272083633,-0.6602049642671455
2021-09-06 00:00:00,0.0,0.0677608562295172,0.724090775679613,44.108338288685715,0.12308889754659204,-0.6255418649691201
2021-09-06 00:30:00,0.0,0.0688649161834038,1.652523532377366,100.66426675260708,0.12308889754659204,-0.6027271899732329
2021-09-06 01:00:00,0.0,0.0584818458029626,0.829267605301521,50.51523551333323,0.12296099906497515,-0.5988724033748579
2021-09-06 01:30:00,0.0,0.0554627477279255,0.829267605301521,50.51523551333323,0.12296099906497515,-0.6174961735249739
2021-09-06 02:00:00,0.0,0.0714958078342892,1.571607137550509,95.73520559618782,0.12252562237234765,-0.6523343163508641
2021-09-06 02:30:00,0.0,0.077518076826456,1.1623834533929869,70.8071478127962,0.12252562237234765,-0.689544285330658
2021-09-06 03:00:00,0.0,0.058002940304696,1.0795910996165892,65.7638117135918,0.12296099906497515,-0.7186255803377121
2021-09-06 03:30:00,0.0,0.060610964582163,0.597186989635796,36.377933050914265,0.12296099906497515,-0.739952435221569
2021-09-06 04:00:00,0.0,0.0588424241883023,0.5759623370517418,35.085023117959224,0.1223977238907308,-0.7599715791450398
2021-09-06 04:30:00,0.0,0.0725119340973421,0.9547970409829224,58.161921536955454,0.1223977238907308,-0.780729269721189
2021-09-06 05:00:00,0.0,0.0660724459645692,0.9756468509974114,59.43199775427882,0.1223977238907308,-0.7953369321059993
2021-09-06 05:30:00,0.0,0.1027882123923493,1.0795910996165892,65.7638117135918,0.1223977238907308,-0.7907404445640777
2021-09-06 06:00:00,0.0,0.1223805410566317,1.017285374124811,61.9684284417445,0.12183444871648645,-0.7535388366028435
2021-09-06 06:30:00,0.0,0.1491539550822523,0.8921248666382063,54.34421585676685,0.12183444871648645,-0.6796877509094061
2021-09-06 07:00:00,0.0,0.0586041780298584,1.571607137550509,95.73520559618782,0.12127117354224214,-0.5860201945188088
2021-09-06 07:30:00,0.0,0.0733898849302228,0.9964762801492054,60.700832461536656,0.12127117354224214,-0.5119667489294786
2021-09-06 08:00:00,0.0,0.0756612760077284,1.9532810013239104,118.98505280417918,0.12070789836799782,-0.5046951231352681
2021-09-06 08:30:00,0.0,0.0684440832427302,2.347891428101708,143.0229369772254,0.12070789836799782,-0.5965640149233157
2021-09-06 09:00:00,0.0,0.0647626887198627,3.840491141214159,233.9453672674983,0.1205799998863809,-0.7888030557615091
2021-09-06 09:30:00,0.0,0.0004356092770747,5.68133616929219,346.08132861751255,0.1205799998863809,-1.0489725804097945
2021-09-06 10:00:00,0.0,3.8648415040799214e-05,6.927117371835767,421.96869048026207,0.12014462319375342,-1.3239190869924138
2021-09-06 10:30:00,0.0,0.1089677199196473,7.881298200759979,480.09307516292233,0.12014462319375342,-1.5624062557216478
2021-09-06 11:00:00,0.0,0.1781836320698416,8.843163534175263,538.6855651371533,0.11958134801950909,-1.7347587564944111
2021-09-06 11:30:00,0.0,0.1114455182130665,8.501876026069128,517.8958722328085,0.11958134801950909,-1.8401494574040531
2021-09-06 12:00:00,0.0,0.1409837423742155,8.427044413255741,513.3374685028855,0.1184547976710204,-1.9006601982692084
2021-09-06 12:30:00,0.0,0.3592626975231296,7.773725937391945,473.54025893810103,0.1184547976710204,-1.946613515946028
2021-09-06 13:00:00,0.0,0.3547319566721877,7.712038095229799,469.7825143268219,0.11801942097839291,-2.002034966323661
2021-09-06 13:30:00,0.0,0.1543820316773955,8.382034218904582,510.59565083918574,0.11801942097839291,-2.0779093258801615
2021-09-06 14:00:00,0.0,0.3968118382280913,9.077796752447338,552.9783606165518,0.11758404428576545,-2.1729782725714673
2021-09-06 14:30:00,0.0,0.4022905861547975,8.65085044389096,526.970720633519,0.11758404428576545,-2.2764838642764924
2021-09-06 15:00:00,0.0,0.50168004784963,8.231392159338464,501.41921723856393,0.12052831863860398,-2.370642407915136
2021-09-06 15:30:00,0.0,0.5693318223476369,8.93141481602158,544.0614344685006,0.12052831863860398,-2.43570220378007
2021-09-06 16:00:00,0.0,0.5428887700970227,8.946092445143382,544.955529314513,0.11952966677173221,-2.4570142010352836
2021-09-06 16:30:00,0.0,0.4674863023798266,8.828423945260738,537.7876959805302,0.11952966677173221,-2.428479874440844
2021-09-06 17:00:00,0.0,0.4473190615741018,8.442029235609715,514.2502761725656,0.11753236303798853,-2.3485234854776373
2021-09-06 17:30:00,0.0,0.3320632567259485,8.003649380026406,487.5461561665272,0.11753236303798853,-2.212182448545201
2021-09-06 18:00:00,0.0,0.4166573259435617,8.03413995700989,489.4035043463081,0.11609833447848922,-2.011228275960789
2021-09-06 18:30:00,0.0,0.1752524484367353,7.510443698713071,457.5022945845976,0.11609833447848922,-1.7485593047195591
2021-09-06 19:00:00,0.0,0.2013020335357561,7.588182000342507,462.23776066347534,0.11284658191463999,-1.452561649401643
2021-09-06 19:30:00,0.0,0.1563822233557858,6.115088600951575,372.50356686687473,0.11284658191463999,-1.1710939159859524
2021-09-06 20:00:00,0.0,0.0956687651386972,5.461354770459559,332.681055774897,0.11015810452503515,-0.9472803978813554
2021-09-06 20:30:00,0.0,0.1460133078168408,4.166936524285676,253.83094497808793,0.11015810452503515,-0.7991911146464171
2021-09-06 21:00:00,0.0,0.1391501768644196,2.831294155166211,172.46964688044432,0.11015810452503515,-0.7183776310285945
2021-09-06 21:30:00,0.0,0.1404390369813598,2.2105932902444736,134.65935479330724,0.11015810452503515,-0.682390045858023
2021-09-06 22:00:00,0.0,0.1357994473237557,1.7130117192462535,104.34893378399964,0.11015810452503515,-0.6684899435054634
2021-09-06 22:30:00,0.0,0.0812669725210356,2.2105932902444736,134.65935479330724,0.11015810452503515,-0.6606203815577002
2021-09-06 23:00:00,0.0,3.829855783190538e-05,1.2654247854246874,77.08396017338072,0.10959482935079083,-0.6492924805140086
2021-09-06 23:30:00,0.0,0.0718876369769512,1.0795910996165892,65.7638117135918,0.10959482935079083,-0.62911837631869
2021-09-07 00:00:00,0.0,3.586361836441259e-05,1.2579730468508523,76.63003392974771,0.11003020604341829,-0.5983447731367129
2021-09-07 00:30:00,0.0,3.432914474509867e-05,0.0260431785969628,1.586432765407538,0.11003020604341829,-0.559878538426536
2021-09-07 01:00:00,0.0,0.0612127974813966,0.8622285570592466,52.523067762103786,0.10946693086917393,-0.5205809755361298
2021-09-07 01:30:00,0.0,0.050379970826033,0.7779689668992236,47.39035425203862,0.10946693086917393,-0.4888294921270725
2021-09-07 02:00:00,0.0,0.075965198802401,1.1337920988681558,69.06549168366054,0.10990230756180143,-0.4725015384797748
2021-09-07 02:30:00,0.0,0.0725745056109761,0.5231653286654371,31.868867927544095,0.10990230756180143,-0.476283583093718
2021-09-07 03:00:00,0.0,0.0730269693484377,0.9042335181365015,55.08182019374425,0.10933903238755709,-0.4967835029268177
2021-09-07 03:30:00,0.0,0.0773315052016057,1.4224344574804877,86.64827995515505,0.10933903238755709,-0.5203186709806747
2021-09-07 04:00:00,0.0,0.0776481740698953,1.0506018917188087,63.99792015465541,0.10933903238755709,-0.529936252109801
2021-09-07 04:30:00,0.0,0.0828293124189358,0.2868713996518855,17.474909453608145,0.10933903238755709,-0.5179409005817247
2021-09-07 05:00:00,0.0,0.0645405207980317,0.1785849691592448,10.878589394481988,0.10921113390594019,-0.4909636450687368
2021-09-07 05:30:00,0.0,0.0425173317281977,0.5445163060721789,33.16947299790526,0.10921113390594019,-0.4623861709546297
2021-09-07 06:00:00,0.0,0.0363614390909773,1.1337920988681558,69.06549168366054,0.10921113390594019,-0.4421262240313015
2021-09-07 06:30:00,0.0,2.781105680668246e-05,0.6084404467779034,37.06344281186298,0.10921113390594019,-0.4344455225259842
2021-09-07 07:00:00,0.0,2.6328952168670433e-05,0.2652585291257447,16.158351037763346,0.10908323542432337,-0.441908546824002
2021-09-07 07:30:00,0.0,2.7046281764451948e-05,0.6721724325599924,40.94570741611464,0.10908323542432337,-0.4686429237977418
2021-09-07 08:00:00,0.0,0.0319592653074249,0.7568517790044931,46.103990582383695,0.10908323542432337,-0.5221800956916433
2021-09-07 08:30:00,0.0,2.572792735869879e-05,1.2579730468508523,76.63003392974771,0.10908323542432337,-0.6162857865239101
2021-09-07 09:00:00,0.0,2.5342352952357383e-05,1.7476237897895377,106.45734472869384,0.10908323542432337,-0.7715660936832878
2021-09-07 09:30:00,0.0,2.6579814711673224e-05,1.9883334015975025,121.12028664643726,0.10908323542432337,-1.0055078199674876
2021-09-07 10:00:00,0.0,3.062997880469489e-05,3.878887712786572,236.28431291482013,0.10908323542432337,-1.3128673902907857
2021-09-07 10:30:00,0.0,3.948357461039692e-05,6.53494377088175,398.0792467257325,0.10908323542432337,-1.6541240350585156
2021-09-07 11:00:00,0.0,0.1607868177232559,8.382668755036097,510.6343039131998,0.10851996025007904,-1.9696033677629996
2021-09-07 11:30:00,0.0,4.687151224874353e-05,8.786152134871667,535.2126882945583,0.10851996025007904,-2.2110770674919045
2021-09-07 12:00:00,0.0,0.036806721745607,8.7267976445266,531.5970809328494,0.10851996025007904,-2.3639621212671584
2021-09-07 12:30:00,0.0,0.279473989465557,8.367595268260864,509.7160952076021,0.10851996025007904,-2.4474220241377407
2021-09-07 13:00:00,0.0,0.2973001121461905,8.033574338177063,489.36904940273104,0.10808458355745154,-2.501929647755123
2021-09-07 13:30:00,0.0,0.1596155580609928,8.155572812314697,496.8006452035691,0.10808458355745154,-2.572822891694081
2021-09-07 14:00:00,0.0,0.3403292275621242,8.442868995480236,514.3014305494673,0.10990230756180143,-2.690847104506746
2021-09-07 14:30:00,0.0,0.3335539306714404,8.517909537253376,518.8725612875841,0.10990230756180143,-2.8547291850545298
2021-09-07 15:00:00,0.0,0.3336810907340709,8.711936406344927,530.6918014525374,0.11184793004776816,-3.026671025578624
2021-09-07 15:30:00,0.0,0.449251931636309,8.904429735605977,542.4176253002348,0.11184793004776816,-3.146699396870987
2021-09-07 16:00:00,0.0,0.3045599997812015,8.382668755036097,510.6343039131998,0.11084927818089636,-3.1611231157551125
2021-09-07 16:30:00,0.0,0.452685406512877,8.68218669488902,528.879583453135,0.11084927818089636,-3.050352275789548
2021-09-07 17:00:00,0.0,0.2800797837232394,7.833995388460227,477.2116015728667,0.10997852479564141,-2.8359273719673173
2021-09-07 17:30:00,0.0,0.1875659977059844,8.26181685162136,503.2725520200816,0.10997852479564141,-2.5568528020952823
2021-09-07 18:00:00,0.0,0.0367036582708145,7.957009620403162,484.70507274955617,0.10897987292876958,-2.2372965720465077
2021-09-07 18:30:00,0.0,0.2130095134691037,7.114074237709261,433.35725799460545,0.10897987292876958,-1.8824548862352295
2021-09-07 19:00:00,0.0,0.096562243498486,6.777987509565157,412.88437310609953,0.10685467071340904,-1.5053295672928626
2021-09-07 19:30:00,0.0,0.0850855381915382,5.348686679923777,325.8178247842408,0.10685467071340904,-1.144940378830623
2021-09-07 20:00:00,0.0,0.0745521298495024,3.86057947333783,235.16905769241043,0.10316754145693234,-0.8484228146821151
2021-09-07 20:30:00,0.0,0.1045967166318121,3.2477757305916013,197.83982260547825,0.10316754145693234,-0.6387354705347692
2021-09-07 21:00:00,0.0,0.0975271007279811,2.481376742534922,151.1542591861924,0.10316754145693234,-0.5056671538180207
2021-09-07 21:30:00,0.0,0.1160199185494185,2.0878429505984992,127.18195874296538,0.10316754145693234,-0.4235753855332513
2021-09-07 22:00:00,0.0,0.087678119752461,1.175265970283156,71.59189253277687,0.10316754145693234,-0.3711648129429862
2021-09-07 22:30:00,0.0,0.0547672719787879,1.4224344574804877,86.64827995515505,0.10316754145693234,-0.3374875319171571
2021-09-07 23:00:00,0.0,0.0791532939335009,1.4019456894586615,85.40019678467564,0.102604266282688,-0.3186816323147234
2021-09-07 23:30:00,0.0,0.0465827082416956,1.1959727556659958,72.85325633578937,0.102604266282688,-0.3138916851481568
2021-09-08 00:00:00,0.0,0.043391527656703,1.2087366515447464,73.63077519973717,0.10204099110844367,-0.3229555302711633
2021-09-08 00:30:00,0.0,0.0418891689746332,0.6408340810358562,39.03671664194136,0.10204099110844367,-0.3447673741576939
2021-09-08 01:00:00,0.0,0.0409938064496901,0.979193723183357,59.64805718149301,0.10204099110844367,-0.3761883553506395
2021-09-08 01:30:00,0.0,0.0608442164440759,0.4050422819300286,24.673345653136636,0.10204099110844367,-0.4122836391850634
2021-09-08 02:00:00,0.0,0.0385872695356276,0.3186440973108068,19.41035863174258,0.10247636780107117,-0.4483211649811927
2021-09-08 02:30:00,0.0,0.0361731268918864,0.5553950145121888,33.8321547612043,0.10247636780107117,-0.4821092330018493
2021-09-08 03:00:00,0.0,0.0552092757227198,0.6621401664110318,40.33458709258178,0.10247636780107117,-0.5145244952200168
2021-09-08 03:30:00,0.0,0.0527027780376313,0.361887344927322,22.044541884222813,0.10247636780107117,-0.5475691700745575
2021-09-08 04:00:00,0.0,0.0530065944382366,0.3834758265441273,23.359614637910884,0.10234846931945428,-0.5817076030815691
2021-09-08 04:30:00,0.0,0.0522111556666339,0.361887344927322,22.044541884222813,0.10234846931945428,-0.6148453652701511
2021-09-08 05:00:00,0.0,0.0536225866191527,0.7683509621404758,46.80446886057944,0.10234846931945428,-0.643505104303454
2021-09-08 05:30:00,0.0,0.033866286290483,0.2318910148524523,14.125752837575602,0.10234846931945428,-0.665122318194326
2021-09-08 06:00:00,0.0,0.0316460954048771,0.4481093186518903,27.296794934114143,0.10278384601208178,-0.6803260978310415
2021-09-08 06:30:00,0.0,3.195645334647196e-05,-0.0745882224977484,-4.5435774916405665,0.10278384601208178,-0.6942480463912863
2021-09-08 07:00:00,0.0,0.0310471438977484,0.4696100018755269,28.606519406402757,0.10278384601208178,-0.7158540850531728
2021-09-08 07:30:00,0.0,3.0978191427504694e-05,0.2753121259421011,16.77077072917247,0.10278384601208178,-0.754667864444063
2021-09-08 08:00:00,0.0,3.140724455409311e-05,0.6834248778691898,41.63115554077439,0.10278384601208178,-0.815470029339268
2021-09-08 08:30:00,0.0,3.359580809359443e-05,1.9432271560127912,118.37261797559192,0.10278384601208178,-0.8937690933337427
2021-09-08 09:00:00,0.0,0.0030786045459022,2.321021134826863,141.38612012291503,0.10278384601208178,-0.9763245069242392
2021-09-08 09:30:00,0.0,0.0094740617829776,2.692358652878262,164.00632385375124,0.10278384601208178,-1.0484139922578446
2021-09-08 10:00:00,0.0,0.0026060509929058,3.0002416114693338,182.76116253832137,0.10334712118632612,-1.1033838893054244
2021-09-08 10:30:00,0.0,0.000828794795183,3.2283525138237277,196.65664800275283,0.10334712118632612,-1.1467152952914976
2021-09-08 11:00:00,0.0,0.0056680154528231,4.045182663157465,246.41424989651296,0.10334712118632612,-1.1922625504785953
2021-09-08 11:30:00,0.0,0.0156250016890936,4.298922523688308,261.8709356899672,0.10334712118632612,-1.257689703259449
2021-09-08 12:00:00,0.0,0.0110590329621166,4.72734319692164,287.96838730728155,0.10334712118632612,-1.3643681085792945
2021-09-08 12:30:00,0.0,0.0071081067826076,4.868360913674759,296.55854943081727,0.10334712118632612,-1.5338128693709032
2021-09-08 13:00:00,0.0,0.0583229381054085,7.189580183843973,437.9567390635244,0.10347501966794297,-1.7729644035567804
2021-09-08 13:30:00,0.0,0.1272391546733167,9.288354466497248,565.8045851626233,0.10347501966794297,-2.0602709829525954
2021-09-08 14:00:00,0.0,0.2948470145271175,9.259196849788449,564.0284348998657,0.10416619332380421,-2.3505954081315266
2021-09-08 14:30:00,0.0,0.2974888918457488,8.71343668910418,530.7831918992831,0.10416619332380421,-2.593801461403239
2021-09-08 15:00:00,0.0,0.2951014726985815,8.8621438362491,539.8417593780046,0.10754584436927023,-2.747627599918327
2021-09-08 15:30:00,0.0,0.2905937355705551,8.921374002838228,543.4497934982519,0.10754584436927023,-2.7815806773457443
2021-09-08 16:00:00,0.0,0.2598945146482337,9.009951229957696,548.8455179428732,0.10711046767664273,-2.6829280086967473
2021-09-08 16:30:00,0.0,0.4254913555285153,8.906579909559705,542.5486041820491,0.10711046767664273,-2.4661175759065763
2021-09-08 17:00:00,0.0,0.6243908959647624,8.078724474010695,492.11939166922485,0.10623971429138775,-2.17464611867304
2021-09-08 17:30:00,0.0,0.4235311607198904,6.594017713715096,401.6777644006664,0.10623971429138775,-1.8676522833243747
2021-09-08 18:00:00,0.0,0.1261204681239227,5.730451253469599,349.0731976217008,0.10129813620480559,-1.5962391087181926
2021-09-08 18:30:00,0.0,0.1905394063697642,5.268971236515097,320.96192016178173,0.10129813620480559,-1.3847008054587313
2021-09-08 19:00:00,0.0,0.1805252318443777,4.762680134146804,290.1209538549643,0.09973620916368936,-1.2295826528794351
2021-09-08 19:30:00,0.0,0.1058845908870658,4.117973847775672,250.84835996035207,0.09973620916368936,-1.114362977943128
2021-09-08 20:00:00,0.0,0.1045438669068598,3.5661546571778855,217.2340282348427,0.09973620916368936,-1.0254667555734682
2021-09-08 20:30:00,0.0,0.0967447610657577,2.7890378674591445,169.89558476612174,0.09973620916368936,-0.9587638909571664
2021-09-08 21:00:00,0.0,0.1467059357606911,2.103102015959875,128.11147205750393,0.09917293398944499,-0.9161372890597436
2021-09-08 21:30:00,0.0,4.508809620394872e-05,1.64023319681094,99.91559504312896,0.09917293398944499,-0.8976620921950561
2021-09-08 22:00:00,0.0,0.092342996623645,1.9432271560127912,118.37261797559192,0.09917293398944499,-0.8965988814663397
2021-09-08 22:30:00,0.0,0.0963609710175504,1.7011737720303652,103.62781952874354,0.09917293398944499,-0.9014898865067816
2021-09-08 23:00:00,0.0,0.0935004741771432,1.4152944275643031,86.2133415945071,0.09873755729681753,-0.9028484109801008
2021-09-08 23:30:00,0.0,0.1472974703447596,1.2294823733849851,74.89451083580212,0.09873755729681753,-0.8975846216319372
2021-09-09 00:00:00,0.0,0.1428988963847158,1.36653446962962,83.24310527640668,0.09817428212257323,-0.8879748710432402
2021-09-09 00:30:00,0.0,0.1410688357693827,1.5518017414264949,94.5287503539435,0.09817428212257323,-0.8776914196318768
2021-09-09 01:00:00,0.0,0.171133262573373,1.1796512509048422,71.85902401359239,0.09817428212257323,-0.8687001779622351
2021-09-09 01:30:00,0.0,0.1379347864941011,0.8009046366369545,48.787491618855505,0.09817428212257323,-0.8603799308050771
2021-09-09 02:00:00,0.0,0.1305994074686504,1.3044212147540482,79.4594464448304,0.09817428212257323,-0.8500457784221481
2021-09-09 02:30:00,0.0,0.1705900499559607,1.05414851435347,64.21396438033294,0.09817428212257323,-0.8338736102300078
2021-09-09 03:00:00,0.0,0.1325355968300221,1.469658168555808,89.52493505603293,0.09817428212257323,-0.8084380598002183
2021-09-09 03:30:00,0.0,0.0793328497745852,1.033159452532722,62.935405572174176,0.09817428212257323,-0.772792615402719
2021-09-09 04:00:00,0.0,0.0783661130420982,1.05414851435347,64.21396438033294,0.09817428212257323,-0.7293566577455945
2021-09-09 04:30:00,0.0,4.10939356366709e-05,1.033159452532722,62.935405572174176,0.09817428212257323,-0.682265789002004
2021-09-09 05:00:00,0.0,4.136582724717461e-05,1.075116944836949,65.49126642064691,0.09761100694832887,-0.6351103549450803
2021-09-09 05:30:00,0.0,3.935038771034967e-05,1.1169920978181322,68.04211152960566,0.09761100694832887,-0.5913120655054317
2021-09-09 06:00:00,0.0,0.0549496852127308,0.8856544000068661,53.95006426604546,0.09761100694832887,-0.5570518710260417
2021-09-09 06:30:00,0.0,0.0481818912631371,0.5875392163718816,35.79023429662773,0.09761100694832887,-0.5429933001743155
2021-09-09 07:00:00,0.0,0.0473996118197132,0.9279030334619172,56.52366011792056,0.09804638364095634,-0.5622111018262413
2021-09-09 07:30:00,0.0,0.0479076063703424,1.2836766904863317,78.19578375947235,0.09804638364095634,-0.6255625087706602
2021-09-09 08:00:00,0.0,0.0498001111627252,2.631194046987201,160.2804524318913,0.09704773177408453,-0.7369336864507875
2021-09-09 08:30:00,0.0,0.0488093751964935,2.592159040040213,157.90261618628668,0.09704773177408453,-0.8896402586759973
2021-09-09 09:00:00,0.0,0.0776884099069661,4.73155324676301,288.22484452073115,0.09804638364095634,-1.0668112835774228
2021-09-09 09:30:00,0.0,4.362491475530173e-05,5.516137928367026,336.0181982198302,0.09804638364095634,-1.2486880291190006
2021-09-09 10:00:00,0.0,4.437584262620107e-05,6.307885772550852,384.24789941692154,0.09804638364095634,-1.4220038589388238
2021-09-09 10:30:00,0.0,0.0869786772952214,7.233286783413384,440.61914762334374,0.09804638364095634,-1.5815341793178703
2021-09-09 11:00:00,0.0,0.2633180424639934,8.093147133339505,492.9979549075157,0.09860965881520069,-1.723783728488667
2021-09-09 11:30:00,0.0,0.1772844290042108,8.031643859448339,489.2514533613428,0.09860965881520069,-1.8432404309095256
2021-09-09 12:00:00,0.0,0.4582398634176128,8.549489522534868,520.7962712984462,0.09860965881520069,-1.936145938069856
2021-09-09 12:30:00,0.0,0.4185185390925798,8.24622127410264,502.32253990543,0.09860965881520069,-2.006074331307042
2021-09-09 13:00:00,0.0,0.5320023084720812,8.609690438698545,524.4634390964948,0.09817428212257323,-2.064532523016066
2021-09-09 13:30:00,0.0,0.5578546108834652,9.1302025250539,556.1706834910432,0.09817428212257323,-2.1253965097462344
2021-09-09 14:00:00,0.0,0.5962619716315917,8.819228248789061,537.2275357017418,0.09942873095267878,-2.195975625890267
2021-09-09 14:30:00,0.0,0.5801354175189807,8.654743462574276,527.2078657413084,0.09942873095267878,-2.27088627079338
2021-09-09 15:00:00,0.0,0.4889363285782145,9.320754293783962,567.778236244031,0.10237300530551736,-2.3356359391715893
2021-09-09 15:30:00,0.0,0.6001492721606558,8.923325950194425,543.5686973114209,0.10237300530551736,-2.3776732379543586
2021-09-09 16:00:00,0.0,0.1951286900634309,8.383162498961363,510.66438056217135,0.10193762861288987,-2.390084114107967
2021-09-09 16:30:00,0.0,0.4097635528802681,8.789404361661669,535.4107992555912,0.10193762861288987,-2.361809419214673
2021-09-09 17:00:00,0.0,0.4060256847620796,9.100755362644303,554.3768954124901,0.10093897674601804,-2.273008928065349
2021-09-09 17:30:00,0.0,0.3821995458052661,8.383162498961363,510.66438056217135,0.10093897674601804,-2.1106378603343283
2021-09-09 18:00:00,0.0,0.349795639613476,7.201425680007637,438.6783131665694,0.10050360005339054,-1.887001568017251
2021-09-09 18:30:00,0.0,0.1302546711625407,6.767033384716638,412.2170973159591,0.10050360005339054,-1.6361310274710614
2021-09-09 19:00:00,0.0,0.1965913908348811,6.175021023692263,376.1543792587681,0.096688572315297,-1.3916637066658406
2021-09-09 19:30:00,0.0,0.1127306379661561,5.720886102052939,348.4905318170265,0.096688572315297,-1.1712855639668616
2021-09-09 20:00:00,0.0,4.6240827686522826e-05,3.77109943021476,229.71833777617596,0.09512664527418084,-0.9806325915902268
2021-09-09 20:30:00,0.0,0.0842307578036788,2.7090553517578417,165.02341130634804,0.09512664527418084,-0.8247669301768251
2021-09-09 21:00:00,0.0,0.0781216647735443,2.650685407405098,161.46777803787262,0.094127993407309,-0.7105222001397838
2021-09-09 21:30:00,0.0,0.0728491743955897,1.877274381845795,114.35507297744608,0.094127993407309,-0.639893381628122
2021-09-09 22:00:00,0.0,0.0689434499627918,1.8974541523754769,115.58433341689285,0.09356471823306467,-0.6058286460742124
2021-09-09 22:30:00,0.0,0.100045421046383,1.8368581503122472,111.8930987710182,0.09356471823306467,-0.5952995827496927
2021-09-09 23:00:00,0.0,3.8734359909475526e-05,1.469658168555808,89.52493505603293,0.09356471823306467,-0.5949967076940837
2021-09-09 23:30:00,0.0,3.8648415040799214e-05,1.3458500596543272,81.98310448211984,0.09356471823306467,-0.5959795279247443
2021-09-10 00:00:00,0.0,0.0482733249883355,1.4827729607467537,90.32382893781332,0.09356471823306467,-0.5967926417473327
2021-09-10 00:30:00,0.0,0.0701636618065927,1.1919377026055196,72.60745913551813,0.09356471823306467,-0.6023552097511544
2021-09-10 01:00:00,0.0,0.0645326406212298,0.6625255320156255,40.3580618239596,0.09300144305882034,-0.6163439905324832
2021-09-10 01:30:00,0.0,0.0403553001379516,0.8758727854969152,53.354212507804945,0.09300144305882034,-0.6333706687207381
2021-09-10 02:00:00,0.0,0.0380042640124003,0.7694669276133195,46.87244843475435,0.0934368197514478,-0.6407937511392957
2021-09-10 02:30:00,0.0,0.0347442001712676,0.5334801948671463,32.49720296937707,0.0934368197514478,-0.6288082849617912
2021-09-10 03:00:00,0.0,0.029545757671582,0.4036437992781304,24.588156408952596,0.0934368197514478,-0.5971851881617641
2021-09-10 03:30:00,0.0,3.303117294097335e-05,1.002861497310504,61.08979103973832,0.0934368197514478,-0.5534961099036648
2021-09-10 04:00:00,0.0,0.0245140454510043,0.6195976354662175,37.7430883335905,0.0934368197514478,-0.5083347672953703
2021-09-10 04:30:00,0.0,0.0219095608150735,0.5550423876118885,33.810674323763934,0.0934368197514478,-0.4719025978879531
2021-09-10 05:00:00,0.0,0.0304457982792315,0.468661571528487,28.54874531509324,0.0938721964440753,-0.4510804190193345
2021-09-10 05:30:00,0.0,0.0301360280724359,0.4253386039390658,25.909705882074046,0.0938721964440753,-0.4475230787093497
2021-09-10 06:00:00,0.0,0.0273624833853051,0.726754979375261,44.27062953976168,0.0938721964440753,-0.4589920054028371
2021-09-10 06:30:00,0.0,0.0157667679042577,0.4036437992781304,24.588156408952596,0.0938721964440753,-0.4826422124344153
2021-09-10 07:00:00,0.0,0.0155755709386171,0.3819267112895623,23.265249536197796,0.09430757313670275,-0.5170209366107439
2021-09-10 07:30:00,0.0,2.792132579120251e-05,0.468661571528487,28.54874531509324,0.09430757313670275,-0.5624026389379981
2021-09-10 08:00:00,0.0,2.8104307908220937e-05,0.1195643425468719,7.283319502823232,0.09474294982933025,-0.6208745124474507
2021-09-10 08:30:00,0.0,2.82896123113535e-05,0.9394617870702066,57.22776716012321,0.09474294982933025,-0.6961043487271421
2021-09-10 09:00:00,0.0,2.7995008303509975e-05,1.0450234458476506,63.65810643809588,0.09474294982933025,-0.7919119250136079
2021-09-10 09:30:00,0.0,2.8959225565404393e-05,1.1290981855582236,68.77955969401748,0.09474294982933025,-0.9093681790424094
2021-09-10 10:00:00,0.0,3.1095386000272306e-05,2.113096942165127,128.72031780038458,0.09474294982933025,-1.0433504742137187
2021-09-10 10:30:00,0.0,0.0089684021916086,3.3024327521307013,201.16928139279096,0.09474294982933025,-1.1813804832617594
2021-09-10 11:00:00,0.0,0.023157511326786,4.2133836399841,256.66029339761025,0.09517832652195773,-1.3076451057769451
2021-09-10 11:30:00,0.0,0.0090165365591126,4.771100383408342,290.63387739352805,0.09517832652195773,-1.4103085946754963
2021-09-10 12:00:00,0.0,0.0112563034169375,5.539829692768546,337.4613934571915,0.09574160169620206,-1.4861774768216425
2021-09-10 12:30:00,0.0,0.092589673828031,6.133408699512079,373.6195444927882,0.09574160169620206,-1.5402161210762653
2021-09-10 13:00:00,0.0,0.111099995012362,6.548263193374246,398.8906057608722,0.09630487687044641,-1.583129033797631
2021-09-10 13:30:00,0.0,0.2290452995740866,6.744801862071584,410.8628534083769,0.09630487687044641,-1.6292407225289445
2021-09-10 14:00:00,0.0,0.2827688899417714,6.793679838669817,413.8402788901997,0.0969960505263076,-1.6922080129205646
2021-09-10 14:30:00,0.0,0.329040865083636,7.149045781789857,435.48756644293064,0.0969960505263076,-1.7764474378310704
2021-09-10 15:00:00,0.0,0.360210676936249,7.356546246966629,448.1275572016672,0.09894167301227441,-1.86864158898756
2021-09-10 15:30:00,0.0,0.411988330677673,7.420028605737594,451.9946156563276,0.09894167301227441,-1.9379544552407169
2021-09-10 16:00:00,0.0,0.4230929301111866,7.530716024347099,458.7371930627958,0.10019612184237991,-1.948937569223263
2021-09-10 16:30:00,0.0,0.3529226773975246,7.149045781789857,435.48756644293064,0.10019612184237991,-1.8812847160895567
2021-09-10 17:00:00,0.0,0.264645831323556,6.695821734075468,407.8792053249608,0.09932536845712496,-1.7436382346970376
2021-09-10 17:30:00,0.0,0.1259096548002523,5.710990691588336,347.8877481234096,0.09932536845712496,-1.5697846422913204
2021-09-10 18:00:00,0.0,4.456473885987298e-05,5.228479033760307,318.4953181318277,0.09551034071903143,-1.398326852023942
2021-09-10 18:30:00,0.0,4.381194643932356e-05,4.158668849156183,253.32731556625023,0.09551034071903143,-1.2525320288752395
2021-09-10 19:00:00,0.0,4.2510649923411175e-05,3.975313241605569,242.15812043684227,0.09338513850367092,-1.1362321511749236
2021-09-10 19:30:00,0.0,4.145733419429641e-05,2.938866478213386,179.0224667406493,0.09338513850367092,-1.0437186636106393
2021-09-10 20:00:00,0.0,4.050824563260603e-05,2.783966877536029,169.58668297300423,0.09338513850367092,-0.9698514841103508
2021-09-10 20:30:00,0.0,0.0467659570717765,2.2329995294714022,136.0242416456097,0.09338513850367092,-0.9123654348816468
2021-09-10 21:00:00,0.0,0.0410424028242912,1.5856940641899848,96.59331751603476,0.09294976181104342,-0.8687923949746992
2021-09-10 21:30:00,0.0,3.834218123900825e-05,1.379355917661531,84.02412995747866,0.09294976181104342,-0.8335465342869741
2021-09-10 22:00:00,0.0,3.803747056451597e-05,1.1710117265352311,71.33274322622775,0.09238648663679906,-0.7981912593226748
2021-09-10 22:30:00,0.0,3.721987992815649e-05,1.002861497310504,61.08979103973832,0.09238648663679906,-0.7548500158992251
2021-09-10 23:00:00,0.0,3.582180858518088e-05,0.4902898381382204,29.866241590784117,0.09238648663679906,-0.7007559261902092
2021-09-10 23:30:00,0.0,3.3716191316882116e-05,0.7907907452905371,48.171399057112694,0.09238648663679906,-0.6407143411632024
2021-09-11 00:00:00,0.4,3.2153923140210136e-05,0.4134360062532787,25.184653412311437,0.09394841367791523,-0.5849779244992246
2021-09-11 00:30:00,0.0,3.1640917004144014e-05,0.6084714903881612,37.06533384833097,0.09394841367791523,-0.5436801256456939
2021-09-11 01:00:00,0.4,3.113345954710823e-05,0.5003403186169401,30.478471448985413,0.09538244223741454,-0.5225620085907107
2021-09-11 01:30:00,1.6,3.051554658457701e-05,0.6945810699012289,42.310740350704975,0.09538244223741454,-0.522712499915602
2021-09-11 02:00:00,2.0,3.0323396658217114e-05,0.2824060611431106,17.202901208048495,0.14032699479794838,-0.541884923558097
2021-09-11 02:30:00,0.8,3.05531359112814e-05,0.1064243721301911,6.482891877297554,0.14032699479794838,-0.5747543822888793
2021-09-11 03:00:00,0.6,3.0438899716606223e-05,0.2604884836569569,15.867781421001926,0.19817258584267447,-0.6134078017061388
2021-09-11 03:30:00,0.2,3.005453953235084e-05,0.2165849142996398,13.193374351700763,0.19817258584267447,-0.6497070729568675
2021-09-11 04:00:00,0.4,2.994003747838271e-05,0.3480226104744522,21.199964908420306,0.2223934183351813,-0.6780982905778723
2021-09-11 04:30:00,0.0,2.9561549455001053e-05,-0.0710401977654735,-4.32744785651171,0.2223934183351813,-0.6967004258969116
2021-09-11 05:00:00,0.2,2.959832938613145e-05,0.0621983571171054,3.788842875600539,0.2337351390539081,-0.7065055940230155
2021-09-11 05:30:00,0.0,2.9636675311373782e-05,0.6730864176106574,41.00138325560823,0.2337351390539081,-0.7099979249891618
2021-09-11 06:00:00,0.0,2.9636675311373782e-05,0.4134360062532787,25.184653412311437,0.23762638402584166,-0.710246451929157
2021-09-11 06:30:00,0.0,2.9523270520278577e-05,0.9083399062559186,55.33196280348249,0.23762638402584166,-0.710451840111828
2021-09-11 07:00:00,0.0,3.0323396658217114e-05,0.6084714903881612,37.06533384833097,0.23757470277806478,-0.7134922160909917
2021-09-11 07:30:00,0.0,0.0218711260387038,0.6945810699012289,42.310740350704975,0.23757470277806478,-0.7216646376516241
2021-09-11 08:00:00,0.0,0.0143459930702387,1.2250087839210058,74.6219999793329,0.23739512304867097,-0.7368315844966942
2021-09-11 08:30:00,0.0,3.211501208435781e-05,1.2459540008586012,75.8978879553208,0.23739512304867097,-0.7602807166500168
2021-09-11 09:00:00,0.0,0.0154965729773967,2.268013658991556,138.15714420649266,0.23552571779654422,-0.7920667305473255
2021-09-11 09:30:00,0.0,0.0300103104633587,3.167603176699506,192.95607287779887,0.23552571779654422,-0.8310796808896779
2021-09-11 10:00:00,0.0,0.0330406436349288,3.244111464719878,197.61661208536356,0.23309303737017306,-0.8769113026864814
2021-09-11 10:30:00,0.0,0.0222690465665933,3.2631971063826795,198.77922313800315,0.23309303737017306,-0.931780643842362
2021-09-11 11:00:00,0.0,0.0187552520569068,2.5457446577794376,155.0752617398816,0.23165900881067372,-0.9990121687876872
2021-09-11 11:30:00,0.0,0.0023944075300657,2.427150874457405,147.85106431961526,0.23165900881067372,-1.0772997522402126
2021-09-11 12:00:00,0.0,0.0020335808341743,4.415548535123592,268.97526533816557,0.2292263283843026,-1.1565075006084062
2021-09-11 12:30:00,0.0,0.1125325712664504,5.8713183658391905,357.65418560668996,0.2292263283843026,-1.2229129783381558
2021-09-11 13:00:00,0.0,0.1738365692952975,5.477130405803143,333.6420361986576,0.22722902465055897,-1.2732604927250155
2021-09-11 13:30:00,0.0,0.0467915326076422,5.786198340263694,352.4690582589459,0.22722902465055897,-1.3241269258325576
2021-09-11 14:00:00,0.0,0.014324899870698,4.050292400033741,246.72551197894097,0.2243609675315603,-1.4024560940737414
2021-09-11 14:30:00,0.2,0.0869555394345794,5.338417627743131,325.19228052556286,0.2243609675315603,-1.5195289907723264
2021-09-11 15:00:00,0.0,0.0961480048358179,6.29227769923799,383.29712611495233,0.2243609675315603,-1.650309008001348
2021-09-11 15:30:00,0.0,0.2071859179566752,7.479754074564973,455.6328213509324,0.2243609675315603,-1.7413965063361032
2021-09-11 16:00:00,0.0,0.0670594563451102,7.653622878122026,466.2241232466727,0.2222357653161998,-1.746671815544878
2021-09-11 16:30:00,0.0,0.0449450984967866,6.9341366314175765,422.39627205783427,0.2222357653161998,-1.6603344299947451
2021-09-11 17:00:00,0.0,0.0551450624468515,6.458545989542382,393.42543908585606,0.21980308488982866,-1.5167842016500683
2021-09-11 17:30:00,0.0,0.0339944232437796,5.66649902765962,345.17751699009295,0.21980308488982866,-1.360276272793091
2021-09-11 18:00:00,0.0,0.0709030245043929,5.198857243730036,316.6908925276688,0.21936770819720117,-1.2166723207479189
2021-09-11 18:30:00,0.0,0.0258740337046425,5.076036737249795,309.20922223082846,0.21936770819720117,-1.0903339890197608
2021-09-11 19:00:00,0.0,0.0273828382770261,4.5239761693525695,275.58018689088783,0.2179336796377019,-0.9783394912465456
2021-09-11 19:30:00,0.0,3.461619743987309e-05,2.994480745183304,182.4102365943448,0.2179336796377019,-0.881649896703773
2021-09-11 20:00:00,0.0,3.2551313253550324e-05,2.6048004605134776,158.6726744019309,0.21849695481194623,-0.8050640239049873
2021-09-11 20:30:00,0.0,3.279065826222133e-05,2.327826733361614,141.8006864349165,0.21849695481194623,-0.7513570504629925
2021-09-11 21:00:00,0.0,3.279065826222133e-05,2.1679574949915783,132.0621747940775,0.21806157811931873,-0.7178040265415309
2021-09-11 21:30:00,0.0,3.2551313253550324e-05,1.3503736549904874,82.25866147037343,0.21806157811931873,-0.6982072637924239
2021-09-11 22:00:00,0.0,3.203566683225232e-05,1.1830566948156882,72.06646826932366,0.21806157811931873,-0.6873225571818957
2021-09-11 22:30:00,0.0,3.168104669226165e-05,0.9932457173273216,60.50404117155405,0.21806157811931873,-0.6827325321788288
2021-09-11 23:00:00,0.0,3.175980036542559e-05,1.308666895801175,79.71807415033702,0.21762620142669123,-0.6831764666765087
2021-09-11 23:30:00,0.0,3.144557613994091e-05,1.4542867760188176,88.58857927750036,0.21762620142669123,-0.6861859595511606
2021-09-12 00:00:00,0.0,3.18386857926341e-05,1.2159661930224923,74.07116620026223,0.21762620142669123,-0.6879185112941779
2021-09-12 00:30:00,0.0,3.160242476783036e-05,0.8553125357201318,52.10177499180004,0.21762620142669123,-0.6852239232155054
2021-09-12 01:00:00,0.0,3.1329082352843475e-05,0.8339062974964319,50.79780368216286,0.2170629262524469,-0.6776689225529343
2021-09-12 01:30:00,0.0,3.105575964844068e-05,1.236992545981971,75.35199661609444,0.2170629262524469,-0.6675111057970264
2021-09-12 02:00:00,0.0,3.0940246868121084e-05,0.7910290669174834,48.18591653378265,0.21662754955981944,-0.6582262608313765
2021-09-12 02:30:00,0.0,3.082344996839441e-05,1.1527627556990718,70.2210983798945,0.21662754955981944,-0.6532929211868873
2021-09-12 03:00:00,0.0,3.062997880469489e-05,1.2159661930224923,74.07116620026223,0.21606427438557507,-0.6553259473956767
2021-09-12 03:30:00,0.0,3.0940246868121084e-05,1.0893717596917496,66.35960533197745,0.21606427438557507,-0.6642562336685234
2021-09-12 04:00:00,0.0,3.101775059832205e-05,0.8766972555643014,53.404435498985904,0.21506562251870323,-0.6749814535094353
2021-09-12 04:30:00,0.0,3.295032186546801e-05,1.110523010593282,67.64804396609486,0.21506562251870323,-0.6779304094306348
2021-09-12 05:00:00,0.0,3.262987295419592e-05,1.04700626247022,63.7788906674912,0.21450234734445894,-0.6647711398990677
2021-09-12 05:30:00,0.0,3.18386857926341e-05,1.0045564511970069,61.19303997194495,0.21450234734445894,-0.6351369826210747
2021-09-12 06:00:00,0.4,3.0476424600834423e-05,0.7910290669174834,48.18591653378265,0.2146302458260758,-0.5974624369002227
2021-09-12 06:30:00,0.4,3.0247079988814197e-05,0.5536441799025308,33.72550182783714,0.2146302458260758,-0.5633377564355704
2021-09-12 07:00:00,0.0,2.9711932489174568e-05,0.940722799373883,57.304582331846056,0.2244126487793372,-0.5417337704514708
2021-09-12 07:30:00,0.0,2.9033291171632532e-05,0.7480651641551456,45.56874970761402,0.2244126487793372,-0.5374950952469006
2021-09-12 08:00:00,0.0,2.910900344618699e-05,0.6834559186973568,41.63304640776998,0.2268453292057084,-0.5524228770495513
2021-09-12 08:30:00,0.0,2.9523270520278577e-05,0.6834559186973568,41.63304640776998,0.2268453292057084,-0.586289546576635
2021-09-12 09:00:00,0.0,2.9978687075037876e-05,0.4448568749647317,27.098670760686517,0.2269732276873252,-0.6370836195032771
2021-09-12 09:30:00,0.0,0.0034079697248702,0.7480651641551456,45.56874970761402,0.2269732276873252,-0.7001646478378999
2021-09-12 10:00:00,0.0,0.0060788257899424,1.4253059654618434,86.82319924662293,0.2265378509946977,-0.7676532556095885
2021-09-12 10:30:00,0.0,0.0143381612501605,1.919548797790801,116.93023938211245,0.2265378509946977,-0.8315128258739977
2021-09-12 11:00:00,0.0,3.473896702563498e-05,4.3633936671803015,265.79822644206143,0.22553919912782594,-0.8897271549615728
2021-09-12 11:30:00,0.0,0.0266097919993526,4.992226869617681,304.1039037851162,0.22553919912782594,-0.9486268343946354
2021-09-12 12:00:00,0.0,0.0153331217965981,5.30895674409522,323.39765661117036,0.22510382243519844,-1.0175174704009415
2021-09-12 12:30:00,0.0,0.0484661918042493,5.810186793980021,353.9303264687903,0.22510382243519844,-1.1005550422405583
2021-09-12 13:00:00,0.0,0.0707659380268967,6.434260506969978,391.9460772202085,0.22354189539408223,-1.192823267424978
2021-09-12 13:30:00,0.0,0.0154371279037853,7.491795919553558,456.36635613719994,0.22354189539408223,-1.2833257171004728
2021-09-12 14:00:00,0.0,0.0106867987348942,8.212704796908692,500.280867557197,0.22154459166033857,-1.3624286209174623
2021-09-12 14:30:00,0.0,0.0647491259134925,7.854963605084607,478.4888905858507,0.22154459166033857,-1.4252271919247752
2021-09-12 15:00:00,0.0,0.0242535911384404,8.42788750992451,513.3888261424594,0.21998266461922242,-1.4659745244640794
2021-09-12 15:30:00,0.0,0.0266273883280909,8.942664561045868,544.7467181040048,0.21998266461922242,-1.4739019602825914
2021-09-12 16:00:00,0.0,0.1115261312428659,8.150870019151917,496.5141722934137,0.2179853608854788,-1.4430984365237574
2021-09-12 16:30:00,0.0,0.0371144635980277,5.997486045617721,365.3397505768372,0.2179853608854788,-1.385353570088112
2021-09-12 17:00:00,0.4,3.3758057524395963e-05,5.517693095297066,336.11293196226904,0.21698670901860695,-1.3220636244428456
2021-09-12 17:30:00,0.0,0.066473383476184,6.048305116454862,368.43541874896306,0.21698670901860695,-1.259380940444213
2021-09-12 18:00:00,0.0,0.0157449674949532,6.28399746244074,382.79273150307415,0.2175499841928513,-1.1823436807020522
2021-09-12 18:30:00,0.0,0.0335873326503261,6.06522002443158,369.46579851379136,0.2175499841928513,-1.080489177894785
2021-09-12 19:00:00,0.0,3.307082152973579e-05,5.203868864148613,316.9961777988278,0.21655133232597945,-0.968648541886902
2021-09-12 19:30:00,0.0,3.086287479687379e-05,3.828688336022811,233.22639370558983,0.21655133232597945,-0.8736723942946887
2021-09-12 20:00:00,0.0,0.0255939112495953,4.45430784397053,271.3363073012424,0.21667923080759635,-0.8083325236999506
2021-09-12 20:30:00,0.0,0.0342894204539934,4.217160770157213,256.8903791009942,0.21667923080759635,-0.7656915330999323
2021-09-12 21:00:00,0.0,2.9333912043817993e-05,2.9726250353376646,181.0788855044127,0.21624385411496885,-0.733828264726222
2021-09-12 21:30:00,0.0,2.843697704639137e-05,2.541662071586054,154.82656903592957,0.21624385411496885,-0.7084811657919887
2021-09-12 22:00:00,0.0,2.8031900533583182e-05,2.3628772864728123,143.93580775638787,0.21624385411496885,-0.6918450666119503
2021-09-12 22:30:00,0.0,2.8623806350329834e-05,1.878792237898644,114.44753390983368,0.21624385411496885,-0.6848458035706169
2021-09-12 23:00:00,0.0,2.7554950680070244e-05,1.3627186071539563,83.01066017616121,0.21580847742234135,-0.6839836273345866
2021-09-12 23:30:00,0.0,2.6830936314465047e-05,1.4669296085686734,89.3587235104701,0.21580847742234135,-0.683710695611254
2021-09-13 00:00:00,0.0,2.7482082813501057e-05,1.7832114885162191,108.62518653399653,0.21524520224809698,-0.679057356145809
2021-09-13 00:30:00,0.0,2.6795163676127593e-05,1.5293665217138308,93.16209814139684,0.21524520224809698,-0.6662698328961469
2021-09-13 01:00:00,0.0,2.6938456935766543e-05,1.4867660842919086,90.56707198146746,0.21424655038122517,-0.6435693772769803
2021-09-13 01:30:00,0.0,2.5657134418759616e-05,1.5506350907315325,94.45768326505558,0.21424655038122517,-0.6123263817585121
2021-09-13 02:00:00,0.0,2.5342352952357383e-05,1.1212019145163357,68.29855454102703,0.21424655038122517,-0.5768694764521792
2021-09-13 02:30:00,0.0,2.5168220573989084e-05,1.5293665217138308,93.16209814139684,0.21424655038122517,-0.5424231368955404
2021-09-13 03:00:00,0.0,2.299012349826155e-05,1.186168780109481,72.25604244362938,0.21424655038122517,-0.5129363071575357
2021-09-13 03:30:00,0.0,2.335725619367361e-05,0.7271875512937798,44.2969798664846,0.21424655038122517,-0.4905308226316485
2021-09-13 04:00:00,0.0,2.299012349826155e-05,0.92510606532695,56.35328145709034,0.21368327520698083,-0.4763230855960596
2021-09-13 04:30:00,0.0,2.2461861299539943e-05,1.2509387526525717,76.20153651127322,0.21368327520698083,-0.4708646648886029
2021-09-13 05:00:00,0.0,2.2461861299539943e-05,1.186168780109481,72.25604244362938,0.21324789851435336,-0.4730695367907082
2021-09-13 05:30:00,0.0,2.2329950177178775e-05,0.793365308519102,48.32822981596965,0.21324789851435336,-0.479047792341998
2021-09-13 06:00:00,0.0,2.1971071472423815e-05,1.2509387526525717,76.20153651127322,0.21324789851435336,-0.4837108917937315
2021-09-13 06:30:00,0.0,2.164708974293453e-05,1.1212019145163357,68.29855454102703,0.21324789851435336,-0.4851007198876308
2021-09-13 07:00:00,0.0,2.122990299606362e-05,1.2509387526525717,76.20153651127322,0.21268462334010904,-0.4872835614559258
2021-09-13 07:30:00,0.0,2.075336047500528e-05,0.8593376613625263,52.346967458618266,0.21268462334010904,-0.4988972427732485
2021-09-13 08:00:00,0.0,2.072251014379171e-05,1.5293665217138308,93.16209814139684,0.21268462334010904,-0.5300328865407108
2021-09-13 08:30:00,0.0,2.0911709180219547e-05,1.3798934774759133,84.05687567243535,0.21268462334010904,-0.591461360092913
2021-09-13 09:00:00,0.0,2.0975061376302337e-05,1.2509387526525717,76.20153651127322,0.21268462334010904,-0.69512436507358
2021-09-13 09:30:00,0.0,2.151873827361043e-05,1.2077805801099497,73.57253564788735,0.21268462334010904,-0.850315618148472
2021-09-13 10:00:00,0.0,2.3424701532556037e-05,2.1377862910861727,130.22428137914275,0.21212134816586467,-1.053560240158407
2021-09-13 10:30:00,0.0,2.6759424810277215e-05,3.6173662232406825,220.35360544264668,0.21212134816586467,-1.2800588726787685
2021-09-13 11:00:00,0.0,3.2910769402496645e-05,5.772904447066776,351.65925435314006,0.21168597147323717,-1.489200006972313
2021-09-13 11:30:00,0.0,3.636778521064745e-05,7.138101756675088,434.8209058829352,0.21168597147323717,-1.6455967490231145
2021-09-13 12:00:00,0.0,0.1025166194201137,7.856497548209376,478.5823314699711,0.21055942112474846,-1.739812727905173
2021-09-13 12:30:00,0.0,0.0232922008590403,8.428640754445938,513.4347103952094,0.21055942112474846,-1.791131195806825
2021-09-13 13:00:00,0.0,0.1237146378559843,9.503997433286122,578.940580328108,0.2079988422167605,-1.832353213633552
2021-09-13 13:30:00,0.0,0.1147162014505341,9.891756553105214,602.5611138384966,0.2079988422167605,-1.89254263384386
2021-09-13 14:00:00,0.0,0.1207367321694984,9.579038259803395,583.5117284115507,0.20700019034988867,-1.9898190715939492
2021-09-13 14:30:00,0.0,0.0991970079347842,9.802808783285505,597.142817606854,0.20700019034988867,-2.1286288180706423
2021-09-13 15:00:00,0.0,0.0789836517166746,9.758215527224678,594.4263979398879,0.20543826330877255,-2.292314376363092
2021-09-13 15:30:00,0.0,0.2913922335763877,9.93611178013575,605.263033852459,0.20543826330877255,-2.43922830749559
2021-09-13 16:00:00,0.0,0.3061196264614817,9.995129824359555,608.8581464366747,0.2038763362676563,-2.5180113161762083
2021-09-13 16:30:00,0.0,0.2210950462095978,9.51902379837777,579.8559185936585,0.2038763362676563,-2.495554960847532
2021-09-13 17:00:00,0.0,0.2557822879758007,9.51902379837777,579.8559185936585,0.20244230770815697,-2.3715910777899647
2021-09-13 17:30:00,0.0,0.248449452123913,9.353229451627996,569.7564761226134,0.20244230770815697,-2.1694421107623323
2021-09-13 18:00:00,0.0,0.3079118374464696,9.443800556889228,575.2736586143984,0.2010082791486577,-1.9201994676927132
2021-09-13 18:30:00,0.0,0.076877821599947,8.740742984167392,532.4465680124899,0.2010082791486577,-1.656878372990637
2021-09-13 19:00:00,0.0,0.0716032930366923,7.597765553401518,462.8215474130547,0.2005729024560302,-1.4135430035540304
2021-09-13 19:30:00,0.0,3.666573640149513e-05,7.43462027640267,452.88347430155505,0.2005729024560302,-1.218170156960939
2021-09-13 20:00:00,0.0,3.424620892888093e-05,5.507728901581078,335.5059583037712,0.20070080093764706,-1.082341826713538
2021-09-13 20:30:00,0.0,3.515368783130449e-05,4.766806262258198,290.3722989358197,0.20070080093764706,-0.9993803747055674
2021-09-13 21:00:00,0.0,3.4781661707364674e-05,4.095609266753884,249.4860107376764,0.20070080093764706,-0.9534198392848128
2021-09-13 21:30:00,0.0,3.2910769402496645e-05,3.108803892857693,189.37428618759708,0.20070080093764706,-0.9301185074645734
2021-09-13 22:00:00,0.0,2.9523270520278577e-05,3.227208835939029,196.5869803136648,0.20070080093764706,-0.9192523874367698
2021-09-13 22:30:00,0.0,0.0565998989375083,2.729588084181982,166.2741725895656,0.20070080093764706,-0.9097133675381432
2021-09-13 23:00:00,0.0,0.0890572411292366,2.6286932769147753,160.1281168186759,0.20070080093764706,-0.8874611594726817
2021-09-13 23:30:00,0.0,0.053267823355777,3.0890076549779675,188.16838882421376,0.20070080093764706,-0.8425369302369092
2021-09-14 00:00:00,0.0,2.7300506301294197e-05,1.934188574434893,117.82202842621722,0.20013752576340274,-0.7776627492645376
2021-09-14 00:30:00,0.0,2.7884535497595156e-05,2.222447768059666,135.38147601798028,0.20013752576340274,-0.7076812043093078
2021-09-14 01:00:00,0.0,0.0313727245578634,1.746828215675328,106.40888194841558,0.20013752576340274,-0.6505700105817019
2021-09-14 01:30:00,0.0,0.0283916584803161,1.8094626640524556,110.22428953312148,0.20013752576340274,-0.6193605313629844
2021-09-14 02:00:00,0.0,0.0425034146743343,1.830300442312716,111.49363283034208,0.20013752576340274,-0.6196280730454397
2021-09-14 02:30:00,0.0,0.0418042522922829,1.5367207929453237,93.61008711493535,0.20013752576340274,-0.6490525877241011
2021-09-14 03:00:00,0.0,2.541114567201921e-05,1.5155966689886533,92.32330093172727,0.19957425058915837,-0.6958761960481163
2021-09-14 03:30:00,0.0,2.618656119674144e-05,1.2390726509136445,75.47870720968832,0.19957425058915837,-0.7399897699781506
2021-09-14 04:00:00,0.0,2.6650985973610524e-05,1.4520992938816786,88.45532774972772,0.19901097541491405,-0.7614236754896269
2021-09-14 04:30:00,0.0,2.4544708661653435e-05,1.3032034370590777,79.38526493011665,0.19901097541491405,-0.7519137795375496
2021-09-14 05:00:00,0.0,2.399844920328174e-05,2.058198529783175,125.376154573637,0.19901097541491405,-0.718439779278058
2021-09-14 05:30:00,0.0,2.4305123741553115e-05,2.037579518875666,124.12013759505732,0.19901097541491405,-0.6753886882677635
2021-09-14 06:00:00,0.0,2.315705943392293e-05,1.830300442312716,111.49363283034208,0.1984477002406697,-0.6345112454169662
2021-09-14 06:30:00,0.0,2.2857211376259688e-05,1.2604709444747044,76.78219456637501,0.1984477002406697,-0.6021871836802825
2021-09-14 07:00:00,0.0,2.223232956253881e-05,1.345850797050364,81.98314940095452,0.1980123235480422,-0.5833364286144164
2021-09-14 07:30:00,0.0,2.1615254675085757e-05,0.8719818976956802,53.11719720372361,0.1980123235480422,-0.5854048058363809
2021-09-14 08:00:00,0.0,2.126252410024619e-05,1.1532646757258835,70.25167308002888,0.1980123235480422,-0.6191530152467113
2021-09-14 08:30:00,0.0,2.1583454371428903e-05,1.663031321554448,101.30435379038754,0.1980123235480422,-0.6974346590343264
2021-09-14 09:00:00,0.0,2.275789808853537e-05,1.91345090022988,116.5587830157274,0.19744904837379787,-0.8325426234402372
2021-09-14 09:30:00,0.0,2.2923596763138143e-05,2.5069273700530723,152.71068796544458,0.19744904837379787,-1.0292578775750794
2021-09-14 10:00:00,0.0,2.7482082813501057e-05,4.0841457101163625,248.7877026647905,0.19744904837379787,-1.2743553286272122
2021-09-14 10:30:00,0.0,3.239131313461301e-05,6.674544057797001,406.5830654281268,0.19744904837379787,-1.5327126425249429
2021-09-14 11:00:00,0.0,0.0669961960014028,8.327148266438703,507.25224661422584,0.19645039650692606,-1.7599440112241105
2021-09-14 11:30:00,0.0,3.8822256168481984e-05,9.233665890612835,562.4732042271708,0.19645039650692606,-1.9248556087026956
2021-09-14 12:00:00,0.0,0.1206959039115171,9.458886767913198,576.1926424237353,0.19588712133268169,-2.0224577931079137
2021-09-14 12:30:00,0.0,0.2671748260447421,10.06425232987365,613.0687771462228,0.19588712133268169,-2.0690920522269916
2021-09-14 13:00:00,0.0,0.3756647132623487,10.253172987451396,624.5769699779007,0.19388981759893806,-2.08910067615561
2021-09-14 13:30:00,0.0,0.3522148394420181,9.976575489942997,607.7279002207925,0.19388981759893806,-2.1032091459057196
2021-09-14 14:00:00,0.0,0.3933913045269951,9.770791255684854,595.1924544949206,0.19232789055782185,-2.1206135741959566
2021-09-14 14:30:00,0.0,0.3466652496158534,9.815031085026042,597.8873450030663,0.19232789055782185,-2.135872475539756
2021-09-14 15:00:00,0.0,0.1450931576371902,9.91795297887812,604.1568817294233,0.18976731164983388,-2.133660291031025
2021-09-14 15:30:00,0.0,0.3862927514796326,8.82299455472277,537.45696204137,0.18976731164983388,-2.0987420247035
2021-09-14 16:00:00,0.0,0.333581408116285,8.930127785611827,543.983034391317,0.18976731164983388,-2.023594670830555
2021-09-14 16:30:00,0.0,0.2373577698942238,8.699977973996223,529.9633477873958,0.18976731164983388,-1.9110380277074148
2021-09-14 17:00:00,0.0,0.2021530108810624,8.514279377911848,518.6514283831804,0.18889655826457888,-1.7739498350135563
2021-09-14 17:30:00,0.0,0.1047867846497652,8.012003913878525,488.0550766192807,0.18889655826457888,-1.6313132731696829
2021-09-14 18:00:00,0.0,0.1812519693868,6.858416196002788,417.7837252711316,0.18789790639770707,-1.5004298843086437
2021-09-14 18:30:00,0.0,0.0725951284899058,6.251193180608063,380.7944428782328,0.18789790639770707,-1.3903337944261327
2021-09-14 19:00:00,0.0,0.0704348799103542,5.592522794425242,340.6712191191359,0.1874625297050796,-1.301264484893773
2021-09-14 19:30:00,0.0,0.0669182132483496,4.968659472783941,302.66828445803577,0.1874625297050796,-1.2287380281858082
2021-09-14 20:00:00,0.0,0.1024479193154958,3.876437438089551,236.1350532517137,0.1874625297050796,-1.167795513063952
2021-09-14 20:30:00,0.0,0.0609788541679041,3.4357681170399954,209.29146935429975,0.1874625297050796,-1.1153849679676733
2021-09-14 21:00:00,0.0,0.0573457948952976,3.025602758453515,184.30604901960183,0.18802580487932397,-1.07068500761478
2021-09-14 21:30:00,0.0,3.700612199468409e-05,2.7078761329417467,164.95157862430912,0.18802580487932397,-1.0335855763643802
2021-09-14 22:00:00,0.0,0.058163472689947,2.181501998643107,132.88724475640814,0.18802580487932397,-1.002964024138398
2021-09-14 22:30:00,0.0,0.0569671111329876,2.3651528035813376,144.07442197683602,0.18802580487932397,-0.9766315611716504
2021-09-14 23:00:00,0.0,3.649629532168442e-05,1.8511181102126344,112.76175109527829,0.18802580487932397,-0.9527063756627824
2021-09-14 23:30:00,0.0,3.5947332179102164e-05,2.263316411679576,137.87100912450938,0.18802580487932397,-0.9305752808377468
2021-09-15 00:00:00,0.0,3.586361836441259e-05,1.7719972519779723,107.9420659150188,0.1870271530124521,-0.9111167799261936
2021-09-15 00:30:00,0.0,0.0530839497753986,1.9988188661080997,121.75901376640827,0.1870271530124521,-0.896856712814746
2021-09-15 01:00:00,0.0,3.473896702563498e-05,1.8134152629919276,110.46506400090573,0.1870271530124521,-0.8914164093403851
2021-09-15 01:30:00,0.0,3.536052203677899e-05,1.647263300426815,100.34383719025824,0.1870271530124521,-0.8971833513135199
2021-09-15 02:00:00,0.0,0.0547329119371122,1.6264038499006503,99.07317371652373,0.1870271530124521,-0.9127142199022577
2021-09-15 02:30:00,0.0,0.1073497189076057,1.6681025448148887,101.61326979736062,0.1870271530124521,-0.932914641253855
2021-09-15 03:00:00,0.0,0.1099283286054696,1.730499492544075,105.41420991572798,0.18646387783820773,-0.9520658795676848
2021-09-15 03:30:00,0.0,0.1058101639375595,1.7512583630346144,106.67874650815774,0.18646387783820773,-0.965865695449315
2021-09-15 04:00:00,0.0,0.0970413192273617,2.0602682812148316,125.50223447879158,0.18646387783820773,-0.9699192165420176
2021-09-15 04:30:00,0.0,0.0604427300580321,1.875393525167254,114.2404996871404,0.18646387783820773,-0.9562993929002706
2021-09-15 05:00:00,0.0,0.0982640335022015,2.121543731509473,129.23485804087306,0.18546522597133588,-0.9125397940500728
2021-09-15 05:30:00,0.0,0.102846145058901,1.9988188661080997,121.75901376640827,0.18546522597133588,-0.8273786646841879
2021-09-15 06:00:00,0.0,0.0620758995115326,2.7448052323925123,167.20113250067504,0.18546522597133588,-0.7024562604796621
2021-09-15 06:30:00,0.0,0.0178564299967694,1.916613709244023,116.75144704988443,0.18546522597133588,-0.5590700279914737
2021-09-15 07:00:00,0.0,2.437321212789204e-05,1.1622903556251387,70.8014767174362,0.18546522597133588,-0.4285881184458695
2021-09-15 07:30:00,0.0,2.3795567379061236e-05,1.2261738837241627,74.69297259489963,0.18546522597133588,-0.3329554084760417
2021-09-15 08:00:00,0.0,2.3490987901771723e-05,0.9694848681880854,59.05663760412677,0.18602850114558023,-0.2746684300317398
2021-09-15 08:30:00,0.2,2.3424701532556037e-05,-0.1801749337464655,-10.975442852964926,0.18602850114558023,-0.2432349418066019
2021-09-15 09:00:00,0.2,2.2362560540125316e-05,1.6889216282782766,102.8814742920272,0.18715505149406897,-0.227350093411253
2021-09-15 09:30:00,0.4,2.0911709180219547e-05,0.8183097025159222,49.84772958833636,0.18715505149406897,-0.2223388798167933
2021-09-15 10:00:00,0.4,2.022075087988744e-05,0.8399720209353826,51.167300146414505,0.20159869958461585,-0.2322448950600866
2021-09-15 10:30:00,0.8,1.878127841754612e-05,0.9909939740522656,60.366875145620035,0.20159869958461585,-0.2684382585388437
2021-09-15 11:00:00,1.8,0.0029285944416787,0.6878700398372528,41.9019347226405,0.23148464763258156,-0.3435489492557582
2021-09-15 11:30:00,0.2,0.0062873958053078,0.7096656905885412,43.229627283918546,0.23148464763258156,-0.4612987435306515
2021-09-15 12:00:00,0.4,0.0122479233765523,0.4245594084076651,25.86224081105474,0.23744941357209867,-0.6098440146915524
2021-09-15 12:30:00,0.0,0.0071787690564943,1.2261738837241627,74.69297259489963,0.23744941357209867,-0.7662273474701117
2021-09-15 13:00:00,0.0,0.0141340312044293,1.6681025448148887,101.61326979736062,0.2365269789390668,-0.9092369112131417
2021-09-15 13:30:00,0.0,0.0292098944788661,3.2541775929130017,198.229795131623,0.2365269789390668,-1.0276677506568708
2021-09-15 14:00:00,0.0,0.1074731996504891,6.292274111280265,383.2969075527797,0.23153371960470767,-1.1158914336660748
2021-09-15 14:30:00,0.0,0.1760720259346142,7.107545300151155,432.95954461922327,0.23153371960470767,-1.1639209112866982
2021-09-15 15:00:00,0.0,0.2755804198507616,7.657107889810805,466.4364144119129,0.2254139099218598,-1.1578678673144458
2021-09-15 15:30:00,0.0,0.0876296360738797,4.860253689298136,296.0646939538562,0.2254139099218598,-1.0944717191252205
2021-09-15 16:00:00,0.0,0.0769767142987145,4.331450213124556,263.8523755557861,0.22423567832559424,-0.993721250549686
2021-09-15 16:30:00,0.0,0.0398654991655246,4.5152013577012555,275.04566501361023,0.22423567832559424,-0.8936030473586957
2021-09-15 17:00:00,0.0,0.0465314089610489,5.0933472468155685,310.26370025695724,0.22405609859620046,-0.8297547208160193
2021-09-15 17:30:00,0.0,0.0391337868499676,4.661129818302751,283.93496746345375,0.22405609859620046,-0.8153559894426288
2021-09-15 18:00:00,0.0,0.0558924746741856,5.55249615527389,338.2329771202789,0.22374862038518986,-0.8350676045493554
2021-09-15 18:30:00,0.0,0.0510129557003339,5.499985725936872,335.0342790306541,0.22374862038518986,-0.8583546194456614
2021-09-15 19:00:00,0.0,0.0294517718867088,3.7898853675415336,230.86269219486283,0.22287786699993492,-0.8630460294645174
2021-09-15 19:30:00,0.0,2.275789808853537e-05,3.3121994073952137,201.76422190139192,0.22287786699993492,-0.8487861674042362
2021-09-15 20:00:00,0.0,0.0349842467072234,3.714143778934956,226.2488568512959,0.22244249030730745,-0.82985116761377
2021-09-15 20:30:00,0.0,2.1971071472423815e-05,2.7448052323925123,167.20113250067504,0.22244249030730745,-0.8186638440273936
2021-09-15 21:00:00,0.0,0.0228231883212175,3.0205498099586703,183.99824622877537,0.22200711361467995,-0.8162348955591513
2021-09-15 21:30:00,0.0,0.0377349742367668,1.834094473584716,111.72474807230353,0.22200711361467995,-0.8135594837018986
2021-09-15 22:00:00,0.0,2.3626584162443343e-05,2.223285985375027,135.43253642939166,0.22157173692205245,-0.7999026537636689
2021-09-15 22:30:00,0.0,2.2004533985472384e-05,2.425351037192679,147.74142636591728,0.22157173692205245,-0.7715694547041462
2021-09-15 23:00:00,0.0,1.975561857669765e-05,2.1011378402264564,127.9918233468478,0.22113636022942496,-0.7347587619582232
2021-09-15 23:30:00,0.0,2.009530026817553e-05,2.4052288404823834,146.51567306340328,0.22113636022942496,-0.700815539134716
2021-09-16 00:00:00,0.0,1.827241332264384e-05,1.4850508421018318,90.46258717747874,0.22070098353679748,-0.6791516799955791
2021-09-16 00:30:00,0.0,0.0163915585873842,1.338593425136164,81.54106309599103,0.22070098353679748,-0.6728859781534571
2021-09-16 01:00:00,0.0,1.857077609191727e-05,1.0213397605090044,62.21540334074001,0.22026560684417,-0.6784651489685071
2021-09-16 01:30:00,0.0,1.869115537551585e-05,1.6512161812503183,100.58462882914398,0.22026560684417,-0.6890817428533071
2021-09-16 02:00:00,0.0,1.8510808411829375e-05,1.254451748633392,76.41553235313903,0.2198302301515425,-0.6999855443873102
2021-09-16 02:30:00,0.0,0.0152408053008423,1.0851685750267694,66.10356631405355,0.2198302301515425,-0.7109802996006948
2021-09-16 03:00:00,0.0,1.836207632996774e-05,0.6992942429847737,42.59784555873224,0.21926695497729812,-0.7235656358127094
2021-09-16 03:30:00,0.0,1.8184159407586825e-05,0.7640946952908123,46.54519631581366,0.21926695497729812,-0.736680926221514
2021-09-16 04:00:00,0.0,1.8213182570763337e-05,0.6776500683082957,41.27938023549504,0.21883157828467067,-0.7465748988100726
2021-09-16 04:30:00,0.0,1.7625775123521336e-05,0.7856509927019387,47.858308553114405,0.21883157828467067,-0.7504751795346679
2021-09-16 05:00:00,0.0,1.794792707733554e-05,1.359577280285527,82.81930473725511,0.2182683031104263,-0.7487601019468103
2021-09-16 05:30:00,0.0,1.7683537593236434e-05,0.284225438828865,17.313729475903198,0.2182683031104263,-0.7431249734921063
2021-09-16 06:00:00,0.0,1.7364006490877123e-05,0.4161814429072109,25.351893008159266,0.21783292641779886,-0.7342044697182744
2021-09-16 06:30:00,0.0,1.7393058651800557e-05,0.7640946952908123,46.54519631581366,0.21783292641779886,-0.7231070489780638
2021-09-16 07:00:00,0.0,1.6646770254289465e-05,0.2621523946180411,15.969139358457856,0.21783292641779886,-0.7159896335788221
2021-09-16 07:30:00,0.0,1.6055878204893987e-05,0.5908518751416363,35.992026500808464,0.21783292641779886,-0.7263835413059132
2021-09-16 08:00:00,0.0,1.6704056501194156e-05,0.2179369184316321,13.275732334462862,0.21783292641779886,-0.7721635892412236
2021-09-16 08:30:00,0.0,1.6646770254289465e-05,0.5908518751416363,35.992026500808464,0.21783292641779886,-0.8687883668376802
2021-09-16 09:00:00,0.0,1.7364006490877123e-05,0.7425165052238376,45.230750476839454,0.216834274550927,-1.0213619701279235
2021-09-16 09:30:00,0.0,1.893147890701779e-05,1.8571345581263363,113.1282459171806,0.216834274550927,-1.2178016068380326
2021-09-16 10:00:00,0.0,0.0365196995836529,3.072590443775211,187.1683264980388,0.216834274550927,-1.4289929514716329
2021-09-16 10:30:00,0.0,0.059140599390376,4.751734209383447,289.4541775769603,0.216834274550927,-1.6196291066909596
2021-09-16 11:00:00,0.0,0.0941020612053541,5.407242150799023,329.3847594901754,0.21583562268405518,-1.7623254513672315
2021-09-16 11:30:00,0.0,0.0526419943439166,6.927790223797945,422.0096775815522,0.21583562268405518,-1.8438077056593072
2021-09-16 12:00:00,0.0,0.0995175857302584,6.614961907490512,402.9535900502375,0.21483697081718336,-1.863905893671053
2021-09-16 12:30:00,0.0,0.1304309996646497,7.620806993025975,464.22512780345534,0.21483697081718336,-1.8356445255359275
2021-09-16 13:00:00,0.0,0.2388523814863525,7.2848905674374755,443.7626169771338,0.21271176860182286,-1.7864192329482085
2021-09-16 13:30:00,0.0,0.1389352343945993,6.927790223797945,422.0096775815522,0.21271176860182286,-1.7530281777487162
2021-09-16 14:00:00,0.0,0.1490817527711126,7.557187810514475,460.3497346647523,0.2112777400423235,-1.768356254359648
2021-09-16 14:30:00,0.0,0.153212572419642,7.413419586181771,451.5920240474907,0.2112777400423235,-1.8453270399344293
2021-09-16 15:00:00,0.0,0.1721518357507923,8.123754845204273,494.86243841499675,0.20971581300120737,-1.967019134479453
2021-09-16 15:30:00,0.0,0.2523110047217882,7.68425680689323,468.0902037696341,0.20971581300120737,-2.0903215341142727
2021-09-16 16:00:00,0.0,0.2668983781129914,7.999003724193926,487.2631638043617,0.20815388596009118,-2.1643629616271904
2021-09-16 16:30:00,0.0,0.239479733537952,7.413419586181771,451.5920240474907,0.20815388596009118,-2.155002711908775
2021-09-16 17:00:00,0.0,0.1819413814454239,7.731733685586146,470.98228069785154,0.20628448070796437,-2.058341229016206
2021-09-16 17:30:00,0.0,0.1836134312080463,7.65255300158472,466.15895120220034,0.20628448070796437,-1.8927487815676551
2021-09-16 18:00:00,0.0,0.1088501784835915,6.960478325754575,424.00088905329727,0.2048504521484651,-1.6806709352146143
2021-09-16 18:30:00,0.0,0.089218637062386,6.448620166223454,392.8208027785725,0.2048504521484651,-1.4417733461554476
2021-09-16 19:00:00,0.0,0.0824390487625077,5.459574095596212,332.5725851081067,0.2051062491116988,-1.19982655960578
2021-09-16 19:30:00,0.0,2.600969466871188e-05,5.231931667033122,318.70563695026755,0.2051062491116988,-0.983991342764236
2021-09-16 20:00:00,0.0,0.0476093455339632,3.759514666446444,229.01264631255,0.20566952428594312,-0.8171020360606858
2021-09-16 20:30:00,0.0,2.2923596763138143e-05,2.2027514085670057,134.1816627946418,0.20566952428594312,-0.7063575697959179
2021-09-16 21:00:00,0.0,2.2362560540125316e-05,1.7544213604656342,106.87142201981956,0.2062327994601875,-0.6465600720779023
2021-09-16 21:30:00,0.0,2.579746768048764e-05,1.9593611734681449,119.355429418271,0.2062327994601875,-0.6288255312840612
2021-09-16 22:00:00,0.0,2.1809250752999217e-05,2.040795699478404,124.31605278523486,0.2062327994601875,-0.6469113631067933
2021-09-16 22:30:00,0.0,2.062780123516919e-05,1.1488070551971528,69.98013497894024,0.2062327994601875,-0.6980748178585893
2021-09-16 23:00:00,0.0,2.110339745933009e-05,1.505891935815483,91.7321324371392,0.2062327994601875,-0.775997358678916
2021-09-16 23:30:00,0.0,2.475219446351143e-05,0.9359363272776292,57.01301207916225,0.2062327994601875,-0.8607492746201034
2021-09-17 00:00:00,0.0,0.0489733565380828,0.8163829361598978,49.730359687918806,0.2062327994601875,-0.9200010363231684
2021-09-17 00:30:00,0.0,0.0493510923134989,0.8163829361598978,49.730359687918806,0.2062327994601875,-0.9272234360324362
2021-09-17 01:00:00,0.0,2.3626584162443343e-05,0.8803497300077412,53.62692773856845,0.20566952428594312,-0.8818836600053163
2021-09-17 01:30:00,0.0,2.1550467758537072e-05,0.3849393048209283,23.448763121884728,0.20566952428594312,-0.812041954569652
2021-09-17 02:00:00,0.0,2.0533416771586302e-05,0.5369456671055987,32.70830387959131,0.20566952428594312,-0.7568010012641884
2021-09-17 02:30:00,0.0,2.0785433699432163e-05,0.6233190248592401,37.96977856051309,0.20566952428594312,-0.7433482755274038
2021-09-17 03:00:00,0.0,2.0690509585885414e-05,0.0333322054812855,2.0304473481195906,0.20523414759331562,-0.7730666517083176
2021-09-17 03:30:00,0.0,2.5236673719742934e-05,0.7093420049447853,43.20990981705733,0.20523414759331562,-0.821872533084904
2021-09-17 04:00:00,0.0,0.0459981934367409,0.6448574906551308,39.28180457638487,0.20523414759331562,-0.8544079831863778
2021-09-17 04:30:00,0.0,0.0406145090223842,0.7093420049447853,43.20990981705733,0.20523414759331562,-0.8461655820838855
2021-09-17 05:00:00,0.0,0.0286825787866454,0.922887677961402,56.21814732244667,0.2046708724190713,-0.7988931670666657
2021-09-17 05:30:00,0.0,2.0033951075235626e-05,0.6878689301468336,41.90186712531423,0.2046708724190713,-0.7363595971622838
2021-09-17 06:00:00,0.0,1.9878321150995864e-05,1.3644886957350026,83.11848597446729,0.20423549572644384,-0.685444458594904
2021-09-17 06:30:00,0.0,2.0033951075235626e-05,0.4502186520409719,27.425285993266098,0.20423549572644384,-0.6618560078030759
2021-09-17 07:00:00,0.0,1.9693911247200987e-05,0.4284812507059657,26.101141723231063,0.2036722205521995,-0.6718818645778897
2021-09-17 07:30:00,0.0,1.9693911247200987e-05,0.6878689301468336,41.90186712531423,0.2036722205521995,-0.7219640120659275
2021-09-17 08:00:00,0.0,1.963234950156774e-05,0.580176347121389,35.341721570621424,0.2036722205521995,-0.8211177658476465
2021-09-17 08:30:00,0.0,2.0880683040757896e-05,1.1343129704304875,69.0972208257073,0.2036722205521995,-0.9728721503560942
2021-09-17 09:00:00,0.0,2.2593081150686816e-05,2.46004827651579,149.85502540784793,0.2036722205521995,-1.16604163293892
2021-09-17 09:30:00,0.0,0.0008905799659398,4.263445522105736,259.7098370545046,0.2036722205521995,-1.374145917049852
2021-09-17 10:00:00,0.0,0.0017363402260612,5.711143094347613,347.897031810881,0.20267356868532763,-1.5650195668509412
2021-09-17 10:30:00,0.0,0.092893447646026,6.992229404494883,425.9350213045937,0.20267356868532763,-1.714433412484052
2021-09-17 11:00:00,0.0,0.0946749562708362,7.944212060505479,483.9255032256841,0.200676264951584,-1.8142199972674793
2021-09-17 11:30:00,0.0,0.1764474331019244,8.176392214546723,498.0688691161809,0.200676264951584,-1.8698754804704032
2021-09-17 12:00:00,0.0,0.2626694295649296,8.391093359145321,511.1474927294075,0.19954971460309534,-1.892583927760577
2021-09-17 12:30:00,0.0,0.1920516211254821,8.25329057139711,502.7531695543648,0.19954971460309534,-1.8955930321095091
2021-09-17 13:00:00,0.0,0.1865472906465466,8.237930502787158,501.8175035783008,0.162,-1.895476835690107
2021-09-17 13:30:00,0.0,0.2364877325990617,7.990827913881717,486.76513038210663,0.162,-1.90932780416975
2021-09-17 14:00:00,0.0,0.2412937664110796,8.052841928259008,490.54274393094056,0.16066666666666665,-1.9441114037944052
2021-09-17 14:30:00,0.0,0.2563129699275182,7.913084420362589,482.0293480367681,0.16066666666666665,-1.9865475665144872
2021-09-17 15:00:00,0.0,0.1889205145204384,8.176392214546723,498.0688691161809,0.15866666666666665,-2.0066305217027205
2021-09-17 15:30:00,0.0,0.2415534513207011,8.083789027481696,492.42790138276234,0.15866666666666665,-1.9778433720913648
2021-09-17 16:00:00,0.0,0.2136044004414749,7.457118370634589,454.2539565457195,0.157,-1.896980865399132
2021-09-17 16:30:00,0.0,0.1954870214387143,6.992229404494883,425.9350213045937,0.157,-1.7814197374407112
2021-09-17 17:00:00,0.0,0.1824591106707667,6.780818721135921,413.05683772231134,0.15533333333333332,-1.649884939829288
2021-09-17 17:30:00,0.0,0.178430383938844,6.1684386364989185,375.7534099731165,0.15533333333333332,-1.5148163099394545
2021-09-17 18:00:00,0.0,0.1720339363423527,5.7794653158599365,352.0589128350822,0.155,-1.3900329762835717
2021-09-17 18:30:00,0.0,0.1161639707207982,5.401151878230492,329.01376760387365,0.155,-1.2914257178499735
2021-09-17 19:00:00,0.0,0.1166526660116867,4.661021014399219,283.92833962127526,0.15433333333333332,-1.2264516569952848
2021-09-17 19:30:00,0.0,0.1236746707018137,4.372574338600243,266.35747146258797,0.15433333333333332,-1.189752761778109
2021-09-17 20:00:00,0.0,0.1146263243912976,3.85869131315115,235.05403950538948,0.154,-1.1702946326719528
2021-09-17 20:30:00,0.0,0.1094647858069323,3.218301921090361,196.04441130650565,0.154,-1.1595069924468415
2021-09-17 21:00:00,0.0,0.0803711844019204,2.696167235760566,164.2383255140617,0.15333333333333332,-1.1537049381913165
2021-09-17 21:30:00,0.0,0.0511644524066645,2.060731574157898,125.53045619151868,0.15333333333333332,-1.1533814960629638
2021-09-17 22:00:00,0.0,0.0506106292637643,1.858279004753697,113.1979604345981,0.153,-1.1615570659598586
2021-09-17 22:30:00,0.0,0.0830077212811402,1.6744335548656444,101.99892632331996,0.153,-1.180394723081871
2021-09-17 23:00:00,0.0,0.120900632886811,1.6539090786175263,100.74866796904054,0.15233333333333332,-1.2072923535417497
2021-09-17 23:30:00,0.0,0.1389787432519785,1.5922178874796062,96.99071935328944,0.15233333333333332,-1.2338987639433798
2021-09-18 00:00:00,0.0,0.1560410016850528,1.4916972153997627,90.86745420750393,0.152,-1.249568411139674
2021-09-18 00:30:00,0.0,0.1595571497217412,1.7570220018391056,107.02984134143148,0.152,-1.2467955298248357
2021-09-18 01:00:00,0.0,0.157973982301312,1.6960829983913142,103.31771260104289,0.15166666666666664,-1.2251526529416272
2021-09-18 01:30:00,0.0,0.1534211244222165,1.6553609626653718,100.83711018497432,0.15166666666666664,-1.1914163199794607
2021-09-18 02:00:00,0.0,0.1033425871354162,1.7367281514795878,105.7936316742148,0.151,-1.1553901724428723
2021-09-18 02:30:00,0.0,0.152317338998824,1.8177891480302832,110.73150131427508,0.151,-1.12400436909397
2021-09-18 03:00:00,0.0,0.1354790234770062,1.797552458626436,109.49877363419908,0.151,-1.0982242582759687
2021-09-18 03:30:00,0.0,0.1350124087571456,1.858205655307592,113.19349231776695,0.151,-1.075003826259011
2021-09-18 04:00:00,0.0,0.1515998022692714,1.6960829983913142,103.31771260104289,0.15033333333333332,-1.051872965847728
2021-09-18 04:30:00,0.0,0.1059523026375139,1.675731611886231,102.07799809181238,0.15033333333333332,-1.0297468028818308
2021-09-18 05:00:00,0.0,0.1309347612485586,1.7570220018391056,107.02984134143148,0.15,-1.0118280228611636
2021-09-18 05:30:00,0.0,0.141884280395848,1.8985466076122384,115.65088085371538,0.15,-1.0002324333310215
2021-09-18 06:00:00,0.0,0.0711127325981999,1.7164151642706793,104.55625627660206,0.14966666666666664,-0.993213687006836
2021-09-18 06:30:00,0.0,0.1444663791132199,1.858205655307592,113.19349231776695,0.14966666666666664,-0.9848264484284144
2021-09-18 07:00:00,0.0,0.1650356975090534,1.858205655307592,113.19349231776695,0.14933333333333332,-0.9680528447026124
2021-09-18 07:30:00,0.0,0.1365742258695987,2.337402421275543,142.38399407539575,0.14933333333333332,-0.940773597760325
2021-09-18 08:00:00,0.0,0.0981781783374284,3.0178401531331467,183.83318617840493,0.149,-0.910657035174108
2021-09-18 08:30:00,0.0,0.0945083764731109,4.173876597280902,254.25370286660583,0.149,-0.8946444157755067
2021-09-18 09:00:00,0.0,0.1026992228257478,4.444775168462454,270.7556197821784,0.14866666666666664,-0.9123326945543382
2021-09-18 09:30:00,0.0,0.1011554425244641,5.411154145832763,329.623060551489,0.14866666666666664,-0.975470913149155
2021-09-18 10:00:00,0.0,0.1298055389444785,6.503003450329364,396.1335867183234,0.14833333333333332,-1.0782211916862965
2021-09-18 10:30:00,0.0,0.0930937704497448,7.483148284192763,455.8395812649014,0.14833333333333332,-1.1964003325623684
2021-09-18 11:00:00,0.0,0.1677415036537858,8.104553672767416,493.6927897496214,0.148,-1.3004390832967128
2021-09-18 11:30:00,0.0,0.2543830995395563,7.811398282391629,475.8350879749915,0.148,-1.373149629951011
2021-09-18 12:00:00,0.0,0.207660021486251,7.561714104137738,460.6254560204642,0.147,-1.4156381573815937
2021-09-18 12:30:00,0.0,0.2244368423216851,7.070357364186644,430.694223591979,0.147,-1.437198703485752
2021-09-18 13:00:00,0.0,0.2708755748976243,7.435883866936215,452.96044652739187,0.14633333333333332,-1.4428648276456166
2021-09-18 13:30:00,0.0,0.2394584913943476,7.46740392282484,454.8805059104282,0.14633333333333332,-1.433028420160041
2021-09-18 14:00:00,0.0,0.2620694255826034,7.435883866936215,452.96044652739187,0.14533333333333331,-1.4132666184318188
2021-09-18 14:30:00,0.0,0.1859934763372328,7.006206248063829,426.7864274611885,0.14533333333333331,-1.3990753868158696
2021-09-18 15:00:00,0.0,0.1602197920963014,6.535796618302322,398.131198337048,0.1443333333333333,-1.4053643977996262
2021-09-18 15:30:00,0.0,0.215904392894987,6.909650693620777,420.9046993656629,0.1443333333333333,-1.4311675284593512
2021-09-18 16:00:00,0.0,0.1621937831579862,6.86122384325401,417.954754455471,0.1433333333333333,-1.4584592546913242
2021-09-18 16:30:00,0.0,0.1823452119421187,6.764069481063026,412.0365496976224,0.1433333333333333,-1.4650626123489094
2021-09-18 17:00:00,0.0,0.0087499471280501,6.371367593937654,388.1149251365668,0.1423333333333333,-1.4346465711902088
2021-09-18 17:30:00,0.0,0.0863071029686641,6.601245106110015,402.11802448877614,0.1423333333333333,-1.3585565715812955
2021-09-18 18:00:00,0.0,0.118490596479862,6.584900166154903,401.122364600454,0.14166666666666664,-1.238097027331648
2021-09-18 18:30:00,0.0,0.080753209196807,6.122523924231612,372.9564931649812,0.14166666666666664,-1.0869126833839229
2021-09-18 19:00:00,0.0,0.0843083517288541,5.290418908519669,322.26841543013336,0.14166666666666664,-0.9258590748467368
2021-09-18 19:30:00,0.0,0.0560796211704276,4.318762768260817,263.079513742233,0.14166666666666664,-0.774199800456686
2021-09-18 20:00:00,0.0,0.056232942336827,2.8255804078456,172.12159121093651,0.142,-0.6465857206024185
2021-09-18 20:30:00,2.2,0.0187496307264324,1.3060712805258967,79.55996099591685,0.142,-0.555342697918454
2021-09-18 21:00:00,1.0,0.0299236104528756,1.3474606581807242,82.08121486694404,0.16233333333333333,-0.5107569346551234
2021-09-18 21:30:00,0.8,0.024383544766167,1.0979145386599145,66.87999282662494,0.16233333333333333,-0.5160026126554774
2021-09-18 22:00:00,0.0,2.475219446351143e-05,1.223051637621856,74.50277947005031,0.21333333333333335,-0.5609598672412602
2021-09-18 22:30:00,0.0,2.3558714866712376e-05,0.3529104267713372,21.497708591888173,0.21333333333333335,-0.6232490110568325
2021-09-18 23:00:00,0.0,0.02437889456183,0.8242391074902861,50.208922147673114,0.21133333333333335,-0.6787122067971831
2021-09-18 23:30:00,0.0,0.0185903540480536,0.8877078385632733,54.07515046454871,0.21133333333333335,-0.7134084267099516
2021-09-19 00:00:00,0.0,2.2264834702587182e-05,0.7042554566329623,42.90006027719949,0.20766666666666667,-0.727800515932882
2021-09-19 00:30:00,0.0,2.1777238958862854e-05,0.6619142884787463,40.320827629564384,0.20766666666666667,-0.7312389408722924
2021-09-19 01:00:00,0.0,2.1550467758537072e-05,-0.0054459872800622,-0.3317449376970849,0.205,-0.7321268428861984
2021-09-19 01:30:00,0.0,0.0083228520438211,0.534381234208046,32.55209021472626,0.205,-0.7318354330411814
2021-09-19 02:00:00,0.0,0.0085212017403435,0.3201040316455346,19.49929123477844,0.204,-0.726640818125241
2021-09-19 02:30:00,0.0,2.1165977399399305e-05,0.4060756186967906,24.736291859890475,0.204,-0.7140845119762308
2021-09-19 03:00:00,0.0,2.0975061376302337e-05,0.1253781829211767,7.637472388896895,0.20233333333333334,-0.6967110336329796
2021-09-19 03:30:00,0.0,2.0314055965768233e-05,0.3416297434979393,20.810540338041072,0.20233333333333334,-0.6807821261333394
2021-09-19 04:00:00,0.0,1.9940463453652268e-05,0.233781056726733,14.240885648502942,0.20099999999999998,-0.6726679647519728
2021-09-19 04:30:00,0.0,1.9601623174089498e-05,0.3201040316455346,19.49929123477844,0.20099999999999998,-0.6756887826269624
2021-09-19 05:00:00,0.0,1.9909374037218365e-05,0.0818604032504428,4.986565884132173,0.20033333333333334,-0.6884673970717415
2021-09-19 05:30:00,0.0,2.0002751953599464e-05,0.2769866722270838,16.872776522505152,0.20033333333333334,-0.7055041404871414
2021-09-19 06:00:00,0.0,1.9601623174089498e-05,-0.0711644401808525,-4.335016143073839,0.19966666666666666,-0.7204259006520948
2021-09-19 06:30:00,0.0,2.018933319552581e-05,-0.0711644401808525,-4.335016143073839,0.19966666666666666,-0.7308919253685783
2021-09-19 07:00:00,0.0,1.9448536208447185e-05,-0.0054459872800622,-0.3317449376970849,0.19866666666666666,-0.7423486151626021
2021-09-19 07:30:00,0.0,1.92346147380746e-05,0.2985563582681868,18.18670433464825,0.19866666666666666,-0.7678359872852722
2021-09-19 08:00:00,0.0,0.0122420396219029,0.1471034042241219,8.9608747064136,0.19766666666666666,-0.823048060016005
2021-09-19 08:30:00,0.0,0.0135087278290239,0.5769775668493404,35.14686632996701,0.19766666666666666,-0.9183546336449352
2021-09-19 09:00:00,0.0,2.0659729196298585e-05,1.102346563906238,67.14997177876027,0.19666666666666668,-1.051223654912571
2021-09-19 09:30:00,0.0,2.5306633599255708e-05,2.932074001490126,178.6086997501136,0.19666666666666668,-1.2041651010199108
2021-09-19 10:00:00,0.0,0.0583653687069148,4.849476720195111,295.40820969126247,0.19600000000000004,-1.3526352568148103
2021-09-19 10:30:00,0.0,0.0617142028542949,5.162332251639915,314.4659550457757,0.19600000000000004,-1.4793661525666928
2021-09-19 11:00:00,0.0,0.0014840931621074,6.125702136004338,373.1500954655946,0.19466666666666668,-1.5823430011132873
2021-09-19 11:30:00,0.0,0.0828453591806496,6.778559836510765,412.91923667759704,0.19466666666666668,-1.6689734856990868
2021-09-19 12:00:00,0.0,0.1518499555324024,7.066505940935551,430.45961228997385,0.19299999999999998,-1.745267633832738
2021-09-19 12:30:00,0.0,0.2078740760982825,7.2091698480720465,439.15005289344106,0.19299999999999998,-1.812850107714875
2021-09-19 13:00:00,0.0,0.2621919461181715,7.413732641618195,451.6110939701533,0.19066666666666668,-1.874445115576574
2021-09-19 13:30:00,0.0,0.237297122462834,7.863820313945476,479.0284012710863,0.19066666666666668,-1.9390384383943813
2021-09-19 14:00:00,0.0,0.2026261589629706,7.833050754722083,477.15405875381646,0.18699999999999997,-2.019256214443259
2021-09-19 14:30:00,0.0,0.1636543822920972,7.755953283559593,472.4576291714266,0.18699999999999997,-2.1186483007089745
2021-09-19 15:00:00,0.0,0.252397597388879,7.61654763251032,463.965666806536,0.18366666666666664,-2.2164204456898906
2021-09-19 15:30:00,0.0,0.222448540955118,7.3666823188989055,448.7450009044788,0.18366666666666664,-2.2669567013672816
2021-09-19 16:00:00,0.0,0.2937566177297694,7.5075545185399,457.3262987830552,0.18099999999999997,-2.2236737848463974
2021-09-19 16:30:00,0.0,0.2287252732755009,6.986873804830299,425.60878237202,0.18099999999999997,-2.072619466682983
2021-09-19 17:00:00,0.0,0.1066746807958768,6.617049999840672,403.08078720127486,0.17833333333333332,-1.8459807293482249
2021-09-19 17:30:00,0.0,0.0657672576593341,6.175306937502317,376.17179583619014,0.17833333333333332,-1.6006920203618096
2021-09-19 18:00:00,0.0,0.0983132281523505,5.758645059921854,350.7906369185549,0.17666666666666667,-1.3819974073358674
2021-09-19 18:30:00,0.0,0.0579377806680434,5.04117781024932,307.08577390617,0.17666666666666667,-1.2056466356915223
2021-09-19 19:00:00,0.0,2.9071130245523226e-05,4.192454103747779,255.3853606190916,0.17600000000000002,-1.0670957642765633
2021-09-19 19:30:00,0.0,2.910900344618699e-05,3.2915267059570983,200.50493433828552,0.17600000000000002,-0.95829786573127
2021-09-19 20:00:00,0.0,2.82896123113535e-05,2.6633952020621567,162.24200129984845,0.17566666666666664,-0.8754142755186182
2021-09-19 20:30:00,0.0,2.7664506845837684e-05,2.970189122837893,180.93050072146792,0.17566666666666664,-0.8172886060249213
2021-09-19 21:00:00,0.0,2.57626807481102e-05,1.876963720640631,114.33614890053369,0.17499999999999996,-0.781008144485272
2021-09-19 21:30:00,0.0,2.668662221553466e-05,0.746512344797365,45.474158968669826,0.17499999999999996,-0.7593035981848677
2021-09-19 22:00:00,0.0,2.7300506301294197e-05,1.2471581194673456,75.97123742021952,0.17499999999999996,-0.7425424646667658
2021-09-19 22:30:00,0.0,2.3592631716954487e-05,1.2677656382346592,77.2265543495451,0.17499999999999996,-0.7235685459754017
2021-09-19 23:00:00,0.0,0.0296166944788132,0.9565459066591928,58.26845453179717,0.17466666666666666,-0.7007047781406402
2021-09-19 23:30:00,0.0,0.0224828561939649,0.9983050723058804,60.812234216421054,0.17466666666666666,-0.6770776962783355
2021-09-20 00:00:00,0.0,0.0360632516345017,0.7415284748562792,45.17056413121053,0.1743333333333333,-0.6582012082291533
2021-09-20 00:30:00,0.0,0.0320903825199464,0.6564337258416161,39.98697651734164,0.1743333333333333,-0.6493719890961188
2021-09-20 01:00:00,0.0,0.0196987238143909,0.5923879482416755,36.085597133398124,0.17400000000000002,-0.6532707130899194
2021-09-20 01:30:00,0.0,0.0184691799705079,0.3990806215052604,24.310188237505788,0.17400000000000002,-0.668596907496082
2021-09-20 02:00:00,0.0,2.0975061376302337e-05,0.1385562349549466,8.44021977446588,0.17366666666666666,-0.6911611197895492
2021-09-20 02:30:00,0.0,2.1070958489315396e-05,0.4206466177413284,25.62389128339834,0.17366666666666666,-0.7175191509423846
2021-09-20 03:00:00,0.0,2.0848499999645363e-05,0.3342503028905055,20.3610181598467,0.17300000000000001,-0.7477724266700561
2021-09-20 03:30:00,0.0,2.081754396936355e-05,0.9107023893393044,55.475874598168,0.17300000000000001,-0.7838232552350809
2021-09-20 04:00:00,0.0,2.0065186803328684e-05,0.0729191067911591,4.441902504605824,0.17300000000000001,-0.8238220872259275
2021-09-20 04:30:00,0.0,2.2167424405618382e-05,0.2692204052609508,16.399690630393184,0.17300000000000001,-0.8585432614663064
2021-09-20 05:00:00,0.0,2.1777238958862854e-05,0.6137580408384413,37.38736661476458,0.17300000000000001,-0.8754383810329831
2021-09-20 05:30:00,0.0,0.0271035143500631,0.0070766882443068,0.4310798722031538,0.17300000000000001,-0.8684739831945697
2021-09-20 06:00:00,0.0,0.0160334510162085,0.2474991792517556,15.076531688119204,0.17200000000000001,-0.8439212365521201
2021-09-20 06:30:00,0.0,2.2923596763138143e-05,0.3990806215052604,24.310188237505788,0.17200000000000001,-0.8156849396338937
2021-09-20 07:00:00,0.0,2.119852532377504e-05,0.2909192997355863,17.72148923648564,0.17200000000000001,-0.7963157563026462
2021-09-20 07:30:00,0.0,2.1165977399399305e-05,0.2909192997355863,17.72148923648564,0.17200000000000001,-0.7936746731896841
2021-09-20 08:00:00,0.0,0.0144282216899012,0.2474991792517556,15.076531688119204,0.171,-0.8145021296874211
2021-09-20 08:30:00,0.0,2.1550467758537072e-05,0.5709962894347359,34.78251393595366,0.171,-0.869260314612354
2021-09-20 09:00:00,0.0,2.0848499999645363e-05,1.182776059462142,72.04937323162159,0.17066666666666666,-0.9715019952551686
2021-09-20 09:30:00,0.0,2.2560223421108573e-05,1.574296711414093,95.8990422832607,0.17066666666666666,-1.1267528475790092
2021-09-20 10:00:00,0.0,0.0297613001685003,2.977577654894763,181.3805767096827,0.17066666666666666,-1.3169411060439005
2021-09-20 10:30:00,0.0,0.0565016629645885,5.146053296455996,313.4743146515658,0.17066666666666666,-1.4989558601359607
2021-09-20 11:00:00,0.0,0.0702509911922089,5.678310477843795,345.8970171659025,0.16966666666666666,-1.6268995377427151
2021-09-20 11:30:00,0.0,0.0534130864686165,6.429672754613841,391.666612076188,0.16966666666666666,-1.6817072829536857
2021-09-20 12:00:00,0.0,0.0770649446970756,6.70731374037862,408.5792464229285,0.16833333333333333,-1.6826092199750915
2021-09-20 12:30:00,0.0,0.0620352564464683,6.852977297025951,417.45241212083886,0.16833333333333333,-1.672677682776747
2021-09-20 13:00:00,0.0,0.1117702602649457,7.029792479778352,428.2231941241018,0.16633333333333333,-1.692353919952706
2021-09-20 13:30:00,0.0,0.0233217454569213,7.284633792533798,443.7469754102255,0.16633333333333333,-1.7595313874136875
2021-09-20 14:00:00,0.0,0.0917581132879576,7.521081711370902,458.1503142484175,0.165,-1.8642960981279484
2021-09-20 14:30:00,0.0,0.2160515175310616,7.63062421026662,464.8231483191807,0.165,-1.9747543849476352
2021-09-20 15:00:00,0.0,0.259249617955878,7.848211583736467,478.07758795397194,0.16266666666666665,-2.050250902620466
2021-09-20 15:30:00,0.0,0.1608907947075619,7.379495874450774,449.5255448113283,0.16266666666666665,-2.0607344225117545
2021-09-20 16:00:00,0.0,0.2138150050894859,7.332112294795487,446.63915123891655,0.16033333333333333,-2.004688915041906
2021-09-20 16:30:00,0.0,0.0938861455013103,6.901331607074728,420.3979382026283,0.16033333333333333,-1.9091236475481057
2021-09-20 17:00:00,0.0,0.1684963655019695,6.413237605865349,390.66545707577666,0.15966666666666665,-1.8040381518845672
2021-09-20 17:30:00,0.0,0.1319407342264764,6.2482445042501125,380.614822837944,0.15966666666666665,-1.695474961616363
2021-09-20 18:00:00,0.0,0.0984045879323369,6.314382297102532,384.64363833840866,0.15866666666666665,-1.5715421693799023
2021-09-20 18:30:00,0.0,0.0922242255789285,5.779915509915269,352.0863366227551,0.15866666666666665,-1.432061782070886
2021-09-20 19:00:00,0.0,0.0591781316292233,5.02412825231308,306.04719187421637,0.158,-1.2982268399945254
2021-09-20 19:30:00,0.0,0.0906909535698837,4.511903391391179,274.84476780768597,0.158,-1.1926388746402456
2021-09-20 20:00:00,0.0,0.05648285390524,3.0349276431909895,184.87407886381231,0.15733333333333333,-1.122678019151777
2021-09-20 20:30:00,0.0,2.978886092341215e-05,2.707942996944504,164.95565167723564,0.15733333333333333,-1.084296643915135
2021-09-20 21:00:00,0.0,0.0472909702938803,2.8624260745049006,174.36606273863302,0.15733333333333333,-1.0703958055249885
2021-09-20 21:30:00,0.0,0.0505186581405377,1.7977459784186445,109.51056198553152,0.15733333333333333,-1.0715573379415912
2021-09-20 22:00:00,0.0,0.0782404959515528,1.471956152152713,89.66491783343955,0.157,-1.0762518218265955
2021-09-20 22:30:00,0.0,0.0514336519057556,1.2657983063716145,77.10671338173296,0.157,-1.0760850558327155
2021-09-20 23:00:00,0.0,0.043418365259424,0.9317548547877816,56.75829566884212,0.157,-1.07053281763584
2021-09-20 23:30:00,0.0,0.0498633292453849,1.099430021164395,66.9723091731707,0.157,-1.06519094040279
2021-09-21 00:00:00,0.0,0.0762414675452916,0.8163872914954905,49.73062499528376,0.157,-1.0659064567185716
2021-09-21 00:30:00,0.0,0.0779557699929005,1.089536290428211,66.36962780101929,0.157,-1.074301101129177
2021-09-21 01:00:00,0.0,0.0938529508773008,0.774051490436593,47.151719286844525,0.157,-1.0868606549335678
2021-09-21 01:30:00,0.0,0.0785161961979442,0.7316311747384922,44.56766532845992,0.157,-1.0968476311805406
2021-09-21 02:00:00,0.0,0.0746894636166573,0.7528519210700256,45.8603373101616,0.15633333333333332,-1.0980235032133194
2021-09-21 02:30:00,0.0,0.0464813158448586,0.9008068864664124,54.87308527545563,0.15633333333333332,-1.0882362334585505
2021-09-21 03:00:00,0.0,0.0487399305439649,0.6891259569878219,41.97843952065821,0.156,-1.0706150504399763
2021-09-21 03:30:00,0.0,0.0704145973292061,0.6891259569878219,41.97843952065821,0.156,-1.0518875580760934
2021-09-21 04:00:00,0.0,0.0421466095795468,0.3675907686412971,22.39196868626101,0.156,-1.0390996454118924
2021-09-21 04:30:00,0.0,2.9333912043817993e-05,0.5610969780969387,34.17949261876762,0.156,-1.0364152258427073
2021-09-21 05:00:00,0.0,2.9183333930494853e-05,1.026811957241146,62.54874483983175,0.15566666666666665,-1.0439525162470835
2021-09-21 05:30:00,0.0,0.0486329438637272,0.774051490436593,47.151719286844525,0.15566666666666665,-1.0593213952480942
2021-09-21 06:00:00,0.0,2.9636675311373782e-05,0.7952299311836921,48.44181420349799,0.15533333333333332,-1.0798926708114351
2021-09-21 06:30:00,0.0,0.0452097583491264,0.8586389627475473,52.30440589602632,0.15533333333333332,-1.103282400484964
2021-09-21 07:00:00,0.0,0.0724867393237387,1.0058627861463123,61.27261599445155,0.155,-1.1265033723967453
2021-09-21 07:30:00,0.0,0.0714296284385594,1.3179623235146138,80.28430960574325,0.155,-1.1470835621115103
2021-09-21 08:00:00,0.0,0.0739865404011607,1.8282361006943888,111.36788246657156,0.155,-1.1676534401685894
2021-09-21 08:30:00,0.0,0.081816970773405,2.5424720346574405,154.87590832646333,0.155,-1.199627853762646
2021-09-21 09:00:00,0.0,0.0794002253909156,3.158274775560052,192.38782883026852,0.15433333333333332,-1.2590570411156727
2021-09-21 09:30:00,0.0,0.0474725997766344,4.087309322218005,248.98041561940923,0.15433333333333332,-1.355281653612008
2021-09-21 10:00:00,0.0,0.0534765709378073,5.480937143328802,333.8739254481794,0.154,-1.4829024087714406
2021-09-21 10:30:00,0.0,0.059470428598384,6.810729149712077,414.87884588248767,0.154,-1.6243996825708005
2021-09-21 11:00:00,0.0,0.2262792376439997,7.853685994590828,478.4110643273849,0.15333333333333332,-1.758616941187403
2021-09-21 11:30:00,0.0,0.118036783251762,8.644514803383196,526.5847820410412,0.15333333333333332,-1.8674121884667003
2021-09-21 12:00:00,0.0,0.2901632251521435,8.778805117024948,534.7651411644462,0.152,-1.9409100132942725
2021-09-21 12:30:00,0.0,0.3950893145671261,8.971484303504681,546.5022865941198,0.152,-1.983995974384555
2021-09-21 13:00:00,0.0,0.3661474801540213,8.237128568797774,501.7686533831636,0.15066666666666664,-2.0184627782312585
2021-09-21 13:30:00,0.0,0.3508121871973188,7.91544976440477,482.1734341081364,0.15066666666666664,-2.072961191525011
2021-09-21 14:00:00,0.0,0.4311900097538218,8.08448469713584,492.4702784347464,0.149,-2.165117991750291
2021-09-21 14:30:00,0.0,0.5838916472316631,8.237128568797774,501.7686533831636,0.149,-2.2902053327040335
2021-09-21 15:00:00,0.0,0.4587776193593941,8.719211925031011,531.1349931768489,0.14733333333333332,-2.423806844390153
2021-09-21 15:30:00,0.0,0.3658896646852769,8.73412388999089,532.0433627032829,0.14733333333333332,-2.531262307922303
2021-09-21 16:00:00,0.0,0.3092032284193375,8.524520030725482,519.275242680741,0.145,-2.5763911610926935
2021-09-21 16:30:00,0.0,0.3728818704853255,8.176187035117932,498.0563705124712,0.145,-2.5317090942370353
2021-09-21 17:00:00,0.0,0.2646212755424994,8.099792704039137,493.402773046879,0.143,-2.3899943176887457
2021-09-21 17:30:00,0.0,0.3156630901843387,7.52678140634371,458.49751391239187,0.143,-2.1679792593378986
2021-09-21 18:00:00,0.0,0.1333693552596125,7.179421883969283,437.3379413348967,0.1416666666666667,-1.8989900820246683
2021-09-21 18:30:00,0.0,0.1532406843512415,6.485350724540508,395.05826242617024,0.1416666666666667,-1.622262201774716
2021-09-21 19:00:00,0.0,0.1193933057760929,5.412392521609718,329.6984968082859,0.1406666666666667,-1.3735201253509142
2021-09-21 19:30:00,0.0,3.7865839024847846e-05,5.066548334260621,308.63123159357303,0.1406666666666667,-1.176336779096892
2021-09-21 20:00:00,0.0,3.582180858518088e-05,3.497230339402091,213.03547022681087,0.1416666666666667,-1.0383020170433208
2021-09-21 20:30:00,0.0,3.5028248745586314e-05,2.208123183186244,134.50888703236745,0.1416666666666667,-0.9550384335352584
2021-09-21 21:00:00,0.0,3.56948303480287e-05,1.66626237641956,101.50117505342034,0.1416666666666667,-0.916916058376865
2021-09-21 21:30:00,0.0,3.2869602527692825e-05,1.5030602170545595,91.5596369251946,0.1416666666666667,-0.9126859351250068
2021-09-21 22:00:00,0.0,0.0502698831673392,1.3386078749113703,81.54194331100607,0.1416666666666667,-0.9302374921937572
2021-09-21 22:30:00,0.0,3.3191613558943914e-05,1.0686486631564744,65.09724792725966,0.1416666666666667,-0.957068499657029
2021-09-21 23:00:00,0.0,3.552828802827067e-05,0.9008068864664124,54.87308527545563,0.142,-0.9813026851283448
2021-09-21 23:30:00,0.0,3.713428294613371e-05,1.047740567477244,63.82362121060092,0.142,-0.9927633049086442
2021-09-22 00:00:00,0.0,3.367603199451579e-05,0.9959682075252962,60.66988297298728,0.142,-0.984605925812177
2021-09-22 00:30:00,0.0,0.0562428096435953,0.8909112838988531,54.27028987979461,0.142,-0.956202816468381
2021-09-22 01:00:00,0.0,3.457533729690223e-05,0.8487429277818271,51.701584160623106,0.142,-0.9164399566018622
2021-09-22 01:30:00,0.0,3.203566683225232e-05,1.4111004226597463,85.95786176610993,0.142,-0.8829622234746944
2021-09-22 02:00:00,0.0,3.140724455409311e-05,0.3144452932434325,19.154586460031336,0.1416666666666667,-0.8729677569501626
2021-09-22 02:30:00,0.0,3.239131313461301e-05,0.7853332229384377,47.83895145494772,0.1416666666666667,-0.8902764913614306
2021-09-22 03:00:00,0.0,0.0599353161618446,0.6792280601615409,41.37550436912235,0.1416666666666667,-0.9217530348134624
2021-09-22 03:30:00,0.0,0.0563291392314901,0.9119641704902944,55.55273660459519,0.1416666666666667,-0.9477767544853478
2021-09-22 04:00:00,0.0,0.0491222086736644,0.8487429277818271,51.701584160623106,0.1416666666666667,-0.9553676563747108
2021-09-22 04:30:00,0.0,3.490481344560323e-05,0.932996259142922,56.83391641293761,0.1416666666666667,-0.9416841266560536
2021-09-22 05:00:00,0.0,0.060253410777324,0.8064908109802337,49.12777611901596,0.14133333333333334,-0.909779921663902
2021-09-22 05:30:00,0.0,3.408241776180299e-05,0.8276273633036809,50.41531938217117,0.14133333333333334,-0.8648406086918137
2021-09-22 06:00:00,0.0,3.2551313253550324e-05,0.6366370514295239,38.78105256237899,0.14100000000000001,-0.812660064947626
2021-09-22 06:30:00,0.0,3.295032186546801e-05,0.5725897306727376,34.879579176293106,0.14100000000000001,-0.759005577858562
2021-09-22 07:00:00,0.0,3.2311510725841314e-05,0.3792774038710594,23.103865699017476,0.14100000000000001,-0.7117238343000902
2021-09-22 07:30:00,0.0,2.9864383502258776e-05,0.6366370514295239,38.78105256237899,0.14100000000000001,-0.6848535609967071
2021-09-22 08:00:00,0.0,2.8363972230347037e-05,0.7429547474071,45.257446210469766,0.14133333333333334,-0.6974134285081286
2021-09-22 08:30:00,0.0,2.9033291171632532e-05,1.2045420114777703,73.37525668011538,0.14133333333333334,-0.7632921759028697
2021-09-22 09:00:00,0.0,3.086287479687379e-05,3.0532981339331657,185.99312615373887,0.14100000000000001,-0.880412521843726
2021-09-22 09:30:00,0.0,3.3151868853285435e-05,4.258651530177233,259.4178087276181,0.14100000000000001,-1.0303158792368596
2021-09-22 10:00:00,0.0,3.540371153436868e-05,5.333723013712511,324.9063058511817,0.14133333333333334,-1.1889831034346814
2021-09-22 10:30:00,0.0,0.0044394732426424,6.261455083385461,381.4195516275691,0.14133333333333334,-1.3384667962680636
2021-09-22 11:00:00,0.0,0.0146214510612125,6.865307806344221,418.2035310337563,0.14033333333333334,-1.4699080043601076
2021-09-22 11:30:00,0.0,0.01226068135908,7.50112291435035,456.93451451668983,0.14033333333333334,-1.5791532230318763
2021-09-22 12:00:00,0.0,0.1403594394545248,7.641860950858895,465.5076397834465,0.14,-1.6626689439240492
2021-09-22 12:30:00,0.0,0.1303042891295526,7.890030344090944,480.6249978789189,0.14,-1.717418133797034
2021-09-22 13:00:00,0.0,0.2684863409429999,7.67302349517768,467.4059211770452,0.139,-1.7423772330174625
2021-09-22 13:30:00,0.0,0.2016183754091365,7.00986664446133,427.0094022704175,0.139,-1.7391214469499583
2021-09-22 14:00:00,0.0,0.2076860836257607,6.442616510740677,392.4550872137602,0.137,-1.7113304276750425
2021-09-22 14:30:00,0.0,0.2107205707577423,6.261455083385461,381.4195516275691,0.137,-1.664210432536806
2021-09-22 15:00:00,0.0,0.0078591621502416,5.894832136254873,359.0865382546904,0.1366666666666667,-1.6048184082284622
2021-09-22 15:30:00,0.0,0.10657923186908,5.178275903274013,315.4371702627817,0.1366666666666667,-1.5419746017297964
2021-09-22 16:00:00,0.0,0.077101087192194,4.758478999941344,289.86503974176946,0.136,-1.4830523190110176
2021-09-22 16:30:00,0.0,0.0093033423719367,5.827544051722264,354.98765218260047,0.136,-1.4295811112658867
2021-09-22 17:00:00,0.0,0.1216866183562263,5.995397771128895,365.2125423307353,0.136,-1.3777376482212975
2021-09-22 17:30:00,0.0,0.0701175730856708,5.43676951909409,331.1834333488653,0.136,-1.324187933134823
2021-09-22 18:00:00,0.0,0.0677802191779528,4.348725000649644,264.90467755660444,0.13566666666666669,-1.2699215241471429
2021-09-22 18:30:00,0.0,0.0667065379669139,3.9130280393293218,238.363987346552,0.13566666666666669,-1.218130815960539
2021-09-22 19:00:00,0.0,3.8080907314678035e-05,3.561959837231057,216.97849875775307,0.13533333333333333,-1.1709889342714477
2021-09-22 19:30:00,0.0,0.0632545666369863,3.0913819846483985,188.31302225945387,0.13533333333333333,-1.129332319227956
2021-09-22 20:00:00,0.0,0.1018306160689447,2.591057057481481,157.8354883880584,0.13533333333333333,-1.093060415396448
2021-09-22 20:30:00,0.0,0.0667991170259045,1.8586510331470476,113.22062272333048,0.13533333333333333,-1.0604446207230696
2021-09-22 21:00:00,0.0,0.1036882790349262,1.5545159388419425,94.69408699653566,0.13533333333333333,-1.0281939598060723
2021-09-22 21:30:00,0.0,0.0632176222961874,1.1837760674917477,72.11028920230196,0.13533333333333333,-0.9930244785462928
2021-09-22 22:00:00,0.0,0.061294341463383,1.037846375808784,63.22091176053796,0.13533333333333333,-0.9529766871310016
2021-09-22 22:30:00,0.0,0.0602668821898644,0.8064908109802337,49.12777611901596,0.13533333333333333,-0.90791914332378
2021-09-22 23:00:00,0.0,3.2510446819210245e-05,0.8276273633036809,50.41531938217117,0.13533333333333333,-0.8595305585893606
2021-09-22 23:30:00,0.0,2.9485025759073216e-05,0.6366370514295239,38.78105256237899,0.13533333333333333,-0.8097749794146226
2021-09-23 00:00:00,0.0,3.259057729906609e-05,0.5198839067429719,31.66897853095821,0.13533333333333333,-0.7593900298174229
2021-09-23 00:30:00,0.0,3.267083954047346e-05,1.0279520938088944,62.618196807892446,0.13533333333333333,-0.7114635898623127
2021-09-23 01:00:00,0.0,0.0336102722614826,0.6054106654089441,36.87888222077219,0.13533333333333333,-0.6779870080866154
2021-09-23 01:30:00,0.0,2.697436473519058e-05,0.6054106654089441,36.87888222077219,0.13533333333333333,-0.6774785373954018
2021-09-23 02:00:00,0.0,2.6579814711673224e-05,0.775436407109776,47.23608215290239,0.13566666666666669,-0.7204616974618582
2021-09-23 02:30:00,0.0,2.8623806350329834e-05,0.3693755924191446,22.500692086176024,0.13566666666666669,-0.7980414161881069
2021-09-23 03:00:00,0.0,3.101775059832205e-05,0.4124873592241453,25.126866121707856,0.13566666666666669,-0.8875355694691444
2021-09-23 03:30:00,0.0,3.148553847931474e-05,0.4555114100311568,27.74769689498226,0.13566666666666669,-0.9683323834420292
2021-09-23 04:00:00,0.0,0.0477256580732655,0.8599416331906128,52.38375869337066,0.13566666666666669,-1.0301893056728753
2021-09-23 04:30:00,0.0,0.0722306417410308,0.7330574632658713,44.6545483809389,0.13566666666666669,-1.068511806331622
2021-09-23 05:00:00,0.0,0.1100353332365616,0.775436407109776,47.23608215290239,0.13533333333333333,-1.078373089744062
2021-09-23 05:30:00,0.0,0.0675202685513453,0.838846789564501,51.09875613559859,0.13533333333333333,-1.0572260928894028
2021-09-23 06:00:00,0.0,0.0647298858077873,0.838846789564501,51.09875613559859,0.13533333333333333,-1.0109261409100545
2021-09-23 06:30:00,0.0,3.1640917004144014e-05,0.6054106654089441,36.87888222077219,0.13533333333333333,-0.9530354869946794
2021-09-23 07:00:00,0.0,3.1640917004144014e-05,0.8177310025176611,49.8124777992675,0.135,-0.8973224322015111
2021-09-23 07:30:00,0.0,3.219286580736566e-05,0.7330574632658713,44.6545483809389,0.135,-0.851360569596064
2021-09-23 08:00:00,0.0,3.203566683225232e-05,1.194649161202884,72.7726289416879,0.13466666666666668,-0.8171834986377159
2021-09-23 08:30:00,0.0,3.0592325027057014e-05,2.2081572663854145,134.5109632268578,0.13466666666666668,-0.7984882488968021
2021-09-23 09:00:00,0.0,2.8067349052283917e-05,2.542203935598459,154.8595769431815,0.13466666666666668,-0.8067032001826263
2021-09-23 09:30:00,0.0,2.740935055048091e-05,3.157462001379779,192.33831829968324,0.13466666666666668,-0.8569754866605511
2021-09-23 10:00:00,0.0,2.8104307908220937e-05,4.067512521390305,247.77448396377895,0.13466666666666668,-0.9559204455382084
2021-09-23 10:30:00,0.0,0.0115872711219888,4.8014718266767344,292.483968485685,0.13466666666666668,-1.094551268350366
2021-09-23 11:00:00,0.0,0.0395782179577065,5.597564943505079,340.9783640583967,0.13466666666666668,-1.2540581269474131
2021-09-23 11:30:00,0.0,0.0017755167372784,6.514551260991979,396.83702716572066,0.13466666666666668,-1.4156905552110264
2021-09-23 12:00:00,0.0,0.084395897549992,7.444047398381956,453.4577319765831,0.13433333333333333,-1.5648333724520251
2021-09-23 12:30:00,0.0,0.1253388473396471,8.504483941610768,518.0547346638774,0.13433333333333333,-1.6915298786998554
2021-09-23 13:00:00,0.0,0.2035989533793621,8.293070958212049,505.1764109735656,0.133,-1.791582005329896
2021-09-23 13:30:00,0.0,0.2285506588399223,7.941677276637508,483.7710956457336,0.133,-1.86536062504529
2021-09-23 14:00:00,0.0,0.2788711013506874,7.987803490982633,486.58089620478864,0.13133333333333333,-1.9167136533467928
2021-09-23 14:30:00,0.0,0.3202697873956706,8.04916757670287,490.31891903650296,0.13133333333333333,-1.9589268538262563
2021-09-23 15:00:00,0.0,0.2144247565704226,7.663038492734604,466.7976799449163,0.13,-2.0173885081099026
2021-09-23 15:30:00,0.0,0.0843570312673152,7.111724953755931,433.2141502312834,0.13,-2.1086275177306906
2021-09-23 16:00:00,0.0,0.1951053987061422,7.678603947816431,467.7458571368191,0.12933333333333333,-2.208158406710781
2021-09-23 16:30:00,0.0,0.2975552503021049,7.787278909539124,474.3658447629223,0.12933333333333333,-2.251603290398086
2021-09-23 17:00:00,0.0,0.2882860934050203,8.04916757670287,490.31891903650296,0.12866666666666668,-2.181733157222758
2021-09-23 17:30:00,0.0,0.0955889478327127,7.522490044562311,458.2361035429593,0.12866666666666668,-1.9936239401250848
2021-09-23 18:00:00,0.0,0.0880220432012923,6.661215829470541,405.7711699813707,0.127,-1.7321857546469417
2021-09-23 18:30:00,0.0,0.0815519450420472,5.851282282710434,356.4336779544637,0.127,-1.455685630995916
2021-09-23 19:00:00,0.0,0.0791504505194618,4.606893569920041,280.63114027558714,0.12633333333333333,-1.2063582110090354
2021-09-23 19:30:00,0.0,0.0554532659730083,3.976339313252979,242.2206240853522,0.12633333333333333,-1.0031020046138948
2021-09-23 20:00:00,0.0,0.0788805732843422,2.2872195592302154,139.32708086819153,0.127,-0.8469089731172805
2021-09-23 20:30:00,0.0,0.0473575207075988,1.7276223781300122,105.23894910571197,0.127,-0.7297268829489277
2021-09-23 21:00:00,0.0,0.0383326966766619,1.6667962062774957,101.53369355628392,0.12766666666666668,-0.6429478519906052
2021-09-23 21:30:00,0.0,0.0347898268618439,1.2981782801480377,79.0791550770007,0.12766666666666668,-0.5823956714275875
2021-09-23 22:00:00,0.0,0.0304515181061892,1.215395117243646,74.03637884419048,0.128,-0.5483615803539775
2021-09-23 22:30:00,0.0,0.0277910025705542,0.9020686802809984,54.94994805329187,0.128,-0.5425242542987058
2021-09-23 23:00:00,0.0,0.0259345578776149,0.4124873592241453,25.126866121707856,0.12866666666666668,-0.5652969121396657
2021-09-23 23:30:00,0.0,2.4305123741553115e-05,0.9231009784013312,56.231140621460426,0.12866666666666668,-0.6156972520462661
2021-09-24 00:00:00,0.0,2.4168032357686425e-05,0.5955117760749931,36.27588661015366,0.129,-0.6927244198489262
2021-09-24 00:30:00,0.0,2.3626584162443343e-05,0.1643713583122821,10.012760445130803,0.129,-0.7942590681302549
2021-09-24 01:00:00,0.0,0.024868876284705,0.7443603447961173,45.343068852291545,0.12866666666666668,-0.9120031231527336
2021-09-24 01:30:00,0.0,2.5236673719742934e-05,0.4241092517544579,25.834819301750297,0.12866666666666668,-1.0274783651051975
2021-09-24 02:00:00,0.0,0.0493670651102105,0.4456106229953933,27.144585684943973,0.12866666666666668,-1.1162317222913798
2021-09-24 02:30:00,0.0,0.079776993422217,0.5313983039823423,32.370383583588215,0.12866666666666668,-1.15988738784596
2021-09-24 03:00:00,0.0,0.0498343391492331,0.552791024645419,33.67353146451061,0.129,-1.1562354764377307
2021-09-24 03:30:00,0.0,0.0503494548946326,0.5741621654459893,34.97536479771659,0.129,-1.118577014299926
2021-09-24 04:00:00,0.0,3.078563437100488e-05,0.6381466047470438,38.8730077296458,0.129,-1.0661189195670822
2021-09-24 04:30:00,0.0,0.0481666121780445,0.6594319213391736,40.16961303986571,0.129,-1.0143246372775407
2021-09-24 05:00:00,0.0,0.0707333836028298,0.552791024645419,33.67353146451061,0.129,-0.9710980526698948
2021-09-24 05:30:00,0.0,0.0484923968560784,0.7019386041700587,42.75892809373422,0.129,-0.9383937100270328
2021-09-24 06:00:00,0.0,3.0093290408167564e-05,0.552791024645419,33.67353146451061,0.12833333333333333,-0.9158065999227454
2021-09-24 06:30:00,0.0,0.0468294814859495,0.6381466047470438,38.8730077296458,0.12833333333333333,-0.9031577150234464
2021-09-24 07:00:00,0.0,0.0456403989859627,0.6594319213391736,40.16961303986571,0.12866666666666668,-0.9013372920486588
2021-09-24 07:30:00,0.0,0.0724455087992948,0.4670901633863,28.453022231395448,0.12866666666666668,-0.9123453700890424
2021-09-24 08:00:00,0.0,0.0462358678188217,1.0389663867598444,63.28913776696655,0.12866666666666668,-0.9392345672644402
2021-09-24 08:30:00,0.0,0.0732486140750972,2.237836162234188,136.3188674594503,0.12866666666666668,-0.9857709001667424
2021-09-24 09:00:00,0.0,0.0734150238893153,3.6350976933567583,221.433726483412,0.12866666666666668,-1.0557737887585652
2021-09-24 09:30:00,0.0,0.0895815161748535,4.220792739254235,257.1116222475253,0.12866666666666668,-1.1518059241301029
2021-09-24 10:00:00,0.0,0.0762256984508863,4.861904504989156,296.16525418663014,0.12833333333333333,-1.2727492099085569
2021-09-24 10:30:00,0.0,0.1688633784421644,6.373460600027377,388.2424216104159,0.12833333333333333,-1.4119820322499737
2021-09-24 11:00:00,0.0,0.3072630107738408,6.797010716242393,414.0431809015276,0.12766666666666668,-1.5591859142056654
2021-09-24 11:30:00,0.0,0.1162724768280268,7.434070517714108,452.8499854863033,0.12766666666666668,-1.7050597604199391
2021-09-24 12:00:00,0.0,0.28037907053644,7.870044677337835,479.4075613644933,0.12733333333333333,-1.8447239982510908
2021-09-24 12:30:00,0.0,0.2656116805475137,7.962441787492806,485.0359758236988,0.12733333333333333,-1.977861063757722
2021-09-24 13:00:00,0.0,0.2955550534032566,7.792773878579306,474.7005734481244,0.126,-2.105826758179765
2021-09-24 13:30:00,0.0,0.3270002092718871,7.977806754501263,485.9719401880665,0.126,-2.2245041015224167
2021-09-24 14:00:00,0.0,0.2546117624042812,7.870044677337835,479.4075613644933,0.12466666666666666,-2.3159745461995604
2021-09-24 14:30:00,0.0,0.2746378250339343,8.494466524884281,517.4445189000653,0.12466666666666666,-2.3508917314842885
2021-09-24 15:00:00,0.0,0.4030031738908531,8.222319807872829,500.86657058021575,0.122,-2.309759882208851
2021-09-24 15:30:00,0.0,0.2670504376238286,7.323817450349789,446.1338667950987,0.122,-2.20707697469617
2021-09-24 16:00:00,0.0,0.2447803284621109,6.058998202347665,369.0867932254119,0.12066666666666669,-2.0872987159150416
2021-09-24 16:30:00,0.0,0.2371163148023597,6.569899804986228,400.2086103763936,0.12066666666666669,-1.9894878959746056
2021-09-24 17:00:00,0.0,0.2887123891532063,7.339599304403334,447.0952260345713,0.12066666666666669,-1.918561636887264
2021-09-24 17:30:00,0.0,0.2567373788661182,6.175349246550025,376.1743731122054,0.12066666666666669,-1.8529204092631557
2021-09-24 18:00:00,0.0,0.2459477049042524,5.416928193454296,329.97478944286524,0.12066666666666669,-1.7719076895706811
2021-09-24 18:30:00,0.0,0.1593913972869767,5.054225186673819,307.880561124073,0.12066666666666669,-1.670461780212967
2021-09-24 19:00:00,0.0,0.159539937701012,4.1665320506412495,253.80630627126217,0.12066666666666669,-1.5552831795546709
2021-09-24 19:30:00,0.0,0.15483219922206,3.0525684835226055,185.94867914761417,0.12066666666666669,-1.4372520100203654
2021-09-24 20:00:00,0.0,0.1468948059696118,2.237836162234188,136.3188674594503,0.12133333333333333,-1.3277715566887582
2021-09-24 20:30:00,0.0,0.0912185415384948,1.51430534895656,92.24463955013314,0.12133333333333333,-1.2361030656045382
2021-09-24 21:00:00,0.0,0.0908559851738882,1.1639899501047626,70.9050083336075,0.12166666666666666,-1.1660403201850686
2021-09-24 21:30:00,0.0,0.0907447825643596,1.0389663867598444,63.28913776696655,0.12166666666666666,-1.1141486345934786
2021-09-24 22:00:00,0.0,0.1407968368525771,1.226228361757573,74.6962911505389,0.122,-1.0717825938188623
2021-09-24 22:30:00,0.0,0.0816296674693772,1.059854574718999,64.56155179527022,0.122,-1.0297969193442995
2021-09-24 23:00:00,0.0,0.1377032247600819,0.871119776975459,53.06468070489442,0.12166666666666666,-0.9827191813797512
2021-09-24 23:30:00,0.0,4.1730670283170366e-05,0.6594319213391736,40.16961303986571,0.12166666666666666,-0.9295723173499416
2021-09-25 00:00:00,0.0,4.2464188720886065e-05,0.3711390264089336,22.608112516851136,0.12166666666666666,-0.8726832466817032
2021-09-25 00:30:00,0.0,4.1185079189381906e-05,0.6495336779909493,39.5666567797788,0.12166666666666666,-0.8176890012632659
2021-09-25 01:00:00,0.0,3.666573640149513e-05,0.564262893270035,34.37234586609306,0.12166666666666666,-0.7734052279809505
2021-09-25 01:30:00,0.0,3.632559868713831e-05,0.4142080475848356,25.231682681802127,0.12166666666666666,-0.7472390813405317
2021-09-25 02:00:00,0.0,3.979356367009359e-05,0.6282481092681418,38.27003611089725,0.12166666666666666,-0.7388119796008514
2021-09-25 02:30:00,0.0,3.743441925524666e-05,0.5000838740628656,30.462850005482295,0.12166666666666666,-0.739811887206834
2021-09-25 03:00:00,0.0,3.739144891428285e-05,0.2847367290204707,17.34487496413824,0.122,-0.7402657734243245
2021-09-25 03:30:00,0.0,3.851698563857494e-05,0.542891486769695,33.070496347657674,0.122,-0.7334795596764548
2021-09-25 04:00:00,0.0,3.6835678740633714e-05,0.3279820570909486,19.979184948473456,0.122,-0.7162776395444389
2021-09-25 04:30:00,0.0,3.726272530589475e-05,0.263080801370318,16.02569370284996,0.122,-0.6878801519390542
2021-09-25 05:00:00,0.0,3.624131975377748e-05,0.3279820570909486,19.979184948473456,0.122,-0.650259009782863
2021-09-25 05:30:00,0.0,3.363590425285845e-05,0.1762341192710466,10.735386241483331,0.122,-0.6089519769887612
2021-09-25 06:00:00,0.0,3.239131313461301e-05,0.1108635182193531,6.753304599003443,0.12166666666666666,-0.5720994648898867
2021-09-25 06:30:00,0.0,3.090075487188714e-05,0.1326762612516471,8.082038344809789,0.12166666666666666,-0.5472982552558997
2021-09-25 07:00:00,0.0,3.086287479687379e-05,0.0014595291632834,0.0889079218222131,0.12233333333333334,-0.5389182049141608
2021-09-25 07:30:00,0.0,2.9523270520278577e-05,-0.0424618652774523,-2.5865849710191258,0.12233333333333334,-0.5478202543894557
2021-09-25 08:00:00,0.0,2.975037960921708e-05,0.4357097051736862,26.541466508016956,0.12233333333333334,-0.5723903893972734
2021-09-25 08:30:00,0.0,3.00173708846954e-05,0.6282481092681418,38.27003611089725,0.12233333333333334,-0.6097391763908877
2021-09-25 09:00:00,0.0,3.1563964136589964e-05,1.2577278568583383,76.61509806328172,0.12266666666666666,-0.6587272805517504
2021-09-25 09:30:00,0.0,2.9410165143584247e-05,1.174863221127785,71.56735887403234,0.12266666666666666,-0.724412579970936
2021-09-25 10:00:00,0.0,3.0247079988814197e-05,1.1333101099812315,69.03613109851031,0.12266666666666666,-0.818220534007708
2021-09-25 10:30:00,0.0,3.0323396658217114e-05,2.1090289558980433,128.47251445797377,0.12266666666666666,-0.9505061395747354
2021-09-25 11:00:00,0.0,0.0058943412563187,3.476338934777389,211.76286025377635,0.12266666666666666,-1.1219429698527503
2021-09-25 11:30:00,0.0,0.0020891278766877,4.228950120779951,257.60853307137666,0.12266666666666666,-1.3211690247810162
2021-09-25 12:00:00,0.0,0.0055629360009232,5.8650393441695705,357.27169597800264,0.122,-1.5271186335645337
2021-09-25 12:30:00,0.0,0.0749896003864035,7.5807104282164515,461.7826262494579,0.122,-1.713407558848275
2021-09-25 13:00:00,0.0,0.2716805917473003,7.408375418994034,451.2847561742153,0.12166666666666666,-1.8591116516897832
2021-09-25 13:30:00,0.0,0.2369262711694695,6.673778253824438,406.5364161103629,0.12166666666666666,-1.965089565007355
2021-09-25 14:00:00,0.0,0.2525221401156476,7.043938684776971,429.0849170137416,0.11966666666666666,-2.0595650934509537
2021-09-25 14:30:00,0.0,0.2525545252181229,6.947935792388415,423.23685459340174,0.11966666666666666,-2.1789445482658594
2021-09-25 15:00:00,0.0,0.1862051530499923,7.611910398423222,463.6831874590459,0.11833333333333333,-2.3344496184041503
2021-09-25 15:30:00,0.0,0.2872350919282095,8.105649268516247,493.759528492249,0.11833333333333333,-2.493823111673903
2021-09-25 16:00:00,0.0,0.4130560537116595,7.9678104007660995,485.3630074865138,0.117,-2.597062526282339
2021-09-25 16:30:00,0.0,0.3842600038182519,7.906293736693713,481.61569027100376,0.117,-2.5929422910927613
2021-09-25 17:00:00,0.0,0.4489698500583144,7.875476104010127,479.7384193357563,0.11633333333333334,-2.4654183389233335
2021-09-25 17:30:00,0.0,0.2935768781428822,7.7827844896858975,474.0920650132611,0.11633333333333334,-2.23509494834215
2021-09-25 18:00:00,0.0,0.0917880580298427,6.915847610500159,421.282187541515,0.11533333333333334,-1.9456748209786152
2021-09-25 18:30:00,0.0,0.0833910497540217,5.441251581959878,331.45646036668603,0.11533333333333334,-1.64786125063994
2021-09-25 19:00:00,0.0,0.1564028015940243,4.604840426049784,280.50607202803263,0.11466666666666668,-1.3838271889000129
2021-09-25 19:30:00,0.0,0.0778456424836253,3.495001869858598,212.89972193144257,0.11466666666666668,-1.176077894642177
2021-09-25 20:00:00,0.0,0.0659635202270983,2.2871637985651705,139.3236841804286,0.11533333333333334,-1.0267971250376222
2021-09-25 20:30:00,0.0,4.0372945814983454e-05,2.0293854542191556,123.6209922006287,0.11533333333333334,-0.925191123600034
2021-09-25 21:00:00,0.0,4.082312813270674e-05,1.3196663544625349,80.38811147151725,0.116,-0.8556946368125002
2021-09-25 21:30:00,0.0,3.734850980499943e-05,1.008163256110549,61.41275023012145,0.116,-0.804997856293928
2021-09-25 22:00:00,0.0,3.649629532168442e-05,0.6707979102737542,40.86197772914296,0.11633333333333334,-0.7668034182615028
2021-09-25 22:30:00,0.0,3.511241543644672e-05,0.5000838740628656,30.462850005482295,0.11633333333333334,-0.7414500329429856
2021-09-25 23:00:00,0.0,3.453450868479409e-05,1.34027276092404,81.64336064419886,0.11633333333333334,-0.7312258752373484
2021-09-25 23:30:00,0.0,3.355407484649961e-05,0.3711390264089336,22.608112516851136,0.11633333333333334,-0.7360876571330404
2021-09-26 00:00:00,0.0,3.347404308669146e-05,0.8723816092980705,53.14154582846558,0.117,-0.7523027090389777
2021-09-26 00:30:00,0.0,3.41245826719415e-05,0.3180795338499358,19.37596797665634,0.117,-0.7732204740720835
2021-09-26 01:00:00,0.0,0.0438225308038842,0.4043067104850242,24.62853796434748,0.117,-0.7917208859119266
2021-09-26 01:30:00,0.0,3.323138986250876e-05,0.7245656969178059,44.137268344610035,0.117,-0.8036759293358516
2021-09-26 02:00:00,0.0,3.2830114591837195e-05,0.3396693394113153,20.691121379065695,0.117,-0.8098613076541071
2021-09-26 02:30:00,0.0,3.29899059323388e-05,0.703364941211675,42.84581410148131,0.117,-0.8142680771808721
2021-09-26 03:00:00,0.0,3.223346470019411e-05,0.1663293844434653,10.132034549805397,0.117,-0.8203231488134013
2021-09-26 03:30:00,0.0,3.243207941373169e-05,0.1445613788824686,8.806026008606592,0.117,-0.8284069120124916
2021-09-26 04:00:00,0.0,3.2510446819210245e-05,0.3612371032340314,22.004932098350107,0.11766666666666668,-0.8361032543669804
2021-09-26 04:30:00,0.0,3.2510446819210245e-05,0.0353826236785385,2.1553495599905057,0.11766666666666668,-0.8399219122183338
2021-09-26 05:00:00,0.0,3.239131313461301e-05,0.4687470839060704,28.553954342752483,0.11733333333333335,-0.8367921191003357
2021-09-26 05:30:00,0.0,3.303117294097335e-05,0.5115985643942517,31.164272911953574,0.11733333333333335,-0.825269478612444
2021-09-26 06:00:00,0.0,3.262987295419592e-05,0.3396693394113153,20.691121379065695,0.117,-0.8070925476955679
2021-09-26 06:30:00,0.0,3.160242476783036e-05,0.1880749319191131,11.45667504592041,0.117,-0.7880610592149976
2021-09-26 07:00:00,0.0,3.074627670305405e-05,0.1009577819240575,6.1498919024374334,0.11733333333333335,-0.7770803415014258
2021-09-26 07:30:00,0.0,3.160242476783036e-05,0.5115985643942517,31.164272911953574,0.11733333333333335,-0.7853002267079509
2021-09-26 08:00:00,0.0,0.0317940819803786,0.3180795338499358,19.37596797665634,0.11766666666666668,-0.8270404864513368
2021-09-26 08:30:00,0.0,0.0299742209861903,0.7245656969178059,44.137268344610035,0.11766666666666668,-0.9182112374492608
2021-09-26 09:00:00,0.0,0.0317004950067432,1.185716588821156,72.22849699354695,0.117,-1.0665844301240202
2021-09-26 09:30:00,0.0,0.0445234693879559,3.3353639714022103,203.17530247284583,0.117,-1.2589499895155178
2021-09-26 10:00:00,0.0,0.0957334017256544,5.652671018063476,344.33517712662285,0.117,-1.4603305277638927
2021-09-26 10:30:00,0.0,0.0194566860884959,7.398399772150173,450.6770848429179,0.117,-1.6318340706367245
2021-09-26 11:00:00,0.0,0.2031704304566824,7.445522650872483,453.5475976924559,0.11666666666666668,-1.752728854522792
2021-09-26 11:30:00,0.0,0.143197336852432,6.970018774450919,424.58205007986777,0.11666666666666668,-1.8267890282257924
2021-09-26 12:00:00,0.0,0.2469011681637846,6.825477985932984,415.7772783432321,0.116,-1.8713045088303932
2021-09-26 12:30:00,0.0,0.4474738790862031,7.601927597813189,463.0750803526371,0.116,-1.9047214687248135
2021-09-26 13:00:00,0.0,0.3599906362799546,7.240643767244461,441.06730183619226,0.115,-1.944650300094849
2021-09-26 13:30:00,0.0,0.3493681813369824,7.208966045161471,439.13763814100145,0.115,-2.0105048446726452
2021-09-26 14:00:00,0.0,0.4363693037859207,7.429825414114718,452.5913929563036,0.11366666666666668,-2.1183273666208695
2021-09-26 14:30:00,0.0,0.5394790058698232,7.726316308598865,470.6522785699166,0.11366666666666668,-2.2662105839689515
2021-09-26 15:00:00,0.0,0.5795757550467991,7.896300101688988,481.00692318222497,0.11266666666666668,-2.4239271931935624
2021-09-26 15:30:00,0.0,0.4979469155548384,7.633085651375514,464.9730881896436,0.11266666666666668,-2.5411421299890775
2021-09-26 16:00:00,0.0,0.4098511272754591,7.555113972290859,460.2234058106976,0.11133333333333334,-2.5716554114573578
2021-09-26 16:30:00,0.0,0.4375927692423205,7.351183133818799,447.8008605816434,0.11133333333333334,-2.494363538692733
2021-09-26 17:00:00,0.0,0.4396952404711858,7.303872275970051,444.9188968930963,0.11066666666666668,-2.316678863559684
2021-09-26 17:30:00,0.0,0.4337462696500981,7.033975155754856,428.4779838453912,0.11066666666666668,-2.0669889032339186
2021-09-26 18:00:00,0.0,0.1973814074070107,5.888676204220412,358.71154669040305,0.10966666666666668,-1.7881705337133789
2021-09-26 18:30:00,0.0,0.1575340485448599,4.5594057484255925,277.73839676134486,0.10966666666666668,-1.5288967846383763
2021-09-26 19:00:00,0.0,0.1542184646192706,3.578187943106425,217.96704164184592,0.109,-1.3266607358637583
2021-09-26 19:30:00,0.0,0.09441225797434,2.8223257956960226,171.92333494457642,0.109,-1.1932579415271842
2021-09-26 20:00:00,0.0,0.0923915233889301,2.3756114389854597,144.71151478886648,0.10933333333333334,-1.1162997866971882
2021-09-26 20:30:00,0.0,0.0941697429306944,1.3715346580285406,83.54769416058318,0.10933333333333334,-1.07283970897396
2021-09-26 21:00:00,0.0,0.1797695247506799,1.433117437707187,87.29903884008675,0.11,-1.0423130187016292
2021-09-26 21:30:00,0.0,0.1723858426128996,0.7245656969178059,44.137268344610035,0.11,-1.0131141951914375
2021-09-26 22:00:00,0.0,0.1746574836243501,0.9982686990599552,60.81001852262987,0.11033333333333334,-0.9837363093649368
2021-09-26 22:30:00,0.0,0.1202116854552797,0.8091577486421958,49.2902339109665,0.11033333333333334,-0.9589030070951332
2021-09-26 23:00:00,0.0,0.1181886155948227,0.5543634984108062,33.7693194611588,0.11033333333333334,-0.9424818313182268
2021-09-26 23:30:00,0.0,0.1192715018815675,0.7669038207778116,46.71631554759733,0.11033333333333334,-0.9324092916035854
2021-09-27 00:00:00,0.0,0.1440462063802355,1.045121868898291,63.664101925621566,0.11066666666666668,-0.9220633386007138
2021-09-27 00:30:00,0.0,0.113503793159827,1.1299340732973764,68.8304781981723,0.11066666666666668,-0.906419624441044
2021-09-27 01:00:00,0.0,0.1020267781599533,0.7024557594527481,42.790430856816975,0.11066666666666668,-0.8871526861204448
2021-09-27 01:30:00,0.0,3.6878242607111736e-05,0.4417782420120152,26.911134351846535,0.11066666666666668,-0.8719114178346864
2021-09-27 02:00:00,0.0,3.653860858022648e-05,0.788641206392477,48.04045886002024,0.11066666666666668,-0.8675918008749434
2021-09-27 02:30:00,0.0,3.704881103455631e-05,0.7240349302962136,44.10493644026342,0.11066666666666668,-0.8729490744219134
2021-09-27 03:00:00,0.0,0.1062657394970321,0.7671276029941434,46.729947349068205,0.11066666666666668,-0.8780815840438659
2021-09-27 03:30:00,0.0,0.060976188409081,0.7455921945239452,45.41810757166324,0.11066666666666668,-0.8725908430722573
2021-09-27 04:00:00,0.0,0.0575417465472162,0.8530516904404799,51.964054512872984,0.111,-0.8548174569037975
2021-09-27 04:30:00,0.0,0.0535500974734971,0.6592314936184072,40.15740388873863,0.111,-0.8331067011367337
2021-09-27 05:00:00,0.0,0.0489805742568814,0.2441407987528422,14.871954322789335,0.111,-0.8186269989617398
2021-09-27 05:30:00,0.0,3.653860858022648e-05,0.5507838696274198,33.55126465003745,0.111,-0.8170931748086909
2021-09-27 06:00:00,0.0,3.692083777532704e-05,0.5942295137867375,36.197776985387186,0.111,-0.8261022568265739
2021-09-27 06:30:00,0.0,0.0596541123227905,0.5942295137867375,36.197776985387186,0.111,-0.8388463184408655
2021-09-27 07:00:00,0.0,0.056867884239423,0.4636243230487409,28.241898898246856,0.111,-0.8502911849159847
2021-09-27 07:30:00,0.0,0.0548801341108077,0.6375862960414562,38.83887625502654,0.111,-0.8616226085505984
2021-09-27 08:00:00,0.0,0.0613154218001028,1.045121868898291,63.664101925621566,0.111,-0.8808120744251111
2021-09-27 08:30:00,0.0,0.0865101829498526,1.714392618071381,104.4330519009084,0.111,-0.918791983448285
2021-09-27 09:00:00,0.0,0.0583987199337268,2.8769625077092464,175.25155656734032,0.111,-0.9822147284726204
2021-09-27 09:30:00,0.0,0.1048347605446355,3.77575624913333,230.00201014310625,0.111,-1.066703328126508
2021-09-27 10:00:00,0.0,0.1292387918735421,4.979642758375644,303.3373365888897,0.111,-1.156248547345942
2021-09-27 10:30:00,0.0,0.1109388056013085,5.953259107569275,362.6456453479968,0.111,-1.230216109550744
2021-09-27 11:00:00,0.0,0.0977265746661717,5.953259107569275,362.6456453479968,0.11066666666666668,-1.27320674657415
2021-09-27 11:30:00,0.0,0.1062599304510097,6.358236957904138,387.31506611948663,0.11066666666666668,-1.2822527301507995
2021-09-27 12:00:00,0.0,0.1070219477848838,5.541052464617464,337.53587919319796,0.11,-1.268914570090552
2021-09-27 12:30:00,0.0,0.0748612173914838,4.94409068493456,301.1716649150146,0.11,-1.2556805190273643
2021-09-27 13:00:00,0.0,0.1153655058675416,5.38454666418364,328.00225299391724,0.11,-1.2678697313152278
2021-09-27 13:30:00,0.0,0.0785009461653444,5.3146432627226545,323.7440536317212,0.11,-1.3240061519314352
2021-09-27 14:00:00,0.0,0.085757475996186,5.419418346598869,330.1264783208079,0.109,-1.425300090278876
2021-09-27 14:30:00,0.0,0.1073518039581549,6.69041363891128,407.5497686037491,0.109,-1.5473697734033194
2021-09-27 15:00:00,0.0,0.2795538835299886,7.3249336797398765,446.2018624459196,0.109,-1.6482153960529864
2021-09-27 15:30:00,0.0,0.3187929213744994,7.147688871318392,435.4049095881369,0.109,-1.6958696486340832
2021-09-27 16:00:00,0.0,0.13488646721096,5.902134966652349,359.53139368505333,0.10733333333333334,-1.6865907115726066
2021-09-27 16:30:00,0.0,0.2892912261505151,6.156632425670475,375.03422895518435,0.10733333333333334,-1.6303715590115062
2021-09-27 17:00:00,0.0,0.1858882748269527,6.274447631704408,382.2109989650198,0.10733333333333334,-1.530088317609698
2021-09-27 17:30:00,0.0,0.0910767023628334,6.224028621057806,379.13970065205086,0.10733333333333334,-1.3878620191210156
2021-09-27 18:00:00,0.0,0.1192766319581499,5.015139226931293,305.4996210643917,0.107,-1.2215974351774046
2021-09-27 18:30:00,0.0,0.0571682147626438,3.8132048963280543,232.28321252048528,0.107,-1.0593076837809403
2021-09-27 19:00:00,0.0,0.0408072257354271,2.4631757925061533,150.04553955046595,0.10733333333333334,-0.91997058643413
2021-09-27 19:30:00,0.0,3.175980036542559e-05,1.8375918360584875,111.93779159155908,0.10733333333333334,-0.8074336059858693
2021-09-27 20:00:00,0.0,3.0592325027057014e-05,1.3405033683243686,81.6574082050396,0.10766666666666667,-0.7184362772430211
2021-09-27 20:30:00,0.2,0.0153313480587102,1.6731691448994237,101.92190418134705,0.10766666666666667,-0.6504489587026072
2021-09-27 21:00:00,0.2,0.0285934286169379,0.8744785769833818,53.269283624817625,0.108,-0.6040168868257834
2021-09-27 21:30:00,0.4,0.0244828394778166,0.9812906874343752,59.77579476864343,0.108,-0.5817920881772839
2021-09-27 22:00:00,0.8,0.014968105132184,1.0875701011508656,66.24985643436523,0.11066666666666668,-0.5853093169644733
2021-09-27 22:30:00,0.0,0.0107756372350813,0.3980182750987103,24.245474894574578,0.11066666666666668,-0.6110042391048863
2021-09-27 23:00:00,0.0,0.0067613407301575,0.8744785769833818,53.269283624817625,0.11533333333333334,-0.649413351015659
2021-09-27 23:30:00,0.0,0.0126492693148095,0.3102256214698762,18.897543121949106,0.11533333333333334,-0.6895958832607697
2021-09-28 00:00:00,0.4,0.012881128655619,0.3976680544738465,24.224141036561168,0.116,-0.7251672787780997
2021-09-28 00:30:00,0.0,0.0113001081809807,0.5502807380429117,33.52061614728257,0.116,-0.7556460870187861
2021-09-28 01:00:00,0.0,2.495958328613873e-05,0.3976680544738465,24.224141036561168,0.11866666666666668,-0.781992589755074
2021-09-28 01:30:00,0.0,0.0400104454463057,0.3976680544738465,24.224141036561168,0.11866666666666668,-0.8023268598683306
2021-09-28 02:00:00,0.0,0.0189811359700445,0.8308218165374626,50.609911039205855,0.11966666666666669,-0.8132952988335321
2021-09-28 02:30:00,0.0,0.018952067146707,0.4632082995943612,28.21655662918593,0.11966666666666669,-0.8145747148060093
2021-09-28 03:00:00,0.0,0.0210705777113018,0.3099637751438218,18.881592626904588,0.12066666666666669,-0.8096117214998284
2021-09-28 03:30:00,0.0,0.0274315733741255,-0.0222136483969443,-1.353155089151245,0.12066666666666669,-0.8017604547115453
2021-09-28 04:00:00,0.0,0.0232417181965241,0.4850100058699688,29.544618065643935,0.12100000000000001,-0.7924481483913102
2021-09-28 04:30:00,0.0,0.0197902362289247,0.4413841076423483,26.88712546692165,0.12100000000000001,-0.7845346954922711
2021-09-28 05:00:00,0.0,0.011984545165548,0.4850100058699688,29.544618065643935,0.12100000000000001,-0.7848858202514221
2021-09-28 05:30:00,0.0,2.3592631716954487e-05,0.1998186479487431,12.172049163088252,0.12100000000000001,-0.8004544400355722
2021-09-28 06:00:00,0.0,0.0179874416779371,0.4413841076423483,26.88712546692165,0.121,-0.8319469256377532
2021-09-28 06:30:00,0.0,2.4579650240962487e-05,0.3538614200600454,21.555638806023605,0.121,-0.873005351315052
2021-09-28 07:00:00,0.0,0.0252438850483637,0.7018018901520556,42.7506000934925,0.12133333333333333,-0.9151969788697868
2021-09-28 07:30:00,0.0,0.0248183195366354,0.4850100058699688,29.544618065643935,0.12133333333333333,-0.9529357795010884
2021-09-28 08:00:00,0.0,0.0535327576707194,0.6802221645803345,41.43606071850723,0.12133333333333333,-0.9852547959411636
2021-09-28 08:30:00,0.0,0.0656151426827628,0.9803624638746682,59.719251583514946,0.12133333333333333,-1.015269641025024
2021-09-28 09:00:00,0.0,0.0563432072918948,1.6096503186309292,98.05262429151364,0.12133333333333333,-1.0476729041712185
2021-09-28 09:30:00,0.0,0.0773266772814299,2.99095570069456,182.19550681181684,0.12133333333333333,-1.08474985708475
2021-09-28 10:00:00,0.0,0.0777136364123356,3.451649844250554,210.258912415226,0.12133333333333333,-1.1240120343247113
2021-09-28 10:30:00,0.0,0.1126735586278939,4.436341850968123,270.24190018592105,0.12133333333333333,-1.1604277809087895
2021-09-28 11:00:00,0.0,0.1014147939517419,4.508928338858216,274.66354104999476,0.12100000000000001,-1.1915214153554232
2021-09-28 11:30:00,0.0,0.1400288975934361,5.134301018418448,312.75841897556256,0.12100000000000001,-1.2197445138683998
2021-09-28 12:00:00,0.0,0.1175819588880647,5.362264257549776,326.6449094636533,0.12100000000000001,-1.2494374214405712
2021-09-28 12:30:00,0.0,0.1218824517398832,5.7257785340972625,348.78855667097235,0.12100000000000001,-1.2822654265719513
2021-09-28 13:00:00,0.0,0.1356665138356238,5.998933882412255,365.42794625238656,0.12066666666666669,-1.316383263322345
2021-09-28 13:30:00,0.0,0.2079611871599836,6.0836363693162285,370.5876390308878,0.12066666666666669,-1.3492998671225735
2021-09-28 14:00:00,0.0,0.1762788284761031,6.100539724193933,371.61731503312615,0.12033333333333335,-1.3808146571841424
2021-09-28 14:30:00,0.0,0.1336290696559442,6.049792582965719,368.5260284877661,0.12033333333333335,-1.4128459453304396
2021-09-28 15:00:00,0.0,0.1350675137613852,6.032852107612281,367.49409127387287,0.11933333333333335,-1.4452007798164943
2021-09-28 15:30:00,0.0,0.1420104974314876,5.896879413312711,359.2112491225413,0.11933333333333335,-1.4703635290961858
2021-09-28 16:00:00,0.0,0.1537326702721666,5.862760729763591,357.13289308418854,0.11933333333333335,-1.4744835069094584
2021-09-28 16:30:00,0.0,0.1484899712263963,5.811487840236747,354.0095803280417,0.11933333333333335,-1.4472688876182034
2021-09-28 17:00:00,0.0,0.0094244777700139,5.449339872882585,331.94916250318437,0.11900000000000001,-1.3916831553783615
2021-09-28 17:30:00,0.0,0.1164474343550456,5.239798091231433,319.18482396840864,0.11900000000000001,-1.3225302278340687
2021-09-28 18:00:00,0.0,0.047688620456866,4.671397644338059,284.5604370308981,0.11866666666666668,-1.2558225167758217
2021-09-28 18:30:00,0.0,0.0722867196065571,4.125204253865583,251.2888036291435,0.11866666666666668,-1.2002716865558054
2021-09-28 19:00:00,0.0,0.0721181214370125,3.6408052629681342,221.7814058347868,0.11833333333333335,-1.1570773797772926
2021-09-28 19:30:00,0.0,0.0877522098595074,2.9715492305540407,181.01335233796115,0.11833333333333335,-1.1243328119681109
2021-09-28 20:00:00,0.0,0.0702915888227546,2.579765247430631,157.1476423412047,0.11833333333333335,-1.0997684240310162
2021-09-28 20:30:00,0.0,0.0711570222111782,2.321282573089449,141.40204576057687,0.11833333333333335,-1.0804642279914958
2021-09-28 21:00:00,0.0,0.0675045423527078,1.9582275323184852,119.28637312173106,0.11866666666666668,-1.0625751811137525
2021-09-28 21:30:00,0.0,0.0633193799169282,1.4644613014601908,89.20836539433593,0.11866666666666668,-1.0427943548823788
2021-09-28 22:00:00,0.0,0.036572472403104,1.5682677762707475,95.53178679575136,0.11866666666666668,-1.0200709879324603
2021-09-28 22:30:00,0.0,0.0667574286133289,1.001639956275176,61.01538027933444,0.11866666666666668,-0.9963445862961195
2021-09-28 23:00:00,0.0,2.5586480963000708e-05,1.2763340710884123,77.74850456298692,0.11866666666666668,-0.976668817358671
2021-09-28 23:30:00,0.0,2.502899022333993e-05,0.7018018901520556,42.7506000934925,0.11866666666666668,-0.9674460555454588
2021-09-29 00:00:00,0.0,0.0338131346334469,1.0854857435171807,66.12288678538043,0.11866666666666668,-0.9717547751830724
2021-09-29 00:30:00,0.0,0.0364918951111756,0.7871419004456988,47.9491279162768,0.11866666666666668,-0.9854829333246232
2021-09-29 01:00:00,0.0,0.0602485258451697,0.8728104440652238,53.167668504813435,0.11866666666666668,-0.9991278484903456
2021-09-29 01:30:00,0.0,0.0766194969263657,0.830019311173064,50.56102603848457,0.11866666666666668,-1.004093464741464
2021-09-29 02:00:00,0.0,0.0789048158929328,0.636385729667784,38.76574317623783,0.11900000000000001,-0.9976593414963252
2021-09-29 02:30:00,0.0,0.079428212785606,0.3316178662477527,20.20066201409537,0.11900000000000001,-0.983128382446398
2021-09-29 03:00:00,0.0,0.0630500675431631,0.636385729667784,38.76574317623783,0.11833333333333335,-0.9664027864090876
2021-09-29 03:30:00,0.0,0.0656408927777784,0.5497559260552037,33.48864697232649,0.11833333333333335,-0.9521364768898852
2021-09-29 04:00:00,0.0,0.0855657166075087,0.7441778121799536,45.33194979007878,0.11833333333333335,-0.9417128988317096
2021-09-29 04:30:00,0.0,0.0853060047351079,0.636385729667784,38.76574317623783,0.11833333333333335,-0.9337008096437118
2021-09-29 05:00:00,0.0,0.0840752771895194,0.5714465941324177,34.80994446345857,0.11833333333333335,-0.9259475302710082
2021-09-29 05:30:00,0.0,0.0832596522347846,0.636385729667784,38.76574317623783,0.11833333333333335,-0.9177488813536911
2021-09-29 06:00:00,0.0,0.0820431003734196,0.636385729667784,38.76574317623783,0.11833333333333335,-0.9106964242842356
2021-09-29 06:30:00,0.0,0.0644970664403219,0.5714465941324177,34.80994446345857,0.11833333333333335,-0.9077798264163184
2021-09-29 07:00:00,0.0,0.0788843762665083,0.636385729667784,38.76574317623783,0.11833333333333335,-0.9117945105704442
2021-09-29 07:30:00,0.0,0.0650752917625035,0.7011266439574725,42.709467146382565,0.11833333333333335,-0.9246444364274976
2021-09-29 08:00:00,0.0,0.0413109701739549,0.6579879906207136,40.08165530482139,0.11833333333333335,-0.947722564034194
2021-09-29 08:30:00,0.0,0.0650741336435475,1.8136285120180304,110.4780541680215,0.11833333333333335,-0.9821448199270914
2021-09-29 09:00:00,0.0,0.066117975030048,2.715108716649121,165.39215494371695,0.11833333333333335,-1.0283535024688788
2021-09-29 09:30:00,0.0,0.0686402757770666,3.787448942653696,230.71427619955224,0.11833333333333335,-1.0859194579746942
2021-09-29 10:00:00,0.0,0.1852036863632586,4.504790354462488,274.4114737378697,0.11800000000000001,-1.153840576997099
2021-09-29 10:30:00,0.0,0.1535807327402277,5.2525781520756025,319.96332752900923,0.11800000000000001,-1.230438311248009
2021-09-29 11:00:00,0.0,0.2533962973512261,5.235056949986322,318.89601506635137,0.11800000000000001,-1.3119156613766545
2021-09-29 11:30:00,0.0,0.2040051357103386,5.754940511886689,350.5649725910563,0.11800000000000001,-1.390803251463714
2021-09-29 12:00:00,0.0,0.2336319569104522,6.1625473732956415,375.3945408381328,0.11800000000000001,-1.4574723604161304
2021-09-29 12:30:00,0.0,0.2649183670933608,6.4469902470681735,392.7215154683359,0.11800000000000001,-1.5060608448291894
2021-09-29 13:00:00,0.0,0.1722459338567862,6.4968271318629505,395.7573533047165,0.117,-1.5412530829097724
2021-09-29 13:30:00,0.0,0.1783842541023888,6.546557771674535,398.7867191767831,0.117,-1.5796036539589806
2021-09-29 14:00:00,0.0,0.2529635383536198,6.744428821666266,410.84012947244815,0.11666666666666668,-1.6405917851193474
2021-09-29 14:30:00,0.0,0.107380022006017,6.296836556449674,383.5748310973339,0.11666666666666668,-1.727487637453502
2021-09-29 15:00:00,0.0,0.1939332215343908,6.678657562029574,406.8336415193247,0.11566666666666668,-1.8104781121563776
2021-09-29 15:30:00,0.0,0.2489925306908993,6.346995520333296,386.6302885365096,0.11566666666666668,-1.8360855294743268
2021-09-29 16:00:00,0.0,0.1966968818650171,6.330287884908255,385.61253487897955,0.11466666666666668,-1.7690097525459956
2021-09-29 16:30:00,0.0,0.1170472142562055,5.772068691426163,351.6083438958314,0.11466666666666668,-1.6283816354059482
2021-09-29 17:00:00,0.0,0.0804806991942952,5.600209977741606,341.1394875926392,0.11433333333333334,-1.4742379288521603
2021-09-29 17:30:00,0.0,0.1057136775454492,5.041428768840782,307.1010611696188,0.11433333333333334,-1.357618607017881
2021-09-29 18:00:00,0.0,0.1074538542242275,4.70304009333914,286.4879520493185,0.114,-1.2897928136957024
2021-09-29 18:30:00,0.0,0.1196872532566201,4.540965701203025,276.6151124049202,0.114,-1.2533965141856769
2021-09-29 19:00:00,0.0,0.1040930239450603,3.973588753391356,242.0530724068408,0.114,-1.228184247569761
2021-09-29 19:30:00,0.0,0.1134548993709728,3.391403571053008,206.5889816716175,0.114,-1.2034558071989805
2021-09-29 20:00:00,0.0,0.1222629001644835,2.577309686334439,156.99806065454706,0.11433333333333334,-1.1766909759982158
2021-09-29 20:30:00,0.0,0.1027275766439399,2.138462807959116,130.2654917302369,0.11433333333333334,-1.1491902449596307
2021-09-29 21:00:00,0.0,0.0995923850005784,2.0172211215440585,122.879996017953,0.114,-1.1234712944491825
2021-09-29 21:30:00,0.0,0.086639345905243,1.7111072326732777,104.23292106729536,0.114,-1.1018343325261286
2021-09-29 22:00:00,0.0,0.0858091614159801,1.5460507770597716,94.17842759014978,0.114,-1.085370702548359
2021-09-29 22:30:00,0.0,0.071179803721685,0.9794134095962236,59.66143948512345,0.114,-1.0736922509882167
2021-09-29 23:00:00,0.0,0.0718857079347294,0.915515696133918,55.76907949942473,0.114,-1.065829328723041
2021-09-29 23:30:00,0.0,0.0660270795741296,1.1066370668175558,67.41132982970821,0.114,-1.0615098235817144
2021-09-30 00:00:00,0.0,0.0690541108696456,0.914608284461348,55.713804080423216,0.114,-1.0612868738696255
2021-09-30 00:30:00,0.0,0.0805476494048598,0.7434387259006511,45.286927993465774,0.114,-1.0651073765667898
2021-09-30 01:00:00,0.0,0.0914364970269135,0.8077888909181191,49.20684928352668,0.114,-1.0709286875318833
2021-09-30 01:30:00,0.0,0.0978211998820884,0.8505810323150926,51.813553183411926,0.114,-1.0755040451633395
2021-09-30 02:00:00,0.0,0.0815847696910476,0.6141503915591886,37.41126684785661,0.114,-1.0770840220277398
2021-09-30 02:30:00,0.0,0.0838882767213076,0.5275181999463328,32.13402517775854,0.114,-1.076855906389441
2021-09-30 03:00:00,0.0,0.07155466782171,0.6141503915591886,37.41126684785661,0.11333333333333334,-1.077271502467255
2021-09-30 03:30:00,0.0,0.0735010683122397,0.7004300631272904,42.66703458967136,0.11333333333333334,-1.0795468940875703
2021-09-30 04:00:00,0.0,0.0740115985396537,0.7863604795356449,47.9015272852452,0.11366666666666668,-1.0830135670381564
2021-09-30 04:30:00,0.0,0.0750436389752723,0.7649104412195925,46.59488787189029,0.11366666666666668,-1.0858449882579304
2021-09-30 05:00:00,0.0,0.0939909476807764,0.8291957252672729,50.51085690643296,0.11366666666666668,-1.0858417895641213
2021-09-30 05:30:00,0.0,0.046618357233334,0.8291957252672729,50.51085690643296,0.11366666666666668,-1.0812641660890974
2021-09-30 06:00:00,0.0,0.0756314861414801,0.8077888909181191,49.20684928352668,0.11366666666666668,-1.071675131750328
2021-09-30 06:30:00,0.0,0.0751422671807889,0.8505810323150926,51.813553183411926,0.11366666666666668,-1.0583551874692916
2021-09-30 07:00:00,0.0,0.0903980380732366,0.935907976283448,57.01128506469918,0.11366666666666668,-1.0444231965722033
2021-09-30 07:30:00,0.0,0.090923003741197,0.7219452833397537,43.977644589634686,0.11366666666666668,-1.034698575696019
2021-09-30 08:00:00,0.0,0.0901418019261819,1.1477424199548991,69.91528221047996,0.11366666666666668,-1.034660571410044
2021-09-30 08:30:00,0.0,0.0907411871489624,1.6477458853232134,100.3732340816126,0.11366666666666668,-1.0483852347719131
2021-09-30 09:00:00,0.0,0.1037279662274511,2.39653965978254,145.98636743677037,0.11333333333333334,-1.0768493876153855
2021-09-30 09:30:00,0.0,0.1982305174519693,3.2355793242106192,197.0968726375633,0.11333333333333334,-1.118236877315615
2021-09-30 10:00:00,0.0,0.2093629660468317,4.135951473635056,251.943475696758,0.11333333333333334,-1.169964990241776
2021-09-30 10:30:00,0.0,0.2114703667368231,4.644871131824058,282.9445617471832,0.11333333333333334,-1.230296308913373
2021-09-30 11:00:00,0.0,0.1815111360397986,5.054487903951038,307.8965646735271,0.113,-1.29831264714384
2021-09-30 11:30:00,0.0,0.1378727727419972,5.439504356605881,331.35002729286555,0.113,-1.3731707619671716
2021-09-30 12:00:00,0.0,0.2036604356051883,6.207461805350329,378.1305250954283,0.11266666666666668,-1.4541496897931172
2021-09-30 12:30:00,0.0,0.1555509347418909,6.3079545523110525,384.2520891691352,0.11266666666666668,-1.5408650702402602
2021-09-30 13:00:00,0.0,0.1651223464825335,6.885683287732734,419.44471329441393,0.112,-1.6317912328123436
2021-09-30 13:30:00,0.0,0.2329862087250914,7.449547734115644,453.79278757650445,0.112,-1.7218201890100575
2021-09-30 14:00:00,0.0,0.2743860681376135,7.608217418613634,463.45822781557894,0.112,-1.8030667035578816
2021-09-30 14:30:00,0.0,0.3847192414155654,7.497259874628847,456.6991955917958,0.112,-1.869942955092334
2021-09-30 15:00:00,0.0,0.317584108515917,7.305833244466147,445.0383502333465,0.11166666666666668,-1.9213085034027877
2021-09-30 15:30:00,0.0,0.317762570659536,6.950811199232673,423.4120113859808,0.11166666666666668,-1.954100457701224
2021-09-30 16:00:00,0.0,0.37530952466074,7.031968409822517,428.355741950568,0.111,-1.9563594331091911
2021-09-30 16:30:00,0.0,0.4217152498484383,7.01575932700041,427.36835786492514,0.111,-1.9125453738289633
2021-09-30 17:00:00,0.0,0.3784801076744349,6.4578840111597735,393.38511435390166,0.11066666666666668,-1.8187098509005863
2021-09-30 17:30:00,0.0,0.2452868291756431,5.595160139815121,340.8318742835823,0.11066666666666668,-1.6898028818563726
2021-09-30 18:00:00,0.0,0.2814579634399164,4.60889911850885,280.75330923365254,0.11033333333333334,-1.5499508115063203
2021-09-30 18:30:00,0.0,0.1490986896608443,3.783905104117293,230.4984015685608,0.11033333333333334,-1.417560087069862
2021-09-30 19:00:00,0.0,0.1228643561681548,2.9465259244579625,179.48904559706776,0.11,-1.3006096765874866
2021-09-30 19:30:00,0.0,0.1204921940177297,2.2768585087600925,138.69593248940797,0.11,-1.201772410221508
2021-09-30 20:00:00,0.0,0.1176989326071941,1.7299593247504983,105.38130533446278,0.11,-1.1230961387801672
2021-09-30 20:30:00,0.0,0.1042543334810143,1.378359441461572,83.96342912990194,0.11,-1.065899641956409
2021-09-30 21:00:00,0.0,0.11164643093142,1.1266533657828073,68.63063232008744,0.11033333333333334,-1.0293421679125634
2021-09-30 21:30:00,0.0,0.0792036021742907,1.0208944187301494,62.188275131825336,0.11033333333333334,-1.0100912494773258
2021-09-30 22:00:00,0.0,0.081997807097027,0.5708785665554658,34.7753427900731,0.11066666666666668,-1.002764432741675
2021-09-30 22:30:00,0.0,0.0809215121179398,0.8932872625975778,54.41502376638735,0.11066666666666668,-1.0013238161013684
2021-09-30 23:00:00,0.0,0.0841589638278619,0.7649104412195925,46.59488787189029,0.11066666666666668,-1.001192933042313
2021-09-30 23:30:00,0.0,0.0824703421706854,0.5275181999463328,32.13402517775854,0.11066666666666668,-1.000278765291982
2021-10-01 00:00:00,0.0,0.0524687837594435,0.6566588058620042,40.000687375171566,0.11066666666666668,-0.9978072355878708
2021-10-01 00:30:00,0.0,0.1072099376742168,0.7212061784105562,43.932621656954346,0.11066666666666668,-0.99218926972781
2021-10-01 01:00:00,0.0,0.0858467033908293,0.5919144515921946,36.05675385698121,0.11066666666666668,-0.980191211186854
2021-10-01 01:30:00,0.0,0.1213305180140617,0.5702889882877172,34.73942834597995,0.11066666666666668,-0.9590263028509662
2021-10-01 02:00:00,0.0,0.095238777670213,0.548641433402707,33.420757115712256,0.11033333333333334,-0.9302284895819182
2021-10-01 02:30:00,0.0,0.0639702511872589,0.3528107377977077,21.491635990054,0.11033333333333334,-0.9008057856911658
2021-10-01 03:00:00,0.0,0.0459029046789774,0.5269717352897444,32.10073702005071,0.11133333333333334,-0.8786873826364492
2021-10-01 03:30:00,0.0,0.0755754449628288,0.4618292624529492,28.1325519176372,0.11133333333333334,-0.8664106371500223
2021-10-01 04:00:00,0.0,0.0478188192273278,0.4182892762293959,25.480292690013847,0.111,-0.8595342883229669
2021-10-01 04:30:00,0.0,0.049701438224916,0.5269717352897444,32.10073702005071,0.111,-0.8503364273952209
2021-10-01 05:00:00,0.0,0.0907558289168338,0.3746594624171138,22.822561571566325,0.111,-0.8321155454613981
2021-10-01 05:30:00,0.0,0.0434810153006262,0.30904538679763,18.825648558543552,0.111,-0.8012058340943737
2021-10-01 06:00:00,0.0,0.0686976385461552,0.3309393970747989,20.159332737705956,0.111,-0.7579298026634692
2021-10-01 06:30:00,0.0,2.541114567201921e-05,0.5702889882877172,34.73942834597995,0.111,-0.7083472316330833
2021-10-01 07:00:00,0.0,0.0475065896816498,0.3964856241998005,24.15211272701468,0.11066666666666668,-0.665215063075067
2021-10-01 07:30:00,0.0,0.0415464436769093,0.4182892762293959,25.480292690013847,0.11066666666666668,-0.6443871731131136
2021-10-01 08:00:00,0.0,0.0498589361624119,0.0888465661651751,5.412131362291542,0.111,-0.6579137987501904
2021-10-01 08:30:00,0.0,2.2167424405618382e-05,0.6350993091702583,38.687380252151264,0.111,-0.710665215529387
2021-10-01 09:00:00,0.0,2.26589022265558e-05,0.7855579355459059,47.8526399316427,0.111,-0.8023969278290735
2021-10-01 09:30:00,0.0,2.148704350693933e-05,1.687219984559163,102.77781784544555,0.111,-0.9284925728371822
2021-10-01 10:00:00,0.0,2.6044719324839073e-05,2.729474073773108,166.26722759060698,0.111,-1.0760145142092683
2021-10-01 10:30:00,0.0,0.047572747071005,4.315019690039259,262.85150232987587,0.111,-1.222701380260761
2021-10-01 11:00:00,0.0,0.0491438040750977,5.243025311291949,319.3814116324728,0.11133333333333334,-1.345788531640157
2021-10-01 11:30:00,0.0,0.1361902414542627,5.727466615931559,348.8913869888096,0.11133333333333334,-1.434325809445601
2021-10-01 12:00:00,0.0,0.209940109233353,5.89803337812657,359.2815434448728,0.111,-1.493190612427217
2021-10-01 12:30:00,0.0,0.2170242255489441,6.485302433640323,395.0553207627309,0.111,-1.537229310000651
2021-10-01 13:00:00,0.0,0.2997340177488474,6.600997289429981,402.10292861637504,0.11033333333333334,-1.583915920529147
2021-10-01 13:30:00,0.0,0.1407419786721238,6.7489114212815,411.11318918661993,0.11033333333333334,-1.6496349261861218
2021-10-01 14:00:00,0.0,0.3023343382249399,6.501865420906997,396.06426310803823,0.11,-1.745265830622187
2021-10-01 14:30:00,0.0,0.2572577221075271,6.56800006623465,400.0928868755161,0.11,-1.8670413873035565
2021-10-01 15:00:00,0.0,0.324582486444778,6.268904963604885,381.8733646686483,0.10866666666666668,-1.9890619437061563
2021-10-01 15:30:00,0.0,0.3265361428590576,6.285622579521244,382.8917262926132,0.10866666666666668,-2.0690867652459763
2021-10-01 16:00:00,0.0,0.2510231681656268,6.2186797898632555,378.81387402408853,0.10766666666666667,-2.0683576537570727
2021-10-01 16:30:00,0.0,0.23057888352465,5.727466615931559,348.8913869888096,0.10766666666666667,-1.9716210580060056
2021-10-01 17:00:00,0.0,0.2881645500351645,5.572867575162077,339.4739119726883,0.10833333333333334,-1.7936776495011857
2021-10-01 17:30:00,0.0,0.1148963604251611,5.330288431208347,324.69708660400664,0.10833333333333334,-1.5710798487275244
2021-10-01 18:00:00,0.0,0.0707468580647738,4.278553150191816,260.6301254944933,0.10766666666666667,-1.3458885994556942
2021-10-01 18:30:00,0.0,0.1056399030701033,3.630562959683659,221.15749099800004,0.10766666666666667,-1.149463022588433
2021-10-01 19:00:00,0.0,0.0539916425474895,3.892023445663813,237.08448240859025,0.107,-0.9946513935725382
2021-10-01 19:30:00,0.0,0.0469683900386708,2.5131284147414887,153.0884275887718,0.107,-0.8805832054983173
2021-10-01 20:00:00,0.0,0.0644970664403219,1.687219984559163,102.77781784544555,0.10766666666666667,-0.8029699425584496
2021-10-01 20:30:00,0.0,0.0550112576107472,1.480893931465635,90.20936696430158,0.10766666666666667,-0.7587934994237003
2021-10-01 21:00:00,0.0,0.034041484617458,0.9562165216715954,58.2483898866613,0.10766666666666667,-0.7439092591868326
2021-10-01 21:30:00,0.0,0.03283854082244,0.9349588807195152,56.95347045138231,0.10766666666666667,-0.7505129134837435
2021-10-01 22:00:00,0.0,0.029495693066914,1.6049270625217629,97.76490487112513,0.108,-0.7685956757631551
2021-10-01 22:30:00,0.0,0.0292272199444994,0.0888465661651751,5.412131362291542,0.108,-0.7896134569376096
2021-10-01 23:00:00,0.0,0.0267914465596191,0.1330707251656824,8.106067304088574,0.108,-0.8089249440247482
2021-10-01 23:30:00,0.0,2.0880683040757896e-05,0.5919144515921946,36.05675385698121,0.108,-0.8257085725699284
2021-10-02 00:00:00,0.0,2.0565235285475636e-05,0.8488288709295422,51.70681942885236,0.108,-0.8413306569099483
2021-10-02 00:30:00,0.0,2.0943965061442254e-05,-0.066643406756382,-4.059615214904534,0.108,-0.8583025434446229
2021-10-02 01:00:00,0.0,2.0282529430198737e-05,0.5912819175880235,36.018222743518415,0.10833333333333334,-0.8804333989254859
2021-10-02 01:30:00,0.0,0.0214332173415829,0.308695122605415,18.804312046603965,0.10833333333333334,-0.9121793127498032
2021-10-02 02:00:00,0.0,0.0195453547354597,0.6344240098332504,38.64624406784493,0.10833333333333334,-0.9548854606450622
2021-10-02 02:30:00,0.0,2.1134670164203873e-05,0.2648829788997045,16.13547421489673,0.10833333333333334,-1.0018635309453103
2021-10-02 03:00:00,0.0,0.0448295015201977,0.1328979675489854,8.09554369067551,0.10833333333333334,-1.0385587292880825
2021-10-02 03:30:00,0.0,2.4993588956392983e-05,0.3305671511299339,20.136657196718307,0.10833333333333334,-1.0513020075043336
2021-10-02 04:00:00,0.0,2.315705943392293e-05,0.2648829788997045,16.13547421489673,0.10866666666666668,-1.0388040391296418
2021-10-02 04:30:00,0.0,2.275789808853537e-05,0.0665941852387265,4.0566168624537715,0.10866666666666668,-1.016482310887006
2021-10-02 05:00:00,0.0,2.1326666625175544e-05,0.1989937390182433,12.121799438349402,0.108,-1.009641647209663
2021-10-02 05:30:00,0.0,2.129397227424847e-05,0.3742433888954903,22.797216252635135,0.108,-1.0388382073243727
2021-10-02 06:00:00,0.0,2.129397227424847e-05,0.0444464419318121,2.7074764135985023,0.108,-1.104784577963759
2021-10-02 06:30:00,0.0,0.0785191546646121,0.1989937390182433,12.121799438349402,0.108,-1.1843640250617569
2021-10-02 07:00:00,0.0,0.1171981778638372,0.3524165554631552,21.467624183325007,0.10833333333333334,-1.2457546493908402
2021-10-02 07:30:00,0.0,0.0882639709076215,0.5264036758161365,32.06613340366508,0.10833333333333334,-1.271951991352174
2021-10-02 08:00:00,0.0,0.1068464106197295,0.4395889939475838,26.77777525176249,0.108,-1.2699030264717237
2021-10-02 08:30:00,0.0,0.1365811927799124,0.6989730659590088,42.57828090554398,0.108,-1.2589551267154289
2021-10-02 09:00:00,0.0,0.1511661384144751,1.6444603958663695,100.1730969092113,0.108,-1.2552296420792823
2021-10-02 09:30:00,0.0,0.1423573492648295,2.4513491744332363,149.32511541540956,0.108,-1.2665212879426742
2021-10-02 10:00:00,0.0,0.219526099184634,4.091479693187023,249.23445577524208,0.10766666666666667,-1.2951420079128402
2021-10-02 10:30:00,0.0,0.2289255830325907,5.255693091581808,320.1530755690385,0.10766666666666667,-1.340159015592505
2021-10-02 11:00:00,0.0,0.3371642047586015,6.179588266340189,376.4325950440363,0.10766666666666667,-1.3969148820325874
2021-10-02 11:30:00,0.0,0.3999052976821822,6.545651790797532,398.7315309153826,0.10766666666666667,-1.456840065923264
2021-10-02 12:00:00,0.0,0.3672091463591683,6.446385744596143,392.68469190915215,0.10733333333333334,-1.5098248721175749
2021-10-02 12:30:00,0.0,0.2153033315016868,6.726551199588533,409.7511055145586,0.10733333333333334,-1.5485208179177363
2021-10-02 13:00:00,0.0,0.2005489133095314,6.246575350206474,380.5131455155894,0.107,-1.5715719063274889
2021-10-02 13:30:00,0.0,0.2517996067767022,5.841714364852502,355.85084363068717,0.107,-1.5832449420803714
2021-10-02 14:00:00,0.0,0.1832840664753259,5.567804431849429,339.16548815962597,0.10633333333333334,-1.5904676916557672
2021-10-02 14:30:00,0.0,0.1774553365511708,5.290583375379671,322.2784340081099,0.10633333333333334,-1.60110898160237
2021-10-02 15:00:00,0.0,0.234982236349459,5.150700692784824,313.7574130369045,0.10633333333333334,-1.6244488935910786
2021-10-02 15:30:00,0.0,0.2245674225409241,4.654214564894054,283.51372147200124,0.10633333333333334,-1.6677640184405234
2021-10-02 16:00:00,0.0,0.2136739214543904,5.238227914677274,319.08917590748865,0.106,-1.72404186248929
2021-10-02 16:30:00,0.0,0.2295465600187143,5.790604088553769,352.73743653763756,0.106,-1.761966906047004
2021-10-02 17:00:00,0.0,0.2834717328996895,6.595126953042871,401.7453342484755,0.10633333333333334,-1.739202033239576
2021-10-02 17:30:00,0.0,0.2042509338906699,5.602222285040652,341.26206826079346,0.10633333333333334,-1.6370686184312255
2021-10-02 18:00:00,0.0,0.1394693896663024,4.903817061256701,298.71837773478927,0.106,-1.4814447081766755
2021-10-02 18:30:00,0.0,0.1055260854872871,3.6458782804547143,222.0904311379092,0.106,-1.3243666136376566
2021-10-02 19:00:00,0.0,0.1039319425268278,2.9408570598853174,179.14372398176573,0.10566666666666667,-1.206845782339027
2021-10-02 19:30:00,0.0,0.0987304925939903,2.3719986018760086,144.49143707657134,0.10566666666666667,-1.1402011391575633
2021-10-02 20:00:00,0.0,0.0801415229082668,1.562087734481476,95.15532657413956,0.106,-1.1136489137927217
2021-10-02 20:30:00,0.0,0.1036588673428979,1.3130563402503423,79.98545927270867,0.106,-1.1097896600305424
2021-10-02 21:00:00,0.0,0.1178290012614493,1.1454121150847505,69.7733305671493,0.10566666666666667,-1.1142223504238296
2021-10-02 21:30:00,0.0,0.1180852550403344,0.9764416683029976,59.48041443319535,0.10566666666666667,-1.1184943830860046
2021-10-02 22:00:00,0.0,0.107188727485948,0.7633264373933658,46.498397516033734,0.106,-1.11929517616254
2021-10-02 22:30:00,0.0,0.0898777021419291,0.5912819175880235,36.018222743518415,0.106,-1.116142511267296
2021-10-02 23:00:00,0.0,0.1091033931791571,0.6989730659590088,42.57828090554398,0.106,-1.109633487784382
2021-10-02 23:30:00,0.0,0.0895946768834321,0.5696779021037437,34.70220373681275,0.106,-1.1009810695601805
2021-10-03 00:00:00,0.0,0.0553869549103883,0.5690453506489899,34.6636715603393,0.106,-1.0918346445805809
2021-10-03 00:30:00,0.0,0.0572090350647448,0.3083228648903646,18.781635788629817,0.106,-1.0834065487310949
2021-10-03 01:00:00,0.0,0.055120349211178,0.3301729564646592,20.112644638857436,0.106,-1.0754054475002213
2021-10-03 01:30:00,0.0,0.0564473564744638,0.4608012006906029,28.069927040317538,0.106,-1.06621192217641
2021-10-03 02:00:00,0.0,0.0867644242984619,0.3955879696923546,24.097431670425305,0.10633333333333334,-1.0547273874485268
2021-10-03 02:30:00,0.0,0.0841800497664693,0.4390857896289698,26.747122318374515,0.10633333333333334,-1.0422955042897133
2021-10-03 03:00:00,0.0,0.0548106781603973,0.1547355109497206,9.425788162868145,0.10566666666666667,-1.032425458640815
2021-10-03 03:30:00,0.0,0.0814031655968357,0.5041652861326957,30.71147118713266,0.10566666666666667,-1.0281658620759622
2021-10-03 04:00:00,0.0,0.0832327300123561,0.6767393808829498,41.223905272435736,0.10633333333333334,-1.0295668601611083
2021-10-03 04:30:00,0.0,0.1060029977004888,0.3301729564646592,20.112644638857436,0.10633333333333334,-1.03354754684056
2021-10-03 05:00:00,0.0,0.1041276834738866,0.4173480634314027,25.42295825918014,0.106,-1.0359914369290115
2021-10-03 05:30:00,0.0,0.1326350629895615,0.4608012006906029,28.069927040317538,0.106,-1.0340924199225947
2021-10-03 06:00:00,0.0,0.1094957416660518,0.4608012006906029,28.069927040317538,0.10633333333333334,-1.0275094460430414
2021-10-03 06:30:00,0.0,0.1204639498063517,0.5906279614273727,35.97838668907775,0.10633333333333334,-1.0183139122227065
2021-10-03 07:00:00,0.0,0.1082836816852817,0.4824943488425854,29.39137560639843,0.106,-1.0102334780408326
2021-10-03 07:30:00,0.0,0.106925319306491,0.4824943488425854,29.39137560639843,0.106,-1.007534233674883
2021-10-03 08:00:00,0.0,0.1207706550844519,0.6982127335046681,42.53196488794735,0.106,-1.0138576909046375
2021-10-03 08:30:00,0.0,0.1076474021085805,1.6427884901816092,100.07125196931275,0.106,-1.031503570661771
2021-10-03 09:00:00,0.0,0.1245042033989473,3.053765065591904,186.0215695205833,0.106,-1.061527969312104
2021-10-03 09:30:00,0.0,0.111303813034655,3.791797528476866,230.97917239904564,0.106,-1.1040740721904838
2021-10-03 10:00:00,0.0,0.1272851341236475,4.649881920258059,283.2497963376011,0.10566666666666667,-1.1579990643254288
2021-10-03 10:30:00,0.0,0.1441866573191131,5.751240393788101,350.33957811527745,0.10566666666666667,-1.220211267128816
2021-10-03 11:00:00,0.0,0.3028639663101249,6.106899314353519,372.00471253017776,0.10633333333333334,-1.2862270922640613
2021-10-03 11:30:00,0.0,0.149034102102127,6.240962682711584,380.1712471723407,0.10633333333333334,-1.352153119967615
2021-10-03 12:00:00,0.0,0.371517797167031,6.556297907254107,399.38004422600534,0.10633333333333334,-1.41653534447259
2021-10-03 12:30:00,0.0,0.4295587882599506,6.671407733451318,406.3920147203028,0.10633333333333334,-1.480929987259893
2021-10-03 13:00:00,0.0,0.390729001981028,6.106899314353519,372.00471253017776,0.106,-1.5495808316230388
2021-10-03 13:30:00,0.0,0.373668416009804,6.4902652999020205,395.35763615094584,0.106,-1.6285118107393417
2021-10-03 14:00:00,0.0,0.382759752558712,6.1907796981552154,377.11432650231745,0.10533333333333333,-1.7228633592262173
2021-10-03 14:30:00,0.0,0.3884366177288676,6.307705058406129,384.23689112777225,0.10533333333333333,-1.8309492824894351
2021-10-03 15:00:00,0.0,0.4035472975007423,6.4074607567817985,390.31355753199256,0.10466666666666667,-1.9380423904972677
2021-10-03 15:30:00,0.0,0.4731621312223939,6.257666263603079,381.18875384600744,0.10466666666666667,-2.0171679699195693
2021-10-03 16:00:00,0.0,0.412947216376456,6.341004507164876,386.2653430843643,0.10366666666666667,-2.039051796478485
2021-10-03 16:30:00,0.0,0.407063009687772,6.1907796981552154,377.11432650231745,0.10366666666666667,-1.9851699763176809
2021-10-03 17:00:00,0.0,0.3908707940897775,5.511045335328932,335.70798046256067,0.104,-1.857437273316708
2021-10-03 17:30:00,0.0,0.1775681115064379,5.511045335328932,335.70798046256067,0.104,-1.6805292017514408
2021-10-03 18:00:00,0.0,0.1247467512672747,4.774923986277566,290.8667940035746,0.10333333333333333,-1.4927529510004809
2021-10-03 18:30:00,0.0,0.146655066763699,3.188061916163403,194.2023268442117,0.10333333333333333,-1.327103755453652
2021-10-03 19:00:00,0.0,0.1430055584102591,2.7436809445949457,167.132645968082,0.10333333333333333,-1.196221658779972
2021-10-03 19:30:00,0.0,0.1141786904779135,2.230214967596743,135.8546187181004,0.10333333333333333,-1.094587395806041
2021-10-03 20:00:00,0.0,0.0916321970843731,1.6838181079125434,102.57059089133249,0.10333333333333333,-1.0132607711780584
2021-10-03 20:30:00,0.0,0.0487741817545694,1.704303622328583,103.81847586684862,0.10333333333333333,-0.9502036981743875
2021-10-03 21:00:00,0.0,0.0465126185539913,0.8692225436077543,52.949109820682075,0.104,-0.9082707047672552
2021-10-03 21:30:00,0.0,0.040922065107281,0.7410943887974402,45.14412156990087,0.104,-0.8879794641654015
2021-10-03 22:00:00,0.0,0.0427312766712505,0.5690453506489899,34.6636715603393,0.104,-0.8841976669033
2021-10-03 22:30:00,0.0,0.0631410057286276,0.4824943488425854,29.39137560639843,0.104,-0.8877503307984637
2021-10-03 23:00:00,0.0,0.0395062831716925,1.144216421952346,69.70049434419914,0.104,-0.8886237461495354
2021-10-03 23:30:00,0.0,0.0615072272602648,0.1767451584961574,10.766516441973485,0.104,-0.879264439220392
2021-10-04 00:00:00,0.0,2.5517348206729587e-05,0.7161227312613709,43.62296102591196,0.10433333333333333,-0.8576106263073491
2021-10-04 00:30:00,0.0,2.4407976960880987e-05,1.088441653320416,66.30294745447205,0.10433333333333333,-0.8278407511541117
2021-10-04 01:00:00,0.0,2.3323586791183698e-05,0.8921431218424918,54.345327881326746,0.10433333333333333,-0.797233447759621
2021-10-04 01:30:00,0.0,2.2264834702587182e-05,1.0667197428047277,64.97974681515541,0.10433333333333333,-0.7716676710042824
2021-10-04 02:00:00,0.0,2.142254239945041e-05,1.1318192682996446,68.94531575955699,0.10466666666666667,-0.7537666947835262
2021-10-04 02:30:00,0.0,2.081754396936355e-05,1.261426154816595,76.8403816643358,0.10466666666666667,-0.7439995541609371
2021-10-04 03:00:00,0.0,2.0501635159916726e-05,1.2398794974753795,75.52785665653589,0.10433333333333333,-0.742044527995223
2021-10-04 03:30:00,0.0,2.0002751953599464e-05,0.6718888204498379,40.92843104785028,0.10433333333333333,-0.7467679827344935
2021-10-04 04:00:00,0.0,1.963234950156774e-05,1.218311111491286,74.21400803799156,0.10433333333333333,-0.7555481657458509
2021-10-04 04:30:00,0.0,1.9355992488328196e-05,0.4493243632603284,27.370809961545657,0.10433333333333333,-0.764473354860262
2021-10-04 05:00:00,0.0,1.899136979603452e-05,1.0014209778155057,61.00204110101386,0.10433333333333333,-0.7699740143158639
2021-10-04 05:30:00,0.0,1.869115537551585e-05,0.8482744448753601,51.67304629877627,0.10433333333333333,-0.7707694856512936
2021-10-04 06:00:00,0.0,1.797666136800657e-05,0.6053645658621633,36.87607404468066,0.10466666666666667,-0.7683994298950848
2021-10-04 06:30:00,0.0,1.7772036934789803e-05,0.6053645658621633,36.87607404468066,0.10466666666666667,-0.7661157928588078
2021-10-04 07:00:00,0.0,1.7567111425925666e-05,1.0232094570526769,62.32929680605599,0.10466666666666667,-0.767562675146371
2021-10-04 07:30:00,0.0,1.7104215521809615e-05,0.1110227859737446,6.763006470958081,0.10466666666666667,-0.7762575713411056
2021-10-04 08:00:00,0.0,1.713293228490567e-05,0.5163395687705539,31.453073476581405,0.10466666666666667,-0.7953969053734465
2021-10-04 08:30:00,0.0,1.7046893396410022e-05,1.3044544847616586,79.46147310336526,0.10466666666666667,-0.8278092854032199
2021-10-04 09:00:00,0.0,1.730601424113289e-05,1.1101414779664849,67.62480272240528,0.10466666666666667,-0.8765413167501673
2021-10-04 09:30:00,0.0,1.803637070360901e-05,0.8482744448753601,51.67304629877627,0.10466666666666667,-0.9448899446616748
2021-10-04 10:00:00,0.0,1.800649708778187e-05,1.0232094570526769,62.32929680605599,0.10466666666666667,-1.0337217683514692
2021-10-04 10:30:00,0.0,2.122990299606362e-05,1.708974308912326,104.10299298928096,0.10466666666666667,-1.137588561829811
2021-10-04 11:00:00,0.0,0.0582343143393141,2.617638546787125,159.45471260951044,0.105,-1.2449160445246104
2021-10-04 11:30:00,0.0,0.0886004883661524,3.3925736844994048,206.6602596956765,0.105,-1.3441704910266508
2021-10-04 12:00:00,0.0,0.1046680308312945,3.894478970303016,237.2340618744528,0.105,-1.430943067793203
2021-10-04 12:30:00,0.0,0.1171629974710564,5.083981007101882,309.6931512544562,0.105,-1.510051952187127
2021-10-04 13:00:00,0.0,0.1477772908933026,5.532169755816346,336.99478470908184,0.10466666666666667,-1.592551017252151
2021-10-04 13:30:00,0.0,0.0797463015948675,6.5054954809447825,396.2853899633066,0.10466666666666667,-1.6906687781470702
2021-10-04 14:00:00,0.0,0.0721942318069371,6.960611199682218,424.0089831325855,0.10433333333333333,-1.811332236072693
2021-10-04 14:30:00,0.0,0.1755999384082434,7.07717828266272,431.1097231255836,0.10433333333333333,-1.9477280260673275
2021-10-04 15:00:00,0.0,0.1683717442749893,7.242709891454663,441.1931607874052,0.103,-2.0744356484119537
2021-10-04 15:30:00,0.0,0.2849544968032462,7.505176394858441,457.1814342338062,0.103,-2.1550059480130677
2021-10-04 16:00:00,0.0,0.4438426610975351,7.423467065801345,452.2040711069121,0.102,-2.158703715299802
2021-10-04 16:30:00,0.0,0.2766863048643743,6.60739960552698,402.4929287844789,0.102,-2.0711054032814253
2021-10-04 17:00:00,0.0,0.2984128929676138,6.876994130262357,418.9154090828152,0.10166666666666667,-1.8946637706460416
2021-10-04 17:30:00,0.0,0.1279709470616992,5.425403698366809,330.4910789060167,0.10166666666666667,-1.651461085124333
2021-10-04 18:00:00,0.0,0.0960214261850981,4.216632713256719,256.8582122606132,0.10133333333333333,-1.3868970013402837
2021-10-04 18:30:00,0.0,0.0900159643309399,3.8371423013248993,233.74137107299975,0.10133333333333333,-1.1558799102985993
2021-10-04 19:00:00,0.0,0.0908100810118106,3.3143379057394937,201.89448955783425,0.10099999999999999,-0.994226809853229
2021-10-04 19:30:00,0.0,0.1039126862290228,2.394014106414353,145.8325221371592,0.10099999999999999,-0.9037844495736062
2021-10-04 20:00:00,0.0,0.1010178077074352,1.9397399916453288,118.16019567889307,0.10133333333333333,-0.8633722690716471
2021-10-04 20:30:00,0.0,0.0495084592213195,1.6878725818886204,102.81757112602972,0.10133333333333333,-0.848365403626076
2021-10-04 21:00:00,0.0,2.7518499793196832e-05,1.3044544847616586,79.46147310336526,0.10166666666666667,-0.8415618573998823
2021-10-04 21:30:00,0.0,2.7336753840218357e-05,1.8979657546697004,115.61549791700914,0.10166666666666667,-0.8341851655896219
2021-10-04 22:00:00,0.0,2.615140070619018e-05,1.1751089513744848,71.58232765034222,0.102,-0.8232263905256584
2021-10-04 22:30:00,0.0,0.0357043763759155,1.088441653320416,66.30294745447205,0.102,-0.809086473703407
2021-10-04 23:00:00,0.0,0.0278820440707406,1.0014209778155057,61.00204110101386,0.10166666666666667,-0.7942189169660685
2021-10-04 23:30:00,0.0,0.025648468414885,1.0014209778155057,61.00204110101386,0.10166666666666667,-0.7815965429107862
2021-10-05 00:00:00,0.0,0.0252121522926235,1.0258007170448409,62.48714465630795,0.102,-0.7728020116040317
2021-10-05 00:30:00,0.0,0.0245645202741827,1.0912289407221865,66.4727364087778,0.102,-0.7675120643531977
2021-10-05 01:00:00,0.0,0.0228710132883657,1.156457203663795,70.44614745673852,0.10233333333333333,-0.7648287367713802
2021-10-05 01:30:00,0.0,0.0213854394424774,1.2647304133117343,77.04166216174315,0.10233333333333333,-0.7645287099947214
2021-10-05 02:00:00,0.0,2.1809250752999217e-05,0.8503370662935724,51.79869187572842,0.10233333333333333,-0.7667547064173537
2021-10-05 02:30:00,0.0,2.142254239945041e-05,0.8943387158600423,54.47907354820096,0.10233333333333333,-0.7709282190041895
2021-10-05 03:00:00,0.0,0.017887092014725,1.1347365805098644,69.12302523768328,0.10266666666666667,-0.7753317356001602
2021-10-05 03:30:00,0.0,2.126252410024619e-05,0.6066859290483466,36.95656551947357,0.10266666666666667,-0.777838536886649
2021-10-05 04:00:00,0.0,0.0162751185032951,0.6956101710336242,42.37342854175168,0.10266666666666667,-0.7771203632532439
2021-10-05 04:30:00,0.0,0.0160875787764811,1.1347365805098644,69.12302523768328,0.10266666666666667,-0.7733814232064182
2021-10-05 05:00:00,0.0,0.0150092718004669,0.8062442087611656,49.112754226089365,0.10266666666666667,-0.7681591918593066
2021-10-05 05:30:00,0.0,2.072251014379171e-05,0.8503370662935724,51.79869187572842,0.10266666666666667,-0.7635026539513753
2021-10-05 06:00:00,0.0,2.0595910230385048e-05,0.5620835785275955,34.23959185910158,0.10266666666666667,-0.7611931156204704
2021-10-05 06:30:00,0.0,2.0690509585885414e-05,1.1129938434764162,67.79855594100823,0.10266666666666667,-0.7624608371893928
2021-10-05 07:00:00,0.0,2.012660790849096e-05,0.7177831286642271,43.72410493327647,0.10266666666666667,-0.7682145781170053
2021-10-05 07:30:00,0.0,2.0251039650258557e-05,0.872349265032596,53.13957556195872,0.10266666666666667,-0.7796307013816273
2021-10-05 08:00:00,0.0,2.0501635159916726e-05,0.427710180381555,26.054171603108273,0.10233333333333333,-0.7990340147072927
2021-10-05 08:30:00,0.0,1.9878321150995864e-05,0.495003496907505,30.153376384592107,0.10233333333333333,-0.830908619097942
2021-10-05 09:00:00,0.0,2.1070958489315396e-05,0.9163054726216304,55.81718911449305,0.10233333333333333,-0.8827349966112049
2021-10-05 09:30:00,0.0,2.100739016623664e-05,1.3294322520086546,80.98300582333742,0.10233333333333333,-0.9647556623740604
2021-10-05 10:00:00,0.0,2.0848499999645363e-05,1.8191028703347427,110.81152734107827,0.103,-1.0862414394890465
2021-10-05 10:30:00,0.0,0.0079607296299656,3.0665778588961947,186.8020669947546,0.103,-1.246944898483625
2021-10-05 11:00:00,0.0,0.0449046749791986,5.35045578655901,325.9255907668449,0.103,-1.4292875791319384
2021-10-05 11:30:00,0.0,0.149285158305076,7.410049398876534,451.3867274648681,0.103,-1.6017526280497214
2021-10-05 12:00:00,0.0,0.2282310729333499,8.297045959710214,505.41855010400064,0.10266666666666667,-1.7357212477424904
2021-10-05 12:30:00,0.0,0.3583287191801221,7.78498246306426,474.225955620045,0.10266666666666667,-1.8225072843594132
2021-10-05 13:00:00,0.0,0.4652473785382248,7.045790043945333,429.19769344901016,0.10233333333333333,-1.874948070399919
2021-10-05 13:30:00,0.0,0.5728089688365244,6.945463439310453,423.0862500150884,0.10233333333333333,-1.913471004637698
2021-10-05 14:00:00,0.0,0.5864210401034746,7.079137532741618,431.22907178762273,0.10166666666666667,-1.950197984592786
2021-10-05 14:30:00,0.0,0.5780022424789644,6.962214258007934,424.1066342024542,0.10166666666666667,-1.9818826241552792
2021-10-05 15:00:00,0.0,0.6607208204325873,6.827872343208184,415.9231317696611,0.10066666666666667,-1.9933052423970656
2021-10-05 15:30:00,0.0,0.5444137470348401,6.7772953429102705,412.8422094410021,0.10066666666666667,-1.96757644420105
2021-10-05 16:00:00,0.0,0.6277364941030071,6.794166460911022,413.86992171835715,0.09966666666666667,-1.895637796802216
2021-10-05 16:30:00,0.0,0.5208303898384078,6.726609025394179,409.75462800135574,0.09966666666666667,-1.77740911423979
2021-10-05 17:00:00,0.0,0.4148802416715004,6.2308872929111345,379.5574999508111,0.09933333333333333,-1.618028301266139
2021-10-05 17:30:00,0.0,0.2314053474542431,5.260526329569823,320.4474945885392,0.09933333333333333,-1.4292257958038657
2021-10-05 18:00:00,0.0,0.2006079370313419,4.0767581773050825,248.337687546102,0.09933333333333333,-1.233467177736065
2021-10-05 18:30:00,0.0,0.1539268998221545,3.145943832532921,191.6366834977669,0.09933333333333333,-1.0588237949430153
2021-10-05 19:00:00,0.0,0.0764806397891239,2.5842555326266465,157.42117022623074,0.09899999999999999,-0.9256797960002888
2021-10-05 19:30:00,0.0,0.0794740347362253,1.8611610224411164,113.37351992987182,0.09899999999999999,-0.8394539357061925
2021-10-05 20:00:00,0.0,0.0731038823119352,2.0077227283790298,122.30139682432451,0.09899999999999999,-0.7944697059673237
2021-10-05 20:30:00,0.0,0.072096354416453,1.7558614417846918,106.95914526684558,0.09899999999999999,-0.7806396829210704
2021-10-05 21:00:00,0.0,0.0919495556118691,1.458252584222257,88.83015839396012,0.09966666666666667,-0.7867688914682769
2021-10-05 21:30:00,0.0,0.0808828424139741,1.458252584222257,88.83015839396012,0.09966666666666667,-0.8020066739945795
2021-10-05 22:00:00,0.0,0.0839045091349043,1.3724584510831972,83.60396745936299,0.09999999999999999,-0.8169271043884992
2021-10-05 22:30:00,0.0,0.1723884427638205,1.2214869056049795,74.40746306574071,0.09999999999999999,-0.8232570234071871
2021-10-05 23:00:00,0.0,0.1930469157787733,0.9601711183992496,58.48928605067469,0.09966666666666667,-0.8137866212831494
2021-10-05 23:30:00,0.0,0.1660244060854089,1.2863194319763522,78.35676762995733,0.09966666666666667,-0.7850693524876714
2021-10-06 00:00:00,0.0,0.1527588035739371,1.289495059315978,78.55021249858385,0.09933333333333333,-0.7412143873991729
2021-10-06 00:30:00,0.0,3.243207941373169e-05,1.1374584953809266,69.2888319928006,0.09933333333333333,-0.6937368333901652
2021-10-06 01:00:00,0.0,0.0580079393529483,1.1592443274953583,70.61592644708632,0.09966666666666667,-0.6555633290579903
2021-10-06 01:30:00,0.0,0.0534633904025834,0.8742782262056091,53.25707916071006,0.09966666666666667,-0.6335917210822777
2021-10-06 02:00:00,0.0,0.0551468360677732,1.071967313177108,65.29940509137279,0.09966666666666667,-0.6258827398954245
2021-10-06 02:30:00,0.0,0.0537712634576713,1.1374584953809266,69.2888319928006,0.09966666666666667,-0.6247717642159722
2021-10-06 03:00:00,0.0,0.0532917380422667,1.4404592288683633,87.74626758413214,0.09966666666666667,-0.6224509443299745
2021-10-06 03:30:00,0.0,3.078563437100488e-05,0.918367949475946,55.94282588526581,0.09966666666666667,-0.6156511486982417
2021-10-06 04:00:00,0.0,2.959832938613145e-05,1.071967313177108,65.29940509137279,0.09999999999999999,-0.6073123954860576
2021-10-06 04:30:00,0.0,0.063316577674658,0.962366563104606,58.623022622124694,0.09999999999999999,-0.6035610929470814
2021-10-06 05:00:00,0.0,0.063587149665066,0.719240413922693,43.812876166556165,0.09999999999999999,-0.6076423440116288
2021-10-06 05:30:00,0.0,0.0459496237678992,0.8521990629672789,51.912116299757535,0.09999999999999999,-0.6167513173576412
2021-10-06 06:00:00,0.0,2.9410165143584247e-05,0.962366563104606,58.623022622124694,0.09966666666666667,-0.6251578205633637
2021-10-06 06:30:00,0.0,0.0404843214386963,1.071967313177108,65.29940509137279,0.09966666666666667,-0.6294371483620985
2021-10-06 07:00:00,0.0,2.8921487481622617e-05,0.918367949475946,55.94282588526581,0.09966666666666667,-0.6302235269266544
2021-10-06 07:30:00,0.0,2.9183333930494853e-05,0.7414580439797833,45.166273800452586,0.09966666666666667,-0.6306028834837101
2021-10-06 08:00:00,0.0,3.005453953235084e-05,0.8079718606544185,49.217994973123,0.09966666666666667,-0.6345281827112281
2021-10-06 08:30:00,0.0,2.9372021514339375e-05,0.8079718606544185,49.217994973123,0.09966666666666667,-0.6460493564769533
2021-10-06 09:00:00,0.0,2.9372021514339375e-05,1.5262496525324123,92.97223255427268,0.09966666666666667,-0.6679488388907918
2021-10-06 09:30:00,0.0,3.0476424600834423e-05,2.304026093956744,140.35085902429702,0.09966666666666667,-0.6997773600479634
2021-10-06 10:00:00,0.0,3.140724455409311e-05,2.894729725246685,176.33385517949216,0.09966666666666667,-0.7371943169522224
2021-10-06 10:30:00,0.0,0.0006485740826355,3.253516521285506,198.18952563509305,0.09966666666666667,-0.7736719962838545
2021-10-06 11:00:00,0.0,0.0787763249311981,3.66485473296983,223.24639088103712,0.09933333333333333,-0.8036655277920212
2021-10-06 11:30:00,0.0,0.0770692053077944,3.253516521285506,198.18952563509305,0.09933333333333333,-0.8254605140882695
2021-10-06 12:00:00,0.0,0.0053837155533125,3.213939039548287,195.77864427641103,0.09899999999999999,-0.8420780504827864
2021-10-06 12:30:00,0.0,0.0813148660955528,4.030559537942242,245.5234751822163,0.09899999999999999,-0.8597125192476865
2021-10-06 13:00:00,0.0,0.0872503592076612,3.992345752741966,243.1956640547745,0.09899999999999999,-0.8850435260666631
2021-10-06 13:30:00,0.0,0.1403101316690377,4.371577155683902,266.2967275850425,0.09899999999999999,-0.9233896035744764
2021-10-06 14:00:00,0.0,0.1599248702161498,4.633277289931318,282.23831728523635,0.09866666666666667,-0.9775293494457358
2021-10-06 14:30:00,0.0,0.0920069468376495,4.484107172543614,273.151547751231,0.09866666666666667,-1.0443956618129475
2021-10-06 15:00:00,0.0,0.1551510241978513,4.707493927679336,286.75925951290935,0.09866666666666667,-1.1100416913462918
2021-10-06 15:30:00,0.0,0.095773679122854,5.526117879751274,336.6261317642782,0.09866666666666667,-1.1497951182975583
2021-10-06 16:00:00,0.0,0.2793142021053302,5.615289322646476,342.0580531490248,0.09833333333333333,-1.1390576456167547
2021-10-06 16:30:00,0.0,0.3281177391942456,5.579662337022838,339.8878181634753,0.09833333333333333,-1.0684173201990232
2021-10-06 17:00:00,0.0,0.309692461582745,5.508241895360734,335.5372075668927,0.09866666666666667,-0.9505269609013488
2021-10-06 17:30:00,0.0,0.1291444642022571,4.726010036055872,287.8871771711555,0.09866666666666667,-0.8134854262653762
2021-10-06 18:00:00,0.0,0.0819133992073634,3.8580795367668346,235.01677285233603,0.09833333333333333,-0.6859211968548021
2021-10-06 18:30:00,0.0,0.0603229027987987,2.93488551599039,178.77996450979072,0.09833333333333333,-0.5843065165321795
2021-10-06 19:00:00,0.0,0.0358157291690308,2.304026093956744,140.35085902429702,0.09833333333333333,-0.5108840812290513
2021-10-06 19:30:00,0.0,0.0390176589830361,1.675563388351094,102.06775067416092,0.09833333333333333,-0.4607720940093118
2021-10-06 20:00:00,0.0,0.0232863963009549,1.718034779174056,104.65491589837184,0.09866666666666667,-0.4290515896921462
2021-10-06 20:30:00,0.0,0.0149963312956398,1.5690166601407467,95.57740541731972,0.09866666666666667,-0.4122129299914804
2021-10-06 21:00:00,0.0,2.1809250752999217e-05,1.2461662350896303,75.910816305706,0.09933333333333333,-0.4067093911532328
2021-10-06 21:30:00,0.0,1.9940463453652268e-05,0.8300969593555899,50.56575601491486,0.09933333333333333,-0.4089441748032525
2021-10-06 22:00:00,0.0,0.010575590215058,1.1592443274953583,70.61592644708632,0.09933333333333333,-0.4167660896833702
2021-10-06 22:30:00,0.0,0.0172963309101104,1.1592443274953583,70.61592644708632,0.09933333333333333,-0.4299506579995623
2021-10-06 23:00:00,0.0,0.0253151615107248,0.9403786179920276,57.28361635722872,0.09966666666666667,-0.4490267370645279
2021-10-06 23:30:00,0.0,0.0189154692158837,0.962366563104606,58.623022622124694,0.09966666666666667,-0.4739614856713031
2021-10-07 00:00:00,0.0,0.023987627771213,1.4007389573472022,85.3266881170005,0.09966666666666667,-0.5040849148395133
2021-10-07 00:30:00,0.0,0.0160093031348289,1.2054712229431632,73.43186004399445,0.09966666666666667,-0.5382519904822864
2021-10-07 01:00:00,0.0,0.0282137436751074,1.3358473890970868,81.37378698830847,0.09933333333333333,-0.5734042923158174
2021-10-07 01:30:00,0.0,0.0354255164464725,0.7650416919941538,46.60288307602692,0.09933333333333333,-0.6024684032504388
2021-10-07 02:00:00,0.0,0.029638471040268,0.7650416919941538,46.60288307602692,0.09933333333333333,-0.6156977926243462
2021-10-07 02:30:00,0.0,0.0450880133130451,0.8760057535578827,53.36231232126997,0.09933333333333333,-0.6069600036155725
2021-10-07 03:00:00,0.0,0.0307401405712068,0.6087117228995395,37.079967727446295,0.09933333333333333,-0.5795392247487507
2021-10-07 03:30:00,0.0,1.794792707733554e-05,1.2272558370403066,74.75888030217052,0.09933333333333333,-0.5447978263758699
2021-10-07 04:00:00,0.0,1.7190477336829144e-05,0.9643622153148848,58.74458873752635,0.09999999999999999,-0.5147145050300962
2021-10-07 04:30:00,0.0,1.667489182998962e-05,1.030389897305105,62.766696781795964,0.09999999999999999,-0.4955874727899986
2021-10-07 05:00:00,0.0,1.625198723649171e-05,1.2707586064424063,77.40887244919315,0.09999999999999999,-0.487194992159595
2021-10-07 05:30:00,0.0,1.6476819770768957e-05,0.8316895906245322,50.66277191559901,0.09999999999999999,-0.4856648696244303
2021-10-07 06:00:00,0.0,1.6960170044097344e-05,0.8538592121635943,52.01324508750109,0.10033333333333333,-0.4869115004053365
2021-10-07 06:30:00,0.0,1.6618685413519377e-05,0.8094968337230934,49.31088944195685,0.10033333333333333,-0.4891237349660003
2021-10-07 07:00:00,0.0,1.6392350536890145e-05,0.4286257985904099,26.109946927219465,0.10033333333333333,-0.4936620169668452
2021-10-07 07:30:00,0.0,1.613997829207237e-05,0.9423074461636124,57.401111854133994,0.10033333333333333,-0.5040651390136565
2021-10-07 08:00:00,0.0,1.6055878204893987e-05,1.0084033869046891,61.42737791308225,0.10033333333333333,-0.5244071600064238
2021-10-07 08:30:00,0.0,1.70182879840305e-05,0.9202298158201724,56.05624237021189,0.10033333333333333,-0.5585432187507736
2021-10-07 09:00:00,0.0,1.6646770254289465e-05,0.7872808860481474,47.95759429117891,0.10033333333333333,-0.6094208031079098
2021-10-07 09:30:00,0.0,1.6989719638425015e-05,1.0962137707801187,66.77638973221714,0.10033333333333333,-0.6764881149638955
2021-10-07 10:00:00,0.0,0.0220588508749501,1.551393354203903,94.50387324961916,0.10033333333333333,-0.7529525408864134
2021-10-07 10:30:00,0.0,0.0926610800098003,2.5979532682845043,158.25557439001628,0.10033333333333333,-0.8272180416157353
2021-10-07 11:00:00,0.0,0.1946587237639906,3.4987501139191335,213.12804802336865,0.10033333333333333,-0.8884114512256199
2021-10-07 11:30:00,0.0,0.1862283479495464,3.9261145503505297,239.16115846725893,0.10033333333333333,-0.9307889746524428
2021-10-07 12:00:00,0.0,0.1166678290354899,4.155810869424402,253.15322035461975,0.10033333333333333,-0.9541787140611304
2021-10-07 12:30:00,0.0,0.1386230387239071,4.477232103188349,272.7327495907441,0.10033333333333333,-0.962185530783037
2021-10-07 13:00:00,0.0,0.2023183885772713,4.738525862550759,288.6495847691267,0.09999999999999999,-0.9596156451058164
2021-10-07 13:30:00,0.0,0.1426081263710998,4.757074452339197,289.77948104822036,0.09999999999999999,-0.9494080324713816
2021-10-07 14:00:00,0.0,0.1821487812515266,5.0883773912711625,309.9609591132204,0.09999999999999999,-0.9321569969085436
2021-10-07 14:30:00,0.0,0.1640224877537663,5.1248921135402705,312.185271004021,0.09999999999999999,-0.9119311268599416
2021-10-07 15:00:00,0.0,0.1234165005386919,5.070098020139209,308.8474624182295,0.09899999999999999,-0.9014689635757942
2021-10-07 15:30:00,0.0,0.1750523080002702,4.307641662863706,262.40206625156515,0.09899999999999999,-0.912415563515366
2021-10-07 16:00:00,0.0,0.0939082958856272,3.75227607578516,228.57170407665208,0.09833333333333333,-0.9345415533250874
2021-10-07 16:30:00,0.0,0.0667986380528262,3.4201548714196552,208.3403809787298,0.09833333333333333,-0.932784265661746
2021-10-07 17:00:00,0.0,0.0569124113278623,3.0429571674423035,185.36320120022347,0.09866666666666667,-0.8764102230564894
2021-10-07 17:30:00,0.0,0.0667416410019366,3.2422866715046603,197.50545392792375,0.09866666666666667,-0.7701912537942079
2021-10-07 18:00:00,0.0,0.0642710958087862,2.659171219730904,161.9846953820684,0.09833333333333333,-0.6506414391957259
2021-10-07 18:30:00,0.0,0.0528264745108131,2.0600598482157495,125.48953768228094,0.09833333333333333,-0.5545340974607277
2021-10-07 19:00:00,0.0,0.0268359490175962,1.6796900266171269,102.3191268313318,0.09866666666666667,-0.4962860244656258
2021-10-07 19:30:00,0.0,2.1550467758537072e-05,1.7222861286698514,104.91388890015875,0.09866666666666667,-0.4703289024663747
2021-10-07 20:00:00,0.0,2.0314055965768233e-05,1.7009986120088474,103.61714957168394,0.09866666666666667,-0.4648677038516617
2021-10-07 20:30:00,0.0,2.0880683040757896e-05,1.0962137707801187,66.77638973221714,0.09866666666666667,-0.4707998093496555
2021-10-07 21:00:00,0.0,2.022075087988744e-05,1.4007389573472022,85.3266881170005,0.09866666666666667,-0.4829703904085494
2021-10-07 21:30:00,0.0,2.0565235285475636e-05,1.0962137707801187,66.77638973221714,0.09866666666666667,-0.4982519366739282
2021-10-07 22:00:00,0.0,0.0474938530302171,0.9202298158201724,56.05624237021189,0.09899999999999999,-0.513732556415622
2021-10-07 22:30:00,0.0,0.0477853368386744,0.9643622153148848,58.74458873752635,0.09899999999999999,-0.5260250882456996
2021-10-07 23:00:00,0.0,0.0304005063362884,0.9202298158201724,56.05624237021189,0.09866666666666667,-0.5317089303049276
2021-10-07 23:30:00,0.0,0.0291284383756357,0.9423074461636124,57.401111854133994,0.09866666666666667,-0.5286486240866906
2021-10-08 00:00:00,0.0,2.0565235285475636e-05,0.7885337179777047,48.03391115147299,0.09866666666666667,-0.517461106623838
2021-10-08 00:30:00,0.0,1.8720793614813047e-05,0.855316279793161,52.102003063811594,0.09866666666666667,-0.5021745094631347
2021-10-08 01:00:00,0.0,1.812514753180875e-05,1.1423114220302455,69.58445035658576,0.09899999999999999,-0.4891711942848736
2021-10-08 01:30:00,0.0,1.713293228490567e-05,0.8108178861986546,49.391361989662585,0.09899999999999999,-0.4842839672364993
2021-10-08 02:00:00,0.0,1.7772036934789803e-05,0.8330787214966823,50.74739149161632,0.09933333333333333,-0.4895724721496731
2021-10-08 02:30:00,0.0,1.8541318940128655e-05,0.9661568598365812,58.85391037278213,0.09933333333333333,-0.5022584432076316
2021-10-08 03:00:00,0.0,0.0392816823128906,0.8997217880883149,54.80698598522134,0.09933333333333333,-0.5168256133527673
2021-10-08 03:30:00,0.0,0.0408122985129919,0.855316279793161,52.102003063811594,0.09933333333333333,-0.5285437743412515
2021-10-08 04:00:00,0.0,0.0479968691245463,0.8997217880883149,54.80698598522134,0.09933333333333333,-0.5356221154054568
2021-10-08 04:30:00,0.0,0.0481241345148442,0.9218898489537568,56.1573640879383,0.09933333333333333,-0.5385327413683239
2021-10-08 05:00:00,0.0,0.039956160526409,0.8997217880883149,54.80698598522134,0.09966666666666667,-0.5372518139312527
2021-10-08 05:30:00,0.0,0.0259734786373072,0.944034854552948,57.50633776800926,0.09966666666666667,-0.5289128286746263
2021-10-08 06:00:00,0.0,0.0422540981808956,0.7885337179777047,48.03391115147299,0.09966666666666667,-0.5083976543427698
2021-10-08 06:30:00,0.0,0.0393948352106653,0.8108178861986546,49.391361989662585,0.09966666666666667,-0.4723850295424669
2021-10-08 07:00:00,0.0,0.0229981285278541,1.2516745575807435,76.24635842280196,0.09966666666666667,-0.4242023056999571
2021-10-08 07:30:00,0.0,1.4662316184265649e-05,-0.3331936454778191,-20.296651364716247,0.09966666666666667,-0.3748332327701895
2021-10-08 08:00:00,0.0,1.4555363789987431e-05,-0.2627716145958056,-16.00685944159069,0.09999999999999999,-0.3383879205827534
2021-10-08 08:30:00,0.0,1.44760033753487e-05,0.2007675062134515,12.229849321208611,0.09999999999999999,-0.326851912249182
2021-10-08 09:00:00,0.0,1.4635974128929488e-05,0.1548704510938743,9.434008106730111,0.10033333333333333,-0.3495932555982854
2021-10-08 09:30:00,0.0,1.5174604064334126e-05,0.5643962804239094,34.38047120880432,0.10033333333333333,-0.4137277245684586
2021-10-08 10:00:00,0.0,0.0434899271564115,1.1861238486506498,72.2533054221778,0.10033333333333333,-0.5181239023885542
2021-10-08 10:30:00,0.0,0.0584571856900796,2.232520782954135,135.99507857096847,0.10033333333333333,-0.6466077899791122
2021-10-08 11:00:00,0.0,0.1360167416502586,2.727153072210498,166.12584266273507,0.09999999999999999,-0.7734404869537701
2021-10-08 11:30:00,0.0,0.1772795361193806,3.0307054933169364,184.616884571045,0.09999999999999999,-0.8788855156873239
2021-10-08 12:00:00,0.0,0.1423052456332832,3.2307672207232656,196.8037410363478,0.09999999999999999,-0.9580797106658976
2021-10-08 12:30:00,0.0,0.1726226072534047,3.974904668904848,242.13323203402837,0.09999999999999999,-1.0170274217987856
2021-10-08 13:00:00,0.0,0.1987080359254923,4.43239211884013,270.00130035133856,0.09966666666666667,-1.065906442666999
2021-10-08 13:30:00,0.0,0.1492951725759974,4.806643298835741,292.7989912025894,0.09966666666666667,-1.11596307419752
2021-10-08 14:00:00,0.0,0.1531221135327647,5.064981701686874,308.5357994159265,0.09966666666666667,-1.175341151438395
2021-10-08 14:30:00,0.0,0.2342859315235029,5.410954818335765,329.6109184210226,0.09966666666666667,-1.2421768557440724
2021-10-08 15:00:00,0.0,0.2240019950853924,5.483128005189232,334.0073828534238,0.09866666666666667,-1.301195895897399
2021-10-08 15:30:00,0.0,0.2846499586684006,5.662572610047193,344.9383373704534,0.09866666666666667,-1.328145179480465
2021-10-08 16:00:00,0.0,0.2827652527592859,5.410954818335765,329.6109184210226,0.09766666666666667,-1.2997976949687062
2021-10-08 16:30:00,0.0,0.2221675491728561,5.6982937958077065,347.114310602703,0.09766666666666667,-1.2056775848646548
2021-10-08 17:00:00,0.0,0.1128383812696932,5.3204168092562565,324.0957519990848,0.09799999999999999,-1.0573305616080202
2021-10-08 17:30:00,0.0,0.126773010840221,5.083322417462814,309.6530329494465,0.09799999999999999,-0.8872150565923287
2021-10-08 18:00:00,0.0,0.1173372016859596,4.4512530488748485,271.1502229869429,0.09733333333333333,-0.7332198320357044
2021-10-08 18:30:00,0.0,0.0883654723291754,3.527497166841279,214.87918859535375,0.09733333333333333,-0.6197841609250144
2021-10-08 19:00:00,0.0,0.0465581058439722,3.1509606446778227,191.94228502543504,0.09733333333333333,-0.5517132554983736
2021-10-08 19:30:00,0.0,2.3390961103196077e-05,1.9386969599426775,118.09665890045096,0.09733333333333333,-0.5214281261874425
2021-10-08 20:00:00,0.0,2.0848499999645363e-05,1.768987078350901,107.75869973896728,0.09766666666666667,-0.5173036866425311
2021-10-08 20:30:00,0.0,0.0506450267114481,1.5118887824479943,92.09743323755876,0.09766666666666667,-0.5270039197991676
2021-10-08 21:00:00,0.0,0.0477139901876949,1.5764520975020353,96.03033866474055,0.09733333333333333,-0.5399362298878704
2021-10-08 21:30:00,0.0,2.272486421650997e-05,1.317025008896396,80.22721263440773,0.09733333333333333,-0.5508807446238797
2021-10-08 22:00:00,0.0,0.0357216935598943,1.3604814159863892,82.87438059886249,0.09766666666666667,-0.5605286136209062
2021-10-08 22:30:00,0.0,0.0427656541758409,1.120371463845956,68.24796723853476,0.09766666666666667,-0.5709664212350781
2021-10-08 23:00:00,0.0,0.0660253533995378,1.2734802225825697,77.57466100697391,0.09766666666666667,-0.5809892416981228
2021-10-08 23:30:00,0.0,0.066912420386915,1.1423114220302455,69.58445035658576,0.09766666666666667,-0.5866287892365826
2021-10-09 00:00:00,0.0,0.0821778885237821,1.1444400512621584,69.71411683129575,0.09766666666666667,-0.5858636117970969
2021-10-09 00:30:00,0.0,0.0611209578649415,0.8565690202703901,52.17831435324307,0.09766666666666667,-0.5816793487479744
2021-10-09 01:00:00,0.0,0.0475307204075901,1.1004043386209046,67.03166019021957,0.09766666666666667,-0.5796284566719048
2021-10-09 01:30:00,0.0,0.0783841843299981,1.0562775938664086,64.34365828412845,0.09766666666666667,-0.5824143229211667
2021-10-09 02:00:00,0.0,0.0765333743050124,1.0783523722927515,65.68835404214727,0.09833333333333333,-0.5876871116009381
2021-10-09 02:30:00,0.0,0.0834768404740761,1.276005288505101,77.72847661359823,0.09833333333333333,-0.5912318722973477
2021-10-09 03:00:00,0.0,0.0721259391243662,0.8565690202703901,52.17831435324307,0.09833333333333333,-0.5912476344514145
2021-10-09 03:30:00,0.0,0.0684340149330897,0.9899158419950578,60.301200212177385,0.09833333333333333,-0.5892301631050741
2021-10-09 04:00:00,0.0,0.0557279799465878,1.0783523722927515,65.68835404214727,0.09833333333333333,-0.5877733886452748
2021-10-09 04:30:00,0.0,0.0706071338287849,0.9899158419950578,60.301200212177385,0.09833333333333333,-0.5882829556672394
2021-10-09 05:00:00,0.0,0.0723782404346315,1.0341799490363957,62.99756960811871,0.09833333333333333,-0.5904961508348492
2021-10-09 05:30:00,0.0,0.0804613659687808,0.8565690202703901,52.17831435324307,0.09833333333333333,-0.5937302602637852
2021-10-09 06:00:00,0.0,0.0737106977278683,1.0783523722927515,65.68835404214727,0.09833333333333333,-0.5984029509470747
2021-10-09 06:30:00,0.0,0.0762755075527085,1.0341799490363957,62.99756960811871,0.09833333333333333,-0.6060745983009709
2021-10-09 07:00:00,0.0,0.0818314735023426,0.9233468148258476,56.24611586564315,0.09833333333333333,-0.6178150672625816
2021-10-09 07:30:00,0.0,0.0910441223125749,1.1224335469676967,68.37358002489812,0.09833333333333333,-0.6329992413244976
2021-10-09 08:00:00,0.0,0.0869679166457281,1.0341799490363957,62.99756960811871,0.09833333333333333,-0.6502518670325231
2021-10-09 08:30:00,0.0,0.078350301309303,1.1224335469676967,68.37358002489812,0.09833333333333333,-0.6693430562333464
2021-10-09 09:00:00,0.0,0.0792462422648939,1.5367351126590698,93.61095940719392,0.09833333333333333,-0.6914822853957983
2021-10-09 09:30:00,0.0,0.1425797555336653,2.445932323767234,148.99514534858875,0.09833333333333333,-0.7176840700354704
2021-10-09 10:00:00,0.0,0.1097330063480871,3.218956047934347,196.08425775820388,0.09799999999999999,-0.7475069257513154
2021-10-09 10:30:00,0.0,0.1523967161835537,4.042948508838578,246.278155310314,0.09799999999999999,-0.7798003008321824
2021-10-09 11:00:00,0.0,0.1226717575926184,4.500476741071166,274.14870790090345,0.09766666666666667,-0.8143179475990464
2021-10-09 11:30:00,0.0,0.1368234678694129,5.334105537537496,324.9296074741862,0.09766666666666667,-0.8519311288487849
2021-10-09 12:00:00,0.0,0.2246126705933435,5.352287739841809,326.03718508324937,0.09766666666666667,-0.8933766341809019
2021-10-09 12:30:00,0.0,0.2434315030910581,5.7486862177021765,350.1839892490319,0.09766666666666667,-0.9388889121838118
2021-10-09 13:00:00,0.0,0.2754991224062246,6.068006040899778,369.6355100485665,0.09733333333333333,-0.9898978542658454
2021-10-09 13:30:00,0.0,0.2507694513806972,5.979748230821113,364.25924304680206,0.09733333333333333,-1.049724930205156
2021-10-09 14:00:00,0.0,0.3186693475747313,6.085617267554375,370.70830640097216,0.09733333333333333,-1.1189155733745615
2021-10-09 14:30:00,0.0,0.2648317686682538,6.015091789730454,366.41221295756515,0.09733333333333333,-1.1879170630871532
2021-10-09 15:00:00,0.0,0.2725078779421822,5.891152001100671,358.8623610495917,0.09699999999999999,-1.2363759725982577
2021-10-09 15:30:00,0.0,0.2827926746178077,6.085617267554375,370.70830640097216,0.09699999999999999,-1.242994673268568
2021-10-09 16:00:00,0.0,0.302921354408389,5.497227129095648,334.86623777566007,0.09566666666666666,-1.1984025640570086
2021-10-09 16:30:00,0.0,0.2870806173614231,5.334105537537496,324.9296074741862,0.09566666666666666,-1.1115581711397842
2021-10-09 17:00:00,0.0,0.1243120867567689,5.169810438761037,314.92149241540307,0.09566666666666666,-1.00631157214842
2021-10-09 17:30:00,0.0,0.1230127555350323,4.405924667926073,268.3890228334256,0.09566666666666666,-0.9093393936318476
2021-10-09 18:00:00,0.0,0.1040122407956703,3.497037383972519,213.0237162539002,0.09533333333333333,-0.8364276139299073
2021-10-09 18:30:00,0.0,0.0506760534513933,3.138856076884854,191.20492944933417,0.09533333333333333,-0.788170114056578
2021-10-09 19:00:00,0.0,3.0093290408167564e-05,3.238935613969039,197.3013226444292,0.09566666666666666,-0.7574178017382881
2021-10-09 19:30:00,0.0,0.0941805222181992,2.4666292122131157,150.25590627492056,0.09566666666666666,-0.7382947396957862
2021-10-09 20:00:00,0.0,0.1135472270564501,1.985539207680214,120.95007697841288,0.09566666666666666,-0.7281878809596175
2021-10-09 20:30:00,0.0,0.103163486822133,1.985539207680214,120.95007697841288,0.09566666666666666,-0.7248397839691778
2021-10-09 21:00:00,0.0,0.0727862312071624,1.985539207680214,120.95007697841288,0.09566666666666666,-0.7248271744188571
2021-10-09 21:30:00,0.0,0.0729070547067632,1.8156662690397116,110.60218511828543,0.09566666666666666,-0.7250370392287513
2021-10-09 22:00:00,0.0,0.0709845428994305,1.406766564192065,85.69386269056811,0.09566666666666666,-0.7242797507678853
2021-10-09 22:30:00,0.0,0.0856488940977835,1.5583202427681822,94.92582800217694,0.09566666666666666,-0.7230656310365653
2021-10-09 23:00:00,0.0,0.0836490976684326,1.3632681031179883,83.04413298742169,0.09566666666666666,-0.7221126945869072
2021-10-09 23:30:00,0.0,0.070197083180334,1.2541338864257756,76.39616962369453,0.09566666666666666,-0.7213142959714298
2021-10-10 00:00:00,0.0,0.0862892844247674,1.4964810552929717,91.1588641182717,0.09566666666666666,-0.7197683379646904
2021-10-10 00:30:00,0.0,0.0852962128664591,1.4747658166685975,89.83606990042733,0.09566666666666666,-0.7162949505554992
2021-10-10 01:00:00,0.0,0.096516731851709,1.3876843832180406,84.53146244745189,0.09566666666666666,-0.7099263386343387
2021-10-10 01:30:00,0.0,0.084184220200447,1.3440106538598136,81.87105619237548,0.09566666666666666,-0.7004449128912716
2021-10-10 02:00:00,0.0,0.0855680269795431,1.4312692989869498,87.18645857996657,0.09566666666666666,-0.6887066631528034
2021-10-10 02:30:00,0.0,0.0839507538991671,1.3876843832180406,84.53146244745189,0.09566666666666666,-0.676099681626982
2021-10-10 03:00:00,0.0,0.0948194080156339,1.3658586463182278,83.20193717394841,0.09566666666666666,-0.6634578919976948
2021-10-10 03:30:00,0.0,0.0801222828608897,1.2783326183657289,77.87024703279131,0.09566666666666666,-0.6506881003289412
2021-10-10 04:00:00,0.0,0.0423658963075515,1.3002476925415147,79.20521432948135,0.09566666666666666,-0.637395062222583
2021-10-10 04:30:00,0.0,0.068365689745135,1.3658586463182278,83.20193717394841,0.09566666666666666,-0.6236637563191194
2021-10-10 05:00:00,0.0,0.060505819025547,1.2344350183233543,75.19620358718441,0.09566666666666666,-0.6103755595689592
2021-10-10 05:30:00,0.0,0.0586146361226104,1.212452386043194,73.8571209560336,0.09566666666666666,-0.5988883337024661
2021-10-10 06:00:00,0.0,0.0347886147545335,1.5181743489218638,92.48032154614856,0.09599999999999999,-0.5900664322179606
2021-10-10 06:30:00,0.0,0.0341609254800223,1.2344350183233543,75.19620358718441,0.09599999999999999,-0.5833630524825699
2021-10-10 07:00:00,0.0,0.0282365411264361,1.0135840417083917,61.74295999521021,0.09566666666666666,-0.576690788352297
2021-10-10 07:30:00,0.0,2.5586480963000708e-05,1.124295058395979,68.48697488996855,0.09566666666666666,-0.5671240927805626
2021-10-10 08:00:00,0.0,2.4717075866233703e-05,1.2783326183657289,77.87024703279131,0.09599999999999999,-0.5523710587139323
2021-10-10 08:30:00,0.0,0.0290763363098767,1.409487916765347,85.85963519304536,0.09599999999999999,-0.5329461370104037
2021-10-10 09:00:00,0.2,0.0262793931475752,1.124295058395979,68.48697488996855,0.09599999999999999,-0.5133803616038473
2021-10-10 09:30:00,0.2,0.0179643385257603,1.409487916765347,85.85963519304536,0.09599999999999999,-0.4999836752816886
2021-10-10 10:00:00,0.4,2.2890386407871472e-05,1.3440106538598136,81.87105619237548,0.09533333333333334,-0.4961245014951981
2021-10-10 10:30:00,0.0,0.0304003499598574,1.9899764142674612,121.22037155442564,0.09533333333333334,-0.4996758909293509
2021-10-10 11:00:00,0.0,0.0049403746693948,1.9475092746724327,118.63346529581152,0.09599999999999999,-0.5052688952141762
2021-10-10 11:30:00,0.0,0.0127042403334,1.8836516454344656,114.74354705994104,0.09599999999999999,-0.5082786477220784
2021-10-10 12:00:00,0.0,0.0289313871345896,2.534608890243201,154.3969210979483,0.09633333333333333,-0.5059278209980105
2021-10-10 12:30:00,0.0,0.0218258161853202,2.6583802601744644,161.93651369979884,0.09633333333333333,-0.495961588390154
2021-10-10 13:00:00,0.2,0.0447992347288391,2.5552862766396385,155.65649404754694,0.09666666666666666,-0.4772096871612616
2021-10-10 13:30:00,0.0,0.0200829652062144,1.6263134260196002,99.06766550226564,0.09666666666666666,-0.4526850145359273
2021-10-10 14:00:00,0.0,0.0073208804712008,1.2344350183233543,75.19620358718441,0.09699999999999999,-0.4302922988355879
2021-10-10 14:30:00,0.0,0.0035879125993411,0.991372710814322,60.38994607786257,0.09699999999999999,-0.4181816833527187
2021-10-10 15:00:00,0.6,0.0051645896507542,0.8352414724997542,50.879136510447914,0.10633333333333334,-0.4190922598049433
2021-10-10 15:30:00,0.4,0.0061716866520544,0.9691382086301844,59.03552067022223,0.10633333333333334,-0.4294843459082569
2021-10-10 16:00:00,0.4,0.001755377833042,0.542205019439871,33.02867985969097,0.13333333333333333,-0.442820296077924
2021-10-10 16:30:00,0.4,0.0021182469734379,0.7455064418881803,45.41288390856117,0.13333333333333333,-0.4525546506803958
2021-10-10 17:00:00,0.0,0.0028945157024481,0.4740022256444651,28.874073832376624,0.14633333333333334,-0.4532770077382797
2021-10-10 17:30:00,0.0,0.0075375453032901,0.7904213144448162,48.14889499924504,0.14633333333333334,-0.4412611277026567
2021-10-10 18:00:00,0.0,1.667489182998962e-05,0.542205019439871,33.02867985969097,0.14133333333333334,-0.4153015003191783
2021-10-10 18:30:00,0.0,1.6590637282136346e-05,0.5875518440904861,35.791003520187445,0.14133333333333334,-0.3777954291394694
2021-10-10 19:00:00,0.0,1.6505715774290704e-05,0.6779555367806757,41.29798799458936,0.13866666666666666,-0.3356897097193245
2021-10-10 19:30:00,0.0,1.644895741404498e-05,0.7904213144448162,48.14889499924504,0.13866666666666666,-0.2995760559678661
2021-10-10 20:00:00,0.0,1.6590637282136346e-05,0.6101889233864008,37.16995210645394,0.13899999999999998,-0.2810489689958967
2021-10-10 20:30:00,0.0,1.6308217681522754e-05,0.7004963950867742,42.67107523292568,0.13899999999999998,-0.2888721702137767
2021-10-10 21:00:00,0.0,1.6084199353670687e-05,0.6779555367806757,41.29798799458936,0.13999999999999999,-0.3220342131048828
2021-10-10 21:30:00,0.0,1.613997829207237e-05,0.7679757461368149,46.78161239703,0.13999999999999999,-0.3627534525922338
2021-10-10 22:00:00,0.0,1.572288370120671e-05,0.2220262767171882,13.524837563670696,0.14033333333333334,-0.3828741354954634
2021-10-10 22:30:00,0.0,1.577768467016847e-05,0.5648905625190511,34.41058064065296,0.14033333333333334,-0.3658816217678373
2021-10-10 23:00:00,0.0,1.5447315352135965e-05,0.4740022256444651,28.874073832376624,0.13999999999999999,-0.3209236873732549
2021-10-10 23:30:00,0.0,1.50118711238033e-05,0.4055789254336053,24.70603555057936,0.13999999999999999,-0.2708348654906691
2021-10-11 00:00:00,0.0,1.452917315961794e-05,1.9726761200630312,120.1665158019524,0.13833333333333334,-0.2303224373207833
2021-10-11 00:30:00,0.0,1.44760033753487e-05,1.587403831512792,96.69746881584732,0.13833333333333334,-0.1990541700592423
2021-10-11 01:00:00,0.0,1.4158429532820604e-05,1.4267352263478654,86.91026336175997,0.13733333333333334,-0.1703646840624945
2021-10-11 01:30:00,0.0,1.407990235071969e-05,1.92770551154783,117.42710952851267,0.13733333333333334,-0.1407028428709731
2021-10-11 02:00:00,0.0,1.4106333627777072e-05,1.4497616507398732,88.31292909204532,0.13633333333333333,-0.111821016924986
2021-10-11 02:30:00,0.0,1.4053510241330443e-05,1.4957404900495797,91.11375222984896,0.13633333333333333,-0.0880044789973951
2021-10-11 03:00:00,0.0,1.394833279135416e-05,1.541621055730409,93.9085889822256,0.13533333333333333,-0.0727774386362617
2021-10-11 03:30:00,0.0,1.3662305244928752e-05,1.472763384968453,89.71409080913581,0.13533333333333333,-0.0671888628956324
2021-10-11 04:00:00,0.0,1.355945607181061e-05,0.937366424332478,57.10012712992604,0.13499999999999998,-0.0703768364411678
2021-10-11 04:30:00,0.0,1.363653511810966e-05,3.3647650359595835,204.9662824785322,0.13499999999999998,-0.0813214463179498
2021-10-11 05:00:00,0.0,1.3662305244928752e-05,1.7922289685822772,109.17449067461598,0.13366666666666666,-0.1001334681760922
2021-10-11 05:30:00,0.0,1.379260190010827e-05,2.218357548618352,135.1323183310548,0.13366666666666666,-0.1278282986469242
2021-10-11 06:00:00,0.0,1.3327763922209071e-05,0.2911772918886396,17.737204952725804,0.13333333333333333,-0.1654105319616098
2021-10-11 06:30:00,0.0,1.304776783190129e-05,1.4497616507398732,88.31292909204532,0.13333333333333333,-0.2135370093539698
2021-10-11 07:00:00,0.0,1.2795310471781465e-05,3.237949732802909,197.24126721844027,0.13266666666666665,-0.2729060948244352
2021-10-11 07:30:00,0.0,1.2521087028924168e-05,1.92770551154783,117.42710952851267,0.13266666666666665,-0.3443604118150338
2021-10-11 08:00:00,0.0,1.2421167080119691e-05,4.029118393090902,245.4356871496091,0.13199999999999998,-0.4282586977446707
2021-10-11 08:30:00,0.0,1.2670148109348674e-05,3.067719413722579,186.87160535672308,0.13199999999999998,-0.5241448146387491
2021-10-11 09:00:00,0.0,1.2521087028924168e-05,1.0783338620487517,65.68722648172032,0.13166666666666665,-0.6316150880373274
2021-10-11 09:30:00,0.0,1.2445887472347574e-05,2.1070295552114064,128.35072000232967,0.13166666666666665,-0.7511892208074484
2021-10-11 10:00:00,0.0,1.2545966477491048e-05,2.9821075708543714,181.65651872175735,0.13099999999999998,-0.8831332100012845
2021-10-11 10:30:00,0.0,1.4370123914470793e-05,3.195515384319582,194.65635844618603,0.13099999999999998,-1.0242738579524526
2021-10-11 11:00:00,0.2,0.0018514027088663,2.7015381620130436,164.56549807311757,0.13066666666666665,-1.165140609821883
2021-10-11 11:30:00,0.4,0.0021897133475973,2.417320212635905,147.25222482077282,0.13066666666666665,-1.2893545369195514
2021-10-11 12:00:00,0.0,1.9724746704263755e-05,3.237949732802909,197.24126721844027,0.13066666666666665,-1.375942607924424
2021-10-11 12:30:00,0.0,0.039847373460532,4.534720382434498,276.2346758046827,0.13066666666666665,-1.405717467600341
2021-10-11 13:00:00,0.0,0.0652046431712694,4.151507350829279,252.8910694470251,0.13133333333333333,-1.3713358545858232
2021-10-11 13:30:00,0.0,0.0055480329445675,3.906054910598861,237.9392158520042,0.13133333333333333,-1.284972251584818
2021-10-11 14:00:00,0.0,0.016154987330374,3.885478130186106,236.6857713643487,0.13366666666666666,-1.1774604384203675
2021-10-11 14:30:00,0.0,0.0584576951590624,3.110400598706489,189.47155029327516,0.13366666666666666,-1.088967062172263
2021-10-11 15:00:00,0.0,0.0293713861338705,2.5489581654612334,155.2710141077928,0.13499999999999998,-1.0505853567934216
2021-10-11 15:30:00,0.2,0.0144529935414067,2.9606523586466778,180.3495641383016,0.13499999999999998,-1.059174481180575
2021-10-11 16:00:00,0.0,0.0473681705875021,2.8961605495607063,176.42101453159867,0.13566666666666666,-1.0693742139934783
2021-10-11 16:30:00,0.0,0.0378924979159175,2.6580525677426405,161.916552157513,0.13566666666666666,-1.0268193794526164
2021-10-11 17:00:00,0.0,0.0101394343021502,1.7014360833002629,103.64379834606616,0.14466666666666667,-0.9160176100877914
2021-10-11 17:30:00,0.0,1.6505715774290704e-05,1.905185054808018,116.05526506141116,0.14466666666666667,-0.7680089920509281
2021-10-11 18:00:00,0.0,1.5833599832965035e-05,1.9726761200630312,120.1665158019524,0.143,-0.6240014408719992
2021-10-11 18:30:00,0.0,1.5888701306743328e-05,1.905185054808018,116.05526506141116,0.143,-0.5039995281103965
2021-10-11 19:00:00,0.0,1.5972119462940197e-05,1.860073552410792,113.30727616930002,0.14133333333333334,-0.4087919843186161
2021-10-11 19:30:00,0.0,0.0087651361227126,1.7468803538170292,106.4120579684246,0.14133333333333334,-0.3363691079699234
2021-10-11 20:00:00,0.0,1.5557467018725233e-05,1.837482392565318,111.9311247884698,0.14033333333333334,-0.2872126159232228
2021-10-11 20:30:00,0.0,1.514754173287608e-05,1.814867550490607,110.55353079324134,0.14033333333333334,-0.258038312769364
2021-10-11 21:00:00,0.0,1.4769886004936548e-05,1.814867550490607,110.55353079324134,0.13966666666666666,-0.2388668073821099
2021-10-11 21:30:00,0.0,1.4237302331573848e-05,1.7468803538170292,106.4120579684246,0.13966666666666666,-0.219718484725799
2021-10-11 22:00:00,0.0,0.0068230738664836,1.7468803538170292,106.4120579684246,0.13866666666666666,-0.1988063279554953
2021-10-11 22:30:00,0.0,0.0102706604477012,3.3436796915618556,203.6818585708315,0.13866666666666666,-0.1831292746065677
2021-10-11 23:00:00,0.0,1.3302496411292884e-05,2.8098752560047693,171.1649043236877,0.13799999999999998,-0.182376610153536
2021-10-11 23:30:00,0.0,1.304776783190129e-05,1.814867550490607,110.55353079324134,0.13799999999999998,-0.2028518252988614
2021-10-12 00:00:00,0.0,1.2895985506800284e-05,1.2108797066378008,73.76132043272541,0.13733333333333334,-0.2453481912190419
2021-10-12 00:30:00,0.0,1.2545966477491048e-05,4.203624202355899,256.06579255480085,0.13733333333333334,-0.3066041796288188
2021-10-12 01:00:00,0.0,0.0051346233351913,0.9804307793008576,59.72341305059877,0.13666666666666666,-0.3819688438168598
2021-10-12 01:30:00,0.0,0.0049410870121376,0.1294875523841953,7.887796608616305,0.13666666666666666,-0.4669273014145218
2021-10-12 02:00:00,0.0,0.0051192632925788,0.8875493191791838,54.0654941799314,0.13599999999999998,-0.5563783100332268
2021-10-12 02:30:00,0.0,1.2027858808284386e-05,1.574511038530719,95.91209812277988,0.13599999999999998,-0.6414829583423164
2021-10-12 03:00:00,0.0,0.0046257017016,-0.0400284718970967,-2.4383536414466187,0.13499999999999998,-0.7057914773459391
2021-10-12 03:30:00,0.0,1.1712107463037767e-05,1.4388710272662717,87.64952151873732,0.13499999999999998,-0.7258394661203771
2021-10-12 04:00:00,0.0,1.1495604329439677e-05,2.77973127610093,169.32866927191813,0.13433333333333333,-0.7095547706307754
2021-10-12 04:30:00,0.0,1.1305222186743002e-05,1.2108797066378008,73.76132043272541,0.13433333333333333,-0.6932700751411738
2021-10-12 05:00:00,0.0,1.1305222186743002e-05,2.4792361872962063,151.02386623303502,0.13333333333333333,-0.6769853796515721
2021-10-12 05:30:00,0.0,1.1210257356315786e-05,0.5355840480384052,32.62536019842133,0.13333333333333333,-0.6607006841619705
2021-10-12 06:00:00,0.0,1.0974584049915804e-05,0.3693121038632744,22.496824650222077,0.13266666666666665,
2021-10-12 06:30:00,0.0,1.111593866372103e-05,1.233788431215651,75.15681642215264,0.13266666666666665,
2021-10-12 07:00:00,0.0,1.0811158483297309e-05,1.6644643130809766,101.39164515928756,0.13233333333333333,-0.6118465976931655
2021-10-12 07:30:00,0.0,1.055644382267667e-05,1.1420058441235414,69.5658359312469,0.13233333333333333,-0.5955619022035639
2021-10-12 08:00:00,0.0,1.111593866372103e-05,2.522418249835783,153.6543223670897,0.13133333333333333,-0.5792772067139622
2021-10-12 08:30:00,0.0,1.111593866372103e-05,1.5067981517682534,91.78733501829332,0.13133333333333333,-0.5629925112243606
2021-10-12 09:00:00,0.0,1.1210257356315786e-05,1.0498271377364323,63.95072564273378,0.13066666666666665,-0.3174340914518349
2021-10-12 09:30:00,0.0,1.1640081878125782e-05,1.187946407801625,72.36432749051849,0.13066666666666665,-0.451738908297102
2021-10-12 10:00:00,0.0,1.2921458373120283e-05,1.3934664814682771,84.88368174675244,0.12966666666666668,-0.5860437251423692
2021-10-12 10:30:00,0.0,0.0133857252987886,1.865495498489162,113.63755662561891,0.12966666666666668,-0.7203485419876364
2021-10-12 11:00:00,0.0,0.1024188950691039,1.9984831124688756,121.73856117179174,0.12933333333333336,-0.8546533588329035
2021-10-12 11:30:00,0.0,0.1409997482119582,-0.0400284718970967,-2.4383536414466187,0.12933333333333336,-0.9889581756781708
2021-10-12 12:00:00,0.0,0.1228189797170765,0.2976504540772573,18.131520744616807,0.12933333333333336,-1.123262992523438
2021-10-12 12:30:00,0.0,0.1940379601708729,1.909915738102027,116.34343691234096,0.12933333333333336,-1.257567809368705
2021-10-12 13:00:00,0.0,0.1794599256875718,4.083368660388058,248.74036830640011,0.13000000000000003,-1.3918726262139722
2021-10-12 13:30:00,0.0,0.1530577002300203,5.391116437438063,328.40245389540513,0.13000000000000003,-1.4137440170138953
2021-10-12 14:00:00,0.0,0.2033616489734165,6.538002894604892,398.26559472045824,0.13233333333333333,-1.4494669971634366
2021-10-12 14:30:00,0.0,0.222582798086133,5.785995661537808,352.45671198675797,0.13233333333333333,-1.5082463141909428
2021-10-12 15:00:00,0.0,0.1996321980836048,5.447945938680961,331.8642503300391,0.13399999999999998,-1.574282416858978
2021-10-12 15:30:00,0.0,0.1610707633490913,5.277031713155288,321.4529279778665,0.13399999999999998,-1.6088913588375808
2021-10-12 16:00:00,0.0,0.1865901792632384,4.678303620836985,284.9811179149246,0.13399999999999998,-1.5663330160970157
2021-10-12 16:30:00,0.0,0.0725117974918979,4.002837394359021,243.83476745616005,0.13399999999999998,-1.4242451161724714
2021-10-12 17:00:00,0.0,0.0857007167451861,3.657295512676208,222.7859173366851,0.13299999999999998,-1.2046479559118837
2021-10-12 17:30:00,0.0,0.0813880915992382,3.327090612748809,202.67132684641237,0.13299999999999998,-0.9633063214109546
2021-10-12 18:00:00,0.0,0.0612766000528091,3.0761558262796864,187.38551349021992,0.13099999999999998,-0.7550434938108912
2021-10-12 18:30:00,0.0,0.0395982420745472,2.77973127610093,169.32866927191813,0.13099999999999998,-0.6053252991655876
2021-10-12 19:00:00,0.0,0.038185255147704,2.60852662263434,158.89965536186816,0.12966666666666668,-0.5094987716473516
2021-10-12 19:30:00,0.0,0.0334581008012162,2.34917373639733,143.1010494045528,0.12966666666666668,-0.451700544126237
2021-10-12 20:00:00,0.0,1.6308217681522754e-05,2.1964439995608407,133.79744393767885,0.12966666666666668,-0.4206732285435223
2021-10-12 20:30:00,0.0,1.6476819770768957e-05,2.4792361872962063,151.02386623303502,0.12966666666666668,-0.4115701997477798
2021-10-12 21:00:00,0.0,1.6561626103866397e-05,2.283849627562409,139.12179985784604,0.12900000000000003,-0.4208028213225847
2021-10-12 21:30:00,0.0,1.6392350536890145e-05,1.9763752717911849,120.39185141081089,0.12900000000000003,-0.4436573781979263
2021-10-12 22:00:00,0.0,1.6364599066933522e-05,1.5970346615371087,97.2841354645347,0.12866666666666668,-0.4754267218443086
2021-10-12 22:30:00,0.0,1.6505715774290704e-05,2.2183284338743485,135.1305447924035,0.12866666666666668,-0.511647646213267
2021-10-12 23:00:00,0.0,0.030470889756822,2.2183284338743485,135.1305447924035,0.12800000000000003,-0.5467078157347589
2021-10-12 23:30:00,0.0,0.0469724321844442,2.1526087656178627,131.1271995530493,0.12800000000000003,-0.574226370288672
2021-10-13 00:00:00,0.0,0.0570485462370617,1.7780350354470909,108.30986040255353,0.12766666666666668,-0.5899143527759348
2021-10-13 00:30:00,0.0,0.0480632333032741,1.800010257385767,109.64849162918436,0.12766666666666668,-0.5934178524081676
2021-10-13 01:00:00,0.0,0.0475684702983762,1.8219631048022735,110.98575990102272,0.12733333333333335,-0.5872407603896947
2021-10-13 01:30:00,0.0,0.0293919494473587,1.756037386096243,106.96986299931024,0.12733333333333335,-0.5745500503910503
2021-10-13 02:00:00,0.0,0.0289819918928654,1.734017256259575,105.6284961864477,0.12733333333333335,-0.5580958333487399
2021-10-13 02:30:00,0.0,0.0245582470586848,1.7780350354470909,108.30986040255353,0.12733333333333335,-0.5403260560063607
2021-10-13 03:00:00,0.0,0.0229720151107413,1.4902967505780935,90.78214421849374,0.12733333333333335,-0.5235094230680741
2021-10-13 03:30:00,0.0,0.0425608363349958,2.1269828321034145,129.5661834727688,0.12733333333333335,-0.5095165167247325
2021-10-13 04:00:00,0.0,0.0370481626059202,1.0171758742166164,61.961758202106815,0.12700000000000003,-0.5001152023021523
2021-10-13 04:30:00,0.0,0.0285065154953113,1.445685356224779,88.06461964870606,0.12700000000000003,-0.4976015227177009
2021-10-13 05:00:00,0.0,0.0345547973192416,1.6014213915627715,97.55135523649145,0.12666666666666668,-0.5039138693791604
2021-10-13 05:30:00,0.0,0.0208331044623438,1.4902967505780935,90.78214421849374,0.12666666666666668,-0.5179107404274779
2021-10-13 06:00:00,0.0,0.0354112106162327,1.667821450325912,101.59614679120268,0.12633333333333335,-0.533811828995987
2021-10-13 06:30:00,0.0,0.0241150686159151,1.865801886715464,113.65622041196627,0.12633333333333335,-0.5436207908738054
2021-10-13 07:00:00,0.0,0.0380873982259886,1.756037386096243,106.96986299931024,0.12600000000000003,-0.5422008417288906
2021-10-13 07:30:00,0.0,0.0204678417499829,1.579242396661024,96.2003110816876,0.12600000000000003,-0.5303844966589417
2021-10-13 08:00:00,0.0,0.0180986855396269,1.5570404899722607,94.84787124434445,0.12600000000000003,-0.5134516925663916
2021-10-13 08:30:00,0.0,0.0174616750930827,1.579242396661024,96.2003110816876,0.12600000000000003,-0.4973671409634611
2021-10-13 09:00:00,0.0,0.0136473597230722,1.2888103619510076,78.50850382887853,0.12566666666666668,-0.4867704601086732
2021-10-13 09:30:00,0.0,0.0005399640266851,1.445685356224779,88.06461964870606,0.12566666666666668,-0.4849962813529647
2021-10-13 10:00:00,0.0,0.0019108962389242,1.445685356224779,88.06461964870606,0.12533333333333335,-0.4935792854947841
2021-10-13 10:30:00,0.0,0.00299508469984,1.6235775292506271,98.90100703310408,0.12533333333333335,-0.511062870792297
2021-10-13 11:00:00,0.0,0.0043874001905757,1.9532132632426975,118.98092650634264,0.12566666666666668,-0.5337451123127877
2021-10-13 11:30:00,0.0,0.0055704147323167,1.975010954669485,120.30874337635136,0.12566666666666668,-0.5585963363924148
2021-10-13 12:00:00,0.0,0.0084627503396859,2.1269828321034145,129.5661834727688,0.12600000000000003,-0.5849766327778139
2021-10-13 12:30:00,0.0,0.0126288581616505,2.1269828321034145,129.5661834727688,0.12600000000000003,-0.6129127607659856
2021-10-13 13:00:00,0.0,0.0380955909338872,2.3422534565017874,142.67949722223352,0.12566666666666668,-0.6401381803067385
2021-10-13 13:30:00,0.0,0.0157909969159477,2.640096419531719,160.82274474240575,0.12566666666666668,-0.6615861742019312
2021-10-13 14:00:00,0.0,0.0481235821177187,2.6823152713831915,163.39452643355744,0.12533333333333335,-0.6719798348210638
2021-10-13 14:30:00,0.0,0.0466632034575512,2.8712978222104932,174.90648952233687,0.12533333333333335,-0.6689391085447216
2021-10-13 15:00:00,0.0,0.0417025017266373,2.7665090869212796,168.52323325085345,0.12500000000000003,-0.654173644964092
2021-10-13 15:30:00,0.0,0.0061434876837528,2.7665090869212796,168.52323325085345,0.12500000000000003,-0.6323332331850445
2021-10-13 16:00:00,0.0,0.0055824196587629,2.7454910046685255,167.24290664910416,0.12500000000000003,-0.6083056059127744
2021-10-13 16:30:00,0.0,0.0055527894899055,2.6189563466412986,159.53498702221805,0.12500000000000003,-0.5844968760580238
2021-10-13 17:00:00,0.0,0.0028959557824535,2.491683923285529,151.7821260650705,0.12466666666666669,-0.5603269674968253
2021-10-13 17:30:00,0.0,3.143339565017438e-05,2.4703994175691637,150.48557014973832,0.12466666666666669,-0.5344054466850893
2021-10-13 18:00:00,0.0,2.034561927560562e-05,2.363663609396549,143.98370699594355,0.12433333333333335,-0.5067446086152684
2021-10-13 18:30:00,0.0,1.9786526883859147e-05,2.061982653081581,125.6066662666157,0.12433333333333335,-0.478862927145489
2021-10-13 19:00:00,0.0,1.941802761227712e-05,1.8876879260812969,114.98941903922623,0.12400000000000001,-0.4529024311478128
2021-10-13 19:30:00,0.0,1.8541318940128655e-05,1.8219631048022735,110.98575990102272,0.12400000000000001,-0.4312745153724151
2021-10-13 20:00:00,0.0,1.794792707733554e-05,2.0836710659160502,126.92782637854998,0.12366666666666669,-0.4160573942192205
2021-10-13 20:30:00,0.0,1.7364006490877123e-05,1.909551800664886,116.3212674881023,0.12366666666666669,-0.4072800256005591
2021-10-13 21:00:00,0.0,0.0124311639737875,1.7780350354470909,108.30986040255353,0.12366666666666669,-0.4017038781057753
2021-10-13 21:30:00,0.0,0.0131526233637067,1.667821450325912,101.59614679120268,0.12366666666666669,-0.3940004719591703
2021-10-13 22:00:00,0.0,1.713293228490567e-05,1.512567721983885,92.13879116633298,0.12333333333333335,-0.3800385475803984
2021-10-13 22:30:00,0.0,1.6590637282136346e-05,1.579242396661024,96.2003110816876,0.12333333333333335,-0.3599036891967413
2021-10-13 23:00:00,0.0,1.591679267182014e-05,0.1096003203366454,6.6763562916814365,0.12333333333333335,-0.3384741866660279
2021-10-13 23:30:00,0.0,1.5861615275447117e-05,0.9715654480266014,59.18337712689965,0.12333333333333335,-0.3230336114841489
2021-10-14 00:00:00,0.0,1.591679267182014e-05,0.5720326810343219,34.84564622932003,0.12366666666666669,-0.3189424759415633
2021-10-14 00:30:00,0.0,1.6476819770768957e-05,1.0925749856042752,66.55473138096234,0.12366666666666669,-0.3253743152094472
2021-10-14 01:00:00,0.0,0.0155124662062973,0.9129577770733308,55.61326262807519,0.12300000000000001,-0.3342954595128006
2021-10-14 01:30:00,0.0,0.0183032472648453,1.1372439463796622,69.27576263707184,0.12300000000000001,-0.3355528742540492
2021-10-14 02:00:00,0.0,1.653365262325119e-05,0.7999228420512149,48.727685128878946,0.12300000000000001,-0.3251136006695976
2021-10-14 02:30:00,0.0,1.591679267182014e-05,0.7090601677119506,43.1927415662996,0.12300000000000001,-0.3080843689645974
2021-10-14 03:00:00,0.0,1.6364599066933522e-05,0.7772435778470961,47.346166828614926,0.12300000000000001,-0.2937389564860588
2021-10-14 03:30:00,0.0,1.6788756272397153e-05,0.8678158454886118,52.86342012735466,0.12300000000000001,-0.2887884015622269
2021-10-14 04:00:00,0.0,0.0156666507292685,0.6178069491682385,37.63400781543856,0.12300000000000001,-0.2928969260246586
2021-10-14 04:30:00,0.0,0.0142651168094035,0.7318123001633932,44.57869867093928,0.12300000000000001,-0.2962988755118159
2021-10-14 05:00:00,0.0,0.0201918846621486,0.5949321706133937,36.24057966434952,0.12300000000000001,-0.2841189396437402
2021-10-14 05:30:00,0.0,0.0210523342101331,0.5031853339180111,30.651776926076113,0.12300000000000001,-0.249529189099176
2021-10-14 06:00:00,0.0,0.0132224377137903,0.5491084193183824,33.449203787644144,0.12266666666666669,-0.2031903151811487
2021-10-14 06:30:00,0.0,1.4822986257214796e-05,-0.0794400359554437,-4.8391280448219165,0.12266666666666669,-0.1662672171032282
2021-10-14 07:00:00,0.0,1.4769886004936548e-05,0.0383807636355236,2.3379826992338657,0.12266666666666669,-0.1546173176469349
2021-10-14 07:30:00,0.0,1.5805622974320176e-05,0.5949321706133937,36.24057966434952,0.12266666666666669,-0.1707650065319175
2021-10-14 08:00:00,0.0,1.681807486633895e-05,0.2022295944763162,12.318913131814162,0.12233333333333335,-0.2081337416285199
2021-10-14 08:30:00,0.0,0.0213734159233173,0.1321646588688737,8.050873839299435,0.12233333333333335,-0.2599734989480557
2021-10-14 09:00:00,0.0,0.0227773562966846,-0.0322324574436302,-1.9634556668187328,0.12233333333333335,-0.3251853497047511
2021-10-14 09:30:00,0.0,0.0248364604903952,0.0853249278976243,5.197609071367837,0.12233333333333335,-0.4073805270862722
2021-10-14 10:00:00,0.0,0.042714696103114,0.7772435778470961,47.346166828614926,0.12200000000000001,-0.5078241656902521
2021-10-14 10:30:00,0.0,0.0427028007867445,3.5817431070116164,218.1836061631309,0.12200000000000001,-0.6184148271453521
2021-10-14 11:00:00,0.0,0.1062885632423896,3.918143756379214,238.6756137141357,0.12233333333333335,-0.7233369623261285
2021-10-14 11:30:00,0.0,0.1117926455133287,3.461785343589792,210.87632123825685,0.12233333333333335,-0.8097844009146244
2021-10-14 12:00:00,0.0,0.1240327183583358,3.681214301084392,224.24294185073649,0.12200000000000001,-0.875746695316381
2021-10-14 12:30:00,0.0,0.1343068778443275,3.4216544968314624,208.4317313828393,0.12200000000000001,-0.9260847453874882
2021-10-14 13:00:00,0.0,0.1774305408040283,3.5218454563383736,214.53491192847056,0.12266666666666669,-0.9639026252382288
2021-10-14 13:30:00,0.0,0.1084246188805198,3.501843521423631,213.3164844311451,0.12266666666666669,-0.9889214015903884
2021-10-14 14:00:00,0.0,0.1984172340347939,3.280619748560553,199.84053177619575,0.12266666666666669,-1.002168556857935
2021-10-14 14:30:00,0.0,0.1870715079348517,3.3008228169472495,201.07121141582172,0.12266666666666669,-1.0068201507868313
2021-10-14 15:00:00,0.0,0.0827601209561147,2.8107548223646237,171.2184835320561,0.12200000000000001,-1.0004017672436532
2021-10-14 15:30:00,0.0,0.1427234358673958,3.401561725302131,207.2077705293935,0.12200000000000001,-0.968365808725514
2021-10-14 16:00:00,0.0,0.0427366011011987,2.9343007212683863,178.74434145769015,0.12133333333333335,-0.8933482568881963
2021-10-14 16:30:00,0.0,0.0371578514425142,2.6657311411178743,162.3842961523062,0.12133333333333335,-0.7754470478749034
2021-10-14 17:00:00,0.0,0.0368514442642678,2.6241184410868965,159.84943849119423,0.12066666666666669,-0.639978297882298
2021-10-14 17:30:00,0.0,0.0574310932221996,2.2247832109747105,135.52374064779002,0.12066666666666669,-0.5213887835567379
2021-10-14 18:00:00,0.0,0.0356473213495959,1.9472594458814805,118.61824685470482,0.12000000000000001,-0.4407164711852172
2021-10-14 18:30:00,0.0,0.0359498958649486,1.7530189267560925,106.78599209505651,0.12000000000000001,-0.3986747896026533
2021-10-14 19:00:00,0.0,0.0291670363207424,1.600723219791622,97.50882576684506,0.12000000000000001,-0.3848228596750073
2021-10-14 19:30:00,0.0,0.0328032954889438,1.5351220516319746,93.51269901795386,0.12000000000000001,-0.3880765551705332
2021-10-14 20:00:00,0.0,0.0509389692150152,1.7530189267560925,106.78599209505651,0.11966666666666669,-0.4002119796812756
2021-10-14 20:30:00,0.0,0.047158913573774,1.7313282485937072,105.46469398958136,0.11966666666666669,-0.415292054696419
2021-10-14 21:00:00,0.0,0.0493679033854867,1.3149919126256957,80.10336559603421,0.11933333333333335,-0.4292627954771686
2021-10-14 21:30:00,0.0,0.0337314052346012,1.5132104032441611,92.17794040478788,0.11933333333333335,-0.4403532424333502
2021-10-14 22:00:00,0.0,0.0316361862284729,1.5132104032441611,92.17794040478788,0.11900000000000001,-0.4490686354331029
2021-10-14 22:30:00,0.0,0.0332169464508397,1.2263026166719468,74.70081442440565,0.11900000000000001,-0.4571686268372432
2021-10-14 23:00:00,0.0,0.0525372559652124,1.2706932159443742,77.40488915551653,0.11900000000000001,-0.4658742244954749
2021-10-14 23:30:00,0.0,0.0522700683236116,1.292854024715374,78.75482549340829,0.11900000000000001,-0.4748777314931456
2021-10-15 00:00:00,0.0,0.0535284997221959,0.8509816349217072,51.83795608410528,0.11933333333333335,-0.4832615638925687
2021-10-15 00:30:00,0.0,0.0548057063075143,1.0063142909594869,61.300119627569615,0.11933333333333335,-0.4911546022958376
2021-10-15 01:00:00,0.0,0.0339059197595927,0.8286984283557657,50.48056382559362,0.11900000000000001,-0.4997572174325612
2021-10-15 01:30:00,0.0,0.0348150332559174,0.9398818384856892,57.2533547943744,0.11900000000000001,-0.509505896992773
2021-10-15 02:00:00,0.0,0.0518540758424569,0.895478149783435,54.54848271434237,0.11900000000000001,-0.5188761191732582
2021-10-15 02:30:00,0.0,0.0519962433921351,0.9398818384856892,57.2533547943744,0.11900000000000001,-0.5254625042900536
2021-10-15 03:00:00,0.0,0.052161391543856,0.8286984283557657,50.48056382559362,0.11900000000000001,-0.5278476975650451
2021-10-15 03:30:00,0.0,0.0528596480194565,0.8509816349217072,51.83795608410528,0.11900000000000001,-0.5263441175686266
2021-10-15 04:00:00,0.0,0.033192103823743,0.7617083386412836,46.39983025135017,0.11900000000000001,-0.5226868112101279
2021-10-15 04:30:00,0.0,0.0622094976382973,0.8732415234386695,53.19392791243449,0.11900000000000001,-0.5194056265974663
2021-10-15 05:00:00,0.0,0.0626050069976831,0.895478149783435,54.54848271434237,0.11866666666666668,-0.5188779719134852
2021-10-15 05:30:00,0.0,0.0619935430239986,0.895478149783435,54.54848271434237,0.11866666666666668,-0.5222025946270084
2021-10-15 06:00:00,0.0,0.0529830582323377,0.9176915696370452,55.90162388166636,0.11866666666666668,-0.5286841751295663
2021-10-15 06:30:00,0.0,0.0647451584032872,0.8286984283557657,50.48056382559362,0.11866666666666668,-0.5362662667007358
2021-10-15 07:00:00,0.0,0.0673192878098486,0.8286984283557657,50.48056382559362,0.11866666666666668,-0.542557318200083
2021-10-15 07:30:00,0.0,0.0689139960231059,0.8732415234386695,53.19392791243449,0.11866666666666668,-0.5460804174498394
2021-10-15 08:00:00,0.0,0.0804241920753796,0.8509816349217072,51.83795608410528,0.11833333333333335,-0.5472370367227781
2021-10-15 08:30:00,0.0,0.0698946561011807,0.9176915696370452,55.90162388166636,0.11833333333333335,-0.5483618615178267
2021-10-15 09:00:00,0.0,0.0681882656725512,0.7617083386412836,46.39983025135017,0.11866666666666668,-0.5529387357219321
2021-10-15 09:30:00,0.0,0.119014722219276,1.0504878461424851,63.990973013454656,0.11866666666666668,-0.5644846873983839
2021-10-15 10:00:00,0.0,0.1191819200633613,1.5520293749678664,94.54261676073378,0.11800000000000001,-0.5851528301441491
2021-10-15 10:30:00,0.0,0.1519567472791978,1.9788302007123264,120.54139458822084,0.11800000000000001,-0.6139737381322791
2021-10-15 11:00:00,0.0,0.1614558526511567,2.376631202448205,144.7736341712699,0.11833333333333335,-0.6459172422537957
2021-10-15 11:30:00,0.0,0.2054169871583732,2.82833480088269,172.28937638917736,0.11833333333333335,-0.6735252776565309
2021-10-15 12:00:00,0.0,0.2207198980435643,3.231041243822427,196.82043328538987,0.11800000000000001,-0.6906410949140397
2021-10-15 12:30:00,0.0,0.2243345760514675,3.211080111301686,195.60449128554356,0.11800000000000001,-0.6951981192681415
2021-10-15 13:00:00,0.0,0.2528081344400643,3.665683402174202,223.29686966466963,0.11733333333333335,-0.6893234662851389
2021-10-15 13:30:00,0.0,0.1796769597390397,3.508617884074514,213.72914799423904,0.11733333333333335,-0.6780382551669111
2021-10-15 14:00:00,0.0,0.1048389179187554,3.508617884074514,213.72914799423904,0.117,-0.667615689581366
2021-10-15 14:30:00,0.0,0.1701568660212785,3.3702655731004656,205.3013503472698,0.117,-0.6631753702135775
2021-10-15 15:00:00,0.0,0.1388539844440346,2.9499240330190784,179.69604301643787,0.117,-0.6661526994382515
2021-10-15 15:30:00,0.0,0.1397822177469855,2.82833480088269,172.28937638917736,0.117,-0.6735283578921903
2021-10-15 16:00:00,0.0,0.1007722865090014,2.7672861733012852,168.57056984189987,0.11633333333333334,-0.679530761119597
2021-10-15 16:30:00,0.0,0.1073886744772418,2.624173133270395,159.85277009188923,0.11633333333333334,-0.6788605288358164
2021-10-15 17:00:00,0.0,0.0643005220755199,2.4594581158938835,149.81907548937082,0.11633333333333334,-0.6695123431616513
2021-10-15 17:30:00,0.0,0.0755594623441753,2.438780920325237,148.55951416413896,0.11633333333333334,-0.6531878391140751
2021-10-15 18:00:00,0.0,0.061909186470081,2.3350991762685966,142.24369079666283,0.11633333333333334,-0.6334182251475758
2021-10-15 18:30:00,0.0,0.0630037077658005,1.957689537334562,119.25360089821224,0.11633333333333334,-0.6138561710682632
2021-10-15 19:00:00,0.0,0.0725526531116048,1.745136551803154,106.30583342901612,0.116,-0.5979205998067909
2021-10-15 19:30:00,0.0,0.0598720572074228,1.6809598647084945,102.39647963016192,0.116,-0.5883285890440242
2021-10-15 20:00:00,0.0,0.0598471006694176,1.5088800938666218,91.91415752378111,0.11533333333333334,-0.5858276653531745
2021-10-15 20:30:00,0.0,0.0593805686708735,1.3571706562398864,82.67270407459763,0.11533333333333334,-0.5887363617151278
2021-10-15 21:00:00,0.0,0.0594228907312385,1.2918221384026582,78.69196764176114,0.116,-0.5942748213519067
2021-10-15 21:30:00,0.0,0.0603019571685813,1.3789092646894805,83.99692187659907,0.116,-0.6002839311585201
2021-10-15 22:00:00,0.0,0.0589541849563731,1.269994895137783,77.36235060730448,0.11566666666666668,-0.6056366276884733
2021-10-15 22:30:00,0.0,0.0608163651465239,1.1385615227998995,69.3560234391936,0.11566666666666668,-0.6096154988118802
2021-10-15 23:00:00,0.0,0.0374339589862266,1.1385615227998995,69.3560234391936,0.11566666666666668,-0.6116442216312326
2021-10-15 23:30:00,0.0,0.0606439021262726,1.072540363370469,65.33431271985546,0.11566666666666668,-0.6117570866251103
2021-10-16 00:00:00,0.0,0.0361239588438666,0.6311372167667594,38.44602748543422,0.11566666666666668,-0.6108195775512417
2021-10-16 00:30:00,0.0,0.0580186642976834,0.8516246658558216,51.87712662311041,0.11566666666666668,-0.6098930664441136
2021-10-16 01:00:00,0.0,0.0596317209818428,0.7857183753541147,47.862413199820026,0.11533333333333334,-0.6095137893944775
2021-10-16 01:30:00,0.0,0.0731964329299549,0.9391833152862328,57.21080391730349,0.11533333333333334,-0.6097150136553712
2021-10-16 02:00:00,0.0,0.0734313958538102,0.7416670418262215,45.17900500491192,0.11566666666666668,-0.6103827506908274
2021-10-16 02:30:00,0.0,0.0730644992939359,0.8516246658558216,51.87712662311041,0.11566666666666668,-0.611296792057669
2021-10-16 03:00:00,0.0,0.0744161659461489,0.675418247330996,41.143427785922505,0.11533333333333334,-0.6120363959196531
2021-10-16 03:30:00,0.0,0.0748685626662202,0.7637041252643706,46.521404554572754,0.11533333333333334,-0.612069022543867
2021-10-16 04:00:00,0.0,0.0772066251891804,0.6311372167667594,38.44602748543422,0.11466666666666668,-0.610782784325048
2021-10-16 04:30:00,0.0,0.0629289104410374,0.7637041252643706,46.521404554572754,0.11466666666666668,-0.607471777735071
2021-10-16 05:00:00,0.0,0.0622385950384038,0.6089619859842027,37.09521262376352,0.11533333333333334,-0.6016989954718376
2021-10-16 05:30:00,0.0,0.040081463969422,0.7637041252643706,46.521404554572754,0.11533333333333334,-0.593957950117361
2021-10-16 06:00:00,0.0,0.0726444638885767,0.6975241574581339,42.4900199464868,0.11533333333333334,-0.585836007860554
2021-10-16 06:30:00,0.0,0.073545028934539,0.8735481219406052,53.21260450782336,0.11533333333333334,-0.5793486145663813
2021-10-16 07:00:00,0.0,0.0590527507210894,0.9173273935507495,55.879439919999534,0.11533333333333334,-0.5761278650941573
2021-10-16 07:30:00,0.0,0.0717674924745708,0.7857183753541147,47.862413199820026,0.11533333333333334,-0.5772580981239736
2021-10-16 08:00:00,0.0,0.0580265009559314,0.7416670418262215,45.17900500491192,0.115,-0.5838057101453727
2021-10-16 08:30:00,0.0,0.0378211910923954,0.7416670418262215,45.17900500491192,0.115,-0.5973640584845986
2021-10-16 09:00:00,0.0,0.0488977787652814,1.2858662848019435,78.3291639516138,0.115,-0.6197774406455658
2021-10-16 09:30:00,0.0,0.1341333778959296,1.9420149304314864,118.29877467055572,0.115,-0.6518657266605917
2021-10-16 10:00:00,0.0,0.1430836991017054,2.6394709210509286,160.78464220123766,0.115,-0.6919506283025039
2021-10-16 10:30:00,0.0,0.1941730308628206,3.549008282514865,216.1895485653548,0.115,-0.7355401593665228
2021-10-16 11:00:00,0.0,0.2257156172276534,4.06594327541887,247.67889258975376,0.11466666666666668,-0.7769675261560491
2021-10-16 11:30:00,0.0,0.2068749964205435,4.273159198535741,260.30155033188936,0.11466666666666668,-0.8120491514089135
2021-10-16 12:00:00,0.0,0.1673871578037702,4.028060504444431,245.3712453532798,0.11433333333333334,-0.8396492412325943
2021-10-16 12:30:00,0.0,0.2542787072002766,4.310629733740641,262.58408602794844,0.11433333333333334,-0.8615922187105309
2021-10-16 13:00:00,0.0,0.2164570808872039,4.160370232428755,253.43095614760537,0.11466666666666668,-0.8824342431079095
2021-10-16 13:30:00,0.0,0.1764662898621889,4.1226472841018325,251.1330445846679,0.11466666666666668,-0.9092128019871089
2021-10-16 14:00:00,0.0,0.196278135871788,3.933071343464433,239.58493486985768,0.114,-0.947952614545187
2021-10-16 14:30:00,0.0,0.2278452656053221,3.510233910255661,213.827589007266,0.114,-0.9961866954978712
2021-10-16 15:00:00,0.0,0.2181482765825803,4.028060504444431,245.3712453532798,0.11333333333333334,-1.0388140267334298
2021-10-16 15:30:00,0.0,0.2584349973135835,4.459889567825193,271.6763206977456,0.11333333333333334,-1.0560486681858732
2021-10-16 16:00:00,0.0,0.2779807349792917,4.608165432815604,280.7086164163399,0.11366666666666668,-1.0391307480856686
2021-10-16 16:30:00,0.0,0.3241864847579551,4.1226472841018325,251.1330445846679,0.11366666666666668,-0.997129371687854
2021-10-16 17:00:00,0.0,0.2792613971322727,3.393501493884139,206.71677765113708,0.11333333333333334,-0.947365572020148
2021-10-16 17:30:00,0.0,0.1367373834254767,2.8003820188737087,170.58661921235128,0.11333333333333334,-0.9016005180200092
2021-10-16 18:00:00,0.0,0.1318530878543888,2.477365223776228,150.90989558924724,0.113,-0.8619610969139152
2021-10-16 18:30:00,0.0,0.1189625415970888,2.087453090229937,127.15821021087594,0.113,-0.8261747304866551
2021-10-16 19:00:00,0.0,0.1051829732303289,1.690390637267927,102.97095968203756,0.11266666666666668,-0.7932458744709109
2021-10-16 19:30:00,0.0,0.1083670357660115,1.371665542463956,83.55566704899432,0.11266666666666668,-0.7647036196869477
2021-10-16 20:00:00,0.0,0.1230520803101123,1.1132284894052396,67.81284951075698,0.113,-0.7429229389347973
2021-10-16 20:30:00,0.0,0.1104570711217762,0.9173273935507495,55.879439919999534,0.113,-0.7295017759509034
2021-10-16 21:00:00,0.0,0.0494249260893173,1.1565188554763437,70.44990300658853,0.11233333333333334,-0.7245337551397032
2021-10-16 21:30:00,0.0,0.0894880821474486,0.8954490134400015,54.54670785995142,0.11233333333333334,-0.7263442488354431
2021-10-16 22:00:00,0.0,0.1120839325122722,0.675418247330996,41.143427785922505,0.11266666666666668,-0.7318571310424199
2021-10-16 22:30:00,0.0,0.1254146867107927,0.8516246658558216,51.87712662311041,0.11266666666666668,-0.7378749240404784
2021-10-16 23:00:00,0.0,0.1318745867730379,0.8954490134400015,54.54670785995142,0.11233333333333334,-0.7423778929134229
2021-10-16 23:30:00,0.0,0.1319943402938975,0.8954490134400015,54.54670785995142,0.11233333333333334,-0.7449188282617253
2021-10-17 00:00:00,0.0,0.153943279231923,0.4547393528222032,27.7006666583123,0.11233333333333334,-0.7460183707957373
2021-10-17 00:30:00,0.0,0.1395845082048146,0.4547393528222032,27.7006666583123,0.11233333333333334,-0.7460197481942408
2021-10-17 01:00:00,0.0,0.1601851910834292,0.6082632070344569,37.05264616754059,0.11233333333333334,-0.7444100987083359
2021-10-17 01:30:00,0.0,0.1466730099149148,0.4547393528222032,27.7006666583123,0.11233333333333334,-0.7404544994190064
2021-10-17 02:00:00,0.0,0.1279504891218742,0.4987169999469173,30.37958621048683,0.11233333333333334,-0.7342645015723787
2021-10-17 02:30:00,0.0,0.1466730099149148,0.2779083852374004,16.928923114382354,0.11233333333333334,-0.726788298951969
2021-10-17 03:00:00,0.0,0.1496603459414001,0.4547393528222032,27.7006666583123,0.11266666666666668,-0.7188857282636066
2021-10-17 03:30:00,0.0,0.1479607513799267,0.586399226378309,35.72079125720354,0.11266666666666668,-0.7107759118563123
2021-10-17 04:00:00,0.0,0.1307918330563375,0.4327162065710541,26.35911609910907,0.11233333333333334,-0.7022079761739832
2021-10-17 04:30:00,0.0,0.1563752612971232,0.4987169999469173,30.37958621048683,0.11233333333333334,-0.6928631774096865
2021-10-17 05:00:00,0.0,0.1337666573807444,0.3222550633695403,19.630322368082258,0.112,-0.6827220670937472
2021-10-17 05:30:00,0.0,0.1224312425803897,0.4106701059454919,25.01616726313472,0.112,-0.6722982681489617
2021-10-17 06:00:00,0.0,0.1007897008692268,0.8256728922624038,50.29626183751018,0.112,-0.6629532872501191
2021-10-17 06:30:00,0.0,0.1265514016263552,0.2779083852374004,16.928923114382354,0.112,-0.6576010026587851
2021-10-17 07:00:00,0.0,0.0506950158461007,0.0098518323218268,0.6001291100645384,0.112,-0.6603847408642324
2021-10-17 07:30:00,0.0,0.0884119214038219,0.3222550633695403,19.630322368082258,0.112,-0.6735936159234096
2021-10-17 08:00:00,0.0,0.1481644419803812,0.4767395991825614,29.040822259640493,0.112,-0.6945973043504595
2021-10-17 08:30:00,0.0,0.1498269513808582,0.5426034809276955,33.05295233310216,0.112,-0.7181106528764352
2021-10-17 09:00:00,0.0,0.1242130988964569,0.9980139551541422,60.794500674934554,0.112,-0.7427817705951586
2021-10-17 09:30:00,0.0,0.1091146337928935,1.5277849190957034,93.06575405628791,0.112,-0.7746291008371032
2021-10-17 10:00:00,0.0,0.0864075536681082,2.2279388960510027,135.7159707238423,0.112,-0.8228788507327347
2021-10-17 10:30:00,0.0,0.0760621772815446,3.9046581605681183,237.85413215127224,0.112,-0.8916595300522449
2021-10-17 11:00:00,0.0,0.2415213267927786,4.788193854497139,291.6751344163162,0.11166666666666668,-0.97503765318237
2021-10-17 11:30:00,0.0,0.3397898591902462,5.18186420070704,315.65575312887034,0.11166666666666668,-1.060286298028447
2021-10-17 12:00:00,0.0,0.2911297711350111,5.039499845458891,306.98355987293183,0.11166666666666668,-1.1369161451293983
2021-10-17 12:30:00,0.0,0.3852065798200533,4.770136281366165,290.5751486533625,0.11166666666666668,-1.2031946742773656
2021-10-17 13:00:00,0.0,0.3180395778381583,4.950067110739879,301.53572177091206,0.11166666666666668,-1.2641916770834238
2021-10-17 13:30:00,0.0,0.3986162199548112,4.752064276678415,289.4742837851782,0.11166666666666668,-1.3229141843768486
2021-10-17 14:00:00,0.0,0.3997789302545219,4.770136281366165,290.5751486533625,0.11133333333333334,-1.371738611787748
2021-10-17 14:30:00,0.0,0.5432966886082147,5.021641457702007,305.8957075829592,0.11133333333333334,-1.392620630786077
2021-10-17 15:00:00,0.0,0.4692495495984091,4.91419508619192,299.35056012128825,0.111,-1.3693068140671345
2021-10-17 15:30:00,0.0,0.2095665270130047,4.460926733699859,271.73950015645136,0.111,-1.3023720343796337
2021-10-17 16:00:00,0.0,0.2007735529067532,3.31487355561418,201.92711892789464,0.10933333333333334,-1.2112850611334751
2021-10-17 16:30:00,0.0,0.1735543065456018,2.768273340855146,168.6307036288169,0.10933333333333334,-1.1205622062023723
2021-10-17 17:00:00,0.0,0.167351614920671,2.288642763715965,139.4137760547895,0.10966666666666668,-1.0447229126892053
2021-10-17 17:30:00,0.0,0.1319575139429773,2.1060191457179145,128.2891704214678,0.10966666666666668,-0.9852506082000538
2021-10-17 18:00:00,0.0,0.1263711288102462,1.756801334963832,107.0163993124614,0.10933333333333334,-0.9370442987500064
2021-10-17 18:30:00,0.0,0.0779898015127202,1.4858821464541805,90.51322648241924,0.10933333333333334,-0.8949791007592726
2021-10-17 19:00:00,0.0,0.0718206190331663,0.9550592771333848,58.1778957783415,0.10966666666666668,-0.8565156898904448
2021-10-17 19:30:00,0.0,0.0739271012162609,1.0622841186193583,64.70954863191504,0.10966666666666668,-0.8213444840821477
2021-10-17 20:00:00,0.0,0.0617714529328081,0.8472919967303979,51.61319999692494,0.10933333333333334,-0.7894577430970204
2021-10-17 20:30:00,0.0,0.0644959165925688,0.6082632070344569,37.05264616754059,0.10933333333333334,-0.7593799897185698
2021-10-17 21:00:00,0.0,0.0990374316948153,0.5426034809276955,33.05295233310216,0.10966666666666668,-0.7290282139876632
2021-10-17 21:30:00,0.0,0.0592014829277379,1.715342864132112,104.49093659729176,0.10966666666666668,-0.699057034592341
2021-10-17 22:00:00,0.0,0.0831926941220786,0.6301046639450354,38.38312903306989,0.10966666666666668,-0.6744745730367021
2021-10-17 22:30:00,0.0,0.0628079739788617,0.8472919967303979,51.61319999692494,0.10966666666666668,-0.6616654994853275
2021-10-17 23:00:00,0.0,0.0427661037504721,0.6519236501065059,39.71224308209642,0.10966666666666668,-0.6637679906891548
2021-10-17 23:30:00,0.0,0.0609700870430399,0.1443063636707037,8.790491634178565,0.10966666666666668,-0.6784918940647483
2021-10-18 00:00:00,0.0,0.0610633609432673,0.8802130573014839,53.61860225485162,0.10966666666666668,-0.6981070538536139
2021-10-18 00:30:00,0.0,0.0483398694468952,0.8361662217485243,50.93546805625261,0.10966666666666668,-0.710770063774182
2021-10-18 01:00:00,0.0,0.0540129567557404,0.7256482445617447,44.20321225564474,0.10966666666666668,-0.7052411097368984
2021-10-18 01:30:00,0.0,0.0811420982593364,0.6812795479305238,41.50047173447025,0.10966666666666668,-0.678294578952302
2021-10-18 02:00:00,0.0,0.0569712763346181,0.8802130573014839,53.61860225485162,0.10966666666666668,-0.6379591846318469
2021-10-18 02:30:00,0.0,2.4032825628468784e-05,0.7699244321033974,46.90031754108016,0.10966666666666668,-0.5979788747788334
2021-10-18 03:00:00,0.0,2.2790967230116472e-05,1.1643189043721325,70.92504674121327,0.10966666666666668,-0.5683215163623518
2021-10-18 03:30:00,0.0,0.0272708463225615,0.614552077113764,37.4357357168465,0.10966666666666668,-0.5503699330759408
2021-10-18 04:00:00,0.0,0.0244135055634395,0.7034754875374157,42.852548084147735,0.10933333333333334,-0.5394038498453827
2021-10-18 04:30:00,0.0,2.171209202797072e-05,0.6368178985640588,38.79206895266668,0.10933333333333334,-0.530004517457979
2021-10-18 05:00:00,0.0,2.110339745933009e-05,0.8582010390747378,52.27772956461363,0.10933333333333334,-0.5195720679425534
2021-10-18 05:30:00,0.0,1.9693911247200987e-05,0.5699501599781941,34.71878845634152,0.10933333333333334,-0.5089808288252998
2021-10-18 06:00:00,0.0,1.860026889025009e-05,0.4580327910658823,27.901288034891433,0.10966666666666668,-0.5016462418382138
2021-10-18 06:30:00,0.0,1.7772036934789803e-05,0.8361662217485243,50.93546805625261,0.10966666666666668,-0.5018730114595201
2021-10-18 07:00:00,0.0,1.7334991695559548e-05,0.435578133255054,26.533451741234614,0.11,-0.5128096940571599
2021-10-18 07:30:00,0.0,1.6846420022047563e-05,1.0336633246832692,62.96609918686595,0.11,-0.5346162685325982
2021-10-18 08:00:00,0.0,1.8421676331223436e-05,0.4804636443466931,29.26767426413909,0.11033333333333334,-0.5639454673591758
2021-10-18 08:30:00,0.0,1.9022480913138412e-05,0.614552077113764,37.4357357168465,0.11033333333333334,-0.5955053593664789
2021-10-18 09:00:00,0.0,1.917414254085734e-05,0.4804636443466931,29.26767426413909,0.11,-0.6247159086995048
2021-10-18 09:30:00,0.0,0.0007971953627995,0.614552077113764,37.4357357168465,0.11,-0.64938688703773
2021-10-18 10:00:00,0.0,0.0024997247022345,0.9461128566946448,57.632920269139106,0.11,-0.6694858260773281
2021-10-18 10:30:00,0.0,0.0057912736330893,1.0990910825029927,66.95166256139441,0.11,-0.6856642827364259
2021-10-18 11:00:00,0.0,0.0080585018423128,1.3588166781267126,82.7729722904806,0.11033333333333334,-0.6978399977065106
2021-10-18 11:30:00,0.0,0.056881946528492,1.7002928115958875,103.57415539964812,0.11033333333333334,-0.7050806090356946
2021-10-18 12:00:00,0.0,0.0427152496966784,1.6154312317980046,98.40477140090272,0.11033333333333334,-0.706889447126243
2021-10-18 12:30:00,0.0,0.0561135247447458,1.78482121223641,108.7232436295794,0.11033333333333334,-0.7040879317813178
2021-10-18 13:00:00,0.0,0.0710318749506378,1.7425984700727088,106.15122495818493,0.11,-0.6980171465801448
2021-10-18 13:30:00,0.0,0.0435502918720785,1.93195324033863,117.68586197331128,0.11,-0.6895422982187662
2021-10-18 14:00:00,0.0,0.0316257839914242,1.7214560289295855,104.86332297474335,0.11,-0.6794694712720389
2021-10-18 14:30:00,0.0,0.0266013988435806,1.4446962804991543,88.00436962458716,0.11,-0.6691186211612049
2021-10-18 15:00:00,0.0,0.0255636974898294,1.8059016070901617,110.00736603342531,0.10966666666666668,-0.6594360590030806
2021-10-18 15:30:00,0.0,0.0264230593455942,1.5515645629467252,94.51430251263427,0.10966666666666668,-0.6498004360991182
2021-10-18 16:00:00,0.0,0.0242762736277782,1.4446962804991543,88.00436962458716,0.10933333333333334,-0.6384966123536603
2021-10-18 16:30:00,0.0,0.01844696200453,1.3803188577723824,84.08278791803797,0.10933333333333334,-0.6243932493434874
2021-10-18 17:00:00,0.0,0.0367698982999434,1.5941634207019175,97.10923244640408,0.10933333333333334,-0.6078671543901404
2021-10-18 17:30:00,0.0,0.0172801064917698,1.294180324025541,78.83561765457065,0.10933333333333334,-0.5904904890704339
2021-10-18 18:00:00,0.0,0.0113489797321596,1.2725914333863568,77.5205199850874,0.10933333333333334,-0.5746010771399874
2021-10-18 18:30:00,0.0,0.0171647612130212,0.5476139514191797,33.358167555898554,0.10933333333333334,-0.5630176488446524
2021-10-18 19:00:00,0.0,0.011310991392325,1.0990910825029927,66.95166256139441,0.10933333333333334,-0.557922584945701
2021-10-18 19:30:00,0.0,0.0113124952588235,0.5699501599781941,34.71878845634152,0.10933333333333334,-0.5591441965953261
2021-10-18 20:00:00,0.0,2.119852532377504e-05,0.7699244321033974,46.90031754108016,0.10933333333333334,-0.5638341879269528
2021-10-18 20:30:00,0.0,2.1039756124614712e-05,0.5699501599781941,34.71878845634152,0.10933333333333334,-0.5682642096497814
2021-10-18 21:00:00,0.0,2.0911709180219547e-05,0.6812795479305238,41.50047173447025,0.10933333333333334,-0.5699317923034866
2021-10-18 21:30:00,0.0,2.0659729196298585e-05,0.5699501599781941,34.71878845634152,0.10933333333333334,-0.5682146047764659
2021-10-18 22:00:00,0.0,2.0659729196298585e-05,0.7477978743619743,45.55246762114876,0.10966666666666668,-0.5638228346682715
2021-10-18 22:30:00,0.0,2.0501635159916726e-05,0.7699244321033974,46.90031754108016,0.10966666666666668,-0.558083818309496
2021-10-18 23:00:00,0.0,2.0282529430198737e-05,0.6590603701885547,40.146979822604145,0.10966666666666668,-0.5523481095224594
2021-10-18 23:30:00,0.0,2.0251039650258557e-05,0.7477978743619743,45.55246762114876,0.10966666666666668,-0.5474767678139701
2021-10-19 00:00:00,0.0,1.9971589419418823e-05,0.3661133669387488,22.3019720501029,0.10966666666666668,-0.5435151004800843
