Date,Rain,PET,SV,SF_complete,Soil_moisture,PSY
2021-08-02 09:00:00,0.0,4.513621310008724e-05,1.582423070261822,833.5339031074489,0.041,-0.1409263893062058
2021-08-02 09:30:00,0.0,4.599922636477037e-05,2.186519854230144,1143.9653343136667,0.041,-0.1633001717671331
2021-08-02 10:00:00,0.0,4.653006038617735e-05,2.479830224333188,1299.688586078782,0.041,-0.193844779424044
2021-08-02 10:30:00,0.0,0.0133088485456539,3.823999021622339,2006.406461688397,0.041,-0.2316855787935237
2021-08-02 11:00:00,0.0,0.0053901069817927,4.078681956919712,2141.721718398038,0.041,-0.2738686405831275
2021-08-02 11:30:00,0.0,0.01233821339428,4.204145008685436,2203.9942914311223,0.041,-0.3164116994251325
2021-08-02 12:00:00,0.0,0.0093900926857767,5.013547577715245,2625.100561242159,0.041,-0.3552099217722839
2021-08-02 12:30:00,0.0,0.0246308795530958,5.717144030870438,2996.9656481697043,0.041,-0.3862232763317961
2021-08-02 13:00:00,0.0,0.0162938475758475,6.088932007688364,3198.201953355166,0.04133333333333333,-0.4055092708213962
2021-08-02 13:30:00,0.0,0.007948522877622,5.634887379043388,2953.8418249906263,0.04133333333333333,-0.4096267350674602
2021-08-02 14:00:00,0.0,0.0010571258034795,5.033335189270147,2641.725261412781,0.04133333333333333,-0.396334043777834
2021-08-02 14:30:00,0.0,0.0033111422434932,3.6769041508580984,1932.9625325697568,0.04133333333333333,-0.3658414045533931
2021-08-02 15:00:00,0.0,4.8147198269495526e-05,4.540748833729282,2380.0797190927324,0.04133333333333333,-0.3228519406384494
2021-08-02 15:30:00,0.6,0.0202051643301253,1.795559889935359,941.6940901367366,0.04133333333333333,-0.2779955270838098
2021-08-02 16:00:00,0.6,0.001744014906956,1.2348871029393045,650.7534727642659,0.04133333333333333,-0.2458683248910926
2021-08-02 16:30:00,0.0,0.0118710460243313,1.5483885576978549,811.6047115165511,0.04133333333333333,-0.2387038522634583
2021-08-02 17:00:00,0.0,0.0180694111904998,5.5341360209302115,2902.1760668400807,0.04133333333333333,-0.2590730797168059
2021-08-02 17:30:00,0.0,0.0017528042739851,6.0161331665454725,3150.2955491462376,0.04133333333333333,-0.2972781461218053
2021-08-02 18:00:00,0.0,4.939320868637296e-05,6.710874254195943,3521.139893797949,0.04133333333333333,-0.3359301300563728
2021-08-02 18:30:00,0.0,0.0068420863354959,6.366179413553759,3343.228064732667,0.04133333333333333,-0.3586625559595092
2021-08-02 19:00:00,0.0,4.824707301932508e-05,5.460570590368523,2864.07274637987,0.04133333333333333,-0.3576182109561568
2021-08-02 19:30:00,0.0,4.7360545973716264e-05,4.165671065017892,2185.1514699571517,0.04133333333333333,-0.3359539547571097
2021-08-02 20:00:00,0.6,4.489792263814394e-05,1.9772506484365675,1038.9706749941483,0.041,-0.3044641118841654
2021-08-02 20:30:00,0.0,4.494592287399764e-05,2.667230205892318,1401.5657804141638,0.041,-0.2745374005340847
2021-08-02 21:00:00,0.0,4.5040008757780785e-05,3.427617244450597,1798.687930267079,0.041,-0.2521387754401735
2021-08-02 21:30:00,0.0,4.433017971344391e-05,3.804608059652698,1997.469717200028,0.041,-0.2367948940895336
2021-08-02 22:00:00,0.0,0.0087324784272997,2.924137991055092,1538.8247635752068,0.04066666666666666,-0.2252548624630052
2021-08-02 22:30:00,0.0,4.311153004483944e-05,2.0091857878552455,1056.1364464973667,0.04066666666666666,-0.2155294785206944
2021-08-02 23:00:00,0.0,4.381194643932356e-05,1.4819937729274015,773.4753062330751,0.04066666666666666,-0.2075823449884662
2021-08-02 23:30:00,0.0,4.489792263814394e-05,1.6144223889391442,849.52682727496,0.04066666666666666,-0.2012786943294171
2021-08-03 00:00:00,0.0,4.3344266036965424e-05,1.357196992028511,712.3868243988769,0.04066666666666666,-0.1949281324813824
2021-08-03 00:30:00,0.0,0.0178040107376265,1.563638997752841,820.1369468607205,0.04066666666666666,-0.1861834580021324
2021-08-03 01:00:00,0.0,0.0100049533506639,1.3135656727903795,689.7430811445433,0.04066666666666666,-0.1740271247381885
2021-08-03 01:30:00,0.0,4.2095512538396045e-05,0.7487405894567367,393.43463294656254,0.04066666666666666,-0.1597578478300704
2021-08-03 02:00:00,0.0,4.095934311956155e-05,0.2953553104908297,154.18370523963904,0.04066666666666666,-0.1460016646125037
2021-08-03 02:30:00,0.0,0.0196398262818017,0.8933090021328571,467.85601804010133,0.04066666666666666,-0.1343867340537489
2021-08-03 03:00:00,0.0,0.0131830638167262,1.2011667491467453,625.1942746704872,0.04066666666666666,-0.1239636198958399
2021-08-03 03:30:00,0.0,0.0173501607335617,0.7481131289019483,391.8421163181531,0.04066666666666666,-0.1121964168210974
2021-08-03 04:00:00,0.0,0.0110090995598135,0.8583338994300835,446.54601420139625,0.04066666666666666,-0.0976358663971696
2021-08-03 04:30:00,0.0,0.0138355004988044,0.657188632080557,342.091185870305,0.04066666666666666,-0.0815046637294343
2021-08-03 05:00:00,0.0,0.0141575021344969,1.069807044201775,558.2358369986856,0.04066666666666666,-0.0670641729999636
2021-08-03 05:30:00,0.0,0.018365761775062,0.657188632080557,342.091185870305,0.04066666666666666,-0.0582435956874639
2021-08-03 06:00:00,0.0,0.0218958564678607,1.18106440708531,618.4886512421609,0.04066666666666666,-0.0593576557466633
2021-08-03 06:30:00,0.0,0.0142958408503312,1.917361553468513,1003.091927787004,0.04066666666666666,-0.0759878787100449
2021-08-03 07:00:00,0.0,0.0219089276805372,2.9823460641684023,1561.517916523785,0.04066666666666666,-0.1155249727243792
2021-08-03 07:30:00,0.0,0.0302868799590023,5.320705551134736,2786.916966575387,0.04066666666666666,-0.1856729375610378
2021-08-03 08:00:00,0.0,0.0271881082610341,6.908710086939674,3617.62683799958,0.04066666666666666,-0.2906255703571377
2021-08-03 08:30:00,0.0,0.0373766655203337,12.088724699566212,6328.756501446818,0.04066666666666666,-0.4272156492247088
2021-08-03 09:00:00,0.0,4.046311501241313e-05,12.649144314921756,6629.851809619735,0.04066666666666666,-0.5849587429261561
2021-08-03 09:30:00,0.0,0.0025127177406919,14.959810466337736,7837.461588142528,0.04066666666666666,-0.75081244714653
2021-08-03 10:00:00,0.0,0.0048892127283827,16.221186918828387,8496.20868160176,0.04066666666666666,-0.9132161100046766
2021-08-03 10:30:00,0.0,0.1166326819897169,18.289048590937433,9569.621675311062,0.04066666666666666,-1.060558267545438
2021-08-03 11:00:00,0.0,0.2097587500846459,17.956836135719765,9397.727207140108,0.041,-1.178550942343686
2021-08-03 11:30:00,0.0,0.2620287478522943,17.99609338490764,9425.90569967362,0.041,-1.254485548919364
2021-08-03 12:00:00,0.0,0.3065489159237869,17.255790386216468,9039.964348960011,0.041,-1.2860924907740507
2021-08-03 12:30:00,0.0,0.346606672464394,16.99345152977774,8906.67955964658,0.041,-1.2839559513007892
2021-08-03 13:00:00,0.0,0.4873200135015603,16.591846208012825,8681.872071815997,0.04133333333333333,-1.263589208514867
2021-08-03 13:30:00,0.0,0.5127336136366998,15.90873306943966,8344.390662243228,0.04133333333333333,-1.2360733996335689
2021-08-03 14:00:00,0.0,0.5224470382652594,15.785660051769144,8281.250751175678,0.041,-1.2059506311151875
2021-08-03 14:30:00,0.0,0.5264529106870819,15.436326626163586,8095.809456292757,0.041,-1.1747735575172022
2021-08-03 15:00:00,0.0,0.4599161686796868,14.751264119186306,7734.6916604343505,0.04133333333333333,-1.144170396251982
2021-08-03 15:30:00,0.0,0.548645915479572,14.182676071858817,7426.89307426008,0.04133333333333333,-1.1157398506361842
2021-08-03 16:00:00,0.0,0.5552438992244305,14.243994099022997,7458.187674466779,0.04066666666666666,-1.0891760891189133
2021-08-03 16:30:00,0.0,0.5292416803448694,13.514095916235377,7085.045448044717,0.04066666666666666,-1.0616138664244528
2021-08-03 17:00:00,0.0,0.669847643195227,13.798629960477903,7230.047835397459,0.04066666666666666,-1.0297342095008202
2021-08-03 17:30:00,0.0,0.487844012755879,13.035542642161706,6842.707975923963,0.04066666666666666,-0.9921906240799286
2021-08-03 18:00:00,0.0,0.6223042948918905,12.144399982673145,6368.262116777475,0.04066666666666666,-0.948898635968188
2021-08-03 18:30:00,0.0,0.5896652425325547,11.193788610850456,5865.693221273502,0.04066666666666666,-0.8983649728548662
2021-08-03 19:00:00,0.0,0.4068324783875993,9.769836727768295,5130.138568971644,0.04033333333333333,-0.8373003065996597
2021-08-03 19:30:00,0.0,0.2096703576708095,7.735576403033766,4064.0937799990247,0.04033333333333333,-0.7633073920310824
2021-08-03 20:00:00,0.0,0.1271325153931856,5.51633928046882,2900.310886843722,0.04033333333333333,-0.677412819543146
2021-08-03 20:30:00,0.0,0.1222528977258887,3.84731317818689,2022.4206427766533,0.04033333333333333,-0.5840932587592086
2021-08-03 21:00:00,0.0,0.1069289009114579,2.5000434726918552,1316.6646569891209,0.04033333333333333,-0.4893717043418593
2021-08-03 21:30:00,0.0,0.0901707397659547,1.556905899600978,828.282243133511,0.04033333333333333,-0.398747653990239
2021-08-03 22:00:00,0.0,0.1191100492339067,1.227607570307401,648.8580181629015,0.04033333333333333,-0.3160338520728175
2021-08-03 22:30:00,0.0,0.1071453030959825,1.0172432414605015,536.5816801390994,0.04033333333333333,-0.2433605528014085
2021-08-03 23:00:00,0.0,0.1017257287219696,0.9502786794800138,500.5727430652462,0.04,-0.1820451545298214
2021-08-03 23:30:00,0.0,0.0682796399367376,0.6802948739874175,355.3607109586187,0.04,-0.1333342908755923
2021-08-04 00:00:00,0.0,0.0647562739953353,0.3633240881136154,190.77864368864,0.04,-0.0979351215115533
2021-08-04 00:30:00,0.0,0.063420430354088,0.8068326991256861,426.7763160229665,0.04,-0.0746594919542606
2021-08-04 01:00:00,0.0,4.182074367647945e-05,0.6495700557032866,345.1583685482095,0.04,-0.0600124101139373
2021-08-04 01:30:00,0.0,4.0239795705298545e-05,0.182662383811884,102.17812508387146,0.04,-0.0498288213778609
2021-08-04 02:00:00,0.0,3.8080907314678035e-05,0.5028899240966888,269.67407168568394,0.04,-0.0415913334576041
2021-08-04 02:30:00,0.0,3.78225567148035e-05,0.2947801260628873,155.18666039676586,0.04,-0.0350337446706861
2021-08-04 03:00:00,0.0,3.692083777532704e-05,0.175584213632556,85.4760652497454,0.03966666666666666,-0.0306552392080775
2021-08-04 03:30:00,0.0,3.692083777532704e-05,0.4771268054814455,249.87087327340805,0.03966666666666666,-0.0281261488079149
2021-08-04 04:00:00,0.0,3.561149629736711e-05,0.3669809134568417,200.43260310051392,0.03933333333333333,-0.0263086741656125
2021-08-04 04:30:00,0.0,3.4657089110898426e-05,0.0872504887804294,46.11560681342698,0.03933333333333333,-0.0245038594797393
2021-08-04 05:00:00,0.0,0.0396018388685742,0.2960940168599522,158.46152346713737,0.03933333333333333,-0.0232917222456843
2021-08-04 05:30:00,0.0,0.0416631821440323,0.6451027417308394,333.89752873105147,0.03933333333333333,-0.0241023138264753
2021-08-04 06:00:00,0.0,3.3352570329917715e-05,0.4341823133834533,232.7273746501478,0.03933333333333333,-0.028421661529998
2021-08-04 06:30:00,0.0,3.461619743987309e-05,0.2808229775265666,143.39964708843794,0.03933333333333333,-0.0379721352754799
2021-08-04 07:00:00,0.0,0.036025024334532,1.0848414412166685,570.4300483981365,0.03933333333333333,-0.055571672348589
2021-08-04 07:30:00,0.0,3.449201241240149e-05,2.2753092417670135,1195.411261783182,0.03933333333333333,-0.0853322664913797
2021-08-04 08:00:00,0.0,3.556987643811817e-05,2.4531706095142107,1285.8789594138702,0.03933333333333333,-0.1320068097628427
2021-08-04 08:30:00,0.0,3.445124818432026e-05,3.1762164906890336,1665.529925357198,0.03933333333333333,-0.2005267427285545
2021-08-04 09:00:00,0.0,0.0043805856286463,4.839434634623096,2540.2871363171776,0.03966666666666666,-0.29576283132855
2021-08-04 09:30:00,0.0,0.0091398920153524,5.047684454454995,2647.087886229261,0.03966666666666666,-0.4209518810006248
2021-08-04 10:00:00,0.0,0.0091407481332449,8.837868804188957,4635.647955939907,0.03966666666666666,-0.573625888591319
2021-08-04 10:30:00,0.0,0.0245234554174771,9.96125772260272,5218.446272230447,0.03966666666666666,-0.7407102905992208
2021-08-04 11:00:00,0.0,0.0688425765287892,12.438325605255358,6515.686691833477,0.03966666666666666,-0.897842283054647
2021-08-04 11:30:00,0.0,0.0968162594692109,13.724067306236922,7191.221201371644,0.03966666666666666,-1.017306818816842
2021-08-04 12:00:00,0.0,0.0490746829160108,12.09714071675694,6336.46871475798,0.04,-1.0817751921527885
2021-08-04 12:30:00,0.0,0.0667525029855493,11.084292802652918,5816.450934224114,0.04,-1.0933522067132613
2021-08-04 13:00:00,0.0,0.0514911059182011,11.212595170117858,5883.16652741666,0.04,-1.069431387950238
2021-08-04 13:30:00,0.0,0.057183359170979,10.84279499194142,5684.759468023389,0.04,-1.0283569064790674
2021-08-04 14:00:00,0.0,0.2030729194081173,10.47580964321235,5485.441192124517,0.04,-0.9775538543354813
2021-08-04 14:30:00,0.0,0.2102630899025867,10.6208848903208,5568.755460146063,0.04,-0.9146562205059472
2021-08-04 15:00:00,0.0,0.1501341310969594,6.746665404868472,3542.2622084697146,0.04,-0.8394897536203769
2021-08-04 15:30:00,0.0,0.1346604992616365,6.4353907400512576,3380.6790071021687,0.04,-0.7636742601185091
2021-08-04 16:00:00,0.0,0.2624755071941411,7.829414575562087,4108.847080519418,0.04,-0.7069609475702835
2021-08-04 16:30:00,0.0,0.2148419913810654,8.459115510737668,4435.068266671563,0.04,-0.6829952082558367
2021-08-04 17:00:00,0.0,0.092776432598098,11.921061521161011,6245.462756104035,0.04,-0.6875614247666569
2021-08-04 17:30:00,0.0,0.184232091482237,9.372927869135,4914.191538641097,0.04,-0.7000135043929283
2021-08-04 18:00:00,0.0,0.0060622083485004,6.372511248674552,3351.699632645553,0.04,-0.6968710755886565
2021-08-04 18:30:00,0.0,0.1249086223072755,4.648360789107471,2440.2271371063975,0.04,-0.6661743243362103
2021-08-04 19:00:00,0.0,0.0006304065660768,3.9489142045647823,2077.8971419303484,0.03966666666666666,-0.6115013992187606
2021-08-04 19:30:00,0.0,0.0780718541607669,2.643490601420273,1394.0144039151007,0.03966666666666666,-0.5451473002325613
2021-08-04 20:00:00,0.0,0.0747988651572243,2.3915081297483844,1257.4604710970366,0.03966666666666666,-0.4788254939109085
2021-08-04 20:30:00,0.0,0.0740133518723268,1.8497559278759168,973.481429717252,0.03966666666666666,-0.4186974433282363
2021-08-04 21:00:00,0.0,0.1015610813663854,1.1639940665606594,615.8860663885018,0.03966666666666666,-0.3652627756840759
2021-08-04 21:30:00,0.0,0.0735788203809925,1.0513358801836334,552.4126232541934,0.03966666666666666,-0.3157874219740316
2021-08-04 22:00:00,0.0,4.5614963145202326e-05,1.0961807989161705,576.9420503102359,0.03966666666666666,-0.2673796353596149
2021-08-04 22:30:00,0.0,0.0521467407540445,0.9390663017605676,491.6174850998561,0.03966666666666666,-0.2191549288185151
2021-08-04 23:00:00,0.0,0.045197776903532,0.7602352230025786,398.7785261661803,0.03933333333333333,-0.1724143796794308
2021-08-04 23:30:00,0.0,0.0413139144823846,0.6484000992020251,341.9963934493017,0.03933333333333333,-0.1293885889137201
2021-08-05 00:00:00,0.0,0.0376301175962073,0.7616409757969806,402.07563183019306,0.03933333333333333,-0.0921406921777429
2021-08-05 00:30:00,0.0,0.0336001961257379,0.6707719010425193,353.6308436021511,0.03933333333333333,-0.0622523582630888
2021-08-05 01:00:00,0.0,0.0327554483215147,0.681153224448637,357.09832238083277,0.03933333333333333,-0.0406677509063441
2021-08-05 01:30:00,0.0,3.598923620581269e-05,0.4780785746278524,254.2521422950009,0.03933333333333333,-0.0272894270745449
2021-08-05 02:00:00,0.0,3.53190922434402e-05,0.4657544954579793,245.91643149349144,0.03933333333333333,-0.0395032789979262
2021-08-05 02:30:00,0.0,0.0276145377993436,0.281922509700015,149.17697480971282,0.03933333333333333,-0.0517171309213076
2021-08-05 03:00:00,0.0,0.0268204341878622,0.5321029732228921,276.49456340389247,0.03933333333333333,-0.063930982844689
2021-08-05 03:30:00,0.0,0.0259649218691084,0.5203766184061955,269.7603155732912,0.03933333333333333,-0.0761448347680704
2021-08-05 04:00:00,0.0,0.0253142593154179,0.3945104873652746,203.7451709260926,0.03933333333333333,
2021-08-05 04:30:00,0.0,0.0344110795250637,0.818727095325622,433.61492290981926,0.03933333333333333,
2021-08-05 05:00:00,0.0,0.0344729160142434,0.3472091649696122,176.58081911285825,0.03933333333333333,
2021-08-05 05:30:00,0.0,3.303117294097335e-05,0.4651119210315672,244.29038373404933,0.03933333333333333,
2021-08-05 06:00:00,0.0,3.0093290408167564e-05,0.2553216312239229,128.8465117650969,0.03933333333333333,
2021-08-05 06:30:00,0.0,3.0093290408167564e-05,0.2345269066433478,121.958479202711,0.03933333333333333,
2021-08-05 07:00:00,0.0,2.9902966050348084e-05,0.576854070918479,298.44767283037515,0.03933333333333333,-0.1616417982317401
2021-08-05 07:30:00,0.0,3.0284443149030228e-05,1.3479964039421743,699.5462537332645,0.03933333333333333,-0.1738556501551215
2021-08-05 08:00:00,0.0,3.219286580736566e-05,2.803947434244999,1467.2519740860537,0.03933333333333333,-0.1860695020785029
2021-08-05 08:30:00,0.0,3.29899059323388e-05,5.22314697346501,2731.0764569243156,0.03933333333333333,-0.1982833540018843
2021-08-05 09:00:00,0.0,0.0007385032445757,8.403078328340984,4406.134284258034,0.03933333333333333,-0.4115370775742331
2021-08-05 09:30:00,0.0,0.004276060640114,9.095748321774296,4766.303217165027,0.03933333333333333,-0.6039192263299511
2021-08-05 10:00:00,0.0,0.005448933787099,11.220778877939916,5874.6217326703445,0.03933333333333333,-0.7963013750856691
2021-08-05 10:30:00,0.0,0.0208019753949206,11.766351063528589,6164.72901514659,0.03933333333333333,-0.988683523841387
2021-08-05 11:00:00,0.0,0.095708424781405,13.056617299953324,6844.560719510545,0.03933333333333333,-1.139438561609126
2021-08-05 11:30:00,0.0,0.1292307038248943,13.033985511994928,6836.505253715349,0.03933333333333333,-1.2458908317888384
2021-08-05 12:00:00,0.0,0.2916824917526161,12.548200011150795,6578.275954400408,0.03966666666666666,-1.3046669414674568
2021-08-05 12:30:00,0.0,0.3172008817151772,11.794504989013236,6185.169783161654,0.03966666666666666,-1.3203527585374957
2021-08-05 13:00:00,0.0,0.3778135963830494,11.70506258961107,6139.804819774451,0.03966666666666666,-1.3041568032095818
2021-08-05 13:30:00,0.0,0.4008206467896007,11.3759626563623,5968.943364962788,0.03966666666666666,-1.2695834590684991
2021-08-05 14:00:00,0.0,0.4173840159564644,10.221190272932354,5352.476754908199,0.03966666666666666,-1.2271969484262142
2021-08-05 14:30:00,0.0,0.4076375892349478,9.937248952221836,5210.114350234209,0.03966666666666666,-1.1818354644053295
2021-08-05 15:00:00,0.0,0.3938664354227945,9.167858671667526,4811.435924886414,0.03966666666666666,-1.1335540454035915
2021-08-05 15:30:00,0.0,0.1791043441717124,8.650824567571814,4545.5571143037105,0.03966666666666666,-1.0810893488657085
2021-08-05 16:00:00,0.0,0.3650956021913581,9.377418999892518,4924.349898470988,0.03966666666666666,-1.0252736682043468
2021-08-05 16:30:00,0.0,0.2831418359633759,8.717992592122382,4574.6566038832325,0.03966666666666666,-0.9701228055423464
2021-08-05 17:00:00,0.0,0.4529978302412524,7.658411579077406,4016.0774001953714,0.03933333333333333,-0.9209016852909124
2021-08-05 17:30:00,0.0,0.4473949081910832,8.735234107359066,4577.020803117305,0.03933333333333333,-0.880441994315394
2021-08-05 18:00:00,0.0,0.4163899207486566,8.4278781913706,4421.328831183428,0.03933333333333333,-0.8463666900734599
2021-08-05 18:30:00,0.0,0.4162819457821742,7.312519334958496,3842.0367386533385,0.03933333333333333,-0.8117052319690375
2021-08-05 19:00:00,0.0,0.4032157320907102,6.741960835136971,3539.3855362035306,0.03933333333333333,-0.7684830643117752
2021-08-05 19:30:00,0.0,0.2254419016009602,5.4685345632272755,2873.0526475299657,0.03933333333333333,-0.711334819618316
2021-08-05 20:00:00,0.0,0.1356840437367651,3.990479061283165,2096.6834048887713,0.03933333333333333,-0.6392375886878813
2021-08-05 20:30:00,0.0,5.9079134290931465e-05,2.8569996990526447,1498.8705273454595,0.03933333333333333,-0.5557280312049124
2021-08-05 21:00:00,0.0,5.55760532803417e-05,2.025902103214696,1064.877109438895,0.039,-0.4680440692870481
2021-08-05 21:30:00,0.0,0.088681002788184,1.538475920458506,807.7264733392304,0.039,-0.3848358929185443
2021-08-05 22:00:00,0.0,0.0819167482407872,1.2634999004868597,663.1700405797976,0.039,-0.3129829796347746
2021-08-05 22:30:00,0.0,5.035338161360004e-05,0.9972979207459004,525.017476576361,0.039,-0.2553052219255667
2021-08-05 23:00:00,0.0,4.740795532632099e-05,1.2397097844883458,647.0693782016501,0.039,-0.2104972059252657
2021-08-05 23:30:00,0.0,0.0751934856330993,1.2629481967380922,661.6334618265357,0.039,-0.1752291457960412
2021-08-06 00:00:00,0.0,4.706637533441472e-05,0.7809316968526079,405.71307030337454,0.039,-0.1469021136179622
2021-08-06 00:30:00,0.0,4.456473885987298e-05,0.9379674428393114,485.9836847352941,0.039,-0.1249212925826759
2021-08-06 01:00:00,0.0,4.437584262620107e-05,0.7503955341926414,396.9097733875563,0.03866666666666666,-0.1099067917814532
2021-08-06 01:30:00,0.0,4.287953230395473e-05,0.5662221204616551,296.15783270889216,0.03866666666666666,-0.1024877683505285
2021-08-06 02:00:00,0.0,4.228057628388336e-05,0.6351868810261639,333.252935145647,0.03866666666666666,-0.1028502064280429
2021-08-06 02:30:00,0.0,4.232498636734754e-05,0.7706149953547793,402.277800927986,0.03866666666666666,-0.1102288130893255
2021-08-06 03:00:00,0.0,4.136582724717461e-05,0.767872641321781,395.7285948514718,0.03866666666666666,-0.1219599377012843
2021-08-06 03:30:00,0.0,4.0913907542550583e-05,0.5329445892990692,280.8211622709133,0.03866666666666666,-0.1335226842269888
2021-08-06 04:00:00,0.0,3.965973253870246e-05,0.8742614474814199,460.5549204270308,0.03866666666666666,-0.1403113201659933
2021-08-06 04:30:00,0.0,3.952803201248042e-05,0.5662221204616551,296.15783270889216,0.03866666666666666,-0.1398163977014028
2021-08-06 05:00:00,0.0,3.8866250804398595e-05,0.9186750939698324,482.331900436982,0.03833333333333333,-0.1326859174214305
2021-08-06 05:30:00,0.0,3.78225567148035e-05,0.6455888093341977,336.7210386491657,0.03833333333333333,-0.1224813115339803
2021-08-06 06:00:00,0.0,3.717706580626474e-05,0.5452699474265719,289.1597719190877,0.03833333333333333,-0.1149681141425479
2021-08-06 06:30:00,0.0,3.704881103455631e-05,0.4498301463469358,231.83074969565016,0.03833333333333333,-0.1176835042240581
2021-08-06 07:00:00,0.0,3.670817500645024e-05,0.8151481589178508,424.11999888858793,0.03833333333333333,-0.139763260282391
2021-08-06 07:30:00,0.0,3.641000309885901e-05,1.8555891479306827,969.2226164339272,0.03833333333333333,-0.1909000020957861
2021-08-06 08:00:00,0.0,0.004178642015803,4.090165519246468,2141.09794500507,0.03833333333333333,-0.2780140341240976
2021-08-06 08:30:00,0.0,0.0144315145165864,6.923257415038323,3624.223508248979,0.03833333333333333,-0.3998922048728134
2021-08-06 09:00:00,0.0,0.0119612348857975,6.404623929046873,3355.6776863156765,0.03833333333333333,-0.5433929948807091
2021-08-06 09:30:00,0.0,0.0245095743105164,10.11900702446551,5304.598617381188,0.03833333333333333,-0.6860469179190832
2021-08-06 10:00:00,0.0,0.1476608384784976,9.075473576273982,4757.7249644796975,0.03866666666666666,-0.8059638712616485
2021-08-06 10:30:00,0.0,0.1501605487296785,8.429360969669359,4424.539116290132,0.03866666666666666,-0.8932122639299317
2021-08-06 11:00:00,0.0,0.1647802448019551,8.58887177332,4499.936430446464,0.03866666666666666,-0.9536417461211306
2021-08-06 11:30:00,0.0,0.1609484573744478,8.853368829869348,4644.264613919957,0.03866666666666666,-1.001093995237282
2021-08-06 12:00:00,0.0,0.2914101492842075,12.194892463719816,6388.364608000156,0.03866666666666666,-1.0443848353541587
2021-08-06 12:30:00,0.0,0.381192274425382,12.56532583387509,6587.625191634457,0.03866666666666666,-1.0811378455183709
2021-08-06 13:00:00,0.0,0.3391341839056478,10.9403759721062,5742.301060124597,0.039,-1.1033793009451702
2021-08-06 13:30:00,0.0,0.4337960273592821,11.98493893814518,6290.780768195679,0.039,-1.106550358009269
2021-08-06 14:00:00,0.0,0.3562556856818756,12.397670063126505,6501.437781608884,0.03833333333333333,-1.0916306221501482
2021-08-06 14:30:00,0.0,0.5779174552858942,11.695468256276484,6139.184804593126,0.03833333333333333,-1.0617597979406672
2021-08-06 15:00:00,0.0,0.1891843291370145,8.786812055798347,4612.66215528767,0.03833333333333333,-1.0211576943450886
2021-08-06 15:30:00,0.0,0.4543697112173924,10.158513743203326,5324.576131414993,0.03833333333333333,-0.9755295485573532
2021-08-06 16:00:00,0.0,0.4619095614803364,9.616828525618097,5048.1787237448425,0.03833333333333333,-0.9285612970715
2021-08-06 16:30:00,0.0,0.329094215762391,8.370847949979511,4392.854126699751,0.03833333333333333,-0.8784671652307565
2021-08-06 17:00:00,0.0,0.3155634560437628,6.674310911051599,3503.4296134528295,0.03833333333333333,-0.821918577879979
2021-08-06 17:30:00,0.0,0.1499440104364318,3.7144204937550938,1961.096367063815,0.03833333333333333,-0.7611202667707314
2021-08-06 18:00:00,0.0,0.1675105992082834,3.9127737978245527,2053.652586771429,0.038,-0.7040032831457685
2021-08-06 18:30:00,0.0,0.2779726414305072,7.011876326802557,3676.116534093693,0.038,-0.6569066030971307
2021-08-06 19:00:00,0.0,0.0972262734236905,4.405614900149006,2311.2556922302956,0.038,-0.6185659450888409
2021-08-06 19:30:00,0.0,0.0954464999838244,2.499114664565475,1312.730279093416,0.038,-0.5815251022365703
2021-08-06 20:00:00,0.0,0.0928469866508795,2.147838290735299,1126.3367353688004,0.038,-0.538088458897009
2021-08-06 20:30:00,0.0,0.0913893332709846,1.5953177220172754,835.385946118291,0.038,-0.4846583659210696
2021-08-06 21:00:00,0.0,0.0860713743869225,1.4218419396579274,750.3519529749473,0.038,-0.4226538773533988
2021-08-06 21:30:00,0.0,0.0787230368412706,0.8615258278789729,450.75391210986334,0.038,-0.3577310448877769
2021-08-06 22:00:00,0.0,0.1560440150891949,1.8151662120921213,955.607531971364,0.038,-0.2980753438570432
2021-08-06 22:30:00,0.0,0.0475430741101871,1.131505945818163,593.430994454053,0.038,-0.2517454927436305
2021-08-06 23:00:00,0.0,0.0429670250791043,0.7671335749583504,394.0634246718043,0.038,-0.2241717913934928
2021-08-06 23:30:00,0.0,0.0399937403610502,-0.0704753907504945,-36.42185769280094,0.038,-0.2163967934140561
2021-08-07 00:00:00,0.0,0.1108373454509436,1.5851654681095764,825.7841156530222,0.03766666666666666,-0.2238144033006741
2021-08-07 00:30:00,0.0,0.1263401201480625,0.1452941932061798,71.02936965696271,0.03766666666666666,-0.2364955349770255
2021-08-07 01:00:00,0.0,0.0765385762419445,0.0307123009292737,15.485795788406731,0.03766666666666666,-0.2428106452044914
2021-08-07 01:30:00,0.0,0.0562240596612579,1.308912336759507,681.7516309562455,0.03766666666666666,-0.2352536312085725
2021-08-07 02:00:00,0.0,0.099369332385755,0.8716890908402457,454.126811631405,0.03766666666666666,-0.2143891892105652
2021-08-07 02:30:00,0.0,0.0950610399162153,0.9174985779806428,479.1892862017303,0.03766666666666666,-0.187932255623135
2021-08-07 03:00:00,0.0,0.0686108201410193,0.8710353850415418,452.50625800208593,0.03766666666666666,-0.1662495803362159
2021-08-07 03:30:00,0.0,0.0364660813179669,0.9516318392670706,497.5474410540455,0.03766666666666666,-0.1579178544871821
2021-08-07 04:00:00,0.0,0.0398923574836428,0.3795091879833556,196.6222550023058,0.03766666666666666,-0.1672611704631812
2021-08-07 04:30:00,0.0,0.0921519216417722,0.2159038743161693,109.0267742704326,0.03766666666666666,-0.1932063291186932
2021-08-07 05:00:00,0.0,0.0942643151439569,0.3198939287467589,162.3862169103013,0.03766666666666666,-0.2291983376799154
2021-08-07 05:30:00,0.0,0.094507754325684,0.575254681285863,298.9210433167941,0.03766666666666666,-0.2655247327742286
2021-08-07 06:00:00,0.0,0.0938051972820804,0.746005433047211,386.9408203966617,0.03766666666666666,-0.2940222709567627
2021-08-07 06:30:00,0.0,4.442351993200504e-05,0.8463192831049668,435.82535184573527,0.03766666666666666,-0.3119757342530145
2021-08-07 07:00:00,0.0,0.0668669334945107,0.8703603335115314,450.8745857738469,0.03766666666666666,-0.3222507572462823
2021-08-07 07:30:00,0.0,0.0943229712486425,1.408920494447822,734.2956008821418,0.03766666666666666,-0.3304099598820551
2021-08-07 08:00:00,0.0,0.0658265339697671,3.621121281585724,1894.5457717012248,0.03766666666666666,-0.3417021137846731
2021-08-07 08:30:00,0.0,0.189380714292598,3.5404885710956986,1853.8866165763848,0.03766666666666666,-0.3594165576091989
2021-08-07 09:00:00,0.0,0.2686333759672376,4.545340050393154,2380.9255837421856,0.03766666666666666,-0.3843303794953123
2021-08-07 09:30:00,0.0,0.2679156798749932,5.017644156995667,2622.9631067993287,0.03766666666666666,-0.4148963946490675
2021-08-07 10:00:00,0.0,0.2634055476933989,6.829511125013809,3578.240254053011,0.03766666666666666,-0.4482889945475642
2021-08-07 10:30:00,0.0,0.1896724335274868,6.069071944330669,3182.4985412029996,0.03766666666666666,-0.4819795182771561
2021-08-07 11:00:00,0.0,0.207006940592219,6.89193417621887,3615.099212105127,0.03766666666666666,-0.5146934446488546
2021-08-07 11:30:00,0.0,0.192907744902953,6.936426654277912,3636.612791526233,0.03766666666666666,-0.5459572317500365
2021-08-07 12:00:00,0.0,0.1873554895738307,7.21925520080407,3786.988544133027,0.03766666666666666,-0.575224330156291
2021-08-07 12:30:00,0.0,0.1887560504362248,7.819319044550473,4098.95389126065,0.03766666666666666,-0.6021818499020654
2021-08-07 13:00:00,0.0,0.1825054042652079,6.306864632577979,3311.8072795661105,0.03766666666666666,-0.6279166456269267
2021-08-07 13:30:00,0.0,0.2611325145060593,8.606861230859685,4516.402283322774,0.03766666666666666,-0.6552353593576684
2021-08-07 14:00:00,0.0,0.2970592882294128,8.772322689252805,4608.557565110211,0.03766666666666666,-0.6880094231027785
2021-08-07 14:30:00,0.0,0.1941465403593629,7.104247588758334,3732.989524246712,0.03766666666666666,-0.7308736488085226
2021-08-07 15:00:00,0.0,0.3398566660863817,8.889785609096435,4661.76199846344,0.03766666666666666,-0.7880792950956171
2021-08-07 15:30:00,0.0,0.1762719773579683,8.598707373832424,4510.763583992855,0.03766666666666666,-0.8589322458547268
2021-08-07 16:00:00,0.0,0.37258359342597,11.006300693813142,5772.978699372416,0.03766666666666666,-0.9326932610792368
2021-08-07 16:30:00,0.0,0.5163606957963326,11.588461111737027,6085.326435262229,0.03766666666666666,-0.990814276378752
2021-08-07 17:00:00,0.0,0.4831442018768366,11.74111329090424,6157.351366322945,0.038,-1.0177116667667507
2021-08-07 17:30:00,0.0,0.4386790692709081,11.264900393116283,5911.781236314845,0.038,-1.0096987669410316
2021-08-07 18:00:00,0.0,0.429214626103012,9.69557071445227,5088.05744531063,0.03766666666666666,-0.9731996836501734
2021-08-07 18:30:00,0.0,0.4273878045920585,10.30626473430815,5411.295512735916,0.03766666666666666,-0.9168539090040034
2021-08-07 19:00:00,0.0,0.3154223226268882,7.042284226574372,3701.442710682852,0.03733333333333333,-0.8474752071554739
2021-08-07 19:30:00,0.0,0.2498816912003819,7.298150906321251,3830.2984424638,0.03733333333333333,-0.7711105204676864
2021-08-07 20:00:00,0.0,0.0823101560544367,4.281948464586126,2250.5738515183943,0.03733333333333333,-0.6937197983640755
2021-08-07 20:30:00,0.0,0.0792579525950736,2.9777440147501264,1566.2377051471717,0.03733333333333333,-0.6197763050577388
2021-08-07 21:00:00,0.0,0.0770907598885157,2.057821832888943,1085.1613050338365,0.03733333333333333,-0.5517260014130847
2021-08-07 21:30:00,0.0,0.0729536495266325,1.6669071910175155,881.2334777568973,0.03733333333333333,-0.491435528714883
2021-08-07 22:00:00,0.0,0.0962302100572668,1.1239577600484074,596.5113114398988,0.03733333333333333,-0.4412280578382985
2021-08-07 22:30:00,0.0,0.0953322224702939,1.3008580599993271,684.4926892489137,0.03733333333333333,-0.4025799283902766
2021-08-07 23:00:00,0.0,0.0656042875260824,1.0453075933826343,555.0792736995146,0.03733333333333333,-0.3739282179071871
2021-08-07 23:30:00,0.0,0.0613309663257678,1.0328766612718694,545.4489738240567,0.03733333333333333,-0.3507872487496568
2021-08-08 00:00:00,0.0,4.095934311956155e-05,1.1984038369782204,624.3938947771773,0.037,-0.3287326102828359
2021-08-08 00:30:00,0.0,3.9439148086964545e-05,1.0197546232659906,534.2090754342397,0.037,-0.3060756766183907
2021-08-08 01:00:00,0.0,0.0517628630390396,0.9066741702168036,475.516782485163,0.037,-0.2833888889207357
2021-08-08 01:30:00,0.0,0.0503969302363606,0.964126819752194,507.25898910170054,0.037,-0.2610252992561041
2021-08-08 02:00:00,0.0,3.908668873208195e-05,1.300973213927867,682.0629080195677,0.037,-0.2379819776860983
2021-08-08 02:30:00,0.0,0.0346241795180636,1.133926852783475,597.2851161275231,0.037,-0.2133714504674778
2021-08-08 03:00:00,0.0,0.0277494232875287,0.8385690380335606,440.1677381463957,0.037,-0.1884487990469978
2021-08-08 03:30:00,0.0,0.0280293069053185,0.7794740032444075,404.9751019472064,0.037,-0.1665137831991008
2021-08-08 04:00:00,0.0,0.026860676648149,0.7474598321613031,392.87832729240534,0.037,-0.1506733286398993
2021-08-08 04:30:00,0.0,0.0267888992694978,0.9110489667012586,489.34837093835506,0.037,-0.1419320182006034
2021-08-08 05:00:00,0.0,3.259057729906609e-05,0.9060809413530166,473.92421996027656,0.037,-0.1392671492621558
2021-08-08 05:30:00,0.0,3.267083954047346e-05,0.7462361603653005,389.6567227136139,0.037,-0.1409118003250211
2021-08-08 06:00:00,0.0,3.223346470019411e-05,0.6776689048746629,354.0597680099511,0.037,-0.1453849141893042
2021-08-08 06:30:00,0.0,3.227247190730846e-05,0.6659002288603681,347.30121582922834,0.037,-0.151831134635351
2021-08-08 07:00:00,0.0,3.211501208435781e-05,0.7585699973263289,397.9986873580309,0.037,-0.1600217507885158
2021-08-08 07:30:00,0.0,3.1995235324696024e-05,0.8058444120501389,426.4076069878429,0.037,-0.1702736129000673
2021-08-08 08:00:00,0.0,3.223346470019411e-05,1.0203212509949366,535.7817657239872,0.037,-0.1833490593281869
2021-08-08 08:30:00,0.0,3.271019973049637e-05,1.1207848266811191,586.0096811726218,0.037,-0.200262615090472
2021-08-08 09:00:00,0.0,3.2869602527692825e-05,1.90732445484386,998.5589477832642,0.037,-0.2217437363440516
2021-08-08 09:30:00,0.0,0.0560129966804083,3.98282682050537,2079.2670583320505,0.037,-0.2472536334210452
2021-08-08 10:00:00,0.0,0.0505239773657074,4.204614071257799,2205.522251124728,0.037,-0.2743001933262997
2021-08-08 10:30:00,0.0,0.0492974282538899,4.00558735009611,2102.3988531493956,0.037,-0.2991521001103793
2021-08-08 11:00:00,0.0,0.0041936907460134,3.813987635741835,1997.9866757647064,0.037,-0.3187761069708701
2021-08-08 11:30:00,0.0,0.0053363040298509,3.3156506870135782,1739.0932569819415,0.037,-0.3323518868327886
2021-08-08 12:00:00,0.0,0.0078472552565598,3.572383732994819,1878.5154935355272,0.037,-0.3410209676796257
2021-08-08 12:30:00,0.0,0.0507679231086322,3.804548281374256,1995.94873344793,0.037,-0.3461880016988448
2021-08-08 13:00:00,0.0,0.049964650720877,3.4193558587345265,1798.6493883288751,0.037,-0.3479376861525868
2021-08-08 13:30:00,0.0,0.003591622284077,3.110212535660408,1636.1215415342317,0.037,-0.3448608965359903
2021-08-08 14:00:00,0.0,0.0007541842451575,2.5748070182771814,1352.0558021884806,0.037,-0.3353516164565519
2021-08-08 14:30:00,0.0,3.3758057524395963e-05,1.8535929889452536,972.5345990686588,0.037,-0.3196092110197499
2021-08-08 15:00:00,0.2,3.160242476783036e-05,1.590622984140175,836.1163706024282,0.037,-0.3012038973592575
2021-08-08 15:30:00,0.0,3.243207941373169e-05,2.2322885327473423,1169.5899739438453,0.037,-0.2866476514511724
2021-08-08 16:00:00,0.0,3.2910769402496645e-05,2.392055821608981,1250.650380035131,0.03666666666666666,-0.2822853007083414
2021-08-08 16:30:00,0.0,3.307082152973579e-05,2.7011004795780353,1416.3461704653655,0.03666666666666666,-0.290258965748116
2021-08-08 17:00:00,0.0,0.0015285964366168,2.910384433421081,1523.6868939828328,0.03666666666666666,-0.3066056645034698
2021-08-08 17:30:00,0.0,3.482268077466148e-05,3.854964753385797,2022.6458852796632,0.03666666666666666,-0.3230432102987513
2021-08-08 18:00:00,0.0,3.457533729690223e-05,2.900486319265039,1520.3297050231477,0.03666666666666666,-0.3313358106865093
2021-08-08 18:30:00,0.0,3.363590425285845e-05,2.468768433016112,1297.0738546540683,0.03666666666666666,-0.3273225490864652
2021-08-08 19:00:00,0.0,3.327119776282683e-05,2.0930281032082676,1099.1882639347357,0.03666666666666666,-0.3117790135531349
2021-08-08 19:30:00,0.0,3.331269792334119e-05,1.9724827277343555,1032.364799311874,0.03666666666666666,-0.2879139994105825
2021-08-08 20:00:00,0.0,3.303117294097335e-05,2.158084750561388,1134.1496690469155,0.03666666666666666,-0.258406835167907
2021-08-08 20:30:00,0.0,3.207451334881924e-05,1.9308238472902728,1015.6772049883648,0.03666666666666666,-0.2249345436729588
2021-08-08 21:00:00,0.0,3.066923506111654e-05,1.591917155084967,840.5342690622091,0.03666666666666666,-0.1898132501088837
2021-08-08 21:30:00,0.0,3.00173708846954e-05,1.3683013149419514,718.261945961418,0.03666666666666666,-0.1569189354442874
2021-08-08 22:00:00,0.0,3.0093290408167564e-05,1.3215728023642002,688.964638871983,0.036333333333333336,-0.1304155691027244
2021-08-08 22:30:00,0.0,2.978886092341215e-05,1.1787942079875275,620.5650872853456,0.036333333333333336,-0.1127037884637175
2021-08-08 23:00:00,0.0,2.9978687075037876e-05,0.997181120330798,522.4927788938321,0.036333333333333336,-0.103523089976992
2021-08-08 23:30:00,0.0,2.9827376435069603e-05,0.8845667957208554,465.3281204946805,0.036333333333333336,-0.1003725229456609
2021-08-09 00:00:00,0.0,2.9561549455001053e-05,0.445377073160413,240.0011088664666,0.036333333333333336,-0.0995619381839766
2021-08-09 00:30:00,0.0,2.9221308170873098e-05,0.445377073160413,240.0011088664666,0.036333333333333336,-0.0978078146656742
2021-08-09 01:00:00,0.0,2.8252483396265985e-05,0.4337403913032444,233.31835870437396,0.036333333333333336,-0.0940296986604637
2021-08-09 01:30:00,0.0,2.82896123113535e-05,0.2488019891626745,132.14739062808133,0.036333333333333336,-0.0899795260696033
2021-08-09 02:00:00,0.0,2.8363972230347037e-05,0.1911428375465094,101.55981329864888,0.036333333333333336,-0.0889210733386249
2021-08-09 02:30:00,0.0,2.7884535497595156e-05,0.4085813158119858,215.105210614434,0.036333333333333336,-0.0933939316998221
2021-08-09 03:00:00,0.0,0.0087865854393795,0.1192813271393101,59.027816745397665,0.036333333333333336,-0.1036443787502751
2021-08-09 03:30:00,0.0,2.7995008303509975e-05,0.2500747603994188,135.40342282855113,0.036333333333333336,-0.1174852123391246
2021-08-09 04:00:00,0.0,0.0136007238029476,0.4196258170036328,220.1953080168097,0.036333333333333336,-0.1314857363726692
2021-08-09 04:30:00,0.0,0.0143781534132414,0.2735660010175191,148.89404618452593,0.036333333333333336,-0.1427772018631102
2021-08-09 05:00:00,0.0,0.0168859488747869,0.1214790342350589,64.08291616581757,0.036333333333333336,-0.1503543274775418
2021-08-09 05:30:00,0.0,0.0334066998886633,0.2806979386121218,144.1725853729419,0.036333333333333336,-0.1552647541283368
2021-08-09 06:00:00,0.0,0.0431536274983146,-0.0170865558490071,-7.874709055068599,0.036333333333333336,-0.1599441168297369
2021-08-09 06:30:00,0.0,0.0129720454877378,0.1103098605256854,58.93536073544985,0.036333333333333336,-0.1673960351997992
2021-08-09 07:00:00,0.0,0.0200188496134716,0.6459357700097019,337.69903967341685,0.036333333333333336,-0.1810298818753995
2021-08-09 07:30:00,0.0,0.0200788237222004,1.2808922632718212,670.4680103220013,0.036333333333333336,-0.2053908684583896
2021-08-09 08:00:00,0.0,0.0551682237418326,2.3652642220886797,1236.2393192496877,0.036333333333333336,-0.2465564741259949
2021-08-09 08:30:00,0.0,0.0238928841085454,4.6527034391401925,2438.184847762589,0.036333333333333336,-0.3112850744560935
2021-08-09 09:00:00,0.0,0.0987792912398944,5.146684540881761,2701.605949543808,0.036333333333333336,-0.4057082009541128
2021-08-09 09:30:00,0.0,0.0466603584820845,6.384697494287488,3352.413015778711,0.036333333333333336,-0.533344536974053
2021-08-09 10:00:00,0.0,3.5071174531835046e-05,9.745744695538038,5116.344300853216,0.03666666666666666,-0.6904639562867018
2021-08-09 10:30:00,0.0,0.0976208465543159,10.248110087713862,5376.862208252655,0.03666666666666666,-0.8613883050616454
2021-08-09 11:00:00,0.0,0.2344391313740574,11.718371865157009,6144.357557645221,0.03666666666666666,-1.0210183458482271
2021-08-09 11:30:00,0.0,0.2533448409003341,11.88054589304135,6228.985395503971,0.03666666666666666,-1.1454115709282122
2021-08-09 12:00:00,0.0,0.3077590187459001,12.17095777556136,6387.302123508149,0.037,-1.2217144247032112
2021-08-09 12:30:00,0.0,0.2556480853944262,11.375111177021855,5969.554856661776,0.037,-1.2504877709310172
2021-08-09 13:00:00,0.0,0.4594775361405597,11.839832478943665,6219.235322422582,0.037,-1.2420711365892505
2021-08-09 13:30:00,0.0,0.499360339275115,11.821097751276032,6199.943587906816,0.037,-1.2117918865900277
2021-08-09 14:00:00,0.0,0.4843782757591936,11.483341408401593,6036.038685054154,0.037,-1.1756282487044445
2021-08-09 14:30:00,0.0,0.3864796996484212,10.80653880058714,5679.765212165426,0.037,-1.1454826669347766
2021-08-09 15:00:00,0.0,0.3772366316938443,10.229718234219046,5377.0728613598985,0.037,-1.1256391416206035
2021-08-09 15:30:00,0.0,0.474599798633511,10.189278582443864,5360.167376732431,0.037,-1.1134344696312788
2021-08-09 16:00:00,0.0,0.5330839875955034,10.228097345499537,5380.652508667396,0.037,-1.1028810609515287
2021-08-09 16:30:00,0.0,0.4215444246858257,8.598946806839947,4518.114502133777,0.037,-1.0873727429678857
2021-08-09 17:00:00,0.0,0.4858880002880264,8.97581365523093,4713.84911158637,0.037,-1.0613771530641514
2021-08-09 17:30:00,0.0,0.4834030271928353,9.178326141137903,4819.905217008593,0.037,-1.0230374919686511
2021-08-09 18:00:00,0.0,0.4639888781915331,8.274648881897368,4352.853246481482,0.037,-0.9755494745961822
2021-08-09 18:30:00,0.0,0.470880771242502,8.241223971459812,4335.579361043695,0.037,-0.924493361030374
2021-08-09 19:00:00,0.0,0.4607316609382381,8.399036069321236,4419.49363190995,0.03666666666666666,-0.8734361430450237
2021-08-09 19:30:00,0.0,0.4028086763150877,5.722696079080624,3011.37201067353,0.03666666666666666,-0.8221798826621827
2021-08-09 20:00:00,0.0,0.4029727356081782,6.051192677599131,3182.3846820011877,0.03666666666666666,-0.768654798308274
2021-08-09 20:30:00,0.0,0.109836642359738,3.5376314744481485,1861.5166381189028,0.03666666666666666,-0.712300971294648
2021-08-09 21:00:00,0.0,0.1036590252382817,2.029900109607099,1069.462092604684,0.03666666666666666,-0.6562531853748078
2021-08-09 21:30:00,0.0,0.1007662862937851,1.2843602484326169,680.968357836392,0.03666666666666666,-0.6065885840163558
2021-08-09 22:00:00,0.0,0.1155652413298167,0.8735628215422693,463.4684810991766,0.03666666666666666,-0.5691189615069118
2021-08-09 22:30:00,0.0,0.0977971280187261,0.93933380936043,495.0738204274947,0.03666666666666666,-0.5462840991289437
2021-08-09 23:00:00,0.0,0.1106535874219962,0.6483572205054072,344.06076177942566,0.03666666666666666,-0.5364985962696291
2021-08-09 23:30:00,0.0,0.110410939233177,0.7376965603149979,389.1557812211354,0.03666666666666666,-0.5357440691949825
2021-08-10 00:00:00,0.0,0.1109940411166022,0.6792788700875675,357.54350068911975,0.036333333333333336,-0.5394932705749598
2021-08-10 00:30:00,0.0,0.1141043533791309,0.6104249098705166,319.24402654843266,0.036333333333333336,-0.5439016513409936
2021-08-10 01:00:00,0.0,0.0985464661865387,0.657936356530124,349.01686433525106,0.036333333333333336,-0.5465881705928494
2021-08-10 01:30:00,0.0,0.0977356741938573,0.5199885240383137,272.28815116536407,0.036333333333333336,-0.5470553803178008
2021-08-10 02:00:00,0.0,0.1113244730342944,0.3823182170950871,198.2250538121673,0.036333333333333336,-0.5460102300607085
2021-08-10 02:30:00,0.0,0.114204086844508,0.1684900889655624,94.33890172183948,0.036333333333333336,-0.5436916667241651
2021-08-10 03:00:00,0.0,0.1391871587148247,0.5529382737934656,287.4737564477894,0.036333333333333336,-0.5386972869556028
2021-08-10 03:30:00,0.0,0.1355883913972121,0.3380791252724535,177.83651091082265,0.036333333333333336,-0.5286256477575022
2021-08-10 04:00:00,0.0,0.1332787053258693,0.598138752677448,310.946099520104,0.03666666666666666,-0.51217153486315
2021-08-10 04:30:00,0.0,0.1139833113954716,0.5658915663288737,297.4027194300438,0.03666666666666666,-0.4907543714566387
2021-08-10 05:00:00,0.0,0.120476960136831,0.5438946680191916,287.2649727809588,0.036333333333333336,-0.4681585029821133
2021-08-10 05:30:00,0.0,0.1268260963708911,0.4991977367593215,265.3469910249049,0.036333333333333336,-0.4485351985051001
2021-08-10 06:00:00,0.0,0.1172176096824694,0.4759132880187362,251.97512475707128,0.036333333333333336,-0.4344573992138257
2021-08-10 06:30:00,0.0,0.1100615299107866,0.4421550330962902,235.0946059689169,0.036333333333333336,-0.4261804416925452
2021-08-10 07:00:00,0.0,0.1272284447982558,0.9933631424299124,523.0986192553765,0.036333333333333336,-0.4218277358449138
2021-08-10 07:30:00,0.0,0.1120281062031441,1.4121411513442137,741.6669781875089,0.036333333333333336,-0.4176347616987594
2021-08-10 08:00:00,0.0,0.096485787518428,1.259402795646345,663.6545107967574,0.036333333333333336,-0.4083950867193313
2021-08-10 08:30:00,0.0,0.0633720115523688,1.509889131704698,791.772677745161,0.036333333333333336,-0.3894885636231136
2021-08-10 09:00:00,0.0,0.0621909888342692,2.3346035905127405,1225.0802940929177,0.036333333333333336,-0.3608720858328988
2021-08-10 09:30:00,0.0,0.0580816916968745,2.273888823530481,1201.9473438516752,0.036333333333333336,-0.3300793698367535
2021-08-10 10:00:00,0.0,0.0534069614392328,3.000695311869819,1580.987219677248,0.036333333333333336,-0.3101971422003629
2021-08-10 10:30:00,0.0,0.0057944044066905,4.691604383216266,2462.1298723328355,0.036333333333333336,-0.3138030101253199
2021-08-10 11:00:00,0.0,0.0057470347706848,4.150660381669359,2183.0155269322822,0.036,-0.349120879523366
2021-08-10 11:30:00,0.0,0.0146886002219049,4.4326004423164544,2331.7929448227283,0.036,-0.4213973974614294
2021-08-10 12:00:00,0.0,0.033212437269027,6.546119016036508,3434.440589548109,0.036,-0.53442661582501
2021-08-10 12:30:00,0.0,0.1001956136419647,8.151423052181306,4284.421665006205,0.036,-0.6863264087230284
2021-08-10 13:00:00,0.0,0.255430567757458,9.387944586419207,4934.176565114969,0.03633333333333333,-0.8623274447249627
2021-08-10 13:30:00,0.0,0.2784090696908498,11.055501186598487,5797.604936555513,0.03633333333333333,-1.0341789273213968
2021-08-10 14:00:00,0.0,0.4321407574091113,9.509133848896033,4992.714874953973,0.03633333333333333,-1.170950026486889
2021-08-10 14:30:00,0.0,0.4995580554559424,10.735197897252188,5633.824888596638,0.03633333333333333,-1.2536854504238952
2021-08-10 15:00:00,0.0,0.461292085581844,9.42950726482544,4949.743960645783,0.03633333333333333,-1.28162709884497
2021-08-10 15:30:00,0.0,0.6201774929641698,9.381753485652778,4923.239954637631,0.03633333333333333,-1.2672633734323475
2021-08-10 16:00:00,0.0,0.4126112069653742,10.216548888331015,5368.958200539,0.03633333333333333,-1.227982380263573
2021-08-10 16:30:00,0.0,0.5499659084782245,10.379094714265626,5455.115210265079,0.03633333333333333,-1.1800940536923736
2021-08-10 17:00:00,0.0,0.3986770524170671,9.627488672321835,5058.848570936555,0.03633333333333333,-1.1342812788598935
2021-08-10 17:30:00,0.0,0.4494076219007932,8.936430048978814,4694.424098593173,0.03633333333333333,-1.0924642301951506
2021-08-10 18:00:00,0.0,0.5531537868902116,9.31688167976604,4892.441768015306,0.03633333333333333,-1.0493542403965246
2021-08-10 18:30:00,0.0,0.4643068586253673,7.763647829089043,4078.1716525230377,0.03633333333333333,-0.998763655961992
2021-08-10 19:00:00,0.0,0.4664988402943575,5.695434771912451,2999.352107045908,0.03633333333333333,-0.9394530112134925
2021-08-10 19:30:00,0.0,0.1490727794375547,4.701962210896603,2478.875754964097,0.03633333333333333,-0.8759272457108495
2021-08-10 20:00:00,0.0,0.1409000295081633,3.3568698262908128,1770.7090025834252,0.036,-0.814834205074275
2021-08-10 20:30:00,0.0,0.1342187361234405,2.3983213726617647,1260.5043476509438,0.036,-0.7610692000880344
2021-08-10 21:00:00,0.0,0.1117797298540249,1.545407481801761,818.1995845093044,0.036,-0.7165972848979327
2021-08-10 21:30:00,0.0,0.1101964849644638,1.0510628455381157,558.6930705986472,0.036,-0.681640976657045
2021-08-10 22:00:00,0.0,0.110294847161839,0.9603031516042164,506.5713088462105,0.036,-0.6559226778522758
2021-08-10 22:30:00,0.0,0.1066284690695595,0.7696999275781189,405.7510311153404,0.036,-0.6387199831145437
2021-08-10 23:00:00,0.0,0.1078564494606151,0.916319825554649,485.0085208118178,0.036,-0.6286054342982078
2021-08-10 23:30:00,0.0,0.1245045094464784,0.6694718849336384,355.6415237746531,0.036,-0.6238239439715946
2021-08-11 00:00:00,0.0,0.1305297381693643,0.6339925083275687,337.2136590957288,0.036,-0.6226722551886481
2021-08-11 00:30:00,0.0,0.1320365929348482,0.7125110300386468,377.3253668009312,0.036,-0.6231762805754621
2021-08-11 01:00:00,0.0,0.1428350708249812,0.472540479086988,246.99145615843588,0.036,-0.6228742245041111
2021-08-11 01:30:00,0.0,0.1326706290722258,0.5980684961435354,314.0907345929743,0.036,-0.6196556730994389
2021-08-11 02:00:00,0.0,0.1140713701141728,0.4731987008627011,248.6196823324167,0.036,-0.6128613860706842
2021-08-11 02:30:00,0.0,0.1352305547937256,0.4615167243080142,241.91092018934032,0.036,-0.6032839425940731
2021-08-11 03:00:00,0.0,0.1400398585069487,0.4498232915899804,235.1955789648382,0.036,-0.5921373190163345
2021-08-11 03:30:00,0.0,0.1114713961091419,0.5191999112540773,273.7871812375467,0.036,-0.5801399335669338
2021-08-11 04:00:00,0.0,0.0764973326962104,0.8131619090595185,428.92793598841376,0.036,-0.5674188455838479
2021-08-11 04:30:00,0.0,0.0775463249584025,0.5515454373876023,287.373326464236,0.036,-0.5540438963534063
2021-08-11 05:00:00,0.0,0.0780910935803938,0.5974277076988066,312.47827613258573,0.036,-0.5408129559095441
2021-08-11 05:30:00,0.0,4.874395895996382e-05,0.3116628068301357,160.86483686244566,0.036,-0.529695924512298
2021-08-11 06:00:00,0.0,0.0741384327445886,0.5418498856341466,285.54561527807584,0.036,-0.5230282591055313
2021-08-11 06:30:00,0.0,0.0766851410384829,0.7009867138020205,370.70714631990313,0.036,-0.5214057669767771
2021-08-11 07:00:00,0.0,0.1084025927751233,1.0910438359812953,572.523406743082,0.036,-0.5224192997278206
2021-08-11 07:30:00,0.0,0.0761433378283154,3.4850474867223555,1826.863659257032,0.036,-0.5228031971535352
2021-08-11 08:00:00,0.0,0.0827721359859045,4.090566373746862,2144.664526848207,0.036,-0.5232015400726109
2021-08-11 08:30:00,0.0,0.1442474278633252,6.48441877188133,3402.5037088776335,0.036,-0.5308497439620903
2021-08-11 09:00:00,0.0,0.0759950565756192,6.953317229294758,3650.680945499029,0.036,-0.5567221521466637
2021-08-11 09:30:00,0.0,0.0025197625129753,7.171297689403739,3768.895153349142,0.036,-0.609074869655443
2021-08-11 10:00:00,0.0,0.1424592028947499,7.69667326433299,4043.056704176747,0.036,-0.687981473468286
2021-08-11 10:30:00,0.0,0.1514747598546801,7.799217435487435,4093.196094422679,0.036,-0.7832478335961756
2021-08-11 11:00:00,0.0,0.298321773573614,8.270389091841409,4343.560118701103,0.036,-0.8764668753122848
2021-08-11 11:30:00,0.0,0.369433122525287,8.152798825101,4284.663537578234,0.036,-0.9484948755070902
2021-08-11 12:00:00,0.0,0.4189229489427857,7.405176180964467,3890.352218129602,0.03633333333333333,-0.990451951107868
2021-08-11 12:30:00,0.0,0.3811412752192146,6.830090581072891,3588.9214424864867,0.03633333333333333,-1.0095493459423952
2021-08-11 13:00:00,0.0,0.4097750362586343,7.688668130122283,4033.592113944087,0.03633333333333333,-1.0222380705961496
2021-08-11 13:30:00,0.0,0.4832970992144824,8.161101542305136,4289.431648060482,0.03633333333333333,-1.0403119017475086
2021-08-11 14:00:00,0.0,0.5119337960434367,8.319599786964895,4373.735317217857,0.03633333333333333,-1.0639429771732134
2021-08-11 14:30:00,0.0,0.5600481167844569,8.22832572963472,4323.234905026137,0.03633333333333333,-1.0862637419319428
2021-08-11 15:00:00,0.0,0.5439654986155313,8.345720674890893,4381.093202821051,0.03633333333333333,-1.1013303550228493
2021-08-11 15:30:00,0.0,0.5919849524559977,8.733833115222165,4586.921778483605,0.03633333333333333,-1.1076331386883165
2021-08-11 16:00:00,0.0,0.5445800276567127,8.360971420614883,4396.536884483428,0.036,-1.1067985486218923
2021-08-11 16:30:00,0.0,0.5931122543105621,8.352746309709422,4391.813341989841,0.036,-1.1003947673795773
2021-08-11 17:00:00,0.0,0.539919491128948,8.110318858191233,4265.085725464462,0.035666666666666666,-1.0879177694663746
2021-08-11 17:30:00,0.0,0.5079919706042355,7.799120510979696,4094.11015176196,0.035666666666666666,-1.0676950022040017
2021-08-11 18:00:00,0.0,0.4934235322855276,7.654501590619272,4015.915910975199,0.035666666666666666,-1.0388106693515655
2021-08-11 18:30:00,0.0,0.4799539880010687,7.491582598450728,3932.117471409157,0.035666666666666666,-1.0011782398111886
2021-08-11 19:00:00,0.0,0.4030726346177029,6.537408918953258,3440.0369148459854,0.035666666666666666,-0.954725021955861
2021-08-11 19:30:00,0.0,0.313318375812237,5.603849653246073,2946.2109093004656,0.035666666666666666,-0.8999153394203923
2021-08-11 20:00:00,0.0,0.1115501620672511,4.49026211460299,2360.01043506969,0.035666666666666666,-0.8387305841036499
2021-08-11 20:30:00,0.0,0.0543030646774047,2.998816173549824,1574.7859229697456,0.035666666666666666,-0.7744521397068809
2021-08-11 21:00:00,0.0,4.348347631312602e-05,2.0169319880133076,1062.1108268460896,0.035333333333333335,-0.7110790146375645
2021-08-11 21:30:00,0.0,0.0500005760427684,1.5126208553665048,804.8821368814387,0.035333333333333335,-0.6536029460068356
2021-08-11 22:00:00,0.0,0.0806426435920781,1.1057628356843752,589.5615069775249,0.035333333333333335,-0.6078539168206338
2021-08-11 22:30:00,0.0,0.0502160078942033,0.8599778980576802,458.2899781262536,0.035333333333333335,-0.5781782360398987
2021-08-11 23:00:00,0.0,4.055340692075748e-05,0.8038255301009034,428.5235649315487,0.035333333333333335,-0.5643730158074592
2021-08-11 23:30:00,0.0,4.010504485176586e-05,0.734977129078757,388.9850892098693,0.035333333333333335,-0.5612507512323668
2021-08-12 00:00:00,0.0,4.0372945814983454e-05,0.7445553154136081,393.9407041206837,0.035333333333333335,-0.5616549694257347
2021-08-12 00:30:00,0.0,3.979356367009359e-05,0.7231690273753345,385.388839677071,0.035333333333333335,-0.5601622932001853
2021-08-12 01:00:00,0.0,3.8954333049748784e-05,0.5989739743454148,320.30520262759916,0.035333333333333335,-0.5546137555824624
2021-08-12 01:30:00,0.0,3.8866250804398595e-05,0.7226398059566954,383.8404672858379,0.035333333333333335,-0.5453017768898086
2021-08-12 02:00:00,0.0,3.860457419765026e-05,0.7215179800123686,380.7107508765829,0.035333333333333335,-0.5335777163566102
2021-08-12 02:30:00,0.0,0.0409429646332917,0.4717460165832618,248.4916949986721,0.035333333333333335,-0.5210014673452162
2021-08-12 03:00:00,0.0,0.0424019906182053,0.7111266724295044,377.2286688462653,0.035666666666666666,-0.5085717684700102
2021-08-12 03:30:00,0.0,3.7865839024847846e-05,0.6204455318498435,328.88880792157744,0.035666666666666666,-0.4958793820691486
2021-08-12 04:00:00,0.0,3.752045360748856e-05,0.6295838071547124,329.15667047862513,0.035666666666666666,-0.4812083978302038
2021-08-12 04:30:00,0.0,3.73056019335144e-05,0.6643572610931477,349.126478693365,0.035666666666666666,-0.4628097196962649
2021-08-12 05:00:00,0.0,0.039922671610256,0.4262724959435293,224.88323075241817,0.035333333333333335,-0.4399540147625811
2021-08-12 05:30:00,0.0,0.0351921159656839,0.6874835466390239,362.40751450557104,0.035333333333333335,-0.4130872949439742
2021-08-12 06:00:00,0.0,0.0315983016719457,0.5994977030817095,321.85733428777763,0.035333333333333335,-0.3842080700066723
2021-08-12 06:30:00,0.0,0.0287970220799839,0.5740584172881005,302.2494702511459,0.035333333333333335,-0.3581650468170364
2021-08-12 07:00:00,0.0,0.0384751762549604,0.8777598295795419,460.5412779701571,0.034999999999999996,-0.3439569131673535
2021-08-12 07:30:00,0.0,0.0353984302523324,1.4767705053035196,780.1124321955767,0.034999999999999996,-0.3548333533564144
2021-08-12 08:00:00,0.0,0.0241616583230585,1.683802885528388,890.5592525151991,0.034999999999999996,-0.4061474355556569
2021-08-12 08:30:00,0.0,0.0227896419947064,3.715173653663181,1949.5398275302225,0.034999999999999996,-0.510018111860935
2021-08-12 09:00:00,0.0,0.0233947140906562,6.467221610711315,3392.0813549549443,0.034999999999999996,-0.6674764334801853
2021-08-12 09:30:00,0.0,3.519499171295756e-05,7.371813559748658,3871.630351081932,0.034999999999999996,-0.8621593965660227
2021-08-12 10:00:00,0.0,3.756351760627554e-05,8.221859926817194,4316.099043807486,0.035333333333333335,-1.061615671944498
2021-08-12 10:30:00,0.0,0.1062933687776827,8.915329616807853,4682.144428717117,0.035333333333333335,-1.2292070121792218
2021-08-12 11:00:00,0.0,0.1252592041784682,8.529813975323822,4476.7658568815805,0.035333333333333335,-1.3408306790742806
2021-08-12 11:30:00,0.0,0.2467901258944275,8.528608643545065,4482.717698442431,0.035333333333333335,-1.3940215857466185
2021-08-12 12:00:00,0.0,0.2511020298851663,8.213666510791125,4310.436812310757,0.035666666666666666,-1.4035786171723803
2021-08-12 12:30:00,0.0,0.3732687471174887,8.246290407413138,4333.003347386955,0.035666666666666666,-1.3907377346836844
2021-08-12 13:00:00,0.0,0.4336115916515559,8.112951681770646,4258.348384153644,0.035666666666666666,-1.3742474004761336
2021-08-12 13:30:00,0.0,0.4570934325889983,8.379302002575631,4404.60219270032,0.035666666666666666,-1.365240517694417
2021-08-12 14:00:00,0.0,0.4479381887340189,7.910717987000741,4150.875637363284,0.035666666666666666,-1.3659238828474027
2021-08-12 14:30:00,0.0,0.6770301800927462,7.740322604858621,4066.601371974711,0.035666666666666666,-1.3719899813999985
2021-08-12 15:00:00,0.0,0.6802760835663216,7.560916871435726,3972.367347354245,0.035666666666666666,-1.376811964302766
2021-08-12 15:30:00,0.0,0.6215568328450656,7.233105364231292,3800.8667732331887,0.035666666666666666,-1.3750730271036278
2021-08-12 16:00:00,0.0,0.5961211891880142,7.406442170569683,3888.563953149407,0.035666666666666666,-1.364073910496846
2021-08-12 16:30:00,0.0,0.6194597884975964,6.918802926824808,3636.3122338793382,0.035666666666666666,-1.3421653017032211
2021-08-12 17:00:00,0.0,0.7174745262899681,6.386433527818635,3358.9029192887524,0.035666666666666666,-1.3071969452109171
2021-08-12 17:30:00,0.0,0.7700753091106702,6.502382926337518,3422.430131219307,0.035666666666666666,-1.25828898448136
2021-08-12 18:00:00,0.0,0.7028341298217897,6.224638847064423,3274.17978924784,0.035666666666666666,-1.198192113591556
2021-08-12 18:30:00,0.0,0.6633101220922077,6.1525619856106,3232.787263141531,0.035666666666666666,-1.1316994596560097
2021-08-12 19:00:00,0.0,0.5565792071066497,5.138247745327071,2703.623105253403,0.035333333333333335,-1.061985476233434
2021-08-12 19:30:00,0.0,0.5034995982273183,4.883051991008347,2569.9098949717327,0.035333333333333335,-0.9896210402032958
2021-08-12 20:00:00,0.0,0.0996259411364667,4.248262351535045,2237.9774744714064,0.035333333333333335,-0.9146314234581178
2021-08-12 20:30:00,0.0,5.261428458702908e-05,2.8038120539410483,1477.1869872718707,0.035333333333333335,-0.8386122743956254
2021-08-12 21:00:00,0.0,4.949447968467615e-05,1.7907501589444172,943.5806869990008,0.035333333333333335,-0.7649421195123716
2021-08-12 21:30:00,0.0,4.726168961965012e-05,1.6070998484684154,847.7137145552292,0.035333333333333335,-0.6973698253579047
2021-08-12 22:00:00,0.0,4.696786173609869e-05,1.3671800100581573,722.0276591623357,0.035333333333333335,-0.6382388020732765
2021-08-12 22:30:00,0.0,4.604789503631127e-05,1.2560714898736411,660.6519918127192,0.035333333333333335,-0.5876188842869523
2021-08-12 23:00:00,0.0,4.418741123033195e-05,0.9354725205083578,494.9178270877859,0.034999999999999996,-0.5439807228136808
2021-08-12 23:30:00,0.0,0.0500907308906101,1.1674532063176706,613.4162831033899,0.034999999999999996,-0.5058376870367232
2021-08-13 00:00:00,0.0,0.0665758391440082,1.1101932909846628,582.4311097058671,0.034999999999999996,-0.4728055174336238
2021-08-13 00:30:00,0.0,0.0723667417293742,0.9192606154704897,478.9083427968505,0.034999999999999996,-0.445031191181661
2021-08-13 01:00:00,0.0,0.0690865903861888,0.7327473913337286,390.34451873169934,0.034999999999999996,-0.4218646001770905
2021-08-13 01:30:00,0.0,0.0567232506414704,0.909657603928401,477.0827801769076,0.034999999999999996,-0.4014808215849242
2021-08-13 02:00:00,0.0,0.0547522700814647,0.7850666350012289,409.23162265673255,0.034999999999999996,-0.3818953111938769
2021-08-13 02:30:00,0.0,0.0362885937738246,1.022627663758431,539.4989445225526,0.034999999999999996,-0.3624161818063884
2021-08-13 03:00:00,0.0,0.0339875126639412,0.9764964662644776,511.7779267440481,0.034999999999999996,-0.3443532692821152
2021-08-13 03:30:00,0.0,0.0326641015588957,0.5273375120609185,278.6204989904061,0.034999999999999996,-0.330548736957847
2021-08-13 04:00:00,0.0,0.0309653406242394,0.390925287995546,207.80680464552185,0.034666666666666665,-0.3241923209567607
2021-08-13 04:30:00,0.0,0.0296311203877159,0.6068541546648188,320.5384649181016,0.034666666666666665,-0.3275499761531451
2021-08-13 05:00:00,0.0,0.0399830975903472,0.6450264238073692,351.21961972943615,0.034666666666666665,-0.3407870265357363
2021-08-13 05:30:00,0.0,0.0271328070459246,0.4469084152044352,234.93527980567384,0.034666666666666665,-0.3613910738535569
2021-08-13 06:00:00,0.0,0.025625823931179,0.5975200214571365,320.1764776599144,0.034666666666666665,-0.3856184903220518
2021-08-13 06:30:00,0.0,0.0256209620980827,0.3889665823574896,202.91393352347475,0.034666666666666665,-0.4123801729707586
2021-08-13 07:00:00,0.0,0.0258799522997237,0.9673145482473196,511.4261828388769,0.034666666666666665,-0.4474732936662838
2021-08-13 07:30:00,0.0,0.024983485302271,1.57193552613233,825.771139342087,0.034666666666666665,-0.5047746604125987
2021-08-13 08:00:00,0.0,0.034835548687659,1.387460816756497,731.9155017481223,0.034666666666666665,-0.6017987141485358
2021-08-13 08:30:00,0.0,0.0248942600177903,3.6549180320979815,1917.7362836876257,0.034666666666666665,-0.7504734403757655
2021-08-13 09:00:00,0.0,3.383853668811971e-05,6.125748421268879,3210.693766321023,0.034333333333333334,-0.9482944279624308
2021-08-13 09:30:00,0.0,3.74774208217219e-05,6.823134084421446,3580.8245752612083,0.034333333333333334,-1.1756129599886638
2021-08-13 10:00:00,0.0,4.191285371403597e-05,7.19108030699956,3772.225851011618,0.034666666666666665,-1.400820537585748
2021-08-13 10:30:00,0.0,0.1124355596051476,7.312544281146273,3837.045750138144,0.034666666666666665,-1.5913019678309437
2021-08-13 11:00:00,0.0,0.1367463958263478,6.548266470145784,3435.0443728091404,0.034666666666666665,-1.7250433983715403
2021-08-13 11:30:00,0.0,0.1600155069285339,6.08065859701566,3195.062168884234,0.034666666666666665,-1.7958133058424643
2021-08-13 12:00:00,0.0,0.3455499682078509,6.035202401217758,3166.8991432694943,0.035333333333333335,-1.8100634256697383
2021-08-13 12:30:00,0.0,0.3854200711425998,6.360353902711498,3342.3588539626608,0.035333333333333335,-1.7817681922604616
2021-08-13 13:00:00,0.0,0.5543157072720902,5.557718895407674,2912.360250172908,0.035333333333333335,-1.7286350726050048
2021-08-13 13:30:00,0.0,0.418020607788053,5.053448764916277,2655.445174398111,0.035333333333333335,-1.667091526122218
2021-08-13 14:00:00,0.0,0.6037504307360686,5.632137032425501,2956.140074777459,0.035333333333333335,-1.6070696613047148
2021-08-13 14:30:00,0.0,0.5997744650349889,5.539680390836674,2908.268741847896,0.035333333333333335,-1.5513264916394451
2021-08-13 15:00:00,0.0,0.628644564388235,3.913932187453664,2057.5819587623614,0.035333333333333335,-1.4995429910977125
2021-08-13 15:30:00,0.0,0.6845161595387298,3.814858885068269,2005.129716646924,0.035333333333333335,-1.4521676020854557
2021-08-13 16:00:00,0.0,0.6290290821846013,3.900631623037101,2036.6950556388651,0.035333333333333335,-1.409955347644313
2021-08-13 16:30:00,0.0,0.6257987345369854,3.625112874096376,1902.8539250355875,0.035333333333333335,-1.3706085764825735
2021-08-13 17:00:00,0.0,0.6323568490477965,4.002109849914811,2100.477513240766,0.035333333333333335,-1.3283858268292676
2021-08-13 17:30:00,0.0,0.6281537369884168,3.931749866818469,2057.8663098257257,0.035333333333333335,-1.2791514187093456
2021-08-13 18:00:00,0.0,0.6028716556876013,3.803358468354576,1991.864617090415,0.034999999999999996,-1.2242384938997517
2021-08-13 18:30:00,0.0,0.5805877512034304,3.7838126595849055,1982.8565081030144,0.034999999999999996,-1.167142342812608
2021-08-13 19:00:00,0.0,0.293360285504351,3.273100983548151,1719.83499655763,0.034999999999999996,-1.1078312616357948
2021-08-13 19:30:00,0.0,0.4796097710202347,3.200764558746677,1677.160543820139,0.034999999999999996,-1.0422048337316083
2021-08-13 20:00:00,0.0,0.1577372585248335,3.1093723846729784,1630.349055224606,0.034999999999999996,-0.9665439415577888
2021-08-13 20:30:00,0.0,0.1432886197915338,2.448333210516717,1287.592127005972,0.034999999999999996,-0.8821531361490537
2021-08-13 21:00:00,0.0,0.114509067485966,2.0343802674795923,1066.3081792949868,0.034666666666666665,-0.796515482552394
2021-08-13 21:30:00,0.0,0.1102175985935013,1.8853130868450323,990.185692721853,0.034666666666666665,-0.7201550414227431
2021-08-13 22:00:00,0.0,0.174415638437661,1.5926205703632448,834.0454011442885,0.034666666666666665,-0.6614687633120009
2021-08-13 22:30:00,0.0,0.143170778406461,1.113647282088337,592.9997373384291,0.034666666666666665,-0.6233095121861002
2021-08-13 23:00:00,0.0,0.1579275228053997,1.2527155187960075,654.5335493291032,0.034666666666666665,-0.603024101600422
2021-08-13 23:30:00,0.0,0.0900303980710116,1.2343437326302484,653.7286148034915,0.034666666666666665,-0.5945743794621532
2021-08-14 00:00:00,0.0,0.1217730974494596,0.9897063304744068,527.4432113942916,0.034333333333333334,-0.590987560393299
2021-08-14 00:30:00,0.0,0.0852965918435227,1.0992384647210758,580.4942552483494,0.034333333333333334,-0.5865315994545616
2021-08-14 01:00:00,0.0,4.6240827686522826e-05,1.3317911043958095,704.2647506698811,0.034333333333333334,-0.5787480461464686
2021-08-14 01:30:00,0.0,4.428256051936826e-05,0.9342584593380544,499.3132286185602,0.034333333333333334,-0.5694609543305997
2021-08-14 02:00:00,0.0,4.537522721954669e-05,1.1453304932922552,609.4202940740546,0.034333333333333334,-0.5629334280466222
2021-08-14 02:30:00,0.0,4.301786220239421e-05,0.5375204881117497,285.1746570301653,0.034333333333333334,-0.5616846690569389
2021-08-14 03:00:00,0.0,4.274146575667647e-05,0.8767913070649438,465.07208380777365,0.034333333333333334,-0.5638736810333695
2021-08-14 03:30:00,0.0,4.214173306104348e-05,0.7521984713239676,397.2401067611942,0.034333333333333334,-0.5651813311618585
2021-08-14 04:00:00,0.0,3.9972436580370545e-05,0.5864166608022214,319.5290202255433,0.034333333333333334,-0.5633545813587938
2021-08-14 04:30:00,0.0,4.041801506996202e-05,0.7708549012725718,399.290964142397,0.034333333333333334,-0.5609306261276847
2021-08-14 05:00:00,0.0,3.965973253870246e-05,-0.0042715503610226,-1.9686364299731791,0.034333333333333334,-0.5637025864895571
2021-08-14 05:30:00,0.0,0.057703948732756,1.1424357000558292,600.402636039103,0.034333333333333334,-0.576558849656967
2021-08-14 06:00:00,0.0,0.0595721476749177,0.4323856738111085,224.79750605766785,0.034333333333333334,-0.6005008216853842
2021-08-14 06:30:00,0.0,0.0578687287277928,0.6962518305505516,368.8407263087921,0.034333333333333334,-0.6331389069550855
2021-08-14 07:00:00,0.0,0.0578687287277928,1.7214314529411636,901.4877693714192,0.034333333333333334,-0.6720255862662683
2021-08-14 07:30:00,0.0,0.0892202569557095,3.514060884361234,1843.0133154647676,0.034333333333333334,-0.7185086402253154
2021-08-14 08:00:00,0.0,0.0565400834709561,3.694517168266695,1938.8171122415304,0.034333333333333334,-0.7789921624769277
2021-08-14 08:30:00,0.0,0.0541043252270482,3.2020382205132103,1685.296941985514,0.034333333333333334,-0.8612185235220422
2021-08-14 09:00:00,0.0,4.177665065286426e-05,5.493497619528436,2882.248586368553,0.034333333333333334,-0.9675020452453824
2021-08-14 09:30:00,0.0,0.0029153353336462,5.0439831569593085,2648.3983947601514,0.034333333333333334,-1.09090955688234
2021-08-14 10:00:00,0.0,0.0135886878507786,5.493777318188096,2887.6568970991257,0.034333333333333334,-1.218690236976393
2021-08-14 10:30:00,0.0,0.041001215513406,7.81128904197543,4098.484887644419,0.034333333333333334,-1.3405586220639685
2021-08-14 11:00:00,0.0,0.1415101739792244,6.477516702310513,3396.9009895392232,0.034333333333333334,-1.4546728630212564
2021-08-14 11:30:00,0.0,0.065937977788799,8.357645796884286,4390.112573928428,0.034333333333333334,-1.5656922704511376
2021-08-14 12:00:00,0.0,0.0741247733557887,7.511614342052646,3945.902326569455,0.034333333333333334,-1.6759220125499443
2021-08-14 12:30:00,0.0,0.2697796829056178,7.304966739563306,3830.177397361044,0.034333333333333334,-1.7772346907414045
2021-08-14 13:00:00,0.0,0.3615888989898557,6.743933062249534,3546.8659955391768,0.034333333333333334,-1.8518642739573148
2021-08-14 13:30:00,0.0,0.3899626963937843,6.017480932850946,3165.4615192697297,0.034333333333333334,-1.8824331697276928
2021-08-14 14:00:00,0.0,0.8231149552366599,4.844920714167394,2545.847368848537,0.034666666666666665,-1.8628182787976375
2021-08-14 14:30:00,0.0,0.6344521271789875,4.528301207320105,2376.9660052052177,0.034666666666666665,-1.801518360418097
2021-08-14 15:00:00,0.0,0.6200261045064495,4.721184307003506,2487.7355167803858,0.034666666666666665,-1.717178556339373
2021-08-14 15:30:00,0.0,0.6326999396043321,5.1949584399213435,2730.845706140007,0.034666666666666665,-1.6306934347297897
2021-08-14 16:00:00,0.0,0.5518950136548034,4.322925756201916,2260.106640722871,0.034666666666666665,-1.5570496018477962
2021-08-14 16:30:00,0.0,0.5821198101508667,4.548433977019592,2398.3163194923673,0.034666666666666665,-1.4996819722349386
2021-08-14 17:00:00,0.0,0.7456453927661485,4.364416239716499,2295.915819362599,0.034666666666666665,-1.4514498272861411
2021-08-14 17:30:00,0.0,0.7183952187656599,4.432040767581266,2329.292652959251,0.034666666666666665,-1.4024217354955186
2021-08-14 18:00:00,0.0,0.6966132410740604,4.3732938499077205,2294.4660334969685,0.034333333333333334,-1.3476728988501303
2021-08-14 18:30:00,0.0,0.6403458378886769,4.129640291120584,2167.666244606452,0.034333333333333334,-1.2886110753139917
2021-08-14 19:00:00,0.0,0.4521097434643898,3.69539154502494,1943.7877596959288,0.034333333333333334,-1.2292570723368703
2021-08-14 19:30:00,0.0,0.1510016034332317,2.6368521071411672,1391.8129023142712,0.034333333333333334,-1.1728582778943288
2021-08-14 20:00:00,0.0,0.1405649347153349,2.499740704395175,1314.237174969689,0.034333333333333334,-1.1211850535524055
2021-08-14 20:30:00,0.0,0.2008601165905718,1.8957385051604745,998.0096595101828,0.034333333333333334,-1.07527848082892
2021-08-14 21:00:00,0.0,0.1329579886489861,1.7123070569083545,901.0352921075392,0.034333333333333334,-1.0360596908787627
2021-08-14 21:30:00,0.0,6.184399553733421e-05,1.274690742065954,669.0387643723485,0.034333333333333334,-1.0044499266337168
2021-08-14 22:00:00,0.0,0.1305514119392825,1.517684898707936,801.3095155051758,0.034333333333333334,-0.981318896012958
2021-08-14 22:30:00,0.0,0.1240951817781428,1.1532107619241572,605.3685564980455,0.034333333333333334,-0.9673693705572696
2021-08-14 23:00:00,0.0,0.1088793437301443,1.0879098888864394,573.9884451794287,0.034333333333333334,-0.9627700034533448
2021-08-14 23:30:00,0.0,5.791552763269785e-05,1.0527248408859602,551.3305293378214,0.034333333333333334,-0.9665723509029448
2021-08-15 00:00:00,0.0,0.1112040354584203,1.1514565341978924,603.8164037006991,0.034333333333333334,-0.9764636651752978
2021-08-15 00:30:00,0.0,0.1146940463290737,1.2289738995811827,644.6738665693268,0.034333333333333334,-0.988820191323568
2021-08-15 01:00:00,0.0,0.1182186078772232,0.8714113397224346,454.0289184284731,0.034333333333333334,-0.9981649462947968
2021-08-15 01:30:00,0.0,0.174674089396132,0.8931074300626521,464.0280312146596,0.034333333333333334,-0.99643452334547
2021-08-15 02:00:00,0.0,0.1189451958644733,1.051495860516519,551.3052875014021,0.034333333333333334,-0.974924182846014
2021-08-15 02:30:00,0.0,0.1109232211868813,1.382711410106081,724.4619828206487,0.034333333333333334,-0.9300413019841756
2021-08-15 03:00:00,0.0,4.9593749015695974e-05,1.1843060095680926,620.2405769429481,0.033999999999999996,-0.8683276035540105
2021-08-15 03:30:00,0.0,4.721230452675592e-05,0.9516932708758048,500.1334777017672,0.033999999999999996,-0.8046412886523224
2021-08-15 04:00:00,0.0,4.6385317006308536e-05,0.9064896111637276,475.4057444637472,0.033999999999999996,-0.7536933933191292
2021-08-15 04:30:00,0.0,4.604789503631127e-05,0.8629395641490653,455.33476277465786,0.033999999999999996,-0.722017144371695
2021-08-15 05:00:00,0.0,4.508809620394872e-05,0.7034087647513452,367.4350607279726,0.033666666666666664,-0.7067441004145216
2021-08-15 05:30:00,0.0,4.418741123033195e-05,0.905256807202906,472.2349496946737,0.033666666666666664,-0.7007501160890878
2021-08-15 06:00:00,0.0,4.3672120691857e-05,0.8732656023808777,458.7930474618238,0.033666666666666664,-0.6991470906282944
2021-08-15 06:30:00,0.0,4.3391293708462714e-05,0.6607518931571078,350.40095881756076,0.033666666666666664,-0.7032150124369112
2021-08-15 07:00:00,0.0,4.362491475530173e-05,0.8605485407531711,449.02256242773353,0.033666666666666664,-0.7211738667145533
2021-08-15 07:30:00,0.0,4.357773870443802e-05,0.6733742615216713,360.1466225716154,0.033666666666666664,-0.7660906028498059
2021-08-15 08:00:00,0.0,4.4849951911232046e-05,1.1319115172060843,599.9405670003486,0.033666666666666664,-0.8500477621562561
2021-08-15 08:30:00,0.0,0.0876028303792792,2.614249522029501,1375.9610925675245,0.033666666666666664,-0.974989947892832
2021-08-15 09:00:00,0.0,0.0979315959145675,1.751516272960508,914.6407738931867,0.033666666666666664,-1.126234797047883
2021-08-15 09:30:00,0.0,0.1641549521368822,3.493661623601434,1832.9988426163488,0.033666666666666664,-1.2766438320969893
2021-08-15 10:00:00,0.0,0.3126189637553914,4.002166369077644,2103.840464082973,0.033666666666666664,-1.400827160042504
2021-08-15 10:30:00,0.0,0.3245091121277272,5.128657785518243,2689.041954828628,0.033666666666666664,-1.487984884165915
2021-08-15 11:00:00,0.0,0.1902491992593768,6.289746007755941,3301.738701040818,0.033999999999999996,-1.543955749781856
2021-08-15 11:30:00,0.0,0.3502653233373277,6.235211850891805,3265.3229267916936,0.033999999999999996,-1.583993482363199
2021-08-15 12:00:00,0.0,0.3575094899479067,7.495263986329491,3938.9145649837296,0.033999999999999996,-1.6235846444774809
2021-08-15 12:30:00,0.0,0.5445067314079653,9.40620999572501,4936.374806810671,0.033999999999999996,-1.6714337188057733
2021-08-15 13:00:00,0.0,0.5551928636151208,8.977475713501825,4712.440464705563,0.033999999999999996,-1.7266549536140157
2021-08-15 13:30:00,0.0,0.493605351333147,8.673432614849432,4557.596635472112,0.033999999999999996,-1.782699607633574
2021-08-15 14:00:00,0.0,0.6379420579004208,7.913646823852771,4157.689124498696,0.034333333333333334,-1.8363637059735285
2021-08-15 14:30:00,0.0,0.6543953484260941,7.097020398659671,3723.058182102671,0.034333333333333334,-1.8929301881871743
2021-08-15 15:00:00,0.0,0.6949760711797073,6.549672854679219,3438.8052478456348,0.034333333333333334,-1.960883258129839
2021-08-15 15:30:00,0.0,0.7518062414082048,5.899525077708808,3100.284076063488,0.034333333333333334,-2.0422325552432734
2021-08-15 16:00:00,0.0,0.7542349676803379,5.19521630437972,2736.83632722022,0.034333333333333334,-2.1293120541116055
2021-08-15 16:30:00,0.0,0.7282044867763465,5.148192112243341,2707.6987566794983,0.034333333333333334,-2.209352628950564
2021-08-15 17:00:00,0.0,0.7301842844985501,5.110360399257804,2684.9076386672145,0.034333333333333334,-2.2708671082689498
2021-08-15 17:30:00,0.0,0.8587066501818772,4.7594418340457825,2506.995218702418,0.034333333333333334,-2.3082548647360377
2021-08-15 18:00:00,0.0,0.6627755437022733,4.863869388620239,2554.0376448965035,0.033999999999999996,-2.3233989082579773
2021-08-15 18:30:00,0.0,0.4485741054105858,3.7244725717205527,1956.591307334285,0.033999999999999996,-2.323583274730053
2021-08-15 19:00:00,0.0,0.2601163569666871,3.10875630866133,1632.321641559123,0.033999999999999996,-2.317528930582745
2021-08-15 19:30:00,0.0,0.2101377114834537,2.363230235509981,1245.8267814546537,0.033999999999999996,-2.3125367006683604
2021-08-15 20:00:00,0.0,0.2357534777111704,1.8737450493325647,988.414390384032,0.033999999999999996,-2.3136548336382208
2021-08-15 20:30:00,0.0,0.1963669352923275,1.4832562432410592,782.2031850102087,0.033999999999999996,-2.3235372602627007
2021-08-15 21:00:00,0.0,0.1317911196065308,1.1520100654358456,605.3562921316839,0.033666666666666664,-2.3426658282646584
2021-08-15 21:30:00,0.0,0.1332267266521989,1.7540128587832284,922.0458659831944,0.033666666666666664,-2.3698675478821127
2021-08-15 22:00:00,0.0,0.1310761564357923,1.4483003584683856,758.5015632240898,0.033666666666666664,-2.4023887055541335
2021-08-15 22:30:00,0.0,0.1320199343269083,1.129896929560497,593.8801933045202,0.033666666666666664,-2.4358438541464116
2021-08-15 23:00:00,0.0,0.1317192934121471,1.4721256482615832,775.8110720078704,0.033666666666666664,-2.465625767949128
2021-08-15 23:30:00,0.0,0.128164684223342,0.8749320381407432,463.45942209927887,0.033666666666666664,-2.4890788782467093
2021-08-16 00:00:00,0.0,0.1831684430469418,0.8230602012970424,448.830473517082,0.033666666666666664,-2.505841457604061
2021-08-16 00:30:00,0.0,0.1793691275501859,0.7905986513337058,433.8698656744721,0.033666666666666664,-2.5163700966154474
2021-08-16 01:00:00,0.0,0.1760695967437662,0.5453639891019099,306.6212932069537,0.033666666666666664,-2.521070262363247
2021-08-16 01:30:00,0.0,0.1721876661123242,0.8003491268555756,435.787886440465,0.033666666666666664,-2.5206563621545963
2021-08-16 02:00:00,0.0,0.1996569361058468,0.6663692976024205,364.98697694310783,0.033666666666666664,-2.516372703638878
2021-08-16 02:30:00,0.0,0.1685898994455965,0.6892313987873329,378.1162961317331,0.033666666666666664,-2.5095278155083234
2021-08-16 03:00:00,0.0,0.1924482590220592,0.5687559724846696,321.2967925588624,0.033666666666666664,-2.5008369007324793
2021-08-16 03:30:00,0.0,0.1605199027784978,0.635336582993459,354.5722695601845,0.033666666666666664,-2.490118761235892
2021-08-16 04:00:00,0.0,0.1823668412741083,0.6903201190102569,381.20596025199296,0.033666666666666664,-2.476627865945965
2021-08-16 04:30:00,0.0,0.1744493133043431,0.6223120111753365,343.38395807061517,0.033666666666666664,-2.4600208535026975
2021-08-16 05:00:00,0.0,0.1423621590520999,0.5687559724846696,321.2967925588624,0.033666666666666664,-2.44146306790605
2021-08-16 05:30:00,0.0,0.0952940103677022,0.5557648305427878,310.11400108848346,0.033666666666666664,-2.4239903249433192
2021-08-16 06:00:00,0.0,0.091904510486488,0.6543137247742894,356.8331368124319,0.033666666666666664,-2.411676962233735
2021-08-16 06:30:00,0.0,0.0905526756011508,0.2836606109491441,165.04680579160487,0.033666666666666664,-2.408027738550116
2021-08-16 07:00:00,0.0,0.0911239117224722,0.5448348254241467,305.07667167930884,0.03333333333333333,-2.4144649182811544
2021-08-16 07:30:00,0.0,0.0890298380924033,0.4345281925291216,252.9374833886457,0.03333333333333333,-2.429627020441988
2021-08-16 08:00:00,0.0,0.0891023626042603,0.7244672453769155,400.8160791039756,0.03333333333333333,-2.450010721154543
2021-08-16 08:30:00,0.0,0.0887549574451971,0.7353372057758831,405.82573560458394,0.03333333333333333,-2.4719624078833378
2021-08-16 09:00:00,0.0,4.9998260596644535e-05,1.0980902302465965,590.937206639371,0.03333333333333333,-2.493513919106793
2021-08-16 09:30:00,0.0,5.004921357734715e-05,2.3716872298919327,1265.4089330545023,0.03333333333333333,-2.5137597561458978
2021-08-16 10:00:00,0.0,0.133582038901787,3.9718530550092326,2099.8472179288715,0.03333333333333333,-2.529519027188138
2021-08-16 10:30:00,0.0,0.0027852363591222,3.559325699607675,1886.09156908077,0.03333333333333333,-2.532610150832141
2021-08-16 11:00:00,0.0,0.1405801605122665,4.881746578767596,2577.1866742708407,0.033666666666666664,-2.512770265076498
2021-08-16 11:30:00,0.0,0.1417606844607396,5.162740318665779,2730.1077801957827,0.033666666666666664,-2.467093068052862
2021-08-16 12:00:00,0.0,0.1547973718501572,4.2632540277355515,2256.3014250485107,0.033666666666666664,-2.408164122424917
2021-08-16 12:30:00,0.0,0.0741375899265703,3.7969230507029614,2016.9926865657144,0.033666666666666664,-2.3600790730097527
2021-08-16 13:00:00,0.0,4.232498636734754e-05,3.4208367639608186,1817.7201134693576,0.03333333333333333,-2.342996668055008
2021-08-16 13:30:00,0.0,4.132011947836208e-05,2.224853695437441,1185.739995374264,0.03333333333333333,-2.3605351711169846
2021-08-16 14:00:00,0.0,0.0117504837658254,4.788076637269199,2536.1611968341767,0.03333333333333333,-2.400702760408531
2021-08-16 14:30:00,0.0,0.0115511263860238,3.159336212165428,1675.4104144507332,0.03333333333333333,-2.446068746867855
2021-08-16 15:00:00,0.0,0.0110496993797804,3.943892075439271,2096.9726198491253,0.03333333333333333,-2.4827052773710836
2021-08-16 15:30:00,0.0,0.0035208588266664,2.845997479444905,1515.8977135496243,0.03333333333333333,-2.5029632882599104
2021-08-16 16:00:00,0.0,0.0438725594339594,2.9177179843002916,1555.9425310030192,0.03333333333333333,-2.50442977042029
2021-08-16 16:30:00,0.0,0.0429404240425339,2.226356742569545,1192.4442751870638,0.03333333333333333,-2.4894167259518967
2021-08-16 17:00:00,0.0,0.0671483072696169,1.580259948260109,856.9815361059452,0.03333333333333333,-2.4650737542994996
2021-08-16 17:30:00,0.0,3.8080907314678035e-05,1.1673484690087943,636.7808129906874,0.03333333333333333,-2.440359203417324
2021-08-16 18:00:00,0.0,3.7649739217570726e-05,2.4668312108328996,1324.7036020174762,0.03333333333333333,-2.4196765823763258
2021-08-16 18:30:00,0.0,3.847323793770416e-05,2.1300683661518844,1134.8080617255894,0.03333333333333333,-2.399400973676429
2021-08-16 19:00:00,0.0,3.773608560441656e-05,1.4402078186358551,783.7807094975396,0.03333333333333333,-2.3718998758349312
2021-08-16 19:30:00,0.0,3.577829014767662e-05,1.0024441437154974,549.3988693263735,0.03333333333333333,-2.3328500196839985
2021-08-16 20:00:00,1.2,3.441051549534346e-05,0.556304077256108,311.6632696012847,0.03333333333333333,-2.2841303777961603
2021-08-16 20:30:00,0.8,3.4205635288323394e-05,0.6217336198244441,341.8178903384891,0.03333333333333333,-2.230789677871218
2021-08-16 21:00:00,0.8,3.383853668811971e-05,0.4999731027764514,281.79595036572243,0.03333333333333333,-2.177587219142638
2021-08-16 21:30:00,0.6,3.3191613558943914e-05,0.6675014104849637,368.1015607360598,0.03333333333333333,-2.1291011130103312
2021-08-16 22:00:00,0.6,0.0049050408398667,0.4999731027764514,281.79595036572243,0.03333333333333333,-2.0908153852431575
2021-08-16 22:30:00,0.8,3.0323396658217114e-05,0.4538977705390342,255.3356640265896,0.03333333333333333,-2.067265127210229
2021-08-16 23:00:00,1.4,2.9902966050348084e-05,0.5019698438328668,287.92166577176124,0.03333333333333333,-2.0585292769411385
2021-08-16 23:30:00,1.4,2.994003747838271e-05,0.7135873311767491,395.8018351786617,0.03333333333333333,-2.0593617058359723
2021-08-17 00:00:00,1.2,2.9675055420673333e-05,0.6015278696429841,329.78492129208263,0.03733333333333333,-2.0618233193941053
2021-08-17 00:30:00,1.2,2.9636675311373782e-05,0.6569005579708921,357.89286298710044,0.03733333333333333,-2.0584705040604128
2021-08-17 01:00:00,1.6,2.959832938613145e-05,0.7564687381966234,408.94278301368985,0.043000000000000003,-2.0442330162448203
2021-08-17 01:30:00,1.0,2.9372021514339375e-05,0.7477561658356595,410.0697064926454,0.043000000000000003,-2.017676630220808
2021-08-17 02:00:00,1.0,2.832677525430342e-05,0.9807309302176525,535.2883856441626,0.06,-1.981905156276712
2021-08-17 02:30:00,1.4,2.740935055048091e-05,0.6139938098980825,339.4106365492416,0.06,-1.9435408621891244
2021-08-17 03:00:00,1.0,2.697436473519058e-05,0.7245962868420559,395.54106762667783,0.06599999999999999,-1.90913514771068
2021-08-17 03:30:00,0.8,2.6866742732449057e-05,0.5225326498793271,286.88603465304124,0.06599999999999999,-1.8815402169534343
2021-08-17 04:00:00,0.6,2.6507359011527425e-05,0.6248739465942258,344.42498301664176,0.06899999999999999,-1.8592666647294904
2021-08-17 04:30:00,1.0,2.6258392924944224e-05,0.5808089963871654,322.82442003623515,0.06899999999999999,-1.8387014743884904
2021-08-17 05:00:00,0.8,2.6223163795089992e-05,0.4187968913048929,227.3123377919344,0.071,-1.816512066223811
2021-08-17 05:30:00,1.0,2.5691819406944564e-05,0.703885665143659,388.5672771964158,0.071,-1.7906726591663047
2021-08-17 06:00:00,1.0,2.5446970766639617e-05,0.6574547044432881,359.44053039331897,0.07633333333333332,-1.7609347085854363
2021-08-17 06:30:00,1.6,0.002378482087638,0.6698631754141241,369.0287350633952,0.07633333333333332,-1.7295530881292356
2021-08-17 07:00:00,1.2,0.0020411175708325,0.7590650163669338,416.5641886524715,0.08566666666666667,-1.7011157020985153
2021-08-17 07:30:00,0.8,2.3424701532556037e-05,0.7477561658356595,410.0697064926454,0.08566666666666667,-1.6803106582415124
2021-08-17 08:00:00,0.6,2.3626584162443343e-05,0.7142661014710738,392.0663577001181,0.08666666666666667,-1.6689898117681286
2021-08-17 08:30:00,0.2,2.3592631716954487e-05,0.6816853436220115,377.0508103234409,0.08666666666666667,-1.665246502084446
2021-08-17 09:00:00,0.0,2.4032825628468784e-05,0.8366567296177557,457.4422174832946,0.085,-1.6652024048513467
2021-08-17 09:30:00,0.0,0.0057238160330694,0.6040502412402479,337.40880963880227,0.085,-1.665402065082195
2021-08-17 10:00:00,0.2,0.003176509225951,0.6915737528038759,379.0345245198924,0.08333333333333333,-1.6637733808930997
2021-08-17 10:30:00,0.2,2.437321212789204e-05,0.73862666944851,410.9851861146402,0.08333333333333333,-1.6593500546992932
2021-08-17 11:00:00,0.0,2.4476273743114684e-05,0.5545116714171451,300.32208244692526,0.08233333333333333,-1.651987402294088
2021-08-17 11:30:00,0.2,2.4407976960880987e-05,0.6481128582586703,359.004630675815,0.08233333333333333,-1.6422293976568234
2021-08-17 12:00:00,0.0,0.0013336482376939,0.7364366818899151,403.5691177421994,0.08133333333333333,-1.6307609135994767
2021-08-17 12:30:00,0.2,0.0062318917153452,0.8895158308915716,479.24676992050235,0.08133333333333333,-1.6177327047186234
2021-08-17 13:00:00,0.0,0.0014394413191256,0.8366567296177557,457.4422174832946,0.08066666666666666,-1.6026509655228676
2021-08-17 13:30:00,0.2,0.0047015133197213,0.8770774441790179,469.6702164247078,0.08066666666666666,-1.584777484420995
2021-08-17 14:00:00,0.4,0.0068157166501367,0.9247636878413316,503.1473421187844,0.08,-1.563645240014509
2021-08-17 14:30:00,0.4,2.5691819406944564e-05,0.8798024066961756,477.3268365357785,0.08,-1.5396696771690457
2021-08-17 15:00:00,0.0,2.57626807481102e-05,0.9002488321090647,484.19330581821896,0.07966666666666666,-1.5145815304403396
2021-08-17 15:30:00,0.2,2.572792735869879e-05,0.9457961287613998,511.567595936771,0.07966666666666666,-1.4909022921370023
2021-08-17 16:00:00,0.6,0.0015453708381954,0.856187270646457,461.3250814843688,0.07933333333333333,-1.4704028885973244
2021-08-17 16:30:00,0.4,0.0014733868721679,0.7672502636946895,413.9116823762847,0.07933333333333333,-1.4528964695392317
2021-08-17 17:00:00,0.2,2.5903426022643787e-05,0.8811944632367388,481.7945202522925,0.07933333333333333,-1.436616971545124
2021-08-17 17:30:00,0.0,2.6044719324839073e-05,0.925206112284815,504.62306262415746,0.07933333333333333,-1.4197779731616436
2021-08-17 18:00:00,0.0,2.608118062092133e-05,1.0330075389278104,555.5763232453979,0.079,-1.4017438443765595
2021-08-17 18:30:00,0.0,2.6507359011527425e-05,1.3820999226164965,740.3845541266251,0.079,-1.3828054131468912
2021-08-17 19:00:00,0.0,2.6328952168670433e-05,1.4142161055246023,756.4335754012608,0.079,-1.3629103581503392
2021-08-17 19:30:00,0.0,2.6116273850256723e-05,1.4479543326963376,778.2036313375798,0.079,-1.3406584795811245
2021-08-17 20:00:00,0.0,2.608118062092133e-05,1.2281581823285868,654.3773910985067,0.079,-1.3139228388115276
2021-08-17 20:30:00,0.0,2.6044719324839073e-05,1.2730730549177942,681.3723248538267,0.079,-1.2822614440110705
2021-08-17 21:00:00,0.0,2.5833681681635627e-05,1.5338547087850083,822.7494508085199,0.07866666666666666,-1.2489423691550248
2021-08-17 21:30:00,0.0,2.5939746154101555e-05,1.2744271313897797,685.7595684378383,0.07866666666666666,-1.2196402753262283
2021-08-17 22:00:00,0.0,0.0022639702570485,1.2942446290256169,691.129702982586,0.079,-1.1981146573315131
2021-08-17 22:30:00,0.0,0.0020303232021368,1.2642020795080575,682.2992467244071,0.079,-1.1832129764215529
2021-08-17 23:00:00,0.0,0.0021741160998016,1.1952942090060965,636.7052452254895,0.079,-1.1703945103298403
2021-08-17 23:30:00,0.0,0.0020795621360952,1.1234570144197698,611.1618489340561,0.079,-1.1558563948367169
2021-08-18 00:00:00,0.0,0.002518662294697,1.183062568747666,625.6858361500149,0.07866666666666666,-1.1388843544164535
2021-08-18 00:30:00,0.0,2.506306392233109e-05,0.9780666868803116,523.6161395003115,0.07866666666666666,-1.120633134638451
2021-08-18 01:00:00,0.0,2.5306633599255708e-05,0.9566867949694308,513.7627536035404,0.07866666666666666,-1.1015365822463703
2021-08-18 01:30:00,0.0,2.485505521863812e-05,0.8582283085956924,463.30058223968945,0.07866666666666666,-1.0807058873876427
2021-08-18 02:00:00,0.0,2.410036016658098e-05,0.7917053097500655,427.53757040364894,0.07866666666666666,-1.0578309764001173
2021-08-18 02:30:00,0.0,2.335725619367361e-05,0.6930598061317632,378.233748062877,0.07866666666666666,-1.0347683938033727
2021-08-18 03:00:00,0.0,2.309017886238001e-05,0.6255710098201,340.7044053271633,0.07833333333333332,-1.0145142066020951
2021-08-18 03:30:00,0.0,2.3289952882876963e-05,0.8019416966007118,430.9761301278203,0.07833333333333332,-0.9987582286283408
2021-08-18 04:00:00,0.0,2.299012349826155e-05,0.5914473406030987,321.1077575206727,0.07866666666666666,-0.9867667261176356
2021-08-18 04:30:00,0.0,2.2890386407871472e-05,0.7259914319676595,394.69250546312304,0.07866666666666666,-0.9765102499289215
2021-08-18 05:00:00,0.0,2.242914423497689e-05,0.7125333092277194,382.07042557507634,0.07866666666666666,-0.966759505944869
2021-08-18 05:30:00,0.0,2.2264834702587182e-05,0.5148583930718523,284.51762597239986,0.07866666666666666,-0.9585931383099788
2021-08-18 06:00:00,0.0,2.1809250752999217e-05,0.601106936921505,322.97344587583854,0.07833333333333332,-0.955509662378287
2021-08-18 06:30:00,0.0,2.122990299606362e-05,0.5707851710116759,314.1663836699516,0.07833333333333332,-0.9620342271089112
2021-08-18 07:00:00,0.0,2.110339745933009e-05,0.3790704402588171,210.24897939599003,0.07833333333333332,-0.9816949583184892
2021-08-18 07:30:00,0.0,2.0975061376302337e-05,0.4244418936755726,235.0665399919909,0.07833333333333332,-1.016002925323146
2021-08-18 08:00:00,0.0,2.126252410024619e-05,0.4571429418529351,250.13752576982236,0.07833333333333332,-1.0649699364715752
2021-08-18 08:30:00,0.0,2.1841297402105628e-05,0.6920606930721495,375.2066542868956,0.07833333333333332,-1.127468900004163
2021-08-18 09:00:00,0.0,2.252740087865609e-05,1.9631847408205725,1033.5802650603837,0.078,-1.1998352702597983
2021-08-18 09:30:00,0.0,2.389685171169485e-05,3.7704359690922473,1997.8613999851068,0.078,-1.2742737481958617
2021-08-18 10:00:00,0.0,2.579746768048764e-05,5.2029910312007885,2743.2933202988615,0.07766666666666666,-1.340470223059533
2021-08-18 10:30:00,0.0,0.0532335030819153,7.557209970841518,3972.146267211962,0.07766666666666666,-1.390691012762951
2021-08-18 11:00:00,0.0,0.0693235986651412,10.330506785426152,5427.120491441135,0.07766666666666666,-1.4240951056905466
2021-08-18 11:30:00,0.0,0.0591089575559547,13.03471590426349,6836.510090193986,0.07766666666666666,-1.4462551409825335
2021-08-18 12:00:00,0.0,0.1300472874490006,16.055584074440645,8426.52590034272,0.07766666666666666,-1.4647077357168103
2021-08-18 12:30:00,0.0,0.187398712174087,17.118230705886212,8973.61251708577,0.07766666666666666,-1.442754343464675
2021-08-18 13:00:00,0.0,0.2299347376813018,18.11936249460539,9512.50995310208,0.07733333333333332,-1.4208009512125397
2021-08-18 13:30:00,0.0,0.2131522665420235,18.972407685655483,9957.464564549096,0.07733333333333332,-1.3988475589604046
2021-08-18 14:00:00,0.0,0.2532211709703378,19.285562765602165,10119.626863143363,0.07733333333333332,-1.3768941667082693
2021-08-18 14:30:00,0.0,0.2623256461846213,20.11337145936927,10557.49673936834,0.07733333333333332,
2021-08-18 15:00:00,0.0,0.2722568541987641,19.67683395578726,10320.787227890847,0.078,
2021-08-18 15:30:00,0.0,0.2560395707709431,20.316235208946832,10662.089514647128,0.078,
2021-08-18 16:00:00,0.0,0.2755107625906905,20.359105848249612,10678.154048607246,0.07766666666666666,
2021-08-18 16:30:00,0.0,0.2478859752163127,20.28179948305141,10624.58663931764,0.07766666666666666,
2021-08-18 17:00:00,0.0,0.1093120393755225,19.983540984806712,10480.284628036805,0.07733333333333332,
2021-08-18 17:30:00,0.0,0.1616193505260851,19.72182958636764,10345.29101426248,0.07733333333333332,
2021-08-18 18:00:00,0.0,0.2096656160355138,19.119916849665827,10029.920858831383,0.07733333333333332,
2021-08-18 18:30:00,0.0,0.1798744496413078,18.19323131328735,9546.553996881436,0.07733333333333332,
2021-08-18 19:00:00,0.0,0.1590341354263622,16.961516190999866,8898.661241478709,0.077,
2021-08-18 19:30:00,0.0,0.1297826103342747,15.562833178035245,8172.609906684697,0.077,
2021-08-18 20:00:00,0.0,0.06282091230959,12.85841049274434,6749.795792482424,0.077,
2021-08-18 20:30:00,0.0,0.0514672882754001,10.03999413000057,5269.975509629281,0.077,
2021-08-18 21:00:00,0.0,0.0344752450812478,7.481261708594327,3930.452846324527,0.077,
2021-08-18 21:30:00,0.0,0.0292702790886195,5.9576707255334185,3138.552447520782,0.077,
2021-08-18 22:00:00,0.0,0.0474288684645966,4.633273009144027,2439.2797765961295,0.07666666666666666,
2021-08-18 22:30:00,0.0,3.400155713459838e-05,4.020733261327122,2113.2163241160365,0.07666666666666666,
2021-08-18 23:00:00,0.0,0.0291947343602016,3.622493056884651,1911.797852964302,0.07666666666666666,-1.120517376619771
2021-08-18 23:30:00,0.0,3.0978191427504694e-05,2.985289798680072,1577.0633274624422,0.07666666666666666,-1.1135658532353785
2021-08-19 00:00:00,0.0,3.0592325027057014e-05,2.5427070704677917,1341.84529146544,0.07666666666666666,-1.1066143298509863
2021-08-19 00:30:00,0.0,2.9183333930494853e-05,2.273763703497784,1196.5591657821412,0.07666666666666666,-1.099662806466594
2021-08-19 01:00:00,0.0,2.8959225565404393e-05,2.140017696592331,1130.1332094660218,0.07666666666666666,
2021-08-19 01:30:00,0.0,2.847427479058182e-05,1.9206782104136264,1015.7984384962922,0.07666666666666666,
2021-08-19 02:00:00,0.0,2.79581500579373e-05,1.8059731030203323,959.2991806084092,0.07633333333333332,
2021-08-19 02:30:00,0.0,2.7264292631173747e-05,1.580741875432684,833.4845107799772,0.07633333333333332,
2021-08-19 03:00:00,0.0,2.7373035254458654e-05,1.5262750500126565,802.2051314111814,0.07633333333333332,
2021-08-19 03:30:00,0.0,2.6650985973610524e-05,1.6863437924028255,887.0753409041763,0.07633333333333332,
2021-08-19 04:00:00,0.0,2.6258392924944224e-05,1.380978164669935,738.9515348277776,0.076,
2021-08-19 04:30:00,0.0,2.6579814711673224e-05,1.1975323748330062,642.0021236136799,0.076,
2021-08-19 05:00:00,0.0,2.672229220790163e-05,1.150677440753404,607.8905994700243,0.076,
2021-08-19 05:30:00,0.0,2.711977650685282e-05,1.1184497896530687,591.7797398571334,0.076,
2021-08-19 06:00:00,0.0,2.672229220790163e-05,1.1300437589148655,599.6380154060145,0.076,
2021-08-19 06:30:00,0.0,2.6544279676838223e-05,1.0214810075877645,543.3084792947369,0.076,
2021-08-19 07:00:00,0.0,0.0120644894798952,0.900180010868152,477.2699344035059,0.07533333333333332,
2021-08-19 07:30:00,0.0,0.0141253962584505,1.2390551341392664,658.6444184752171,0.07533333333333332,
2021-08-19 08:00:00,0.0,0.0009630996637043,1.835461184755286,968.0279852852112,0.07533333333333332,
2021-08-19 08:30:00,0.0,0.0041341182865437,2.7465582469307663,1448.6765509257318,0.07533333333333332,
2021-08-19 09:00:00,0.0,0.0021920284067442,2.9478483047631125,1550.7408893551988,0.07533333333333332,
2021-08-19 09:30:00,0.0,0.0018202424990012,3.574519346954416,1880.6487970013177,0.07533333333333332,
2021-08-19 10:00:00,0.0,3.235220977632475e-05,4.155492934696198,2179.568957236312,0.07533333333333332,
2021-08-19 10:30:00,0.0,3.227247190730846e-05,4.781475866313976,2511.4592903705534,0.07533333333333332,
2021-08-19 11:00:00,0.0,3.211501208435781e-05,4.9864534201912285,2618.6986590143715,0.07533333333333332,
2021-08-19 11:30:00,0.0,0.0035956738083509,4.5936723468684,2413.1009312574265,0.07533333333333332,
2021-08-19 12:00:00,0.0,0.0058374188340649,4.385659396065706,2305.332660112228,0.07533333333333332,
2021-08-19 12:30:00,0.2,0.0217458704495683,4.939819057627198,2592.9614818758214,0.07533333333333332,
2021-08-19 13:00:00,0.2,0.0157808766653211,6.2805524596969775,3301.5678316458975,0.07333333333333335,
2021-08-19 13:30:00,0.0,0.0121045809862382,6.744148228191918,3542.9793469240067,0.07333333333333335,
2021-08-19 14:00:00,0.0,0.0114011503327555,7.614309435993616,3995.215435666348,0.07633333333333332,
2021-08-19 14:30:00,0.0,0.0106246606839282,7.722610821779069,4059.3199753753784,0.07633333333333332,
2021-08-19 15:00:00,0.0,0.0174879502850349,9.163647307061872,4809.613413403114,0.07666666666666666,
2021-08-19 15:30:00,0.0,0.0055573783163145,9.541952324000103,5006.1254679738995,0.07666666666666666,
2021-08-19 16:00:00,0.0,0.0256972354089899,9.430279719598955,4957.298148603239,0.07666666666666666,
2021-08-19 16:30:00,0.0,0.0174522487715286,8.481344615323518,4451.74178678828,0.07666666666666666,
2021-08-19 17:00:00,0.0,0.0128410347695182,6.7267724578772405,3534.971347123174,0.07666666666666666,
2021-08-19 17:30:00,1.8,0.0046112376934128,3.8477632971127314,2023.3589440210224,0.07666666666666666,
2021-08-19 18:00:00,0.6,3.062997880469489e-05,2.3469265050371293,1237.426564325461,0.07666666666666666,
2021-08-19 18:30:00,0.2,0.005220991543154,1.547577446846249,813.2604507533356,0.07666666666666666,
2021-08-19 19:00:00,0.0,0.0116584423149963,1.740375652447875,918.1049269929104,0.07633333333333332,
2021-08-19 19:30:00,0.0,0.0006772611594575,1.3132393399396065,694.0815649537655,0.07633333333333332,
2021-08-19 20:00:00,0.0,3.207451334881924e-05,1.2055004982092594,638.177670045927,0.07633333333333332,
2021-08-19 20:30:00,0.0,3.1367349421886946e-05,0.9545238822704294,504.85613131789256,0.07633333333333332,
2021-08-19 21:00:00,0.0,3.082344996839441e-05,0.9203063837823552,484.00022077670786,0.07633333333333332,
2021-08-19 21:30:00,0.0,3.078563437100488e-05,1.751576589899051,925.7106787515564,0.07633333333333332,
2021-08-19 22:00:00,0.6,2.925931655439214e-05,0.9880489547322828,524.1090151019932,0.07633333333333332,
2021-08-19 22:30:00,0.8,2.9033291171632532e-05,0.7905648527709387,420.37901167397223,0.07633333333333332,
2021-08-19 23:00:00,0.2,2.8809982646216876e-05,0.6589107323288317,353.3009982345855,0.07633333333333332,
2021-08-19 23:30:00,0.2,2.8623806350329834e-05,0.5337707934914746,281.43524158554254,0.07633333333333332,
2021-08-20 00:00:00,0.0,2.847427479058182e-05,0.5037528024410977,267.4466221336226,0.07633333333333332,
2021-08-20 00:30:00,0.0,2.82896123113535e-05,0.4016212275763979,210.01921765515257,0.07633333333333332,
2021-08-20 01:00:00,0.0,2.8031900533583182e-05,0.4160279580475663,224.4346893276696,0.07633333333333332,
2021-08-20 01:30:00,0.0,2.814130076513904e-05,0.3600640487407587,194.7601909246999,0.07633333333333332,
2021-08-20 02:00:00,0.0,2.7995008303509975e-05,0.3359994891860003,178.4756891744434,0.07633333333333332,
2021-08-20 02:30:00,0.0,2.7701093423267577e-05,0.2112622061793682,110.53981123654329,0.07633333333333332,
2021-08-20 03:00:00,0.0,2.781105680668246e-05,0.2452412114331895,128.81937170771738,0.07633333333333332,
2021-08-20 03:30:00,0.0,2.7737713938562392e-05,0.1573216013147182,86.99055305419768,0.07633333333333332,
2021-08-20 04:00:00,0.0,2.7737713938562392e-05,0.0109522521857284,11.65124569266128,0.076,
2021-08-20 04:30:00,0.0,2.792132579120251e-05,0.1122884688559201,63.61390908439503,0.076,
2021-08-20 05:00:00,0.0,2.784777917135708e-05,0.0561777446874226,35.1268002792926,0.076,
2021-08-20 05:30:00,0.0,2.784777917135708e-05,0.0329666267213991,21.7970466387186,0.076,
2021-08-20 06:00:00,0.0,2.7737713938562392e-05,0.0439584657251436,26.86287353206949,0.076,
2021-08-20 06:30:00,0.0,2.7627954200229578e-05,0.0623894369111335,28.75352225025981,0.076,
2021-08-20 07:00:00,0.0,2.7591435480352944e-05,0.0076840982410638,3.5413829758124176,0.076,
2021-08-20 07:30:00,0.0,2.7701093423267577e-05,0.0103419421659442,10.051832315408785,0.076,
2021-08-20 08:00:00,0.0,2.7737713938562392e-05,0.0426549070382408,23.62452875794771,0.076,
2021-08-20 08:30:00,0.4,2.7774368397717875e-05,0.0097099758320379,8.441144208089897,0.076,
2021-08-20 09:00:00,0.4,0.0104253863645938,0.199696241975153,103.8976730300354,0.076,
2021-08-20 09:30:00,0.0,0.0130617427580998,0.9029235501009488,483.28104685377,0.076,
2021-08-20 10:00:00,0.0,0.0145427378812802,3.192452891422905,1681.9512458561046,0.076,
2021-08-20 10:30:00,0.0,0.0207770887146015,5.414954768993231,2842.801367915805,0.076,
2021-08-20 11:00:00,0.0,0.0411820425401772,8.949922158067848,4696.790549176367,0.076,
2021-08-20 11:30:00,0.0,0.0457545511634394,13.26964590114159,6947.546535521653,0.076,
2021-08-20 12:00:00,0.0,0.0754037822600451,18.02399310142875,9452.455582457698,0.076,
2021-08-20 12:30:00,0.0,0.0737272034097977,21.54592240317738,11279.791098277368,0.076,
2021-08-20 13:00:00,0.0,0.060551807370564,20.50946128741363,10748.582654884734,0.076,-0.1914109850929637
2021-08-20 13:30:00,0.0,0.0793756751932043,18.30060540749529,9587.763825422498,0.076,-0.1694575928408284
2021-08-20 14:00:00,0.0,0.034517582643124,19.49937160700892,10231.314233441512,0.07566666666666666,-0.1475042005886931
2021-08-20 14:30:00,0.0,0.0931369158938888,22.361794749137385,11712.736845540156,0.07566666666666666,-0.1255508083365578
2021-08-20 15:00:00,0.0,0.2518674863808924,22.87435529521514,11970.8863253292,0.07566666666666666,-0.1035974160844227
2021-08-20 15:30:00,0.0,0.1743477107618066,22.268593226105104,11661.070843159978,0.07566666666666666,-0.1108606782797443
2021-08-20 16:00:00,0.0,0.1098145126964453,19.919824529824982,10438.14161017718,0.07533333333333332,-0.1169928728327091
2021-08-20 16:30:00,0.0,0.0788763046918166,17.193988203494662,9010.266460017174,0.07533333333333332,-0.1173216304086757
2021-08-20 17:00:00,0.0,0.1275132158694137,19.1731617532963,10052.733943079413,0.07533333333333332,-0.1122310145811215
2021-08-20 17:30:00,0.0,0.0920978010234309,19.98336285335588,10477.933672971603,0.07533333333333332,-0.1053262045880255
2021-08-20 18:00:00,0.0,0.0186335272392398,19.197697931958416,10062.77818481331,0.07533333333333332,-0.0988417060561908
2021-08-20 18:30:00,0.0,0.000266329012587,17.49680596030369,9167.910008317707,0.07533333333333332,-0.0917628099754688
2021-08-20 19:00:00,0.0,0.0034108200354964,13.926363547683351,7298.761275898569,0.07533333333333332,-0.0823334799618431
2021-08-20 19:30:00,0.0,3.441051549534346e-05,11.696017512462772,6131.614689934808,0.07533333333333332,-0.0828223463104341
2021-08-20 20:00:00,0.0,3.436981434808215e-05,10.158713774237938,5325.704885533397,0.07533333333333332,-0.0833112126590252
2021-08-20 20:30:00,0.0,3.2830114591837195e-05,8.508982129410366,4461.01562776714,0.07533333333333332,-0.0838000790076162
2021-08-20 21:00:00,0.0,3.227247190730846e-05,6.951227016790255,3648.0104996143305,0.07466666666666666,-0.0842889453562073
2021-08-20 21:30:00,0.0,3.113345954710823e-05,5.240924140428563,2745.9440649356375,0.07466666666666666,
2021-08-20 22:00:00,0.0,0.0070538531192543,3.8847957443433714,2030.2846015635048,0.07466666666666666,
2021-08-20 22:30:00,0.0,0.0053027412948566,2.9608697866178413,1552.303708114115,0.07466666666666666,
2021-08-20 23:00:00,0.0,2.9902966050348084e-05,2.4545151617796837,1288.5798564278457,0.07466666666666666,
2021-08-20 23:30:00,0.4,2.9561549455001053e-05,2.071379280738544,1084.5877384618182,0.07466666666666666,
2021-08-21 00:00:00,0.2,2.9183333930494853e-05,1.6270864830567648,847.6316400186579,0.07466666666666666,
2021-08-21 00:30:00,0.0,2.8883783507465197e-05,1.3490876188490886,698.5229774120323,0.07466666666666666,
2021-08-21 01:00:00,0.0,2.8809982646216876e-05,1.0739405319957842,564.2309926123133,0.07466666666666666,
2021-08-21 01:30:00,0.4,2.877237961025713e-05,0.9753708740615123,510.0189952862936,0.07466666666666666,
2021-08-21 02:00:00,0.2,2.854897244395146e-05,0.823212406254398,431.0524782703998,0.07466666666666666,
2021-08-21 02:30:00,0.0,2.847427479058182e-05,0.6457748933274642,333.9855120712862,0.07466666666666666,
2021-08-21 03:00:00,0.0,2.85863723630622e-05,0.5904671572225497,304.64589136137073,0.07466666666666666,
2021-08-21 03:30:00,0.4,2.8399713350494872e-05,0.5267241288897079,276.5530383073288,0.07466666666666666,
2021-08-21 04:00:00,0.0,2.8067349052283917e-05,0.4908364535254167,252.2880620332682,0.07466666666666666,
2021-08-21 04:30:00,0.2,2.7627954200229578e-05,0.4351537001848061,222.7461568183722,0.07466666666666666,
2021-08-21 05:00:00,0.0,2.792132579120251e-05,0.3920828162779253,202.8960078176869,0.07466666666666666,
2021-08-21 05:30:00,0.0,2.792132579120251e-05,0.3456364835867088,174.99982159733463,0.07466666666666666,
2021-08-21 06:00:00,0.0,2.7554950680070244e-05,0.2728272977963571,147.9345211639402,0.07466666666666666,
2021-08-21 06:30:00,0.0,2.8067349052283917e-05,0.1368832164401688,73.57645168265145,0.07466666666666666,
2021-08-21 07:00:00,0.0,2.781105680668246e-05,0.0694553948235708,38.57639706939623,0.07466666666666666,
2021-08-21 07:30:00,0.0,2.7737713938562392e-05,0.1097569802315801,50.58387973119995,0.07466666666666666,
2021-08-21 08:00:00,0.0,2.784777917135708e-05,0.0559830099388894,27.11682730298323,0.07433333333333332,
2021-08-21 08:30:00,0.0,2.8031900533583182e-05,0.2239719250182191,113.7131678292032,0.07433333333333332,
2021-08-21 09:00:00,0.0,2.843697704639137e-05,1.374616777900835,721.4392708023396,0.07433333333333332,
2021-08-21 09:30:00,0.0,2.8623806350329834e-05,3.0646402651235816,1606.0143066022436,0.07433333333333332,
2021-08-21 10:00:00,0.0,0.0004108613192147,7.265370531914903,3805.048596509984,0.07433333333333332,
2021-08-21 10:30:00,0.0,0.0009524861241724,10.69174020426404,5598.834956118388,0.07433333333333332,
2021-08-21 11:00:00,0.0,3.2551313253550324e-05,12.904250750680353,6760.8458855587305,0.07433333333333332,
2021-08-21 11:30:00,0.0,0.0108637243555882,12.8644873539526,6734.004028610329,0.07433333333333332,
2021-08-21 12:00:00,0.0,0.0041962803495475,14.514020703535884,7609.232020328052,0.07433333333333332,
2021-08-21 12:30:00,0.0,0.0057568382234817,15.886934765355504,8321.871675957636,0.07433333333333332,
2021-08-21 13:00:00,0.0,0.0017654343042427,15.883398886041675,8313.24201753133,0.07433333333333332,
2021-08-21 13:30:00,0.0,0.0084865069643592,16.111018869253332,8443.228611457444,0.07433333333333332,
2021-08-21 14:00:00,0.0,0.0137667821686277,17.969418898642488,9409.46285951559,0.07433333333333332,
2021-08-21 14:30:00,0.0,0.0080759002287823,18.630535317473985,9758.239763150796,0.07433333333333332,
2021-08-21 15:00:00,0.0,0.0105233442862553,19.109581905452593,10008.322127917943,0.07433333333333332,
2021-08-21 15:30:00,0.0,0.0253112857484782,20.765888725674166,10865.731029455224,0.07433333333333332,
2021-08-21 16:00:00,0.0,0.027098558192669,21.257538370475064,11128.957630269852,0.07433333333333332,
2021-08-21 16:30:00,0.0,0.0254732409589346,21.311463801030065,11146.65016094856,0.07433333333333332,-0.0935774059794371
2021-08-21 17:00:00,0.0,0.0262387012533767,21.45387507863989,11227.174734212234,0.074,-0.0940662723280282
2021-08-21 17:30:00,0.0,0.0227464024961009,21.024141580270253,11007.64775601708,0.074,-0.0945551386766192
2021-08-21 18:00:00,0.0,0.0155063118442388,19.39426369020473,10158.418044583152,0.07366666666666666,-0.0950440050252103
2021-08-21 18:30:00,0.0,0.010345431244137,18.01454871647407,9437.457799227288,0.07366666666666666,-0.0955328713738013
2021-08-21 19:00:00,0.0,0.0105379862108109,17.14820828499527,8980.565907578952,0.07366666666666666,-0.1027116603687106
2021-08-21 19:30:00,0.0,3.713428294613371e-05,16.022308117820753,8398.87987215224,0.07366666666666666,-0.1103342244520221
2021-08-21 20:00:00,0.0,3.552828802827067e-05,14.263452700984034,7477.6522311730705,0.07333333333333332,-0.11771593513676
2021-08-21 20:30:00,0.0,3.327119776282683e-05,11.782099239736198,6174.373739627241,0.07333333333333332,-0.1221711846979885
2021-08-21 21:00:00,0.0,3.144557613994091e-05,9.384474710339184,4920.89947655815,0.07333333333333332,-0.1266959141288184
2021-08-21 21:30:00,0.0,3.070852557616108e-05,6.908069602072406,3616.253185658361,0.07333333333333332,-0.1312206435596482
2021-08-21 22:00:00,0.0,2.85863723630622e-05,5.228281505509646,2739.4873763541523,0.07333333333333332,-0.1357453729904781
2021-08-21 22:30:00,0.0,2.781105680668246e-05,4.002792668130182,2098.8510018064208,0.07333333333333332,-0.140270102421308
2021-08-21 23:00:00,0.0,2.784777917135708e-05,3.1135500477420592,1628.5554384412585,0.07333333333333332,
2021-08-21 23:30:00,0.0,2.7373035254458654e-05,2.804448403091076,1469.9935807646648,0.07333333333333332,
2021-08-22 00:00:00,0.0,2.6795163676127593e-05,2.26967777480529,1184.0357396246818,0.07333333333333332,
2021-08-22 00:30:00,0.0,2.6365696203895816e-05,1.959314094219176,1019.5332487658025,0.07333333333333332,
2021-08-22 01:00:00,0.0,2.615140070619018e-05,1.7937244979401628,935.988333314624,0.07333333333333332,
2021-08-22 01:30:00,0.0,2.6471892759141174e-05,1.486927705380341,771.4482795668998,0.07333333333333332,
2021-08-22 02:00:00,0.0,2.6401061362963146e-05,1.5799905155852016,815.5662607731921,0.07333333333333332,
2021-08-22 02:30:00,0.0,2.7300506301294197e-05,1.403198077296284,730.4004263112473,0.07333333333333332,
2021-08-22 03:00:00,0.0,2.7701093423267577e-05,1.1445013488573417,590.0906750081539,0.07333333333333332,
2021-08-22 03:30:00,0.0,2.668662221553466e-05,1.5281151294215105,790.4303953261032,0.07333333333333332,
2021-08-22 04:00:00,0.0,2.661538347478615e-05,1.4460729417766185,753.8474486016601,0.073,
2021-08-22 04:30:00,0.0,2.7482082813501057e-05,1.6984599536552651,883.6012613157245,0.073,
2021-08-22 05:00:00,0.0,2.7774368397717875e-05,1.688666279266294,880.3025951153344,0.073,
2021-08-22 05:30:00,0.0,2.7336753840218357e-05,1.2301513301749596,634.5545330413428,0.073,
2021-08-22 06:00:00,0.0,0.0156658958670754,1.7194130775208498,894.4729225218133,0.073,
2021-08-22 06:30:00,0.0,0.0323523175089218,2.0546751747866216,1075.448204805838,0.073,
2021-08-22 07:00:00,0.0,0.0244106043034945,2.7579294730985384,1442.9591125114705,0.073,
2021-08-22 07:30:00,0.0,3.0978191427504694e-05,4.2398962246808285,2217.644008345111,0.073,
2021-08-22 08:00:00,0.0,0.0237803498611401,6.442564001364286,3373.186014468566,0.073,
2021-08-22 08:30:00,0.0,3.2510446819210245e-05,9.848956095990069,5154.706889211975,0.073,
2021-08-22 09:00:00,0.0,0.0406277911865721,20.021828735759488,10485.291920060536,0.073,
2021-08-22 09:30:00,0.0,0.0425531963380815,24.50286366108766,12802.314953181873,0.073,
2021-08-22 10:00:00,0.0,0.0456885805437613,27.547993352609502,14387.118703526725,0.073,
2021-08-22 10:30:00,0.0,0.2283844101457056,28.67886920013451,14981.776594401588,0.073,
2021-08-22 11:00:00,0.0,0.229092409388632,27.97839151138035,14613.395381649703,0.073,-0.1628937495754573
2021-08-22 11:30:00,0.0,0.1821796281274701,28.02433215303343,14645.652612402864,0.073,-0.1674184790062872
2021-08-22 12:00:00,0.0,0.032253581706919,27.8524760990671,14543.218694668472,0.07266666666666666,-0.1719432084371171
2021-08-22 12:30:00,0.0,0.2134707701990698,27.624224746772256,14421.230714957594,0.07266666666666666,-0.1764679378679469
2021-08-22 13:00:00,0.0,0.1875852090536087,26.74495002249499,13973.790233209947,0.07233333333333332,-0.1809926672987768
2021-08-22 13:30:00,0.0,0.1864586687996225,25.978089215448023,13581.140088839977,0.07233333333333332,-0.1831080151926763
2021-08-22 14:00:00,0.0,0.2555662818276843,27.61981190723728,14445.105028626518,0.072,-0.1832154683398739
2021-08-22 14:30:00,0.0,0.3688372750176943,28.464107729195597,14844.810886731517,0.072,-0.1878936602900974
2021-08-22 15:00:00,0.0,0.3391268627929351,28.986908252165044,15135.133403453356,0.072,-0.2009731735199688
2021-08-22 15:30:00,0.0,0.3815398509519641,27.722557313373187,14478.77352472596,0.072,-0.2200978550135597
2021-08-22 16:00:00,0.0,0.1309591518553307,25.744286627899548,13456.99360289985,0.07166666666666666,-0.2391303614542173
2021-08-22 16:30:00,0.0,0.1889830496852933,24.428943991940393,12772.63329018034,0.07166666666666666,-0.2530817978217305
2021-08-22 17:00:00,0.0,0.008283089239664,21.04313009995432,11018.785198756925,0.07166666666666666,-0.2597887807573514
2021-08-22 17:30:00,0.0,0.0578060947255707,15.892678580222874,8321.606977549187,0.07166666666666666,-0.2583899077938963
2021-08-22 18:00:00,0.0,0.1410167407349506,13.399465396030816,7018.219659231705,0.07133333333333332,-0.2489930621841478
2021-08-22 18:30:00,0.0,0.08030994835105,11.93162184654485,6249.471078854419,0.07133333333333332,-0.2340683580826466
2021-08-22 19:00:00,0.0,0.0471392714675461,9.940583439955889,5203.816343454691,0.07133333333333332,-0.2180677008646956
2021-08-22 19:30:00,0.0,0.030489248632441,8.352574929277718,4376.510923478206,0.07133333333333332,-0.2043947512909792
2021-08-22 20:00:00,0.0,0.0247464701660397,6.57243404840853,3435.9925800244964,0.071,-0.1926914700454431
2021-08-22 20:30:00,0.0,0.0210286672582872,5.096044476161833,2664.3496267707737,0.071,-0.178783014868233
2021-08-22 21:00:00,0.2,0.0157086291036707,3.461345035769897,1811.4864643518672,0.071,-0.1575352392574693
2021-08-22 21:30:00,1.2,2.8031900533583182e-05,2.4949637287553728,1304.3326398959532,0.071,-0.1493671549779226
2021-08-22 22:00:00,0.4,2.781105680668246e-05,1.9092867231499808,998.8784742775003,0.07066666666666666,-0.141199070698376
2021-08-22 22:30:00,0.4,2.8363972230347037e-05,1.5816424641838112,820.0049381620087,0.07066666666666666,-0.1330309864188293
2021-08-22 23:00:00,0.4,2.784777917135708e-05,1.4549246629767705,754.2397428034342,0.07066666666666666,
2021-08-22 23:30:00,0.0,0.00835777555677,1.0612760528646872,552.9837601056918,0.07066666666666666,
2021-08-23 00:00:00,0.0,0.0091070344645185,1.120620459178565,580.6148294347547,0.07066666666666666,
2021-08-23 00:30:00,0.0,2.6795163676127593e-05,0.8435214592383902,444.1071727554993,0.07066666666666666,
2021-08-23 01:00:00,0.0,2.6365696203895816e-05,0.984479609044581,517.8713722518893,0.07066666666666666,
2021-08-23 01:30:00,0.0,2.661538347478615e-05,0.8879248975680022,469.6073186163991,0.07066666666666666,
2021-08-23 02:00:00,0.0,2.6116273850256723e-05,0.8406079870600591,436.4433029261395,0.07066666666666666,
2021-08-23 02:30:00,0.0,2.5903426022643787e-05,0.7304734193189233,376.78613092112016,0.07066666666666666,
2021-08-23 03:00:00,0.0,2.5833681681635627e-05,0.5432596100697942,277.6891476968947,0.07066666666666666,
2021-08-23 03:30:00,0.0,2.5586480963000708e-05,0.3820725955094376,202.11437717839615,0.07066666666666666,
2021-08-23 04:00:00,0.0,2.5306633599255708e-05,0.4047798719025374,215.1547830998822,0.07066666666666666,
2021-08-23 04:30:00,0.0,2.586853706785997e-05,0.259097600779357,136.38638639640487,0.07066666666666666,
2021-08-23 05:00:00,0.0,2.502899022333993e-05,0.3466340411216435,179.3220241546968,0.07066666666666666,
2021-08-23 05:30:00,0.0,2.4032825628468784e-05,0.3909309887901528,202.32483280391097,0.07066666666666666,
2021-08-23 06:00:00,0.0,2.3257646047119997e-05,0.2024317258739264,105.0705327815774,0.07066666666666666,
2021-08-23 06:30:00,0.0,2.26589022265558e-05,0.3263715254211465,172.57120689621672,0.07066666666666666,
2021-08-23 07:00:00,0.0,2.275789808853537e-05,0.0816691035386171,46.80683529182442,0.07066666666666666,
2021-08-23 07:30:00,0.0,2.3490987901771723e-05,0.6568607722068963,344.1350518547089,0.07066666666666666,
2021-08-23 08:00:00,0.0,0.0079684962033178,1.1255741053371715,594.1301321173428,0.07066666666666666,
2021-08-23 08:30:00,0.0,2.4613281801622063e-05,1.9388039600763347,1018.9631365602016,0.07066666666666666,
2021-08-23 09:00:00,0.0,2.7046281764451948e-05,6.028366724650377,3162.7731968062058,0.07066666666666666,-0.1248629021392826
2021-08-23 09:30:00,0.0,0.0175978233259633,10.307385245667902,5408.065206861625,0.07066666666666666,
2021-08-23 10:00:00,0.0,0.0251611115530464,17.4435230206182,9129.86763870158,0.07066666666666666,
2021-08-23 10:30:00,0.0,0.0830879592646505,21.60713265386994,11311.962459243809,0.07066666666666666,
2021-08-23 11:00:00,0.0,0.1028848740867141,22.709563605972857,11881.045947996685,0.07066666666666666,
2021-08-23 11:30:00,0.0,0.1097944545056207,24.273145272390103,12700.458890683654,0.07066666666666666,
2021-08-23 12:00:00,0.0,0.2446064636585896,23.6014983135,12346.516109477056,0.07033333333333332,
2021-08-23 12:30:00,0.0,0.1587302388517112,22.52219773932547,11783.77499208657,0.07033333333333332,-0.0676863121824559
2021-08-23 13:00:00,0.0,0.1723040727555828,22.16909304933359,11604.272311721106,0.07033333333333332,-0.0595182279029092
2021-08-23 13:30:00,0.0,0.1041196113537996,21.871573482198585,11452.600753568408,0.07033333333333332,-0.0513501436233625
2021-08-23 14:00:00,0.0,0.2119410116939129,22.68730517558145,11890.200195178531,0.07033333333333332,-0.0431820593438159
2021-08-23 14:30:00,0.0,0.1569684698777801,21.214791750770345,11108.6556673435,0.07033333333333332,-0.0350139750642692
2021-08-23 15:00:00,0.0,0.0822245831341404,18.488906705786576,9687.503049664709,0.06999999999999999,-0.0483673653319555
2021-08-23 15:30:00,0.0,0.0714748871078965,15.488408031171026,8120.660539761197,0.06999999999999999,-0.0602808384598401
2021-08-23 16:00:00,0.0,0.0565929458467223,13.58628624277691,7118.168967135548,0.06999999999999999,-0.0670291054215865
2021-08-23 16:30:00,0.0,0.0562199246029676,12.09827761040484,6342.878952344136,0.06999999999999999,-0.0663894924415557
2021-08-23 17:00:00,0.0,0.0270324745967242,10.13375000796394,5316.189833412386,0.06999999999999999,-0.0586965560294388
2021-08-23 17:30:00,0.0,0.0507523863382239,9.067644573103689,4756.335756278576,0.06999999999999999,-0.0467412113977701
2021-08-23 18:00:00,0.0,0.0025778072627607,7.950802601157385,4164.510931241102,0.06966666666666667,-0.0344727331877827
2021-08-23 18:30:00,0.0,0.0013892429825626,6.938773996555403,3638.4160807776752,0.06966666666666667,-0.0251315843213949
2021-08-23 19:00:00,0.0,2.8734810665996177e-05,5.753413513442347,3018.92558033713,0.06966666666666667,-0.0200173352354334
2021-08-23 19:30:00,0.0,2.847427479058182e-05,4.762263389098415,2496.8807985851467,0.06966666666666667,-0.0185718991555949
2021-08-23 20:00:00,0.0,2.784777917135708e-05,4.009925181784119,2104.9820998811697,0.06966666666666667,-0.0213056290163517
2021-08-23 20:30:00,0.0,2.7155854767812608e-05,3.3114410439643667,1734.1873799675336,0.06966666666666667,-0.0240393588771085
2021-08-23 21:00:00,0.0,2.6544279676838223e-05,2.473991387413112,1302.2860773487116,0.06966666666666667,-0.0267730887378653
2021-08-23 21:30:00,0.0,2.6507359011527425e-05,1.937093549356562,1013.3720936806956,0.06966666666666667,-0.0295068185986221
2021-08-23 22:00:00,0.0,2.618656119674144e-05,1.5705338865747085,821.3916098686374,0.06966666666666667,
2021-08-23 22:30:00,0.0,2.618656119674144e-05,1.379692477984484,721.1535631258308,0.06966666666666667,
2021-08-23 23:00:00,0.0,2.6293655713524186e-05,1.0049791676162032,526.0652830875704,0.06933333333333334,
2021-08-23 23:30:00,0.0,2.6044719324839073e-05,0.7788311580827818,411.7683172499751,0.06933333333333334,
2021-08-24 00:00:00,0.0,2.5691819406944564e-05,0.7119261564767192,375.9172641389131,0.06933333333333334,
2021-08-24 00:30:00,0.0,2.5481452105946365e-05,0.5590380628733962,297.817001520824,0.06933333333333334,
2021-08-24 01:00:00,0.0,2.513267772622862e-05,0.5906206334534767,311.0952424494914,0.06933333333333334,
2021-08-24 01:30:00,0.0,2.4579650240962487e-05,0.4244542785551237,222.96392390129003,0.06933333333333334,
2021-08-24 02:00:00,0.2,2.4648293879291414e-05,0.4345651011087017,226.3342785574276,0.06933333333333334,
2021-08-24 02:30:00,0.0,2.451114486718893e-05,0.3586268913846029,190.04584272838773,0.06933333333333334,
2021-08-24 03:00:00,0.0,2.420258491079594e-05,0.4136995379731815,218.00736894697752,0.06933333333333334,
2021-08-24 03:30:00,0.0,2.4476273743114684e-05,0.3546728536481215,180.4535080576964,0.06933333333333334,
2021-08-24 04:00:00,0.0,2.423717327478117e-05,0.1447717480725464,74.59403055121676,0.06933333333333334,
2021-08-24 04:30:00,0.0,2.4407976960880987e-05,0.1006478317089685,52.95036258447448,0.06933333333333334,
2021-08-24 05:00:00,0.0,2.4134842509367325e-05,0.0296967781475073,9.73927178693457,0.06933333333333334,
2021-08-24 05:30:00,0.0,2.3964108518869705e-05,0.0999744725685705,51.330550180417866,0.06933333333333334,
2021-08-24 06:00:00,0.0,2.3626584162443343e-05,-0.0574870280986532,-30.441272178096263,0.06933333333333334,
2021-08-24 06:30:00,0.0,2.3289952882876963e-05,-0.0233140189508774,-12.05623426485363,0.06933333333333334,
2021-08-24 07:00:00,0.0,2.3056791688447737e-05,0.0195865478673319,6.398234204474031,0.06933333333333334,
2021-08-24 07:30:00,0.0,2.275789808853537e-05,-0.0247178336611848,-15.33887972145438,0.06933333333333334,
2021-08-24 08:00:00,0.0,2.2199859468317535e-05,0.1702757156814513,94.17072827987948,0.06933333333333334,
2021-08-24 08:30:00,0.2,2.2069086497893275e-05,0.2455923583539328,127.58141107030892,0.06933333333333334,
2021-08-24 09:00:00,0.0,2.242914423497689e-05,2.6761992478696577,1404.942532989195,0.06933333333333334,
2021-08-24 09:30:00,0.0,2.389685171169485e-05,6.3037321284348415,3301.986907683493,0.06933333333333334,
2021-08-24 10:00:00,0.0,2.5691819406944564e-05,12.162135866630733,6376.841330559989,0.06933333333333334,
2021-08-24 10:30:00,0.0,0.0160842501376986,18.12537591236395,9498.167361800088,0.06933333333333334,
2021-08-24 11:00:00,0.0,0.058241198368233,20.799292454410296,10890.520245929652,0.06933333333333334,
2021-08-24 11:30:00,0.0,0.0461824479305927,23.11966547126383,12105.728039524516,0.06933333333333334,
2021-08-24 12:00:00,0.0,0.1114740891916221,25.182041656816217,13146.60738565114,0.06933333333333334,
2021-08-24 12:30:00,0.0,0.1962444810430479,25.098298582122,13128.06819788295,0.06933333333333334,
2021-08-24 13:00:00,0.0,0.1948410017268309,24.86766154253911,13008.241030131583,0.06933333333333334,
2021-08-24 13:30:00,0.0,0.2342212736638896,25.24102691023422,13224.961557925724,0.06933333333333334,
2021-08-24 14:00:00,0.0,0.1655071877505859,24.662115842400983,12907.532530595408,0.06866666666666667,-0.0650453067884604
2021-08-24 14:30:00,0.0,0.0250825636498251,23.46844885655391,12285.610913748333,0.06866666666666667,-0.0677790366492172
2021-08-24 15:00:00,0.0,0.1152061503607369,22.10839833172879,11581.869953754032,0.06866666666666667,-0.070512766509974
2021-08-24 15:30:00,0.0,0.1323805031409264,22.176864760145627,11608.203482492523,0.06866666666666667,-0.0732464963707307
2021-08-24 16:00:00,0.0,0.0393449556508318,21.098099291721816,11035.450077572968,0.06866666666666667,-0.0759802262314875
2021-08-24 16:30:00,0.0,0.0085753698698917,21.86917921143099,11450.08111171866,0.06866666666666667,-0.0832977893485029
2021-08-24 17:00:00,0.0,0.0275496409466182,20.883038981610216,10930.321319775752,0.06833333333333334,-0.0958060460160437
2021-08-24 17:30:00,0.0,0.1836014748759427,21.06524440834271,11019.10678640996,0.06833333333333334,-0.1121861220620047
2021-08-24 18:00:00,0.0,0.0009067178967872,18.010185441603603,9432.704239156945,0.06833333333333334,-0.130146707335048
2021-08-24 18:30:00,0.0,3.53190922434402e-05,15.2504358850776,7992.582899286767,0.06833333333333334,-0.1462769272088653
2021-08-24 19:00:00,0.0,3.404197166659722e-05,11.4470898462357,5996.7964186723675,0.068,-0.1569889267595386
2021-08-24 19:30:00,0.0,0.0582876370567823,10.696426053715044,5608.84267624117,0.068,-0.1607537606713845
2021-08-24 20:00:00,0.0,0.031158940247517,9.050248984786194,4740.778192141258,0.068,-0.1587313948251352
2021-08-24 20:30:00,0.0,0.0262215656760089,7.491481081947747,3924.1256089449344,0.068,-0.1524536953493099
2021-08-24 21:00:00,0.0,0.0242177228799629,5.215292724476759,2735.307102352689,0.068,-0.1417117732793862
2021-08-24 21:30:00,0.0,0.0206907707627744,3.7795475811772734,1977.0013804743803,0.068,-0.1255736730118852
2021-08-24 22:00:00,0.0,0.0200432455838782,2.9556355387661233,1546.4380090721315,0.068,-0.1047786780133326
2021-08-24 22:30:00,0.0,2.7482082813501057e-05,2.3489884886982457,1227.1849388827916,0.068,-0.1049586420882448
2021-08-24 23:00:00,0.0,2.6830936314465047e-05,1.8960629974934011,993.3700601868148,0.06766666666666667,
2021-08-24 23:30:00,0.0,2.6401061362963146e-05,1.4956189578404848,780.8234925514049,0.06766666666666667,
2021-08-25 00:00:00,0.0,2.57626807481102e-05,1.3403430455369223,711.8058478397753,0.06766666666666667,
2021-08-25 00:30:00,0.0,0.0127640031431575,1.1284408892852569,581.8294372778779,0.06766666666666667,
2021-08-25 01:00:00,0.0,2.4579650240962487e-05,1.0029411293233492,523.990156798284,0.06766666666666667,
2021-08-25 01:30:00,0.0,2.437321212789204e-05,0.8200091120801947,432.11451620418904,0.06766666666666667,
2021-08-25 02:00:00,0.0,2.386261680441744e-05,0.7932994018000907,408.37407687101165,0.06733333333333334,
2021-08-25 02:30:00,0.0,2.3558714866712376e-05,0.7298305386615734,379.1230776826157,0.06733333333333334,
2021-08-25 03:00:00,0.0,2.3289952882876963e-05,0.9063791875553304,475.70901894483706,0.06733333333333334,
2021-08-25 03:30:00,0.0,0.0084533660542211,0.7198400019922294,375.7935590857159,0.06733333333333334,
2021-08-25 04:00:00,0.0,2.282407165484247e-05,0.462625010180187,234.11781127258007,0.06733333333333334,
2021-08-25 04:30:00,0.0,2.282407165484247e-05,0.5030794263511466,269.50856081800765,0.06733333333333334,
2021-08-25 05:00:00,0.0,2.2593081150686816e-05,0.4124277454005529,217.44882910046863,0.06733333333333334,
2021-08-25 05:30:00,0.0,2.2264834702587182e-05,0.5216486601799006,271.6501633908139,0.06733333333333334,
2021-08-25 06:00:00,0.0,2.2101415206849497e-05,0.3680990808543908,194.43651211028617,0.06733333333333334,
2021-08-25 06:30:00,0.0,2.1454166441399737e-05,0.2434901376458581,125.32502700746852,0.06733333333333334,
2021-08-25 07:00:00,0.0,2.1550467758537072e-05,0.1343140527744299,73.70450887189236,0.06733333333333334,-0.1751101963424171
2021-08-25 07:30:00,0.0,2.151873827361043e-05,0.087533348236204,45.603794014314985,0.06733333333333334,-0.1681586729580248
2021-08-25 08:00:00,0.0,2.119852532377504e-05,0.3210812676415686,164.99008729217655,0.06766666666666667,-0.1612071495736325
2021-08-25 08:30:00,0.0,2.1390953029458888e-05,0.7285109080258951,375.9616257150015,0.06766666666666667,-0.1542556261892402
2021-08-25 09:00:00,0.0,2.2069086497893275e-05,4.137770828895055,2174.163892067629,0.06766666666666667,-0.105138606163157
2021-08-25 09:30:00,0.0,2.3558714866712376e-05,8.254189020790367,4326.402761150298,0.06766666666666667,-0.1053185702380692
2021-08-25 10:00:00,0.0,2.6866742732449057e-05,15.208096537889013,7970.914956796846,0.06766666666666667,-0.1054985343129815
2021-08-25 10:30:00,0.0,3.0940246868121084e-05,19.93523235116418,10445.653241665565,0.06766666666666667,
2021-08-25 11:00:00,0.0,0.0798597721080324,22.987323831895363,12030.381009016848,0.06766666666666667,
2021-08-25 11:30:00,0.0,0.0511837869388748,25.874668682142456,13530.79633437776,0.06766666666666667,
2021-08-25 12:00:00,0.0,0.1140620395237,26.426559225512488,13821.499470353876,0.06766666666666667,
2021-08-25 12:30:00,0.0,0.2257152753713632,25.488482987981417,13329.890900184,0.06766666666666667,-0.1063983546875426
2021-08-25 13:00:00,0.0,0.2399642641418467,24.59387539098269,12859.061468396349,0.06766666666666667,-0.1065783187624548
2021-08-25 13:30:00,0.0,0.2677876285445293,23.528116581135123,12316.326492218055,0.06766666666666667,-0.106758282837367
2021-08-25 14:00:00,0.0,0.1612827115004856,23.603674232317132,12335.96968367492,0.067,-0.1069382469122793
2021-08-25 14:30:00,0.0,0.27431349732723,24.023795768374576,12574.288433422376,0.067,-0.1071182109871915
2021-08-25 15:00:00,0.0,0.2765809974237485,23.64578344926628,12376.15316883411,0.067,-0.1200237465431007
2021-08-25 15:30:00,0.0,0.2874121486574839,23.683187481289828,12401.205877996366,0.067,-0.1348402764910921
2021-08-25 16:00:00,0.0,0.4093410313963478,23.574495066772027,12339.38161174719,0.06666666666666667,-0.1502585402456482
2021-08-25 16:30:00,0.0,0.4949217595217437,23.530030370406156,12322.805857280691,0.06666666666666667,-0.1638904471676375
2021-08-25 17:00:00,0.0,0.430581928465211,23.151584977285665,12125.921957301884,0.06666666666666667,-0.1745738790731714
2021-08-25 17:30:00,0.0,0.3243699788175814,21.319883774634608,11154.121001222216,0.06666666666666667,-0.1835164879795821
2021-08-25 18:00:00,0.0,0.2558609648841332,21.379709293680975,11204.252834317833,0.06633333333333334,-0.1931272162622703
2021-08-25 18:30:00,0.0,0.2155726476006576,19.715490229731746,10322.087671390163,0.06633333333333334,-0.2048101744364262
2021-08-25 19:00:00,0.0,4.489792263814394e-05,16.343503949957203,8565.55260065973,0.06633333333333334,-0.2176867451409644
2021-08-25 19:30:00,0.0,4.132011947836208e-05,12.006841856621406,6293.15439146276,0.06633333333333334,-0.2290573508673882
2021-08-25 20:00:00,0.0,3.8648415040799214e-05,8.28653998254637,4344.981372954969,0.066,-0.2358426036192942
2021-08-25 20:30:00,0.0,3.713428294613371e-05,5.928696927682369,3111.448225953128,0.066,-0.2358031830135588
2021-08-25 21:00:00,0.0,3.577829014767662e-05,4.53335055773656,2374.8318917465217,0.066,-0.2280226549435366
2021-08-25 21:30:00,0.0,3.432914474509867e-05,3.479861140380099,1820.079598913025,0.066,-0.213021584139245
2021-08-25 22:00:00,0.0,3.2471247311145726e-05,2.7066031526138685,1419.1090974014523,0.066,-0.1927648869680987
2021-08-25 22:30:00,0.0,3.1798421662995925e-05,2.082283182167549,1088.9175103730356,0.066,-0.1700753647313173
2021-08-25 23:00:00,0.0,3.0978191427504694e-05,1.7387533587285715,910.084683667239,0.06566666666666666,-0.1473041028048478
2021-08-25 23:30:00,0.0,3.0247079988814197e-05,1.6655448667907855,872.6938475108448,0.06566666666666666,-0.1253631948214195
2021-08-26 00:00:00,0.0,2.8623806350329834e-05,1.2694739930866188,659.4165853228155,0.06566666666666666,-0.1041883668376919
2021-08-26 00:30:00,0.0,2.784777917135708e-05,1.2284263494391967,641.7457128563989,0.06566666666666666,-0.084038401279105
2021-08-26 01:00:00,0.0,2.7518499793196832e-05,1.1492865303465043,592.752731364018,0.06533333333333334,-0.0878218451285245
2021-08-26 01:30:00,0.0,2.7554950680070244e-05,0.9372215181317116,489.9777858599424,0.06533333333333334,-0.091605288977944
2021-08-26 02:00:00,0.0,2.6650985973610524e-05,1.0021762938100571,523.695491673628,0.06533333333333334,-0.0953887328273635
2021-08-26 02:30:00,0.0,2.586853706785997e-05,0.9787194298914508,507.84003037222226,0.06533333333333334,-0.099172176676783
2021-08-26 03:00:00,0.0,2.6044719324839073e-05,0.9805442326670928,512.4664228547753,0.06533333333333334,
2021-08-26 03:30:00,0.0,2.6293655713524186e-05,0.9793472199813358,509.3923272536446,0.06533333333333334,
2021-08-26 04:00:00,0.0,2.5446970766639617e-05,0.7961708860822542,417.376118838785,0.06533333333333334,
2021-08-26 04:30:00,0.0,2.579746768048764e-05,0.6292038711076984,325.10633696381393,0.06533333333333334,
2021-08-26 05:00:00,0.0,2.5306633599255708e-05,0.6091718054317752,318.4394071426401,0.06533333333333334,
2021-08-26 05:30:00,0.0,2.495958328613873e-05,0.3082261821821471,157.78052786496363,0.06533333333333334,
2021-08-26 06:00:00,0.0,2.492425274865588e-05,0.3240550083058053,175.4549164069211,0.06533333333333334,
2021-08-26 06:30:00,0.0,2.4579650240962487e-05,0.4882789059639121,256.30096073967695,0.06533333333333334,
2021-08-26 07:00:00,0.0,2.399844920328174e-05,0.4977274489289207,258.0780341579765,0.06533333333333334,-0.1332231713215586
2021-08-26 07:30:00,0.0,2.3964108518869705e-05,0.753633511989407,397.77184938226674,0.06533333333333334,-0.1370066151709781
2021-08-26 08:00:00,0.0,2.386261680441744e-05,1.2955897026955796,683.8700412629353,0.06533333333333334,-0.1407900590203976
2021-08-26 08:30:00,0.0,2.4717075866233703e-05,2.4538633407917008,1287.5843698002132,0.06533333333333334,-0.1445735028698171
2021-08-26 09:00:00,0.0,2.5342352952357383e-05,6.459010522494226,3383.147965724492,0.06533333333333334,-0.1711245683331895
2021-08-26 09:30:00,0.0,2.7083732081437783e-05,12.1211064283317,6351.955396721942,0.06533333333333334,-0.1721737719350617
2021-08-26 10:00:00,0.0,3.0476424600834423e-05,18.441868497606784,9659.875877239936,0.06533333333333334,-0.1732229755369339
2021-08-26 10:30:00,0.0,0.0022780102898442,22.782325197664896,11925.44042107398,0.06533333333333334,-0.1742721791388061
2021-08-26 11:00:00,0.0,0.0674256048157773,24.3574473744352,12749.454042057469,0.06533333333333334,
2021-08-26 11:30:00,0.0,0.0357932466446911,26.589168486804667,13904.822684087563,0.06533333333333334,
2021-08-26 12:00:00,0.0,0.1901268556080117,25.4314178249916,13307.302416330956,0.06566666666666666,-0.1774197899444227
2021-08-26 12:30:00,0.0,0.1502894216200537,26.2839746857575,13757.374317474172,0.06566666666666666,-0.1784689935462949
2021-08-26 13:00:00,0.0,0.2730055382660935,24.864173662955302,13011.379364066426,0.06533333333333334,-0.1795181971481671
2021-08-26 13:30:00,0.0,0.2702940327545707,24.767662057215286,12957.110077295863,0.06533333333333334,-0.1805674007500393
2021-08-26 14:00:00,0.0,0.327189883257814,25.7653267972777,13471.874024171631,0.06533333333333334,-0.1816166043519115
2021-08-26 14:30:00,0.0,0.1536103594659203,23.24471251174157,12160.18810125128,0.06533333333333334,-0.1990072113937639
2021-08-26 15:00:00,0.0,0.1391598123155445,24.336824944160217,12730.596183907488,0.06466666666666666,-0.2125913842732428
2021-08-26 15:30:00,0.0,0.1430306968004819,20.494022337601997,10741.927908711255,0.06466666666666666,-0.2217451579954983
2021-08-26 16:00:00,0.0,0.2125249182518157,20.92015924896284,10957.022926989976,0.06466666666666666,-0.2266947761169968
2021-08-26 16:30:00,0.0,0.0210636218277648,21.329541715690684,11174.937842587002,0.06466666666666666,-0.2292224497522635
2021-08-26 17:00:00,0.0,0.1325807316288024,18.730349872642797,9824.86360183454,0.06433333333333334,-0.2321640579462994
2021-08-26 17:30:00,0.0,0.1386163978447745,17.896107235252423,9371.874362188086,0.06433333333333334,-0.2377916180784469
2021-08-26 18:00:00,0.0,0.1512796868906477,17.634361105109395,9234.747454661374,0.06433333333333334,-0.2459376088838214
2021-08-26 18:30:00,0.0,0.0662451230866556,14.462432720066712,7582.481870238622,0.06433333333333334,-0.2530650958736139
2021-08-26 19:00:00,0.0,0.0839747467308927,10.152722888526348,5323.025799567407,0.064,-0.2538384141871674
2021-08-26 19:30:00,0.0,3.9394752450770456e-05,7.069797116898874,3701.819077881487,0.064,-0.2450653175877167
2021-08-26 20:00:00,0.0,3.935038771034967e-05,5.393070260445048,2825.0668092119113,0.064,-0.2283782173974458
2021-08-26 20:30:00,0.0,3.9572520284575805e-05,4.176023827645357,2185.4845417680403,0.064,-0.2086232448552111
2021-08-26 21:00:00,0.0,3.8822256168481984e-05,3.196421160066328,1673.7786892113186,0.064,-0.1901510673118416
2021-08-26 21:30:00,0.0,3.821140429993432e-05,2.3092911513558265,1207.9658008857202,0.064,-0.1751561346385322
2021-08-26 22:00:00,0.0,3.7909152495902515e-05,2.008760596451679,1047.9400058568194,0.06366666666666666,-0.1642026453951934
2021-08-26 22:30:00,0.0,0.0458022160222956,2.0491611423318417,1066.559471785684,0.06366666666666666,-0.1562720055248501
2021-08-26 23:00:00,0.0,3.408241776180299e-05,1.62969895694727,845.2484365807109,0.06366666666666666,-0.1483569467192366
2021-08-26 23:30:00,0.0,3.4205635288323394e-05,1.2914515755946097,672.0379403508558,0.06366666666666666,-0.1370277808342548
2021-08-27 00:00:00,0.0,3.494592704299067e-05,1.2058239979902388,628.9009873440177,0.06366666666666666,-0.1215014290803004
2021-08-27 00:30:00,0.0,3.445124818432026e-05,0.9463335482745228,492.9664193369649,0.06366666666666666,-0.1047252944390628
2021-08-27 01:00:00,0.0,3.556987643811817e-05,1.2168376702320003,635.2259535897459,0.06366666666666666,-0.091297940483126
2021-08-27 01:30:00,0.0,3.561149629736711e-05,0.9989204870938302,517.2022481931823,0.06366666666666666,-0.0845105669636351
2021-08-27 02:00:00,0.0,3.582180858518088e-05,1.1308910508729788,590.6124275287901,0.06366666666666666,-0.0846405523547918
2021-08-27 02:30:00,0.0,3.424620892888093e-05,0.9772649319076244,505.95653201286984,0.06366666666666666,-0.0889643466326298
2021-08-27 03:00:00,0.0,0.0271654830864559,1.1583310809364793,595.7194934864419,0.06333333333333334,-0.0935657468019345
2021-08-27 03:30:00,0.0,0.0260446006400127,0.9765969422386768,504.3822128231034,0.06333333333333334,-0.0960900378207559
2021-08-27 04:00:00,0.0,0.023731784263838,0.9785422178476832,509.07459245985024,0.063,-0.096987618663795
2021-08-27 04:30:00,0.0,0.0213992569328264,0.804608439401717,418.7675377385444,0.063,-0.097837672538021
2021-08-27 05:00:00,0.0,0.0223689453497933,0.8158276256198604,425.210527195342,0.063,-0.098700310926487
2021-08-27 05:30:00,0.0,0.0217995479818248,1.2498185188462267,654.1662987953594,0.063,-0.0975657748601686
2021-08-27 06:00:00,0.0,0.022564110704855,0.9252340461027716,483.24225711974526,0.063,-0.0928106133690674
2021-08-27 06:30:00,0.0,0.0231068588519891,0.6507263868790336,337.62543487424375,0.063,-0.0863703424253082
2021-08-27 07:00:00,0.0,2.672229220790163e-05,0.5740617319618146,298.4395796719434,0.063,-0.0837086681598188
2021-08-27 07:30:00,0.0,2.7083732081437783e-05,0.563996228146713,295.08632265433494,0.063,-0.0894664580058853
2021-08-27 08:00:00,0.0,0.0004083609732547,1.9048344917143472,994.110846975536,0.063,-0.1031938974918102
2021-08-27 08:30:00,0.0,0.0064065263903698,4.101674245724756,2147.0638319296827,0.063,-0.1203411861533694
2021-08-27 09:00:00,0.0,0.0090830006557002,7.512714952845558,3933.158129383664,0.063,-0.137126560797844
2021-08-27 09:30:00,0.0,0.0100726801720631,10.386773006587449,5441.600547933817,0.063,-0.1532240208009313
2021-08-27 10:00:00,0.0,0.0194744910289338,12.780591144689174,6701.973086950512,0.063,-0.1696959265524917
2021-08-27 10:30:00,0.0,0.0304037067466705,15.30094903932251,8025.055533011408,0.063,-0.185502383522868
2021-08-27 11:00:00,0.0,0.0281233478121834,20.051458987980375,10500.319483385085,0.063,-0.1969593416096823
2021-08-27 11:30:00,0.0,0.0412523057491194,22.472883157185287,11763.070892364103,0.063,-0.2014188128463534
2021-08-27 12:00:00,0.0,0.0181206408932673,19.64305734201836,10294.755976062885,0.063,-0.2015068247863683
2021-08-27 12:30:00,0.0,0.0200584344985633,17.732272820650714,9290.565701335963,0.063,-0.203404569095192
2021-08-27 13:00:00,0.0,0.0368692827344802,19.85116135350287,10393.151299164578,0.063,-0.2092348355635548
2021-08-27 13:30:00,0.0,0.0303523806637045,19.956595060348576,10450.421505635768,0.063,-0.2136844905555369
2021-08-27 14:00:00,0.0,0.0257811511098856,18.889353862966143,9902.144643339225,0.06266666666666666,-0.2106112372063345
2021-08-27 14:30:00,0.0,0.0151003611730988,16.923252111938847,8880.430038122193,0.06266666666666666,-0.2004170382414001
2021-08-27 15:00:00,0.0,0.1725541863343118,16.244609219289078,8514.551446379886,0.06266666666666666,-0.1882012441574331
2021-08-27 15:30:00,0.0,0.0380449390853597,14.536416568954728,7622.353729116979,0.06266666666666666,-0.1770866938155036
2021-08-27 16:00:00,0.0,0.2073055581142709,19.770623158487368,10354.790844909136,0.06266666666666666,-0.1665196877020337
2021-08-27 16:30:00,0.0,0.0032485711405211,18.49880982663303,9701.728019633503,0.06266666666666666,-0.1557105721824526
2021-08-27 17:00:00,0.0,3.6835678740633714e-05,15.345428595159063,8049.100890587897,0.062,-0.1457113365561278
2021-08-27 17:30:00,0.2,0.0190635093282605,9.928835018200438,5210.065454290395,0.062,-0.138013615714494
2021-08-27 18:00:00,0.2,0.0385482723659143,9.66822903648657,5067.479037256819,0.062,-0.1326701917807552
2021-08-27 18:30:00,0.0,0.0111629933996778,11.83415499525265,6206.717530271414,0.062,-0.1282760039447523
2021-08-27 19:00:00,0.0,3.086287479687379e-05,9.598049648476652,5033.393325277979,0.062,-0.1231916246049819
2021-08-27 19:30:00,0.0,3.0247079988814197e-05,7.386866975934971,3870.397761617184,0.062,-0.1165157127531595
2021-08-27 20:00:00,0.0,3.0247079988814197e-05,5.514015677499512,2893.474227609175,0.062,-0.1082202751579474
2021-08-27 20:30:00,0.0,3.0592325027057014e-05,5.585207906483443,2922.1688609931844,0.062,-0.0987739069868042
2021-08-27 21:00:00,0.0,2.994003747838271e-05,5.19526657734654,2720.6589015043305,0.062,-0.0886712005121402
2021-08-27 21:30:00,0.0,2.9636675311373782e-05,3.620674104975,1899.9395042500687,0.062,-0.0780893117972876
2021-08-27 22:00:00,0.0,2.9523270520278577e-05,2.6156864167683143,1368.1731758710362,0.06166666666666667,-0.0669247743057708
2021-08-27 22:30:00,1.0,2.9033291171632532e-05,1.7692072004040806,924.3179698854568,0.06166666666666667,-0.0553179280621808
2021-08-27 23:00:00,1.4,2.85863723630622e-05,1.249270082266626,652.6678723165522,0.06166666666666667,-0.0441268509000096
2021-08-27 23:30:00,0.0,0.0038201530788474,0.9708201979455986,511.818762382901,0.06166666666666667,-0.034629806795444
2021-08-28 00:00:00,0.0,2.7774368397717875e-05,0.8895434622556537,460.5004718320589,0.06166666666666667,-0.0276816866630241
2021-08-28 00:30:00,0.0,2.6902582937193505e-05,0.6609243812126616,343.6420985704919,0.06166666666666667,-0.0232201581331944
2021-08-28 01:00:00,0.0,2.6471892759141174e-05,0.6062550177053336,315.87896771987045,0.06166666666666667,-0.0204848316263789
2021-08-28 01:30:00,0.0,2.661538347478615e-05,0.6489425347025066,335.5524337832822,0.06166666666666667,-0.0185649457844724
2021-08-28 02:00:00,0.0,2.600969466871188e-05,0.4306859508188265,227.2321115429396,0.06166666666666667,-0.0168337099562301
2021-08-28 02:30:00,0.0,2.562248294754593e-05,0.4090907985604752,217.2795182563116,0.06166666666666667,-0.0151052746788575
2021-08-28 03:00:00,0.0,2.600969466871188e-05,0.4373928393581117,222.54660518319483,0.06166666666666667,-0.0135472583162559
2021-08-28 03:30:00,0.0,2.6258392924944224e-05,0.4724247542903165,243.88113939019513,0.06166666666666667,-0.0124600744106559
2021-08-28 04:00:00,0.0,2.5586480963000708e-05,0.270824252900734,136.65024749348922,0.06166666666666667,-0.0120638497582292
2021-08-28 04:30:00,0.0,2.5517348206729587e-05,0.2938799397095727,149.89073964151584,0.06166666666666667,-0.0124020269262548
2021-08-28 05:00:00,0.0,2.5481452105946365e-05,0.3060884868107282,158.12702753856465,0.06166666666666667,-0.0134395745137578
2021-08-28 05:30:00,0.0,2.5376732589395176e-05,0.216713408525859,111.71209378119532,0.06166666666666667,-0.0154023487364698
2021-08-28 06:00:00,0.0,2.57626807481102e-05,-0.0191617185298307,-10.146753315705418,0.06166666666666667,-0.0193036104625731
2021-08-28 06:30:00,0.0,2.5481452105946365e-05,0.2029632983977272,100.13021020310394,0.06166666666666667,-0.0273591139062225
2021-08-28 07:00:00,0.0,2.5236673719742934e-05,0.2938799397095727,149.89073964151584,0.06166666666666667,-0.0425234875194568
2021-08-28 07:30:00,0.0,2.485505521863812e-05,0.2295666267723021,121.55604656858098,0.06166666666666667,-0.0666460290137711
2021-08-28 08:00:00,0.0,2.4821185487419337e-05,0.3868776894925259,205.74914367448665,0.06166666666666667,-0.0983289094338365
2021-08-28 08:30:00,0.0,2.4339818229124272e-05,0.194999857392852,101.7049338107604,0.06166666666666667,-0.1328533572992151
2021-08-28 09:00:00,0.0,2.4613281801622063e-05,2.175050878696214,1135.617648680477,0.06166666666666667,-0.1649083862358243
2021-08-28 09:30:00,0.0,2.5586480963000708e-05,4.801650016516528,2517.386508475627,0.06166666666666667,-0.1917661835233063
2021-08-28 10:00:00,0.0,2.817832762851094e-05,10.14236331398252,5315.82497226525,0.062,-0.2142049254316566
2021-08-28 10:30:00,0.0,0.0290185389581091,15.862412163978757,8321.09946885518,0.062,-0.2350267801998198
2021-08-28 11:00:00,0.0,0.0407598776968665,20.425514827092833,10693.843855450545,0.062,-0.2568086066188907
2021-08-28 11:30:00,0.0,3.926175095070809e-05,23.053857096260625,12063.910195680985,0.062,-0.2803032331333838
2021-08-28 12:00:00,0.0,0.1289466286565997,24.452785363459647,12794.845970708247,0.062,-0.3042091609036191
2021-08-28 12:30:00,0.0,0.1955089700565241,24.42440335380539,12766.32034667792,0.062,-0.3263988050479835
2021-08-28 13:00:00,0.0,0.2041270382244707,24.569477669550533,12860.693000510322,0.062,-0.3457197425939863
2021-08-28 13:30:00,0.0,0.2391370802869382,23.78789504466465,12441.22000166374,0.062,-0.362802736180789
2021-08-28 14:00:00,0.0,0.255612364783717,24.452298682591383,12812.153766950803,0.06166666666666667,-0.3791133278810303
2021-08-28 14:30:00,0.0,0.2710099587788931,24.083600911224067,12599.828284752302,0.06166666666666667,-0.3951605480204542
2021-08-28 15:00:00,0.0,0.3623682681365321,24.441978512638137,12814.484085303338,0.06166666666666667,-0.4096424574981164
2021-08-28 15:30:00,0.0,0.349447112639156,24.672880058605948,12924.163893520645,0.06166666666666667,-0.4203650062772354
2021-08-28 16:00:00,0.0,0.2442826077738178,24.521179963577097,12832.956442410316,0.06133333333333333,-0.4258250711400044
2021-08-28 16:30:00,0.0,0.3314296199656176,23.959615783280313,12541.019821600454,0.06133333333333333,-0.4258484470617361
2021-08-28 17:00:00,0.0,0.2458156502573243,23.742842873392732,12426.617166958084,0.061,-0.4210060666244806
2021-08-28 17:30:00,0.0,0.2736931720246534,23.077730876408864,12080.038327716107,0.061,-0.4118714221382767
2021-08-28 18:00:00,0.0,0.2886452714899434,23.054362997111703,12081.184638651166,0.061,-0.3990661075610264
2021-08-28 18:30:00,0.0,0.1593478003984999,20.94102336469647,10974.423247967508,0.061,-0.3837490294469742
2021-08-28 19:00:00,0.0,0.1195552992135961,17.602218688840495,9228.765629920852,0.06066666666666667,-0.3674993234616672
2021-08-28 19:30:00,0.0,0.0717647492759629,14.176279226222809,7430.599784384787,0.06066666666666667,-0.35145669462402
2021-08-28 20:00:00,0.0,4.311153004483944e-05,10.051292212220352,5265.272681427255,0.06066666666666667,-0.3357764849593836
2021-08-28 20:30:00,0.0,4.006018939554484e-05,6.6917284527726455,3504.891598821535,0.06066666666666667,-0.3200921529431892
2021-08-28 21:00:00,0.0,3.636778521064745e-05,4.567315752442449,2390.142063358275,0.06033333333333333,-0.3045995766963325
2021-08-28 21:30:00,0.0,3.5736544531296665e-05,3.554204695583109,1867.2697943882984,0.06033333333333333,-0.2909239174704038
2021-08-28 22:00:00,0.0,3.457533729690223e-05,2.444002793957707,1280.9612982885171,0.06033333333333333,-0.2819175420397281
2021-08-28 22:30:00,0.0,0.0326392450547356,2.3722731484346404,1243.177742920336,0.06033333333333333,-0.2799198003665301
2021-08-28 23:00:00,0.0,0.0298351769452569,1.716304559809373,896.3733272322378,0.06033333333333333,-0.2845785039121695
2021-08-28 23:30:00,0.0,0.0306538514050691,1.5778699347681575,821.5319616472368,0.06033333333333333,-0.292537842407347
2021-08-29 00:00:00,0.0,3.239131313461301e-05,1.4081934058358607,734.7596677452322,0.06033333333333333,-0.2994595177384458
2021-08-29 00:30:00,0.0,3.1719603457852996e-05,1.344719061807392,703.0227791644352,0.06033333333333333,-0.3023486324234343
2021-08-29 01:00:00,0.0,3.0940246868121084e-05,1.2014134328640875,620.7247730141944,0.06033333333333333,-0.3006520460084088
2021-08-29 01:30:00,0.0,3.062997880469489e-05,1.194096157558991,623.6262721633744,0.06033333333333333,-0.2958994730775225
2021-08-29 02:00:00,0.0,3.005453953235084e-05,0.5795653504052227,295.8704107643875,0.06033333333333333,-0.2895960235981233
2021-08-29 02:30:00,0.0,0.0313397428840875,0.9972870320137512,516.5502367609862,0.06033333333333333,-0.2807275003012939
2021-08-29 03:00:00,0.0,0.0235541894551582,1.3279839017633293,682.8252610450055,0.06033333333333333,-0.2660534569612789
2021-08-29 03:30:00,0.0,0.0323780732226287,1.0504296316323969,542.3085598155337,0.06033333333333333,-0.2435643287917215
2021-08-29 04:00:00,0.0,0.0192342538771005,1.174718951583304,618.4463961488433,0.06033333333333333,-0.2155458009908969
2021-08-29 04:30:00,0.0,0.0201460875391153,0.846311846533478,440.6202967851483,0.06033333333333333,-0.1889677854382722
2021-08-29 05:00:00,0.0,0.0218667792532492,0.8323696770002071,427.8151997076638,0.06033333333333333,-0.173889117048743
2021-08-29 05:30:00,0.0,0.0185854782438783,0.4697094914070422,240.05678034714305,0.06033333333333333,-0.1800744655773146
2021-08-29 06:00:00,0.0,0.0248647152513322,1.0929719314648176,563.1803294311869,0.06033333333333333,-0.2120891450488647
2021-08-29 06:30:00,0.0,0.0275341491605063,0.859841338574951,453.2054143013098,0.06033333333333333,-0.2661047167868688
2021-08-29 07:00:00,0.0,0.0162552155537832,1.1609351632565348,604.5824723267934,0.06,-0.3315608976118731
2021-08-29 07:30:00,0.0,0.0233230187853472,0.7926235136064521,414.60335091096033,0.06,-0.3963944912962284
2021-08-29 08:00:00,0.0,2.7373035254458654e-05,1.896465017992134,995.3046223642638,0.059666666666666666,-0.4520555902522713
2021-08-29 08:30:00,0.0,2.661538347478615e-05,2.6370992340006736,1379.50072160266,0.059666666666666666,-0.4958713630515018
2021-08-29 09:00:00,0.0,2.7518499793196832e-05,7.679752743447377,4029.824612501402,0.06,-0.5300969996287347
2021-08-29 09:30:00,0.0,2.9827376435069603e-05,14.237200669917538,7464.5031664715425,0.06,-0.5589096746012784
2021-08-29 10:00:00,0.0,3.279065826222133e-05,19.620706030749204,10283.660494486285,0.06,-0.5858985592858902
2021-08-29 10:30:00,0.0,0.0204231707558184,23.394207952096288,12245.5596822461,0.06,-0.613181002439381
2021-08-29 11:00:00,0.0,0.0753238014911227,25.285877302134303,13220.171027925851,0.06,-0.6412195005448451
2021-08-29 11:30:00,0.0,0.1102142346695412,25.309722004711382,13233.86463852447,0.06,-0.668999304530014
2021-08-29 12:00:00,0.0,0.3009712842561431,24.49073760114305,12816.637039950649,0.06,-0.6949073774476375
2021-08-29 12:30:00,0.0,0.3580057399544183,24.538806529105265,12844.826586697707,0.06,-0.7176274539914985
2021-08-29 13:00:00,0.0,0.253875707089546,24.21256327662254,12657.470588211982,0.06,-0.736264524342408
2021-08-29 13:30:00,0.0,0.2745252436133709,23.666416017539017,12393.492592212497,0.06,-0.7504356699669503
2021-08-29 14:00:00,0.0,0.3649596151134071,23.74832391106157,12435.15388182926,0.059666666666666666,-0.7608971992997985
2021-08-29 14:30:00,0.0,0.4789430374864276,24.0469830557315,12606.072187133645,0.059666666666666666,-0.7695568147906428
2021-08-29 15:00:00,0.0,0.3051361682593049,24.559974653566822,12869.879544432712,0.059666666666666666,-0.7779507691765487
2021-08-29 15:30:00,0.0,0.39176221193289,23.69195679826446,12397.419791099996,0.059666666666666666,-0.7854648061525021
2021-08-29 16:00:00,0.0,0.4917691377286709,24.0812547403571,12600.846494883386,0.05933333333333333,-0.7892656822786895
2021-08-29 16:30:00,0.0,0.4148278609046973,23.61736715580999,12364.726534046318,0.05933333333333333,-0.7861834591229653
2021-08-29 17:00:00,0.0,0.2479940499968844,23.198693510227216,12153.1928654657,0.059,-0.7749569419044309
2021-08-29 17:30:00,0.0,0.215961199582231,22.663517048924483,11867.793312576638,0.059,-0.7570813721184043
2021-08-29 18:00:00,0.0,0.3324693648790318,20.90367163678657,10946.067801103292,0.058666666666666666,-0.7357653402499519
2021-08-29 18:30:00,0.0,0.1467882609119247,20.230314008316448,10595.553287803548,0.058666666666666666,-0.7142244252150214
2021-08-29 19:00:00,0.0,0.1172589409286979,18.492693816404525,9696.677515742524,0.058666666666666666,-0.694797536972548
2021-08-29 19:30:00,0.0,0.0726785539192228,15.125032835370952,7935.399409417493,0.058666666666666666,-0.6788407235424241
2021-08-29 20:00:00,0.0,0.05901276020851,10.276820740859378,5390.232568595402,0.05833333333333333,-0.6665099972594698
2021-08-29 20:30:00,0.0,0.0562730446766303,6.617611919492288,3470.0927837788104,0.05833333333333333,-0.6565866595131999
2021-08-29 21:00:00,0.0,0.0559103480473021,4.210203952402487,2204.096938459676,0.05833333333333333,-0.6470869136478674
2021-08-29 21:30:00,0.0,0.0452799821450365,3.050392609911482,1597.8375091269656,0.05833333333333333,-0.6363882543108796
2021-08-29 22:00:00,0.0,0.0454662647263648,2.637501202789972,1380.857949509677,0.05833333333333333,-0.6239385915177599
2021-08-29 22:30:00,0.0,0.0426875011930161,2.4640236518283825,1289.1430527167329,0.05833333333333333,-0.6105188632629925
2021-08-29 23:00:00,0.0,0.0364079130591972,1.7780860511997223,926.1621675985632,0.057999999999999996,-0.5982274907643675
2021-08-29 23:30:00,0.0,0.036794660454505,1.409280009382457,737.7393319494228,0.057999999999999996,-0.5894558994704329
2021-08-30 00:00:00,0.0,0.0381762624977796,0.9285434981305836,482.822410336344,0.057999999999999996,-0.5849733738602813
2021-08-30 00:30:00,0.0,0.0352104621572188,1.0476353524977602,548.8624120246351,0.057999999999999996,-0.5831778427704978
2021-08-30 01:00:00,0.0,0.0520871045990289,0.7367582803290056,385.6951455587577,0.057999999999999996,-0.5816467736888444
2021-08-30 01:30:00,0.0,3.29899059323388e-05,0.5838179979762355,302.6267907716531,0.057999999999999996,-0.5791180864545408
2021-08-30 02:00:00,0.0,3.148553847931474e-05,0.682603668364779,356.97430675658603,0.057999999999999996,-0.5756281506210119
2021-08-30 02:30:00,0.0,3.070852557616108e-05,0.6715246088914675,350.61178972639874,0.057999999999999996,-0.5714216614675056
2021-08-30 03:00:00,0.0,3.0247079988814197e-05,0.419129575070682,214.02601101843993,0.057999999999999996,-0.5667246141734357
2021-08-30 03:30:00,0.0,2.9902966050348084e-05,0.410506182939814,213.8744501612915,0.057999999999999996,-0.5626134690912937
2021-08-30 04:00:00,0.0,2.9978687075037876e-05,0.5081894868511428,263.97410032136895,0.057999999999999996,-0.5614822594738776
2021-08-30 04:30:00,0.0,3.00173708846954e-05,0.3966053480357844,201.090727256622,0.057999999999999996,-0.5665023527215437
2021-08-30 05:00:00,0.0,2.929735908506126e-05,0.2465938424173347,129.39532388951676,0.057999999999999996,-0.5806514790250163
2021-08-30 05:30:00,0.0,2.9485025759073216e-05,0.4198073149120702,215.61380387931865,0.057999999999999996,-0.605621808476729
2021-08-30 06:00:00,0.0,2.8623806350329834e-05,0.2685554022354494,140.79706860268956,0.057999999999999996,-0.6407646945523904
2021-08-30 06:30:00,0.0,2.8399713350494872e-05,0.2126628089415321,109.90930354079478,0.057999999999999996,-0.6829691877623247
2021-08-30 07:00:00,0.0,2.877237961025713e-05,0.0889092524927079,41.263810002245435,0.057666666666666665,-0.7279590463679387
2021-08-30 07:30:00,0.0,2.9033291171632532e-05,0.9717918464503378,506.4824779224763,0.057666666666666665,-0.7721049889593524
2021-08-30 08:00:00,0.0,2.975037960921708e-05,2.7817815432622788,1454.9187675980686,0.057666666666666665,-0.8133668244028799
2021-08-30 08:30:00,0.0,0.0032243195340778,5.528429185742249,2899.935229633541,0.057666666666666665,-0.8510274011108974
2021-08-30 09:00:00,0.0,0.0364910084557326,11.395520988108608,5979.145021468085,0.057666666666666665,-0.8849031761071677
2021-08-30 09:30:00,0.0,3.4657089110898426e-05,14.69715676615631,7704.28127961961,0.057666666666666665,-0.914847660614264
2021-08-30 10:00:00,0.0,3.556987643811817e-05,19.284419255672177,10096.555971772785,0.057666666666666665,-0.9408172413707636
2021-08-30 10:30:00,0.0,0.0019485496505663,21.177601908152216,11090.911678182018,0.057666666666666665,-0.9631160369555612
2021-08-30 11:00:00,0.0,0.0606512907367357,21.98167431352337,11514.258127687595,0.057666666666666665,-0.982448305231176
2021-08-30 11:30:00,0.0,4.6336447100012454e-05,22.955965082349643,12020.461929101331,0.057666666666666665,-0.999927208927567
2021-08-30 12:00:00,0.0,0.0206636982953231,21.695121460625295,11378.752097162434,0.057666666666666665,-1.016961953654583
2021-08-30 12:30:00,0.0,0.2234621632792161,22.83296579172494,11957.615321643225,0.057666666666666665,-1.0347293249648273
2021-08-30 13:00:00,0.0,0.2844600916182362,23.518833205669235,12318.146654185826,0.057666666666666665,-1.0535132573256782
2021-08-30 13:30:00,0.0,0.3069506212625281,24.091950215314068,12615.611756814773,0.057666666666666665,-1.0725156933834772
2021-08-30 14:00:00,0.0,0.3374770546472668,23.824338431388192,12475.942338474562,0.057333333333333326,-1.0901986609826615
2021-08-30 14:30:00,0.0,0.2463335041037315,24.158221412484263,12646.696859954916,0.057333333333333326,-1.1046864305346913
2021-08-30 15:00:00,0.0,0.1292847867465044,23.3593482360559,12214.186086217487,0.057333333333333326,-1.1138012565223598
2021-08-30 15:30:00,0.0,0.5117685032750428,22.687478159837713,11877.068115069873,0.057333333333333326,-1.1147975536951658
2021-08-30 16:00:00,0.0,0.3580764664146074,21.82769631525872,11419.090476795764,0.056666666666666664,-1.1045722306790384
2021-08-30 16:30:00,0.0,0.2826433644900846,21.33734032278736,11182.646756050272,0.056666666666666664,-1.0812907342311808
2021-08-30 17:00:00,0.0,0.2321003579070832,20.62380843169211,10803.771265930209,0.056666666666666664,-1.0467233965752252
2021-08-30 17:30:00,0.0,0.0183027547917315,17.65630087610355,9263.297336792111,0.056666666666666664,-1.0068000368607788
2021-08-30 18:00:00,0.0,0.0601860740910297,20.342701366023967,10655.085986994389,0.056333333333333326,-0.9689951460261624
2021-08-30 18:30:00,0.0,0.1691689646983499,17.964418768054166,9417.531795876885,0.056333333333333326,-0.9383713433348496
2021-08-30 19:00:00,0.0,0.1763037789200847,16.438770129826615,8622.494668912928,0.056333333333333326,-0.9155408026493608
2021-08-30 19:30:00,0.0,4.672412775595169e-05,12.905233173408522,6765.196706081321,0.056333333333333326,-0.8980429673500171
2021-08-30 20:00:00,0.0,0.0574252332460748,8.820573069961823,4623.735022361529,0.056333333333333326,-0.883597600229453
2021-08-30 20:30:00,0.0,0.0537159142948137,5.950910554024285,3117.690612967732,0.056333333333333326,-0.8721636131795152
2021-08-30 21:00:00,0.0,0.049849627646203,3.3508265443163525,1756.614981656754,0.055999999999999994,-0.8650573100480924
2021-08-30 21:30:00,0.0,0.0508530986658515,2.2828820075827743,1198.458670907399,0.055999999999999994,-0.8622951751931643
2021-08-30 22:00:00,0.0,0.0472263826548646,1.120526980915267,583.6898132603238,0.055999999999999994,-0.8610307618473916
2021-08-30 22:30:00,0.0,3.756351760627554e-05,1.290978794194376,675.7441487400714,0.055999999999999994,-0.8567556717729403
2021-08-30 23:00:00,0.0,3.449201241240149e-05,1.1839899659945368,616.6325835807553,0.05566666666666666,-0.8462710515292122
2021-08-30 23:30:00,0.0,0.0391843582089172,1.0471051160028908,547.3832086788859,0.05566666666666666,-0.8299445051533537
2021-08-31 00:00:00,0.0,3.3191613558943914e-05,0.9216906553844952,475.2529644129559,0.05566666666666666,-0.8114479603446475
2021-08-31 00:30:00,0.0,0.0353990748050593,0.6538068663161187,339.2001123445912,0.05566666666666666,-0.7951977841549712
2021-08-31 01:00:00,0.0,3.424620892888093e-05,0.4240806109989022,218.05830062278864,0.05566666666666666,-0.7835592593407821
2021-08-31 01:30:00,0.0,3.453450868479409e-05,0.7063179902333763,363.4010002623914,0.05566666666666666,-0.7759316307123159
2021-08-31 02:00:00,0.0,3.18386857926341e-05,0.6930094991418987,352.19744771763965,0.05566666666666666,-0.7699975507127755
2021-08-31 02:30:00,0.0,3.101775059832205e-05,0.653167020587414,337.6394919013617,0.05566666666666666,-0.7635670336467966
2021-08-31 03:00:00,0.0,0.0279714423585388,0.6294339139058622,321.6267798426905,0.05566666666666666,-0.7555693239132275
2021-08-31 03:30:00,0.0,0.0256535836262273,0.3922092629400042,203.36970010115513,0.05566666666666666,-0.7463537928336211
2021-08-31 04:00:00,0.0,0.0166347985174173,0.3894718589806669,196.9803651555785,0.05566666666666666,-0.7379132765518714
2021-08-31 04:30:00,0.0,0.0178117665121064,0.3455812544955289,174.18122834590284,0.05566666666666666,-0.7334682167173637
2021-08-31 05:00:00,0.0,0.0176790031323668,0.2061133076862968,108.61696359301128,0.055333333333333325,-0.7357159786526362
2021-08-31 05:30:00,0.0,0.0160105850901957,0.3596268832107608,187.07329524744023,0.055333333333333325,-0.744914563346332
2021-08-31 06:00:00,0.0,0.0146435850963256,0.2609651187435133,136.4702649505426,0.055333333333333325,-0.7589548533990522
2021-08-31 06:30:00,0.0,0.0138918559404268,0.2168425656010797,113.56177430866045,0.055333333333333325,-0.7754715544848735
2021-08-31 07:00:00,0.0,0.012982440118982,0.1630989584234744,88.79286980657903,0.055333333333333325,-0.7934372051956888
2021-08-31 07:30:00,0.0,0.0113497366048733,0.4809664084161518,251.93063925298424,0.055333333333333325,-0.812518242809459
2021-08-31 08:00:00,0.0,2.781105680668246e-05,1.7788873194255364,929.1903924137888,0.055333333333333325,-0.8318347381033402
2021-08-31 08:30:00,0.0,2.8623806350329834e-05,3.0810814800566453,1613.212994854811,0.055333333333333325,-0.8504409386816537
2021-08-31 09:00:00,0.0,0.0022544818893393,6.936213862299713,3635.9323653837528,0.055333333333333325,-0.8687139073108832
2021-08-31 09:30:00,0.0,0.0004581632229606,9.085754750092017,4761.326043826641,0.055333333333333325,-0.8880220970014321
2021-08-31 10:00:00,0.0,0.0007543047067743,10.491830288332295,5502.450090723497,0.055333333333333325,-0.9087794901936644
2021-08-31 10:30:00,0.0,0.0003424757911782,11.875804506677316,6225.34494211326,0.055333333333333325,-0.9296495711317492
2021-08-31 11:00:00,0.0,0.0845172678313246,13.785779948293644,7229.973446824493,0.055333333333333325,-0.9490142322302134
2021-08-31 11:30:00,0.0,0.0659685022473087,16.70653863781484,8762.666841305543,0.055333333333333325,-0.966680260430174
2021-08-31 12:00:00,0.0,0.0674615949416303,15.69007584418451,8218.53632997779,0.05566666666666666,-0.9833600037606958
2021-08-31 12:30:00,0.0,0.1218991802863957,16.7441742888145,8780.012045590094,0.05566666666666666,-0.9980790435074371
2021-08-31 13:00:00,0.0,0.1372250081871983,18.51001438792847,9701.285499504338,0.055333333333333325,-1.0064814359998375
2021-08-31 13:30:00,0.0,0.2547113370564424,18.843060071680146,9873.724792743362,0.055333333333333325,-1.0030318169706829
2021-08-31 14:00:00,0.0,0.3206020259620248,19.946335824082567,10444.155976031,0.055333333333333325,-0.9861292666025234
2021-08-31 14:30:00,0.0,0.3686774728579348,23.43628973824977,12268.374296665696,0.055333333333333325,-0.9606559589061412
2021-08-31 15:00:00,0.0,0.2916336017949544,20.01482194726499,10486.077243400285,0.055333333333333325,-0.93435158682673
2021-08-31 15:30:00,0.0,0.3284044693738037,21.14325052772064,11077.892063008065,0.055333333333333325,-0.9117680265027034
2021-08-31 16:00:00,0.0,0.3547367183715187,20.789626449598536,10891.256795027804,0.05466666666666666,-0.892137423181041
2021-08-31 16:30:00,0.0,0.3701274518838053,20.626400923617,10797.51912791621,0.05466666666666666,-0.8721840510752734
2021-08-31 17:00:00,0.0,0.1073709624034326,17.22863238483905,9047.601262943675,0.05466666666666666,-0.8500450721801307
2021-08-31 17:30:00,0.0,0.1721196447156241,12.207905978773727,6413.613850090323,0.05466666666666666,-0.8269147175916195
2021-08-31 18:00:00,0.0,0.042105576835677,8.051785875003658,4226.634770565438,0.054333333333333324,-0.8059339893793648
2021-08-31 18:30:00,0.0,0.045867167936448,8.48486535885176,4456.9163151148,0.054333333333333324,-0.7899515281388926
2021-08-31 19:00:00,0.0,0.0401122810573116,7.454378612894192,3911.624211258955,0.054333333333333324,-0.7800770494313775
2021-08-31 19:30:00,0.0,0.0256486283161707,6.078023277401446,3190.8082163512067,0.054333333333333324,-0.775514707395239
2021-08-31 20:00:00,0.0,0.0232114046817378,5.081167089739631,2659.4881356545443,0.054333333333333324,-0.7741064472867912
2021-08-31 20:30:00,0.0,0.0206269308679584,3.4140192886223284,1792.4294660158964,0.054333333333333324,-0.7734030128506016
2021-08-31 21:00:00,0.0,2.572792735869879e-05,2.605695730121764,1366.716023242608,0.05399999999999999,-0.7718836531454509
2021-08-31 21:30:00,0.0,2.5168220573989084e-05,1.8518967107119768,968.8291493986452,0.05399999999999999,-0.769273911754104
2021-08-31 22:00:00,0.0,2.506306392233109e-05,1.5532598262206632,820.3936729673233,0.05399999999999999,-0.7658233847822714
2021-08-31 22:30:00,0.0,2.475219446351143e-05,1.1723357138219836,616.839914228859,0.05399999999999999,-0.7618412432283355
2021-08-31 23:00:00,0.0,2.4648293879291414e-05,1.052467035418189,548.0013535579482,0.05399999999999999,-0.7580302144150927
2021-08-31 23:30:00,0.0,2.451114486718893e-05,0.8609403179836586,451.0100541184298,0.05399999999999999,-0.7555428640647861
2021-09-01 00:00:00,0.0,2.423717327478117e-05,0.6821458704485455,357.8422533295096,0.05399999999999999,-0.7551170550120971
2021-09-01 00:30:00,0.0,2.495958328613873e-05,0.6184951486254658,328.50744063049626,0.05399999999999999,-0.7562246198162171
2021-09-01 01:00:00,0.0,2.4890315067776933e-05,0.3860088197804842,202.2519522612478,0.05399999999999999,-0.7572896101648691
2021-09-01 01:30:00,0.0,2.485505521863812e-05,0.364601264694138,192.3858171913691,0.05399999999999999,-0.756887429191932
2021-09-01 02:00:00,0.0,2.492425274865588e-05,0.2763333842649598,146.56394735056634,0.05399999999999999,-0.7548877156479331
2021-09-01 02:30:00,0.0,2.451114486718893e-05,0.2837570245691654,143.53047053561707,0.05399999999999999,-0.752543871707451
2021-09-01 03:00:00,0.0,2.506306392233109e-05,0.1426925207322409,75.92722681032744,0.054333333333333324,-0.7515523564580775
2021-09-01 03:30:00,0.0,2.618656119674144e-05,0.1292342120596505,64.52843311783413,0.054333333333333324,-0.7529912551047276
2021-09-01 04:00:00,0.0,0.0275517592182208,0.2630360617966607,135.2742067616433,0.054333333333333324,-0.7568858408963866
2021-09-01 04:30:00,0.0,2.6579814711673224e-05,0.1642751792601195,85.87406209087436,0.054333333333333324,-0.7624828954323387
2021-09-01 05:00:00,0.0,2.562248294754593e-05,0.208002514970196,107.3226813728246,0.054333333333333324,-0.7690767164624829
2021-09-01 05:30:00,0.0,2.541114567201921e-05,0.0299472764292911,14.859494074752114,0.054333333333333324,-0.7770435540923417
2021-09-01 06:00:00,0.0,2.7083732081437783e-05,0.1629319722493239,82.65940525411635,0.054333333333333324,-0.7882731974800594
2021-09-01 06:30:00,0.0,2.6116273850256723e-05,0.2092992480742137,110.50843317039754,0.054333333333333324,-0.8052228621922953
2021-09-01 07:00:00,0.0,0.0234164644619764,0.1528373667080405,79.30551921717668,0.054,-0.828956903057789
2021-09-01 07:30:00,0.0,0.0260634547728304,0.2844629085151055,145.14923279768954,0.054,-0.8577242733439592
2021-09-01 08:00:00,0.0,0.026563155898857,1.283644566141553,671.2555374274912,0.054,-0.8874852598411356
2021-09-01 08:30:00,0.0,0.0279722558985568,2.965286640428677,1551.7877788845728,0.054,-0.9141153950628677
2021-09-01 09:00:00,0.0,0.0247874217451542,4.21230317638172,2208.5926146754955,0.054,-0.9354328103424978
2021-09-01 09:30:00,0.0,0.0418958327060204,6.2571091935278345,3285.8654458561905,0.054,-0.9516046705395088
2021-09-01 10:00:00,0.0,0.0579579011648255,9.512550521193306,4982.9420698067715,0.054,-0.9642896455922388
2021-09-01 10:30:00,0.0,0.1114739445046319,13.976088520307272,7325.042377620387,0.054,-0.975628127593251
2021-09-01 11:00:00,0.0,0.0929291852172708,17.350951760883564,9111.379640614903,0.054,-0.9874235623467804
2021-09-01 11:30:00,0.0,0.0964900689837638,22.415672700726105,11742.550607151195,0.054,-1.0004109659927365
2021-09-01 12:00:00,0.0,0.1629512003735055,21.036445370591643,11029.703459852864,0.05366666666666667,-1.0137739473646012
2021-09-01 12:30:00,0.0,0.093664266644141,19.85543751823989,10402.389124038904,0.05366666666666667,-1.0253644526008798
2021-09-01 13:00:00,0.0,0.2036679101148618,20.38986808356181,10692.39892021317,0.05366666666666667,-1.032881100063406
2021-09-01 13:30:00,0.0,0.2226748467737408,18.77018629410335,9837.489621432427,0.05366666666666667,-1.0352823697112736
2021-09-01 14:00:00,0.0,0.0879595070593477,17.05822042710085,8956.738689846567,0.05333333333333334,-1.0332033926510875
2021-09-01 14:30:00,0.0,0.1046198173812478,16.748519455380166,8786.726962281435,0.05333333333333334,-1.0281441756866243
2021-09-01 15:00:00,0.0,0.0946623765710062,16.347452729836355,8583.040582373716,0.05333333333333334,-1.0213024889515083
2021-09-01 15:30:00,0.0,0.1725838865667283,17.334080781447668,9100.984749456808,0.05333333333333334,-1.0128443989072922
2021-09-01 16:00:00,0.0,0.1327167956341793,17.76514929575208,9320.514786379274,0.05333333333333334,-1.0020987084724535
2021-09-01 16:30:00,0.0,0.2048808777840989,15.389867521487044,8075.694760456217,0.05333333333333334,-0.988793807256806
2021-09-01 17:00:00,0.0,0.0788237450387149,13.558746318373576,7115.663487598019,0.05266666666666667,-0.9743812681124902
2021-09-01 17:30:00,0.0,0.1319050252821584,11.206816707864308,5885.241925011389,0.05266666666666667,-0.961743119693454
2021-09-01 18:00:00,0.0,0.0420866278869316,9.270562962804556,4867.066158315046,0.053,-0.9530854178732314
2021-09-01 18:30:00,0.0,0.0438762930091387,7.785304959975733,4089.295406189576,0.053,-0.948225841271362
2021-09-01 19:00:00,0.0,0.0432281396128957,6.594092949796971,3460.736408185488,0.053,-0.945212644783453
2021-09-01 19:30:00,0.0,3.351404317298461e-05,5.22832609244497,2745.306098763938,0.053,-0.9423860806838968
2021-09-01 20:00:00,0.0,3.235220977632475e-05,3.737080646780859,1961.2661875594729,0.05266666666666667,-0.939459103199358
2021-09-01 20:30:00,0.0,3.219286580736566e-05,2.4755641991352513,1297.2479514219797,0.05266666666666667,-0.9368599344097784
2021-09-01 21:00:00,0.0,3.2869602527692825e-05,1.633827692034103,860.6898440574854,0.05266666666666667,-0.9346444529901295
2021-09-01 21:30:00,0.0,3.2869602527692825e-05,1.3058481281836165,685.1791635239542,0.05266666666666667,-0.932207863108254
2021-09-01 22:00:00,0.0,3.1289254423377296e-05,0.9310722665949488,487.66124622144093,0.05266666666666667,-0.9286867469071278
2021-09-01 22:30:00,0.0,3.036082423802096e-05,0.6821458704485455,357.8422533295096,0.05266666666666667,-0.923354735913842
2021-09-01 23:00:00,0.0,2.9902966050348084e-05,0.5376376873142733,277.2556043811133,0.05266666666666667,-0.9156588248804304
2021-09-01 23:30:00,0.0,2.994003747838271e-05,0.3960599090919883,205.600622506125,0.05266666666666667,-0.905004064823933
2021-09-02 00:00:00,0.0,2.9561549455001053e-05,0.5216586522931274,272.91543278573545,0.05266666666666667,-0.8907023942881319
2021-09-02 00:30:00,0.0,2.9827376435069603e-05,0.254643387676598,130.5120040521143,0.05266666666666667,-0.8724176181648424
2021-09-02 01:00:00,0.0,2.9523270520278577e-05,0.4984101215074822,258.35420858633717,0.05266666666666667,-0.8507378734491522
2021-09-02 01:30:00,0.0,2.9033291171632532e-05,0.3995954210929511,207.6673835678085,0.05266666666666667,-0.8270235569417383
2021-09-02 02:00:00,0.0,2.8067349052283917e-05,0.3440074694983255,178.1761152013884,0.05266666666666667,-0.8026949772410038
2021-09-02 02:30:00,0.0,2.7518499793196832e-05,0.4770625998963297,248.51574124276289,0.05266666666666667,-0.7792090548498105
2021-09-02 03:00:00,0.0,2.615140070619018e-05,0.310453692873139,160.1243705660677,0.05266666666666667,-0.7587731925475362
2021-09-02 03:30:00,0.0,2.572792735869879e-05,0.2875923645019926,146.99549519135627,0.05266666666666667,-0.744115354855852
2021-09-02 04:00:00,0.0,2.5272322163303384e-05,0.5115764333793847,269.5486097418972,0.05266666666666667,-0.7368846621579206
2021-09-02 04:30:00,0.0,0.0134569574933957,0.2108593331355011,109.03368017893418,0.05266666666666667,-0.7367804813630537
2021-09-02 05:00:00,0.0,2.3795567379061236e-05,0.0558923213380463,31.09741562446077,0.05266666666666667,-0.7429852363492692
2021-09-02 05:30:00,0.0,2.299012349826155e-05,0.1784452455023333,94.09494637837572,0.05266666666666667,-0.7562880909366291
2021-09-02 06:00:00,0.0,0.0108423516909319,0.1202770581750439,59.46344442147447,0.05233333333333334,-0.7787800506419268
2021-09-02 06:30:00,0.0,0.0103673495099314,0.1656232657674604,84.27963085416499,0.05233333333333334,-0.8108277504462928
2021-09-02 07:00:00,0.0,0.0095269699395328,-0.0461089731403117,-23.773660738363063,0.05233333333333334,-0.8488718199631049
2021-09-02 07:30:00,0.0,2.2004533985472384e-05,0.1202770581750439,59.46344442147447,0.05233333333333334,-0.8869185578956784
2021-09-02 08:00:00,0.0,0.008957487757874,0.911888304611862,471.8323072712408,0.05266666666666667,-0.9201279852305316
2021-09-02 08:30:00,0.0,0.0150721665894675,2.067042419708455,1083.910193412582,0.05266666666666667,-0.946855074750338
2021-09-02 09:00:00,0.0,0.0115555856303265,2.6177155576125175,1371.830317041121,0.05266666666666667,-0.967926884387933
2021-09-02 09:30:00,0.0,2.3828417590123304e-05,6.976532499446827,3661.940380159528,0.05266666666666667,-0.9850096513432312
2021-09-02 10:00:00,0.0,2.5481452105946365e-05,10.4407716222711,5474.522924086433,0.052333333333333336,-0.9999649165522412
2021-09-02 10:30:00,0.0,0.0005553346119797,15.199406155318158,7963.546875099428,0.052333333333333336,-1.0148335351027589
2021-09-02 11:00:00,0.0,0.0346404744167247,16.75599937415388,8788.840821205427,0.052,-1.0309478866229964
2021-09-02 11:30:00,0.0,0.0351794740200348,18.01691733313271,9442.019692951504,0.052,-1.0475752802932017
2021-09-02 12:00:00,0.0,0.0301629397191956,18.020510488908233,9457.915897170767,0.052,-1.0625091450199815
2021-09-02 12:30:00,0.0,0.0927381420968813,17.370815087891554,9113.492267761012,0.052,-1.0746878743728587
2021-09-02 13:00:00,0.0,0.082642530010068,17.153959485461947,9000.982829761695,0.052,-1.0854033337828954
2021-09-02 13:30:00,0.0,0.1684949325060618,16.812013127480846,8816.001589473883,0.052,-1.0964119800807524
2021-09-02 14:00:00,0.0,0.1766637992333828,16.976146861224272,8901.709531113302,0.052,-1.1077452820632945
2021-09-02 14:30:00,0.0,0.1928182048569367,17.73676045643466,9300.525197986197,0.052,-1.117977492221996
2021-09-02 15:00:00,0.0,0.268132368044566,21.13308991657165,11079.996902854416,0.052,-1.125697904203157
2021-09-02 15:30:00,0.0,0.3007810291908765,19.092117266774473,10007.168105830384,0.052,-1.129627880740232
2021-09-02 16:00:00,0.0,0.1538471830421373,16.08993251914059,8452.032945307204,0.05166666666666667,-1.12775013090789
2021-09-02 16:30:00,0.0,0.0840266345227761,16.31681294218968,8564.777628985916,0.05166666666666667,-1.1179474826934528
2021-09-02 17:00:00,0.0,0.0764537665133611,17.928456467593172,9396.047835144956,0.05166666666666667,-1.1003716843503726
2021-09-02 17:30:00,0.0,0.1263472054700601,18.12083915847648,9499.634197016136,0.05166666666666667,-1.0786357663845034
2021-09-02 18:00:00,0.0,3.734850980499943e-05,15.41169553519746,8084.716781391223,0.05166666666666667,-1.0577243212400325
2021-09-02 18:30:00,0.0,0.0856888602213494,14.80232946795715,7765.5479061402675,0.05166666666666667,-1.040582341517711
2021-09-02 19:00:00,0.0,0.0655461082894561,14.471357585821105,7589.927456591314,0.05133333333333334,-1.026967237293234
2021-09-02 19:30:00,0.0,3.73056019335144e-05,11.698967768821124,6139.5338092445345,0.05133333333333334,-1.0151556858854034
2021-09-02 20:00:00,0.0,3.670817500645024e-05,7.803834415981496,4098.863263617372,0.05100000000000001,-1.0038865432370254
2021-09-02 20:30:00,0.0,3.383853668811971e-05,4.891131505807191,2567.446872796201,0.05100000000000001,-0.9925354259708792
2021-09-02 21:00:00,0.0,3.2551313253550324e-05,3.028309906362164,1588.6931988272636,0.05100000000000001,-0.9802833903976772
2021-09-02 21:30:00,0.0,3.1640917004144014e-05,2.1775530255814397,1134.8413978308015,0.05100000000000001,-0.9659607199704148
2021-09-02 22:00:00,0.0,3.086287479687379e-05,1.596505549091061,833.2851788237413,0.05066666666666667,-0.9487109653279088
2021-09-02 22:30:00,0.0,3.005453953235084e-05,1.185256979904838,624.0786147018465,0.05066666666666667,-0.9284657290473416
2021-09-02 23:00:00,0.0,2.9711932489174568e-05,0.7943320571347148,413.86112110350666,0.05100000000000001,-0.9059335422003104
2021-09-02 23:30:00,0.0,2.9410165143584247e-05,0.7692945195003281,394.70442089625783,0.05100000000000001,-0.8825041806269857
2021-09-03 00:00:00,0.0,2.8734810665996177e-05,0.6333409783350326,327.40586150461866,0.05066666666666667,-0.8599781634509327
2021-09-03 00:30:00,0.0,2.8697275808784963e-05,0.5794115262983788,301.2680345527371,0.05066666666666667,-0.8399048789271747
2021-09-03 01:00:00,0.0,2.7737713938562392e-05,0.5787534472430433,299.6802554249494,0.05100000000000001,-0.8230061564251141
2021-09-03 01:30:00,0.0,2.6258392924944224e-05,0.3449175958966647,175.10155745334225,0.05100000000000001,-0.809190621605537
2021-09-03 02:00:00,0.0,2.5551897839576503e-05,0.4376006361147876,230.76612888508,0.05100000000000001,-0.7978642643909074
2021-09-03 02:30:00,0.0,2.5446970766639617e-05,0.5812640940462797,305.96800481314534,0.05100000000000001,-0.7880910039393524
2021-09-03 03:00:00,0.0,2.492425274865588e-05,0.3825296642100725,202.80547712099371,0.05100000000000001,-0.7786043620531975
2021-09-03 03:30:00,0.0,2.3795567379061236e-05,0.1679908953922665,85.73118755148819,0.05100000000000001,-0.7683042728888888
2021-09-03 04:00:00,0.0,2.3931122324087595e-05,0.068113846847619,35.76860032983352,0.05100000000000001,-0.7577728143515926
2021-09-03 04:30:00,0.0,2.26589022265558e-05,0.3723127281806597,199.38739779003296,0.05100000000000001,-0.7507176240620502
2021-09-03 05:00:00,0.0,2.3056791688447737e-05,0.0333411164017848,15.799207604694276,0.05066666666666667,-0.7531206621206353
2021-09-03 05:30:00,0.0,2.2857211376259688e-05,0.1578298585276663,82.356399026024,0.05066666666666667,-0.7698716453779554
2021-09-03 06:00:00,0.0,2.1841297402105628e-05,0.1136774444814692,60.69965823224673,0.05066666666666667,-0.8018735909408639
2021-09-03 06:30:00,0.0,2.168018604812255e-05,0.1686825876741468,87.35811413100006,0.05066666666666667,-0.846239135514455
2021-09-03 07:00:00,0.0,2.1326666625175544e-05,0.2140617917204343,112.18892642274136,0.05066666666666667,-0.8985891639439242
2021-09-03 07:30:00,0.0,2.110339745933009e-05,0.068113846847619,35.76860032983352,0.05066666666666667,-0.954519674870118
2021-09-03 08:00:00,0.0,2.17440328175832e-05,0.08217169677125,48.79457245505575,0.05066666666666667,-1.0093431611658752
2021-09-03 08:30:00,0.0,2.2167424405618382e-05,0.5680856095107497,294.7637515296734,0.05066666666666667,-0.9802168959574876
2021-09-03 09:00:00,0.0,0.0026183058531782,3.041100795652974,1597.884103708552,0.05066666666666667,-0.8873713322837156
2021-09-03 09:30:00,0.0,0.0066995522842051,5.645353985327632,2953.8424026321536,0.05066666666666667,-0.8462769355200896
2021-09-03 10:00:00,0.0,0.0035275834158468,9.705071938440934,5092.614530548019,0.05066666666666667,-0.8051825387564636
2021-09-03 10:30:00,0.0,0.015414975563102,13.515265535763143,7088.654721620585,0.05066666666666667,-0.7640881419928376
2021-09-03 11:00:00,0.0,0.0231810556795025,18.741509430464856,9828.385088722423,0.05100000000000001,
2021-09-03 11:30:00,0.0,3.860457419765026e-05,20.29739460144112,10639.98253451795,0.05100000000000001,
2021-09-03 12:00:00,0.0,0.052651666953584,22.28596460441858,11669.182335646396,0.05100000000000001,
2021-09-03 12:30:00,0.0,0.2115760010003436,22.7132927844148,11893.740691956227,0.05100000000000001,
2021-09-03 13:00:00,0.0,0.2205694617942186,22.016552384343317,11538.64265874214,0.05066666666666667,
2021-09-03 13:30:00,0.0,0.2462861030865496,20.69016854367832,10831.927489242738,0.05066666666666667,
2021-09-03 14:00:00,0.0,0.2578183221156994,20.707449969995615,10849.559242628677,0.05066666666666667,
2021-09-03 14:30:00,0.0,0.2593897818973581,20.529316508846684,10760.820908425065,0.05066666666666667,
2021-09-03 15:00:00,0.0,0.3928143618780824,20.17990669353118,10580.351933311887,0.05066666666666667,
2021-09-03 15:30:00,0.0,0.3913258581872844,19.973722217717594,10463.25352790562,0.05066666666666667,
2021-09-03 16:00:00,0.0,0.3633746538089889,19.981953390293626,10481.787745275647,0.05033333333333334,-0.3120497775929516
2021-09-03 16:30:00,0.0,0.370032101647648,19.661954997566788,10315.250562001667,0.05033333333333334,-0.2709553808293256
2021-09-03 17:00:00,0.0,0.2330192731350117,19.124748406571342,10040.323875918277,0.05000000000000001,-0.2298609840656995
2021-09-03 17:30:00,0.0,0.3456612781168066,18.509375106391065,9707.364114964585,0.05000000000000001,-0.1887665873020735
2021-09-03 18:00:00,0.0,0.1966477183760398,17.19949097393543,9010.03865942156,0.04966666666666667,-0.1476721905384476
2021-09-03 18:30:00,0.0,0.1590144106065245,16.090550589933194,8435.645283944772,0.04966666666666667,-0.1171629631686789
2021-09-03 19:00:00,0.0,0.0608249214816916,14.189724238421134,7447.068691942048,0.04966666666666667,-0.0922674379074705
2021-09-03 19:30:00,0.0,0.0565780321223377,10.591502431437354,5563.11388887476,0.04966666666666667,-0.1353089961953793
2021-09-03 20:00:00,0.0,0.0506278900095774,6.87242696799048,3610.924876181168,0.04933333333333334,-0.1783505544832881
2021-09-03 20:30:00,0.0,0.0665988713771971,4.424489591337828,2322.9402197246472,0.04933333333333334,-0.221392112771197
2021-09-03 21:00:00,0.0,0.0641491627648965,2.7991864793847507,1464.52571449575,0.04933333333333334,-0.2644336710591058
2021-09-03 21:30:00,0.0,0.0438754568645579,1.7632045866906494,924.2082338500082,0.04933333333333334,-0.3074752293470146
2021-09-03 22:00:00,0.0,0.0392158011820206,1.78266602494055,930.7487352824858,0.04933333333333334,-0.3505167876349235
2021-09-03 22:30:00,0.0,0.0526368055515085,1.070701103481955,559.4129841034845,0.04933333333333334,-0.3935583459228323
2021-09-03 23:00:00,0.0,0.0484994590151101,0.9965574021151568,523.9874053399996,0.04900000000000001,-0.9510906307491
2021-09-03 23:30:00,0.0,0.0318002560665301,0.8418817155294673,437.5527888432233,0.04900000000000001,-0.9219643655407124
2021-09-04 00:00:00,0.0,0.0294682180969626,0.8463533216250931,440.107042704177,0.04900000000000001,-0.8928381003323247
2021-09-04 00:30:00,0.0,0.0282786426013323,0.5038622980001709,259.13291517847466,0.04900000000000001,
2021-09-04 01:00:00,0.0,2.7228112823298044e-05,0.640211529460845,337.4359795596414,0.04900000000000001,
2021-09-04 01:30:00,0.0,2.697436473519058e-05,0.5280271434346507,275.4439792363544,0.04900000000000001,
2021-09-04 02:00:00,0.0,2.6866742732449057e-05,0.7607118136923834,399.36260766776695,0.04900000000000001,
2021-09-04 02:30:00,0.0,2.6401061362963146e-05,0.3287312740734326,173.22593534871265,0.04900000000000001,
2021-09-04 03:00:00,0.0,2.615140070619018e-05,0.3827907726936113,198.1404252587155,0.04900000000000001,
2021-09-04 03:30:00,0.0,2.597470361453195e-05,0.1052313460909243,58.46088498798933,0.04900000000000001,
2021-09-04 04:00:00,0.0,0.0199761515129271,0.3414036902600318,182.96370675769865,0.04900000000000001,
2021-09-04 04:30:00,0.0,2.6293655713524186e-05,0.1693146070743347,85.36764368747359,0.04900000000000001,
2021-09-04 05:00:00,0.0,0.0180806091972509,0.1148585178517446,60.270376415223936,0.04900000000000001,
2021-09-04 05:30:00,0.0,0.0189707227660874,0.4063637605654223,212.90196104207365,0.04900000000000001,
2021-09-04 06:00:00,0.0,0.0187043450054334,0.1924815623945213,98.67203546525484,0.04933333333333334,
2021-09-04 06:30:00,0.0,2.4717075866233703e-05,0.1373588906638332,71.95450115249197,0.04933333333333334,-0.5141966526232853
2021-09-04 07:00:00,0.0,2.420258491079594e-05,0.1978119748459758,91.91022093818864,0.04933333333333334,-0.4850703874148977
2021-09-04 07:30:00,0.0,0.0138331136852822,0.4980670074038513,266.7906669780034,0.04933333333333334,-0.45594412220651
2021-09-04 08:00:00,0.0,2.541114567201921e-05,1.524646691967901,792.8870610911184,0.04933333333333334,-0.4268178569981224
2021-09-04 08:30:00,0.0,2.586853706785997e-05,3.408484988851456,1785.2877118763822,0.04933333333333334,-0.3976915917897347
2021-09-04 09:00:00,0.0,2.6579814711673224e-05,6.827507592266016,3585.188716252653,0.04933333333333334,-0.4365999042107411
2021-09-04 09:30:00,0.0,2.910900344618699e-05,11.960061920629432,6273.846926660429,0.04933333333333334,-0.465545940174573
2021-09-04 10:00:00,0.0,3.3352570329917715e-05,16.457741134048536,8623.308976241042,0.04933333333333334,-0.4889884643055046
2021-09-04 10:30:00,0.0,3.611513670987334e-05,17.905020966928813,9387.686138047353,0.04933333333333334,-0.5078726069686001
2021-09-04 11:00:00,0.0,0.02708408607001,19.474405204516064,10216.43905510041,0.04900000000000001,-0.5196663467906257
2021-09-04 11:30:00,0.0,0.0739112400558697,20.62768753065392,10825.13729267219,0.04900000000000001,-0.5214556994670152
2021-09-04 12:00:00,0.0,0.2916178669110161,19.533879987148005,10243.225647126528,0.04900000000000001,-0.513598932116098
2021-09-04 12:30:00,0.0,0.3551432945239585,19.24683597366245,10105.314206534233,0.04900000000000001,-0.5003127513272649
2021-09-04 13:00:00,0.0,0.3810778311371629,19.16049518276335,10042.889452836149,0.04900000000000001,-0.4858978484909417
2021-09-04 13:30:00,0.0,0.3025817482936249,19.174810035936495,10045.057900078868,0.04900000000000001,-0.4703090362141121
2021-09-04 14:00:00,0.0,0.4213623068595762,20.419551449003787,10714.113430193249,0.04866666666666667,-0.4493046829405898
2021-09-04 14:30:00,0.0,0.5249359159533526,19.374845417790425,10168.683283858249,0.04866666666666667,-0.4191721044822765
2021-09-04 15:00:00,0.0,0.5542441273668905,19.21555077835584,10065.100485349976,0.04866666666666667,-0.380686978143328
2021-09-04 15:30:00,0.0,0.3929676164942418,19.16651861156796,10055.124958092912,0.04866666666666667,-0.3383826754399549
2021-09-04 16:00:00,0.0,0.139772898266716,15.505770804083754,8128.733181100719,0.04833333333333334,-0.2968976418556857
2021-09-04 16:30:00,0.0,0.1640170019785725,17.12835042602343,8983.994084708058,0.04833333333333334,-0.2585693107721871
2021-09-04 17:00:00,0.0,0.1606043556444024,17.763365499233615,9311.22516530178,0.04833333333333334,-0.2237799104345532
2021-09-04 17:30:00,0.0,0.3224777218732959,17.217224092189483,9034.31903355018,0.04833333333333334,-0.1924595454101139
2021-09-04 18:00:00,0.0,0.2903834540526256,14.694235921715574,7711.027448898894,0.04800000000000001,-0.1649338785922398
2021-09-04 18:30:00,0.0,0.2530396932276978,10.40831113965659,5463.456201598548,0.04800000000000001,-0.1418031309330572
2021-09-04 19:00:00,0.0,0.0876570610679449,8.681172873645519,4552.088231487238,0.04800000000000001,-0.1234433502788713
2021-09-04 19:30:00,0.0,0.1217891503898362,6.5420930755118345,3431.106064538823,0.04800000000000001,-0.1095835825066401
2021-09-04 20:00:00,0.0,0.1184456290682183,4.15515704404722,2177.2807923969217,0.04833333333333334,-0.0992521014041421
2021-09-04 20:30:00,0.0,0.1149934765680732,2.891499419597767,1514.965154999736,0.04833333333333334,-0.0911425114322719
2021-09-04 21:00:00,0.0,0.1426643724641645,1.9494674371092588,1022.8884724551156,0.04800000000000001,-0.0840492437026794
2021-09-04 21:30:00,0.0,0.1092369335002049,1.665640727021183,873.857557850551,0.04800000000000001,-0.0770580959632337
2021-09-04 22:00:00,0.0,0.1079896566553075,1.0636668184207094,552.9423657963619,0.04800000000000001,-0.0695880128695783
2021-09-04 22:30:00,0.0,0.1059171710793439,1.11799889574946,581.7640965779433,0.04800000000000001,-0.0614292197019786
2021-09-04 23:00:00,0.0,0.1222619007347586,0.9322080774841665,482.2208712809729,0.04766666666666667,-0.0527195592089699
2021-09-04 23:30:00,0.0,0.0712077749044411,0.6697356324681907,345.90786813963354,0.04766666666666667,-0.0439097780103275
2021-09-05 00:00:00,0.0,0.070741220702927,0.8398771660611103,437.5971453848719,0.04766666666666667,-0.0357634104305335
2021-09-05 00:30:00,0.0,0.0692976951801614,0.794690493214526,411.64720114849894,0.04766666666666667,-0.0291695037715884
2021-09-05 01:00:00,0.0,0.0986230770608991,0.650473487608056,334.87388683945886,0.04733333333333334,-0.0247410115929651
2021-09-05 01:30:00,0.0,0.0661705048986286,0.7493326569005139,385.5989606190986,0.04733333333333334,-0.0225495533808961
2021-09-05 02:00:00,0.0,0.068813204287191,0.7400644235502234,383.9019820220999,0.04733333333333334,-0.0222674567691153
2021-09-05 02:30:00,0.0,0.093917420581709,0.7727204122348579,400.2376154724252,0.04733333333333334,-0.0236846165212135
2021-09-05 03:00:00,0.0,0.0941678230302603,0.6718334790992926,344.7181011971465,0.04733333333333334,-0.0272671451521588
2021-09-05 03:30:00,0.0,0.0938236096066651,0.707359612251436,367.5426289557676,0.04733333333333334,-0.0343051999893286
2021-09-05 04:00:00,0.0,0.0865072782555997,0.7400644235502234,383.9019820220999,0.04733333333333334,-0.0465524015754478
2021-09-05 04:30:00,0.0,0.0619207509679904,0.6069519543902089,313.52204388672726,0.04733333333333334,-0.0655870524122223
2021-09-05 05:00:00,0.0,0.0917705766385552,0.5733764598130544,295.45632907545183,0.04733333333333334,-0.0920748047616117
2021-09-05 05:30:00,0.0,0.0893941574802178,0.8066584017524473,419.7276305586462,0.04733333333333334,-0.1251295058188789
2021-09-05 06:00:00,0.0,0.0609884130219583,0.4400134942033993,226.188021281706,0.04733333333333334,-0.1623536834749346
2021-09-05 06:30:00,0.0,0.0880353973729728,0.7613863378781465,393.7286476949979,0.04733333333333334,-0.2008937443705892
2021-09-05 07:00:00,0.0,0.0942256200965711,0.8173051298723398,424.63440563218694,0.04733333333333334,-0.2388746005769704
2021-09-05 07:30:00,0.0,0.0816943941048235,2.8002360237295387,1463.3462461502097,0.04733333333333334,-0.2762061430666994
2021-09-05 08:00:00,0.0,0.0793668469120552,4.3227967283929205,2263.4087942950855,0.04733333333333334,-0.3146290541725964
2021-09-05 08:30:00,0.0,0.05658231859121,5.86535278895035,3070.5432522349297,0.04733333333333334,-0.3571757229917217
2021-09-05 09:00:00,0.0,0.0807661919504065,10.175834509388842,5339.085682789899,0.04700000000000001,-0.4066423273866418
2021-09-05 09:30:00,0.0,0.0855787880932226,12.213310266774704,6401.150988918491,0.04700000000000001,-0.4632086532168874
2021-09-05 10:00:00,0.0,0.1791102633184589,13.480368529786569,7072.972370346631,0.04700000000000001,-0.5230612217393947
2021-09-05 10:30:00,0.0,0.1888527352795576,13.882301752684072,7280.090514645204,0.04700000000000001,-0.5796784139967253
2021-09-05 11:00:00,0.0,0.1106518907283911,14.023289266625971,7354.791398645448,0.04700000000000001,-0.6268096422257055
2021-09-05 11:30:00,0.0,0.2118537261599503,14.164263698747115,7427.950545256286,0.04700000000000001,-0.6607408943364329
2021-09-05 12:00:00,0.0,0.2187156419825354,17.332925342167773,9085.026062453082,0.04700000000000001,-0.6809048060769368
2021-09-05 12:30:00,0.0,0.3087055338384121,16.624486207548284,8721.28040159076,0.04700000000000001,-0.6893337301301179
2021-09-05 13:00:00,0.0,0.2327686466958303,18.31907470175955,9601.629833627368,0.04700000000000001,-0.689167866753657
2021-09-05 13:30:00,0.0,0.3571500835571253,20.63770636055326,10818.533984401238,0.04700000000000001,-0.6825053380290872
2021-09-05 14:00:00,0.0,0.365682831435752,21.520424911301816,11273.425619084392,0.04666666666666667,-0.6691311639931105
2021-09-05 14:30:00,0.0,0.5363074346626878,22.07540694366231,11566.934403463056,0.04666666666666667,-0.6474321946927658
2021-09-05 15:00:00,0.0,0.3856498610324353,22.252431798475943,11656.109207770984,0.04633333333333334,-0.616483020604394
2021-09-05 15:30:00,0.0,0.5139116802062221,21.367365588287484,11196.335856951056,0.04633333333333334,-0.5770532409262871
2021-09-05 16:00:00,0.0,0.5167155619087539,20.871452676895572,10936.563241190352,0.04633333333333334,-0.5312168164963648
2021-09-05 16:30:00,0.0,0.4789550553110159,18.43595195806937,9674.287181360978,0.04633333333333334,-0.4820941375517759
2021-09-05 17:00:00,0.0,0.3885751295847466,18.603570398401793,9756.048540377664,0.04633333333333334,-0.4341037622767735
2021-09-05 17:30:00,0.0,0.4129907495007816,17.50157353001061,9174.792784065796,0.04633333333333334,-0.392217422794167
2021-09-05 18:00:00,0.0,0.4004558360814589,17.56413391783429,9202.95798975442,0.046000000000000006,-0.3596586769446551
2021-09-05 18:30:00,0.0,0.2624761165600701,14.889533517439911,7811.318558277259,0.046000000000000006,-0.3359832093734457
2021-09-05 19:00:00,0.0,0.1455615176337755,12.03169744744405,6315.057781383189,0.046000000000000006,-0.3176012093385487
2021-09-05 19:30:00,0.0,0.1201314457919842,8.351682621076172,4387.685604802178,0.046000000000000006,-0.3003328385700001
2021-09-05 20:00:00,0.0,0.1181473190919292,5.74902700526415,3013.8575972101544,0.04633333333333334,-0.2816472654104039
2021-09-05 20:30:00,0.0,0.1337388585328877,3.7159495315309266,1947.2132266662688,0.04633333333333334,-0.2609852478773773
2021-09-05 21:00:00,0.0,0.1187218530742176,2.515985137886884,1317.0428497759117,0.046000000000000006,-0.2389773843989153
2021-09-05 21:30:00,0.0,0.1137648244836202,1.756244649840414,918.7429999838348,0.046000000000000006,-0.2173669293181047
2021-09-05 22:00:00,0.0,0.1141697265070409,1.457985353630249,761.5423715567746,0.046000000000000006,-0.1993287375909697
2021-09-05 22:30:00,0.0,0.0695754127922504,1.2119121317852706,635.6503714976525,0.046000000000000006,-0.1879187293688833
2021-09-05 23:00:00,0.0,0.0647285505953702,0.7953564203339996,413.2370932144829,0.046000000000000006,-0.1830301463393382
2021-09-05 23:30:00,0.0,0.0893028967157723,1.4908138216194162,780.3952071389996,0.046000000000000006,-0.1808870360926616
2021-09-06 00:00:00,0.0,0.0554959498772213,1.212554948334276,632.2964671168572,0.046000000000000006,-0.1776209116267084
2021-09-06 00:30:00,0.0,0.0564098653533555,1.3854866830169166,719.6372310367128,0.046000000000000006,-0.1728263896507034
2021-09-06 01:00:00,0.0,0.0478282728349168,0.7353182818292243,380.0437778650502,0.04566666666666667,-0.1691580496407946
2021-09-06 01:30:00,0.0,0.0453357299555579,0.5104425892754105,261.94243326185307,0.04566666666666667,-0.1693922263783159
2021-09-06 02:00:00,0.0,0.058573356426114,0.9614280264595652,505.0163975694396,0.04566666666666667,-0.174348895769308
2021-09-06 02:30:00,0.0,0.0635532046355548,0.8923973802359328,464.15639598560864,0.04566666666666667,-0.1822108592526554
2021-09-06 03:00:00,0.0,0.0474031732119944,1.2238107451018596,638.7604813948375,0.04566666666666667,-0.188607247764711
2021-09-06 03:30:00,0.0,0.0495506475774871,0.9279540822957056,487.01083227854144,0.04566666666666667,-0.188553931340416
2021-09-06 04:00:00,0.0,0.0480879633432552,0.7489917740209155,391.5665725117736,0.04533333333333334,-0.1809583794296239
2021-09-06 04:30:00,0.0,0.0593972760824797,0.8487418521274754,442.7396337831063,0.04533333333333334,-0.1728425769681093
2021-09-06 05:00:00,0.0,0.0540629479203065,0.9841198091032786,518.0479056919229,0.04533333333333334,-0.1784722719514138
2021-09-06 05:30:00,0.0,0.0763211438443689,0.9051763192109384,473.92994703864264,0.04533333333333334,-0.2116531877122113
2021-09-06 06:00:00,0.0,0.0910681721840659,0.792836319864881,413.0754171866361,0.04533333333333334,-0.275655679227727
2021-09-06 06:30:00,0.0,0.1049333595284268,1.0816755727694,565.5772566814501,0.04533333333333334,-0.3591219401542693
2021-09-06 07:00:00,0.0,0.0478577365014277,1.2097589395673458,625.8897718760909,0.04533333333333334,-0.4423958274739732
2021-09-06 07:30:00,0.0,0.0542847047053226,1.5376358305045708,799.8812509355025,0.04533333333333334,-0.5092790509738757
2021-09-06 08:00:00,0.0,0.0559770043614375,3.120582088672043,1637.3173824314413,0.04533333333333334,-0.5548058943790103
2021-09-06 08:30:00,0.0,0.050608700159348,4.880002574057819,2561.4600162955885,0.04533333333333334,-0.5845524875316219
2021-09-06 09:00:00,0.0,0.0478814965540214,11.62144686363814,6094.913946105513,0.04533333333333334,-0.6080328474185691
2021-09-06 09:30:00,0.0,0.0004356092770747,17.86400099489744,9366.203654729963,0.04533333333333334,-0.6318699308748134
2021-09-06 10:00:00,0.0,3.8648415040799214e-05,19.867833199670606,10416.335979674705,0.04533333333333334,-0.657190475536738
2021-09-06 10:30:00,0.0,0.1085583890864944,20.77037089480705,10898.727434332031,0.04533333333333334,-0.681591954358679
2021-09-06 11:00:00,0.0,0.1775213618624767,19.7067706017829,10333.262822485529,0.04533333333333334,-0.7025203162944631
2021-09-06 11:30:00,0.0,0.111028806941301,17.934326339784654,9407.298537994351,0.04533333333333334,-0.7188624547625277
2021-09-06 12:00:00,0.0,0.1050846978715603,18.55076977963816,9729.70576846221,0.045000000000000005,-0.73033449293674
2021-09-06 12:30:00,0.0,0.3568242269110968,17.09976903262431,8976.83757536058,0.045000000000000005,-0.7364332558934722
2021-09-06 13:00:00,0.0,0.3523348091706163,17.74842957225682,9317.620577283888,0.045000000000000005,-0.7365062810552616
2021-09-06 13:30:00,0.0,0.1538205508883971,18.69405066086212,9812.68613116974,0.045000000000000005,-0.7305800388655038
2021-09-06 14:00:00,0.0,0.3941644209928449,18.32464243092637,9621.559910279975,0.045000000000000005,-0.7193979447440143
2021-09-06 14:30:00,0.0,0.3996326897574082,18.70951965872153,9814.615635812628,0.045000000000000005,-0.7031689384846587
2021-09-06 15:00:00,0.0,0.497090382418527,18.57300405607832,9753.650862816678,0.045000000000000005,-0.6806018019309992
2021-09-06 15:30:00,0.0,0.5628879370732868,17.59871305418936,9235.219162017942,0.045000000000000005,-0.6499451385943007
2021-09-06 16:00:00,0.0,0.5367022758047165,17.208807147142863,9026.408307162208,0.045000000000000005,-0.6111867375510355
2021-09-06 16:30:00,0.0,0.4632167556783441,16.995383407635234,8920.531839639678,0.045000000000000005,-0.5668425040114612
2021-09-06 17:00:00,0.0,0.4432311032729556,16.155210923126553,8477.091153447738,0.045000000000000005,-0.5206345199470106
2021-09-06 17:30:00,0.0,0.3298693457468394,15.727693277728775,8249.54598540505,0.045000000000000005,-0.4759535033111188
2021-09-06 18:00:00,0.0,0.4128683847172317,14.582270942392636,7656.919659231497,0.044333333333333336,-0.4354544947164282
2021-09-06 18:30:00,0.0,0.1312243139674667,13.380004457253634,7018.839832743272,0.044333333333333336,-0.4011073517760936
2021-09-06 19:00:00,0.0,0.1422747110319038,12.27322184297431,6448.134714650774,0.044333333333333336,-0.3739595330765599
2021-09-06 19:30:00,0.0,0.1168001826521804,8.561183073258382,4491.513328459243,0.044333333333333336,-0.3537387467475805
2021-09-06 20:00:00,0.0,0.0786412900052637,5.6060301665508625,2945.9278049938885,0.044000000000000004,-0.3386128844726493
2021-09-06 20:30:00,0.0,0.1089300509729128,3.840279955224972,2019.4492651219427,0.044000000000000004,-0.3255125793125483
2021-09-06 21:00:00,0.0,0.103728599166024,2.817079874209725,1485.7239826823634,0.044000000000000004,-0.3113620500293727
2021-09-06 21:30:00,0.0,0.1047106710658068,2.0646928686408583,1082.550842470127,0.044000000000000004,-0.2946082332310675
2021-09-06 22:00:00,0.0,0.1011933810211494,1.63889696641036,861.5955086619923,0.044333333333333336,-0.2757881940434642
2021-09-06 22:30:00,0.0,0.0666483524194495,1.5296318984889177,801.2260379575885,0.044333333333333336,-0.2568612625166429
2021-09-06 23:00:00,0.0,3.829855783190538e-05,1.092984158304182,572.0715866582593,0.044333333333333336,-0.2401988347936503
2021-09-06 23:30:00,0.0,0.0588707325723361,1.0483541317371048,547.651683455022,0.044333333333333336,-0.2276774433717108
2021-09-07 00:00:00,0.0,3.586361836441259e-05,1.061182429880343,558.6341123653078,0.044333333333333336,-0.2196535969066627
2021-09-07 00:30:00,0.0,3.432914474509867e-05,1.1144991252134149,583.2062653044896,0.044333333333333336,-0.2141537464744919
2021-09-07 01:00:00,0.0,0.0500305080922951,0.6062144873538138,321.8135372518169,0.044333333333333336,-0.2072682800181016
2021-09-07 01:30:00,0.0,0.0410929245781219,0.9698931755306176,504.9967364291685,0.044333333333333336,-0.1950308987888885
2021-09-07 02:00:00,0.0,0.0561942164681059,0.8264514051919384,431.12378661919456,0.044000000000000004,-0.1755466281985439
2021-09-07 02:30:00,0.0,0.0536628035567841,0.9277591443349976,486.8681804354629,0.044000000000000004,-0.1498251513963324
2021-09-07 03:00:00,0.0,0.0540016786670791,0.7166222989351263,376.60762835945025,0.044000000000000004,-0.1211165640363764
2021-09-07 03:30:00,0.0,0.05721423666314,0.8157020010022319,426.1696910567356,0.044000000000000004,-0.093621665546989
2021-09-07 04:00:00,0.0,0.0574469848767051,0.5953278652121954,316.79620182650973,0.044000000000000004,-0.0713901997729983
2021-09-07 04:30:00,0.0,0.0579010540911881,0.8632335563438857,457.1301667288117,0.044000000000000004,-0.0580603543312852
2021-09-07 05:00:00,0.0,0.0476720102976669,0.5522488182796549,298.2469630854805,0.044000000000000004,-0.0580048374129413
2021-09-07 05:30:00,0.0,0.0346258335961848,0.6515697019512178,346.62673115279176,0.044000000000000004,-0.0777066916803329
2021-09-07 06:00:00,0.0,0.0295804074204661,0.5171033987498271,276.82320140864306,0.044000000000000004,-0.1242895943342348
2021-09-07 06:30:00,0.0,2.781105680668246e-05,0.4701764244836141,248.63463076541564,0.044000000000000004,-0.200251540718811
2021-09-07 07:00:00,0.0,2.6328952168670433e-05,0.4585719910312094,241.9704003183765,0.044000000000000004,-0.2985745638648005
2021-09-07 07:30:00,0.0,2.7046281764451948e-05,0.4939955925473175,263.55277797171664,0.044000000000000004,-0.403752776289046
2021-09-07 08:00:00,0.0,0.025986653084298,1.615271679684196,846.8690730938779,0.044000000000000004,-0.499258110616367
2021-09-07 08:30:00,0.0,2.572792735869879e-05,2.3067281144032057,1214.632827376342,0.044000000000000004,-0.5757054927422334
2021-09-07 09:00:00,0.0,2.5342352952357383e-05,4.9315509664203585,2588.1804698898673,0.044000000000000004,-0.6331834430228938
2021-09-07 09:30:00,0.0,2.6579814711673224e-05,8.699339136215588,4566.740236723932,0.044000000000000004,-0.6771018558975492
2021-09-07 10:00:00,0.0,3.062997880469489e-05,12.341993177942904,6479.229846998549,0.043666666666666666,-0.7128618404667622
2021-09-07 10:30:00,0.0,3.948357461039692e-05,16.21166506641365,8502.364990889257,0.043666666666666666,-0.7436457142402401
2021-09-07 11:00:00,0.0,0.160194327096368,17.57754355778755,9221.302598153085,0.043666666666666666,-0.770618393885943
2021-09-07 11:30:00,0.0,4.687151224874353e-05,17.304586421594333,9085.384593363397,0.043666666666666666,-0.7934610039618774
2021-09-07 12:00:00,0.0,0.036806721745607,16.596071648939656,8704.69960395188,0.043666666666666666,-0.8110727857674921
2021-09-07 12:30:00,0.0,0.2784889988027014,15.616154968506969,8190.253486255676,0.043666666666666666,-0.8227491122427982
2021-09-07 13:00:00,0.0,0.2962476169612443,15.719103374657212,8244.86076115905,0.044000000000000004,-0.8288713001854031
2021-09-07 13:30:00,0.0,0.1596155580609928,15.579875958345443,8164.904803752509,0.044000000000000004,-0.8300350873302041
2021-09-07 14:00:00,0.0,0.3391653706434558,15.067810792528554,7904.97770041818,0.043666666666666666,-0.8253290203984702
2021-09-07 14:30:00,0.0,0.3324249590963489,15.580464463693026,8178.820416736255,0.043666666666666666,-0.811689863121375
2021-09-07 15:00:00,0.0,0.3325550823032154,15.502818646222329,8138.019989274193,0.043666666666666666,-0.7853750334519559
2021-09-07 15:30:00,0.0,0.4464322401060556,15.398138596649456,8084.747198393611,0.043666666666666666,-0.7447555296781034
2021-09-07 16:00:00,0.0,0.3035451531177305,15.338353997660413,8055.754982724224,0.043666666666666666,-0.6923539017099741
2021-09-07 16:30:00,0.0,0.4498648833111272,14.540517416752367,7636.988668571573,0.043666666666666666,-0.6342676662016258
2021-09-07 17:00:00,0.0,0.2791465093791975,14.300351548205851,7508.472822974965,0.043666666666666666,-0.5773332684022003
2021-09-07 17:30:00,0.0,0.1869203078789559,14.27148705827362,7497.408064566705,0.043666666666666666,-0.5264363061755748
2021-09-07 18:00:00,0.0,0.0367036582708145,13.624358566876976,7159.2239102163285,0.043666666666666666,-0.4835842567780589
2021-09-07 18:30:00,0.0,0.1606953233671438,12.561710936095055,6599.595144282028,0.043666666666666666,-0.4482991008103837
2021-09-07 19:00:00,0.0,0.0796376520022532,11.059042318195305,5804.36214762524,0.043333333333333335,-0.4184494644317021
2021-09-07 19:30:00,0.0,0.070039913713146,6.60643943922063,3475.9611120350637,0.043333333333333335,-0.391289594512999
2021-09-07 20:00:00,0.0,0.0612677697654664,4.304069843032702,2265.259069102394,0.043333333333333335,-0.3646242670822447
2021-09-07 20:30:00,0.0,0.0779160614181129,2.67950189129329,1407.9734249890812,0.043333333333333335,-0.3378461381261822
2021-09-07 21:00:00,0.0,0.072587823085329,2.076875216746241,1097.8047487280878,0.043000000000000003,-0.3122596969390434
2021-09-07 21:30:00,0.0,0.0816252703032809,1.8197094673860477,955.9991852806248,0.043000000000000003,-0.2898916471923303
2021-09-07 22:00:00,0.0,0.065180326146808,1.4358000941933178,762.9058670848734,0.043000000000000003,-0.2714436796718115
2021-09-07 22:30:00,0.0,0.0448504020714071,1.389609024942557,731.5779488509319,0.043000000000000003,-0.2556898938125072
2021-09-07 23:00:00,0.0,0.0587809615439567,1.0831417876699634,570.0335046780792,0.043000000000000003,-0.2411057802208928
2021-09-07 23:30:00,0.0,0.0380905198722912,1.0366567153017248,540.9181498867976,0.043000000000000003,-0.2273917208867662
2021-09-08 00:00:00,0.0,0.0354600383162187,1.0625019872354464,563.0085531380599,0.043333333333333335,-0.214831217239814
2021-09-08 00:30:00,0.0,0.0342213444686365,0.7846350757171097,414.39696341039223,0.043333333333333335,-0.2027816261645839
2021-09-08 01:00:00,0.0,0.0334836534054802,0.8061833546226425,424.32795409792755,0.043000000000000003,-0.1899193255838754
2021-09-08 01:30:00,0.0,0.0450712547548636,0.6510934317565132,345.0642899936159,0.043000000000000003,-0.1762140401027045
2021-09-08 02:00:00,0.0,0.0315023407582631,0.672759031214774,355.04935039696034,0.043000000000000003,-0.1638843601968714
2021-09-08 02:30:00,0.0,0.029516980424324,0.6172706103600692,326.8706542503056,0.043000000000000003,-0.1556497749148437
2021-09-08 03:00:00,0.0,0.0408660886340965,0.314572392275847,171.62561358401084,0.043000000000000003,-0.1522031084679425
2021-09-08 03:30:00,0.0,0.0389999923586755,0.3610141629719248,198.29633935072857,0.043000000000000003,-0.1520605807786858
2021-09-08 04:00:00,0.0,0.0392291563310212,0.4407992878203378,241.62213466077705,0.043000000000000003,-0.1540832747531475
2021-09-08 04:30:00,0.0,0.0386394188274448,0.675207063615738,361.3739432797339,0.043000000000000003,-0.1596289528988096
2021-09-08 05:00:00,0.0,0.0396960534113774,0.1777172401923898,99.28594855472583,0.042666666666666665,-0.1715513518451273
2021-09-08 05:30:00,0.0,0.0276324989450267,0.2459221626913945,134.6990307350422,0.042666666666666665,-0.1908108334495027
2021-09-08 06:00:00,0.0,0.025811784820381,0.0465484972722202,21.452882383589767,0.042666666666666665,-0.2145556843367448
2021-09-08 06:30:00,0.0,3.195645334647196e-05,0.3358972543297274,180.1336674831862,0.042666666666666665,-0.2382990474504984
2021-09-08 07:00:00,0.0,0.02532391189669,0.2101337797400454,112.896742732653,0.042666666666666665,-0.2601176243093663
2021-09-08 07:30:00,0.0,3.0978191427504694e-05,0.2877496933336866,149.99678593823094,0.042666666666666665,-0.2823100211627846
2021-09-08 08:00:00,0.0,3.140724455409311e-05,2.5232400539629625,1328.664675613057,0.042666666666666665,-0.3095010343416718
2021-09-08 08:30:00,0.0,3.359580809359443e-05,3.8320655724362176,2011.8495385107435,0.042666666666666665,-0.3465786100907406
2021-09-08 09:00:00,0.0,0.0030786045459022,3.8417192341126674,2016.2986374216,0.043000000000000003,-0.3979534427482808
2021-09-08 09:30:00,0.0,0.0094740617829776,5.62185990310118,2951.568497237675,0.043000000000000003,-0.4656729122106592
2021-09-08 10:00:00,0.0,0.0026060509929058,5.355581541707879,2814.1819312423263,0.043000000000000003,-0.5462436075270763
2021-09-08 10:30:00,0.0,0.000828794795183,4.290115633448014,2257.483266911193,0.043000000000000003,-0.630489589780242
2021-09-08 11:00:00,0.0,0.0056680154528231,5.039977860152581,2652.853147437335,0.043000000000000003,-0.7082739994804299
2021-09-08 11:30:00,0.0,0.0156250016890936,7.48272694584603,3933.25051286731,0.043000000000000003,-0.7735918556208656
2021-09-08 12:00:00,0.0,0.0110590329621166,5.903948402730231,3102.2811124533423,0.042666666666666665,-0.8251779319330581
2021-09-08 12:30:00,0.0,0.0071081067826076,5.640526723838191,2973.6628265433083,0.042666666666666665,-0.8633416693557997
2021-09-08 13:00:00,0.0,0.0583229381054085,14.441738834470584,7580.401999623654,0.042666666666666665,-0.8874791530574462
2021-09-08 13:30:00,0.0,0.1272391546733167,17.069781083276688,8956.681215572364,0.042666666666666665,-0.8969258947696218
2021-09-08 14:00:00,0.0,0.293834040737051,17.70678010368665,9288.792896669564,0.042666666666666665,-0.8933489154572598
2021-09-08 14:30:00,0.0,0.2964703560374309,18.025596090250342,9467.624918405676,0.042666666666666665,-0.8809559614677513
2021-09-08 15:00:00,0.0,0.294105341978564,17.587698342873118,9233.241647366858,0.043000000000000003,-0.863918342178683
2021-09-08 15:30:00,0.0,0.2896086916283007,17.563524132968205,9230.124149662968,0.043000000000000003,-0.8441616515626024
2021-09-08 16:00:00,0.0,0.2590196181291737,17.111094686105336,8981.855147065195,0.043000000000000003,-0.8217797797899835
2021-09-08 16:30:00,0.0,0.4228045630063621,16.875296146580546,8859.526475586166,0.043000000000000003,-0.796825254803363
2021-09-08 17:00:00,0.0,0.6175544336569606,13.5034747244698,7104.379195399702,0.042666666666666665,-0.7703404966392193
2021-09-08 17:30:00,0.0,0.4197337060468945,9.238274142424306,4852.797125748056,0.042666666666666665,-0.744247357011618
2021-09-08 18:00:00,0.0,0.1044205628306364,6.608640730700065,3473.628717113679,0.042666666666666665,-0.7206842212629739
2021-09-08 18:30:00,0.0,0.1432260371742057,6.155884688891793,3240.8444315966553,0.042666666666666665,-0.701257667897333
2021-09-08 19:00:00,0.0,0.1355557883018876,5.4843868275919885,2879.847894926738,0.042666666666666665,-0.6865368674463581
2021-09-08 19:30:00,0.0,0.0874099318479556,3.773986092813227,1985.0823533540336,0.042666666666666665,-0.67592616610693
2021-09-08 20:00:00,0.0,0.0862822359584298,2.8707509574813423,1505.4200149514654,0.042333333333333334,-0.6679594083863817
2021-09-08 20:30:00,0.0,0.0797478378931951,2.0954899701987277,1105.0419734335355,0.042333333333333334,-0.6611251443803464
2021-09-08 21:00:00,0.0,0.1097554479455721,1.593802586815905,838.1289365571639,0.042333333333333334,-0.6547804273493614
2021-09-08 21:30:00,0.0,4.508809620394872e-05,1.3987706921545082,734.4582186118935,0.042333333333333334,-0.6491749169841615
2021-09-08 22:00:00,0.0,0.0760864451969992,1.1814490013518173,621.6469186541802,0.042333333333333334,-0.6445379144949364
2021-09-08 22:30:00,0.0,0.0794395414235074,0.9388679740233434,493.22133739880263,0.042333333333333334,-0.6404273685118119
2021-09-08 23:00:00,0.0,0.0770401542562788,1.016860581769604,535.584833667547,0.042666666666666665,-0.6359148820003215
2021-09-08 23:30:00,0.0,0.110206029479603,0.8086054666421816,430.6109935375111,0.042666666666666665,-0.6299444587317421
2021-09-09 00:00:00,0.0,0.10686407118062,0.8824446481832695,462.0088317167894,0.042666666666666665,-0.6214983909859131
2021-09-09 00:30:00,0.0,0.1054801331147794,0.7839013165811037,412.7160109660863,0.042666666666666665,-0.6099640790656028
2021-09-09 01:00:00,0.0,0.1209563034106305,0.8496461376358555,445.60182382782386,0.042,-0.5957430629133892
2021-09-09 01:30:00,0.0,0.1031030925792674,0.7509546313671933,396.2370277882085,0.042,-0.5803317479645504
2021-09-09 02:00:00,0.0,0.097536451123093,0.5713608008062515,300.4510831704272,0.042,-0.5654318704107738
2021-09-09 02:30:00,0.0,0.1205723629119794,0.7287474618026761,384.70634870083353,0.042,-0.5518486264448706
2021-09-09 03:00:00,0.0,0.0990141123247918,0.6505304792362732,343.4618650084131,0.042,-0.5395323629754326
2021-09-09 03:30:00,0.0,0.065217030664561,0.7166390036174616,376.5301414333529,0.042,-0.5292136822477332
2021-09-09 04:00:00,0.0,0.0644242643323258,0.9945084236713284,523.940880797022,0.042,-0.5243056140239545
2021-09-09 04:30:00,0.0,4.10939356366709e-05,0.4011872239856091,208.88042550738425,0.042,-0.5310666088655115
2021-09-09 05:00:00,0.0,4.136582724717461e-05,0.7306005641622796,389.44476456567895,0.042,-0.5561707195428022
2021-09-09 05:30:00,0.0,3.935038771034967e-05,0.4047302935354676,217.10052677038223,0.042,-0.6026328754162945
2021-09-09 06:00:00,0.0,0.0449832668033324,0.6498569032333639,341.84919605762354,0.042,-0.6668479325198696
2021-09-09 06:30:00,0.0,0.0394003531530581,0.8219503369726955,443.1323562298637,0.042,-0.7397207027114473
2021-09-09 07:00:00,0.0,0.0387563956304822,0.549674319334235,290.456398839109,0.042,-0.8113809229268474
2021-09-09 07:30:00,0.0,0.0391749933710494,0.8085131919984727,430.51446246885047,0.042,-0.8751935756288944
2021-09-09 08:00:00,0.0,0.0407404239421747,1.755103992572681,927.243364530296,0.042,-0.9284004223400308
2021-09-09 08:30:00,0.0,0.0399276773633896,4.724617415855411,2485.809373814604,0.042,-0.9709886508604016
2021-09-09 09:00:00,0.0,0.0638531585522416,11.06693384420908,5807.742933998318,0.042,-1.0047851713782074
2021-09-09 09:30:00,0.0,4.362491475530173e-05,13.49019388043866,7083.10070571544,0.042,-1.0326338470147145
2021-09-09 10:00:00,0.0,4.437584262620107e-05,14.559840250808058,7645.255548782623,0.041666666666666664,-1.0574872616730309
2021-09-09 10:30:00,0.0,0.0715729026992527,14.50800892607966,7614.712046652029,0.041666666666666664,-1.0817466328567298
2021-09-09 11:00:00,0.0,0.261561258374377,14.581395252048846,7652.9736140284385,0.041666666666666664,-1.1065334619786105
2021-09-09 11:30:00,0.0,0.1329958562325411,14.714084248396071,7736.17033035329,0.041666666666666664,-1.131060000219558
2021-09-09 12:00:00,0.0,0.4530543853523673,14.796660084459416,7773.496505488754,0.042,-1.1532377193960224
2021-09-09 12:30:00,0.0,0.4158026492941565,15.28048708739756,8029.8041085822115,0.042,-1.17116246501859
2021-09-09 13:00:00,0.0,0.5272268262196165,14.920734132629356,7840.882876957226,0.042,-1.1837577195585072
2021-09-09 13:30:00,0.0,0.5528842464114208,15.527165073850536,8158.514833122136,0.042,-1.1904281179523777
2021-09-09 14:00:00,0.0,0.5909926768001266,16.190574032415444,8508.649914580592,0.042,-1.1909087228733135
2021-09-09 14:30:00,0.0,0.5749727031532438,15.130381220844694,7951.26512513843,0.042,-1.1853064927151014
2021-09-09 15:00:00,0.0,0.4846133945317575,15.46342875805671,8123.430957025446,0.042,-1.1735624167568528
2021-09-09 15:30:00,0.0,0.5948796015602794,14.03375274345111,7374.53182319258,0.042,-1.154742765488049
2021-09-09 16:00:00,0.0,0.1944539266591363,14.456612459861269,7597.680787239872,0.042,-1.1274598628687371
2021-09-09 16:30:00,0.0,0.4071564806321856,13.606052743416448,7146.431320293359,0.042,-1.0915290527109296
2021-09-09 17:00:00,0.0,0.4034681120753102,12.948392259650838,6813.367010142028,0.041666666666666664,-1.0492407124904226
2021-09-09 17:30:00,0.0,0.3797927097692326,11.530997828759874,6061.384807657968,0.041666666666666664,-1.004771624139707
2021-09-09 18:00:00,0.0,0.3475665608474629,9.780258586717697,5142.8415021043265,0.041666666666666664,-0.9621236482493618
2021-09-09 18:30:00,0.0,0.1078993678639121,8.647989782476502,4546.7621191689095,0.041666666666666664,-0.9233867339450178
2021-09-09 19:00:00,0.0,0.1478359521539447,7.423637973822501,3905.6204532157176,0.041666666666666664,-0.8886621036976581
2021-09-09 19:30:00,0.0,0.0931626585021377,5.359730693003909,2822.097071919225,0.041666666666666664,-0.8571709705193924
2021-09-09 20:00:00,0.0,4.6240827686522826e-05,3.2150751748037227,1696.539608195476,0.04133333333333333,-0.8281446354799883
2021-09-09 20:30:00,0.0,0.0692740707472969,2.2091773750227803,1164.5769844935185,0.04133333333333333,-0.8011140294278112
2021-09-09 21:00:00,0.0,0.0641833217589868,1.90321115433566,1002.8776114957052,0.04133333333333333,-0.776189850483638
2021-09-09 21:30:00,0.0,0.0598038775687454,1.0407025881255192,552.8936979340436,0.04133333333333333,-0.7541473984466015
2021-09-09 22:00:00,0.0,0.0565634741664796,1.1297519444174933,602.8205570084539,0.04133333333333333,-0.7356944589796669
2021-09-09 22:30:00,0.0,0.0744333770721447,1.4552283640249055,771.6744584391037,0.04133333333333333,-0.7205802440637498
2021-09-09 23:00:00,0.0,3.8734359909475526e-05,1.030000245677682,547.9612917938487,0.04066666666666666,-0.7076058650242658
2021-09-09 23:30:00,0.0,3.8648415040799214e-05,0.764753329330297,409.0581216861953,0.04066666666666666,-0.6951665365018103
2021-09-10 00:00:00,0.0,0.039483747474783,0.831594650135614,444.9519907351949,0.04066666666666666,-0.6814693906526442
2021-09-10 00:30:00,0.0,0.0520409641462567,0.6861483468267832,366.3216236111859,0.04066666666666666,-0.6647851067476469
2021-09-10 01:00:00,0.0,0.0478322913431038,0.3052831318865122,168.609858401964,0.04066666666666666,-0.644320950095214
2021-09-10 01:30:00,0.0,0.0330229697339586,0.5626637537715318,300.3213007056079,0.04066666666666666,-0.6209086678640223
2021-09-10 02:00:00,0.0,0.0310887403457115,0.6181349060854429,328.48967555168633,0.04066666666666666,-0.5963746268957556
2021-09-10 02:30:00,0.0,0.0283789883677451,0.3121212584251859,163.84488307708534,0.04066666666666666,-0.5720842040095342
2021-09-10 03:00:00,0.0,0.0241322806888621,0.5498370091515055,290.4954842355268,0.04066666666666666,-0.5482023011257973
2021-09-10 03:30:00,0.0,3.303117294097335e-05,0.3832544276290099,207.17316896872168,0.04066666666666666,-0.52428938025526
2021-09-10 04:00:00,0.0,0.0199821073865568,0.4724783819026638,252.22723575468032,0.04066666666666666,-0.5005301878241473
2021-09-10 04:30:00,0.0,0.0178477489126787,0.415325499529606,220.6401794743352,0.04066666666666666,-0.4789124209009959
2021-09-10 05:00:00,0.0,0.022490727226247,0.198171775778566,103.36559639137931,0.04066666666666666,-0.4639359886126489
2021-09-10 05:30:00,0.0,0.0222595823962387,0.2594434515177429,143.53121340882925,0.04066666666666666,-0.4617013727210464
2021-09-10 06:00:00,0.0,0.0202005765497269,0.3723158136306612,202.13187197101792,0.04066666666666666,-0.4766729393854158
2021-09-10 06:30:00,0.0,0.0128276212043664,0.0783616875002907,50.80815662119496,0.04066666666666666,-0.5082566178392882
2021-09-10 07:00:00,0.0,0.0126726567913819,-0.0733922523336346,-33.82440786374947,0.04066666666666666,-0.5506144461886624
2021-09-10 07:30:00,0.0,2.792132579120251e-05,0.2587932312346221,141.91149241323504,0.04066666666666666,-0.5960547791582291
2021-09-10 08:00:00,0.0,2.8104307908220937e-05,0.7862499937841387,418.9113192360268,0.04066666666666666,-0.638939829502549
2021-09-10 08:30:00,0.0,2.82896123113535e-05,0.6566944933269037,360.4903346955764,0.04066666666666666,-0.6774253794203628
2021-09-10 09:00:00,0.0,2.7995008303509975e-05,2.0281432125472065,1067.6694056796025,0.04066666666666666,-0.7125692080664928
2021-09-10 09:30:00,0.0,2.8959225565404393e-05,4.001065908326837,2104.9744579888416,0.04066666666666666,-0.7460455488787301
2021-09-10 10:00:00,0.0,3.1095386000272306e-05,5.756325918259931,3030.5175730552846,0.04066666666666666,-0.7785112018115085
2021-09-10 10:30:00,0.0,0.0089684021916086,7.15096359413628,3761.2079171582145,0.04066666666666666,-0.8096732225879334
2021-09-10 11:00:00,0.0,0.023157511326786,8.169935971610405,4303.886336515663,0.04066666666666666,-0.839012576112959
2021-09-10 11:30:00,0.0,0.0090165365591126,8.295005461867554,4363.380879116653,0.04066666666666666,-0.8657173998015212
2021-09-10 12:00:00,0.0,0.0112563034169375,9.034250630390057,4752.435435550481,0.041,-0.8881154509615865
2021-09-10 12:30:00,0.0,0.092589673828031,9.050094324031694,4761.5342016378745,0.041,-0.9038525199744432
2021-09-10 13:00:00,0.0,0.111099995012362,9.96206702933284,5246.977539470509,0.041,-0.9108988956851266
2021-09-10 13:30:00,0.0,0.2274991350953438,10.609273638531144,5576.897179898519,0.041,-0.908420658771554
2021-09-10 14:00:00,0.0,0.2801449890414462,11.140337640038046,5861.837648994954,0.041,-0.8970058371558146
2021-09-10 14:30:00,0.0,0.3252665039506313,11.309981606794526,5953.211663432625,0.041,-0.8784645156047508
2021-09-10 15:00:00,0.0,0.3560965045537363,11.460403849277297,6024.998977396592,0.041,-0.8553380286439329
2021-09-10 15:30:00,0.0,0.4065079087463537,10.92353590539389,5748.628342265996,0.041,-0.8300728318122308
2021-09-10 16:00:00,0.0,0.417482110120955,11.393716870571843,5990.981439098189,0.041,-0.8043128435987087
2021-09-10 16:30:00,0.0,0.3489148556744362,10.310301469217409,5425.499806562102,0.041,-0.7789627095606999
2021-09-10 17:00:00,0.0,0.2622019459367497,8.295005461867554,4363.380879116653,0.041,-0.754860303620616
2021-09-10 17:30:00,0.0,0.088934565524197,5.72003568238326,3011.7334826118495,0.041,-0.7331011506313144
2021-09-10 18:00:00,0.0,4.456473885987298e-05,3.5211826737172967,1857.973038331372,0.041,-0.7145389067404907
2021-09-10 18:30:00,0.0,4.381194643932356e-05,2.4162314668043328,1275.4706256851914,0.041,-0.6990079027686485
2021-09-10 19:00:00,0.0,4.2510649923411175e-05,1.7745560467773671,936.0984727312429,0.04066666666666666,-0.6850735430576136
2021-09-10 19:30:00,0.0,4.145733419429641e-05,1.4212481798673322,752.1733582332041,0.04066666666666666,-0.6705179911247209
2021-09-10 20:00:00,0.0,4.050824563260603e-05,1.029585227345337,547.700727016346,0.04066666666666666,-0.6532299700201802
2021-09-10 20:30:00,0.0,0.0383354866128354,0.874029492165853,463.22517245975735,0.04066666666666666,-0.6321412008610053
2021-09-10 21:00:00,0.0,0.0336232578938982,0.7765741413083755,417.0257212491504,0.04066666666666666,-0.6078045874703619
2021-09-10 21:30:00,0.0,3.834218123900825e-05,0.6102065746573796,331.322214353696,0.04066666666666666,-0.5821392731691153
2021-09-10 22:00:00,0.0,3.803747056451597e-05,0.6404148419814951,340.05764297914357,0.04066666666666666,-0.5574013026829227
2021-09-10 22:30:00,0.0,3.721987992815649e-05,0.5856181622697822,313.5036304277121,0.04066666666666666,-0.5351860054647577
2021-09-10 23:00:00,0.0,3.582180858518088e-05,0.5650343311492728,306.61543694489205,0.04066666666666666,-0.5161196765368032
2021-09-10 23:30:00,0.0,3.3716191316882116e-05,0.5505139893499421,292.11351925846435,0.04066666666666666,-0.5000675517812149
2021-09-11 00:00:00,0.4,3.2153923140210136e-05,0.6296259735082306,335.04094820643076,0.04033333333333333,-0.4863271516428792
2021-09-11 00:30:00,0.0,3.1640917004144014e-05,0.3289181345702218,182.10013577245292,0.04033333333333333,-0.4737531462425191
2021-09-11 01:00:00,0.4,3.113345954710823e-05,0.3713685800207944,199.03826418794495,0.04033333333333333,-0.4611396826352792
2021-09-11 01:30:00,1.6,3.051554658457701e-05,0.3726955736796705,202.27591602970824,0.04033333333333333,-0.4477629164361879
2021-09-11 02:00:00,2.0,3.0323396658217114e-05,0.7094713706358653,380.894813349985,0.04033333333333333,-0.4335798309153376
2021-09-11 02:30:00,0.8,3.05531359112814e-05,0.7184592491668071,381.1635751262779,0.04033333333333333,-0.4190117747966052
2021-09-11 03:00:00,0.6,3.0438899716606223e-05,0.6626557121088882,351.5607444750871,0.04033333333333333,-0.4048179676155046
2021-09-11 03:30:00,0.2,3.005453953235084e-05,0.6650827872919302,357.85626891853934,0.04033333333333333,-0.3921112897008818
2021-09-11 04:00:00,0.4,2.994003747838271e-05,0.6428575321650924,346.32088765238717,0.04066666666666666,-0.3820786027303564
2021-09-11 04:30:00,0.0,2.9561549455001053e-05,0.46430635803606,253.64808494063945,0.04066666666666666,-0.3754325355606219
2021-09-11 05:00:00,0.2,2.959832938613145e-05,0.4291727945958334,232.234249870325,0.04066666666666666,-0.3720922327203033
2021-09-11 05:30:00,0.0,2.9636675311373782e-05,0.4309639041630571,236.97793550098416,0.04066666666666666,-0.3713345753866973
2021-09-11 06:00:00,0.0,2.9636675311373782e-05,0.4522163253565005,245.46776100487313,0.04066666666666666,-0.3722624122211376
2021-09-11 06:30:00,0.0,2.9523270520278577e-05,0.4648702011901625,255.21025027526508,0.04066666666666666,-0.374387122606255
2021-09-11 07:00:00,0.0,3.0323396658217114e-05,0.3295092963659367,183.68371506238717,0.04066666666666666,-0.3782356259386464
2021-09-11 07:30:00,0.0,0.0161913341358434,0.5167850296027295,273.91957538182436,0.04066666666666666,-0.3855826352787991
2021-09-11 08:00:00,0.0,0.0117050109735538,0.5519439067813621,295.3400519706277,0.04066666666666666,-0.3985588491353053
2021-09-11 08:30:00,0.0,3.211501208435781e-05,0.7076883148185513,376.1995569242897,0.04066666666666666,-0.4177179379253111
2021-09-11 09:00:00,0.0,0.0126470258406051,1.5814466732839694,835.8707418044161,0.041,-0.4407896118812562
2021-09-11 09:30:00,0.0,0.0222356493329774,2.4230011653514087,1274.8596101608082,0.041,-0.4638918322623361
2021-09-11 10:00:00,0.0,0.0244851252388871,3.2277710375624515,1698.554291267712,0.041,-0.4845173588939976
2021-09-11 10:30:00,0.0,0.0181960753405657,2.6715388199238363,1409.5826259086425,0.041,-0.5033104058838167
2021-09-11 11:00:00,0.0,0.0153237313403804,2.298737903182769,1210.3983340108969,0.041,-0.5226478724013379
2021-09-11 11:30:00,0.0,0.0023944075300657,3.5459722155474713,1864.6503088277975,0.041,-0.5435014592562494
2021-09-11 12:00:00,0.0,0.0020335808341743,8.832680554482312,4643.7225973247705,0.041,-0.563904116775233
2021-09-11 12:30:00,0.0,0.1125325712664504,11.02775150382188,5794.43695704946,0.041,-0.580335436315011
2021-09-11 13:00:00,0.0,0.1731920040081141,10.003094724483962,5251.510083567929,0.04133333333333333,-0.5901689461231723
2021-09-11 13:30:00,0.0,0.0466147863336523,9.486743375372878,4985.466588772283,0.04133333333333333,-0.5926979132056046
2021-09-11 14:00:00,0.0,0.014324899870698,7.738345553692087,4066.086483933842,0.04133333333333333,-0.5884432406057613
2021-09-11 14:30:00,0.2,0.0869555394345794,10.705336392625837,5624.0165119600015,0.04133333333333333,-0.578138951556282
2021-09-11 15:00:00,0.0,0.0961480048358179,12.175419124435876,6400.058130180423,0.04133333333333333,-0.5622921313325907
2021-09-11 15:30:00,0.0,0.2057941818541792,13.3751775578688,7035.672541142189,0.04133333333333333,-0.5412170381516859
2021-09-11 16:00:00,0.0,0.0668128462671666,13.106484801481336,6891.907170926455,0.04133333333333333,-0.5154454536792612
2021-09-11 16:30:00,0.0,0.0369203623258181,11.56635335874338,6080.616274610007,0.04133333333333333,-0.4864337209885934
2021-09-11 17:00:00,0.0,0.0549386494277465,9.311022139531154,4900.938901376034,0.04133333333333333,-0.4568501362289517
2021-09-11 17:30:00,0.0,0.027878545046692,7.813484573359318,4109.23755586517,0.04133333333333333,-0.4297442955522798
2021-09-11 18:00:00,0.0,0.0706351470738165,6.910688512674984,3634.47809271877,0.04133333333333333,-0.4070420906237605
2021-09-11 18:30:00,0.0,0.021168756772587,5.885854046146475,3101.1577262440214,0.04133333333333333,-0.3886404716293857
2021-09-11 19:00:00,0.0,0.0224050415022754,4.865706094043803,2562.098208096496,0.04133333333333333,-0.3728717236063769
2021-09-11 19:30:00,0.0,3.461619743987309e-05,4.01682800413723,2115.3412243169214,0.04133333333333333,-0.3580161247272066
2021-09-11 20:00:00,0.0,3.2551313253550324e-05,3.1374664666296166,1651.1652094799397,0.041,-0.3436504889528957
2021-09-11 20:30:00,0.0,3.279065826222133e-05,2.553811141566324,1335.1462187257962,0.041,-0.3306822762113913
2021-09-11 21:00:00,0.0,3.279065826222133e-05,2.1955311689668195,1159.223435434024,0.041,-0.3202303166536976
2021-09-11 21:30:00,0.0,3.2551313253550324e-05,2.016597670728704,1063.441526843779,0.041,-0.3125777176462848
2021-09-11 22:00:00,0.0,3.203566683225232e-05,1.473265877562737,777.3034844370238,0.041,-0.3070122857921882
2021-09-11 22:30:00,0.0,3.168104669226165e-05,1.4941966958031865,786.9499050137977,0.041,-0.3022782758042314
2021-09-11 23:00:00,0.0,3.175980036542559e-05,1.4285812665087527,750.4544528556878,0.04133333333333333,-0.2971090364247296
2021-09-11 23:30:00,0.0,3.144557613994091e-05,1.3107947598136205,691.1452999610383,0.04133333333333333,-0.2907662385177098
2021-09-12 00:00:00,0.0,3.18386857926341e-05,1.1163929327908884,593.9019471629738,0.04133333333333333,-0.2834961179101338
2021-09-12 00:30:00,0.0,3.160242476783036e-05,1.1470748646483258,605.5114628856676,0.04133333333333333,-0.2764393939749919
2021-09-12 01:00:00,0.0,3.1329082352843475e-05,0.9943782802975952,526.2426925194336,0.04133333333333333,-0.2707803801175706
2021-09-12 01:30:00,0.0,3.105575964844068e-05,1.1057651202659171,589.003889750729,0.04133333333333333,-0.2667832304243467
2021-09-12 02:00:00,0.0,3.0940246868121084e-05,0.9089380537895064,486.86571501173694,0.041,-0.2635888967718162
2021-09-12 02:30:00,0.0,3.082344996839441e-05,1.1275356086906296,600.3009980341008,0.041,-0.2598110492389693
2021-09-12 03:00:00,0.0,3.062997880469489e-05,0.9292308862214492,493.66593978547337,0.04133333333333333,-0.2542536607808582
2021-09-12 03:30:00,0.0,3.0940246868121084e-05,0.8627180204863054,457.89335312907224,0.04133333333333333,-0.246311137345789
2021-09-12 04:00:00,0.0,3.101775059832205e-05,0.8091023911091357,433.18342996605327,0.04133333333333333,-0.2360600566103881
2021-09-12 04:30:00,0.0,3.295032186546801e-05,0.8520141343062744,452.96023552648575,0.04133333333333333,-0.22433332571287
2021-09-12 05:00:00,0.0,3.262987295419592e-05,0.926740875096294,487.3996712767352,0.041666666666666664,-0.2131006158717533
2021-09-12 05:30:00,0.0,3.18386857926341e-05,0.9511631483478435,505.0505767158349,0.041666666666666664,-0.2057932322853037
2021-09-12 06:00:00,0.4,3.0476424600834423e-05,0.8192675735121031,436.5855937224259,0.041666666666666664,-0.20652120290343
2021-09-12 06:30:00,0.4,3.0247079988814197e-05,0.797792421567703,426.6883051775628,0.041666666666666664,-0.2179213236071901
2021-09-12 07:00:00,0.0,2.9711932489174568e-05,0.7207318532809703,387.31797239434,0.041666666666666664,-0.2392147770029133
2021-09-12 07:30:00,0.0,2.9033291171632532e-05,0.7940179734481981,417.227217272115,0.041666666666666664,-0.2666118808649588
2021-09-12 08:00:00,0.0,2.910900344618699e-05,0.6038732607193964,315.32380114641035,0.041666666666666664,-0.2960176450454632
2021-09-12 08:30:00,0.0,2.9523270520278577e-05,0.8965842418635748,477.3421529825281,0.041666666666666664,-0.325396035435412
2021-09-12 09:00:00,0.0,2.9978687075037876e-05,1.1359012688797288,599.0946552552562,0.041666666666666664,-0.3547529567994729
2021-09-12 09:30:00,0.0,0.0034079697248702,2.0255544965019525,1068.6583577837796,0.041666666666666664,-0.384515482234699
2021-09-12 10:00:00,0.0,0.0060788257899424,4.53015691775178,2382.41043055275,0.041666666666666664,-0.4142805918506783
2021-09-12 10:30:00,0.0,0.0143381612501605,6.67746321378991,3507.8877841365584,0.041666666666666664,-0.4429057324475713
2021-09-12 11:00:00,0.0,3.473896702563498e-05,8.743037213523536,4595.5909414040825,0.04133333333333333,-0.4692463933976911
2021-09-12 11:30:00,0.0,0.0217348211757724,9.151915252581327,4811.992318079216,0.04133333333333333,-0.4921599881311943
2021-09-12 12:00:00,0.0,0.0153331217965981,10.78077610801509,5675.886348043828,0.04133333333333333,-0.5098486912355975
2021-09-12 12:30:00,0.0,0.0482801574889071,10.464695534702289,5506.651652515781,0.04133333333333333,-0.5202225808765469
2021-09-12 13:00:00,0.0,0.0704949772022464,12.694410096344514,6676.532151449625,0.041666666666666664,-0.5227046724301561
2021-09-12 13:30:00,0.0,0.0154371279037853,14.101289527594682,7408.122838075856,0.041666666666666664,-0.5192668750021193
2021-09-12 14:00:00,0.0,0.0106867987348942,14.13415959670019,7426.999564477678,0.041666666666666664,-0.5128148288262558
2021-09-12 14:30:00,0.0,0.0645041531296368,12.587996700466702,6622.01376116148,0.041666666666666664,-0.5045838473236752
2021-09-12 15:00:00,0.0,0.0242535911384404,13.311220516009268,6992.543890880792,0.041666666666666664,-0.4937467046395523
2021-09-12 15:30:00,0.0,0.0266273883280909,15.063801569862514,7922.033743690587,0.041666666666666664,-0.4794891355011315
2021-09-12 16:00:00,0.0,0.1111096491418613,13.71014464032977,7213.620937752441,0.041666666666666664,-0.4627078574134827
2021-09-12 16:30:00,0.0,0.0303676006422665,8.765752958963368,4615.132394608919,0.041666666666666664,-0.4453836132222206
2021-09-12 17:00:00,0.4,3.3758057524395963e-05,7.383509852022398,3885.929800044564,0.041666666666666664,-0.4286940603662451
2021-09-12 17:30:00,0.0,0.0662198872794147,11.524996805235634,6060.163149122584,0.041666666666666664,-0.4120324189551292
2021-09-12 18:00:00,0.0,0.0157449674949532,9.531237286480264,5012.541944408085,0.04133333333333333,-0.3938042514070316
2021-09-12 18:30:00,0.0,0.0274268600670216,8.326347962567306,4384.330992218183,0.04133333333333333,-0.3732232268016254
2021-09-12 19:00:00,0.0,3.307082152973579e-05,6.738487481500217,3544.911721034208,0.04133333333333333,-0.351439246769161
2021-09-12 19:30:00,0.0,3.086287479687379e-05,5.24189882938432,2760.601936426672,0.04133333333333333,-0.3309109659223724
2021-09-12 20:00:00,0.0,0.0208769669779037,4.663304762695276,2456.74706672678,0.04133333333333333,-0.3137794397427127
2021-09-12 20:30:00,0.0,0.0279899631380069,3.69199297014624,1950.90997177652,0.04133333333333333,-0.3008440542751288
2021-09-12 21:00:00,0.0,2.9333912043817993e-05,2.7422476427927274,1453.732845751486,0.04133333333333333,-0.2916141144206542
2021-09-12 21:30:00,0.0,2.843697704639137e-05,2.3202916812579915,1230.9559940400782,0.04133333333333333,-0.2846625324544777
2021-09-12 22:00:00,0.0,2.8031900533583182e-05,1.7638864495871651,938.3146944293452,0.04133333333333333,-0.2778084689077397
2021-09-12 22:30:00,0.0,2.8623806350329834e-05,1.506099129439526,798.5623760426313,0.04133333333333333,-0.2685703691336085
2021-09-12 23:00:00,0.0,2.7554950680070244e-05,1.363545989247318,717.884998568213,0.04133333333333333,-0.2552483294363104
2021-09-12 23:30:00,0.0,2.6830936314465047e-05,1.2808189089233375,683.5184089816916,0.04133333333333333,-0.2380726263235926
2021-09-13 00:00:00,0.0,2.7482082813501057e-05,1.1103659679741549,583.3815363843968,0.04133333333333333,-0.2192809040416947
2021-09-13 00:30:00,0.0,2.6795163676127593e-05,0.9358878643504648,494.0573793441473,0.04133333333333333,-0.201729960992272
2021-09-13 01:00:00,0.0,2.6938456935766543e-05,1.0372895990411315,553.5044862369249,0.04133333333333333,-0.1870684462760536
2021-09-13 01:30:00,0.0,2.5657134418759616e-05,0.8591839152189551,454.8693270038159,0.04133333333333333,-0.1749502231013889
2021-09-13 02:00:00,0.0,2.5342352952357383e-05,0.6843854225765054,369.1762885573272,0.04133333333333333,-0.1637116590137815
2021-09-13 02:30:00,0.0,2.5168220573989084e-05,0.8597320485145921,456.4022721981129,0.04133333333333333,-0.15168568123137
2021-09-13 03:00:00,0.0,2.299012349826155e-05,0.7271869744338906,387.61593765553624,0.04133333333333333,-0.1381313873810818
2021-09-13 03:30:00,0.0,2.335725619367361e-05,0.6936605481120328,369.5881588722912,0.04133333333333333,-0.1234941233553592
2021-09-13 04:00:00,0.0,2.299012349826155e-05,0.5807104761215254,307.1779418000885,0.04133333333333333,-0.1093108624162494
2021-09-13 04:30:00,0.0,2.2461861299539943e-05,0.535453006747975,282.41656717077393,0.04133333333333333,-0.0979065568409332
2021-09-13 05:00:00,0.0,2.2461861299539943e-05,0.651316169044437,352.64923497446944,0.04133333333333333,-0.0918019816087115
2021-09-13 05:30:00,0.0,2.2329950177178775e-05,0.5927627847993283,315.3286062952467,0.04133333333333333,-0.0932280253223526
2021-09-13 06:00:00,0.0,2.1971071472423815e-05,0.5881162844110709,304.0789888457981,0.04133333333333333,-0.1045226155584107
2021-09-13 06:30:00,0.0,2.164708974293453e-05,0.4499905373755123,246.93282895126035,0.04133333333333333,-0.1287581573045672
2021-09-13 07:00:00,0.0,2.122990299606362e-05,0.6150305007739256,326.88735322200193,0.04133333333333333,-0.1685185633032535
2021-09-13 07:30:00,0.0,2.075336047500528e-05,0.4499905373755123,246.93282895126035,0.04133333333333333,-0.2226496418698063
2021-09-13 08:00:00,0.0,2.072251014379171e-05,0.6036014291614803,320.32383012253814,0.04133333333333333,-0.2846478169614619
2021-09-13 08:30:00,0.0,2.0911709180219547e-05,0.6919018396031628,364.90384250442145,0.04133333333333333,-0.3457834659849911
2021-09-13 09:00:00,0.0,2.0975061376302337e-05,1.482053414343374,786.0458978016532,0.04133333333333333,-0.400201213166648
2021-09-13 09:30:00,0.0,2.151873827361043e-05,4.185908023560607,2201.3983154127027,0.04133333333333333,-0.4466212753761299
2021-09-13 10:00:00,0.0,2.3424701532556037e-05,7.454515876874851,3910.185290870244,0.041666666666666664,-0.4860981056091624
2021-09-13 10:30:00,0.0,2.6759424810277215e-05,10.326007856110738,5426.369280598189,0.041666666666666664,-0.5198693245584173
2021-09-13 11:00:00,0.0,3.2910769402496645e-05,13.63222739719681,7162.057568590775,0.041666666666666664,-0.5492082853296075
2021-09-13 11:30:00,0.0,3.636778521064745e-05,15.623581904454843,8209.233321715821,0.041666666666666664,-0.5754449405509426
2021-09-13 12:00:00,0.0,0.1021276652598618,16.45564785123838,8642.269717087656,0.042,-0.5990942309013865
2021-09-13 12:30:00,0.0,0.0232922008590403,15.980694123233045,8397.006994640173,0.042,-0.6195700087258104
2021-09-13 13:00:00,0.0,0.1232445147380894,16.687091197719752,8772.236578654798,0.042,-0.6361339783225982
2021-09-13 13:30:00,0.0,0.1142819197439539,16.851352759717287,8843.16491385103,0.042,-0.6484643789759088
2021-09-13 14:00:00,0.0,0.1202820681748721,14.920131942326297,7845.033687858975,0.042,-0.6559547675749892
2021-09-13 14:30:00,0.0,0.0988211751607437,15.202630318566577,7990.326439133944,0.042,-0.6571077911899222
2021-09-13 15:00:00,0.0,0.0647757642703546,15.198860835793656,7983.569956797082,0.041666666666666664,-0.6502355783182037
2021-09-13 15:30:00,0.0,0.2893930900629271,14.972378598351366,7872.718073991565,0.041666666666666664,-0.6347157844015858
2021-09-13 16:00:00,0.0,0.3040367202146436,15.182346386946016,7980.978150256046,0.041666666666666664,-0.6115711119645775
2021-09-13 16:30:00,0.0,0.2195875895603643,13.540657225962033,7119.0983135302,0.041666666666666664,-0.5832494672877048
2021-09-13 17:00:00,0.0,0.2540383289076281,13.221369849082482,6955.974864755986,0.041666666666666664,-0.5532057621520524
2021-09-13 17:30:00,0.0,0.2467561846432944,12.487697341176975,6566.711425436975,0.041666666666666664,-0.5253634560304596
2021-09-13 18:00:00,0.0,0.3049965334310248,11.828002163714288,6219.724268903111,0.041666666666666664,-0.50308745156593
2021-09-13 18:30:00,0.0,0.0629971103684751,9.572938590543204,5036.924256914567,0.041666666666666664,-0.4878974398419544
2021-09-13 19:00:00,0.0,0.0586229683655064,6.896342128361438,3628.70221946936,0.041666666666666664,-0.4787604823134962
2021-09-13 19:30:00,0.0,3.666573640149513e-05,4.991784566123631,2628.9386348367434,0.041666666666666664,-0.4724589777902694
2021-09-13 20:00:00,0.0,3.424620892888093e-05,3.541739545374436,1862.0832935063672,0.04133333333333333,-0.4648797033752248
2021-09-13 20:30:00,0.0,3.515368783130449e-05,2.6057317796441177,1374.0574824582034,0.04133333333333333,-0.4528281786175731
2021-09-13 21:00:00,0.0,3.4781661707364674e-05,2.096714380496314,1104.8370026685077,0.04133333333333333,-0.4355960500043751
2021-09-13 21:30:00,0.0,3.2910769402496645e-05,1.5692357694506924,836.1132541903762,0.04133333333333333,-0.4150679038251511
2021-09-13 22:00:00,0.0,2.9523270520278577e-05,1.5135988186423566,800.5842800873629,0.04133333333333333,-0.3939804787025183
2021-09-13 22:30:00,0.0,0.0462052866658116,1.3068869500366391,687.8410442435465,0.04133333333333333,-0.3740057045930162
2021-09-13 23:00:00,0.0,0.0659536448955572,1.176792193240132,620.3259398794705,0.04133333333333333,-0.3557475456781698
2021-09-13 23:30:00,0.0,0.0434462280326416,1.2091126821983686,636.4841203495557,0.04133333333333333,-0.3402421825584825
2021-09-14 00:00:00,0.0,2.7300506301294197e-05,1.130657920151509,594.9398818461315,0.04133333333333333,-0.3294156068912746
2021-09-14 00:30:00,0.0,2.7884535497595156e-05,0.9552251894172934,502.6504613735541,0.04133333333333333,-0.3244791089717657
2021-09-14 01:00:00,0.0,0.0254999381815158,0.7892228261942875,414.6105258761557,0.04133333333333333,-0.3243234958104081
2021-09-14 01:30:00,0.0,0.0230630826375346,0.5232206009215884,277.7861619311531,0.04133333333333333,-0.3258291502723651
2021-09-14 02:00:00,0.0,0.0313035540072458,1.2085173546025152,639.6532421136351,0.041,-0.3252187544310971
2021-09-14 02:30:00,0.0,0.0307857511716288,0.5984148905434297,311.1398720033691,0.041,-0.3189402548514341
2021-09-14 03:00:00,0.0,2.541114567201921e-05,0.4209090473289893,221.4988528276293,0.041,-0.3044254170376603
2021-09-14 03:30:00,0.0,2.618656119674144e-05,0.4784971497534523,254.57072894621624,0.041,-0.2811674238192261
2021-09-14 04:00:00,0.0,2.6650985973610524e-05,0.6300293606820155,324.40762785542836,0.041,-0.2515322165306447
2021-09-14 04:30:00,0.0,2.4544708661653435e-05,0.7575056951402059,401.2794080333152,0.041,-0.2212126369400579
2021-09-14 05:00:00,0.0,2.399844920328174e-05,0.6346635975656629,335.63443705991875,0.041,-0.1992866810366119
2021-09-14 05:30:00,0.0,2.4305123741553115e-05,0.09945248099886,45.5672452884757,0.041,-0.1961933750671918
2021-09-14 06:00:00,0.0,2.315705943392293e-05,1.1200314756612846,590.0424549223071,0.041,-0.2189952810416484
2021-09-14 06:30:00,0.0,2.2857211376259688e-05,0.8243195282490987,437.20551743312,0.041,-0.2673712018231788
2021-09-14 07:00:00,0.0,2.223232956253881e-05,0.3340066742840621,182.7567692802869,0.041,-0.3340824245331006
2021-09-14 07:30:00,0.0,2.1615254675085757e-05,0.4593132261561506,252.22920292798855,0.041,-0.4088514588384022
2021-09-14 08:00:00,0.0,2.126252410024619e-05,0.8032703448716045,428.78490496212635,0.041,-0.4823554319835662
2021-09-14 08:30:00,0.0,2.1583454371428903e-05,1.446586912757954,764.3792312645807,0.041,-0.5488525251806112
2021-09-14 09:00:00,0.0,2.275789808853537e-05,2.766566689953337,1455.9910179847334,0.041,-0.6068217507432485
2021-09-14 09:30:00,0.0,2.2923596763138143e-05,7.315430552745702,3840.619107280675,0.041,-0.6572593228123551
2021-09-14 10:00:00,0.0,2.7482082813501057e-05,10.459925978626618,5496.662584019861,0.041,-0.7012926389492099
2021-09-14 10:30:00,0.0,3.239131313461301e-05,14.3066589064094,7511.624515889521,0.041,-0.7394032862538868
2021-09-14 11:00:00,0.0,0.0548050961060162,16.12539830234943,8467.555250602632,0.04133333333333333,-0.7721341430740439
2021-09-14 11:30:00,0.0,3.8822256168481984e-05,16.05684287143935,8440.134208928026,0.04133333333333333,-0.8004507118311639
2021-09-14 12:00:00,0.0,0.1202406451425209,16.193698285907367,8505.290785076708,0.04133333333333333,-0.8251836103524082
2021-09-14 12:30:00,0.0,0.2653346368065793,15.81244582747275,8306.538233521045,0.04133333333333333,-0.846231432357085
2021-09-14 13:00:00,0.0,0.3721124510120126,15.88221379044014,8353.387976014448,0.04133333333333333,-0.8621992252781856
2021-09-14 13:30:00,0.0,0.3488770661899827,13.87981380172969,7304.50768615108,0.04133333333333333,-0.8709830018997651
2021-09-14 14:00:00,0.0,0.3896754696804381,15.532931718585514,8166.446796387374,0.04133333333333333,-0.8712106568500296
2021-09-14 14:30:00,0.0,0.3443230927463205,15.538674183920762,8170.505820995863,0.04133333333333333,-0.8632410785627778
2021-09-14 15:00:00,0.0,0.1445575415251217,14.2765609717044,7513.239812972053,0.04133333333333333,-0.8487827256126825
2021-09-14 15:30:00,0.0,0.3817887694162498,14.255749957154862,7492.599823220476,0.04133333333333333,-0.8298720411830702
2021-09-14 16:00:00,0.0,0.3304386532507492,14.226573159044843,7481.368028004234,0.04133333333333333,-0.8084854163666171
2021-09-14 16:30:00,0.0,0.2357267765020732,13.525440402780744,7106.612740006091,0.04133333333333333,-0.7867994268841879
2021-09-14 17:00:00,0.0,0.2007612101048571,11.19680708891633,5880.664665969747,0.04133333333333333,-0.7671148227556217
2021-09-14 17:30:00,0.0,0.1043943087969368,8.523049758166305,4482.562570960274,0.04133333333333333,-0.7509720858440693
2021-09-14 18:00:00,0.0,0.1799963760372372,6.710868813101447,3531.8110020338395,0.04133333333333333,-0.738279809313405
2021-09-14 18:30:00,0.0,0.0595049603683273,4.94241002056256,2600.3399634869374,0.04133333333333333,-0.7275514799564204
2021-09-14 19:00:00,0.0,0.0577141277862786,3.341960057824923,1762.736504090395,0.041,-0.7171722191691398
2021-09-14 19:30:00,0.0,0.0548089618487599,2.2507640696103337,1183.8779986647755,0.041,-0.7064998172220841
2021-09-14 20:00:00,0.0,0.0761506778726876,1.7244266028170427,908.5023092717028,0.041,-0.6959858323497568
2021-09-14 20:30:00,0.0,0.0499217192985097,1.337948915707139,705.5772027148018,0.041,-0.6866651798324697
2021-09-14 21:00:00,0.0,0.0469250822406772,1.1741794438035296,617.5264328958264,0.041,-0.6796076845374959
2021-09-14 21:30:00,0.0,3.700612199468409e-05,0.8780235864873462,461.9561949505691,0.041,-0.6753885024257933
2021-09-14 22:00:00,0.0,0.0476008050987635,0.9011387922124272,476.4468128028399,0.041,-0.6736169159961782
2021-09-14 22:30:00,0.0,0.0466087467104852,0.6886590026516457,360.51938807755704,0.041,-0.6729787357521103
2021-09-14 23:00:00,0.0,3.649629532168442e-05,0.6784977881117972,357.13012964508425,0.041,-0.6720932363517904
2021-09-14 23:30:00,0.0,3.5947332179102164e-05,0.6796726022816533,360.2553903436623,0.041,-0.6706886651680617
2021-09-15 00:00:00,0.0,3.586361836441259e-05,0.5531790007301224,289.99667386318885,0.041,-0.6700699957207873
2021-09-15 00:30:00,0.0,0.0434065626525696,0.4169429410761468,215.4527857364897,0.041,-0.6723969342090862
2021-09-15 01:00:00,0.0,3.473896702563498e-05,0.5640170026195577,294.9916015930242,0.041,-0.6790496588361647
2021-09-15 01:30:00,0.0,3.536052203677899e-05,0.4861514869348149,255.19808656468865,0.041,-0.6886133004931988
2021-09-15 02:00:00,0.0,0.044756180171881,0.3290162301846545,173.6172390681442,0.041,-0.6955872590439102
2021-09-15 02:30:00,0.0,0.0753502555212309,0.4970191436862831,260.20668137949076,0.041,-0.692055507250105
2021-09-15 03:00:00,0.0,0.0771711548855864,0.4073945266291184,213.67360884434768,0.04066666666666666,-0.6730246846834528
2021-09-15 03:30:00,0.0,0.0742507209578243,0.2832790034391455,148.59271327800508,0.04066666666666666,-0.6411557977538894
2021-09-15 04:00:00,0.0,0.072054025565971,0.373372827293199,195.37255584294533,0.04066666666666666,-0.605289254918464
2021-09-15 04:30:00,0.0,0.0494400670702659,0.4080273382099694,215.27405708607017,0.04066666666666666,-0.5735754203787778
2021-09-15 05:00:00,0.0,0.0729486398818165,0.1219347595983157,59.66709398249859,0.04066666666666666,-0.5479575253832377
2021-09-15 05:30:00,0.0,0.0763595234790671,0.3276996447635564,170.3813881054904,0.04066666666666666,-0.5246256671328757
2021-09-15 06:00:00,0.0,0.0507676017667702,1.5716985013829383,825.4106507513492,0.04066666666666666,-0.4986852995240617
2021-09-15 06:30:00,0.0,0.0145044778773475,0.7752539482644087,405.2889803404911,0.04066666666666666,-0.4684694914526078
2021-09-15 07:00:00,0.0,2.437321212789204e-05,0.5863078489775809,306.56482105771244,0.04066666666666666,-0.4369450787181054
2021-09-15 07:30:00,0.0,2.3795567379061236e-05,0.2758389622707496,153.04337984722056,0.04066666666666666,-0.4103293365346436
2021-09-15 08:00:00,0.0,2.3490987901771723e-05,0.2729611573636677,145.15397152149183,0.04066666666666666,-0.3951595913826964
2021-09-15 08:30:00,0.2,2.3424701532556037e-05,0.4905090913190029,267.6014582422291,0.04066666666666666,-0.3956454887909798
2021-09-15 09:00:00,0.2,2.2362560540125316e-05,0.4867697045154739,256.78676156800185,0.04066666666666666,-0.4126903199131587
2021-09-15 09:30:00,0.4,2.0911709180219547e-05,0.3058345052440747,160.3043653464301,0.04066666666666666,-0.4442023001800335
2021-09-15 10:00:00,0.4,2.022075087988744e-05,0.2051389833853184,109.94340964845686,0.04066666666666666,-0.4855696477325715
2021-09-15 10:30:00,0.8,1.878127841754612e-05,0.1130880806976912,59.57829301552521,0.04066666666666666,-0.5301406415754685
2021-09-15 11:00:00,1.8,0.0029285944416787,-0.0515156496074656,-10.983386453870544,0.04066666666666666,-0.5702035647539128
2021-09-15 11:30:00,0.2,0.0062616096794486,0.0356678743510535,23.897515370768183,0.04066666666666666,-0.5988997532516847
2021-09-15 12:00:00,0.4,0.0122479233765523,0.1045678260103329,60.95106128712788,0.04,-0.6127551043854156
2021-09-15 12:30:00,0.0,0.0071787690564943,0.2483873592860879,128.55503041604018,0.04,-0.6131548375815712
2021-09-15 13:00:00,0.0,0.0141340312044293,2.784592623914369,1465.044833280945,0.04033333333333333,-0.6050948011363032
2021-09-15 13:30:00,0.0,0.0290940222437978,7.81073099548192,4103.489926561505,0.04033333333333333,-0.5940700879996385
2021-09-15 14:00:00,0.0,0.1070500573783266,13.128685523218593,6897.642234503214,0.04033333333333333,-0.5835848771940181
2021-09-15 14:30:00,0.0,0.1748065006131102,15.15450889115776,7955.404788792447,0.04033333333333333,-0.5742273379742538
2021-09-15 15:00:00,0.0,0.2722510580693502,15.015741224002502,7896.478643724164,0.04,-0.5639062082897262
2021-09-15 15:30:00,0.0,0.0612431429764943,10.254286357308793,5398.5490838548285,0.04,-0.549527000440064
2021-09-15 16:00:00,0.0,0.0764154189208095,8.208159435880827,4318.364968729061,0.04,-0.5297586351357826
2021-09-15 16:30:00,0.0,0.0293580023644909,7.81871332852408,4109.9925045159225,0.04,-0.506470216183183
2021-09-15 17:00:00,0.0,0.0342912191115633,7.50530655765221,3955.173653136844,0.03966666666666666,-0.4833459002960026
2021-09-15 17:30:00,0.0,0.0288025662729041,6.55067769085285,3446.51095786204,0.03966666666666666,-0.4633797678848985
2021-09-15 18:00:00,0.0,0.0411859125778638,5.965219578655544,3136.589864006688,0.04,-0.4475933020043635
2021-09-15 18:30:00,0.0,0.0375655358633115,5.4482979002338165,2870.6743983937795,0.04,-0.4350367708422031
2021-09-15 19:00:00,0.0,0.0239010485484379,3.8227149436130254,2015.3291214904305,0.04,-0.4233173156748865
2021-09-15 19:30:00,0.0,2.275789808853537e-05,3.119129993541833,1643.5758171258426,0.04,-0.4098150919049284
2021-09-15 20:00:00,0.0,0.0283968587779801,2.630424966117089,1381.067957905588,0.04,-0.3933638798006152
2021-09-15 20:30:00,0.0,2.1971071472423815e-05,2.197920988344611,1161.526717733422,0.04,-0.3749301741660948
2021-09-15 21:00:00,0.0,0.0184892817493274,1.7326489439530544,911.925691480732,0.04,-0.356658702767868
2021-09-15 21:30:00,0.0,0.0306309357570161,1.517943077891553,796.913422596375,0.04,-0.3404790499786515
2021-09-15 22:00:00,0.0,2.3626584162443343e-05,1.2271298550600402,646.6359401959714,0.04,-0.3273896202773732
2021-09-15 22:30:00,0.0,2.2004533985472384e-05,1.1513362423840197,607.9273564224244,0.04,-0.3173426358798019
2021-09-15 23:00:00,0.0,1.975561857669765e-05,0.9444452078557782,502.4526676644988,0.04,-0.3094330832707903
2021-09-15 23:30:00,0.0,2.009530026817553e-05,0.6997988494168599,370.513865016099,0.04,-0.3023767910670702
2021-09-16 00:00:00,0.0,1.827241332264384e-05,0.6846641050419322,358.0721369907394,0.04,-0.29502671539709
2021-09-16 00:30:00,0.0,0.013261241912798,0.5957562874579752,311.9192147270345,0.04,-0.286765176227192
2021-09-16 01:00:00,0.0,1.857077609191727e-05,0.5071127773399442,267.16953897868444,0.04,-0.2777694549851642
2021-09-16 01:30:00,0.0,1.869115537551585e-05,0.3720254709259644,195.7761707089267,0.04,-0.2687684950549969
2021-09-16 02:00:00,0.0,1.8510808411829375e-05,0.5071127773399442,267.16953897868444,0.04033333333333333,-0.2601374300325476
2021-09-16 02:30:00,0.0,0.0123250527455151,0.5734774890433263,300.3539946940404,0.04033333333333333,-0.2511745451109852
2021-09-16 03:00:00,0.0,1.836207632996774e-05,0.4301655773842224,230.40546251481905,0.04033333333333333,-0.2404127204397604
2021-09-16 03:30:00,0.0,1.8184159407586825e-05,0.3454613315479554,174.33583957635554,0.04033333333333333,-0.2268111933116131
2021-09-16 04:00:00,0.0,1.8213182570763337e-05,0.4393656826109106,230.73412188589904,0.04033333333333333,-0.2111970741699519
2021-09-16 04:30:00,0.0,1.7625775123521336e-05,0.3616816416900025,192.3178446578825,0.04033333333333333,-0.1972029401947347
2021-09-16 05:00:00,0.0,1.794792707733554e-05,0.2813114118999663,147.4052735012991,0.04033333333333333,-0.1908144075736728
2021-09-16 05:30:00,0.0,1.7683537593236434e-05,0.1661807032849768,83.77648685060247,0.04033333333333333,-0.1981305119299287
2021-09-16 06:00:00,0.0,1.7364006490877123e-05,0.4853284158827729,257.12974453786137,0.04033333333333333,-0.2225651747879095
2021-09-16 06:30:00,0.0,1.7393058651800557e-05,0.1921257842327474,103.6678340650442,0.04033333333333333,-0.2635490739565067
2021-09-16 07:00:00,0.0,1.6646770254289465e-05,0.1921257842327474,103.6678340650442,0.04033333333333333,-0.3172286401355804
2021-09-16 07:30:00,0.0,1.6055878204893987e-05,-0.0936398264777165,-46.61945009204785,0.04033333333333333,-0.3777267138113959
2021-09-16 08:00:00,0.0,1.6704056501194156e-05,-0.0395298403211402,-24.357960516571044,0.04033333333333333,-0.4382259099279151
2021-09-16 08:30:00,0.0,1.6646770254289465e-05,0.2174973504508126,123.24842091383258,0.04033333333333333,-0.4925532758451935
2021-09-16 09:00:00,0.0,1.7364006490877123e-05,1.3556603170088188,715.5472404412983,0.03966666666666667,-0.5370135764795398
2021-09-16 09:30:00,0.0,1.893147890701779e-05,4.96484803499385,2605.35458798083,0.03966666666666667,-0.5711177562587643
2021-09-16 10:00:00,0.0,0.0296293995288972,7.857161548325971,4131.726651724061,0.04,-0.5968495258800901
2021-09-16 10:30:00,0.0,0.0589031103658059,10.198529731292515,5366.107767805484,0.04,-0.6172605320215592
2021-09-16 11:00:00,0.0,0.0656911049119,12.198904959899789,6414.418544801056,0.04,-0.6349591743855896
2021-09-16 11:30:00,0.0,0.042828788181997,12.876833119387989,6772.964180960653,0.04,-0.6509960375846817
2021-09-16 12:00:00,0.0,0.0991283507612529,14.104853932834086,7416.7139951951,0.04,-0.6650224167237753
2021-09-16 12:30:00,0.0,0.1299172117400955,13.20087395706588,6936.140194373045,0.04,-0.6766792615607266
2021-09-16 13:00:00,0.0,0.2371426749146234,13.137968710127064,6904.083659262316,0.04,-0.6865075271322302
2021-09-16 13:30:00,0.0,0.1379271642826336,13.23669110811408,6964.857123002611,0.04,-0.6951127740673474
2021-09-16 14:00:00,0.0,0.1480011832216756,11.802191963240416,6206.87087455391,0.04,-0.701655264986595
2021-09-16 14:30:00,0.0,0.1521048966836979,11.58316781231013,6093.035997883794,0.04,-0.7034892437319391
2021-09-16 15:00:00,0.0,0.1709117941541085,11.897570068690912,6267.607367404253,0.04,-0.6972329415540611
2021-09-16 15:30:00,0.0,0.250507281527057,11.751342008799554,6180.2212501147915,0.04,-0.680476074727373
2021-09-16 16:00:00,0.0,0.2642819757315734,11.169555001330403,5878.799303245516,0.04,-0.6536121196217173
2021-09-16 16:30:00,0.0,0.2371182719536881,10.24312659617059,5392.613327970537,0.04,-0.6207238822980595
2021-09-16 17:00:00,0.0,0.1806411395602475,9.757333654316165,5136.156685144158,0.03966666666666667,-0.5878963891682705
2021-09-16 17:30:00,0.0,0.182307233283912,9.007543087289816,4742.29990168747,0.03966666666666667,-0.5593962203714993
2021-09-16 18:00:00,0.0,0.0760720049066852,8.171573484381419,4300.805733651698,0.03966666666666667,-0.5352695426723351
2021-09-16 18:30:00,0.0,0.0659087606337333,7.1461988038206234,3759.399236003675,0.03966666666666667,-0.5131067722635761
2021-09-16 19:00:00,0.0,0.0608566298015186,5.399831660896657,2843.627515608131,0.03966666666666667,-0.4919788543249005
2021-09-16 19:30:00,0.0,2.600969466871188e-05,3.5932500292301937,1885.560437011682,0.03966666666666667,-0.4740165983689228
2021-09-16 20:00:00,0.0,0.0387076375866953,2.629306764032887,1384.8474751889678,0.03966666666666667,-0.4620930487347661
2021-09-16 20:30:00,0.0,2.2923596763138143e-05,2.028310599983244,1073.35494622435,0.03966666666666667,-0.4562984468187329
2021-09-16 21:00:00,0.0,2.2362560540125316e-05,1.6340511162736644,858.7348228802031,0.03933333333333334,-0.4529089086237851
2021-09-16 21:30:00,0.0,2.579746768048764e-05,1.3772220167868516,726.7310111485187,0.03933333333333334,-0.4470663009916563
2021-09-16 22:00:00,0.0,2.1809250752999217e-05,1.1060877440033594,585.47822855894,0.03933333333333334,-0.4366510557154834
2021-09-16 22:30:00,0.0,2.062780123516919e-05,0.9189248517585478,485.27927110986457,0.03933333333333334,-0.4234907539789531
2021-09-16 23:00:00,0.0,2.110339745933009e-05,0.6510598129983555,339.998427802707,0.03933333333333334,-0.4112000089576914
2021-09-16 23:30:00,0.0,2.475219446351143e-05,0.4640399881099203,248.61855629388216,0.03933333333333334,-0.4026085023832179
2021-09-17 00:00:00,0.0,0.0398157165046427,0.6165611683656582,323.79650432362286,0.03933333333333334,-0.3987754134243218
2021-09-17 00:30:00,0.0,0.0401228186028199,0.8051779317483505,422.3143668356118,0.03933333333333334,-0.3987835697824539
2021-09-17 01:00:00,0.0,2.3626584162443343e-05,0.7949313366611117,418.8736706549057,0.03966666666666667,-0.3999857574992503
2021-09-17 01:30:00,0.0,2.1550467758537072e-05,0.4815365473842324,251.18167469505576,0.03966666666666667,-0.3994394639903539
2021-09-17 02:00:00,0.0,2.0533416771586302e-05,0.5370976195756942,279.3921288905864,0.03966666666666667,-0.3956556605005809
2021-09-17 02:30:00,0.0,2.0785433699432163e-05,0.4341338033512815,221.49306633505836,0.03966666666666667,-0.3889785487340082
2021-09-17 03:00:00,0.0,2.0690509585885414e-05,0.4285849720971842,230.6818158831239,0.03966666666666667,-0.3807468051633774
2021-09-17 03:30:00,0.0,2.5236673719742934e-05,0.3912517261581411,203.04010362449785,0.03966666666666667,-0.3725149581194407
2021-09-17 04:00:00,0.0,0.0373602789813938,0.1202084564875963,62.31722897645252,0.03966666666666667,-0.3659615430837541
2021-09-17 04:30:00,0.0,0.032959964366458,0.4706496809178178,246.1642266673785,0.03966666666666667,-0.3634456641907601
2021-09-17 05:00:00,0.0,0.0232346535341475,0.3912517261581411,203.04010362449785,0.03966666666666667,-0.3687032758902168
2021-09-17 05:30:00,0.0,2.0033951075235626e-05,0.3906061764486047,201.43241743979996,0.03966666666666667,-0.3863928378375879
2021-09-17 06:00:00,0.0,1.9878321150995864e-05,0.2121466779772876,112.61548699592764,0.03966666666666667,-0.4197727786303317
2021-09-17 06:30:00,0.0,2.0033951075235626e-05,0.1901003039359159,102.4549383851257,0.03966666666666667,-0.4681526881608499
2021-09-17 07:00:00,0.0,1.9693911247200987e-05,0.4015030050620833,206.4544567385552,0.03966666666666667,-0.526654256152862
2021-09-17 07:30:00,0.0,1.9693911247200987e-05,0.0740688954086012,37.07195873750587,0.03966666666666667,-0.5884261753450488
2021-09-17 08:00:00,0.0,1.963234950156774e-05,0.2554639845009133,131.26135203260506,0.03966666666666667,-0.6473045880408234
2021-09-17 08:30:00,0.0,2.0880683040757896e-05,1.7170083789736004,901.5276379562944,0.03966666666666667,-0.6993907671386252
2021-09-17 09:00:00,0.0,2.2593081150686816e-05,4.184107680294412,2189.7698352098955,0.03966666666666667,-0.7433442060732306
2021-09-17 09:30:00,0.0,0.0008905799659398,7.178134690452838,3772.504963687255,0.03966666666666667,-0.7798443173237569
2021-09-17 10:00:00,0.0,0.0017363402260612,10.941217693637586,5745.480534281962,0.03966666666666667,-0.8108007175809188
2021-09-17 10:30:00,0.0,0.0925310019543471,12.697187082466607,6679.216169926983,0.03966666666666667,-0.8384930640296124
2021-09-17 11:00:00,0.0,0.0943065325160149,14.021448377425347,7370.658432571831,0.03966666666666667,-0.8645706256445668
2021-09-17 11:30:00,0.0,0.1751876783073738,13.983961556945465,7345.949553882356,0.03966666666666667,-0.8892633453874623
2021-09-17 12:00:00,0.0,0.2601049892713847,14.12320787278032,7422.741492746801,0.04,-0.9114179738405592
2021-09-17 12:30:00,0.0,0.1906917989417452,13.421524738088143,7057.464019496634,0.04,-0.929328117279811
2021-09-17 13:00:00,0.0,0.1852222054295122,11.758620123380986,6176.2788301433575,0.03966666666666667,-0.941541249623286
2021-09-17 13:30:00,0.0,0.2348175681211955,10.83536948164087,5692.530924368185,0.03966666666666667,-0.9470232103229788
2021-09-17 14:00:00,0.0,0.2389460275857311,10.916829813771052,5737.567282151792,0.03966666666666667,-0.9450108059895254
2021-09-17 14:30:00,0.0,0.2545160684758733,11.97235382087533,6295.633685502319,0.03966666666666667,-0.9352424670841328
2021-09-17 15:00:00,0.0,0.1875972580223658,12.030264736886627,6325.50919787738,0.03966666666666667,-0.9187223543314608
2021-09-17 15:30:00,0.0,0.2398719768052162,11.432585024668768,6014.687189114472,0.03966666666666667,-0.8983568788134735
2021-09-17 16:00:00,0.0,0.2115339479888882,10.348433710514588,5443.742932783263,0.03966666666666667,-0.8785888878772894
