Date,Rain,PET,SV,SF_complete,Soil_moisture,PSY
2022-05-26 00:00:00,0.0,2.929735908506126e-05,1.5331955458857005,113.48088334337932,0.061,-1.0020300990593978
2022-05-26 00:30:00,0.0,2.8031900533583182e-05,1.359923265664501,100.65597560660122,0.061,-0.9638042798111756
2022-05-26 01:00:00,0.0,2.608118062092133e-05,1.4948187899422525,110.64039233360408,0.062,
2022-05-26 01:30:00,0.0,2.711977650685282e-05,0.969421624808655,71.75263625743766,0.062,
2022-05-26 02:00:00,0.0,2.6507359011527425e-05,1.08737951233382,80.48339816813828,0.0625,
2022-05-26 02:30:00,0.0,0.0296213798608195,1.1460961500821956,84.82936430175995,0.0625,
2022-05-26 03:00:00,0.0,2.6044719324839073e-05,0.9101772665979766,67.3676104067556,0.0625,
2022-05-26 03:30:00,0.0,0.0310193826805138,0.850753862352673,62.96933229857586,0.0625,
2022-05-26 04:00:00,0.0,0.0273643770258369,0.8705816561951727,64.43690475926772,0.062,
2022-05-26 04:30:00,0.0,2.5586480963000708e-05,0.8705816561951727,64.43690475926772,0.062,
2022-05-26 05:00:00,0.0,0.0380328398760419,0.8705816561951727,64.43690475926772,0.0625,
2022-05-26 05:30:00,0.0,0.056548023385088,1.1265432157211253,83.382135819259,0.0625,-0.5815460873289531
2022-05-26 06:00:00,0.0,0.0639758496537316,1.3018330019506208,96.35637112523492,0.062,-0.5433202680807309
2022-05-26 06:30:00,0.0,0.0353134399529415,1.5523567161522185,114.89911504485562,0.062,-0.5050944488325086
2022-05-26 07:00:00,0.0,0.0274786826179446,1.8753736508139485,138.8075115821728,0.0615,-0.4668686295842864
2022-05-26 07:30:00,0.0,2.5376732589395176e-05,1.7049999098920796,126.1971419067504,0.0615,-0.4286428103360641
2022-05-26 08:00:00,0.0,2.4613281801622063e-05,1.7049999098920796,126.1971419067504,0.0615,-0.477342406232871
2022-05-26 08:30:00,0.0,0.0213071180909459,1.647892561959538,121.9702888440911,0.0615,-0.5738955917468237
2022-05-26 09:00:00,0.0,0.0386786787715378,1.7998262730015604,133.21580268931058,0.0615,-0.7169376533140458
2022-05-26 09:30:00,0.0,0.0436151066751185,2.119016160329422,156.84093678615838,0.0615,-0.8910298761839962
2022-05-26 10:00:00,0.0,0.0092628505063974,2.7613072910152043,204.38070760628196,0.0615,-1.0750609207855302
2022-05-26 10:30:00,0.0,0.0518171219556274,2.9592694982177936,219.03306307537989,0.0615,-1.2565079721066046
2022-05-26 11:00:00,0.0,0.0564533248929076,2.9356074686535245,217.2816961190539,0.0615,-1.442003672330412
2022-05-26 11:30:00,0.0,0.0115987568063164,2.9119454390892554,215.5303291627279,0.0615,-1.656027838075996
2022-05-26 12:00:00,0.0,0.0145299026483265,2.8882834095249863,213.7789622064019,0.0605,-1.9307179212941303
2022-05-26 12:30:00,0.0,0.0158161091866496,2.864621379960717,212.0275952500759,0.0605,-2.291153558889439
2022-05-26 13:00:00,0.0,0.1240531105550832,2.840959350396448,210.2762282937499,0.0595,-2.732334019744707
2022-05-26 13:30:00,0.0,0.216406793393019,2.817297320832179,208.5248613374239,0.0595,-3.18984774651798
2022-05-26 14:00:00,0.0,0.4796583260835476,2.79363529126791,206.77349438109792,0.059,-3.53399829144381
2022-05-26 14:30:00,0.0,0.3667651198219135,2.7699732617036408,205.02212742477192,0.059,-3.6247897832179494
2022-05-26 15:00:00,0.0,0.3377221603863259,2.7463112321393717,203.27076046844593,0.057999999999999996,-3.408666531240945
2022-05-26 15:30:00,0.0,0.341523248640125,2.7226492025751026,201.51939351211993,0.057999999999999996,-2.966702366236924
2022-05-26 16:00:00,0.0,0.3379718284146217,,489.115,0.056,-2.453710797090411
2022-05-26 16:30:00,0.0,0.3340798385987484,,487.313,0.056,-1.9859767203895815
2022-05-26 17:00:00,0.0,0.2824463797263982,,409.786,0.054,-1.5897427229352428
2022-05-26 17:30:00,0.0,0.2711360073077685,,413.08,0.054,-1.2442443939109424
2022-05-26 18:00:00,0.0,0.1145041673585993,,399.962,0.0535,-0.9478181086810658
2022-05-26 18:30:00,0.0,0.1143914455008043,,367.34,0.0535,-0.7275549443380395
2022-05-26 19:00:00,0.0,0.1056443265368425,,329.733,0.053,-0.5965792947156895
2022-05-26 19:30:00,0.0,0.1092699070925446,,283.741,0.053,-0.7243591642056858
2022-05-26 20:00:00,0.0,0.0970213559278305,,286.838,0.053,-0.8521390336956821
2022-05-26 20:30:00,0.0,0.0072882045240159,,273.531,0.053,-0.9799189031856784
2022-05-26 21:00:00,0.0,3.367603199451579e-05,,229.895,0.053,-1.1076987726756746
2022-05-26 21:30:00,0.0,0.053323695264884,,222.104,0.053,-1.235478642165671
2022-05-26 22:00:00,0.0,0.0513710288655096,2.4150428182396046,178.751623079882,0.052,-1.3632585116556672
2022-05-26 22:30:00,0.0,0.0466023315612096,1.9318532453580748,142.98790089842325,0.052,-1.4910383811456636
2022-05-26 23:00:00,0.0,0.0442871898105668,1.5523567161522185,114.89911504485562,0.0525,-0.6052447579716249
2022-05-26 23:30:00,0.0,2.9333912043817993e-05,1.359923265664501,100.65597560660122,0.0525,-0.6365939241964262
2022-05-27 00:00:00,0.0,2.9146910777830966e-05,0.9683310814161488,71.67191868175856,0.054,-0.6679430904212275
2022-05-27 00:30:00,0.0,2.9221308170873098e-05,0.9090281008631442,67.28255384430558,0.054,-0.6992922566460287
2022-05-27 01:00:00,0.0,2.8697275808784963e-05,0.8892206504625932,65.8164871222449,0.055,
2022-05-27 01:30:00,0.0,2.8363972230347037e-05,0.809790316656134,59.93737765782928,0.055,
2022-05-27 02:00:00,0.0,2.8252483396265985e-05,0.7898823010416065,58.463867508642615,0.055,
2022-05-27 02:30:00,0.0,2.9448342935363005e-05,0.6900366060231647,51.07369624240603,0.055,
2022-05-27 03:00:00,0.0,2.877237961025713e-05,0.5896759220649719,43.64540759450091,0.055,
2022-05-27 03:30:00,0.0,2.7518499793196832e-05,0.6170100026740571,45.66856479791309,0.055,
2022-05-27 04:00:00,0.0,2.7554950680070244e-05,0.6443440832831423,47.691722001325275,0.055,
2022-05-27 04:30:00,0.0,2.668662221553466e-05,0.6716781638922276,49.71487920473746,0.055,
2022-05-27 05:00:00,0.0,2.5833681681635627e-05,0.6990122445013128,51.73803640814964,0.055,
2022-05-27 05:30:00,0.0,2.5833681681635627e-05,0.726346325110398,53.76119361156182,0.055,
2022-05-27 06:00:00,0.0,2.5481452105946365e-05,0.7536804057194832,55.784350814974005,0.0545,
2022-05-27 06:30:00,0.0,2.5586480963000708e-05,0.7810144863285685,57.80750801838619,0.0545,-1.0754822513436435
2022-05-27 07:00:00,0.0,2.6795163676127593e-05,0.8083485669376538,59.83066522179837,0.054,-1.1068314175684448
2022-05-27 07:30:00,0.0,2.7884535497595156e-05,0.8356826475467389,61.853822425210545,0.054,-1.1381805837932462
2022-05-27 08:00:00,0.0,2.814130076513904e-05,0.8630167281558242,63.87697962862273,0.054,-1.1695297500180473
2022-05-27 08:30:00,0.0,2.9183333930494853e-05,,41.302,0.054,-1.2008789162428486
2022-05-27 09:00:00,0.0,3.125105186669438e-05,,69.781,0.054,-1.61881825063566
2022-05-27 09:30:00,0.0,0.030396569925515,,169.271,0.054,-2.0986981430671627
2022-05-27 10:00:00,0.0,0.061527930498861,,246.028,0.0545,-2.609937443251895
2022-05-27 10:30:00,0.0,0.1721578487832274,,344.502,0.0545,-3.067130445831018
2022-05-27 11:00:00,0.0,0.2999075579591707,,420.484,0.0535,-3.345856423581837
2022-05-27 11:30:00,0.0,0.3481372790003695,,484.224,0.0535,-3.354767871819099
2022-05-27 12:00:00,0.0,0.3546538461806997,,467.662,0.0525,-3.106649387422501
2022-05-27 12:30:00,0.0,0.3051991316222033,,488.646,0.0525,-2.7150391045042275
2022-05-27 13:00:00,0.0,0.294788427837132,,506.614,0.0515,-2.315223825522011
2022-05-27 13:30:00,0.0,0.3102469710389374,,467.653,0.0515,-1.9829835867258003
2022-05-27 14:00:00,0.0,0.1615174238256921,,460.233,0.050499999999999996,-1.7218136141266076
2022-05-27 14:30:00,0.0,0.1585102800985783,,394.69,0.050499999999999996,-1.5148877969859091
2022-05-27 15:00:00,0.0,0.1283965113480917,,405.018,0.049499999999999995,-1.3713355566737284
2022-05-27 15:30:00,0.0,0.1941782428524293,,378.311,0.049499999999999995,-1.3134051690132416
2022-05-27 16:00:00,0.0,0.1611460527310565,,429.125,0.049499999999999995,-1.3291665945493254
2022-05-27 16:30:00,0.0,0.0963178397500886,,403.283,0.049499999999999995,-1.3546971469539433
2022-05-27 17:00:00,0.0,0.1845573970644239,,420.055,0.049999999999999996,-1.309605991013206
2022-05-27 17:30:00,0.0,0.1802083622636783,,388.77,0.049999999999999996,-1.3212798180927563
2022-05-27 18:00:00,0.0,0.0678141416932228,,295.006,0.048999999999999995,-1.3329536451723067
2022-05-27 18:30:00,0.0,0.0370929679963419,,296.028,0.048999999999999995,-1.3446274722518572
2022-05-27 19:00:00,0.8,0.0202011222706979,,201.604,0.0485,-1.3563012993314074
2022-05-27 19:30:00,0.2,0.0129653391793066,,139.198,0.0485,
2022-05-27 20:00:00,0.0,0.0337867705944531,,120.71,0.048,
2022-05-27 20:30:00,0.0,8.6643029316485e-05,,120.895,0.048,
2022-05-27 21:00:00,0.0,0.0201323359311413,,145.332,0.056,-1.4029966076496088
2022-05-27 21:30:00,0.0,0.018645240760313,,145.006,0.056,-1.414670434729159
2022-05-27 22:00:00,0.0,0.0190637821624029,1.6283709852102106,120.52538132416385,0.0565,-1.4263442618087094
2022-05-27 22:30:00,0.0,2.5691819406944564e-05,1.5709947773636614,116.27862834683349,0.0565,-1.43801808888826
2022-05-27 23:00:00,0.0,2.7701093423267577e-05,1.223275801594346,90.54188743896582,0.0555,-1.0993344492247326
2022-05-27 23:30:00,0.0,0.0503725852016306,1.436482687164596,106.32259184704296,0.0555,-0.9977899822066164
2022-05-28 00:00:00,0.0,0.0473836632979263,1.5320936310145683,113.3993240972148,0.0545,-0.8962455151885005
2022-05-28 00:30:00,0.0,0.0317773609305613,1.4165220580600837,104.84518746183711,0.0545,-0.7947010481703844
2022-05-28 01:00:00,0.0,0.0175451622057724,1.3002841221210872,96.24172935516204,0.052,
2022-05-28 01:30:00,0.0,0.0315522640460218,1.1833681173170534,87.58808335563886,0.052,
2022-05-28 02:00:00,0.0,0.0382787914490612,1.1050415037747583,81.7906667652193,0.051,-0.4900676471160364
2022-05-28 02:30:00,0.0,0.0235679719353888,1.2419116206360707,91.92123478468262,0.051,-0.3885231800979204
2022-05-28 03:00:00,0.0,0.0186810833325126,1.1050415037747583,81.7906667652193,0.051,-0.2869787130798044
2022-05-28 03:30:00,0.0,0.0277323727987677,1.0460931070992097,77.42754678070827,0.051,-0.1854342460616883
2022-05-28 04:00:00,0.0,2.3123601439819645e-05,0.7885949501267615,58.36858304256029,0.050499999999999996,-0.0838897790435723
2022-05-28 04:30:00,0.0,0.0293091222680695,0.5276595845215954,39.05521113519799,0.050499999999999996,-0.0906126152782267
2022-05-28 05:00:00,0.0,0.0430326637101843,0.7885949501267615,58.36858304256029,0.049999999999999996,-0.1115612799614571
2022-05-28 05:30:00,0.0,0.026930819297841,0.7686467322207615,56.89209728366685,0.049999999999999996,-0.1399122378184414
2022-05-28 06:00:00,0.0,0.0302179331591458,0.9078593325188734,67.19604637662636,0.049999999999999996,-0.1695250515201203
2022-05-28 06:30:00,0.0,0.021651215538734,0.8284304411487176,61.317043675464994,0.049999999999999996,-0.2062235562182247
2022-05-28 07:00:00,0.0,0.023811723774356,0.8483178352295984,62.7890275028068,0.049499999999999995,-0.2754087365857293
2022-05-28 07:30:00,0.0,2.075336047500528e-05,0.8085228329018728,59.843563677973336,0.049499999999999995,-0.4159187087056749
2022-05-28 08:00:00,0.0,0.0257524810185921,1.261388047449684,93.3628004904483,0.049499999999999995,-0.6593470337528397
2022-05-28 08:30:00,0.0,0.0346564012552645,1.2960073471276756,95.9251799069096,0.049499999999999995,-1.011034710110008
2022-05-28 09:00:00,0.0,0.038179788723371,1.3306266468056676,98.4875593233709,0.049499999999999995,-1.44969191596781
2022-05-28 09:30:00,0.0,0.0402037897801937,1.3652459464836593,101.0499387398322,0.049499999999999995,-1.9392643857146723
2022-05-28 10:00:00,0.0,0.0414852643380569,1.3998652461616512,103.61231815629353,0.049499999999999995,-2.4307297119579485
2022-05-28 10:30:00,0.0,0.0609474573784897,1.434484545839643,106.17469757275484,0.049499999999999995,-2.851542515245493
2022-05-28 11:00:00,0.0,0.2248683321152876,1.4691038455176348,108.73707698921616,0.0465,-3.1100578228849955
2022-05-28 11:30:00,0.0,0.2914104360941066,1.5037231451956266,111.29945640567745,0.0465,-3.133476740928469
2022-05-28 12:00:00,0.0,0.3121544104875912,1.5383424448736185,113.86183582213876,0.047,-2.915486864381695
2022-05-28 12:30:00,0.0,0.3286336750438057,1.5729617445516102,116.42421523860008,0.047,-2.5319827921840883
2022-05-28 13:00:00,0.0,0.3751223706986503,1.607581044229602,118.98659465506135,0.0465,-2.111491141070943
2022-05-28 13:30:00,0.0,0.3662428927681567,,493.831,0.0465,-1.780403400716294
2022-05-28 14:00:00,0.0,0.2538146162132131,,455.905,0.045000000000000005,-1.6106058334040698
2022-05-28 14:30:00,0.0,0.3084868475352611,,458.013,0.045000000000000005,-1.594054771764048
2022-05-28 15:00:00,0.0,0.29124996313421,,491.602,0.043000000000000003,-1.660012313052261
2022-05-28 15:30:00,0.0,0.2548403490513825,,478.556,0.043000000000000003,-1.724824001646163
2022-05-28 16:00:00,0.0,0.2814304390489294,,423.636,0.042,-1.7387814817868563
2022-05-28 16:30:00,0.0,0.3009981032973132,,469.449,0.042,-1.6982073713370935
2022-05-28 17:00:00,0.0,0.2275708442902891,,410.84,0.041,-1.6200110464637645
2022-05-28 17:30:00,0.0,0.1578374334758204,,370.289,0.041,-1.508097930911202
2022-05-28 18:00:00,0.0,0.2917500418308226,,441.692,0.04,-1.462864327030145
2022-05-28 18:30:00,0.0,0.2274636056045205,,412.71,0.04,-1.417630723149088
2022-05-28 19:00:00,0.0,0.1908614506503518,,460.533,0.039,-1.3723971192680309
2022-05-28 19:30:00,0.0,0.1856935285656112,,410.753,0.039,-1.3271635153869736
2022-05-28 20:00:00,0.0,0.0822572835170862,,370.437,0.039,
2022-05-28 20:30:00,0.0,0.0416860466742578,,314.019,0.039,
2022-05-28 21:00:00,0.0,0.0375467335242241,,265.635,0.0385,-1.191462703743802
2022-05-28 21:30:00,0.0,0.0450339359771462,,202.847,0.0385,-1.146229099862745
2022-05-28 22:00:00,0.0,0.0482188084884296,2.2307284384334545,165.10942415136492,0.0375,-1.1009954959816877
2022-05-28 22:30:00,0.0,0.0455558785522215,1.5896331158899757,117.65816217452746,0.0375,-1.0557618921006309
2022-05-28 23:00:00,0.0,0.0426740159243164,1.2808455295631709,94.8029639867497,0.038,-1.001560764574256
2022-05-28 23:30:00,0.0,0.0414053356020387,0.9869686176487812,73.05139312694524,0.038,-0.9920868190385036
2022-05-29 00:00:00,0.0,0.0439377653085392,0.7473309464387663,55.314389726277824,0.039,-0.9826128735027516
2022-05-29 00:30:00,0.0,0.0412995237834678,0.6470791954979704,47.894163856191646,0.039,-0.9731389279669992
2022-05-29 01:00:00,0.0,0.0399074796616767,0.4653097081012905,34.44032748809,0.0385,
2022-05-29 01:30:00,0.0,0.0238119531895381,0.5260896731327679,38.939012694853545,0.0385,
2022-05-29 02:00:00,0.0,2.1809250752999217e-05,0.2613099363552991,19.341096107131698,0.039,
2022-05-29 02:30:00,0.0,2.252740087865609e-05,0.1790964716107023,13.255990637726596,0.039,
2022-05-29 03:00:00,0.0,2.148704350693933e-05,0.2407898093735494,17.82227997017113,0.039,
2022-05-29 03:30:00,0.0,2.1550467758537072e-05,0.1172022607247806,8.674833495688157,0.039,
2022-05-29 04:00:00,0.0,2.1326666625175544e-05,0.0965258964647772,7.1444533123833525,0.039,
2022-05-29 04:30:00,0.0,2.1906731267520072e-05,0.0343609453508714,2.54325708249949,0.039,
2022-05-29 05:00:00,0.0,2.164708974293453e-05,-0.0071962746086648,-0.5326389067358379,0.039,
2022-05-29 05:30:00,0.0,2.1841297402105628e-05,0.0758269358853483,5.612400641641709,0.039,
2022-05-29 06:00:00,0.0,2.299012349826155e-05,-0.0071962746086648,-0.5326389067358379,0.039,
2022-05-29 06:30:00,0.0,2.3224081724526502e-05,-0.0280092730629002,-2.0731321960289573,0.039,-0.8594515815379729
2022-05-29 07:00:00,0.0,0.0005333492405468,0.0965258964647772,7.1444533123833525,0.039,-0.8499776360022206
2022-05-29 07:30:00,0.0,0.0005830281973317,0.6068332648763621,44.915324157516345,0.039,-0.8405036904664684
2022-05-29 08:00:00,0.0,0.0059912923364613,1.221537556654566,90.41322963548944,0.039,-0.8310297449307162
2022-05-29 08:30:00,0.0,0.0060476081558626,1.7609235738050364,130.3363835042561,0.039,-0.821555799394964
2022-05-29 09:00:00,0.0,0.0045871732479421,1.9313107758791697,142.9477495192869,0.039,-1.0105282882195734
2022-05-29 09:30:00,0.0,0.0047654686134342,2.2122161736503574,163.73922178813095,0.039,-1.1611294070238365
2022-05-29 10:00:00,0.0,0.0759205659471107,2.5077691126306396,185.614845338054,0.039,-1.269785493091338
2022-05-29 10:30:00,0.0,0.0775148668977242,2.425199135984895,179.50335231125396,0.039,-1.3368332223159065
2022-05-29 11:00:00,0.0,0.1235571241079695,2.3426291593391504,173.39185928445394,0.0385,-1.3681810523185378
2022-05-29 11:30:00,0.0,0.1658886133383174,2.2600591826934058,167.28036625765392,0.0385,-1.38497345552255
2022-05-29 12:00:00,0.0,0.1306027219931431,2.177489206047661,161.1688732308539,0.038,-1.4189233154863363
2022-05-29 12:30:00,0.0,0.1366493879061029,2.0949192294019165,155.05738020405389,0.038,-1.485845382164123
2022-05-29 13:00:00,0.0,0.0645098807537209,2.0123492527561715,148.9458871772539,0.0375,-1.5657415463776518
2022-05-29 13:30:00,0.0,0.128143284711269,1.929779276110427,142.83439415045385,0.0375,-1.6197975644904548
2022-05-29 14:00:00,0.0,0.0937040007458118,1.8472092994646825,136.72290112365383,0.0365,-1.6305976080242908
2022-05-29 14:30:00,0.0,0.1516654786776452,1.7646393228189377,130.6114080968538,0.0365,-1.6183462023779926
2022-05-29 15:00:00,0.0,0.1823998178057851,1.682069346173193,124.4999150700538,0.036000000000000004,-1.6114092484148663
2022-05-29 15:30:00,0.0,0.1236470441744386,,400.664,0.036000000000000004,-1.6045335475144171
2022-05-29 16:00:00,0.0,0.1442035677310947,,482.692,0.035500000000000004,-1.5271086682456028
2022-05-29 16:30:00,0.0,0.0738402526995374,,418.367,0.035500000000000004,-1.449683788976788
2022-05-29 17:00:00,0.0,0.1164403596057749,,351.798,0.035500000000000004,-1.3722589097079734
2022-05-29 17:30:00,0.0,0.1601033393450971,,475.456,0.035500000000000004,-1.2948340304391586
2022-05-29 18:00:00,0.0,0.0530343664813775,,286.652,0.035500000000000004,
2022-05-29 18:30:00,0.0,0.0343354286432327,,187.947,0.035500000000000004,
2022-05-29 19:00:00,0.0,0.0140429698666962,,162.077,0.0345,
2022-05-29 19:30:00,0.2,2.6258392924944224e-05,,127.774,0.0345,
2022-05-29 20:00:00,0.0,2.600969466871188e-05,,116.511,0.035,
2022-05-29 20:30:00,0.0,2.5939746154101555e-05,,85.09,0.035,
2022-05-29 21:00:00,0.0,0.0107280239244252,,76.153,0.0365,-0.7528598755574558
2022-05-29 21:30:00,0.0,2.5657134418759616e-05,,52.623,0.0365,-0.6754349962886412
2022-05-29 22:00:00,0.0,0.0106032067812559,0.5260896731327679,38.939012694853545,0.037,-0.5980101170198265
2022-05-29 22:30:00,0.0,2.5833681681635627e-05,0.4246829215985618,31.433298389874608,0.037,-0.5205852377510118
2022-05-29 23:00:00,0.0,2.502899022333993e-05,0.1378560984103352,10.203546353794932,0.0375,-0.7246414900791993
2022-05-29 23:30:00,0.0,2.502899022333993e-05,0.2613099363552991,19.341096107131698,0.0375,-0.6277271807634346
2022-05-30 00:00:00,0.0,2.4993588956392983e-05,0.0584006251064923,4.322576166278767,0.037,-0.5308128714476698
2022-05-30 00:30:00,0.0,2.4785996285137452e-05,0.0569934488592162,4.218422717627529,0.037,-0.433898562131905
2022-05-30 01:00:00,0.0,2.468334191378207e-05,0.0555862726119401,4.11426926897629,0.0375,-0.3369842528161403
2022-05-30 01:30:00,0.0,2.4648293879291414e-05,0.054179096364664,4.010115820325052,0.0375,-0.2400699435003755
2022-05-30 02:00:00,0.0,2.4613281801622063e-05,0.0527719201173879,3.905962371673814,0.0375,-0.1431556341846107
2022-05-30 02:30:00,0.0,2.369328662745624e-05,0.0513647438701118,3.801808923022576,0.0375,-0.1235391682175869
2022-05-30 03:00:00,0.0,2.3123601439819645e-05,0.0499575676228357,3.6976554743713375,0.0375,-0.1013174708726167
2022-05-30 03:30:00,0.0,2.2329950177178775e-05,0.0485503913755596,3.593502025720099,0.0375,-0.0832609936529795
2022-05-30 04:00:00,0.0,0.0069926796631551,0.0471432151282835,3.489348577068861,0.0375,-0.0738084886141774
2022-05-30 04:30:00,0.0,0.0069546705050373,0.0457360388810074,3.3851951284176223,0.0375,-0.0763040350508141
2022-05-30 05:00:00,0.0,2.2004533985472384e-05,0.0443288626337313,3.281041679766384,0.0375,-0.0953160213587066
2022-05-30 05:30:00,0.0,0.0067631800519073,,0.681,0.0375,-0.1353027729989505
2022-05-30 06:00:00,0.0,2.2101415206849497e-05,,-1.764,0.0375,-0.1949130661688384
2022-05-30 06:30:00,0.0,2.2560223421108573e-05,,7.005,0.0375,-0.2623956803946793
2022-05-30 07:00:00,0.0,2.275789808853537e-05,,6.212,0.0375,-0.3192694864410357
2022-05-30 07:30:00,0.0,2.3123601439819645e-05,,4.85,0.0375,-0.3527789938486841
2022-05-30 08:00:00,0.0,2.249461350944277e-05,,1.57,0.038,-0.3682504388369079
2022-05-30 08:30:00,0.2,2.2593081150686816e-05,,4.052,0.038,-0.3894277507622474
2022-05-30 09:00:00,0.0,0.0001034788810977,,11.915,0.038,-0.443160358482197
2022-05-30 09:30:00,0.0,0.0001069419381444,,30.889,0.038,-0.5384244916684228
2022-05-30 10:00:00,0.0,0.0033620558686428,,49.318,0.038,-0.655411213168867
2022-05-30 10:30:00,0.0,0.0034371868034464,,74.015,0.038,-0.7532088617589219
2022-05-30 11:00:00,0.0,0.0319724293599372,,110.076,0.038,-0.7920150040266379
2022-05-30 11:30:00,0.0,0.0480437753843184,,154.613,0.038,-0.7566634120709872
2022-05-30 12:00:00,0.0,0.022088030338045,,141.838,0.038,-0.6679186758484031
2022-05-30 12:30:00,0.0,0.0006880615050241,,101.114,0.038,-0.5735347686238599
2022-05-30 13:00:00,1.0,0.0139365430004148,,60.488,0.038,-0.5212753508674949
2022-05-30 13:30:00,0.2,0.01865673140735,,48.759,0.038,-0.5284695210357577
2022-05-30 14:00:00,0.2,0.0185988199626127,,43.613,0.0415,-0.5709789239662536
2022-05-30 14:30:00,0.4,0.0085234628118441,,29.561,0.0415,-0.6034386231720039
2022-05-30 15:00:00,0.0,0.1078252362062539,,62.633,0.077,-0.5941247866658773
2022-05-30 15:30:00,0.0,0.1049061769965013,,56.929,0.077,-0.5459101064218919
2022-05-30 16:00:00,0.0,0.0207392566339844,,73.572,0.10350000000000001,-0.4890089908868749
2022-05-30 16:30:00,0.0,0.0361046225387911,,111.558,0.10350000000000001,-0.4526255018923724
2022-05-30 17:00:00,0.0,0.0423867047604223,,108.522,0.108,-0.4399251298877419
2022-05-30 17:30:00,0.0,0.063213209212424,,126.177,0.108,-0.4290410998426451
2022-05-30 18:00:00,0.4,0.008201431565602,,133.634,0.10500000000000001,-0.3968182763309639
2022-05-30 18:30:00,0.0,0.0176851809861608,,148.235,0.10500000000000001,-0.4920284293111382
2022-05-30 19:00:00,0.0,0.0114975268962499,,155.988,0.10250000000000001,-0.5872385822913126
2022-05-30 19:30:00,0.0,2.5903426022643787e-05,,137.393,0.10250000000000001,-0.682448735271487
2022-05-30 20:00:00,0.0,2.4579650240962487e-05,,101.405,0.10300000000000001,-0.7776588882516613
2022-05-30 20:30:00,0.0,2.3558714866712376e-05,,80.277,0.10300000000000001,
2022-05-30 21:00:00,0.0,0.0052343475646673,,64.165,0.1,-0.96807919421201
2022-05-30 21:30:00,0.0,0.0053001442277031,,55.205,0.1,-1.0632893471921845
2022-05-30 22:00:00,0.0,0.0055930731363453,-0.003515129773656,-0.2601755743757196,0.0985,-1.1584995001723586
2022-05-30 22:30:00,0.0,0.0059055886040697,0.0995654132203045,7.36942595027018,0.0985,-1.2537096531525331
2022-05-30 23:00:00,0.0,0.0052907318027516,0.1244626909416946,9.21222093897896,0.0955,-0.3991504748503099
2022-05-30 23:30:00,0.0,0.0056723300072628,0.1493599686630848,11.05501592768774,0.0955,-0.4088731989383724
2022-05-31 00:00:00,0.0,0.0055857084821271,0.1742572463844749,12.89781091639652,0.093,-0.418595923026435
2022-05-31 00:30:00,0.0,2.1777238958862854e-05,0.1991545241058651,14.7406059051053,0.093,-0.4283186471144975
2022-05-31 01:00:00,0.0,2.110339745933009e-05,0.2240518018272552,16.583400893814083,0.0925,
2022-05-31 01:30:00,0.0,2.0407683898210747e-05,0.2489490795486453,18.426195882522865,0.0925,
2022-05-31 02:00:00,0.0,0.0037931146419811,0.2738463572700355,20.268990871231644,0.092,
2022-05-31 02:30:00,0.0,0.0036615467289842,0.2987436349914256,22.111785859940422,0.092,
2022-05-31 03:00:00,0.0,1.8870626525383647e-05,0.3236409127128158,23.954580848649204,0.0925,
2022-05-31 03:30:00,0.0,1.863089168801157e-05,0.3485381904342059,25.797375837357983,0.0925,
2022-05-31 04:00:00,0.0,1.8302623627743337e-05,,9.647,0.0935,
2022-05-31 04:30:00,0.0,1.8660457163882885e-05,,5.265,0.0935,
2022-05-31 05:00:00,0.0,1.920436059962202e-05,,7.144,0.095,-0.5158231639070603
2022-05-31 05:30:00,0.0,1.9479081044036483e-05,,3.841,0.095,-0.5255458879951228
2022-05-31 06:00:00,0.0,1.9022480913138412e-05,,5.789,0.0955,-0.5352686120831853
2022-05-31 06:30:00,0.0,1.905251754267956e-05,,2.163,0.0955,-0.5449913361712478
2022-05-31 07:00:00,0.0,0.0005248833178126,,4.991,0.0955,-0.5547140602593104
2022-05-31 07:30:00,0.0,0.0005414879610262,,2.469,0.0955,-0.6947623438946341
2022-05-31 08:00:00,0.0,0.0050785224150947,,12.922,0.096,-0.8711965658733817
2022-05-31 08:30:00,0.0,0.0053035327811785,,24.478,0.096,-1.090078595430625
2022-05-31 09:00:00,0.0,0.0111267757957397,,50.96,0.0965,-1.3489198061327077
2022-05-31 09:30:00,0.0,0.0121353114373849,,103.429,0.0965,-1.6282067897379164
2022-05-31 10:00:00,0.0,0.023551469628462,,166.144,0.097,-1.8816539521249709
2022-05-31 10:30:00,0.0,0.0252937727437563,,285.825,0.097,-2.041171772538464
2022-05-31 11:00:00,0.0,0.0326168210050142,,359.986,0.0975,-2.0488893083194646
2022-05-31 11:30:00,0.0,0.0342325104453093,,475.321,0.0975,-1.900677315418555
2022-05-31 12:00:00,0.0,0.112863335133445,,460.786,0.097,-1.6625694570236873
2022-05-31 12:30:00,0.0,0.1114337181623093,,452.366,0.097,-1.4391972335232794
2022-05-31 13:00:00,0.0,0.0333789180647125,,458.062,0.0955,-1.3187330588761568
2022-05-31 13:30:00,0.0,0.0325384323753875,,437.504,0.0955,-1.336762505557809
2022-05-31 14:00:00,0.0,0.0142071967079793,,415.208,0.093,-1.47305943096303
2022-05-31 14:30:00,0.0,0.0882153964662399,,411.735,0.093,-1.664423780112635
2022-05-31 15:00:00,0.0,0.1466805399813875,,438.364,0.0915,-1.8266667085462067
2022-05-31 15:30:00,0.0,0.1470709697626306,,469.158,0.0915,-1.891896371573553
2022-05-31 16:00:00,0.0,0.036686328941418,,440.016,0.09,-1.840670291057647
2022-05-31 16:30:00,0.0,0.1256243044656417,,536.153,0.09,-1.6964843000755756
2022-05-31 17:00:00,0.0,0.0920823513445993,,474.077,0.0885,-1.4948466588062708
2022-05-31 17:30:00,0.0,0.1664233910292654,,461.401,0.0885,-1.2671943621912285
2022-05-31 18:00:00,0.0,0.1015045510567931,,409.74,0.08700000000000001,-1.0418618648178124
2022-05-31 18:30:00,0.0,0.1763046428545832,,393.361,0.08700000000000001,-0.8392563970095758
2022-05-31 19:00:00,0.0,0.1447426422212241,,383.563,0.08600000000000001,-0.8554914119146462
2022-05-31 19:30:00,0.0,0.0008168873784575,,326.866,0.08600000000000001,-0.8717264268197166
2022-05-31 20:00:00,0.0,3.262987295419592e-05,,277.495,0.085,-0.887961441724787
2022-05-31 20:30:00,0.0,3.18386857926341e-05,,237.813,0.085,-0.9041964566298574
2022-05-31 21:00:00,0.0,3.0940246868121084e-05,,199.03,0.0845,-0.9204314715349278
2022-05-31 21:30:00,0.0,0.028922211637279,,170.143,0.0845,-0.9366664864399982
2022-05-31 22:00:00,0.0,0.0280039776169071,1.269737466125641,93.98079041958286,0.084,-0.9529015013450686
2022-05-31 22:30:00,0.0,0.0367978836908254,0.9961235488489836,73.72900380898427,0.084,-0.969136516250139
2022-05-31 23:00:00,0.0,0.0250441668924112,0.778451731249199,57.61782333597238,0.0835,-1.0129844503782883
2022-05-31 23:30:00,0.0,0.0235068933839512,0.5583276189866785,41.3251340102298,0.0835,-0.9358903053259516
2022-06-01 00:00:00,0.0,0.0228482092054051,0.5699691484740791,42.186792559423566,0.0835,-0.8587961602736149
2022-06-01 00:30:00,0.0,2.7046281764451948e-05,0.367253787457451,27.182628024005613,0.0835,-0.7817020152212782
2022-06-01 01:00:00,0.0,2.6650985973610524e-05,0.2855647216925506,21.1363364290603,0.0835,
2022-06-01 01:30:00,0.0,2.6293655713524186e-05,0.2035247742175824,15.064074000509068,0.0835,
2022-06-01 02:00:00,0.0,0.0128186877141677,0.2355074156379829,17.431298722613874,0.083,
2022-06-01 02:30:00,0.0,0.0155836446636879,0.2674900570583834,19.798523444718676,0.083,
2022-06-01 03:00:00,0.0,2.6293655713524186e-05,0.2994726984787839,22.165748166823484,0.083,-0.3962312899595949
2022-06-01 03:30:00,0.0,2.5481452105946365e-05,0.3314553398991844,24.532972888928285,0.083,-0.3191371449072582
2022-06-01 04:00:00,0.0,2.492425274865588e-05,0.3634379813195849,26.900197611033093,0.083,-0.2420429998549216
2022-06-01 04:30:00,0.0,2.4890315067776933e-05,0.3954206227399854,29.267422333137898,0.083,-0.1649488548025849
2022-06-01 05:00:00,0.0,2.468334191378207e-05,0.4274032641603859,31.634647055242706,0.0825,-0.0878547097502482
2022-06-01 05:30:00,0.0,2.492425274865588e-05,0.4593859055807864,34.0018717773475,0.0825,-0.0977932730043605
2022-06-01 06:00:00,0.0,2.4579650240962487e-05,0.491368547001187,36.36909649945231,0.082,-0.1111124515651532
2022-06-01 06:30:00,0.0,2.4168032357686425e-05,0.5233511884215875,38.73632122155711,0.082,-0.1325161383308437
2022-06-01 07:00:00,0.0,2.406591359982391e-05,,22.101,0.082,-0.1785389201730819
2022-06-01 07:30:00,0.0,2.4339818229124272e-05,,24.247,0.082,-0.2736988049388321
2022-06-01 08:00:00,0.0,2.5342352952357383e-05,,29.841,0.0815,-0.4392944712835128
2022-06-01 08:30:00,0.0,2.6044719324839073e-05,,34.326,0.0815,-0.6815991341468671
2022-06-01 09:00:00,0.0,0.0062507125128028,,73.124,0.0815,-0.9853715311552094
2022-06-01 09:30:00,0.0,0.0066099750552715,,136.469,0.0815,-1.313953929006521
2022-06-01 10:00:00,0.0,0.0174926914504712,,188.304,0.081,-1.6171936042164827
2022-06-01 10:30:00,0.0,0.0182274810948859,,275.919,0.081,-1.8494498184897603
2022-06-01 11:00:00,0.0,0.0272579904483197,,335.561,0.0805,-1.988039191889472
2022-06-01 11:30:00,0.0,0.0268591153346661,,359.215,0.0805,-2.030048612051157
2022-06-01 12:00:00,0.0,0.2870928473697184,,383.853,0.0795,-1.9736454863962836
2022-06-01 12:30:00,0.0,0.2496808509011172,,421.848,0.0795,-1.82769283158413
2022-06-01 13:00:00,0.0,0.1182317150608966,,431.278,0.079,-1.650381891409007
2022-06-01 13:30:00,0.0,0.1572796385655304,,370.512,0.079,-1.5395491219479325
2022-06-01 14:00:00,0.0,0.2588583281237199,,434.49,0.0785,-1.5445448557680423
2022-06-01 14:30:00,0.0,0.2257395942652001,,467.811,0.0785,-1.6029996671820184
2022-06-01 15:00:00,0.0,0.2866115590224579,,480.95,0.078,-1.600027227833648
2022-06-01 15:30:00,0.0,0.3210965095196194,,450.576,0.078,-1.4853336997466322
2022-06-01 16:00:00,0.0,0.2582017236485895,,438.122,0.077,-1.305625181691149
2022-06-01 16:30:00,0.0,0.2365575918304541,,410.009,0.077,-1.1276879616783848
2022-06-01 17:00:00,0.0,0.2526277976603671,,452.365,0.075,-0.9657736646311152
2022-06-01 17:30:00,0.0,0.1110788730182731,,599.755,0.075,-0.7993382395810517
2022-06-01 18:00:00,0.0,0.0688141825260357,,383.416,0.0745,-0.6332571792079098
2022-06-01 18:30:00,0.0,0.0461918131532141,,327.162,0.0745,-0.5070482385921823
2022-06-01 19:00:00,0.0,0.0042086171090354,,264.609,0.0735,-0.4481411771920761
2022-06-01 19:30:00,0.0,0.0041345188339635,,239.357,0.0735,-0.573002165928968
2022-06-01 20:00:00,0.0,0.0008239360515762,,205.141,0.0715,-0.6978631546658599
2022-06-01 20:30:00,0.0,0.0007870939610301,,181.733,0.0715,-0.8227241434027518
2022-06-01 21:00:00,0.0,3.1367349421886946e-05,,167.225,0.0715,-0.9475851321396436
2022-06-01 21:30:00,0.0,0.0304327870347533,,142.922,0.0715,-1.0724461208765357
2022-06-01 22:00:00,0.0,0.0277040494369558,1.5148130724540032,112.12028760680606,0.0715,-1.1973071096134271
2022-06-01 22:30:00,0.0,0.0356284800372308,1.2827809483127557,94.94621579173416,0.0715,-1.3221680983503192
2022-06-01 23:00:00,0.0,0.0228045270231511,0.9296021344186356,68.80535992607302,0.0715,-0.658449332143373
2022-06-01 23:30:00,0.0,0.0210348116235063,0.750614138497985,55.55739821665983,0.0715,-0.6352995301398788
2022-06-02 00:00:00,0.0,0.0183434537849059,0.5815291380690192,43.042415858222185,0.072,-0.6121497281363847
2022-06-02 00:30:00,0.0,0.0173216560521491,0.4802355188939359,35.545075149215684,0.072,-0.5889999261328904
2022-06-02 01:00:00,0.0,0.0169877290617269,0.2760341936994823,20.43092560375203,0.072,
2022-06-02 01:30:00,0.0,0.0164603315937502,0.1317837086806602,9.754092823631762,0.072,
2022-06-02 02:00:00,0.0,2.4270465099293883e-05,0.1524580370919477,11.284322321714932,0.072,
2022-06-02 02:30:00,0.0,2.399844920328174e-05,0.1317837086806602,9.754092823631762,0.072,
2022-06-02 03:00:00,0.0,2.2923596763138143e-05,0.1680837450001994,12.44087351380027,0.072,
2022-06-02 03:30:00,0.0,2.3558714866712376e-05,0.2043837813197387,15.127654203968778,0.072,
2022-06-02 04:00:00,0.0,2.3224081724526502e-05,0.2406838176392779,17.814434894137285,0.072,-0.4269513121084313
2022-06-02 04:30:00,0.0,2.272486421650997e-05,0.2769838539588172,20.50121558430579,0.072,-0.4038015101049371
2022-06-02 05:00:00,0.0,2.26589022265558e-05,0.3132838902783564,23.187996274474298,0.072,-0.380651708101443
2022-06-02 05:30:00,0.0,2.275789808853537e-05,0.3495839265978956,25.874776964642805,0.072,-0.3575019060979488
2022-06-02 06:00:00,0.0,2.3257646047119997e-05,0.3858839629174349,28.561557654811313,0.072,-0.3343521040944546
2022-06-02 06:30:00,0.0,2.315705943392293e-05,0.4221839992369741,31.24833834497982,0.072,-0.4578366509190092
2022-06-02 07:00:00,0.0,0.0001416795064274,0.4584840355565133,33.935119035148325,0.0715,-0.6087588244974655
2022-06-02 07:30:00,0.0,0.0001443129566774,0.4947840718760525,36.62189972531684,0.0715,-0.7862665108213815
2022-06-02 08:00:00,0.0,0.0061861885775495,,64.569,0.0715,-0.989668449396826
2022-06-02 08:30:00,0.0,0.006727899186121,,90.286,0.0715,-1.2138709396105634
2022-06-02 09:00:00,0.0,0.005010279429916,,147.627,0.0715,-1.4470290870872111
2022-06-02 09:30:00,0.0,0.0053506424643854,,199.94,0.0715,-1.6748791598906634
2022-06-02 10:00:00,0.0,0.0126015164618898,,273.909,0.071,-1.883342798553082
2022-06-02 10:30:00,0.0,0.0130383033560179,,334.051,0.071,-2.0502258798242345
2022-06-02 11:00:00,0.0,0.1895328308011445,,398.307,0.07050000000000001,-2.137533633939781
2022-06-02 11:30:00,0.0,0.2682800546101281,,432.139,0.07050000000000001,-2.1098184738701957
2022-06-02 12:00:00,0.0,0.141575843616091,,464.503,0.0695,-1.9734987468339125
2022-06-02 12:30:00,0.0,0.0055580825924066,,433.765,0.0695,-1.7896292950437211
2022-06-02 13:00:00,0.0,0.1440138930154513,,448.042,0.068,-1.63518711830701
2022-06-02 13:30:00,0.0,0.2151291542076539,,506.294,0.068,-1.5542522163954526
2022-06-02 14:00:00,0.0,0.1758126846800416,,468.383,0.067,-1.5459686667338848
2022-06-02 14:30:00,0.0,0.313129349212505,,448.682,0.067,-1.5808539122996386
2022-06-02 15:00:00,0.0,0.2317727116076926,,487.953,0.067,-1.618415138320058
2022-06-02 15:30:00,0.0,0.3339886541219342,,488.265,0.067,-1.622099666587348
2022-06-02 16:00:00,0.0,0.3355079318588155,,519.669,0.065,-1.5720487507704175
2022-06-02 16:30:00,0.0,0.2669157483901532,,468.76,0.065,-1.4684449807368778
2022-06-02 17:00:00,0.0,0.2163786491159236,,440.385,0.063,-1.3262625705505209
2022-06-02 17:30:00,0.0,0.1324696123802702,,397.284,0.063,-1.1681881457375565
2022-06-02 18:00:00,0.0,0.2944016731379269,,423.035,0.0615,-1.0184608812643838
2022-06-02 18:30:00,0.0,0.2105047839465699,,417.142,0.0615,-0.8958032221278658
2022-06-02 19:00:00,0.0,0.1112550818033819,,372.132,0.0605,-0.8023840200650182
2022-06-02 19:30:00,0.0,0.0157922843331781,,346.216,0.0605,-0.8700731700755587
2022-06-02 20:00:00,0.0,0.0098737981368212,,326.004,0.0595,-0.9377623200860994
2022-06-02 20:30:00,0.0,0.009185715843404,,287.603,0.0595,-1.00545147009664
2022-06-02 21:00:00,0.0,0.0451172095796968,,232.391,0.059,-1.0731406201071805
2022-06-02 21:30:00,0.0,0.0547947492906927,,189.963,0.059,-1.140829770117721
2022-06-02 22:00:00,0.0,0.0582917689181128,1.5474851251426902,114.53853974020356,0.058,-1.2085189201282618
2022-06-02 22:30:00,0.0,0.0540587173769007,1.237205351636946,91.57289594120934,0.058,-1.2762080701388023
2022-06-02 23:00:00,0.0,0.0295366384819588,0.8623714928887967,63.829221944834075,0.0575,-1.20246658252585
2022-06-02 23:30:00,0.0,0.038424385349158,0.6420517288357694,47.52205127124647,0.0575,-1.1910622254411365
2022-06-03 00:00:00,0.0,0.0370475827602002,0.5930072674874596,43.89198020050691,0.0585,-1.1796578683564232
2022-06-03 00:30:00,0.0,0.0246981016333201,0.4099260496608445,30.34105489401323,0.0585,-1.1682535112717098
2022-06-03 01:00:00,0.0,0.023315793171885,0.3279939633528608,24.27677590928343,0.059,
2022-06-03 01:30:00,0.0,0.0206090300287322,0.3894758203306785,28.82741229624447,0.059,
2022-06-03 02:00:00,0.0,0.0190996584130312,0.2250829225386511,16.659720244908506,0.0595,
2022-06-03 02:30:00,0.0,0.0177106780243729,0.0592588857803029,4.386101122155576,0.0595,
2022-06-03 03:00:00,0.0,0.0171709599337011,0.038428477660388,2.844319240389486,0.0595,
2022-06-03 03:30:00,0.0,0.0164771702051929,0.0175750766396948,1.3008355178517144,0.0595,
2022-06-03 04:00:00,0.0,0.0161395823074179,0.2945614641678762,21.80223862663227,0.0595,
2022-06-03 04:30:00,0.0,0.0154221706594406,0.5715478516960576,42.30364173541283,0.0595,
2022-06-03 05:00:00,0.0,2.2461861299539943e-05,0.8485342392242389,62.80504484419339,0.0595,
2022-06-03 05:30:00,0.0,2.2069086497893275e-05,1.1255206267524205,83.30644795297394,0.0595,
2022-06-03 06:00:00,0.0,2.1971071472423815e-05,1.4025070142806015,103.8078510617545,0.06,
2022-06-03 06:30:00,0.0,2.0943965061442254e-05,1.6794934018087828,124.30925417053506,0.06,-1.0314012262551489
2022-06-03 07:00:00,0.0,2.129397227424847e-05,1.9564797893369643,144.81065727931562,0.0605,-1.0199968691704355
2022-06-03 07:30:00,0.0,2.272486421650997e-05,2.2334661768651456,165.31206038809617,0.0605,-1.008592512085722
2022-06-03 08:00:00,0.0,2.376143814251221e-05,2.510452564393327,185.81346349687672,0.0605,-0.9971881550010088
2022-06-03 08:30:00,0.0,2.492425274865588e-05,2.787438951921508,206.3148666056573,0.0605,-0.9857837979162952
2022-06-03 09:00:00,0.0,2.7591435480352944e-05,,91.84,0.06,-1.3438972201493429
2022-06-03 09:30:00,0.0,2.9902966050348084e-05,,144.193,0.06,-1.7830616585841976
2022-06-03 10:00:00,0.0,3.347404308669146e-05,,201.385,0.06,-2.2854319463523076
2022-06-03 10:30:00,0.0,0.0536854034866529,3.8953845020342337,288.32047904077956,0.06,-2.7665320520783707
2022-06-03 11:00:00,0.0,0.2043310937858368,4.928415047509929,364.7811882672426,0.0595,-3.0872594873549497
2022-06-03 11:30:00,0.0,0.2299731251715168,5.58296323988793,413.22817682078573,0.0595,-3.131335088931521
2022-06-03 12:00:00,0.0,0.3917655965985804,6.15819622115487,455.8045768224619,0.055,-2.890488665909501
2022-06-03 12:30:00,0.0,0.5317725271019336,6.173998421164219,456.97419124029784,0.055,-2.4755306682886
2022-06-03 13:00:00,0.0,0.5785259216550194,6.50373603063888,481.3800247265297,0.0495,-2.0400719254493818
2022-06-03 13:30:00,0.0,0.4928021601754657,6.767802509173298,500.9251488471128,0.0495,-1.6864088964395252
2022-06-03 14:00:00,0.0,0.3713897522414281,6.3158037569115635,467.470044040416,0.049,-1.4294270370982611
2022-06-03 14:30:00,0.0,0.4200372903130285,6.347215651676807,469.7950244220866,0.049,-1.23074124305153
2022-06-03 15:00:00,0.0,0.3370276659807673,5.983754396203623,442.8931041530948,0.048,-1.057261672686581
2022-06-03 15:30:00,0.0,0.3845453320164535,4.77875326541556,353.7038333398892,0.048,-0.9149984372150658
2022-06-03 16:00:00,0.0,0.2531352902325874,3.634267571109355,268.9936684087087,0.047,-0.8408985569288594
2022-06-03 16:30:00,0.0,0.194156389308316,3.405525131187985,252.0630856072817,0.047,-0.8658773839173789
2022-06-03 17:00:00,0.0,0.2805263920040821,4.067839845487733,301.08492044873026,0.046,-0.9790776821737563
2022-06-03 17:30:00,0.0,0.1447200132088301,4.845381888110687,358.63541234146254,0.046,-1.1233040389345446
2022-06-03 18:00:00,0.0,0.2881783551576804,4.795427372061039,354.93798273209705,0.046,-1.22531995634785
2022-06-03 18:30:00,0.0,0.2157283179180476,4.560947115062863,337.5827101041923,0.046,-1.2310847426438638
2022-06-03 19:00:00,0.0,0.151223259572416,4.392059855056451,325.0823636856283,0.046,-1.1211673000787337
2022-06-03 19:30:00,0.0,0.050500954586563,3.912687652839205,289.60118771700877,0.046,-1.161392968948516
2022-06-03 20:00:00,0.0,0.00064473535391,2.7777720281721177,205.59936032256263,0.045,-1.2016186378182985
2022-06-03 20:30:00,0.0,0.0006404092353378,2.0749649120422715,153.58044298846963,0.045,-1.241844306688081
2022-06-03 21:00:00,0.0,3.726272530589475e-05,1.599393581197827,118.38059202240284,0.045,-1.2820699755578635
2022-06-03 21:30:00,0.0,3.519499171295756e-05,1.2891070713712507,95.41444962840514,0.045,-1.322295644427646
2022-06-03 22:00:00,0.0,0.0397424113750459,1.0532008417168526,77.95363231829343,0.0445,-1.3625213132974283
2022-06-03 22:30:00,0.0,0.0380886631069586,0.7944222817796167,58.79989837299899,0.0445,-1.402746982167211
2022-06-03 23:00:00,0.0,0.0369161885746993,0.5930072674874596,43.89198020050691,0.0445,-0.918218919325188
2022-06-03 23:30:00,0.0,0.0347801292940145,0.4711465019889272,34.87234317456893,0.0445,-0.850654040734081
2022-06-04 00:00:00,0.0,0.0327407398895505,0.4618705902169885,34.18577800385761,0.0455,-0.7830891621429739
2022-06-04 00:30:00,0.0,3.013207550573784e-05,0.2150429366259924,15.916601421493574,0.0455,-0.7155242835518667
2022-06-04 01:00:00,0.0,2.975037960921708e-05,0.2770490933567321,20.506044338553124,0.0465,
2022-06-04 01:30:00,0.0,2.9902966050348084e-05,0.1735930630827159,12.84865077632972,0.0465,
2022-06-04 02:00:00,0.0,2.929735908506126e-05,0.0278013053781761,2.057739275906867,0.0465,-0.5128296477785454
2022-06-04 02:30:00,0.0,2.929735908506126e-05,-0.0140607499213514,-1.040719382356119,0.0465,-0.4452647691874383
2022-06-04 03:00:00,0.0,2.9485025759073216e-05,0.2378745386185869,17.606503514685052,0.047,-0.3776998905963312
2022-06-04 03:30:00,0.0,2.9333912043817993e-05,0.4898098271585254,36.25372641172623,0.047,-0.3101350120052241
2022-06-04 04:00:00,0.0,2.8921487481622617e-05,0.7417451156984639,54.900949308767395,0.0465,-0.2425701334141169
2022-06-04 04:30:00,0.0,2.8659775033925233e-05,0.9936804042384024,73.54817220580857,0.0465,-0.2542396391665803
2022-06-04 05:00:00,0.0,2.8067349052283917e-05,1.2456156927783408,92.19539510284974,0.0465,-0.26943879400742
2022-06-04 05:30:00,0.0,2.847427479058182e-05,1.4975509813182792,110.8426179998909,0.0465,-0.307954624008335
2022-06-04 06:00:00,0.0,2.8959225565404393e-05,1.7494862698582176,129.4898408969321,0.047,-0.3854979145197783
2022-06-04 06:30:00,0.0,2.8846113638478657e-05,2.0014215583981563,148.13706379397323,0.047,-0.5076032919127331
2022-06-04 07:00:00,0.0,0.0008800109614263,2.2533568469380945,166.78428669101442,0.0465,-0.6688124275561141
2022-06-04 07:30:00,0.0,0.0009304361399001,2.505292135478033,185.4315095880556,0.0465,-0.8558000930601392
2022-06-04 08:00:00,0.0,0.0096094539158815,,99.973,0.0465,-1.053113982784322
2022-06-04 08:30:00,0.0,0.0099315946091071,,149.965,0.0465,-1.2497777834397192
2022-06-04 09:00:00,0.0,0.0193802442308143,,192.366,0.047,-1.4429726510369931
2022-06-04 09:30:00,0.0,0.0201017481545539,,248.5,0.047,-1.6362707735709996
2022-06-04 10:00:00,0.0,0.095132225660035,,300.512,0.0465,-1.8310255538731708
2022-06-04 10:30:00,0.0,0.1065321215040879,4.016903866717664,297.3148469703026,0.0465,-2.011804967421416
2022-06-04 11:00:00,0.0,0.1475420905987686,4.747884625641782,351.41906247779195,0.0455,-2.1382718344050793
2022-06-04 11:30:00,0.0,0.0665184655247667,5.61990474904817,415.9624367152859,0.0455,-2.163776145622789
2022-06-04 12:00:00,0.0,0.2526416441991753,5.425080119308626,401.5423119378438,0.0445,-2.075313841591392
2022-06-04 12:30:00,0.0,0.2940043380688443,5.636073984427188,417.1592175947516,0.0445,-1.911169971092693
2022-06-04 13:00:00,0.0,0.2302227074186448,5.861396975222322,433.8367067132271,0.0435,-1.729770067946932
2022-06-04 13:30:00,0.0,0.1641979189751989,6.021169080617875,445.6623865507229,0.0435,-1.567505102690262
2022-06-04 14:00:00,0.0,0.1312619878158992,5.636073984427188,417.1592175947516,0.043,-1.4334768801058526
2022-06-04 14:30:00,0.0,0.0411640448540272,5.441372008170599,402.74817112804953,0.043,-1.3296333401927638
2022-06-04 15:00:00,0.0,0.0888650711702712,4.714373230593243,348.93868564498536,0.042499999999999996,-1.2592180602552734
2022-06-04 15:30:00,0.0,0.0892494585374513,4.898121978959876,362.53901884047485,0.042499999999999996,-1.222931534637077
2022-06-04 16:00:00,0.0,0.0246178533855954,4.579864807424017,338.9829205637928,0.041999999999999996,-1.2207015948831148
2022-06-04 16:30:00,0.0,0.0249652049190266,4.085858985994652,302.41862376354936,0.041999999999999996,-1.2530658863969637
2022-06-04 17:00:00,0.0,0.0394637667429343,4.097057750018374,303.2475106183125,0.041999999999999996,-1.184482634830312
2022-06-04 17:30:00,0.0,0.0406490127399519,4.108256514042096,304.0763974730756,0.041999999999999996,-1.11589938326366
2022-06-04 18:00:00,0.0,0.0574643046655751,4.119455278065818,304.9052843278387,0.0415,-1.047316131697008
2022-06-04 18:30:00,0.0,0.0526909120208027,4.13065404208954,305.7341711826018,0.0415,-0.978732880130356
2022-06-04 19:00:00,1.2,0.0256732158767735,4.141852806113262,306.56305803736495,0.0415,
2022-06-04 19:30:00,0.0,0.0033722650602089,4.1530515701369835,307.39194489212804,0.0415,
2022-06-04 20:00:00,0.0,3.632559868713831e-05,4.164250334160705,308.2208317468911,0.042499999999999996,
2022-06-04 20:30:00,0.0,3.666573640149513e-05,4.175449098184427,309.04971860165426,0.042499999999999996,
2022-06-04 21:00:00,0.0,3.5236327077905795e-05,4.186647862208149,309.8786054564174,0.049,-0.6358166222970966
2022-06-04 21:30:00,0.0,3.391914214544388e-05,4.197846626231871,310.7074923111805,0.049,-0.5672333707304447
2022-06-04 22:00:00,0.0,3.2510446819210245e-05,,122.996,0.0495,-0.4986501191637927
2022-06-04 22:30:00,1.6,3.082344996839441e-05,,99.082,0.0495,-0.4300668675971408
2022-06-04 23:00:00,3.0,3.05531359112814e-05,,74.3,0.051000000000000004,-1.1256425072849578
2022-06-04 23:30:00,0.6,2.9978687075037876e-05,,61.931,0.051000000000000004,-1.0015072311301965
2022-06-05 00:00:00,0.2,2.9902966050348084e-05,,53.595,0.0635,-0.8773719549754353
2022-06-05 00:30:00,0.0,2.9636675311373782e-05,,51.451,0.0635,-0.7532366788206739
2022-06-05 01:00:00,0.0,2.959832938613145e-05,,40.214,0.18,-0.6291014026659125
2022-06-05 01:30:00,0.0,2.9523270520278577e-05,,30.156,0.18,-0.5049661265111512
2022-06-05 02:00:00,0.0,2.9410165143584247e-05,,34.772,0.137,-0.3808308503563899
2022-06-05 02:30:00,0.4,2.9372021514339375e-05,,25.694,0.137,-0.2566955742016286
2022-06-05 03:00:00,1.2,2.877237961025713e-05,,30.359,0.1315,-0.1325602980468672
2022-06-05 03:30:00,1.0,2.8697275808784963e-05,,15.75,0.1315,-0.1343252323493521
2022-06-05 04:00:00,0.4,2.851160658810513e-05,,16.011,0.16049999999999998,-0.1361188224614634
2022-06-05 04:30:00,0.0,2.821538850376113e-05,,12.273,0.16049999999999998,-0.1417853240506254
2022-06-05 05:00:00,0.6,2.8252483396265985e-05,,13.103,0.2305,-0.1528501041900142
2022-06-05 05:30:00,0.2,2.821538850376113e-05,,13.118,0.2305,-0.1686758147717433
2022-06-05 06:00:00,0.0,2.814130076513904e-05,,12.247,0.2115,-0.1874562452485219
2022-06-05 06:30:00,0.2,2.8252483396265985e-05,,6.434,0.2115,-0.2075315613615218
2022-06-05 07:00:00,0.0,2.847427479058182e-05,,-0.349,0.22149999999999997,-0.2288671883959114
2022-06-05 07:30:00,0.2,2.8363972230347037e-05,,4.061,0.22149999999999997,-0.2534336422969539
2022-06-05 08:00:00,0.0,0.0035043512521671,,11.355,0.2045,-0.2836312014315202
2022-06-05 08:30:00,0.2,0.0035318725491618,,1.721,0.2045,-0.3200824775383854
2022-06-05 09:00:00,0.0,0.0102989416922058,,3.773,0.199,-0.3614836160304889
2022-06-05 09:30:00,0.0,0.0106215287485282,,-2.761,0.199,-0.406743666267006
2022-06-05 10:00:00,0.0,0.0079956516966334,,-3.032,0.2225,-0.4564199157768946
2022-06-05 10:30:00,0.0,0.0081814467514965,,9.008,0.2225,-0.5114392176816983
2022-06-05 11:00:00,0.0,0.0223501673505185,,23.941,0.20600000000000002,-0.5713130088240578
2022-06-05 11:30:00,0.0,0.0228254008806381,,34.49,0.20600000000000002,-0.6335923404418652
2022-06-05 12:00:00,0.0,0.0293751471349974,,58.757,0.1985,-0.6930278709347824
2022-06-05 12:30:00,0.0,0.0443944691890059,,91.069,0.1985,-0.7409819116223979
2022-06-05 13:00:00,0.0,0.0300926140922374,,115.214,0.194,-0.7679976784924467
2022-06-05 13:30:00,0.0,0.041392082286211,,149.917,0.194,-0.7673403247655309
2022-06-05 14:00:00,0.0,0.0185106693161214,,162.844,0.1905,-0.7355452118339154
2022-06-05 14:30:00,0.0,0.0188720483297266,,191.857,0.1905,-0.6728728917484248
2022-06-05 15:00:00,0.0,0.0186451792262881,,208.55,0.1875,-0.5869431129728505
2022-06-05 15:30:00,0.0,0.0179527876927942,,171.1,0.1875,-0.4943347770976829
2022-06-05 16:00:00,0.0,0.008881545456751,,130.589,0.1835,-0.414650132099299
2022-06-05 16:30:00,0.0,0.0090698555048299,,115.244,0.1835,-0.3611095507232935
2022-06-05 17:00:00,0.2,0.0148838539376728,,106.98,0.18,-0.3364052119425462
2022-06-05 17:30:00,0.0,0.0148660096938144,,89.369,0.18,-0.3358669216133343
2022-06-05 18:00:00,0.0,0.0095853969290246,,92.484,0.1775,-0.3519543871117265
2022-06-05 18:30:00,0.0,0.0097497917924187,,103.876,0.1775,-0.3749193180730383
2022-06-05 19:00:00,0.0,0.0038869027433589,,132.48,0.176,-0.3919624763425923
2022-06-05 19:30:00,0.0,0.0038494076782562,,129.653,0.176,-0.3899699537500221
2022-06-05 20:00:00,0.0,3.271019973049637e-05,,124.765,0.1755,-0.3616576335968863
2022-06-05 20:30:00,0.0,3.2311510725841314e-05,,116.19,0.1755,-0.5447108814131778
2022-06-05 21:00:00,0.0,3.191770297840187e-05,,98.703,0.1765,-0.7277641292294694
2022-06-05 21:30:00,0.0,3.1329082352843475e-05,,84.511,0.1765,-0.9108173770457608
2022-06-05 22:00:00,0.0,3.05531359112814e-05,,76.843,0.178,-1.0938706248620524
2022-06-05 22:30:00,0.0,2.9864383502258776e-05,,62.424,0.178,-1.2769238726783438
2022-06-05 23:00:00,0.0,2.9372021514339375e-05,,79.577,0.179,-0.3243153802387584
2022-06-05 23:30:00,0.0,2.85863723630622e-05,,60.657,0.179,-0.3285482829391313
2022-06-06 00:00:00,0.0,2.784777917135708e-05,,76.907,0.18,-0.3327811856395042
2022-06-06 00:30:00,0.0,2.6650985973610524e-05,,63.541,0.18,-0.3370140883398772
2022-06-06 01:00:00,0.0,2.618656119674144e-05,,62.741,0.1805,
2022-06-06 01:30:00,0.0,2.6365696203895816e-05,,55.456,0.1805,
2022-06-06 02:00:00,0.0,2.5551897839576503e-05,,45.625,0.182,
2022-06-06 02:30:00,0.0,2.502899022333993e-05,,48.355,0.182,
2022-06-06 03:00:00,0.0,2.437321212789204e-05,,54.105,0.1825,
2022-06-06 03:30:00,0.0,0.003251635189716,,48.049,0.1825,
2022-06-06 04:00:00,0.0,0.0037797572185051,,49.925,0.1825,
2022-06-06 04:30:00,0.0,2.4785996285137452e-05,,55.396,0.1825,
2022-06-06 05:00:00,0.0,0.0033756390519487,,51.676,0.1825,-0.3751102126432337
2022-06-06 05:30:00,0.0,2.4407976960880987e-05,,43.931,0.1825,-0.3793431153436067
2022-06-06 06:00:00,0.0,2.4168032357686425e-05,,44.461,0.1825,-0.3835760180439796
2022-06-06 06:30:00,0.0,2.410036016658098e-05,,45.328,0.1825,-0.3878089207443526
2022-06-06 07:00:00,0.0,2.4442777673205428e-05,,50.514,0.182,-0.3920418234447255
2022-06-06 07:30:00,0.0,2.5903426022643787e-05,,57.596,0.182,-0.6279162443466098
2022-06-06 08:00:00,0.0,0.0022773422035493,,85.314,0.182,-0.9103365518722136
2022-06-06 08:30:00,0.0,0.0025437501410537,,129.548,0.182,-1.2001557245925938
2022-06-06 09:00:00,0.0,0.0471607377087365,,269.37,0.1815,-1.4599771204946357
2022-06-06 09:30:00,0.0,0.006228991514967,,370.452,0.1815,-1.666893156869129
2022-06-06 10:00:00,0.0,0.0791552531144495,,443.419,0.1805,-1.814582188212272
2022-06-06 10:30:00,0.0,0.0817118777636746,,462.252,0.1805,-1.89942099838856
2022-06-06 11:00:00,0.0,0.1768728147185231,,504.093,0.1795,-1.9041217257781449
2022-06-06 11:30:00,0.0,0.1404641534240056,,518.617,0.1795,-1.8024327677251384
2022-06-06 12:00:00,0.0,0.2232919350374833,,536.219,0.177,-1.584431006332559
2022-06-06 12:30:00,0.0,0.2045947766082058,5.0713502200821745,375.36066698270326,0.177,-1.2767115670244673
2022-06-06 13:00:00,0.0,0.1499186901044267,4.997109913353494,369.8657021624218,0.174,-0.9394459402318864
2022-06-06 13:30:00,0.0,0.1230637667361645,4.922869606624814,364.3707373421405,0.174,-0.6420629162736361
2022-06-06 14:00:00,0.0,0.0010405431965982,4.848629299896133,358.875772521859,0.17149999999999999,-0.4308045996913225
2022-06-06 14:30:00,0.2,0.001002247699423,4.774388993167452,353.38080770157757,0.17149999999999999,-0.3093229783886702
2022-06-06 15:00:00,0.2,0.0025559821819241,4.700148686438772,347.8858428812962,0.17049999999999998,-0.2482718718410584
2022-06-06 15:30:00,0.0,0.0026012304281533,4.625908379710092,342.39087806101475,0.17049999999999998,-0.213791353296279
2022-06-06 16:00:00,0.0,0.011109987107811,4.551668072981411,336.89591324073336,0.169,-0.1874786165468725
2022-06-06 16:30:00,0.8,0.0103776708725651,4.477427766252731,331.4009484204519,0.169,-0.1652147762992076
2022-06-06 17:00:00,0.0,0.007789200150376,4.40318745952405,325.9059836001705,0.169,-0.146307068191
2022-06-06 17:30:00,0.0,0.007989130013894,4.32894715279537,320.4110187798891,0.169,-0.1702512149476724
2022-06-06 18:00:00,0.4,0.0072815935902065,,110.267,0.17049999999999998,-0.1941953617043449
2022-06-06 18:30:00,0.0,0.0071076884900603,,120.711,0.17049999999999998,-0.2181395084610174
2022-06-06 19:00:00,0.0,0.0028730586401386,,119.534,0.178,-0.2420836552176898
2022-06-06 19:30:00,0.0,0.0028287197958484,,130.907,0.178,
2022-06-06 20:00:00,0.0,2.82896123113535e-05,,126.028,0.1795,
2022-06-06 20:30:00,0.0,2.8104307908220937e-05,,96.892,0.1795,
2022-06-06 21:00:00,0.0,2.781105680668246e-05,,84.854,0.1785,-0.3378602422443797
2022-06-06 21:30:00,0.0,2.7701093423267577e-05,,74.318,0.1785,-0.3618043890010521
2022-06-06 22:00:00,0.2,2.7300506301294197e-05,,69.572,0.178,-0.3857485357577246
2022-06-06 22:30:00,1.4,2.7010306342442157e-05,,52.458,0.178,-0.4096926825143971
2022-06-06 23:00:00,1.0,2.661538347478615e-05,,40.559,0.1775,-1.1364379275866727
2022-06-06 23:30:00,0.6,2.6401061362963146e-05,,32.069,0.1775,-1.0727201305807517
2022-06-07 00:00:00,0.8,2.6044719324839073e-05,,20.711,0.1985,-1.0090023335748308
2022-06-07 00:30:00,0.6,2.5939746154101555e-05,,18.061,0.1985,-0.9452845365689098
2022-06-07 01:00:00,0.8,2.5376732589395176e-05,,13.998,0.2665,
2022-06-07 01:30:00,1.0,2.495958328613873e-05,,20.105,0.2665,
2022-06-07 02:00:00,1.0,0.0031520613515197,,20.117,0.302,
2022-06-07 02:30:00,1.0,0.0038499760104717,,13.385,0.302,
2022-06-07 03:00:00,0.0,0.0029411330218644,,13.358,0.3245,
2022-06-07 03:30:00,0.8,2.3524833599179095e-05,,9.577,0.3245,
2022-06-07 04:00:00,0.8,0.0020427035322983,,11.941,0.3345,
2022-06-07 04:30:00,0.6,2.399844920328174e-05,,4.529,0.3345,-0.4355421605215415
2022-06-07 05:00:00,1.0,2.406591359982391e-05,,1.516,0.32,-0.3718243635156205
2022-06-07 05:30:00,1.2,2.4544708661653435e-05,,0.357,0.32,-0.3081065665096995
2022-06-07 06:00:00,0.6,2.4339818229124272e-05,,4.509,0.3315,-0.2443887695037784
2022-06-07 06:30:00,0.4,2.410036016658098e-05,,2.407,0.3315,-0.1806709724978575
2022-06-07 07:00:00,0.2,2.4134842509367325e-05,,4.209,0.3515,-0.1878979984170966
2022-06-07 07:30:00,0.4,2.4168032357686425e-05,,0.034,0.3515,-0.2079264933752693
2022-06-07 08:00:00,0.2,0.0001086212010796,,0.034,0.355,-0.2517932218682829
2022-06-07 08:30:00,0.2,0.0001112395513276,,2.1,0.355,-0.3258753416433376
2022-06-07 09:00:00,0.0,0.0061519796703753,,1.818,0.3355,-0.4336368292710696
2022-06-07 09:30:00,0.0,0.0063582549515181,,4.536,0.3355,-0.5757458773085194
2022-06-07 10:00:00,0.0,0.0138663689031918,,6.939,0.32,-0.7478574301846479
2022-06-07 10:30:00,0.0,0.0146607158665542,,16.919,0.32,-0.9414435714738428
2022-06-07 11:00:00,0.0,0.026861792972849,,56.327,0.298,-1.1489770915020412
2022-06-07 11:30:00,0.0,0.028264767032325,,97.075,0.298,-1.3652687291070622
2022-06-07 12:00:00,0.0,0.0381831138364922,,178.761,0.274,-1.5810178524178655
2022-06-07 12:30:00,0.0,0.0393701537396531,1.507815497105511,111.60235560919516,0.274,-1.7813477564539213
2022-06-07 13:00:00,0.0,0.028647117445879,1.435110768991343,106.22104805728088,0.254,-1.9559001863488652
2022-06-07 13:30:00,0.0,0.0294588439490534,1.4873128173446517,110.08483084439112,0.254,-2.0982568595454945
2022-06-07 14:00:00,0.0,0.0650639915632787,1.5395148656979598,113.94861363150136,0.2425,-2.185364818517462
2022-06-07 14:30:00,0.0,0.0681302673871794,1.5917169140512684,117.81239641861156,0.2425,-2.175316502116748
2022-06-07 15:00:00,0.0,0.0276801061995993,1.6439189624045767,121.6761792057218,0.2345,-2.046170803681505
2022-06-07 15:30:00,0.0,0.0313482930181846,1.6961210107578852,125.53996199283203,0.2345,-1.828078646837475
2022-06-07 16:00:00,0.0,0.0506308909502603,1.7483230591111936,129.40374477994226,0.22649999999999998,-1.5844120396385817
2022-06-07 16:30:00,0.0,0.0500571435621227,1.800525107464502,133.2675275670525,0.22649999999999998,-1.3705806861028778
2022-06-07 17:00:00,0.0,0.0241383164137926,1.8527271558178104,137.13131035416274,0.22699999999999998,-1.2148465013302998
2022-06-07 17:30:00,0.0,0.0239725798024763,1.904929204171119,140.99509314127295,0.22699999999999998,-1.1206285492367891
2022-06-07 18:00:00,0.0,0.025034091239678,1.9571312525244275,144.8588759283832,0.22699999999999998,-1.076628974801527
2022-06-07 18:30:00,0.0,0.0248329554876849,,441.066,0.22699999999999998,-1.0992530468763304
2022-06-07 19:00:00,0.0,0.0126212097498579,,414.584,0.22549999999999998,-1.121877118951134
2022-06-07 19:30:00,0.0,0.0123456709119311,,362.922,0.22549999999999998,-1.1445011910259375
2022-06-07 20:00:00,0.0,0.0111564591017981,,369.167,0.22399999999999998,-1.1671252631007412
2022-06-07 20:30:00,0.0,0.0097944363854874,,337.332,0.22399999999999998,
2022-06-07 21:00:00,0.0,0.015331941274314,,283.966,0.222,-1.212373407250348
2022-06-07 21:30:00,0.0,0.014442694770556,,249.344,0.222,-1.2349974793251517
2022-06-07 22:00:00,0.0,0.0126080820558592,,193.784,0.2205,-1.2576215513999551
2022-06-07 22:30:00,0.0,0.0113315588913072,,160.434,0.2205,-1.2802456234747588
2022-06-07 23:00:00,0.0,2.600969466871188e-05,,152.181,0.22,-0.3516636716597936
2022-06-07 23:30:00,0.0,2.5376732589395176e-05,,126.146,0.22,-0.3774520016762495
2022-06-08 00:00:00,0.0,2.437321212789204e-05,,88.993,0.22,-0.4032403316927054
2022-06-08 00:30:00,0.0,2.4613281801622063e-05,,79.211,0.22,-0.4290286617091614
2022-06-08 01:00:00,0.0,2.3828417590123304e-05,,75.777,0.2195,
2022-06-08 01:30:00,0.0,2.3931122324087595e-05,,60.323,0.2195,
2022-06-08 02:00:00,0.0,2.3257646047119997e-05,,56.188,0.219,
2022-06-08 02:30:00,0.0,0.0049596135794055,,53.278,0.219,
2022-06-08 03:00:00,0.0,2.2890386407871472e-05,,50.469,0.2185,
2022-06-08 03:30:00,0.0,2.2890386407871472e-05,,44.376,0.2185,
2022-06-08 04:00:00,0.0,2.275789808853537e-05,,47.019,0.2185,
2022-06-08 04:30:00,0.0,2.2956842455476855e-05,,37.118,0.2185,
2022-06-08 05:00:00,0.0,2.299012349826155e-05,,39.029,0.218,
2022-06-08 05:30:00,0.0,2.3323586791183698e-05,,42.435,0.218,
2022-06-08 06:00:00,0.0,2.3558714866712376e-05,,40.574,0.218,-0.7127002918901768
2022-06-08 06:30:00,0.0,2.4305123741553115e-05,,48.861,0.218,-0.7384886219066328
2022-06-08 07:00:00,0.0,2.451114486718893e-05,,54.858,0.218,-0.7642769519230888
2022-06-08 07:30:00,0.0,2.5376732589395176e-05,,59.021,0.218,-0.7900652819395446
2022-06-08 08:00:00,0.0,0.0026821478952365,,73.742,0.2175,-0.8158536119560006
2022-06-08 08:30:00,0.0,0.0028566369769011,,107.584,0.2175,-1.0536891643381925
2022-06-08 09:00:00,0.0,0.0126722796986524,,159.639,0.21450000000000002,-1.3028696955495622
2022-06-08 09:30:00,0.0,0.0131160819905452,,223.865,0.21450000000000002,-1.5388984225485147
2022-06-08 10:00:00,0.0,0.0309307648651573,,272.996,0.1795,-1.736407236324005
2022-06-08 10:30:00,0.0,0.0345509082734621,3.6797988481836064,272.36370790302084,0.1795,-1.8742391641995328
2022-06-08 11:00:00,0.0,0.1655655222160562,5.0827748818086755,376.2062738644228,0.1795,-1.9368594995045336
2022-06-08 11:30:00,0.0,0.1911186392301663,6.426010904126614,475.6271277537614,0.1795,-1.9197150465336976
2022-06-08 12:00:00,0.0,0.2069139180631626,5.869596283633486,434.4435860925734,0.1775,-1.837062531604102
2022-06-08 12:30:00,0.0,0.228143908305362,6.4408915321655,476.72853117166744,0.1775,-1.7185733933660077
2022-06-08 13:00:00,0.2,0.348770539555334,7.391580663326887,547.0946646232362,0.175,-1.5901060756662866
2022-06-08 13:30:00,0.0,0.3274373123161345,7.463424748662063,552.4122709055601,0.175,-1.455759255208302
2022-06-08 14:00:00,0.0,0.2103430359707273,7.203956767017963,533.207508776352,0.1735,-1.3030427210601954
2022-06-08 14:30:00,0.0,0.2678678496748327,7.044243923251466,521.3862152430246,0.1735,-1.1316256808667458
2022-06-08 15:00:00,0.0,0.2289219424444003,7.000531262624352,518.1507823234823,0.17099999999999999,-0.9757350182657856
2022-06-08 15:30:00,0.0,0.1788235163945834,6.662792155736887,493.1527106215111,0.17099999999999999,-0.8869349493216984
2022-06-08 16:00:00,0.0,0.0599631246147318,6.325053048849421,468.15463891953993,0.16999999999999998,-0.8874648539485713
2022-06-08 16:30:00,0.0,0.086387344084271,5.987313941961956,443.1565672175687,0.16999999999999998,-0.945044583650108
2022-06-08 17:00:00,0.0,0.2785698907554076,5.64957483507449,418.1584955155976,0.16849999999999998,-0.9955142539630136
2022-06-08 17:30:00,0.0,0.2734474632838154,5.311835728187025,393.1604238136263,0.16849999999999998,-1.0358742885629726
2022-06-08 18:00:00,0.0,0.1784023680373707,4.974096621299559,368.16235211165514,0.16449999999999998,-1.0762343231629314
2022-06-08 18:30:00,0.0,0.0979864115592882,4.636357514412094,343.16428040968395,0.16449999999999998,-1.1165943577628905
2022-06-08 19:00:00,0.0,0.1948986592056234,4.2986184075246285,318.16620870771277,0.1625,-1.1569543923628491
2022-06-08 19:30:00,0.0,0.1481972399129694,3.9608793006371625,293.1681370057416,0.1625,
2022-06-08 20:00:00,0.0,0.0627118501031624,3.623140193749697,268.1700653037704,0.1605,
2022-06-08 20:30:00,0.0,0.0648482406434442,,409.663,0.1605,
2022-06-08 21:00:00,0.0,0.0752065961314139,,392.869,0.1585,-1.3183945307626843
2022-06-08 21:30:00,0.0,0.0758824818333586,,311.334,0.1585,-1.3587545653626434
2022-06-08 22:00:00,0.0,0.0436592348944986,,261.76,0.158,-1.3991145999626022
2022-06-08 22:30:00,0.0,3.1523934586024005e-05,1.9344446593123696,143.17970679391442,0.158,-1.439474634562561
2022-06-08 23:00:00,0.0,2.959832938613145e-05,1.1076749901974223,81.98558669328631,0.15849999999999997,-1.0057868278638984
2022-06-08 23:30:00,0.0,2.8659775033925233e-05,0.3427396698796893,25.368192986953108,0.15849999999999997,-0.9578844913896044
2022-06-09 00:00:00,0.0,2.792132579120251e-05,0.4305622462263074,31.868462028335102,0.15849999999999997,-0.9099821549153104
2022-06-09 00:30:00,0.0,2.781105680668246e-05,0.192997762162946,14.284907487710186,0.15849999999999997,-0.8620798184410166
2022-06-09 01:00:00,0.0,2.7482082813501057e-05,0.0730955149203929,5.41023199804139,0.15899999999999997,
2022-06-09 01:30:00,0.0,2.697436473519058e-05,-0.0879660467587019,-6.510888136343896,0.15899999999999997,
2022-06-09 02:00:00,0.0,2.6830936314465047e-05,-0.1487213466941592,-11.007747733261636,0.15899999999999997,
2022-06-09 02:30:00,0.0,2.7884535497595156e-05,-0.1487213466941592,-11.007747733261636,0.15899999999999997,
2022-06-09 03:00:00,0.0,2.711977650685282e-05,-0.1284477122717739,-9.507175970574984,0.15849999999999997,
2022-06-09 03:30:00,0.0,2.5903426022643787e-05,-0.2300361142919509,-17.02633530392167,0.15849999999999997,
2022-06-09 04:00:00,0.0,2.6328952168670433e-05,-0.455498428511882,-33.71413657426775,0.158,
2022-06-09 04:30:00,0.0,2.5272322163303384e-05,-0.2708265757955336,-20.045478958383967,0.158,
2022-06-09 05:00:00,0.0,2.4442777673205428e-05,-0.2096742540610029,-15.519233426589016,0.157,
2022-06-09 05:30:00,0.0,2.5376732589395176e-05,-0.4761315136209371,-35.241313411271975,0.157,
2022-06-09 06:00:00,0.0,2.4032825628468784e-05,-0.5796442012193957,-42.902900517654075,0.1565,
2022-06-09 06:30:00,0.0,2.4544708661653435e-05,-0.4348883282570355,-32.18866098246091,0.1565,
2022-06-09 07:00:00,0.0,2.6902582937193505e-05,-0.2912553128162545,-21.557530783033496,0.156,-0.2393494442751945
2022-06-09 07:30:00,0.0,2.7554950680070244e-05,0.1331413668018332,9.85458114247828,0.156,-0.1914471078009005
2022-06-09 08:00:00,0.0,3.0247079988814197e-05,0.3517013606209196,26.03150079807612,0.156,-0.1435447713266065
2022-06-09 08:30:00,0.0,3.3432409920585494e-05,1.4837824321634006,109.82352612694278,0.156,-0.0956424348523125
2022-06-09 09:00:00,0.0,3.41245826719415e-05,2.8723443628231276,212.59921895432151,0.1555,-1.47983466916252
2022-06-09 09:30:00,0.0,3.5947332179102164e-05,3.7284471952977385,275.96446021313653,0.1555,-1.8007503872098658
2022-06-09 10:00:00,0.0,0.0153791654755932,4.374631850713119,323.79241385952764,0.1545,-2.0576366893421305
2022-06-09 10:30:00,0.0,0.0158760861285807,5.445846973701998,403.0793898318848,0.1545,-2.1980791205078978
2022-06-09 11:00:00,0.0,0.1578400044655798,6.1255326040811875,453.3869490588944,0.155,-2.188557503545441
2022-06-09 11:30:00,0.0,0.215350710993105,6.3684435250667,471.3662250626383,0.155,-2.0533605616021187
2022-06-09 12:00:00,0.0,0.1412285909426088,6.3230631597970115,468.00735544482023,0.154,-1.874637125768504
2022-06-09 12:30:00,0.0,0.2374532982934072,6.534197572919851,483.63466389197896,0.154,-1.7447073857705275
2022-06-09 13:00:00,0.0,0.3974720032070747,6.25951458543289,463.3037490631,0.15150000000000002,-1.7115175135790914
2022-06-09 13:30:00,0.0,0.3714463860375785,5.984831597945929,442.97283423422107,0.15150000000000002,-1.7543925529014752
2022-06-09 14:00:00,0.0,0.4457231306221966,5.710148610458968,422.64191940534215,0.14900000000000002,-1.800347140984562
2022-06-09 14:30:00,0.0,0.3818238055845097,5.435465622972007,402.3110045764632,0.14900000000000002,-1.77158756100644
2022-06-09 15:00:00,0.0,0.408936145561719,5.160782635485047,381.98008974758426,0.14650000000000002,-1.6339138980912344
2022-06-09 15:30:00,0.0,0.5014385273694905,4.886099647998086,361.6491749187053,0.14650000000000002,-1.4110557556645944
2022-06-09 16:00:00,0.0,0.3646404939200395,4.611416660511125,341.31826008982637,0.14250000000000002,-1.158296113487422
2022-06-09 16:30:00,0.0,0.2863337526537273,4.336733673024164,320.98734526094745,0.14250000000000002,-0.920640999825969
2022-06-09 17:00:00,0.0,0.3385440149171291,4.062050685537203,300.6564304320685,0.139,-0.7104923188093687
2022-06-09 17:30:00,0.0,0.3086375197127669,3.787367698050242,280.32551560318956,0.139,-0.5215733177245049
2022-06-09 18:00:00,0.0,0.2689399208581892,,446.661,0.1355,-0.3561155706972292
2022-06-09 18:30:00,0.0,0.2446417579899363,,393.362,0.1355,-0.2290999721834293
2022-06-09 19:00:00,0.0,0.1625462352916168,,310.062,0.134,-0.1496591821749645
2022-06-09 19:30:00,0.0,0.0873521928554661,,267.839,0.134,-0.1096925391294591
2022-06-09 20:00:00,0.0,0.0511272974841728,,225.735,0.133,-0.0919130123919376
2022-06-09 20:30:00,0.0,0.0471278210044517,,199.609,0.133,-0.0823641084041264
2022-06-09 21:00:00,0.0,0.0448378170085906,,169.393,0.133,-0.0745488550423874
2022-06-09 21:30:00,0.0,0.0427920107939622,,134.558,0.133,-0.0668111092601005
2022-06-09 22:00:00,0.0,0.0399258550453506,1.3152208106675942,97.34728214327907,0.1325,-0.0592091601554718
2022-06-09 22:30:00,0.0,0.0390447524382234,0.8393829313347401,62.127702344840095,0.1325,-0.0523503858249984
2022-06-09 23:00:00,0.0,0.0380996378491562,0.587321313293218,43.47112905314737,0.131,-0.0477400983780185
2022-06-09 23:30:00,0.0,0.0379946821898487,0.2327976066453002,17.23072970908741,0.131,-0.0484089319168079
2022-06-10 00:00:00,0.0,0.0365866239447942,0.4372497545427843,32.363444128404794,0.13,-0.0585540030401511
2022-06-10 00:30:00,0.0,3.41245826719415e-05,0.277149366425823,20.51346614230576,0.13,-0.0814085241253266
2022-06-10 01:00:00,0.0,0.0406179456022165,0.3173001207990567,23.485261283117683,0.1295,-0.1164358587286569
2022-06-10 01:30:00,0.0,0.0403130107642807,0.257042291283607,19.025222418461492,0.1295,-0.158809427711303
2022-06-10 02:00:00,0.0,0.0387729680904942,0.1561873794724817,11.560353039889511,0.1285,-0.2023895976916294
2022-06-10 02:30:00,0.0,0.0544161024680328,0.257042291283607,19.025222418461492,0.1285,-0.2435917781130807
2022-06-10 03:00:00,0.0,0.0538350629208467,0.2167644264806649,16.04401908188213,0.127,-0.2829727444656318
2022-06-10 03:30:00,0.0,0.0402019853372167,0.257042291283607,19.025222418461492,0.127,-0.3240370108156575
2022-06-10 04:00:00,0.0,0.0422192519976257,0.2369139992941002,17.535408310083582,0.125,-0.3707415436282683
2022-06-10 04:30:00,0.0,0.0627567402298361,0.3973498141513715,29.410213215938228,0.125,-0.4252555298258632
2022-06-10 05:00:00,0.0,0.0444855099628677,0.3773687108000262,27.93129341045696,0.124,-0.4870435163400027
2022-06-10 05:30:00,0.0,0.0763770882079778,0.3773687108000262,27.93129341045696,0.124,-0.5533227793496032
2022-06-10 06:00:00,0.0,0.0458489621594769,0.7535160712647084,55.77218744863652,0.122,-0.6205795656160745
2022-06-10 06:30:00,0.0,0.0644868001962702,1.3331019385470906,98.67077032610509,0.122,-0.6864929709968514
2022-06-10 07:00:00,0.0,0.1368963674180013,1.9334305888924377,143.10464943587874,0.1195,-0.7501878344565511
2022-06-10 07:30:00,0.0,0.1473192456876487,2.6780760079025927,198.22026737100475,0.1195,-0.8106368630706295
2022-06-10 08:00:00,0.0,0.0860537117034202,3.5184592001571167,260.42200495098206,0.1185,-0.8684147791030583
2022-06-10 08:30:00,0.0,0.2063701769219483,3.9440206154095794,291.92032585942826,0.1185,-0.9352330260232052
2022-06-10 09:00:00,0.0,0.1562378655363006,4.4281198277482865,327.7513758448331,0.1175,-1.0433851302319193
2022-06-10 09:30:00,0.0,0.2162286227554229,4.444638078554622,328.9739894232645,0.1175,-1.2374891617094967
2022-06-10 10:00:00,0.0,0.0777779531850569,4.756356977038724,352.0461513857271,0.11549999999999999,-1.5388849040197423
2022-06-10 10:30:00,0.0,0.0893241245364764,5.447621986665872,403.2107690545985,0.11549999999999999,-1.9019742977783065
2022-06-10 11:00:00,0.0,0.3686343362994531,6.366891836847552,471.25137542701617,0.1135,-2.2081511153425324
2022-06-10 11:30:00,0.0,0.4248896903123048,6.792435924083767,502.74841378634744,0.1135,-2.3254341552656874
2022-06-10 12:00:00,0.0,0.423254045088265,7.3598845496429774,544.7486475159895,0.1125,-2.198161522986832
2022-06-10 12:30:00,0.0,0.4685056104747293,7.566180726073747,560.0178494090862,0.1125,-1.889527112398454
2022-06-10 13:00:00,0.0,0.4361990123204877,7.301372097512842,540.4177943693486,0.1095,-1.5389158388087243
2022-06-10 13:30:00,0.0,0.3753597968725473,7.036563468951936,520.817739329611,0.1095,-1.2739404828252516
2022-06-10 14:00:00,0.0,0.4245758602428538,6.771754840391031,501.2176842898732,0.106,-1.148335345556222
2022-06-10 14:30:00,0.0,0.3229349589732376,6.506946211830126,481.6176292501355,0.106,-1.144137974449083
2022-06-10 15:00:00,0.0,0.2923994286770834,6.24213758326922,462.0175742103979,0.104,-1.2185210642936295
2022-06-10 15:30:00,0.0,0.3953967766481254,5.977328954708315,442.4175191706602,0.104,-1.338668374988184
2022-06-10 16:00:00,0.0,0.3459019475123362,5.712520326147409,422.8174641309226,0.10200000000000001,-1.4711414574567034
2022-06-10 16:30:00,0.0,0.2653548808904831,5.447711697586504,403.2174090911849,0.10200000000000001,-1.5566888759970436
2022-06-10 17:00:00,0.0,0.2700490092491294,5.182903069025599,383.6173540514473,0.0995,-1.4841180870417652
2022-06-10 17:30:00,0.0,0.3933782546889492,4.918094440464693,364.0172990117095,0.0995,-1.4115472980864865
2022-06-10 18:00:00,0.0,0.4189860970665631,,493.744,0.096,-1.338976509131208
2022-06-10 18:30:00,0.0,0.341358016793059,,447.386,0.096,-1.2664057201759291
2022-06-10 19:00:00,0.0,0.3977697942916485,,461.809,0.0935,
2022-06-10 19:30:00,0.0,0.2820318812610017,,539.834,0.0935,
2022-06-10 20:00:00,0.0,0.1129921427476503,,420.624,0.089,
2022-06-10 20:30:00,0.0,0.1023792099777488,,366.905,0.089,
2022-06-10 21:00:00,0.0,0.0976382050013251,,324.833,0.0865,
2022-06-10 21:30:00,0.0,0.066721861392435,,232.754,0.0865,
2022-06-10 22:00:00,0.0,3.965973253870246e-05,2.534816783416545,187.61680365407057,0.086,
2022-06-10 22:30:00,0.0,3.577829014767662e-05,2.062445715325289,152.65382308926297,0.086,-0.6858394085337011
2022-06-10 23:00:00,0.0,0.0423498902350357,1.2185308905740235,90.19068847063012,0.08449999999999999,-0.9244256470707628
2022-06-10 23:30:00,0.0,0.0404173354369643,0.9291843347707748,68.77443609954155,0.08449999999999999,-0.91361826811832
2022-06-11 00:00:00,0.0,0.0375298479325573,0.8600078354975178,63.65427366155526,0.08299999999999999,-0.9028108891658772
2022-06-11 00:30:00,0.0,0.0353330715490597,0.7012919977742679,51.90677445067405,0.08299999999999999,-0.8920035102134345
2022-06-11 01:00:00,0.0,3.168104669226165e-05,0.5613465378635917,41.54858207712084,0.08149999999999999,
2022-06-11 01:30:00,0.0,3.191770297840187e-05,0.3799149091429246,28.119752630740333,0.08149999999999999,
2022-06-11 02:00:00,0.0,3.144557613994091e-05,0.4405822958668394,32.61010525016903,0.0795,
2022-06-11 02:30:00,0.0,3.090075487188714e-05,0.3596497579005294,26.61980875844993,0.0795,
2022-06-11 03:00:00,0.0,3.105575964844068e-05,0.2171893573602422,16.07547073311064,0.079,
2022-06-11 03:30:00,0.0,3.0940246868121084e-05,0.1967507448420786,14.562687964403615,0.079,
2022-06-11 04:00:00,0.0,3.1289254423377296e-05,0.0530611766824751,3.9273719632989943,0.0785,
2022-06-11 04:30:00,0.0,3.1719603457852996e-05,0.1558075072164604,11.532236444268934,0.0785,
2022-06-11 05:00:00,0.0,3.1367349421886946e-05,0.1558075072164604,11.532236444268934,0.0775,
2022-06-11 05:30:00,0.0,3.036082423802096e-05,0.1762901505826966,13.048278196832944,0.0775,
2022-06-11 06:00:00,0.0,2.9561549455001053e-05,0.0942266046922835,6.974269109783144,0.077,
2022-06-11 06:30:00,0.0,2.925931655439214e-05,0.3190550325768311,23.61515269799034,0.077,
2022-06-11 07:00:00,0.0,0.0299070878482307,0.5613465378635917,41.54858207712084,0.0765,
2022-06-11 07:30:00,0.0,3.3151868853285435e-05,1.4056735688699815,104.04222652215952,0.0765,
2022-06-11 08:00:00,0.0,3.363590425285845e-05,1.7109482642685832,126.63741484577405,0.076,
2022-06-11 08:30:00,0.0,3.486373135510907e-05,2.271400986220728,168.11984031328984,0.076,
2022-06-11 09:00:00,0.0,0.0078284328186568,2.9070024665647196,215.16447048936325,0.076,-0.6132686195784225
2022-06-11 09:30:00,0.0,0.0077424095167832,1.8618904858935503,137.80954268672616,0.076,-0.540697830623144
2022-06-11 10:00:00,0.8,3.0476424600834423e-05,1.2706518708859027,94.04847093183476,0.086,-0.4681270416678654
2022-06-11 10:30:00,0.6,3.2471247311145726e-05,0.5010589324808615,37.086339324167184,0.086,-0.3955562527125869
2022-06-11 11:00:00,0.0,0.019693862704465,0.9388861467977292,69.4925246706991,0.115,-0.5996601130470546
2022-06-11 11:30:00,0.0,0.0215432280608213,2.0862556814758517,154.4161397085569,0.115,-0.839452913148474
2022-06-11 12:00:00,0.0,0.0851669481901624,3.8014364713125257,281.3668288405296,0.122,-1.0472506968950583
2022-06-11 12:30:00,0.0,0.159839069258354,5.542075517835845,410.2018343370625,0.122,-1.1686937098545702
2022-06-11 13:00:00,0.0,0.1107180508284046,5.409024823893757,400.3539644299819,0.109,-1.2163077629001746
2022-06-11 13:30:00,0.0,0.1347652361922785,5.27597412995167,390.5060945229013,0.109,-1.250641618944622
2022-06-11 14:00:00,0.0,0.2675375617909022,5.142923436009582,380.6582246158208,0.104,-1.2962612681621142
2022-06-11 14:30:00,0.0,0.3382423601733044,5.009872742067494,370.81035470874025,0.104,-1.3014441352991488
2022-06-11 15:00:00,0.0,0.3920198103377239,4.8768220481254065,360.9624848016597,0.1005,-1.2047147035361974
2022-06-11 15:30:00,0.0,0.3223425471110392,4.743771354183319,351.1146148945792,0.1005,-1.0246138495590136
2022-06-11 16:00:00,0.0,0.4070866637461942,4.610720660241231,341.2667449874986,0.096,-0.8569385264052182
2022-06-11 16:30:00,0.0,0.3295774919971427,4.477669966299143,331.41887508041805,0.096,-0.7833755240792215
2022-06-11 17:00:00,0.0,0.1344013860988498,4.344619272357055,321.5710051733375,0.0905,-0.758298615539739
2022-06-11 17:30:00,0.0,0.3091233775225204,4.211568578414967,311.7231352662569,0.0905,-0.7332217070002566
2022-06-11 18:00:00,0.0,0.2967266422487812,,473.093,0.0875,-0.708144798460774
2022-06-11 18:30:00,0.0,0.3968856153729947,,417.491,0.0875,-0.6830678899212916
2022-06-11 19:00:00,0.0,0.3738535748030446,,477.44,0.0835,
2022-06-11 19:30:00,0.0,0.268194365550258,,459.601,0.0835,
2022-06-11 20:00:00,0.0,0.1056059236154075,,453.881,0.0805,
2022-06-11 20:30:00,0.0,0.0932576034063576,,394.651,0.0805,
2022-06-11 21:00:00,0.0,3.515368783130449e-05,,375.043,0.078,
2022-06-11 21:30:00,0.0,3.482268077466148e-05,,235.238,0.078,
2022-06-11 22:00:00,0.0,3.359580809359443e-05,3.014112332936178,223.092306102532,0.078,
2022-06-11 22:30:00,0.0,3.1367349421886946e-05,2.252959700421926,166.7548915250863,0.078,-0.4824526216054317
2022-06-11 23:00:00,0.0,0.0337016996979114,1.786557974831519,132.2337373546961,0.0775,
2022-06-11 23:30:00,0.0,2.9410165143584247e-05,1.3286295354113802,98.33974128035152,0.0775,
2022-06-12 00:00:00,0.0,2.7627954200229578e-05,1.1239196974619363,83.18795369401143,0.077,
2022-06-12 00:30:00,0.0,2.7010306342442157e-05,0.925368923175617,68.4920348890117,0.077,
2022-06-12 01:00:00,0.0,2.5903426022643787e-05,0.6439838580315809,47.665059596872375,0.0765,
2022-06-12 01:30:00,0.0,2.5939746154101555e-05,0.3173234463775984,23.486987747341058,0.0765,
2022-06-12 02:00:00,0.0,2.5903426022643787e-05,0.3789962232107167,28.051755243595657,0.075,
2022-06-12 02:30:00,0.0,2.562248294754593e-05,0.3584606838757427,26.531798347086845,0.075,
2022-06-12 03:00:00,0.0,2.5481452105946365e-05,0.2760975432535202,20.43561447946063,0.0735,
2022-06-12 03:30:00,0.0,2.5272322163303384e-05,0.3379031142211389,25.01021085613844,0.0735,
2022-06-12 04:00:00,0.0,2.4648293879291414e-05,0.1102962354873806,8.16367766404302,0.0725,
2022-06-12 04:30:00,0.0,2.4648293879291414e-05,0.1518823320148747,11.241710979106465,0.0725,
2022-06-12 05:00:00,0.0,2.5202430447118047e-05,0.1933775414225285,14.313017200113515,0.071,
2022-06-12 05:30:00,0.0,2.6044719324839073e-05,0.0686186849325121,5.078875294738836,0.071,
2022-06-12 06:00:00,0.0,2.572792735869879e-05,0.1518823320148747,11.241710979106465,0.07,
2022-06-12 06:30:00,0.0,2.618656119674144e-05,0.1933775414225285,14.313017200113515,0.07,
2022-06-12 07:00:00,0.0,0.0010746721624805,0.4813458212104685,35.627255199892474,0.0695,
2022-06-12 07:30:00,0.0,0.0011119527121783,0.9054035276862376,67.01427771543092,0.0695,
2022-06-12 08:00:00,0.0,0.0114427532531204,1.3986030455787244,103.51889521523984,0.07,
2022-06-12 08:30:00,0.0,0.0116600061802822,1.9180413880516336,141.96560353266733,0.07,
2022-06-12 09:00:00,0.0,0.0102631597355506,2.4618110424908206,182.21321636109863,0.07050000000000001,-0.4573757130659492
2022-06-12 09:30:00,0.0,0.0106161576692409,3.207745011274943,237.42420749697135,0.07050000000000001,-0.4322988045264667
2022-06-12 10:00:00,0.0,0.0864646726963332,4.239311294163979,313.77653797668773,0.071,-0.4072218959869843
2022-06-12 10:30:00,0.0,0.0984414033770275,4.996807748682153,369.84333716539913,0.071,-0.3821449874475018
2022-06-12 11:00:00,0.0,0.0397328925975188,5.81230172317313,430.2028763218861,0.07,-0.4725110245538547
2022-06-12 11:30:00,0.0,0.1292419228207855,6.618815961649017,489.897772029651,0.07,-0.5714737053122962
2022-06-12 12:00:00,0.0,0.0190948617123052,6.89790207100045,510.55458798705183,0.0705,-0.6537006570260475
2022-06-12 12:30:00,0.0,0.1041860670810765,6.305393802634944,466.6995416670918,0.0705,-0.7007053577163672
2022-06-12 13:00:00,0.0,0.0350431804161934,6.061755584547415,448.6664340971061,0.0685,-0.718314684194991
2022-06-12 13:30:00,0.0,0.037147717963334,5.818117366459885,430.63332652712046,0.0685,-0.7328817184099307
2022-06-12 14:00:00,0.0,0.110207103244464,5.5744791483723555,412.6002189571347,0.067,-0.7740182526893186
2022-06-12 14:30:00,0.0,0.2423026645796029,5.330840930284825,394.56711138714905,0.067,-0.858801341100491
2022-06-12 15:00:00,0.0,0.3722472493213464,5.087202712197296,376.5340038171634,0.0645,-0.980578792740728
2022-06-12 15:30:00,0.0,0.446854400805305,4.843564494109766,358.5008962471777,0.0645,-0.9417519558398404
2022-06-12 16:00:00,0.0,0.4180189782216508,4.599926276022237,340.467788677192,0.0635,-0.9029251189389528
2022-06-12 16:30:00,0.0,0.2728945512682835,4.356288057934707,322.4346811072063,0.0635,-0.8640982820380654
2022-06-12 17:00:00,0.0,0.2083994870797985,4.112649839847178,304.40157353722066,0.061,-0.8252714451371779
2022-06-12 17:30:00,0.0,0.2259805734081512,3.869011621759648,286.36846596723495,0.061,
2022-06-12 18:00:00,0.0,0.1228919755318246,,346.53,0.059,
2022-06-12 18:30:00,0.0,0.0704703118322007,,403.732,0.059,
2022-06-12 19:00:00,0.0,0.0653328592107714,,341.473,0.058499999999999996,
2022-06-12 19:30:00,0.0,0.0621185524254151,,282.093,0.058499999999999996,
2022-06-12 20:00:00,0.0,0.0351108442365805,,247.793,0.056499999999999995,
2022-06-12 20:30:00,0.0,0.0206267372729067,,155.847,0.056499999999999995,
2022-06-12 21:00:00,0.6,2.9146910777830966e-05,2.1635440951469405,160.13671297733518,0.057499999999999996,
2022-06-12 21:30:00,0.4,2.8921487481622617e-05,1.2224547308563125,90.4811151305088,0.057499999999999996,
2022-06-12 22:00:00,0.2,2.877237961025713e-05,0.5831546840083813,43.16273214117062,0.0665,
2022-06-12 22:30:00,0.0,2.8104307908220937e-05,0.3584606838757427,26.531798347086845,0.0665,
2022-06-12 23:00:00,0.4,2.7191966871061615e-05,0.1726412623595617,12.778202367370891,0.07250000000000001,
2022-06-12 23:30:00,0.2,2.7083732081437783e-05,0.0268491087347088,1.9872615625406649,0.07250000000000001,
2022-06-13 00:00:00,0.0,2.6938456935766543e-05,1.0385048462472477,76.86589465040342,0.082,
2022-06-13 00:30:00,0.0,2.6650985973610524e-05,0.9755314686600453,72.20486198898668,0.082,
2022-06-13 01:00:00,1.6,2.6471892759141174e-05,0.8489777125327194,62.83786893041033,0.09,
2022-06-13 01:30:00,0.8,2.6544279676838223e-05,0.7002913348264374,51.83270945905995,0.09,
2022-06-13 02:00:00,0.8,2.6293655713524186e-05,0.7641527098476655,56.55946807010542,0.202,
2022-06-13 02:30:00,1.2,2.597470361453195e-05,0.6789576019986403,50.25367353451224,0.202,
2022-06-13 03:00:00,1.2,2.541114567201921e-05,0.6576004409820364,48.67290355094768,0.2635,
2022-06-13 03:30:00,0.8,2.4821185487419337e-05,0.5289612579303339,39.15155569388434,0.2635,
2022-06-13 04:00:00,0.8,2.4339818229124272e-05,0.7428888145002338,54.98560123112126,0.287,
2022-06-13 04:30:00,1.0,2.4168032357686425e-05,0.4858906650636652,35.96364601220765,0.287,
2022-06-13 05:00:00,0.4,2.389685171169485e-05,0.5289612579303339,39.15155569388434,0.299,
2022-06-13 05:30:00,0.2,2.3828417590123304e-05,0.4643192345665123,34.36701667528697,0.299,
2022-06-13 06:00:00,1.0,2.3795567379061236e-05,0.5074379803000759,37.558490435848064,0.28500000000000003,
2022-06-13 06:30:00,0.6,0.0027619631839556,0.5289612579303339,39.15155569388434,0.28500000000000003,
2022-06-13 07:00:00,1.0,0.0028607460788393,0.4643192345665123,34.36701667528697,0.302,
2022-06-13 07:30:00,0.2,2.269186560040832e-05,0.3994594699423352,29.56636133634692,0.302,
2022-06-13 08:00:00,0.0,0.0027863222512618,0.4211037154992733,31.16838014711997,0.304,
2022-06-13 08:30:00,0.4,2.3289952882876963e-05,0.4427236108199121,32.768596652680046,0.304,
2022-06-13 09:00:00,0.4,0.002706983745042,0.3994594699423352,29.56636133634692,0.27649999999999997,
2022-06-13 09:30:00,0.4,0.0027416569725502,0.3560976117714176,26.35689338436208,0.27649999999999997,
2022-06-13 10:00:00,0.6,0.0001095430006004,0.3126374001873078,23.140145713727623,0.2975,
2022-06-13 10:30:00,1.0,0.0001106215429302,0.334379840128385,24.74943247246816,0.2975,-0.2428688916238648
2022-06-13 11:00:00,1.6,0.0064293139392865,0.3126374001873078,23.140145713727623,0.3205,-0.2040420547229773
2022-06-13 11:30:00,1.8,0.0110674838269908,0.2690781935515413,19.91607083298043,0.3205,-0.1652152178220897
2022-06-13 12:00:00,2.4,0.0059226387299195,0.3126374001873078,23.140145713727623,0.375,-0.1263883809212022
2022-06-13 12:30:00,2.0,0.0117180648685989,0.3126374001873078,23.140145713727623,0.375,-0.0875615440203146
2022-06-13 13:00:00,1.0,0.0037641297878176,0.3045903166178287,22.54453339652972,0.4025,-0.1142704934403001
2022-06-13 13:30:00,2.0,2.4032825628468784e-05,0.2965432330483496,21.94892107933182,0.4025,-0.1543697430754772
2022-06-13 14:00:00,2.4,0.0004781233564872,0.2884961494788705,21.35330876213392,0.398,-0.2091272032655451
2022-06-13 14:30:00,1.8,0.0004922646367727,0.2804490659093914,20.75769644493602,0.398,-0.2713816001499006
2022-06-13 15:00:00,1.2,0.0027955789100174,0.2724019823399123,20.16208412773812,0.4175,-0.3253379972732615
2022-06-13 15:30:00,0.6,0.0027918003579521,0.2643548987704332,19.56647181054022,0.4175,-0.3532936406438208
2022-06-13 16:00:00,0.4,0.0044082594421543,0.2563078152009541,18.97085949334232,0.4,-0.3456320281093817
2022-06-13 16:30:00,1.4,0.0043660771115264,0.248260731631475,18.37524717614442,0.4,-0.307238779968585
2022-06-13 17:00:00,2.2,0.0023152509456222,0.2402136480619959,17.77963485894652,0.3985,-0.3191207039320592
2022-06-13 17:30:00,1.6,0.0023409538542433,0.2321665644925168,17.184022541748618,0.3985,-0.3310026278955333
2022-06-13 18:00:00,0.4,0.0096143156025644,,14.134,0.41800000000000004,-0.3428845518590074
2022-06-13 18:30:00,0.0,0.0089450896794281,,16.245,0.41800000000000004,-0.3547664758224815
2022-06-13 19:00:00,0.8,2.2923596763138143e-05,,21.933,0.374,
2022-06-13 19:30:00,1.2,2.2857211376259688e-05,,10.838,0.374,
2022-06-13 20:00:00,0.4,2.2461861299539943e-05,,16.562,0.3915,
2022-06-13 20:30:00,0.8,2.1906731267520072e-05,,18.915,0.3915,
2022-06-13 21:00:00,1.2,2.187461352211544e-05,,14.718,0.3965,-0.4141760956398522
2022-06-13 21:30:00,1.4,2.1454166441399737e-05,,6.199,0.3965,-0.4260580196033263
2022-06-13 22:00:00,2.4,2.110339745933009e-05,0.1597428123672049,11.823511686967514,0.40800000000000003,-0.4379399435668005
2022-06-13 22:30:00,3.0,2.100739016623664e-05,0.2472612650537591,18.301270734968508,0.40800000000000003,-0.4498218675302746
2022-06-13 23:00:00,2.8,0.0011593978867672,0.2035523505509696,15.066115088275437,0.43500000000000005,
2022-06-13 23:30:00,2.2,2.0157952211327237e-05,0.1378001029255918,10.199401796312378,0.43500000000000005,
2022-06-14 00:00:00,2.6,2.062780123516919e-05,-0.0333201901507582,-2.4662246258308,0.43700000000000006,
2022-06-14 00:30:00,2.8,2.022075087988744e-05,0.054246186511814,4.015081559485097,0.43700000000000006,
2022-06-14 01:00:00,2.2,1.9112698757016657e-05,-0.121295613176771,-8.97780675525324,0.44100000000000006,
2022-06-14 01:30:00,2.2,1.9693911247200987e-05,-0.0552754880187179,-4.091266260480073,0.44100000000000006,
2022-06-14 02:00:00,2.4,1.920436059962202e-05,-0.0772564348349814,-5.718206325709943,0.4385,
2022-06-14 02:30:00,1.6,1.9448536208447185e-05,-0.0992631149733973,-7.347051066528677,0.4385,
2022-06-14 03:00:00,1.2,1.8811025299335736e-05,-0.0333201901507582,-2.4662246258308,0.4355,
2022-06-14 03:30:00,0.8,1.893147890701779e-05,-0.0333201901507582,-2.4662246258308,0.4355,
2022-06-14 04:00:00,1.4,1.899136979603452e-05,-0.121295613176771,-8.97780675525324,0.4215,
2022-06-14 04:30:00,1.6,1.92346147380746e-05,-0.0333201901507582,-2.4662246258308,0.4215,
2022-06-14 05:00:00,1.8,1.914284338215976e-05,-0.1433540145588504,-10.610479691656227,0.42500000000000004,-0.1462943624948878
2022-06-14 05:30:00,2.2,1.9022480913138412e-05,-0.1433540145588504,-10.610479691656227,0.42500000000000004,-0.1354869835424451
2022-06-14 06:00:00,1.0,1.8961406393122513e-05,-0.121295613176771,-8.97780675525324,0.4345,-0.1246796045900024
2022-06-14 06:30:00,1.2,1.9022480913138412e-05,-0.1433540145588504,-10.610479691656227,0.4345,-0.1138722256375597
2022-06-14 07:00:00,0.8,1.9082590150575e-05,-0.1654384046063281,-12.245076203114095,0.42300000000000004,-0.1030648466851169
2022-06-14 07:30:00,1.2,1.9355992488328196e-05,-0.1433540145588504,-10.610479691656227,0.42300000000000004,-0.1574841239154815
2022-06-14 08:00:00,0.8,0.0005290132896692,-0.121295613176771,-8.97780675525324,0.41900000000000004,-0.2370169280133471
2022-06-14 08:30:00,1.2,0.0005473825520535,-0.0772564348349814,-5.718206325709943,0.41900000000000004,-0.341781953314031
2022-06-14 09:00:00,0.8,0.0012924172477611,-0.1433540145588504,-10.610479691656227,0.41800000000000004,-0.4617037914937487
2022-06-14 09:30:00,0.8,0.0048650937129485,-0.1654384046063281,-12.245076203114095,0.41800000000000004,-0.57415030428073
2022-06-14 10:00:00,0.8,0.0134409574617186,-0.1433540145588504,-10.610479691656227,0.41800000000000004,-0.6520105977180584
2022-06-14 10:30:00,1.0,0.0150291228368339,-0.0772564348349814,-5.718206325709943,0.41800000000000004,-0.6790646660708485
2022-06-14 11:00:00,1.4,0.0260565198238311,0.0105137944027029,0.7781881960922142,0.41050000000000003,-0.6588879490895171
2022-06-14 11:30:00,1.2,0.0252632510830994,0.0105137944027029,0.7781881960922142,0.41050000000000003,-0.6093108859631812
2022-06-14 12:00:00,0.8,0.033876977660505,0.0978776480848001,7.244504456096031,0.41100000000000003,-0.5492573415828886
2022-06-14 12:30:00,1.0,0.0381221863043161,0.1848403987320951,13.681132704793516,0.41100000000000003,-0.49001611071089
2022-06-14 13:00:00,1.0,0.0354812658031359,0.1631370295596158,12.074737805049905,0.40850000000000003,-0.4361615816475638
2022-06-14 13:30:00,0.8,0.0114520056456122,0.1971096170776882,14.58925022413211,0.40850000000000003,-0.3913148047743032
2022-06-14 14:00:00,1.0,0.0075850983038439,0.2310822045957606,17.103762643214317,0.4055,-0.359457971950207
2022-06-14 14:30:00,1.0,0.0079645946858668,0.265054792113833,19.61827506229652,0.4055,-0.3394750101430428
2022-06-14 15:00:00,0.8,0.0095363157457224,0.2990273796319054,22.132787481378728,0.41300000000000003,-0.3217645723771792
2022-06-14 15:30:00,0.8,0.0097833933109397,0.3329999671499777,24.647299900460933,0.41300000000000003,-0.2942371548752497
2022-06-14 16:00:00,0.6,2.7300506301294197e-05,0.3669725546680501,27.161812319543134,0.41350000000000003,-0.2517718960125177
2022-06-14 16:30:00,1.0,0.0065539267362329,0.4009451421861225,29.676324738625343,0.41350000000000003,-0.1990607118812588
2022-06-14 17:00:00,0.4,0.0407525677607098,0.4349177297041948,32.19083715770755,0.41100000000000003,-0.1462826027898427
2022-06-14 17:30:00,1.4,0.0396722524611723,0.4688903172222672,34.70534957678976,0.41100000000000003,-0.1034320653529967
2022-06-14 18:00:00,0.6,0.0160735794253558,0.5028629047403397,37.21986199587196,0.40750000000000003,-0.0763991442733194
2022-06-14 18:30:00,1.0,0.0142894131226869,,40.144,0.40750000000000003,-0.0654854832956033
2022-06-14 19:00:00,0.6,0.0167326927503542,,46.866,0.401,-0.0670814082610705
2022-06-14 19:30:00,0.4,0.0145375352426791,,68.956,0.401,-0.0771528640677081
2022-06-14 20:00:00,0.0,0.0150553476243295,,80.155,0.3755,-0.0935071182719783
2022-06-14 20:30:00,0.0,0.0155227601079917,,97.532,0.3755,-0.1157274461958524
2022-06-14 21:00:00,0.0,0.0148573583029655,,105.593,0.34850000000000003,-0.1443709414400866
2022-06-14 21:30:00,0.4,0.0151748418737625,0.7406710173668463,54.821448929447406,0.34850000000000003,-0.1808281537994695
2022-06-14 22:00:00,0.0,0.0150043072698113,1.116378876023582,82.62981283568743,0.32,-0.2273461713246432
2022-06-14 22:30:00,0.0,0.0194069375482528,1.0749851796679506,79.5660201969141,0.32,-0.2861808187317603
2022-06-14 23:00:00,0.0,0.0171651956257194,1.2605822992024518,93.30316229028938,0.29000000000000004,-0.3576577496512054
2022-06-14 23:30:00,0.0,0.0163978881198203,1.1576864785367134,85.68723315925051,0.29000000000000004,-0.4378803950989442
2022-06-15 00:00:00,0.0,0.0222894641190057,1.1293410630900018,83.58922107445171,0.27249999999999996,-0.5178864480325631
2022-06-15 00:30:00,0.0,0.0227701013528783,1.0883716818364804,80.55683450956934,0.27249999999999996,-0.5863291082968853
2022-06-15 01:00:00,0.0,0.0236827359559991,1.1088669405511982,82.07380999879416,0.261,-0.6352177748354212
2022-06-15 01:30:00,0.0,0.0216762172244914,1.149794114185061,85.1030725277533,0.261,-0.6650145109174604
2022-06-15 02:00:00,0.0,0.0208650017157879,1.1702261583044054,86.61536913035962,0.2525,-0.685105543835127
2022-06-15 02:30:00,0.0,0.0208379296847441,1.1088669405511982,82.07380999879416,0.2525,-0.7084250583083478
2022-06-15 03:00:00,0.0,0.0276179114002946,1.1702261583044054,86.61536913035962,0.2465,-0.7427975405710304
2022-06-15 03:30:00,0.0,0.0255550073060147,1.353179749636945,100.15684804410547,0.2465,-0.7849053162612221
2022-06-15 04:00:00,0.0,0.0343391310459101,1.3329339101717737,98.65833355082948,0.2415,-0.8222368349034883
2022-06-15 04:30:00,0.0,0.0355772600848584,1.4742290281823254,109.1164221142695,0.2415,-0.8423279145417056
2022-06-15 05:00:00,0.0,0.0321334674535832,1.5545275252450497,115.05978948334156,0.237,-0.8423590096810786
2022-06-15 05:30:00,0.0,0.0286846113373545,1.5144180573282109,112.09105019770377,0.237,-0.8315474999055419
2022-06-15 06:00:00,0.0,0.0184852250427332,1.6345096799191206,120.9797424785592,0.23249999999999998,-0.8250402035314259
2022-06-15 06:30:00,0.0,0.0202131552937245,1.6952375136061106,125.47456913574752,0.23249999999999998,-0.8356561200414349
2022-06-15 07:00:00,0.0,0.0588340999062685,1.7559653472931007,129.96939579293587,0.22999999999999998,-0.8701399292097084
2022-06-15 07:30:00,0.0,0.0591676859485653,1.816693180980091,134.4642224501242,0.22999999999999998,-0.9293358582506877
2022-06-15 08:00:00,0.0,0.0664939906653592,1.8774210146670811,138.95904910731252,0.227,-1.007443639193321
2022-06-15 08:30:00,0.0,0.0670583879429275,1.9381488483540712,143.45387576450088,0.227,-1.0897711532939407
2022-06-15 09:00:00,0.0,0.0828227387428347,1.9988766820410615,147.9487024216892,0.2235,-1.1544279522428416
2022-06-15 09:30:00,0.0,0.0919247185591379,2.0596045157280516,152.44352907887753,0.2235,-1.182694604012265
2022-06-15 10:00:00,0.0,0.0766853373440966,2.1203323494150417,156.9383557360659,0.2205,-1.1734259109708702
2022-06-15 10:30:00,0.0,0.0716728822845844,2.181060183102032,161.4331823932542,0.2205,-1.1468617845532516
2022-06-15 11:00:00,0.0,0.0804701174046386,2.241788016789022,165.92800905044254,0.218,-1.1294706724202497
2022-06-15 11:30:00,0.0,0.0507912739128339,,362.476,0.218,-1.1337708941681688
2022-06-15 12:00:00,0.0,0.0607374108706531,,385.988,0.2155,-1.1548922185167487
2022-06-15 12:30:00,0.0,0.0622355320020924,,376.775,0.2155,-1.184574394712225
2022-06-15 13:00:00,0.0,0.052960575537548,,404.541,0.213,-1.221973121199866
2022-06-15 13:30:00,0.0,0.0062702899303823,,389.576,0.213,-1.2687462652793209
2022-06-15 14:00:00,0.0,0.0222778202345888,,416.141,0.2115,-1.319122654675511
2022-06-15 14:30:00,0.0,0.071806058371078,,426.944,0.2115,-1.3620477190162328
2022-06-15 15:00:00,0.0,0.0785631114527858,,437.711,0.2095,-1.392180027990985
2022-06-15 15:30:00,0.0,0.0773289026965143,,440.034,0.2095,-1.4086398929299482
2022-06-15 16:00:00,0.0,0.0750692775660997,,428.89,0.20750000000000002,-1.3981744981735444
2022-06-15 16:30:00,0.0,0.1256017154139245,,467.53,0.20750000000000002,-1.3332661048904697
2022-06-15 17:00:00,0.0,0.0696021314766195,,461.551,0.20500000000000002,-1.2043415554435462
2022-06-15 17:30:00,0.0,0.0697290708845284,,450.449,0.20500000000000002,-1.0517749906197174
2022-06-15 18:00:00,0.0,0.0042699155449628,,420.498,0.203,-0.9480548427195892
2022-06-15 18:30:00,0.0,0.0042749908018912,,388.338,0.203,-0.9776389565761028
2022-06-15 19:00:00,0.0,0.0139847682491726,,342.355,0.2025,-1.0072230704326164
2022-06-15 19:30:00,0.0,0.0546657861615469,,351.032,0.2025,-1.03680718428913
2022-06-15 20:00:00,0.0,0.0253157992649017,,360.604,0.2005,-1.0663912981456436
2022-06-15 20:30:00,0.0,0.0202146978976066,,332.977,0.2005,
2022-06-15 21:00:00,0.0,0.0184585842455243,,312.845,0.1985,-1.125559525858671
2022-06-15 21:30:00,0.0,2.854897244395146e-05,,289.417,0.1985,-1.1551436397151846
2022-06-15 22:00:00,0.0,0.0130103210535416,3.577800357902805,264.81419550858595,0.198,-1.1847277535716982
2022-06-15 22:30:00,0.0,2.5833681681635627e-05,2.9679812445910247,219.67787102342712,0.198,-1.2143118674282118
2022-06-15 23:00:00,0.0,0.0090924872642095,2.9651215847373353,219.4662106601231,0.197,-1.0301075768014325
2022-06-15 23:30:00,0.0,0.0091350831875943,2.9622619248836455,219.25455029681908,0.197,-0.970444000308924
2022-06-16 00:00:00,0.0,2.4032825628468784e-05,2.959402265029956,219.04288993351503,0.1965,-0.9107804238164158
2022-06-16 00:30:00,0.0,2.4407976960880987e-05,2.956542605176266,218.831229570211,0.1965,-0.8511168473239075
2022-06-16 01:00:00,0.0,2.4032825628468784e-05,2.953682945322577,218.61956920690696,0.196,
2022-06-16 01:30:00,0.0,2.4339818229124272e-05,2.950823285468887,218.40790884360297,0.196,
2022-06-16 02:00:00,0.0,2.4032825628468784e-05,2.9479636256151975,218.1962484802989,0.196,
2022-06-16 02:30:00,0.0,2.3558714866712376e-05,2.9451039657615077,217.98458811699487,0.196,
2022-06-16 03:00:00,0.0,2.3458477494513853e-05,2.9422443059078183,217.7729277536908,0.1955,
2022-06-16 03:30:00,0.0,2.3190552857802348e-05,2.9393846460541284,217.5612673903868,0.1955,-0.4931353883688577
2022-06-16 04:00:00,0.0,2.3123601439819645e-05,,53.478,0.1955,-0.4334718118763495
2022-06-16 04:30:00,0.0,2.3558714866712376e-05,,54.502,0.1955,-0.3738082353838411
2022-06-16 05:00:00,0.0,2.366057221567176e-05,,60.263,0.1955,-0.3141446588913328
2022-06-16 05:30:00,0.0,2.386261680441744e-05,,61.788,0.1955,-0.2544810823988246
2022-06-16 06:00:00,0.0,2.299012349826155e-05,,51.651,0.1955,-0.3279634630084065
2022-06-16 06:30:00,0.0,2.376143814251221e-05,,46.026,0.1955,-0.427496402447315
2022-06-16 07:00:00,0.0,0.0026449378053797,,58.205,0.195,-0.5578537034446526
2022-06-16 07:30:00,0.0,0.0026635120953453,,71.334,0.195,-0.7178005449508009
2022-06-16 08:00:00,0.0,0.0065809126913242,,78.615,0.195,-0.8961848011025726
2022-06-16 08:30:00,0.0,0.0069867758162866,,109.775,0.195,-1.0750998248147396
2022-06-16 09:00:00,0.0,0.0174438429216634,,136.924,0.195,-1.2438959812847254
2022-06-16 09:30:00,0.0,0.0178099237227237,,165.775,0.195,-1.4103769715489658
2022-06-16 10:00:00,0.0,0.0139052951456045,,197.714,0.195,-1.5890069677212948
2022-06-16 10:30:00,0.0,0.0150131417821725,,261.772,0.195,-1.774647556834836
2022-06-16 11:00:00,0.0,0.0646220082878983,,343.847,0.1945,-1.933837010057752
2022-06-16 11:30:00,0.0,0.1083803329748102,,394.589,0.1945,-2.021799361367449
2022-06-16 12:00:00,0.0,0.0971368773134834,,467.137,0.194,-2.001741811686893
2022-06-16 12:30:00,0.0,0.0467005766601712,,502.887,0.194,-1.8570744654934
2022-06-16 13:00:00,0.0,0.0289569494208535,,476.843,0.192,-1.6080369343081171
2022-06-16 13:30:00,0.0,0.0831104503095368,,486.754,0.192,-1.3204323689667634
2022-06-16 14:00:00,0.0,0.0205420057438033,,461.977,0.191,-1.078697198178397
2022-06-16 14:30:00,0.0,0.0731692692694349,,441.256,0.191,-0.9377437617851068
2022-06-16 15:00:00,0.0,0.0781732776369724,,439.633,0.1905,-0.901917399131913
2022-06-16 15:30:00,0.0,0.0765089781688666,,420.058,0.1905,-0.9453796073660276
2022-06-16 16:00:00,0.0,0.0687696643741347,,398.627,0.1895,-1.04108847826939
2022-06-16 16:30:00,0.0,0.0122438980731265,,398.021,0.1895,-1.167494463743518
2022-06-16 17:00:00,0.0,0.0256155249098371,,387.835,0.1885,-1.295798793275546
2022-06-16 17:30:00,0.0,0.0271545612741392,,400.125,0.1885,-1.3801278013684777
2022-06-16 18:00:00,0.0,0.0604220812662423,,429.161,0.188,-1.3685428351016875
2022-06-16 18:30:00,0.0,0.0547421433748953,,429.182,0.188,-1.23424386587555
2022-06-16 19:00:00,0.0,3.8648415040799214e-05,,369.026,0.1875,-1.0014529072115432
2022-06-16 19:30:00,0.0,3.795069047326455e-05,,402.994,0.1875,-0.7360091417378347
2022-06-16 20:00:00,0.0,3.662332912531117e-05,,378.291,0.1865,-0.7330102878301349
2022-06-16 20:30:00,0.0,3.734850980499943e-05,,343.393,0.1865,-0.730011433922435
2022-06-16 21:00:00,0.0,3.3758057524395963e-05,,285.261,0.1855,-0.7270125800147351
2022-06-16 21:30:00,0.0,3.4781661707364674e-05,,228.679,0.1855,-0.7240137261070353
2022-06-16 22:00:00,0.0,3.3392474329447656e-05,,198.952,0.1855,-0.7210148721993355
2022-06-16 22:30:00,0.2,3.013207550573784e-05,2.8307175716139232,209.51817358483345,0.1855,-0.7180160182916355
2022-06-16 23:00:00,0.0,0.0082001612207811,2.0123565988349723,148.94643090405611,0.1905,-1.0489254612206458
2022-06-16 23:30:00,0.0,0.0077355521288132,2.017687609022797,149.3410105431963,0.1905,-1.022751097626552
2022-06-17 00:00:00,0.0,0.0075502614594663,2.0230186192106214,149.73559018233644,0.191,-0.9965767340324584
2022-06-17 00:30:00,0.0,0.0076162284728665,2.028349629398446,150.1301698214766,0.191,-0.9704023704383644
2022-06-17 01:00:00,0.0,0.007207312963909,2.033680639586271,150.5247494606168,0.19,
2022-06-17 01:30:00,0.0,2.6116273850256723e-05,2.0390116497740953,150.91932909975696,0.19,
2022-06-17 02:00:00,0.0,2.5586480963000708e-05,2.04434265996192,151.3139087388971,0.1885,
2022-06-17 02:30:00,0.0,2.5342352952357383e-05,2.0496736701497444,151.7084883780373,0.1885,
2022-06-17 03:00:00,0.0,2.5657134418759616e-05,2.0550046803375692,152.10306801717746,0.188,
2022-06-17 03:30:00,0.0,2.5168220573989084e-05,2.060335690525394,152.49764765631764,0.188,
2022-06-17 04:00:00,0.0,2.5376732589395176e-05,2.0656667007132183,152.8922272954578,0.1875,
2022-06-17 04:30:00,0.0,2.5376732589395176e-05,,36.114,0.1875,
2022-06-17 05:00:00,0.0,2.541114567201921e-05,,34.462,0.187,
2022-06-17 05:30:00,0.0,2.5481452105946365e-05,,36.342,0.187,
2022-06-17 06:00:00,0.0,2.6293655713524186e-05,,39.3,0.1865,
2022-06-17 06:30:00,0.0,2.57626807481102e-05,,53.559,0.1865,-0.6563100073092393
2022-06-17 07:00:00,0.2,2.697436473519058e-05,,57.453,0.1865,-0.6301356437151455
2022-06-17 07:30:00,2.0,2.6759424810277215e-05,,27.299,0.1865,-0.6039612801210518
2022-06-17 08:00:00,2.8,0.003599515101723,,19.452,0.2895,-0.5777869165269579
2022-06-17 08:30:00,1.0,2.7627954200229578e-05,,10.636,0.2895,-0.5516125529328642
2022-06-17 09:00:00,0.4,0.0140725780917748,,7.138,0.352,-0.7150171643839357
2022-06-17 09:30:00,0.0,0.0038745076610271,,7.155,0.352,-0.9065367301178364
2022-06-17 10:00:00,0.0,0.0148254748105806,,35.224,0.3205,-1.078828690236656
2022-06-17 10:30:00,0.0,0.0159671905525893,,68.049,0.3205,-1.1825687013589457
2022-06-17 11:00:00,0.0,0.0258569587712666,,71.642,0.3025,-1.1942222730565295
2022-06-17 11:30:00,0.0,0.0254296390071308,,102.54,0.3025,-1.1249023094351047
2022-06-17 12:00:00,0.0,0.02417390499377,,112.453,0.266,-1.0072442988475256
2022-06-17 12:30:00,0.0,0.0247793512276015,,125.727,0.266,-0.876864250985163
2022-06-17 13:00:00,0.0,0.0291522189186022,,164.239,0.249,-0.7613264706364912
2022-06-17 13:30:00,0.0,0.0162923390565471,,158.892,0.249,-0.6766007734302784
2022-06-17 14:00:00,0.0,0.0137022061707623,,162.037,0.23149999999999998,-0.6269593480796524
2022-06-17 14:30:00,0.0,0.0138816949778758,,179.792,0.23149999999999998,-0.6076405246885355
2022-06-17 15:00:00,0.0,0.0084970441655729,,174.427,0.2195,-0.6102929851919402
2022-06-17 15:30:00,0.0,0.0086077936234894,,178.48,0.2195,-0.6274451084107948
2022-06-17 16:00:00,0.0,0.0079424686456202,,168.538,0.21650000000000003,-0.6525099326419129
2022-06-17 16:30:00,0.0,0.0081303776735624,,165.314,0.21650000000000003,-0.6777036960162587
2022-06-17 17:00:00,0.0,0.0122538876972927,,194.333,0.21450000000000002,-0.6944600653734911
2022-06-17 17:30:00,0.0,0.0120276108446937,,195.055,0.21450000000000002,-0.6955870133885357
2022-06-17 18:00:00,0.0,0.0154948069174402,,184.556,0.21300000000000002,-0.6755293051601402
2022-06-17 18:30:00,0.0,0.0152268639396167,,188.343,0.21300000000000002,-0.6300981118356352
2022-06-17 19:00:00,0.0,0.0157685909902648,,187.867,0.21200000000000002,-0.5596046839366756
2022-06-17 19:30:00,0.0,0.0157319301612467,,152.695,0.21200000000000002,-0.4722115636373248
2022-06-17 20:00:00,0.0,0.0055468146003279,,120.196,0.21000000000000002,-0.5121567432161407
2022-06-17 20:30:00,0.0,0.0054763006926762,,133.856,0.21000000000000002,-0.5521019227949566
2022-06-17 21:00:00,0.0,3.519499171295756e-05,,111.283,0.20950000000000002,-0.5920471023737726
2022-06-17 21:30:00,1.0,3.404197166659722e-05,,89.27,0.20950000000000002,-0.6319922819525885
2022-06-17 22:00:00,1.6,3.3392474329447656e-05,,51.242,0.2395,-0.6719374615314044
2022-06-17 22:30:00,0.2,3.303117294097335e-05,,28.681,0.2395,-0.7118826411102204
2022-06-17 23:00:00,0.0,3.187737162449441e-05,,24.262,0.322,-0.5199977419732084
2022-06-17 23:30:00,0.0,3.1329082352843475e-05,,21.137,0.322,-0.4883829310135525
2022-06-18 00:00:00,0.0,3.062997880469489e-05,,9.662,0.268,-0.4567681200538968
2022-06-18 00:30:00,0.0,2.994003747838271e-05,,5.651,0.268,-0.425153309094241
2022-06-18 01:00:00,0.0,2.978886092341215e-05,,7.026,0.2465,
2022-06-18 01:30:00,0.0,0.0024085082607139,,8.539,0.2465,
2022-06-18 02:00:00,0.0,2.8809982646216876e-05,,8.228,0.239,
2022-06-18 02:30:00,0.0,2.9183333930494853e-05,,5.084,0.239,
2022-06-18 03:00:00,0.0,2.9636675311373782e-05,,7.943,0.236,
2022-06-18 03:30:00,0.8,2.9561549455001053e-05,,1.592,0.236,
2022-06-18 04:00:00,0.6,2.959832938613145e-05,,-2.514,0.273,-0.2038496323766505
2022-06-18 04:30:00,0.2,2.9485025759073216e-05,,-5.996,0.273,-0.1722348214169947
2022-06-18 05:00:00,0.2,2.8921487481622617e-05,,-7.498,0.2925,-0.1406200104573389
2022-06-18 05:30:00,0.0,2.851160658810513e-05,,-6.062,0.2925,-0.1090051994976831
2022-06-18 06:00:00,0.0,2.814130076513904e-05,,-7.491,0.2635,-0.0773903885380274
2022-06-18 06:30:00,0.0,2.7774368397717875e-05,,-5.766,0.2635,-0.1057245193732558
2022-06-18 07:00:00,0.0,0.002124866552884,,-10.149,0.246,-0.1660982598682768
2022-06-18 07:30:00,0.0,0.0021555629015899,,-16.122,0.246,-0.2671083675051729
2022-06-18 08:00:00,0.0,0.0055688226465286,,-5.742,0.239,-0.4060001718743527
2022-06-18 08:30:00,0.0,0.005725680532316,,3.042,0.239,-0.5694183511393368
2022-06-18 09:00:00,0.0,0.0110786347038032,,12.144,0.236,-0.7518278206890363
2022-06-18 09:30:00,0.0,0.0115484327434771,,29.084,0.236,-0.9799461037265464
2022-06-18 10:00:00,0.0,3.653860858022648e-05,,116.038,0.2345,-1.3095706690109097
2022-06-18 10:30:00,0.0,0.0350355337970001,,330.716,0.2345,-1.7717240434621584
2022-06-18 11:00:00,0.0,0.2011121106892518,,406.235,0.23349999999999999,-2.3049105287940863
2022-06-18 11:30:00,0.0,0.2004466912305846,,489.312,0.23349999999999999,-2.7576234277943734
2022-06-18 12:00:00,0.0,0.2661231785761992,,497.235,0.231,-2.9893219535373174
2022-06-18 12:30:00,0.0,0.2914039933242958,,517.826,0.231,-2.980854613776495
2022-06-18 13:00:00,0.0,0.294533451377128,,508.347,0.226,-2.8392130650480314
2022-06-18 13:30:00,0.0,0.3244633612007505,,534.565,0.226,-2.6897275861343344
2022-06-18 14:00:00,0.0,0.4139198023213901,,489.166,0.2215,-2.566740150259576
2022-06-18 14:30:00,0.0,0.4388331141014995,,500.668,0.2215,-2.4163719097558736
2022-06-18 15:00:00,0.0,0.4156984739564338,,492.157,0.211,-2.2037377968170375
2022-06-18 15:30:00,0.0,0.3675770627763787,,448.11,0.211,-1.996170803479139
2022-06-18 16:00:00,0.0,0.3509919678598302,,468.467,0.2025,-1.9110334871294707
2022-06-18 16:30:00,0.0,0.3414476976617076,,449.31,0.2025,-1.8258961707798025
2022-06-18 17:00:00,0.0,0.1619042929324406,,432.041,0.1975,-1.740758854430134
2022-06-18 17:30:00,0.0,0.2685993290074916,,485.241,0.1975,-1.6556215380804655
2022-06-18 18:00:00,0.0,0.2107099648335535,,475.819,0.1925,
2022-06-18 18:30:00,0.0,0.2021676595085902,,513.982,0.1925,
2022-06-18 19:00:00,0.0,0.0853860264301122,,438.327,0.19,
2022-06-18 19:30:00,0.0,0.0871370845059585,,370.965,0.19,
2022-06-18 20:00:00,0.0,0.0860346555339577,,272.683,0.188,
2022-06-18 20:30:00,0.0,0.0834618986111975,,279.103,0.188,
2022-06-18 21:00:00,0.0,0.0423488542058612,,248.415,0.1855,
2022-06-18 21:30:00,0.0,3.515368783130449e-05,,221.27,0.1855,
2022-06-18 22:00:00,0.0,3.303117294097335e-05,,175.847,0.184,-0.8893856909334504
2022-06-18 22:30:00,0.0,3.239131313461301e-05,2.518802566678311,186.43149662237207,0.184,-0.8042483745837821
2022-06-18 23:00:00,0.0,3.295032186546801e-05,2.0300485176127796,150.255914600596,0.1835,-0.5648646267815245
2022-06-18 23:30:00,0.0,3.144557613994091e-05,1.762060743330299,130.4205521561833,0.1835,-0.5603109024237121
2022-06-19 00:00:00,0.0,2.9902966050348084e-05,1.3757411681516687,101.82675225782496,0.183,-0.5557571780658997
2022-06-19 00:30:00,0.0,2.9146910777830966e-05,0.8435974005782708,62.439640175511975,0.183,-0.5512034537080874
2022-06-19 01:00:00,0.0,2.8399713350494872e-05,0.8236105208938326,60.96029282940575,0.182,
2022-06-19 01:30:00,0.0,2.7774368397717875e-05,0.4806582729977079,35.57636568437398,0.182,
2022-06-19 02:00:00,0.0,2.7445699734704247e-05,0.3581491918610959,26.50874297814099,0.1815,
2022-06-19 02:30:00,0.0,2.6902582937193505e-05,0.3581491918610959,26.50874297814099,0.1815,
2022-06-19 03:00:00,0.0,2.6258392924944224e-05,0.2554567590743777,18.90786778867826,0.181,
2022-06-19 03:30:00,0.0,2.6116273850256723e-05,0.2760394421860136,20.43131407532657,0.181,
2022-06-19 04:00:00,0.0,2.608118062092133e-05,0.1107515459947059,8.19737789145723,0.1805,
2022-06-19 04:30:00,0.0,2.6365696203895816e-05,0.0899890486648325,6.660622489492185,0.1805,
2022-06-19 05:00:00,0.0,2.618656119674144e-05,0.1729029931804902,12.797574615638158,0.18,
2022-06-19 05:30:00,0.0,2.586853706785997e-05,0.0275645229188812,2.0402136036512193,0.18,
2022-06-19 06:00:00,0.0,2.6650985973610524e-05,0.0732627181888036,5.42260770226781,0.18,
2022-06-19 06:30:00,0.0,2.6579814711673224e-05,0.118960913458726,8.805001800884401,0.18,
2022-06-19 07:00:00,0.0,2.781105680668246e-05,0.1646591087286484,12.187395899500991,0.18,
2022-06-19 07:30:00,0.0,2.9221308170873098e-05,0.2103573039985709,15.569789998117583,0.18,
2022-06-19 08:00:00,0.0,0.0075908801666248,0.2560554992684933,18.952184096734175,0.1795,
2022-06-19 08:30:00,0.0,0.0079957722345528,0.3017536945384158,22.334578195350765,0.1795,
2022-06-19 09:00:00,0.0,0.0122695757529958,0.3474518898083382,25.716972293967356,0.1795,-0.7191110582341137
2022-06-19 09:30:00,0.0,0.012537733558582,0.3931500850782606,29.099366392583946,0.1795,-0.6339737418844453
2022-06-19 10:00:00,0.0,0.0057084808042044,0.4388482803481831,32.48176049120054,0.1785,-0.5488364255347771
2022-06-19 10:30:00,0.0,0.0062415104870719,0.4845464756181055,35.86415458981713,0.1785,-0.6648626358953164
2022-06-19 11:00:00,0.0,0.2240741340786446,,477.729,0.1785,-0.7250698121229413
2022-06-19 11:30:00,0.0,0.2386866567203427,,446.515,0.1785,-0.7246406128605214
2022-06-19 12:00:00,0.0,0.1219877853333208,,456.128,0.179,-0.706990485377701
2022-06-19 12:30:00,0.0,0.206489486094223,,439.123,0.179,-0.7395160831578337
2022-06-19 13:00:00,0.0,0.2872550362915492,,479.666,0.176,-0.8644866943366062
2022-06-19 13:30:00,0.0,0.318098591603739,,439.982,0.176,-1.0586828666545602
2022-06-19 14:00:00,0.0,0.3426367613070911,,451.945,0.1745,-1.23817867172238
2022-06-19 14:30:00,0.0,0.4433949382017181,,442.377,0.1745,-1.317447782210976
2022-06-19 15:00:00,0.0,0.23784687350802,,433.618,0.172,-1.280779340495845
2022-06-19 15:30:00,0.0,0.2299229170727127,,448.603,0.172,-1.1989179222084188
2022-06-19 16:00:00,0.0,0.2081038637793469,,417.37,0.169,-1.165053219714947
2022-06-19 16:30:00,0.0,0.2493943641089913,,396.922,0.169,-1.179200711266591
2022-06-19 17:00:00,0.0,0.4209143894133159,,425.539,0.167,-1.1933482028182352
2022-06-19 17:30:00,0.0,0.3431033558263772,,414.559,0.167,-1.2074956943698791
2022-06-19 18:00:00,0.0,0.3229841324596085,,358.462,0.1635,-1.221643185921523
2022-06-19 18:30:00,0.0,0.2978588072908348,,482.853,0.1635,
2022-06-19 19:00:00,0.0,0.1284412031195367,,441.3,0.1605,
2022-06-19 19:30:00,0.0,0.2579114734787935,,448.323,0.1605,
2022-06-19 20:00:00,0.0,0.058498462032177,,351.655,0.156,
2022-06-19 20:30:00,0.0,0.0449413457020614,,254.854,0.156,
2022-06-19 21:00:00,0.0,0.0313192982650495,,217.6,0.1515,
2022-06-19 21:30:00,0.0,0.0185110184317994,,168.697,0.1515,
2022-06-19 22:00:00,0.0,3.117315308598607e-05,,153.939,0.1495,
2022-06-19 22:30:00,0.0,0.0175357697021596,,128.127,0.1495,
2022-06-19 23:00:00,0.0,0.0268583186749485,1.627001357366166,120.42400705523193,0.1495,
2022-06-19 23:30:00,0.0,0.020257086731831,1.5307312826653234,113.29848862680882,0.1495,
2022-06-20 00:00:00,0.0,3.0978191427504694e-05,2.1637984981411207,160.1555428497427,0.1495,
2022-06-20 00:30:00,0.0,3.0208193578321032e-05,1.8883688733723256,139.76936497336337,0.1495,
2022-06-20 01:00:00,0.0,3.013207550573784e-05,1.7691972813094343,130.94876960115246,0.149,
2022-06-20 01:30:00,0.0,2.9561549455001053e-05,1.6493298585219325,122.0766716756644,0.149,
2022-06-20 02:00:00,0.0,2.8883783507465197e-05,1.4884023959108856,110.16547700756324,0.1495,
2022-06-20 02:30:00,0.0,2.8734810665996177e-05,1.4277236488261285,105.67428354054212,0.1495,
2022-06-20 03:00:00,0.0,2.814130076513904e-05,1.265014027360858,93.63118074005806,0.15,
2022-06-20 03:30:00,0.0,2.79581500579373e-05,1.1831609726233416,87.5727513499561,0.15,
2022-06-20 04:00:00,0.0,2.7774368397717875e-05,1.142108094876919,84.5341847150912,0.15,
2022-06-20 04:30:00,0.0,2.7155854767812608e-05,1.28542502050206,95.14191923508884,0.15,
2022-06-20 05:00:00,0.0,2.7264292631173747e-05,1.0597470349371108,78.43815485109415,0.15,
2022-06-20 05:30:00,0.0,2.7083732081437783e-05,1.03910319751131,76.91018217144247,0.15,
2022-06-20 06:00:00,0.0,2.740935055048091e-05,1.0184377983594453,75.38061358073647,0.15,
2022-06-20 06:30:00,0.0,2.6795163676127593e-05,1.1215498412885925,83.01254660215706,0.15,
2022-06-20 07:00:00,0.0,2.7554950680070244e-05,1.0597470349371108,78.43815485109415,0.15,
2022-06-20 07:30:00,0.0,2.8067349052283917e-05,1.3058152331020034,96.6511196391796,0.15,
2022-06-20 08:00:00,0.0,0.0019366843186568,1.3465335699534144,99.66492492094623,0.15,
2022-06-20 08:30:00,0.0,0.0020006751834969,1.359491347077249,100.62400675374006,0.15,
2022-06-20 09:00:00,0.0,0.0062287622250065,1.3724491242010832,101.58308858653386,0.1505,-1.363118101437964
2022-06-20 09:30:00,0.0,0.0063478762881125,1.3854069013249175,102.54217041932768,0.1505,-1.377265592989608
2022-06-20 10:00:00,0.0,0.0184728054968863,1.398364678448752,103.50125225212147,0.1505,-1.391413084541252
2022-06-20 10:30:00,0.0,0.0204441169706009,1.4113224555725865,104.46033408491527,0.1505,-1.4055605760928962
2022-06-20 11:00:00,0.0,0.1029426901768531,1.424280232696421,105.4194159177091,0.151,-1.4197080676445402
2022-06-20 11:30:00,0.0,0.1107000790545588,1.4372380098202553,106.37849775050292,0.151,-1.5950302641689869
2022-06-20 12:00:00,0.2,0.026618410733617,1.4501957869440898,107.33757958329672,0.151,-1.5782795002096814
2022-06-20 12:30:00,0.0,0.0305157171220263,1.463153564067924,108.29666141609052,0.151,-1.3884756785671435
2022-06-20 13:00:00,0.0,0.216557241688818,1.4761113411917586,109.25574324888434,0.1515,-1.0920648154131003
2022-06-20 13:30:00,0.0,0.1826900012832463,,378.989,0.1515,-0.7703651431672873
2022-06-20 14:00:00,0.0,0.2401906935443573,,453.421,0.152,-0.4980638737654867
2022-06-20 14:30:00,0.4,0.17828345949395,,222.801,0.152,-0.3262109317892736
2022-06-20 15:00:00,0.2,0.0234716261014279,,237.761,0.161,-0.2688223597266524
2022-06-20 15:30:00,0.0,3.752045360748856e-05,,335.803,0.161,-0.3040427016552384
2022-06-20 16:00:00,0.0,0.0864898173784829,,365.73,0.1605,-0.3915132874380864
2022-06-20 16:30:00,0.0,0.1139573611434288,,336.524,0.1605,-0.4794223791124044
2022-06-20 17:00:00,0.0,0.0905242906533145,,374.23,0.1565,-0.5673314707867224
2022-06-20 17:30:00,0.0,0.0684718101221889,,336.557,0.1565,-0.6552405624610405
2022-06-20 18:00:00,0.0,0.1101067570105052,,345.962,0.1515,-0.7431496541353584
2022-06-20 18:30:00,0.0,0.0563083235619241,,376.113,0.1515,
2022-06-20 19:00:00,0.0,3.662332912531117e-05,,356.075,0.14950000000000002,
2022-06-20 19:30:00,0.4,3.4205635288323394e-05,,254.12,0.14950000000000002,
2022-06-20 20:00:00,0.0,0.0092376617539801,,166.57,0.14900000000000002,
2022-06-20 20:30:00,0.0,0.0092935413097243,,144.126,0.14900000000000002,
2022-06-20 21:00:00,0.0,3.0208193578321032e-05,,146.696,0.14800000000000002,
2022-06-20 21:30:00,0.0,2.9033291171632532e-05,,124.734,0.14800000000000002,
2022-06-20 22:00:00,0.0,2.851160658810513e-05,1.709351329420778,126.5192162391729,0.14700000000000002,
2022-06-20 22:30:00,0.0,2.7591435480352944e-05,1.4884023959108856,110.16547700756324,0.14700000000000002,
2022-06-20 23:00:00,0.0,2.7627954200229578e-05,1.3465335699534144,99.66492492094623,0.14700000000000002,
2022-06-20 23:30:00,0.0,2.8067349052283917e-05,1.3058152331020034,96.6511196391796,0.14700000000000002,
2022-06-21 00:00:00,0.2,2.8067349052283917e-05,1.0919627797780622,80.82263293800652,0.14650000000000002,
2022-06-21 00:30:00,1.0,0.0041736221143071,0.7416965213602819,54.89735255397823,0.14650000000000002,
2022-06-21 01:00:00,0.4,0.0051624296845236,0.5326873793091039,39.42734800664064,0.159,
2022-06-21 01:30:00,0.2,2.814130076513904e-05,0.4061890582757859,30.06445802770935,0.159,
2022-06-21 02:00:00,0.0,2.7300506301294197e-05,0.3850248878476637,28.497972420665864,0.1765,
2022-06-21 02:30:00,0.0,2.711977650685282e-05,0.3426263558177215,25.35980594207691,0.1765,
2022-06-21 03:00:00,0.2,2.6902582937193505e-05,0.2575464379112077,19.06253729638965,0.182,
2022-06-21 03:30:00,0.0,2.6223163795089992e-05,0.1934866270768097,14.321091275492316,0.182,
2022-06-21 04:00:00,0.0,2.541114567201921e-05,0.2362170916149818,17.48382604502459,0.1835,
2022-06-21 04:30:00,0.0,2.5306633599255708e-05,0.1292103487628047,9.563623214310018,0.1835,
2022-06-21 05:00:00,0.0,2.492425274865588e-05,0.1292103487628047,9.563623214310018,0.184,
2022-06-21 05:30:00,0.0,2.513267772622862e-05,0.0431682997383272,3.1951415459579966,0.184,
2022-06-21 06:00:00,0.0,2.5306633599255708e-05,0.0215964887938727,1.598484049879162,0.1835,
2022-06-21 06:30:00,0.0,2.5481452105946365e-05,0.0,0.0,0.1835,
2022-06-21 07:00:00,0.0,2.5306633599255708e-05,0.09088021459377,6.7265829581960865,0.184,
2022-06-21 07:30:00,0.0,2.600969466871188e-05,0.1817604291875401,13.453165916392171,0.184,
2022-06-21 08:00:00,0.0,2.6544279676838223e-05,0.2726406437813101,20.17974887458826,0.184,
2022-06-21 08:30:00,0.0,2.7995008303509975e-05,0.3635208583750802,26.906331832784343,0.184,
2022-06-21 09:00:00,0.0,3.0208193578321032e-05,0.4544010729688502,33.632914790980436,0.1835,
2022-06-21 09:30:00,0.0,3.331269792334119e-05,0.5452812875626203,40.35949774917652,0.1835,-1.7101496625528565
2022-06-21 10:00:00,0.0,0.0276976336426157,0.6361615021563903,47.0860807073726,0.183,-1.7980587542271742
2022-06-21 10:30:00,0.0,0.0490466695144588,0.7270417167501604,53.81266366556869,0.183,-1.885967845901492
2022-06-21 11:00:00,0.0,0.2601389655736292,0.8179219313439304,60.53924662376478,0.1805,-1.97387693757581
2022-06-21 11:30:00,0.0,0.2687010841277172,0.9088021459377004,67.26582958196087,0.1805,-2.061786029250128
2022-06-21 12:00:00,0.0,0.3358825089410304,,469.544,0.17049999999999998,-2.095176171181339
2022-06-21 12:30:00,0.0,0.308313945689007,,465.14,0.17049999999999998,-1.849766296756206
2022-06-21 13:00:00,0.0,0.2194159741768421,,439.355,0.156,-1.4859388683165284
2022-06-21 13:30:00,0.0,0.2523719628914277,,447.232,0.156,-1.1857201986886292
2022-06-21 14:00:00,0.0,0.1849375713696417,,442.871,0.152,-1.0477990800695332
2022-06-21 14:30:00,0.0,0.1333221769699792,,411.196,0.152,-1.0646832602655376
2022-06-21 15:00:00,0.0,0.4036283928585031,,395.037,0.15,-1.1619768489399367
2022-06-21 15:30:00,0.0,0.3919188928582182,,439.951,0.15,-1.245492336360729
2022-06-21 16:00:00,0.0,0.3592896377655553,,393.636,0.1485,-1.2350713700804377
2022-06-21 16:30:00,0.0,0.3265435131721731,,420.737,0.1485,-1.0954555641323642
2022-06-21 17:00:00,0.0,0.223060189151699,,397.026,0.1465,-0.8601407350323713
2022-06-21 17:30:00,0.0,0.2483589324913817,,431.913,0.1465,-0.6189892004628376
2022-06-21 18:00:00,0.0,0.182638538902472,,406.017,0.14300000000000002,-0.5962239508874291
2022-06-21 18:30:00,0.0,0.2556419207604041,,382.622,0.14300000000000002,-0.5734587013120207
2022-06-21 19:00:00,0.0,0.1901652605866016,,385.903,0.14100000000000001,-0.5506934517366122
2022-06-21 19:30:00,0.0,0.1847615647658335,,348.951,0.14100000000000001,-0.5279282021612037
2022-06-21 20:00:00,0.0,0.1743859762822222,,359.882,0.139,
2022-06-21 20:30:00,0.0,0.1702152555255435,,334.922,0.139,
2022-06-21 21:00:00,0.0,0.0903681897604826,,251.056,0.137,-0.4596324534349784
2022-06-21 21:30:00,0.0,0.0767828935744666,,211.364,0.137,-0.4368672038595699
2022-06-21 22:00:00,0.0,0.0512444231264198,,172.174,0.136,-0.4141019542841615
2022-06-21 22:30:00,0.0,0.0482428516007524,2.9081668670006415,215.25065466227477,0.136,-0.391336704708753
2022-06-21 23:00:00,0.0,0.0444517517953476,2.511581324792548,185.89700973957903,0.135,
2022-06-21 23:30:00,0.0,3.756351760627554e-05,2.262346498647861,167.44966405902932,0.135,
2022-06-22 00:00:00,0.0,3.8734359909475526e-05,1.8174589554402525,134.52090195354052,0.134,
2022-06-22 00:30:00,0.0,0.0448656175275349,1.75877992599664,130.17771943330527,0.134,
2022-06-22 01:00:00,0.0,0.0445575116408046,1.6409154905389534,121.45387446362771,0.134,-0.273426267881534
2022-06-22 01:30:00,0.0,0.0469418166761742,1.75877992599664,130.17771943330527,0.134,-0.2688725435237217
2022-06-22 02:00:00,0.0,0.045939638318591,1.6999326009258946,125.82208035690462,0.1335,-0.2643188191659094
2022-06-22 02:30:00,0.0,0.0446469356074293,1.7195671670583288,127.27535089030256,0.1335,-0.259765094808097
2022-06-22 03:00:00,0.0,3.838583573054792e-05,1.7195671670583288,127.27535089030256,0.1325,-0.2552113704502847
2022-06-22 03:30:00,0.0,0.0611072964095414,1.6999326009258946,125.82208035690462,0.1325,-0.2450776113036443
2022-06-22 04:00:00,0.0,3.821140429993432e-05,1.6999326009258946,125.82208035690462,0.132,-0.2280133057223656
2022-06-22 04:30:00,0.0,3.717706580626474e-05,1.6212051303206032,119.99499396100896,0.132,-0.2066089025507027
2022-06-22 05:00:00,0.0,0.037697142370154,1.6802791699038573,124.36741352129197,0.1315,-0.1879700857314017
2022-06-22 05:30:00,0.0,3.5653147602019764e-05,1.6014756814595494,118.53470059488322,0.1315,-0.1841891028501207
2022-06-22 06:00:00,0.0,3.552828802827067e-05,1.5223658663866078,112.6793146203416,0.131,-0.2065174546717268
2022-06-22 06:30:00,0.0,3.611513670987334e-05,1.992500906963958,147.47679354503614,0.131,-0.255250833914582
2022-06-22 07:00:00,0.0,3.653860858022648e-05,2.4522298608262414,181.50405635754427,0.1305,-0.3152407398048807
2022-06-22 07:30:00,0.0,3.6835678740633714e-05,2.7532788029647675,203.78647165358817,0.1305,-0.3634200609544648
2022-06-22 08:00:00,0.0,3.679314618140097e-05,3.2702929985327036,242.05375450055385,0.1305,-0.3832842820012404
2022-06-22 08:30:00,0.0,3.4987072144068906e-05,3.3249774530908742,246.1012748739757,0.1305,-0.3768720792822232
2022-06-22 09:00:00,0.0,0.0042749908018912,3.2974916490799075,244.06688772294495,0.13,-0.3685714551333446
2022-06-22 09:30:00,0.4,0.0041731979389338,3.2700058450689413,242.03250057191417,0.13,-0.3981996579358289
2022-06-22 10:00:00,0.0,0.0013427016976647,3.242520041057974,239.9981134208834,0.14100000000000001,-0.502672802058572
2022-06-22 10:30:00,0.0,0.0013910599209416,3.2150342370470084,237.96372626985263,0.14100000000000001,-0.6904235133640997
2022-06-22 11:00:00,0.0,0.0214409477488534,3.1875484330360417,235.92933911882187,0.1495,-0.9257379955403708
2022-06-22 11:30:00,0.0,0.0228790570977942,3.1600626290250755,233.89495196779112,0.1495,-1.146270904577598
2022-06-22 12:00:00,0.0,0.0136887350309624,3.132576825014109,231.86056481676033,0.14350000000000002,-1.3087572220832284
2022-06-22 12:30:00,0.0,0.1463784312485917,3.1050910210031426,229.82617766572957,0.14350000000000002,-1.4177174610121506
2022-06-22 13:00:00,0.0,0.2697325584096121,3.077605216992176,227.7917905146988,0.1345,-1.5033719513717332
2022-06-22 13:30:00,0.0,0.2821227989803863,3.0501194129812097,225.75740336366803,0.1345,-1.5771657265365502
2022-06-22 14:00:00,0.0,0.1338262888789339,,438.047,0.1345,-1.6185703826473403
2022-06-22 14:30:00,0.0,0.2721936265536474,,484.015,0.1345,-1.6041918705300382
2022-06-22 15:00:00,0.0,0.2022703439167092,,452.363,0.1345,-1.5405049344284558
2022-06-22 15:30:00,0.0,0.2235006492548977,,465.191,0.1345,-1.4634652338796752
2022-06-22 16:00:00,0.0,0.3797564718228559,,390.385,0.1335,-1.4079034042695466
2022-06-22 16:30:00,0.0,0.3984568102842321,,456.49,0.1335,-1.377683760420178
2022-06-22 17:00:00,0.0,0.3045098259685491,,412.618,0.132,-1.340438264187605
2022-06-22 17:30:00,0.0,0.2619850758905041,,425.483,0.132,-1.2485212273960589
2022-06-22 18:00:00,0.0,0.0784674118567438,,384.645,0.1305,-1.2273086123813566
2022-06-22 18:30:00,0.0,0.0752764935711326,,387.813,0.1305,-1.206095997366654
2022-06-22 19:00:00,0.0,0.292416799274064,,406.63,0.1285,-1.1848833823519518
2022-06-22 19:30:00,0.0,0.278796197185238,,463.779,0.1285,-1.1636707673372495
2022-06-22 20:00:00,0.0,0.0704187025735912,,376.778,0.1255,
2022-06-22 20:30:00,0.0,0.0878905552532771,,370.321,0.1255,
2022-06-22 21:00:00,0.0,0.0477973562707209,,309.021,0.124,
2022-06-22 21:30:00,0.0,0.0273528483679699,,260.298,0.124,
2022-06-22 22:00:00,0.0,0.0214054190568729,,224.674,0.1235,
2022-06-22 22:30:00,0.0,0.0175570142943141,,193.811,0.1235,
2022-06-22 23:00:00,0.0,0.0217508792344085,2.527889136772847,187.10404749408343,0.1235,-0.37544417949866
2022-06-22 23:30:00,0.0,0.0190571007808758,2.1468646492093657,158.9021683924951,0.1235,-0.3740162797150969
2022-06-23 00:00:00,0.0,2.9372021514339375e-05,1.526854062724467,113.01151261452804,0.1235,-0.3725883799315336
2022-06-23 00:30:00,0.0,2.8659775033925233e-05,1.2101249754842238,89.56851690728341,0.1235,-0.3711604801479705
2022-06-23 01:00:00,0.0,2.7591435480352944e-05,0.989424931851365,73.23319948962748,0.123,
2022-06-23 01:30:00,0.0,2.8067349052283917e-05,0.7458119657248864,55.20196096684448,0.123,
2022-06-23 02:00:00,1.2,2.821538850376113e-05,0.7049133625897694,52.17481310971826,0.121,
2022-06-23 02:30:00,0.0,2.6830936314465047e-05,0.7551770685528137,55.89512769588089,0.121,
2022-06-23 03:00:00,0.0,2.5939746154101555e-05,0.805440774515858,59.61544228204352,0.14300000000000002,
2022-06-23 03:30:00,0.0,2.5098535959493836e-05,0.8557044804789024,63.335756868206154,0.14300000000000002,
2022-06-23 04:00:00,0.0,0.0037678257246445,0.9059681864419468,67.05607145436879,0.14700000000000002,
2022-06-23 04:30:00,0.0,2.495958328613873e-05,0.956231892404991,70.77638604053142,0.14700000000000002,
2022-06-23 05:00:00,0.0,2.4993588956392983e-05,1.0064955983680353,74.49670062669405,0.14700000000000002,
2022-06-23 05:30:00,0.0,2.4785996285137452e-05,1.0567593043310797,78.21701521285668,0.14700000000000002,
2022-06-23 06:00:00,0.0,2.492425274865588e-05,1.107023010294124,81.93732979901932,0.14600000000000002,
2022-06-23 06:30:00,0.0,2.4579650240962487e-05,1.1572867162571685,85.65764438518195,0.14600000000000002,
2022-06-23 07:00:00,0.0,2.5586480963000708e-05,1.2075504222202125,89.37795897134458,0.14450000000000002,
2022-06-23 07:30:00,0.6,2.615140070619018e-05,,15.541,0.14450000000000002,
2022-06-23 08:00:00,1.0,2.6471892759141174e-05,,9.429,0.1685,
2022-06-23 08:30:00,0.2,2.6866742732449057e-05,,11.637,0.1685,
2022-06-23 09:00:00,0.0,2.7518499793196832e-05,,14.167,0.195,
2022-06-23 09:30:00,0.2,2.9711932489174568e-05,,26.785,0.195,
2022-06-23 10:00:00,0.0,0.0023757663140138,,61.323,0.178,-0.9727572322049284
2022-06-23 10:30:00,0.4,0.002363320941075,,61.312,0.178,-0.951544617190226
2022-06-23 11:00:00,0.0,0.0911945125707163,,141.984,0.192,-0.9303320021755236
2022-06-23 11:30:00,0.0,0.0909752197844024,,232.197,0.192,-0.9091193871608212
2022-06-23 12:00:00,0.0,0.0410500697975652,,234.622,0.183,-0.8879067721461189
2022-06-23 12:30:00,0.0,0.0618764886867031,,378.035,0.183,-0.9191225510370044
2022-06-23 13:00:00,0.0,0.1344116882050014,,358.144,0.178,-0.8991778780648442
2022-06-23 13:30:00,0.0,0.0837733274043317,,328.698,0.178,-0.8557655402686997
2022-06-23 14:00:00,0.0,0.1185005022066241,,299.113,0.17149999999999999,-0.7986458778525313
2022-06-23 14:30:00,0.0,0.1655415900830669,,407.277,0.17149999999999999,-0.7233461354783244
2022-06-23 15:00:00,0.0,0.1916189478201554,,407.959,0.16399999999999998,-0.6266124708022928
2022-06-23 15:30:00,0.0,0.1654581540470476,,404.718,0.16399999999999998,-0.5179088151517569
2022-06-23 16:00:00,0.0,0.1773880994875478,,396.19,0.146,-0.4200961604300024
2022-06-23 16:30:00,0.0,0.2003952659506939,,437.832,0.146,-0.3556510954221165
2022-06-23 17:00:00,0.0,0.2309981264487339,,398.744,0.14100000000000001,-0.3731873679276343
2022-06-23 17:30:00,0.0,0.2206170707537449,,378.755,0.14100000000000001,-0.390723640433152
2022-06-23 18:00:00,0.0,0.3099603332721846,,392.707,0.14100000000000001,-0.4082599129386698
2022-06-23 18:30:00,0.0,0.2866774797839387,,427.41,0.14100000000000001,-0.4257961854441876
2022-06-23 19:00:00,0.0,0.2562314848787201,,462.11,0.1395,
2022-06-23 19:30:00,0.0,0.2180959122412321,,392.723,0.1395,
2022-06-23 20:00:00,0.0,0.1271543530126366,,411.315,0.1375,
2022-06-23 20:30:00,0.0,0.164931959728268,,383.532,0.1375,
2022-06-23 21:00:00,0.0,0.0548797406723347,,337.245,0.1375,
2022-06-23 21:30:00,0.0,0.0600651601523674,,286.928,0.1375,
2022-06-23 22:00:00,0.0,0.036121150638743,,254.256,0.1365,
2022-06-23 22:30:00,0.0,0.0510068256250012,2.765725307074586,204.7077111423862,0.1365,
2022-06-23 23:00:00,0.0,0.036504198749326,2.203018212766239,163.05842622432397,0.1355,
2022-06-23 23:30:00,0.0,0.0348353686876831,1.9352022959143445,143.23578396624652,0.1355,
2022-06-24 00:00:00,0.0,0.0463927096277345,1.393036453175245,103.10687874098478,0.1345,
2022-06-24 00:30:00,0.0,0.0319615488477114,1.136589929920859,84.12575264305147,0.1345,
2022-06-24 01:00:00,0.0,0.0287493809916049,0.9971235024614056,73.80301629848344,0.1345,
2022-06-24 01:30:00,0.0,0.039299018119706,0.9370496866779224,69.35659738002846,0.1345,
2022-06-24 02:00:00,0.0,0.0241195737624211,0.7151932305233277,52.93568702230164,0.134,
2022-06-24 02:30:00,0.0,0.0146864828899038,0.5726865927723477,42.38792670713974,0.134,
2022-06-24 03:00:00,0.6,0.0087891834300431,0.5927050746427165,43.86961311820386,0.1295,
2022-06-24 03:30:00,1.0,2.2036792762271363e-05,0.6127235565130853,45.35129952926798,0.1295,
2022-06-24 04:00:00,1.2,0.0058655601052598,0.6327420383834541,46.8329859403321,0.1945,
2022-06-24 04:30:00,1.4,0.0063400475970852,0.6527605202538229,48.31467235139622,0.1945,
2022-06-24 05:00:00,1.8,2.0002751953599464e-05,0.6727790021241917,49.79635876246034,0.27749999999999997,
2022-06-24 05:30:00,1.4,0.0027374482844105,0.6927974839945606,51.27804517352446,0.27749999999999997,
2022-06-24 06:00:00,1.0,1.938755523578443e-05,0.7128159658649295,52.75973158458858,0.3005,
2022-06-24 06:30:00,0.8,1.941802761227712e-05,0.7328344477352983,54.241417995652704,0.3005,
2022-06-24 07:00:00,0.8,1.929523133403088e-05,0.7528529296056671,55.72310440671682,0.312,
2022-06-24 07:30:00,0.4,1.917414254085734e-05,0.7728714114760359,57.20479081778094,0.312,
2022-06-24 08:00:00,0.4,2.012660790849096e-05,,1.817,0.3155,
2022-06-24 08:30:00,0.4,2.1809250752999217e-05,,-6.272,0.3155,
2022-06-24 09:00:00,0.0,2.2593081150686816e-05,,2.965,0.2955,
2022-06-24 09:30:00,0.0,2.2560223421108573e-05,,12.329,0.2955,-0.6011589104993655
2022-06-24 10:00:00,0.2,0.0068374659569392,,6.996,0.2585,-0.6186951830048834
2022-06-24 10:30:00,0.2,0.0069768131044564,,4.734,0.2585,-0.6362314555104012
2022-06-24 11:00:00,0.0,0.0204026529163588,,19.243,0.252,-0.6537677280159189
2022-06-24 11:30:00,0.0,0.0217488550875546,,19.821,0.252,-0.6713040005214367
2022-06-24 12:00:00,0.0,0.0337842636525276,,57.853,0.235,-0.8839990680674981
2022-06-24 12:30:00,0.0,0.0341476719966791,,98.583,0.235,-1.0771633060213095
2022-06-24 13:00:00,0.0,0.04478579948065,,154.671,0.2255,-1.2473358957848224
2022-06-24 13:30:00,0.0,0.081510674061762,,225.459,0.2255,-1.393972428009164
2022-06-24 14:00:00,0.0,0.0681107658316841,,289.903,0.2195,-1.5006015550807683
2022-06-24 14:30:00,0.0,0.0766261841186386,,368.932,0.2195,-1.5357416508579964
2022-06-24 15:00:00,0.0,0.2381085732063496,,415.209,0.2145,-1.479627544442426
2022-06-24 15:30:00,0.0,0.1705938609892868,,390.792,0.2145,-1.3517277109918813
2022-06-24 16:00:00,0.0,0.0237878243587208,,307.571,0.20950000000000002,-1.2033074673703088
2022-06-24 16:30:00,0.0,0.024559261379175,,355.667,0.20950000000000002,-1.0783597468749384
2022-06-24 17:00:00,0.0,0.0318448063337059,,324.278,0.20600000000000002,-0.9900702032083536
2022-06-24 17:30:00,0.0,0.0961727281341815,,302.017,0.20600000000000002,-0.932872177403886
2022-06-24 18:00:00,0.0,0.1042835133748991,,306.833,0.2015,-0.8970227004940333
2022-06-24 18:30:00,0.0,0.0287643332026436,,350.759,0.2015,-0.8666829690481931
2022-06-24 19:00:00,0.0,2.9864383502258776e-05,,312.338,0.197,-0.9379129483244945
2022-06-24 19:30:00,0.0,3.0323396658217114e-05,,306.883,0.197,-1.0091429276007955
2022-06-24 20:00:00,0.0,2.9978687075037876e-05,,275.392,0.192,-1.0803729068770969
2022-06-24 20:30:00,0.0,2.8659775033925233e-05,,264.325,0.192,-1.1516028861533982
2022-06-24 21:00:00,0.0,2.792132579120251e-05,,225.349,0.1865,
2022-06-24 21:30:00,0.0,2.7083732081437783e-05,,184.013,0.1865,
2022-06-24 22:00:00,0.0,2.6507359011527425e-05,,157.428,0.183,
2022-06-24 22:30:00,0.0,2.618656119674144e-05,1.3734258675871005,101.65538314970456,0.183,-1.4365228032586033
2022-06-24 23:00:00,0.0,2.5691819406944564e-05,1.1167261121397098,82.6555138372933,0.1815,
2022-06-24 23:30:00,0.0,2.5376732589395176e-05,1.0968424077760868,81.18380310777962,0.1815,
2022-06-25 00:00:00,0.0,2.5098535959493836e-05,0.6835651680489233,50.594706788132235,0.1795,
2022-06-25 00:30:00,0.0,0.0102669191578894,0.7184140530207956,53.174079172008646,0.1795,
2022-06-25 01:00:00,0.0,0.0095782148512843,0.7532629379926681,55.75345155588506,0.1785,
2022-06-25 01:30:00,0.0,2.3390961103196077e-05,0.7881118229645404,58.33282393976147,0.1785,
2022-06-25 02:00:00,0.0,2.2956842455476855e-05,0.8229607079364127,60.91219632363788,0.177,
2022-06-25 02:30:00,0.0,2.213377890361061e-05,0.8578095929082852,63.49156870751429,0.177,
2022-06-25 03:00:00,0.0,2.2101415206849497e-05,0.8926584778801575,66.0709410913907,0.1765,
2022-06-25 03:30:00,0.0,2.142254239945041e-05,0.92750736285203,68.65031347526711,0.1765,
2022-06-25 04:00:00,0.0,2.0911709180219547e-05,0.9623562478239024,71.22968585914353,0.1765,
2022-06-25 04:30:00,0.0,2.0565235285475636e-05,0.9972051327957746,73.80905824301993,0.1765,
2022-06-25 05:00:00,0.0,1.9971589419418823e-05,1.032054017767647,76.38843062689634,0.176,
2022-06-25 05:30:00,0.0,1.9786526883859147e-05,,44.256,0.176,
2022-06-25 06:00:00,0.0,1.941802761227712e-05,,34.767,0.1755,
2022-06-25 06:30:00,0.0,1.963234950156774e-05,,32.103,0.1755,
2022-06-25 07:00:00,0.0,1.984730477582378e-05,,34.497,0.1745,
2022-06-25 07:30:00,0.0,1.9724746704263755e-05,,36.044,0.1745,
2022-06-25 08:00:00,0.0,2.0439356277869107e-05,,36.064,0.1745,
2022-06-25 08:30:00,0.0,2.1777238958862854e-05,,41.352,0.1745,
2022-06-25 09:00:00,0.0,2.4717075866233703e-05,,79.69,0.1745,-1.5077527825349046
2022-06-25 09:30:00,0.0,2.711977650685282e-05,,139.198,0.1745,-1.578982761811206
2022-06-25 10:00:00,0.0,2.9636675311373782e-05,,211.11,0.1735,-1.6502127410875072
2022-06-25 10:30:00,0.0,3.561149629736711e-05,,339.127,0.1735,-1.7214427203638083
2022-06-25 11:00:00,0.0,0.1422225556175867,,373.811,0.1725,-1.976793725682198
2022-06-25 11:30:00,0.0,0.1447003217926682,,431.986,0.1725,-2.1561826116248333
2022-06-25 12:00:00,0.0,0.0245334274391029,,440.753,0.172,-2.238882558039987
2022-06-25 12:30:00,0.0,0.0231383855535858,,476.878,0.172,-2.220118644940359
2022-06-25 13:00:00,0.0,0.0400921749516689,,438.618,0.16999999999999998,-2.1325815116539113
2022-06-25 13:30:00,0.0,0.0404093802063515,,456.074,0.16999999999999998,-2.0364646325564997
2022-06-25 14:00:00,0.0,0.0373439856092749,,441.591,0.16949999999999998,-1.9744569594696315
2022-06-25 14:30:00,0.0,0.1544777855785532,,413.101,0.16949999999999998,-1.9389123331513405
2022-06-25 15:00:00,0.0,0.0854560666058762,,485.69,0.16949999999999998,-1.8890777248565809
2022-06-25 15:30:00,0.0,0.0970820109172401,,477.433,0.16949999999999998,-1.795745278288882
2022-06-25 16:00:00,0.0,0.1819443190335182,,458.279,0.16949999999999998,-1.6669153024938248
2022-06-25 16:30:00,0.0,0.2844594521416405,,438.868,0.16949999999999998,-1.5380777132710957
2022-06-25 17:00:00,0.0,0.1459719405648125,,431.734,0.167,-1.4395251753413574
2022-06-25 17:30:00,0.0,0.1543755936497054,,405.91,0.167,-1.4130087989966735
2022-06-25 18:00:00,0.0,0.2192831123544187,,450.476,0.165,-1.3864924226519897
2022-06-25 18:30:00,0.0,0.2154489300765565,,442.788,0.165,-1.3599760463073058
2022-06-25 19:00:00,0.0,0.0748965690558655,,338.788,0.163,-1.3334596699626218
2022-06-25 19:30:00,0.0,0.0716963689882776,,441.984,0.163,
2022-06-25 20:00:00,0.0,4.041801506996202e-05,,426.5,0.161,
2022-06-25 20:30:00,0.0,0.0715340350965215,,385.211,0.161,
2022-06-25 21:00:00,0.0,0.0628997310152368,,300.589,0.158,
2022-06-25 21:30:00,0.0,0.0551381532985822,,275.314,0.158,
2022-06-25 22:00:00,0.0,0.0348798809392896,,223.014,0.157,
2022-06-25 22:30:00,0.0,3.066923506111654e-05,2.25176499178318,166.66646406257072,0.157,
2022-06-25 23:00:00,0.0,3.0093290408167564e-05,1.8376492993712772,136.01530889363875,0.1575,
2022-06-25 23:30:00,0.0,2.9071130245523226e-05,1.4344398768773263,106.17139135828316,0.1575,
2022-06-26 00:00:00,0.0,2.7554950680070244e-05,0.909242853316562,67.29844894534433,0.158,
2022-06-26 00:30:00,0.0,2.6866742732449057e-05,0.6108974778725185,45.216140633364525,0.158,
2022-06-26 01:00:00,0.0,2.5657134418759616e-05,0.4498865731803173,33.29876992261646,0.158,
2022-06-26 01:30:00,0.0,2.5272322163303384e-05,0.2875170342707907,21.28083864636428,0.158,
2022-06-26 02:00:00,0.0,2.5657134418759616e-05,0.2262713988099723,16.747686412997172,0.158,
2022-06-26 02:30:00,0.0,2.5306633599255708e-05,0.0206822625242587,1.5308167487772786,0.158,
2022-06-26 03:00:00,0.0,2.451114486718893e-05,1.389896047794629e-16,1.0287443873840004e-14,0.1595,
2022-06-26 03:30:00,0.0,2.4339818229124272e-05,1.389896047794629e-16,1.0287443873840004e-14,0.1595,
2022-06-26 04:00:00,0.0,2.3626584162443343e-05,0.0586066776245864,4.3378273335751985,0.16,
2022-06-26 04:30:00,0.0,2.3323586791183698e-05,0.1172133552491728,8.675654667150386,0.16,
2022-06-26 05:00:00,0.0,2.3190552857802348e-05,0.1758200328737591,13.013482000725574,0.1605,
2022-06-26 05:30:00,0.0,2.2560223421108573e-05,0.2344267104983455,17.351309334300762,0.1605,
2022-06-26 06:00:00,0.0,2.135818536518752e-05,0.2930333881229318,21.68913666787595,0.1605,
2022-06-26 06:30:00,0.0,2.148704350693933e-05,0.3516400657475182,26.026964001451137,0.1605,
2022-06-26 07:00:00,0.0,2.2167424405618382e-05,0.4102467433721045,30.364791335026325,0.1605,
2022-06-26 07:30:00,0.0,2.2890386407871472e-05,0.4688534209966909,34.70261866860151,0.1605,
2022-06-26 08:00:00,0.0,2.3390961103196077e-05,0.5274600986212772,39.0404460021767,0.1605,
2022-06-26 08:30:00,0.0,2.5376732589395176e-05,0.5860667762458636,43.378273335751885,0.1605,
2022-06-26 09:00:00,0.0,3.070852557616108e-05,,104.465,0.16,-1.121328659205151
2022-06-26 09:30:00,0.0,3.404197166659722e-05,,134.875,0.16,-1.094812282860467
2022-06-26 10:00:00,0.0,3.73056019335144e-05,,214.392,0.1585,-1.068295906515783
2022-06-26 10:30:00,0.0,4.2510649923411175e-05,,302.958,0.1585,-1.0417795301710993
2022-06-26 11:00:00,0.0,0.2498406503507019,,386.989,0.157,-1.0152631538264154
2022-06-26 11:30:00,0.0,0.1520906308974648,,433.012,0.157,-1.1637339999884024
2022-06-26 12:00:00,0.0,0.2960549176407475,,441.15,0.155,-1.2184899518060204
2022-06-26 12:30:00,0.0,0.3149772089078153,,425.069,0.155,-1.1620403955026128
2022-06-26 13:00:00,0.0,0.3406502607685918,,423.977,0.154,-1.025790994033129
2022-06-26 13:30:00,0.0,0.3642623703552076,,450.848,0.154,-0.883698165119134
2022-06-26 14:00:00,0.0,0.3752977000592724,,461.945,0.154,-0.806343644953483
2022-06-26 14:30:00,0.0,0.3711079252615863,,411.257,0.154,-0.8193811709698449
2022-06-26 15:00:00,0.0,0.3693666301381568,,409.982,0.1535,-0.9099309639670116
2022-06-26 15:30:00,0.0,0.3601159779133309,,421.718,0.1535,-1.0627904247746978
2022-06-26 16:00:00,0.0,0.5067347553489138,,430.172,0.1505,-1.0706740906748689
2022-06-26 16:30:00,0.0,0.5636885579236629,,413.656,0.1505,-1.0785577565750395
2022-06-26 17:00:00,0.0,0.3697204235167549,,387.628,0.148,-1.0864414224752108
2022-06-26 17:30:00,0.0,0.3557759810160449,,350.931,0.148,-1.0943250883753817
2022-06-26 18:00:00,0.0,0.2985639610606742,,353.133,0.1455,
2022-06-26 18:30:00,0.0,0.3047342022888711,,397.241,0.1455,
2022-06-26 19:00:00,0.0,0.2578069449255328,,381.585,0.14300000000000002,
2022-06-26 19:30:00,0.0,0.4087853866757447,,374.513,0.14300000000000002,
2022-06-26 20:00:00,0.0,0.1706625806841191,,363.773,0.14100000000000001,
2022-06-26 20:30:00,0.0,5.030226398317015e-05,,345.649,0.14100000000000001,
2022-06-26 21:00:00,0.0,4.662805878867662e-05,,315.401,0.1385,
2022-06-26 21:30:00,0.0,0.0600601496280343,,270.22,0.1385,
2022-06-26 22:00:00,0.0,0.078643440108411,,229.953,0.139,
2022-06-26 22:30:00,0.0,0.084263610168904,2.227053749734281,164.83743867585713,0.139,
2022-06-26 23:00:00,0.0,0.0812613216679502,1.6455278990067044,121.79526613324576,0.1395,
2022-06-26 23:30:00,0.0,0.045222647970154,1.3388035583502391,99.09278097796592,0.1395,
2022-06-27 00:00:00,0.0,0.038643523845422,1.1387492762610008,84.2855786553179,0.1395,
2022-06-27 00:30:00,0.0,0.0507619965852067,0.9014291562898996,66.72011094850978,0.1395,
2022-06-27 01:00:00,0.0,0.0333380156221481,0.6208821420362497,45.95516476647512,0.1395,
2022-06-27 01:30:00,0.0,0.0316840086621373,0.4179805671375195,30.937217438713127,0.1395,
2022-06-27 02:00:00,0.0,3.051554658457701e-05,0.3566908369396211,26.400801492685193,0.1405,
2022-06-27 02:30:00,0.0,2.9675055420673333e-05,0.3157218656290624,23.368445270109547,0.1405,
2022-06-27 03:00:00,0.0,2.9636675311373782e-05,0.2129134811882924,15.758987811958235,0.14150000000000001,
2022-06-27 03:30:00,0.0,2.6759424810277215e-05,0.2541033382364754,18.807693096263694,0.14150000000000001,
2022-06-27 04:00:00,0.0,2.6471892759141174e-05,0.0264458826961519,1.957416415152071,0.14150000000000001,
2022-06-27 04:30:00,0.0,2.608118062092133e-05,-0.0570224755151356,-4.220571152354642,0.14150000000000001,
2022-06-27 05:00:00,0.0,2.7627954200229578e-05,-0.0570224755151356,-4.220571152354642,0.14200000000000002,
2022-06-27 05:30:00,0.0,2.57626807481102e-05,-0.0361206964055481,-2.673506680918321,0.14200000000000002,
2022-06-27 06:00:00,0.0,2.4476273743114684e-05,0.0056134106580267,0.415481770574816,0.14250000000000002,
2022-06-27 06:30:00,0.0,2.5202430447118047e-05,-0.0152420917449128,-1.1281574877093226,0.14250000000000002,
2022-06-27 07:00:00,0.0,2.6328952168670433e-05,0.0680420217666976,5.036193038307932,0.14200000000000002,
2022-06-27 07:30:00,0.0,2.6544279676838223e-05,0.2746649469756309,20.329579543782938,0.14200000000000002,
2022-06-27 08:00:00,0.0,2.668662221553466e-05,0.4179805671375195,30.937217438713127,0.14250000000000002,
2022-06-27 08:30:00,0.0,2.85863723630622e-05,0.6612083428391695,48.93994573670303,0.14250000000000002,
2022-06-27 09:00:00,0.0,3.1640917004144014e-05,1.158398229209324,85.7399140421717,0.14150000000000001,
2022-06-27 09:30:00,0.0,3.519499171295756e-05,1.7581776380902177,130.13314053804874,0.14150000000000001,
2022-06-27 10:00:00,0.0,3.834218123900825e-05,2.653771429840762,196.4213415946118,0.14,-1.1968127450776045
2022-06-27 10:30:00,0.0,4.451896348842178e-05,4.341961098012903,321.3742579459766,0.14,-1.2046964109777754
2022-06-27 11:00:00,0.0,0.1496553698095353,5.5817410124460265,413.1377125286568,0.1375,-1.2125800768779464
2022-06-27 11:30:00,0.0,0.2853542456069862,6.7647346951669505,500.6980817620905,0.1375,-1.2204637427781173
2022-06-27 12:00:00,0.0,0.3338828318283755,7.855254482036419,581.4139102482026,0.1325,-1.2283474086782884
2022-06-27 12:30:00,0.0,0.358555580932924,8.546363964680548,632.567016443887,0.1325,-1.30143807453263
2022-06-27 13:00:00,0.0,0.3858473739200609,8.223971888057978,608.7048693510314,0.133,-1.3315898545253824
2022-06-27 13:30:00,0.0,0.3911411650419413,7.901579811435408,584.8427222581757,0.133,-1.3827771146155954
2022-06-27 14:00:00,0.0,0.4209820383121244,7.579187734812838,560.98057516532,0.1315,-1.4539836643101105
2022-06-27 14:30:00,0.0,0.4121815869237068,7.256795658190268,537.1184280724644,0.1315,-1.459020507034206
2022-06-27 15:00:00,0.0,0.5866076339016071,6.934403581567698,513.2562809796088,0.1285,-1.3141312982840796
2022-06-27 15:30:00,0.0,0.6039389717988312,6.612011504945127,489.39413388675314,0.1285,-1.0324526819018942
2022-06-27 16:00:00,0.0,0.2111965762089029,6.289619428322557,465.5319867938975,0.1245,-0.7136659342746997
2022-06-27 16:30:00,0.0,0.4053047756668541,5.967227351699988,441.66983970104184,0.1245,-0.4552373227334295
2022-06-27 17:00:00,0.0,0.5107165403618377,5.644835275077417,417.8076926081862,0.1235,-0.2913292060377351
2022-06-27 17:30:00,0.0,0.6549035788303859,5.322443198454847,393.94554551533054,0.1235,-0.2021194659450447
2022-06-27 18:00:00,0.0,0.4920705870427262,,381.555,0.1205,-0.2697617896043747
2022-06-27 18:30:00,0.0,0.3643859957282979,,380.723,0.1205,-0.3374041132637047
2022-06-27 19:00:00,0.0,0.3790736346151097,,356.693,0.118,-0.4050464369230347
2022-06-27 19:30:00,0.0,0.2772041295974883,,386.412,0.118,-0.4726887605823647
2022-06-27 20:00:00,0.0,0.0744900320309052,,299.942,0.11649999999999999,
2022-06-27 20:30:00,0.0,4.989643776793145e-05,,251.927,0.11649999999999999,
2022-06-27 21:00:00,0.0,4.755653741136507e-05,,225.549,0.11599999999999999,
2022-06-27 21:30:00,0.0,4.489792263814394e-05,,183.802,0.11599999999999999,
2022-06-27 22:00:00,0.0,4.371738774576711e-05,,135.642,0.11699999999999999,
2022-06-27 22:30:00,0.0,4.357773870443802e-05,2.098522432229146,155.32407458677406,0.11699999999999999,
2022-06-27 23:00:00,0.0,0.046492497501382,1.7200125528904848,127.30831653372444,0.11649999999999999,
2022-06-27 23:30:00,0.0,0.0392845572030788,1.158398229209324,85.7399140421717,0.11649999999999999,
2022-06-28 00:00:00,0.0,0.0213036483608694,1.087266419442758,80.4750274934308,0.11699999999999999,
2022-06-28 00:30:00,0.0,0.0307103067220067,0.8877203412727535,65.70544035289568,0.11699999999999999,
2022-06-28 01:00:00,0.0,3.5071174531835046e-05,0.7063794821181661,52.28332929972149,0.11599999999999999,
2022-06-28 01:30:00,0.0,3.5071174531835046e-05,0.502888332095007,37.221744024995054,0.11599999999999999,
2022-06-28 02:00:00,0.0,3.457533729690223e-05,0.3797564925970273,28.10802728389017,0.11499999999999999,
2022-06-28 02:30:00,0.0,3.469801230712109e-05,0.3797564925970273,28.10802728389017,0.11499999999999999,
2022-06-28 03:00:00,0.0,3.432914474509867e-05,0.3591575721858044,26.583379178527224,0.11449999999999999,
2022-06-28 03:30:00,0.0,3.404197166659722e-05,0.3797564925970273,28.10802728389017,0.11449999999999999,
2022-06-28 04:00:00,0.0,3.391914214544388e-05,0.2765395452255502,20.468329663352257,0.11399999999999999,
2022-06-28 04:30:00,0.0,3.383853668811971e-05,0.151937848125348,11.245820055259996,0.11399999999999999,
2022-06-28 05:00:00,0.0,3.211501208435781e-05,0.2765395452255502,20.468329663352257,0.11399999999999999,
2022-06-28 05:30:00,0.0,3.1095386000272306e-05,0.0684137120462357,5.063704037387809,0.11399999999999999,
2022-06-28 06:00:00,0.0,3.1523934586024005e-05,0.0893292923098227,6.611790013974743,0.11399999999999999,
2022-06-28 06:30:00,0.0,3.195645334647196e-05,0.1727615439994272,12.787105123955698,0.11399999999999999,
2022-06-28 07:00:00,0.0,3.2153923140210136e-05,0.3591575721858044,26.583379178527224,0.11349999999999999,
2022-06-28 07:30:00,0.0,3.187737162449441e-05,0.4208881083365052,31.15242178397984,0.11349999999999999,
2022-06-28 08:00:00,0.0,3.195645334647196e-05,0.4824209841707232,35.706834378683595,0.11349999999999999,
2022-06-28 08:30:00,0.0,3.383853668811971e-05,0.6049009809623019,44.77230438027646,0.11349999999999999,
2022-06-28 09:00:00,0.0,3.645225234682258e-05,1.1665249640778803,86.34142182378247,0.11299999999999999,-0.9461850261976746
2022-06-28 09:30:00,0.0,4.0643821461540775e-05,1.9804492562232912,146.58477949277335,0.11299999999999999,-1.0138273498570047
2022-06-28 10:00:00,0.0,0.027515003078272,3.377521994442499,249.99040759644947,0.111,-1.0814696735163347
2022-06-28 10:30:00,0.0,0.0278455844226246,4.182319226239224,309.5582174701989,0.111,-1.1491119971756647
2022-06-28 11:00:00,0.0,0.033289734230264,4.743142642796906,351.0680802410644,0.1095,-1.216754320834995
2022-06-28 11:30:00,0.0,0.0335725964334602,5.406166893136328,400.1424320473334,0.1095,-1.2860977365888937
2022-06-28 12:00:00,0.0,0.0621211797487245,6.10025525428047,451.5160226844586,0.1065,-1.2809129269548272
2022-06-28 12:30:00,0.0,0.133020009553091,7.193397832985248,532.4259795288843,0.1065,-1.1884340568253855
2022-06-28 13:00:00,0.0,0.0053661997137109,6.933699913539358,513.2041983410629,0.1055,-1.025839897308494
2022-06-28 13:30:00,0.0,0.0645835180803244,6.674001994093468,493.98241715324144,0.1055,-0.8531632763880965
2022-06-28 14:00:00,0.0,0.0179951029607823,6.4143040746475775,474.76063596542,0.10500000000000001,-0.7371968211348842
2022-06-28 14:30:00,0.0,0.0181843051795093,6.154606155201687,455.53885477759854,0.10500000000000001,-0.7142049150436981
2022-06-28 15:00:00,0.0,0.0017922970406694,5.894908235755796,436.31707358977707,0.10450000000000001,-0.7963988403221849
2022-06-28 15:30:00,0.0,0.0020354395728924,5.635210316309906,417.0952924019556,0.10450000000000001,-0.8336396577195676
2022-06-28 16:00:00,0.0,0.3239438748195815,5.375512396864016,397.87351121413417,0.102,-0.8708804751169503
2022-06-28 16:30:00,0.0,0.2701893010559879,5.115814477418126,378.6517300263127,0.102,-0.908121292514333
2022-06-28 17:00:00,0.0,0.2765343894514772,4.856116557972236,359.4299488384912,0.1015,-0.9453621099117158
2022-06-28 17:30:00,0.0,0.120156347423555,4.5964186385263455,340.2081676506698,0.1015,
2022-06-28 18:00:00,0.2,4.437584262620107e-05,,252.712,0.10250000000000001,
2022-06-28 18:30:00,0.0,0.0538765547389928,,266.793,0.10250000000000001,
2022-06-28 19:00:00,0.8,0.0218418330803323,,222.137,0.10200000000000001,
2022-06-28 19:30:00,0.2,4.0777784320328945e-05,,145.145,0.10200000000000001,
2022-06-28 20:00:00,0.0,3.856076439439096e-05,,213.428,0.116,
2022-06-28 20:30:00,0.0,0.0233279974794798,,216.917,0.116,
2022-06-28 21:00:00,0.0,3.7779305572449985e-05,,155.436,0.112,
2022-06-28 21:30:00,0.0,0.0156199262907862,,148.786,0.112,
2022-06-28 22:00:00,0.0,3.4205635288323394e-05,,156.089,0.10200000000000001,
2022-06-28 22:30:00,0.0,3.400155713459838e-05,1.999439444067442,147.99035577245527,0.10200000000000001,
2022-06-28 23:00:00,0.0,3.3191613558943914e-05,1.5969271080652707,118.1980337371428,0.097,
2022-06-28 23:30:00,0.0,0.0138479146720931,1.2651566363606022,93.64173607679062,0.097,
2022-06-29 00:00:00,0.0,0.0193642631495228,1.193596320637712,88.34513326421626,0.0965,
2022-06-29 00:30:00,0.0,3.1329082352843475e-05,1.0338107190505017,76.51845449363907,0.0965,
2022-06-29 01:00:00,0.0,0.0178311780998874,0.8524949272807887,63.098198826091505,0.1005,
2022-06-29 01:30:00,0.0,0.0125483498724497,0.7713696828263882,57.093638985804,0.1005,
2022-06-29 02:00:00,0.0,0.0120848676383892,0.6081000110208115,45.00908354250131,0.10600000000000001,
2022-06-29 02:30:00,0.0,3.066923506111654e-05,0.832245111257134,61.599390004169344,0.10600000000000001,
2022-06-29 03:00:00,0.0,2.959832938613145e-05,0.7103039376623655,52.57380149877832,0.112,
2022-06-29 03:30:00,0.0,0.0228595919294792,0.5875944818081035,43.49134787288891,0.112,
2022-06-29 04:00:00,0.0,0.0265717753524368,0.913119283421533,67.5853664971931,0.114,
2022-06-29 04:30:00,0.0,2.9033291171632532e-05,0.9534319064281144,70.56914249429383,0.114,
2022-06-29 05:00:00,0.0,0.0124605994211931,0.7306804398458386,54.08198711374045,0.114,
2022-06-29 05:30:00,0.0,2.814130076513904e-05,0.5465181480845035,40.45104512222525,0.114,
2022-06-29 06:00:00,0.0,2.8921487481622617e-05,0.6285838707311381,46.52521532389576,0.1145,
2022-06-29 06:30:00,0.0,2.85863723630622e-05,0.6694868468062082,49.55268684820849,0.1145,
2022-06-29 07:00:00,0.0,2.8846113638478657e-05,0.7103039376623655,52.57380149877832,0.114,
2022-06-29 07:30:00,1.6,0.0112916182566832,1.4701819940873266,108.81687715064524,0.114,
2022-06-29 08:00:00,0.4,2.6223163795089992e-05,0.4641024965449394,34.3509746105887,0.1315,
2022-06-29 08:30:00,0.0,2.6401061362963146e-05,0.1937819419895343,14.342949281309249,0.1315,
2022-06-29 09:00:00,0.0,0.0059212895629969,-0.0804357140526503,-5.953523611221554,0.1575,
2022-06-29 09:30:00,0.0,0.0067247847879768,0.5875944818081035,43.49134787288891,0.1575,
2022-06-29 10:00:00,0.0,0.0395703776398756,2.0885982396532508,154.58952631404753,0.154,
2022-06-29 10:30:00,0.0,0.0357078181524387,3.291594023057182,243.6303694898443,0.154,-1.503974370872457
2022-06-29 11:00:00,0.0,0.089939364875114,4.756575860548569,352.0623522507199,0.123,-1.5412151882698395
2022-06-29 11:30:00,0.0,0.0941605616416322,4.682592319371839,346.58639216973984,0.123,-1.578456005667222
2022-06-29 12:00:00,0.0,0.1939789304299429,4.608608778195109,341.1104320887597,0.11199999999999999,-1.615696823064605
2022-06-29 12:30:00,0.0,0.2176293820695886,4.534625237018378,335.6344720077796,0.11199999999999999,-1.6529376404619875
2022-06-29 13:00:00,0.0,0.2222667519325295,4.460641695841649,330.15851192679946,0.092,-1.6993342082341534
2022-06-29 13:30:00,0.0,0.2367783480771689,4.386658154664919,324.6825518458194,0.092,-1.72379993369226
2022-06-29 14:00:00,0.0,0.3633849837058698,4.312674613488189,319.20659176483923,0.08449999999999999,-1.730291720676686
2022-06-29 14:30:00,0.0,0.3631429843992224,4.238691072311458,313.73063168385914,0.08449999999999999,-1.6755095564005975
2022-06-29 15:00:00,0.0,0.3698554039927716,4.164707531134728,308.254671602879,0.099,-1.529430490652353
2022-06-29 15:30:00,0.0,0.3415915372937877,4.090723989957998,302.7787115218989,0.099,-1.321498047479389
2022-06-29 16:00:00,0.0,0.3168178300309498,4.016740448781268,297.30275144091877,0.101,-1.1115772621126714
2022-06-29 16:30:00,0.0,0.3264117122758341,,443.389,0.101,-0.9271419528528028
2022-06-29 17:00:00,0.0,0.2766943751658243,,467.172,0.0995,-0.7509824428240262
2022-06-29 17:30:00,0.0,0.2526405104305042,,404.27,0.0995,-0.5666957145498651
2022-06-29 18:00:00,0.0,0.1761467385330621,,367.524,0.0995,-0.3919335040771827
2022-06-29 18:30:00,0.0,0.0301177061847023,,415.868,0.0995,-0.2602143643363918
2022-06-29 19:00:00,0.0,0.0855053684444416,,340.78,0.099,-0.1861839937119425
2022-06-29 19:30:00,0.0,0.2034687899856938,,327.606,0.099,-0.1561164915753277
2022-06-29 20:00:00,0.0,0.0494181499123151,,303.942,0.099,-0.1438176997681839
2022-06-29 20:30:00,0.0,0.048397828933793,,278.658,0.099,-0.1304591049532105
2022-06-29 21:00:00,0.0,3.636778521064745e-05,,229.241,0.0995,-0.1124389820284292
2022-06-29 21:30:00,0.0,3.628344353323172e-05,,180.166,0.0995,-0.0951647941500907
2022-06-29 22:00:00,0.0,3.41245826719415e-05,3.1289379546605067,231.59123046915744,0.1,-0.5631196806960255
2022-06-29 22:30:00,0.0,3.4987072144068906e-05,2.5964827415248286,192.18106645611337,0.1,-1.03107456724196
2022-06-29 23:00:00,0.0,3.56948303480287e-05,2.0885982396532508,154.58952631404753,0.0995,
2022-06-29 23:30:00,0.0,3.311050171962025e-05,1.7042781946527497,126.14372348722698,0.0995,
2022-06-30 00:00:00,0.0,3.262987295419592e-05,1.4388928046426974,106.50097891652683,0.0995,
2022-06-30 00:30:00,0.0,3.1367349421886946e-05,1.2399575359377637,91.77660140227636,0.0995,
2022-06-30 01:00:00,0.0,3.062997880469489e-05,1.0390217843111569,76.90415629829539,0.099,
2022-06-30 01:30:00,0.0,2.9523270520278577e-05,0.8564187138492436,63.38862151029121,0.099,
2022-06-30 02:00:00,0.0,2.9183333930494853e-05,0.5689406866407205,42.110670007641005,0.098,
2022-06-30 02:30:00,0.0,2.8996997763214526e-05,0.5482428530901813,40.57870075498278,0.098,
2022-06-30 03:00:00,0.0,2.929735908506126e-05,0.4652289640479729,34.43435114246351,0.0975,
2022-06-30 03:30:00,0.0,2.9183333930494853e-05,0.5689406866407205,42.110670007641005,0.0975,
2022-06-30 04:00:00,0.0,2.8959225565404393e-05,0.527522833123072,39.04508935422588,0.0985,
2022-06-30 04:30:00,0.0,2.8846113638478657e-05,0.5067805578147079,37.50983070384613,0.0985,
2022-06-30 05:00:00,0.0,2.8031900533583182e-05,0.527522833123072,39.04508935422588,0.0985,
2022-06-30 05:30:00,0.0,2.7010306342442157e-05,0.4444195063083611,32.894119922431045,0.0985,
2022-06-30 06:00:00,0.0,2.6830936314465047e-05,0.3818556478955131,28.26339820065701,0.099,
2022-06-30 06:30:00,0.0,2.6579814711673224e-05,0.5067805578147079,37.50983070384613,0.099,
2022-06-30 07:00:00,0.0,2.6293655713524186e-05,0.4027329187437702,29.80864867051184,0.0995,
2022-06-30 07:30:00,0.0,2.618656119674144e-05,0.4652289640479729,34.43435114246351,0.0995,
2022-06-30 08:00:00,0.0,2.7083732081437783e-05,0.486015957955194,35.972919681209284,0.099,
2022-06-30 08:30:00,0.0,2.8734810665996177e-05,0.7747137316062566,57.34115184253069,0.099,
2022-06-30 09:00:00,0.0,3.148553847931474e-05,1.5966402259009815,118.17679988898406,0.0985,-1.499029453787895
2022-06-30 09:30:00,0.0,3.4205635288323394e-05,2.2918830338440914,169.6358379713953,0.0985,-1.9669843403338296
2022-06-30 10:00:00,0.0,3.536052203677899e-05,3.5821885491498153,265.13899153367663,0.0975,-2.4349392268797643
2022-06-30 10:30:00,0.0,3.979356367009359e-05,4.563909329412737,337.80196113318084,0.0975,-2.902894113425699
2022-06-30 11:00:00,0.0,0.1469585686499672,7.173862753425158,530.9800725859565,0.0965,-3.3708489999716336
2022-06-30 11:30:00,0.0,0.1450638404019014,8.107717742175932,600.100211450461,0.0965,-3.6127546625178426
2022-06-30 12:00:00,0.0,0.246321521514039,8.586440023475522,635.533282922536,0.0925,-3.3745927876891813
2022-06-30 12:30:00,0.0,0.1574561868413618,9.05811348881068,670.4446297755206,0.0925,-2.773094364922027
2022-06-30 13:00:00,0.0,0.1866316283589531,8.723593928763313,645.6848558042988,0.093,-2.074492476977805
2022-06-30 13:30:00,0.0,0.419304911637826,8.389074368715944,620.9250818330769,0.093,-1.517334308259674
2022-06-30 14:00:00,0.0,0.2964665001878555,8.054554808668575,596.165307861855,0.092,-1.1915981862415512
2022-06-30 14:30:00,0.0,0.0493800399532325,7.720035248621206,571.4055338906333,0.092,-1.0485076644775704
2022-06-30 15:00:00,0.0,0.3236236138608291,7.385515688573836,546.6457599194114,0.0895,-0.993801979134198
2022-06-30 15:30:00,0.0,0.396485687700373,7.050996128526467,521.8859859481895,0.0895,-1.0276336691603063
2022-06-30 16:00:00,0.0,0.321884598579183,6.716476568479099,497.1262119769676,0.0865,-1.0614653591864154
2022-06-30 16:30:00,0.0,0.2169797709997317,6.38195700843173,472.36643800574575,0.0865,-1.095297049212524
2022-06-30 17:00:00,0.0,0.3381909253335998,6.04743744838436,447.6066640345239,0.0865,-1.1291287392386329
2022-06-30 17:30:00,0.0,0.2914552650827509,5.7129178883369915,422.846890063302,0.0865,
2022-06-30 18:00:00,0.0,0.1998703195009374,,400.665,0.08499999999999999,
2022-06-30 18:30:00,0.0,0.1017953950799843,,380.964,0.08499999999999999,
2022-06-30 19:00:00,0.0,0.1454091563661243,,336.163,0.08449999999999999,
2022-06-30 19:30:00,0.0,0.0743360030536633,,262.196,0.08449999999999999,
2022-06-30 20:00:00,0.0,4.095934311956155e-05,,202.129,0.08449999999999999,
2022-06-30 20:30:00,0.0,3.8866250804398595e-05,,217.906,0.08449999999999999,
2022-06-30 21:00:00,0.0,0.0320360870716077,,193.49,0.08499999999999999,
2022-06-30 21:30:00,0.0,0.0398573207116738,,168.248,0.08499999999999999,-1.4336139494736115
2022-06-30 22:00:00,0.0,0.0365746218008331,,139.889,0.086,-1.4674456394997204
2022-06-30 22:30:00,0.0,0.0325991744027609,2.3677222878633013,175.2491503510834,0.086,-1.501277329525829
2022-06-30 23:00:00,0.0,0.02105482532626,2.0242718620893188,149.82835011064438,0.088,
2022-06-30 23:30:00,0.0,0.0195378772617647,1.5966402259009815,118.17679988898406,0.088,
2022-07-01 00:00:00,0.0,3.187737162449441e-05,1.4658471881356612,108.49603248745976,0.0885,
2022-07-01 00:30:00,0.0,3.1640917004144014e-05,1.265715739527126,93.68311861366756,0.0885,
2022-07-01 01:00:00,0.0,3.1798421662995925e-05,1.0838702803323446,80.22365912281366,0.089,
2022-07-01 01:30:00,0.0,3.175980036542559e-05,1.0228833825811647,75.7096575998193,0.089,
2022-07-01 02:00:00,0.0,3.1523934586024005e-05,0.9821207155134564,72.69257117618022,0.089,
2022-07-01 02:30:00,0.0,3.078563437100488e-05,0.8182209772069045,60.56138077930778,0.089,
2022-07-01 03:00:00,0.0,3.0476424600834423e-05,0.8387834242095881,62.08332927167571,0.089,
2022-07-01 03:30:00,0.0,3.0093290408167564e-05,0.7770311533945823,57.51267795498523,0.089,
2022-07-01 04:00:00,0.0,2.994003747838271e-05,0.6736747018896776,49.862654807260725,0.0895,
2022-07-01 04:30:00,0.0,2.929735908506126e-05,0.6943899076235679,51.395909878102785,0.0895,
2022-07-01 05:00:00,0.0,2.9523270520278577e-05,0.6943899076235679,51.395909878102785,0.09,
2022-07-01 05:30:00,0.0,0.0139831621276059,0.7150830876332173,52.927534694637195,0.09,
2022-07-01 06:00:00,0.0,2.994003747838271e-05,0.6113962446266772,45.253057314994685,0.0895,
2022-07-01 06:30:00,0.0,3.0093290408167564e-05,0.7150830876332173,52.927534694637195,0.0895,
2022-07-01 07:00:00,0.0,0.0001390301231266,1.002512565208047,74.20189275134223,0.0895,
2022-07-01 07:30:00,0.0,0.0001462665109182,1.3860333861387732,102.58854027101968,0.0895,
2022-07-01 08:00:00,0.0,0.0022219553462557,1.957715328955134,144.90210688445694,0.089,
2022-07-01 08:30:00,0.0,0.0022299041713949,2.551889568506525,188.88046159929593,0.089,
2022-07-01 09:00:00,0.0,0.0171682044515153,2.9822857911379623,220.7366352380305,0.088,-1.5351090195519377
2022-07-01 09:30:00,0.0,0.0181419136829715,3.996592371590868,295.81147291263665,0.088,-1.5689407095780463
2022-07-01 10:00:00,0.0,0.0247946768519564,5.087424156120929,376.55039419354586,0.0865,-1.8436829005955917
2022-07-01 10:30:00,0.0,0.0267981019307282,6.68008618906862,494.4327444595438,0.0865,-1.9993651401394992
2022-07-01 11:00:00,0.0,0.0442059792348588,7.744137877167193,573.189512187228,0.08549999999999999,-1.9801162554751943
2022-07-01 11:30:00,0.0,0.0470800721917571,8.935012663019322,661.3332085425344,0.08549999999999999,-1.7863825429677611
2022-07-01 12:00:00,0.0,0.3556384517982697,9.926456982240031,734.7158748520342,0.0825,-1.4887826097567267
2022-07-01 12:30:00,0.0,0.4274174717306303,9.33213848383095,690.7268426847038,0.0825,-1.2001329998403276
2022-07-01 13:00:00,0.0,0.2817377128998621,9.016318786190697,667.3511562879951,0.0825,-1.0174491829451664
2022-07-01 13:30:00,0.0,0.4757958314782273,8.700499088550444,643.9754698912863,0.0825,-0.9694092915754696
2022-07-01 14:00:00,0.0,0.2299086044068985,8.384679390910192,620.5997834945775,0.0815,-1.0044907809285768
2022-07-01 14:30:00,0.0,0.3911708229294937,8.068859693269939,597.2240970978687,0.0815,-1.0282865395624994
2022-07-01 15:00:00,0.0,0.4684717892753784,7.7530399956296865,573.84841070116,0.0795,-0.9667562046119174
2022-07-01 15:30:00,0.0,0.3808355196487288,7.437220297989434,550.4727243044513,0.0795,-0.8138004023577965
2022-07-01 16:00:00,0.0,0.2328325163336413,7.121400600349181,527.0970379077424,0.0775,-0.6282378819771643
2022-07-01 16:30:00,0.0,0.0217581450922668,6.805580902708929,503.7213515110338,0.0775,-0.4827569095638634
2022-07-01 17:00:00,0.0,0.1877702217467227,6.489761205068677,480.34566511432496,0.0775,-0.411639968745892
2022-07-01 17:30:00,0.0,0.2841365180846586,6.173941507428425,456.9699787176162,0.0775,-0.4004705447801434
2022-07-01 18:00:00,0.0,0.3626686734960872,,410.725,0.0775,-0.41212387941725
2022-07-01 18:30:00,0.0,0.360756714245935,,287.375,0.0775,-0.4138967756293467
2022-07-01 19:00:00,0.0,0.1019597442956136,,325.324,0.077,-0.5138011251700819
2022-07-01 19:30:00,0.0,0.0511597795529835,,368.585,0.077,-0.6137054747108172
2022-07-01 20:00:00,0.0,4.132011947836208e-05,,255.851,0.07650000000000001,-0.7136098242515524
2022-07-01 20:30:00,0.0,0.0361231116329977,,257.369,0.07650000000000001,-0.8135141737922877
2022-07-01 21:00:00,0.0,0.1197865049825958,,230.601,0.07700000000000001,
2022-07-01 21:30:00,0.0,0.0611547547418632,,188.136,0.07700000000000001,
2022-07-01 22:00:00,0.0,3.743441925524666e-05,3.331564228666152,246.58880114723743,0.07700000000000001,-1.1132272224144937
2022-07-01 22:30:00,0.0,0.0262588239695526,2.532980600176992,187.4808968569474,0.07700000000000001,-1.2131315719552287
2022-07-01 23:00:00,0.0,0.0283683294358783,1.8602803327404176,137.69036571505677,0.0785,
2022-07-01 23:30:00,0.0,0.0161954646414395,1.425979766154047,105.54520845510628,0.0785,
2022-07-02 00:00:00,0.0,3.1995235324696024e-05,1.2704998611483531,94.03721979081745,0.079,
2022-07-02 00:30:00,0.0,3.1719603457852996e-05,1.1893116329367714,88.02799814961327,0.079,
2022-07-02 01:00:00,0.0,3.148553847931474e-05,0.9437382459150822,69.8516572649624,0.08099999999999999,
2022-07-02 01:30:00,0.0,3.117315308598607e-05,0.861197056704611,63.7422949667526,0.08099999999999999,
2022-07-02 02:00:00,0.0,3.1289254423377296e-05,0.7783070857136137,57.60711726315999,0.08099999999999999,
2022-07-02 02:30:00,0.0,3.062997880469489e-05,0.736729948267313,54.529747062759576,0.08099999999999999,
2022-07-02 03:00:00,0.0,3.066923506111654e-05,0.7575295867972907,56.06925150492864,0.08149999999999999,
2022-07-02 03:30:00,0.0,2.9864383502258776e-05,0.6950639757921989,51.44580165571404,0.08149999999999999,
2022-07-02 04:00:00,0.0,2.9636675311373782e-05,0.6323972338168938,46.8074649121116,0.08149999999999999,
2022-07-02 04:30:00,0.0,2.9636675311373782e-05,0.5695274646308721,42.15410092213038,0.08149999999999999,
2022-07-02 05:00:00,0.0,2.925931655439214e-05,0.4853819634130856,35.92599399004979,0.08149999999999999,
2022-07-02 05:30:00,0.0,2.814130076513904e-05,0.4431711399338353,32.80172093308,0.08149999999999999,
2022-07-02 06:00:00,0.0,2.7554950680070244e-05,0.294698368247632,21.81237170844672,0.08149999999999999,
2022-07-02 06:30:00,0.0,2.7228112823298044e-05,0.3159793476146297,23.387503036906217,0.08149999999999999,
2022-07-02 07:00:00,0.0,2.7701093423267577e-05,0.3584704240881766,26.532519277899556,0.08249999999999999,
2022-07-02 07:30:00,0.0,2.8659775033925233e-05,0.3584704240881766,26.532519277899556,0.08249999999999999,
2022-07-02 08:00:00,0.0,0.0107417765611753,0.4642881183249723,34.364713577951626,0.08199999999999999,
2022-07-02 08:30:00,0.0,0.0111854552485257,0.7575295867972907,56.06925150492864,0.08199999999999999,
2022-07-02 09:00:00,0.0,0.0025095074155123,1.2502337133507946,92.53720215757686,0.081,-1.313035921495964
2022-07-02 09:30:00,0.0,0.0025622170282587,1.67159849173002,123.72490511469628,0.081,-1.4129402710366992
2022-07-02 10:00:00,0.0,0.0002548001551872,2.162160158693517,160.03427964347438,0.081,-1.5128446205774346
2022-07-02 10:30:00,0.0,0.0002899065149859,3.533175520018249,261.5112469474687,0.081,-2.001274146728907
2022-07-02 11:00:00,0.0,0.1697299617140721,4.911968133497571,363.56385474745554,0.0805,-2.381316714276483
2022-07-02 11:30:00,0.0,0.1920177884456368,6.4293389112283315,475.8734532708745,0.0805,-2.484946610104332
2022-07-02 12:00:00,0.0,0.2731859230282502,7.196563897941795,532.6603187486634,0.0775,-2.258845067481495
2022-07-02 12:30:00,0.0,0.2481558416122384,7.08596181992959,524.4740038678777,0.0775,-1.826344405525812
2022-07-02 13:00:00,0.0,0.3377674305433144,6.742683696013191,499.06595670844825,0.0775,-1.3890380237965938
2022-07-02 13:30:00,0.0,0.3558170409214889,6.399405572096791,473.6579095490188,0.0775,-1.0691670631714905
2022-07-02 14:00:00,0.0,0.3432136252158168,6.056127448180391,448.24986238958934,0.076,-0.8558291225932049
2022-07-02 14:30:00,0.0,0.2720718153964118,5.712849324263991,422.8418152301599,0.076,-0.6795876751021449
2022-07-02 15:00:00,0.0,0.1787383598317678,5.3695712003475915,397.4337680707304,0.075,-0.5036162756386975
2022-07-02 15:30:00,0.0,0.156534193380971,5.026293076431192,372.025720911301,0.075,-0.3426816666540129
2022-07-02 16:00:00,0.0,0.122715403910461,4.683014952514792,346.6176737518715,0.07450000000000001,-0.2261265248477182
2022-07-02 16:30:00,0.0,0.1090773544228036,4.339736828598392,321.2096265924421,0.07450000000000001,-0.1649627952623561
2022-07-02 17:00:00,0.0,0.0290708612263001,3.996458704681993,295.8015794330126,0.075,-0.1491449853819276
2022-07-02 17:30:00,0.0,0.0254823565995434,3.653180580765593,270.3935322735831,0.075,-0.1614227298397335
2022-07-02 18:00:00,0.0,3.404197166659722e-05,,152.445,0.077,-0.187414473757993
2022-07-02 18:30:00,0.0,3.387882363103905e-05,,136.091,0.077,-0.1924597254162252
2022-07-02 19:00:00,0.0,0.0288080384053724,,130.999,0.0775,-0.1975049770744573
2022-07-02 19:30:00,0.0,0.0007192914746766,,120.832,0.0775,-0.2025502287326895
2022-07-02 20:00:00,0.0,3.2311510725841314e-05,,101.989,0.077,-0.2075954803909217
2022-07-02 20:30:00,0.0,3.1095386000272306e-05,,78.838,0.077,
2022-07-02 21:00:00,0.0,0.0049656258358084,1.2502337133507946,92.53720215757686,0.0775,-0.217685983707386
2022-07-02 21:30:00,0.0,3.0093290408167564e-05,0.7783070857136137,57.60711726315999,0.0775,-0.2227312353656182
2022-07-02 22:00:00,0.0,2.975037960921708e-05,0.6114632969928344,45.25802025775969,0.0745,-0.2277764870238504
2022-07-02 22:30:00,0.0,0.0030145004779973,0.4853819634130856,35.92599399004979,0.0745,-0.2328217386820825
2022-07-02 23:00:00,0.0,2.910900344618699e-05,0.4642881183249723,34.364713577951626,0.0765,
2022-07-02 23:30:00,0.0,2.8883783507465197e-05,0.294698368247632,21.81237170844672,0.0765,
2022-07-03 00:00:00,0.0,2.8846113638478657e-05,0.4621892769410349,34.2093658958598,0.0785,
2022-07-03 00:30:00,0.0,2.8996997763214526e-05,0.334188982109122,24.73530594002599,0.0785,
2022-07-03 01:00:00,0.0,2.8959225565404393e-05,0.3982958111760385,29.48023205879718,0.079,
2022-07-03 01:30:00,0.0,2.9071130245523226e-05,0.3769506762073379,27.90035219426725,0.079,
2022-07-03 02:00:00,0.0,2.8996997763214526e-05,0.4834400364970508,35.78226047711905,0.08,
2022-07-03 02:30:00,0.0,2.8846113638478657e-05,0.3555817585743671,26.318712033891885,0.08,-0.0798689243010778
2022-07-03 03:00:00,0.0,2.8809982646216876e-05,0.3769506762073379,27.90035219426725,0.0795,-0.0784410245175146
2022-07-03 03:30:00,0.0,2.8659775033925233e-05,0.2913315463843908,21.56317328093648,0.0795,-0.0770131247339514
2022-07-03 04:00:00,0.0,2.854897244395146e-05,0.2698667331583715,19.974435319737815,0.079,-0.0755852249503881
2022-07-03 04:30:00,0.0,2.847427479058182e-05,0.2698667331583715,19.974435319737815,0.079,-0.074157325166825
2022-07-03 05:00:00,0.0,2.8623806350329834e-05,0.2268645285911312,16.791587461160145,0.079,-0.0780972875493851
2022-07-03 05:30:00,0.0,2.851160658810513e-05,0.2053269812988288,15.197466020917917,0.079,-0.0830437029940931
2022-07-03 06:00:00,0.0,2.851160658810513e-05,0.24837775316357,18.38390863284378,0.079,-0.0910173419516179
2022-07-03 06:30:00,0.0,2.8363972230347037e-05,0.2053269812988288,15.197466020917917,0.079,-0.103106746285935
2022-07-03 07:00:00,0.0,2.8399713350494872e-05,0.24837775316357,18.38390863284378,0.079,-0.1197449530797189
2022-07-03 07:30:00,0.0,2.8363972230347037e-05,0.24837775316357,18.38390863284378,0.079,-0.141296166343312
2022-07-03 08:00:00,0.0,2.854897244395146e-05,0.3769506762073379,27.90035219426725,0.079,-0.168118491262919
2022-07-03 08:30:00,0.0,2.8697275808784963e-05,0.3555817585743671,26.318712033891885,0.079,-0.200352739238822
2022-07-03 09:00:00,0.0,0.0004751960062648,0.5258714099547825,38.92285774429582,0.079,-0.2378669903403147
2022-07-03 09:30:00,0.0,0.0004739818344955,0.4409150361791277,32.63473333147526,0.079,-0.2793699706761827
2022-07-03 10:00:00,0.0,0.0016411765788941,0.5682097493415886,42.05656900885015,0.079,-0.3199782017880827
2022-07-03 10:30:00,0.0,0.0016968942705983,0.5893442151409188,43.62085600037864,0.079,-0.3502451046475142
2022-07-03 11:00:00,0.0,0.0055070477378827,0.7366444486138712,54.523418727000866,0.079,-0.3604488868596706
2022-07-03 11:30:00,0.0,0.0055853278291815,0.8620219316325932,63.8033488458396,0.079,-0.347442864618296
2022-07-03 12:00:00,0.0,0.0045256410749294,0.8411813811512283,62.260816267830215,0.0795,-0.3167969930556354
2022-07-03 12:30:00,0.0,0.0045315182453234,0.945163654132778,69.95716016973087,0.0795,-0.2782642032863158
2022-07-03 13:00:00,0.0,0.0012805423355465,0.7994336533370797,59.170819663912525,0.0795,-0.23974640507723
2022-07-03 13:30:00,0.0,0.0012772924264784,0.7530188191704766,55.73538287595876,0.0795,-0.2048485228320632
2022-07-03 14:00:00,0.0,0.0027881626281735,0.7066039850038734,52.299946088005,0.0795,-0.1748273588407099
2022-07-03 14:30:00,0.0,0.0027598112258127,0.6601891508372704,48.86450930005124,0.0795,-0.1518505733155384
2022-07-03 15:00:00,0.2,0.0042074715721861,0.6137743166706673,45.42907251209748,0.076,-0.1393311708183597
2022-07-03 15:30:00,0.2,0.0002176189097636,0.5673594825040642,41.993635724143715,0.076,-0.1386039040836702
2022-07-03 16:00:00,0.4,0.0049572091294666,0.5209446483374611,38.55819893618995,0.0465,-0.1459922152106602
2022-07-03 16:30:00,0.0,0.0050020186817118,0.4745298141708579,35.12276214823619,0.0465,-0.1538475010937271
2022-07-03 17:00:00,0.2,0.0063189806289977,0.4281149800042548,31.687325360282433,0.05,-0.1545830392279153
2022-07-03 17:30:00,0.2,0.0062146788361528,0.3817001458376517,28.25188857232867,0.05,-0.1446194823829551
2022-07-03 18:00:00,0.4,0.0008719589828295,0.3352853116710486,24.81645178437491,0.052,-0.1260362388773924
2022-07-03 18:30:00,0.4,0.0008685599386905,,3.63,0.052,-0.1049174931161168
2022-07-03 19:00:00,0.6,2.8846113638478657e-05,,7.324,0.06,-0.0874012406615407
2022-07-03 19:30:00,0.2,2.8959225565404393e-05,,1.08,0.06,-0.0765083677854323
2022-07-03 20:00:00,0.0,2.8921487481622617e-05,,-0.629,0.0825,-0.0719002451671442
2022-07-03 20:30:00,0.0,2.8809982646216876e-05,,3.909,0.0825,-0.071784488252575
2022-07-03 21:00:00,0.0,2.8734810665996177e-05,,-0.352,0.0955,-0.0747458144393087
2022-07-03 21:30:00,0.0,2.8734810665996177e-05,0.0103814725048268,0.7683942686985769,0.0955,-0.0799994523821371
2022-07-03 22:00:00,0.0,2.8697275808784963e-05,0.0755865020127699,5.594604706661935,0.0955,-0.0864299482526051
2022-07-03 22:30:00,0.0,2.8734810665996177e-05,0.0321414965620276,2.378982532022701,0.0955,-0.0919347800925855
2022-07-03 23:00:00,0.0,2.877237961025713e-05,0.0103814725048268,0.7683942686985769,0.0935,-0.0940525229446885
2022-07-03 23:30:00,0.0,2.851160658810513e-05,-0.0114036744225074,-0.8440534870448453,0.0935,-0.0913407523579124
2022-07-04 00:00:00,0.2,2.832677525430342e-05,-0.144675015542462,-10.708254798634586,0.0935,-0.0842858958916401
2022-07-04 00:30:00,0.0,2.821538850376113e-05,-0.2539111662258233,-18.793469307536157,0.0935,-0.07499054993657
2022-07-04 01:00:00,0.0,2.79581500579373e-05,-0.2101400923613645,-15.553712878321102,0.093,-0.0660140442049819
2022-07-04 01:30:00,0.0,2.7591435480352944e-05,-0.144675015542462,-10.708254798634586,0.093,-0.0593499710556436
2022-07-04 02:00:00,0.0,2.781105680668246e-05,-0.1882929454907859,-13.936676139557555,0.092,-0.0559663427078335
2022-07-04 02:30:00,0.0,2.7701093423267577e-05,-0.3417627887724989,-25.29588823022269,0.092,-0.0556535383695934
2022-07-04 03:00:00,0.0,2.7774368397717875e-05,-0.2101400923613645,-15.553712878321102,0.091,-0.0571697564769913
2022-07-04 03:30:00,0.0,2.7701093423267577e-05,-0.1882929454907859,-13.936676139557555,0.091,-0.0588575238373151
2022-07-04 04:00:00,0.0,2.7300506301294197e-05,-0.2320128047306322,-17.17264187106499,0.09,-0.059491827187713
2022-07-04 04:30:00,0.2,2.7445699734704247e-05,-0.2101400923613645,-15.553712878321102,0.09,-0.0590755277478891
2022-07-04 05:00:00,0.0,2.7300506301294197e-05,-0.2539111662258233,-18.793469307536157,0.0895,-0.059374406671121
2022-07-04 05:30:00,0.0,2.7155854767812608e-05,-0.1664712808531876,-12.321525491786076,0.0895,-0.0636945071337904
2022-07-04 06:00:00,0.0,2.7228112823298044e-05,-0.2758352608376296,-20.41620140438317,0.0895,-0.0758396318131143
2022-07-04 06:30:00,0.0,2.7336753840218357e-05,-0.2320128047306322,-17.17264187106499,0.0895,-0.0990853308696679
2022-07-04 07:00:00,0.0,2.7518499793196832e-05,-0.2101400923613645,-15.553712878321102,0.089,-0.1356859561234767
2022-07-04 07:30:00,0.0,2.7445699734704247e-05,-0.2101400923613645,-15.553712878321102,0.089,-0.185881023401546
2022-07-04 08:00:00,0.0,0.0052706704489223,-0.1882929454907859,-13.936676139557555,0.0885,-0.2458218270518895
2022-07-04 08:30:00,0.0,0.0053679702835204,-0.144675015542462,-10.708254798634586,0.0885,-0.3065915415929284
2022-07-04 09:00:00,0.0,0.0062002911268729,-0.0794377918644697,-5.87966147946244,0.087,-0.3571478994729302
2022-07-04 09:30:00,0.0,0.0061526770636258,-0.0794377918644697,-5.87966147946244,0.087,-0.389686166585815
2022-07-04 10:00:00,0.0,0.0139461408401574,0.0071945499534048,0.5325112547850509,0.08449999999999999,-0.402719567110452
2022-07-04 10:30:00,0.0,0.0139642086732131,0.1364021742235906,10.095932813259394,0.08449999999999999,-0.4007752032572705
2022-07-04 11:00:00,0.0,0.0064890860556357,0.157851357193544,11.68351388662989,0.08249999999999999,-0.3935416860858354
2022-07-04 11:30:00,0.0,0.0065058872256732,0.1149287159018756,8.506554977324093,0.08249999999999999,-0.3937534414077595
2022-07-04 12:00:00,0.0,0.0049320935975852,0.0719086606019383,5.322385880291074,0.079,-0.4104745233823398
2022-07-04 12:30:00,0.0,0.0050710739888002,0.2647358509498215,19.59466833768549,0.079,-0.4410240002077663
2022-07-04 13:00:00,0.0,0.0178681103344355,0.3881127908183921,28.726526408927334,0.07550000000000001,-0.4707240257241578
2022-07-04 13:30:00,0.0,0.0187200700472443,0.5114897306869627,37.858384480169185,0.07550000000000001,-0.4827222984359546
2022-07-04 14:00:00,0.0,0.008091764127084,0.6348666705555333,46.99024255141103,0.0695,-0.4686692191059138
2022-07-04 14:30:00,0.0,0.0079253673508343,0.7582436104241038,56.12210062265288,0.0695,-0.4311459163708428
2022-07-04 15:00:00,0.0,0.0221900342158895,0.8816205502926744,65.25395869389473,0.064,-0.3786343745989785
2022-07-04 15:30:00,0.0,0.022488652767966,1.0049974901612448,74.38581676513658,0.064,-0.3193151036750834
2022-07-04 16:00:00,0.0,0.0057298685338549,1.1283744300298155,83.51767483637842,0.0635,-0.2580164729323555
2022-07-04 16:30:00,0.0,0.0057370535695582,1.2517513698983862,92.64953290762028,0.0635,-0.1970211984325363
2022-07-04 17:00:00,0.0,3.195645334647196e-05,1.3751283097669569,101.78139097886212,0.0675,-0.1390333797975223
2022-07-04 17:30:00,0.0,3.113345954710823e-05,1.4985052496355271,110.91324905010396,0.0675,-0.0888984763787619
2022-07-04 18:00:00,0.0,0.0021212698268249,,67.913,0.07,-0.0517821511621883
2022-07-04 18:30:00,0.6,0.002110656756906,,49.781,0.07,-0.0298031843676245
2022-07-04 19:00:00,1.2,3.0399844855890523e-05,,34.926,0.0675,-0.0211276608909636
2022-07-04 19:30:00,1.0,3.0438899716606223e-05,,26.492,0.0675,-0.0218300648394461
2022-07-04 20:00:00,0.4,3.0438899716606223e-05,,17.334,0.1485,-0.1680477814588673
2022-07-04 20:30:00,1.6,3.0208193578321032e-05,,17.59,0.1485,-0.3142654980782885
2022-07-04 21:00:00,2.4,3.013207550573784e-05,,13.325,0.2295,-0.4604832146977097
2022-07-04 21:30:00,2.4,2.9711932489174568e-05,,14.182,0.2295,-0.606700931317131
2022-07-04 22:00:00,1.2,2.9033291171632532e-05,,11.915,0.3225,-0.7529186479365522
2022-07-04 22:30:00,0.2,2.8734810665996177e-05,,7.322,0.3225,-0.8991363645559733
2022-07-04 23:00:00,0.0,2.8252483396265985e-05,,9.659,0.3025,-0.3043856813034245
2022-07-04 23:30:00,0.0,2.7701093423267577e-05,,12.476,0.3025,-0.3021798210139206
2022-07-05 00:00:00,0.0,2.7191966871061615e-05,,3.345,0.2385,-0.2999739607244167
2022-07-05 00:30:00,0.0,2.697436473519058e-05,,2.158,0.2385,-0.2977681004349128
2022-07-05 01:00:00,0.0,2.6650985973610524e-05,,3.295,0.2215,
2022-07-05 01:30:00,0.0,2.579746768048764e-05,,0.172,0.2215,
2022-07-05 02:00:00,0.0,2.506306392233109e-05,,6.989,0.218,
2022-07-05 02:30:00,0.0,2.4544708661653435e-05,,1.289,0.218,
2022-07-05 03:00:00,0.0,2.406591359982391e-05,,5.586,0.217,
2022-07-05 03:30:00,0.0,2.3931122324087595e-05,,6.093,0.217,
2022-07-05 04:00:00,0.0,2.4032825628468784e-05,,-1.863,0.215,
2022-07-05 04:30:00,0.0,2.3558714866712376e-05,,-0.489,0.215,
2022-07-05 05:00:00,0.0,2.3424701532556037e-05,,-3.864,0.213,
2022-07-05 05:30:00,0.0,2.3390961103196077e-05,,-1.323,0.213,
2022-07-05 06:00:00,0.0,2.309017886238001e-05,,-1.897,0.2115,
2022-07-05 06:30:00,0.0,2.3289952882876963e-05,,-5.1,0.2115,
2022-07-05 07:00:00,0.0,2.3424701532556037e-05,,-4.192,0.21,
2022-07-05 07:30:00,0.0,2.4339818229124272e-05,,-4.223,0.21,
2022-07-05 08:00:00,0.0,2.6579814711673224e-05,,-3.651,0.209,
2022-07-05 08:30:00,0.0,2.9523270520278577e-05,,83.185,0.209,
2022-07-05 09:00:00,0.0,0.0193917595070085,,173.912,0.20750000000000002,-1.0453540811753943
2022-07-05 09:30:00,0.0,0.0165723626324278,,208.981,0.20750000000000002,-1.1915717977948157
2022-07-05 10:00:00,0.0,3.387882363103905e-05,,287.681,0.189,-1.3377895144142369
2022-07-05 10:30:00,0.0,3.586361836441259e-05,,395.565,0.189,-1.667494321735823
2022-07-05 11:00:00,0.0,0.1853434928178326,5.816698145035497,430.5282815435686,0.17,-1.931076844242075
2022-07-05 11:30:00,0.0,0.1677226998994447,7.695682467811185,569.6030403433458,0.17,-2.0573211954540978
2022-07-05 12:00:00,0.0,0.2671585643009138,8.53189438515374,631.4960371609665,0.1645,-2.0553686436624785
2022-07-05 12:30:00,0.0,0.2068613927390862,9.037988921725615,668.9550913693827,0.1645,-2.0092056038659893
2022-07-05 13:00:00,0.0,0.2208949732196569,9.185367924410212,679.8634842719023,0.14900000000000002,-2.0038151609987267
2022-07-05 13:30:00,0.0,0.2946619428841763,9.551018489319308,706.9274482993476,0.14900000000000002,-2.050660933119945
2022-07-05 14:00:00,0.0,0.418968855652987,9.89842494958036,732.6410580834448,0.14,-2.0835898541769735
2022-07-05 14:30:00,0.0,0.3400079040511249,10.171048461846254,752.8195389531086,0.14,-2.0303394725694788
2022-07-05 15:00:00,0.0,0.3330648206370281,10.228179808812104,757.0481683263673,0.139,-1.8856048948323103
2022-07-05 15:30:00,0.0,0.4011740032824619,10.05651314238256,744.3421015762293,0.139,-1.7084877440832802
2022-07-05 16:00:00,0.0,0.3981702285291201,10.427435314183752,771.7962484530569,0.1365,-1.551325881705849
2022-07-05 16:30:00,0.0,0.3564374231377373,10.892907482645406,806.2486005946569,0.1365,-1.4019550610404137
2022-07-05 17:00:00,0.0,0.3165848173676789,10.738391417231112,794.811951407271,0.1335,-1.2038803482447944
2022-07-05 17:30:00,0.0,0.2103982166008721,10.66794701045371,789.59794362519,0.1335,-0.9294798470864736
2022-07-05 18:00:00,0.0,0.2742900248746014,9.91319489893935,733.734269516711,0.1325,-0.6204530912108019
2022-07-05 18:30:00,0.0,0.2633345261026514,9.15844278742499,677.870595408232,0.1325,-0.3525239672114359
2022-07-05 19:00:00,0.0,0.0056555865545804,8.40369067591063,622.0069212997531,0.1315,-0.445809326779271
2022-07-05 19:30:00,0.0,0.0055763450198208,7.64893856439627,566.1432471912741,0.1315,-0.5390946863471061
2022-07-05 20:00:00,0.0,0.004926532748598,6.89418645288191,510.2795730827951,0.1325,-0.6323800459149411
2022-07-05 20:30:00,0.0,0.0046367460388393,6.139434341367551,454.41589897431606,0.1325,-0.7256654054827762
2022-07-05 21:00:00,0.0,3.842952129922892e-05,5.3846822298531904,398.5522248658371,0.1315,
2022-07-05 21:30:00,0.0,3.721987992815649e-05,4.62993011833883,342.6885507573581,0.1315,
2022-07-05 22:00:00,0.0,3.383853668811971e-05,3.87517800682447,286.82487664887907,0.1325,
2022-07-05 22:30:00,0.0,0.0267519461069234,3.1204258953101096,230.9612025404001,0.1325,-1.0988068437541163
2022-07-05 23:00:00,0.0,0.0340527574254677,2.4653619573852747,182.476040604217,0.133,
2022-07-05 23:30:00,0.0,3.00173708846954e-05,2.081846526549768,154.08979203741185,0.133,
2022-07-06 00:00:00,0.0,2.9221308170873098e-05,1.5413564409886444,114.0849195262654,0.134,
2022-07-06 00:30:00,0.0,2.843697704639137e-05,1.3028637229605424,96.43266089205584,0.134,
2022-07-06 01:00:00,0.0,2.7554950680070244e-05,1.3028637229605424,96.43266089205584,0.1345,
2022-07-06 01:30:00,0.0,2.6866742732449057e-05,0.8989420364047264,66.53602447479955,0.1345,
2022-07-06 02:00:00,0.0,2.643646021215821e-05,0.8785277376835355,65.0250413142151,0.1345,
2022-07-06 02:30:00,0.0,2.608118062092133e-05,0.776136201241849,57.44643724543272,0.1345,
2022-07-06 03:00:00,0.0,2.562248294754593e-05,0.714442875873856,52.88014883040475,0.135,
2022-07-06 03:30:00,0.0,2.5236673719742934e-05,0.6732052148834197,49.82790529319426,0.135,
2022-07-06 04:00:00,0.0,2.506306392233109e-05,0.5073725996316493,37.55365122533343,0.1355,
2022-07-06 04:30:00,0.0,2.506306392233109e-05,0.4448166273690413,32.9235132042477,0.1355,
2022-07-06 05:00:00,0.0,2.4993588956392983e-05,0.5073725996316493,37.55365122533343,0.135,
2022-07-06 05:30:00,0.0,2.492425274865588e-05,0.4448166273690413,32.9235132042477,0.135,
2022-07-06 06:00:00,0.0,2.468334191378207e-05,0.4029993892028962,29.828371727474583,0.135,
2022-07-06 06:30:00,0.0,2.4544708661653435e-05,0.4656911987216687,34.468563868442075,0.135,
2022-07-06 07:00:00,0.0,2.4717075866233703e-05,0.4239193812053027,31.376784242981923,0.1355,
2022-07-06 07:30:00,0.0,2.5202430447118047e-05,0.5904663963994022,43.703915281907214,0.1355,
2022-07-06 08:00:00,0.0,2.597470361453195e-05,0.6732052148834197,49.82790529319426,0.135,
2022-07-06 08:30:00,0.0,2.8846113638478657e-05,1.1019304684534763,81.56040061468232,0.135,
2022-07-06 09:00:00,0.0,0.0118384983944354,1.6791912550774195,124.2868905013564,0.1335,-1.1920922033219516
2022-07-06 09:30:00,0.0,0.0127077240678564,2.8617451372437412,211.8147074908411,0.1335,-1.2853775628897868
2022-07-06 10:00:00,0.0,0.0234207603042123,3.912670925669752,289.59994964012395,0.133,-1.378662922457622
2022-07-06 10:30:00,0.0,0.024260722172366,4.90104776808837,362.7555738230854,0.133,-1.471948282025457
2022-07-06 11:00:00,0.0,0.0298972414617791,5.255317726386931,388.9771917488787,0.132,-1.43785461098301
2022-07-06 11:30:00,0.0,0.0305240254607281,5.571625112322271,412.3889748448449,0.132,-1.3911464615499427
2022-07-06 12:00:00,0.0,0.047945406992306,5.965725675083467,441.5586917203449,0.131,-1.354078016129743
2022-07-06 12:30:00,0.0,0.0965699118890231,5.854185508428735,433.3029433429032,0.131,-1.3202022227186505
2022-07-06 13:00:00,0.0,0.051650168313326,5.742645341774003,425.0471949654615,0.13,-1.2822244179110691
2022-07-06 13:30:00,0.0,0.0504562397957061,5.631105175119271,416.7914465880197,0.13,-1.2525543819322118
2022-07-06 14:00:00,0.0,0.0230932038866416,5.519565008464539,408.535698210578,0.129,-1.2479859267041944
2022-07-06 14:30:00,0.0,0.0247577261110716,5.408024841809807,400.2799498331363,0.129,-1.2626391849294647
2022-07-06 15:00:00,0.0,0.1822180248895319,5.2964846751550745,392.02420145569454,0.128,-1.2733809603635702
2022-07-06 15:30:00,0.0,0.1584705390160974,5.184944508500343,383.7684530782528,0.128,-1.2743801891145188
2022-07-06 16:00:00,0.0,0.0990147188269076,5.0734043418456105,375.5127047008111,0.127,-1.2918319596169567
2022-07-06 16:30:00,0.0,0.1388510794723829,4.961864175190879,367.2569563233694,0.127,-1.353120571622927
2022-07-06 17:00:00,0.0,0.0949235919703609,4.8503240085361465,359.0012079459277,0.126,-1.4397334365367336
2022-07-06 17:30:00,0.0,0.1435842066743902,,372.111,0.126,-1.4759203831440484
2022-07-06 18:00:00,0.0,0.211550808563635,,390.086,0.125,-1.378442804232445
2022-07-06 18:30:00,0.0,0.1388854403082344,,446.078,0.125,-1.4300543263309944
2022-07-06 19:00:00,0.0,0.0123415439566317,,421.995,0.123,-1.4816658484295435
2022-07-06 19:30:00,0.0,0.0128475839236803,,367.808,0.123,-1.5332773705280929
2022-07-06 20:00:00,0.0,4.357773870443802e-05,,392.093,0.122,-1.5848888926266422
2022-07-06 20:30:00,0.0,4.100291423138871e-05,,384.401,0.122,
2022-07-06 21:00:00,0.0,3.970431208349552e-05,,319.544,0.1215,
2022-07-06 21:30:00,0.0,3.752045360748856e-05,,276.436,0.1215,
2022-07-06 22:00:00,0.0,3.603117163951886e-05,3.734922341988826,276.4437241715105,0.1225,
2022-07-06 22:30:00,0.0,3.461619743987309e-05,2.8802914064072676,213.1874267196758,0.1225,
2022-07-06 23:00:00,0.0,0.011442714518646,2.240588622575166,165.8392347807608,0.124,
2022-07-06 23:30:00,0.0,3.367603199451579e-05,1.7184021675099852,127.18912237353216,0.124,
2022-07-07 00:00:00,0.0,3.400155713459838e-05,1.411284667270394,104.457537148853,0.125,
2022-07-07 00:30:00,0.0,3.3392474329447656e-05,1.11243398636497,82.33782818679332,0.125,
2022-07-07 01:00:00,0.0,3.2510446819210245e-05,0.9511928577063884,70.40341723669562,0.125,
2022-07-07 01:30:00,0.0,3.187737162449441e-05,0.7273071200431975,53.83230773524846,0.125,
2022-07-07 02:00:00,0.0,3.239131313461301e-05,0.6246861754298498,46.236723808915514,0.1255,
2022-07-07 02:30:00,0.0,3.271019973049637e-05,0.5628521793836909,41.66002352381551,0.1255,
2022-07-07 03:00:00,0.0,3.2471247311145726e-05,0.6657995756514921,49.27977007064113,0.1255,
2022-07-07 03:30:00,0.0,3.1995235324696024e-05,0.5421968714071846,40.131201840766984,0.1255,
2022-07-07 04:00:00,0.0,3.219286580736566e-05,0.6246861754298498,46.236723808915514,0.1255,
2022-07-07 04:30:00,0.0,3.211501208435781e-05,0.6452537570794961,47.75905234691724,0.1255,
2022-07-07 05:00:00,0.0,3.29899059323388e-05,0.3761529630907169,27.841308721716292,0.1255,
2022-07-07 05:30:00,0.0,3.070852557616108e-05,0.3344168109008601,24.75216889831391,0.1255,
2022-07-07 06:00:00,0.0,3.0284443149030228e-05,0.1454672349847,10.766891651805867,0.1225,
2022-07-07 06:30:00,0.0,3.101775059832205e-05,0.1665544674960458,12.327682627931726,0.1225,
2022-07-07 07:00:00,0.0,3.223346470019411e-05,0.2086588681551858,15.444078701651447,0.124,
2022-07-07 07:30:00,0.0,3.1289254423377296e-05,0.417798484481073,30.923740422848777,0.124,
2022-07-07 08:00:00,0.0,3.113345954710823e-05,0.5215194619550423,38.60074429660139,0.1255,
2022-07-07 08:30:00,0.0,3.4286814121211164e-05,0.5628521793836909,41.66002352381551,0.1255,
2022-07-07 09:00:00,0.0,3.469801230712109e-05,1.0722466884334407,79.36332824078742,0.126,-1.894558025217938
2022-07-07 09:30:00,0.0,3.743441925524666e-05,1.744713382667157,129.13657124649947,0.126,-1.946169547316487
2022-07-07 10:00:00,0.0,4.10939356366709e-05,2.9541729429063017,218.65583683029425,0.126,-1.9977810694150364
2022-07-07 10:30:00,0.0,4.609456319267253e-05,6.2082300856169885,459.50787947780856,0.126,-2.0493925915135858
2022-07-07 11:00:00,0.0,0.056842059387941,7.800510524741641,577.3619857248144,0.125,-2.101004113612135
2022-07-07 11:30:00,0.0,0.1539735037087843,7.588539670052926,561.67276728319,0.125,-2.3088565303896504
2022-07-07 12:00:00,0.0,0.2307085512481463,7.376568815364211,545.9835488415654,0.1225,-2.3495406596826083
2022-07-07 12:30:00,0.0,0.168883848518607,7.164597960675496,530.2943303999409,0.1225,-2.3043868714348092
2022-07-07 13:00:00,0.0,0.2421507679465885,6.952627105986781,514.6051119583163,0.1225,-2.252363557441869
2022-07-07 13:30:00,0.0,0.2531577811040689,6.7406562512980654,498.9158935166918,0.1225,-2.1968416680603564
2022-07-07 14:00:00,0.0,0.5290875624943144,6.52868539660935,483.22667507506736,0.121,-2.0730516913264925
2022-07-07 14:30:00,0.0,0.4350550415387091,6.316714541920635,467.5374566334429,0.121,-1.8323624803195289
2022-07-07 15:00:00,0.0,0.2663262276481425,6.10474368723192,451.8482381918183,0.12,-1.5235534591290216
2022-07-07 15:30:00,0.0,0.2654575955981552,5.892772832543205,436.1590197501938,0.12,-1.280695550147142
2022-07-07 16:00:00,0.0,0.1589314123674736,5.68080197785449,420.4698013085693,0.119,-1.209462986396929
2022-07-07 16:30:00,0.0,0.2834385062316485,,392.05,0.119,-1.1532856469343615
2022-07-07 17:00:00,0.0,0.3820614342984108,,397.968,0.1175,-1.097108307471794
2022-07-07 17:30:00,0.0,0.5676976090400327,,417.568,0.1175,-1.0409309680092265
2022-07-07 18:00:00,0.0,0.4441629524662446,,405.6,0.11549999999999999,-0.9847536285466588
2022-07-07 18:30:00,0.0,0.3295071464154424,,434.449,0.11549999999999999,
2022-07-07 19:00:00,0.0,0.1167149011441969,,378.467,0.11499999999999999,
2022-07-07 19:30:00,0.0,0.0855200580465179,,372.003,0.11499999999999999,
2022-07-07 20:00:00,0.0,5.070769872564525e-05,,406.186,0.11399999999999999,
2022-07-07 20:30:00,0.0,4.677322702774806e-05,,322.037,0.11399999999999999,
2022-07-07 21:00:00,0.0,4.381194643932356e-05,,293.043,0.11199999999999999,-0.6476895917712536
2022-07-07 21:30:00,0.0,4.127444219376738e-05,,240.123,0.11199999999999999,-0.5915122523086861
2022-07-07 22:00:00,0.0,4.0372945814983454e-05,3.1371517215899076,232.19918000907512,0.11399999999999999,-0.5353349128461184
2022-07-07 22:30:00,0.0,3.921747894829718e-05,2.5648511255343207,189.83982320516995,0.11399999999999999,-0.4791575733835509
2022-07-07 23:00:00,0.0,3.838583573054792e-05,2.1110665237945856,156.25253710116525,0.11549999999999999,
2022-07-07 23:30:00,0.0,0.032800711244084,1.5884867016772588,117.57330926852626,0.11549999999999999,
2022-07-08 00:00:00,0.0,0.0346327933268321,1.181981157742637,87.48542626268765,0.11599999999999999,
2022-07-08 00:30:00,0.0,0.0317484145606604,1.201864436674121,88.95710550344893,0.11599999999999999,
2022-07-08 01:00:00,0.0,0.0312315887461549,0.9418154754634074,69.70934163542113,0.11599999999999999,
2022-07-08 01:30:00,0.0,0.0297180069461253,1.002130710001521,74.17362938580996,0.11599999999999999,
2022-07-08 02:00:00,0.0,0.0289029406115801,0.6986845246962904,51.71377992432221,0.11649999999999999,
2022-07-08 02:30:00,0.0,0.0255312244222854,0.6782863542848281,50.203990515467446,0.11649999999999999,
2022-07-08 03:00:00,0.0,0.0429724855661855,0.616963072044867,45.66509118408044,0.11649999999999999,
2022-07-08 03:30:00,0.0,0.0300841413481716,0.616963072044867,45.66509118408044,0.11649999999999999,
2022-07-08 04:00:00,0.0,3.9175080635699856e-05,0.2657362896081828,19.66871672830752,0.11599999999999999,
2022-07-08 04:30:00,0.0,0.056466643290389,0.7597511794511876,56.23368473555595,0.11599999999999999,
2022-07-08 05:00:00,0.0,0.0372497330917339,0.8611066210927694,63.73560129147744,0.11449999999999999,-0.1455637404591443
2022-07-08 05:30:00,0.0,0.0601549691372661,0.5143243973330015,38.06819494814225,0.11449999999999999,-0.1433578801696404
2022-07-08 06:00:00,0.0,0.0548431213239464,1.1620780172566696,86.01227695064074,0.11399999999999999,-0.1411520198801365
2022-07-08 06:30:00,0.0,0.0780239039515631,1.6149278639038709,119.53037629376873,0.11399999999999999,-0.1389461595906326
2022-07-08 07:00:00,0.0,0.0844226133828384,2.3418333328541716,173.33295545268518,0.113,-0.1367402993011287
2022-07-08 07:30:00,0.0,0.0576028848084487,2.7330264883763595,202.28747789808975,0.113,-0.1871115215133591
2022-07-08 08:00:00,0.0,0.0997330606455445,3.601713510022036,266.5841495325831,0.1115,-0.2428255029533817
2022-07-08 08:30:00,0.0,0.0827708423850705,4.076061315835942,301.69344016430057,0.1115,-0.3112740829174441
2022-07-08 09:00:00,0.0,3.834218123900825e-05,4.352675365113686,322.1672843138371,0.1105,-0.4229802339209834
2022-07-08 09:30:00,0.0,3.6878242607111736e-05,4.093445047758208,302.98011312629626,0.1105,-0.6297785491011553
2022-07-08 10:00:00,0.0,0.0010226482521515,4.180171375174297,309.3992422913366,0.1105,-0.9703800858426748
2022-07-08 10:30:00,0.0,0.0012122968757244,4.727868272564678,349.93753363132606,0.1105,-1.4093257123121417
2022-07-08 11:00:00,0.0,0.3622460497554011,7.287661705624812,539.4030070601807,0.1085,-1.805500407440206
2022-07-08 11:30:00,0.0,0.3891370473821351,8.860046312747254,655.7845049393101,0.1085,-1.9784263971805265
2022-07-08 12:00:00,0.0,0.3656542203498646,9.410512528739016,696.5277699514363,0.104,-1.845909819615911
2022-07-08 12:30:00,0.0,0.4881872040817843,9.070321389527637,671.3482088139845,0.104,-1.4983388857661628
2022-07-08 13:00:00,0.0,0.4148043347239983,8.730130250316257,646.1686476765326,0.103,-1.1289264363965117
2022-07-08 13:30:00,0.0,0.3984111650704282,8.389939111104878,620.9890865390807,0.103,-0.9012476120920552
2022-07-08 14:00:00,0.0,0.2492906571358035,8.049747971893499,595.8095254016289,0.10200000000000001,-0.8757720841372597
2022-07-08 14:30:00,0.0,0.2594142060331426,7.709556832682119,570.629964264177,0.10200000000000001,-1.0193163843744186
2022-07-08 15:00:00,0.0,0.2639907788257069,7.36936569347074,545.4504031267252,0.101,-1.2515153813724578
2022-07-08 15:30:00,0.0,0.2900533922130452,7.02917455425936,520.2708419892733,0.101,-1.486870791169343
2022-07-08 16:00:00,0.0,0.5226639959156211,6.688983415047981,495.09128085182147,0.099,-1.49079315619796
2022-07-08 16:30:00,0.0,0.4650107858280273,6.348792275836602,469.9117197143696,0.099,-1.4947155212265768
2022-07-08 17:00:00,0.0,0.5525925545731357,6.008601136625223,444.73215857691775,0.0955,-1.498637886255194
2022-07-08 17:30:00,0.0,0.548698770178332,,444.115,0.0955,-1.5025602512838108
2022-07-08 18:00:00,0.0,0.2646743485279558,,412.771,0.095,
2022-07-08 18:30:00,0.0,0.2962120346391154,,418.002,0.095,
2022-07-08 19:00:00,0.0,0.1940424699750321,,496.28,0.0945,
2022-07-08 19:30:00,0.0,0.1726261211271246,,349.847,0.0945,
2022-07-08 20:00:00,0.0,0.182603007593616,,325.937,0.094,
2022-07-08 20:30:00,0.0,0.1607018900932694,,365.061,0.094,
2022-07-08 21:00:00,0.0,0.0718633495494882,,303.011,0.0955,
2022-07-08 21:30:00,0.0,0.0650926470744782,,231.959,0.0955,
2022-07-08 22:00:00,0.0,0.0385380384999542,,191.901,0.0965,-1.537861536541363
2022-07-08 22:30:00,0.0,3.586361836441259e-05,2.2664986053000495,167.7569860649474,0.0965,-1.54178390156998
2022-07-08 23:00:00,0.0,0.0334442254756788,1.8087077552459676,133.8731737945153,0.0975,-0.3195423014747287
2022-07-08 23:30:00,0.0,3.383853668811971e-05,1.4389358543564823,106.504165280824,0.0975,-0.3278105200320132
2022-07-09 00:00:00,0.0,3.3432409920585494e-05,0.8516266978802011,63.03393602570197,0.0975,-0.3360787385892978
2022-07-09 00:30:00,0.0,3.327119776282683e-05,0.8113509179741847,60.05288700469275,0.0975,-0.3443469571465823
2022-07-09 01:00:00,0.0,0.0257528885680525,0.5883358218478371,43.54621884012629,0.0975,
2022-07-09 01:30:00,0.0,0.0233604766122983,0.649412136110458,48.06683860873914,0.0975,
2022-07-09 02:00:00,0.0,0.0330545031417906,0.5065998428002998,37.49645491526947,0.098,
2022-07-09 02:30:00,0.0,0.0227750492739728,0.4245161047870978,31.420951289615765,0.098,
2022-07-09 03:00:00,0.0,0.0242136346101554,0.3214158403535885,23.789890064420383,0.098,
2022-07-09 03:30:00,0.0,0.0220798087587343,0.3627225010426886,26.84724067800857,0.098,
2022-07-09 04:00:00,0.0,0.0235689269701817,0.4039403307143879,29.89801638186005,0.0975,
2022-07-09 04:30:00,0.0,3.235220977632475e-05,0.3214158403535885,23.789890064420383,0.0975,
2022-07-09 05:00:00,0.0,3.262987295419592e-05,0.3420803088894351,25.319389774722932,0.097,
2022-07-09 05:30:00,0.0,3.117315308598607e-05,0.4039403307143879,29.89801638186005,0.097,
2022-07-09 06:00:00,0.0,0.0255379678089156,0.5475110362459826,40.52453465585206,0.097,
2022-07-09 06:30:00,0.0,3.259057729906609e-05,0.5883358218478371,43.54621884012629,0.097,
2022-07-09 07:00:00,0.0,0.0003500373318685,1.091564802302775,80.79317626787234,0.096,
2022-07-09 07:30:00,0.0,0.0003602780972362,1.4265921939956658,105.59053786702476,0.096,
2022-07-09 08:00:00,0.0,0.0037032687710591,2.156073727233631,159.58378680169028,0.095,
2022-07-09 08:30:00,0.0,0.0039848097519388,3.3661728770504387,249.15039219836487,0.095,
2022-07-09 09:00:00,0.0,0.0047734578725153,4.326826363014868,320.25404656696895,0.0935,-1.545706266598597
2022-07-09 09:30:00,0.0,0.1005056039078167,5.0350539188939765,372.6741627517282,0.0935,-1.549628631627214
2022-07-09 10:00:00,0.0,0.1099573618323365,5.852825783045274,433.2023020137305,0.092,-1.5535509966558307
2022-07-09 10:30:00,0.0,0.2193778589381051,6.848478496772473,506.89645652663336,0.092,-1.9998830930247509
2022-07-09 11:00:00,0.0,0.4214350843306592,8.301875102405862,614.4709476593137,0.0905,-2.279986711931178
2022-07-09 11:30:00,0.0,0.4430348204463873,8.669283377539012,641.6650102312155,0.0905,-2.261501916292751
2022-07-09 12:00:00,0.0,0.4852914162992294,9.704970996774948,718.3223852243057,0.0865,-1.9517495338809856
2022-07-09 12:30:00,0.0,0.4977231810058044,9.591447545570336,709.9198422104944,0.0865,-1.5225001421137994
2022-07-09 13:00:00,0.0,0.4497024257741309,9.218547736643323,682.3193186966013,0.0865,-1.1933883422943048
2022-07-09 13:30:00,0.0,0.59227838833002,8.845647927716314,654.718795182708,0.0865,-1.0776651262419692
2022-07-09 14:00:00,0.0,0.5274378477694845,8.472748118789305,627.1182716688149,0.08549999999999999,-1.134673614981729
2022-07-09 14:30:00,0.0,0.4390904138437393,8.099848309862294,599.5177481549217,0.08549999999999999,-1.2580547813651473
2022-07-09 15:00:00,0.0,0.147534329016657,7.726948500935283,571.9172246410286,0.08399999999999999,-1.3968866154055444
2022-07-09 15:30:00,0.0,0.1479845366458404,7.354048692008273,544.3167011271354,0.08399999999999999,-1.351263584991737
2022-07-09 16:00:00,0.0,0.3723795081105722,6.981148883081262,516.7161776132423,0.08249999999999999,-1.3056405545779293
2022-07-09 16:30:00,0.0,0.4182589651676587,6.6082490741542514,489.1156540993491,0.08249999999999999,-1.2600175241641218
2022-07-09 17:00:00,0.0,0.4604100794096047,6.23534926522724,461.5151305854559,0.0795,-1.2143944937503142
2022-07-09 17:30:00,0.0,0.4529870204845354,5.862449456300229,433.9146070715628,0.0795,
2022-07-09 18:00:00,0.0,0.2188770732873645,,344.294,0.0785,
2022-07-09 18:30:00,0.0,0.4645430000995438,,407.04,0.0785,
2022-07-09 19:00:00,0.0,0.3172268578118652,,415.041,0.0775,
2022-07-09 19:30:00,0.0,0.2681279864107034,,386.494,0.0775,
2022-07-09 20:00:00,0.0,0.1030882502522576,,346.277,0.0785,
2022-07-09 20:30:00,0.0,0.100417456010377,,274.035,0.0785,
2022-07-09 21:00:00,0.0,4.260172388202845e-05,,221.109,0.08099999999999999,
2022-07-09 21:30:00,0.0,0.063185467249234,2.8792509848841443,213.1104189604175,0.08099999999999999,
2022-07-09 22:00:00,0.0,0.0691360110752008,2.4185045120196085,179.00784353987046,0.08249999999999999,-0.758164189612239
2022-07-09 22:30:00,0.0,3.666573640149513e-05,1.813753661379247,134.24665119393052,0.08249999999999999,-0.7125411591984314
2022-07-09 23:00:00,0.0,3.511241543644672e-05,1.328635245870028,98.34016394521863,0.08399999999999999,
2022-07-09 23:30:00,0.0,3.396117416792823e-05,1.1114287895843007,82.2634276193573,0.08399999999999999,
2022-07-10 00:00:00,0.0,3.279065826222133e-05,0.781498265484064,57.843315379068954,0.08499999999999999,
2022-07-10 00:30:00,0.0,3.144557613994091e-05,0.3552067425804386,26.290954878992046,0.08499999999999999,
2022-07-10 01:00:00,0.0,3.0476424600834423e-05,0.3552067425804386,26.290954878992046,0.0865,
2022-07-10 01:30:00,0.0,0.0246854556511268,0.293530634468494,21.72594081506062,0.0865,
2022-07-10 02:00:00,0.0,3.168104669226165e-05,0.1695773568954562,12.55142457670986,0.087,
2022-07-10 02:30:00,0.0,2.959832938613145e-05,-0.122838718036139,-9.092021085579496,0.087,
2022-07-10 03:00:00,0.0,2.8996997763214526e-05,0.1280794771979158,9.479920711732388,0.08449999999999999,
2022-07-10 03:30:00,0.0,2.8883783507465197e-05,-0.0388276866984338,-2.873867065777883,0.08449999999999999,
2022-07-10 04:00:00,0.0,2.8252483396265985e-05,0.0030375956309233,0.224830444076227,0.08199999999999999,
2022-07-10 04:30:00,0.0,2.8252483396265985e-05,0.0448101664893234,3.3166658288422988,0.08199999999999999,
2022-07-10 05:00:00,0.0,0.0238793804749583,-0.207227640952811,-15.33814509936151,0.08249999999999999,
2022-07-10 05:30:00,0.0,2.877237961025713e-05,-0.1018007183283908,-7.534874120849795,0.08249999999999999,
2022-07-10 06:00:00,0.0,2.8363972230347037e-05,-0.0388276866984338,-2.873867065777883,0.08249999999999999,
2022-07-10 06:30:00,0.0,3.0399844855890523e-05,-0.0597952763041129,-4.4258025618201495,0.08249999999999999,
2022-07-10 07:00:00,0.0,3.113345954710823e-05,0.4166849506686871,30.841321190023994,0.08199999999999999,
2022-07-10 07:30:00,0.0,3.4165093201904455e-05,0.8216137534977882,60.8125002477338,0.08199999999999999,
2022-07-10 08:00:00,0.0,0.0034926954622851,1.6265828857400886,120.39303349161254,0.08,
2022-07-10 08:30:00,0.0,0.0035333241750987,2.530350872516744,187.28625513714965,0.08,
2022-07-10 09:00:00,0.0,0.0866862811207505,3.3442569779206788,247.5282666976853,0.0785,-0.6669181287846239
2022-07-10 09:30:00,0.0,0.0115204304044977,4.1124731818745675,304.38849803433703,0.0785,-0.6212950983708163
2022-07-10 10:00:00,0.0,4.050824563260603e-05,4.588502632485298,339.6222571577127,0.077,-0.5756720679570088
2022-07-10 10:30:00,0.0,0.0641844770722281,5.979838724410953,442.6032820915142,0.077,-0.7513811277408193
2022-07-10 11:00:00,0.0,0.1145638872380442,6.422331884686865,475.3548217344929,0.075,-0.9380411130307436
2022-07-10 11:30:00,0.0,0.1199413010781537,6.965608786498034,515.5659630223909,0.075,-1.093590241539914
2022-07-10 12:00:00,0.0,0.1407299400617056,6.87321972267044,508.72770119560835,0.072,-1.1691024458870556
2022-07-10 12:30:00,0.0,0.3415719285414291,7.195282693350755,532.56548920841,0.072,-1.1379727247510287
2022-07-10 13:00:00,0.0,0.401042838225688,6.978493805804684,516.5196596181962,0.07050000000000001,-1.022084763217023
2022-07-10 13:30:00,0.0,0.4930065945860786,6.761704918258612,500.4738300279825,0.07050000000000001,-0.884455397536554
2022-07-10 14:00:00,0.0,0.4772031981417107,6.544916030712542,484.42800043776873,0.069,-0.7855282526263447
2022-07-10 14:30:00,0.0,0.4398684383410606,6.32812714316647,468.38217084755496,0.069,-0.7430680505957907
2022-07-10 15:00:00,0.0,0.3505391886557276,6.111338255620399,452.3363412573413,0.067,-0.7352647433292162
2022-07-10 15:30:00,0.0,0.2548519495138677,5.894549368074327,436.2905116671275,0.067,-0.7414237200249117
2022-07-10 16:00:00,0.0,0.2351114147314076,5.677760480528256,420.2446820769137,0.0655,-0.7740537968226326
2022-07-10 16:30:00,0.0,0.238425280336334,5.460971592982185,404.19885248669993,0.0655,-0.8625861467888714
2022-07-10 17:00:00,0.0,0.3031214701259614,5.244182705436113,388.1530228964862,0.0645,-0.9003059882098352
2022-07-10 17:30:00,0.0,0.3792877608599506,5.027393817890042,372.1071933062725,0.0645,-0.9380258296307992
2022-07-10 18:00:00,0.0,0.3804116503144209,,440.35,0.064,-0.9757456710517628
2022-07-10 18:30:00,0.0,0.3763923906075392,,381.1,0.064,-1.0134655124727263
2022-07-10 19:00:00,0.0,0.3386724594040509,,392.642,0.062,
2022-07-10 19:30:00,0.0,0.4156568028941169,,437.407,0.062,
2022-07-10 20:00:00,0.0,0.1117380074596739,,356.19,0.063,
2022-07-10 20:30:00,0.0,0.1084015363624785,,357.257,0.063,
2022-07-10 21:00:00,0.0,0.1001718641643646,,330.605,0.064,
2022-07-10 21:30:00,0.0,0.0966970989768597,,245.724,0.064,
2022-07-10 22:00:00,0.0,0.0952036337001401,3.0762938299753997,227.69472699434863,0.066,-1.2775044024194735
2022-07-10 22:30:00,0.0,0.0644052836911404,2.1585184454295696,159.7647348752385,0.066,-1.3152242438404371
2022-07-10 23:00:00,0.0,0.0610953428046742,1.7417305845641449,128.91579669202525,0.067,
2022-07-10 23:30:00,0.0,3.847323793770416e-05,1.3162920171201722,97.42656847750295,0.067,
2022-07-11 00:00:00,0.0,3.756351760627554e-05,0.8070338303303871,59.73335377841669,0.0685,
2022-07-11 00:30:00,0.0,0.0473895669575946,0.3066317795866067,22.69563416226792,0.0685,
2022-07-11 01:00:00,0.0,0.0575855435532784,0.4077558468754118,30.18042533192896,0.07,
2022-07-11 01:30:00,0.0,3.851698563857494e-05,0.4077558468754118,30.18042533192896,0.07,
2022-07-11 02:00:00,0.0,3.641000309885901e-05,0.5083502483957445,37.626012800898145,0.0695,
2022-07-11 02:30:00,0.0,3.615716633737405e-05,0.1232478183868179,9.122301025601312,0.0695,
2022-07-11 03:00:00,0.0,3.624131975377748e-05,0.0822543678521222,6.088132950658833,0.07100000000000001,
2022-07-11 03:30:00,0.0,3.4987072144068906e-05,0.0822543678521222,6.088132950658833,0.07100000000000001,
2022-07-11 04:00:00,0.0,3.586361836441259e-05,0.1232478183868179,9.122301025601312,0.07050000000000001,
2022-07-11 04:30:00,0.0,3.323138986250876e-05,0.0617243118981704,4.568581911657102,0.07050000000000001,
2022-07-11 05:00:00,0.0,3.3432409920585494e-05,6.949480238973145e-17,5.1437219369200026e-15,0.07100000000000001,
2022-07-11 05:30:00,0.0,3.666573640149513e-05,6.949480238973145e-17,5.1437219369200026e-15,0.07100000000000001,
2022-07-11 06:00:00,0.0,3.5905459563835916e-05,0.0617243118981704,4.568581911657102,0.07100000000000001,
2022-07-11 06:30:00,0.0,0.0478733227837363,0.5083502483957445,37.626012800898145,0.07100000000000001,
2022-07-11 07:00:00,0.0,3.469801230712109e-05,0.9252386156287205,68.48239005566491,0.07,
2022-07-11 07:30:00,0.0,0.0490641304112543,1.4102989705095454,104.38457989338092,0.07,
2022-07-11 08:00:00,0.0,0.0720217230126137,2.070406011834202,153.24301178207563,0.0695,
2022-07-11 08:30:00,0.0,0.0534365383600826,2.6019255642522716,192.58392200356727,0.0695,
2022-07-11 09:00:00,0.0,0.0559829829182032,3.032052379491399,224.42015520551888,0.0685,-1.352944085261401
2022-07-11 09:30:00,0.0,0.0572015111080509,3.5928182276381673,265.92575699731975,0.0685,-1.3906639266823648
2022-07-11 10:00:00,0.0,0.0644478557206239,3.86807478485764,286.29912511930866,0.0685,-1.428383768103329
2022-07-11 10:30:00,0.0,0.0748463706399902,5.5199130720774745,408.5614604601238,0.0685,-1.961715623907733
2022-07-11 11:00:00,0.0,0.341851334699568,6.722695697303404,497.58652653664814,0.067,-2.3181599807146345
2022-07-11 11:30:00,0.0,0.370929068250453,7.817048475398222,578.5860574058431,0.067,-2.3715341240794414
2022-07-11 12:00:00,0.0,0.4304659249253346,8.7734200599316,649.3727828881816,0.062,-2.17183723384536
2022-07-11 12:30:00,0.0,0.3277401806497682,9.170684804283251,678.776699584381,0.062,-1.9176251619373936
2022-07-11 13:00:00,0.0,0.4704415866714477,8.834981804835056,653.9293322536888,0.062,-1.8095656497441743
2022-07-11 13:30:00,0.0,0.4718373460297713,8.49927880538686,629.0819649229966,0.062,-1.9074018724225208
2022-07-11 14:00:00,0.0,0.5117211342738741,8.163575805938665,604.2345975923043,0.061,-2.101100906444548
2022-07-11 14:30:00,0.0,0.5376721051585955,7.827872806490469,579.3872302616121,0.061,-2.2174829402630283
2022-07-11 15:00:00,0.0,0.6528117519826799,7.4921698070422735,554.5398629309199,0.058499999999999996,-2.1707496794394565
2022-07-11 15:30:00,0.0,0.5499724328916926,7.156466807594078,529.6924956002276,0.058499999999999996,-2.0142529424473294
2022-07-11 16:00:00,0.0,0.5336661627382119,6.820763808145882,504.84512826953534,0.05499999999999999,-1.847654792671664
2022-07-11 16:30:00,0.0,0.5674675228882529,6.485060808697687,479.9977609388431,0.05499999999999999,-1.6960141706192369
2022-07-11 17:00:00,0.0,0.5363051030233659,6.149357809249492,455.15039360815086,0.054,-1.6442033723825031
2022-07-11 17:30:00,0.0,0.3973570340175295,5.813654809801296,430.3030262774586,0.054,-1.5923925741457694
2022-07-11 18:00:00,0.0,0.5149986490125575,,323.652,0.0535,-1.540581775909036
2022-07-11 18:30:00,0.0,0.48251529907814,,558.086,0.0535,-1.4887709776723022
2022-07-11 19:00:00,0.0,0.4309543335090749,,348.322,0.0525,
2022-07-11 19:30:00,0.0,0.4300979682621959,,389.219,0.0525,
2022-07-11 20:00:00,0.0,0.1843310217186914,,361.665,0.052500000000000005,
2022-07-11 20:30:00,0.0,0.2107266820653873,,375.135,0.052500000000000005,
2022-07-11 21:00:00,0.0,0.1660098192081179,,360.683,0.053000000000000005,
2022-07-11 21:30:00,0.0,0.1621394542078938,,359.99,0.053000000000000005,
2022-07-11 22:00:00,0.0,0.1595677367583353,,249.33,0.05499999999999999,
2022-07-11 22:30:00,0.0,0.1082727837537571,2.456624815319341,181.82935297053615,0.05499999999999999,
2022-07-11 23:00:00,0.0,0.1807519912328856,1.9400683257075717,143.5959476523415,0.056499999999999995,
2022-07-11 23:30:00,0.0,0.1763645831049498,1.6390282346567744,121.31418747772472,0.056499999999999995,
2022-07-12 00:00:00,0.0,0.1502996547025281,1.5020407511365164,111.17493245667968,0.056999999999999995,
2022-07-12 00:30:00,0.0,0.1734158017931913,1.326745372547445,98.20028322704846,0.056999999999999995,
2022-07-12 01:00:00,0.0,0.171183111532331,1.1301593074601115,83.64978418667833,0.057999999999999996,
2022-07-12 01:30:00,0.0,0.1704649334664963,1.1893387122990042,88.03000245360097,0.057999999999999996,
2022-07-12 02:00:00,0.0,0.1443254621295391,1.0708031562251488,79.256483872128,0.057999999999999996,
2022-07-12 02:30:00,0.0,0.1671211388406714,1.0311334174569595,76.3202915452617,0.057999999999999996,
2022-07-12 03:00:00,0.0,0.1657387163785926,0.9515542808754393,70.43016830611708,0.057999999999999996,
2022-07-12 03:30:00,0.0,0.1607867530531848,1.0311334174569595,76.3202915452617,0.057999999999999996,
2022-07-12 04:00:00,0.0,0.1609861582737767,0.8916583424904675,65.99691514747926,0.057499999999999996,
2022-07-12 04:30:00,0.0,0.1331995490896239,0.8315792286084874,61.5501040853743,0.057499999999999996,
2022-07-12 05:00:00,0.0,0.1556874127487308,0.9116439269195792,67.47616662406708,0.057499999999999996,
2022-07-12 05:30:00,0.0,0.1268125478263629,0.8516260545384854,63.03388840817113,0.057499999999999996,
2022-07-12 06:00:00,0.0,4.8495168331721855e-05,1.1893387122990042,88.03000245360097,0.057499999999999996,
2022-07-12 06:30:00,0.0,0.0739522030567454,1.5601362470990627,115.47492420775993,0.057499999999999996,
2022-07-12 07:00:00,0.0,4.218798386732919e-05,1.8672146570196215,138.20361612639877,0.057999999999999996,
2022-07-12 07:30:00,0.0,4.0777784320328945e-05,2.3008022649466,170.29600309317152,0.057999999999999996,
2022-07-12 08:00:00,0.0,0.0539155149629811,3.088443707601086,228.5940114001616,0.0595,
2022-07-12 08:30:00,0.0,0.0595633263809702,3.6918708555770614,273.25722867172726,0.0595,
2022-07-12 09:00:00,0.0,0.0099062380828598,4.686181709100121,346.8520641631931,0.059,-1.022473793541699
2022-07-12 09:30:00,0.0,0.0110780760966207,5.446775232946241,403.1480957965552,0.059,-0.9706629953049654
2022-07-12 10:00:00,0.0,0.2956069566163724,6.500324056961652,481.1274843458358,0.057499999999999996,-0.9188521970682316
2022-07-12 10:30:00,0.0,0.3291702965735498,7.590477300249424,561.8161827704586,0.057499999999999996,-0.867041398831498
2022-07-12 11:00:00,0.0,0.4625755368891054,8.917672753052408,660.0497791030082,0.05500000000000001,-0.8152306005947644
2022-07-12 11:30:00,0.0,0.47683629195222,9.801395841776188,725.459359119353,0.05500000000000001,-0.8710552261083402
2022-07-12 12:00:00,0.0,0.7082294104960128,10.053780341593896,744.1398308037037,0.052500000000000005,-0.955423636043846
2022-07-12 12:30:00,0.0,0.5718446127360458,10.02582606754067,742.0707694101354,0.052500000000000005,-1.1380170032122754
2022-07-12 13:00:00,0.0,0.6206454437261021,9.694302092594658,717.5327164348716,0.051500000000000004,-1.467274589421744
2022-07-12 13:30:00,0.0,0.6313695070362386,9.362778117648643,692.9946634596078,0.051500000000000004,-1.9089498691565403
2022-07-12 14:00:00,0.0,0.8003799430019019,9.031254142702632,668.456610484344,0.051000000000000004,-2.320503190633266
2022-07-12 14:30:00,0.0,0.696366758697659,8.69973016775662,643.9185575090802,0.051000000000000004,-2.5292324071766163
2022-07-12 15:00:00,0.0,0.6439581974223549,8.368206192810607,619.3805045338163,0.049,-2.472949922163413
2022-07-12 15:30:00,0.0,0.6553525000274941,8.036682217864596,594.8424515585525,0.049,-2.251777344273661
2022-07-12 16:00:00,0.0,0.6814386300647964,7.705158242918583,570.3043985832887,0.046,-2.017411952686223
2022-07-12 16:30:00,0.0,0.8282686383674484,7.373634267972571,545.766345608025,0.046,-1.824584523570098
2022-07-12 17:00:00,0.0,0.4190164328380225,7.042110293026559,521.228292632761,0.0445,-1.78808299391379
2022-07-12 17:30:00,0.0,0.624794302292479,6.710586318080546,496.6902396574973,0.0445,-1.7515814642574818
2022-07-12 18:00:00,0.0,0.5666702629110094,,404.021,0.0445,-1.7150799346011738
2022-07-12 18:30:00,0.0,0.556980099368675,,357.216,0.0445,-1.6785784049448658
2022-07-12 19:00:00,0.0,0.6849384067786758,,367.066,0.0425,
2022-07-12 19:30:00,0.0,0.4999975804017088,,376.734,0.0425,
2022-07-12 20:00:00,0.0,0.2201694786840186,,387.082,0.042499999999999996,
2022-07-12 20:30:00,0.0,0.2108265453366155,,349.517,0.042499999999999996,
2022-07-12 21:00:00,0.0,0.1228567664887988,,290.872,0.0435,
2022-07-12 21:30:00,0.0,0.1000350737098493,,269.978,0.0435,
2022-07-12 22:00:00,0.0,0.0901355976306584,3.7268705435664344,275.8477628801229,0.0455,
2022-07-12 22:30:00,0.0,0.0815794428754086,2.670725490473975,197.67621203959652,0.0455,
2022-07-12 23:00:00,0.0,0.1190918908150096,1.8672146570196215,138.20361612639877,0.048,
2022-07-12 23:30:00,0.0,0.1071713578643377,1.9242843748929497,142.42768396549585,0.048,
2022-07-13 00:00:00,0.0,0.1080638265222819,1.610691980113549,119.21685344565223,0.0495,
2022-07-13 00:30:00,0.0,0.1017819172221253,1.7084757377107855,126.45440851065796,0.0495,
2022-07-13 01:00:00,0.0,0.0962464420211057,1.3740723606073109,101.70323392725584,0.0505,
2022-07-13 01:30:00,0.0,0.0975076238906755,1.294578265437181,95.81940510666158,0.0505,
2022-07-13 02:00:00,0.0,0.0930156935313159,1.1346363367528622,83.98115564171475,0.051000000000000004,
2022-07-13 02:30:00,0.0,0.0875938355491627,0.8515971658756926,63.03175018713264,0.051000000000000004,
2022-07-13 03:00:00,0.0,0.061068000110595,0.973397056370874,72.04688149351493,0.051500000000000004,
2022-07-13 03:30:00,0.0,0.0872040587068897,0.5437355980964456,40.24509211679208,0.051500000000000004,
2022-07-13 04:00:00,0.0,0.0795341760961243,0.6674654107807413,49.4030683951627,0.052000000000000005,
2022-07-13 04:30:00,0.0,0.0762815834916518,0.7085340505993518,52.44280167434771,0.052000000000000005,
2022-07-13 05:00:00,0.0,0.0568183481148373,0.5437355980964456,40.24509211679208,0.052000000000000005,
2022-07-13 05:30:00,0.0,0.0653072772777858,0.749516267093532,55.47613825141333,0.052000000000000005,
2022-07-13 06:00:00,0.0,0.0881589883751519,0.9531493576305278,70.54822938427093,0.051500000000000004,
2022-07-13 06:30:00,0.0,0.0501984199104071,1.2547127132981588,92.86871947243328,0.051500000000000004,
2022-07-13 07:00:00,0.0,0.0356975555734437,1.1145530163555262,82.49467014723648,0.051500000000000004,-1.113291282974046
2022-07-13 07:30:00,0.0,0.0303397934465286,1.3740723606073109,101.70323392725584,0.051500000000000004,-1.1215595015313309
2022-07-13 08:00:00,0.0,3.548673107177264e-05,1.5321255572136687,113.40168714430648,0.052000000000000005,-1.129827720088615
2022-07-13 08:30:00,0.0,3.6835678740633714e-05,1.9605539786687751,145.11221216285463,0.052000000000000005,-1.1380959386458998
2022-07-13 09:00:00,0.0,3.756351760627554e-05,2.47455441984093,183.15642919676665,0.052000000000000005,
2022-07-13 09:30:00,0.0,3.9439148086964545e-05,3.013177117401323,223.02308526159192,0.052000000000000005,
2022-07-13 10:00:00,0.0,0.0436377244921455,3.53891929787373,261.9363779664814,0.052000000000000005,
2022-07-13 10:30:00,0.0,0.0554187665657416,4.555543458973901,337.18275351163317,0.052000000000000005,
2022-07-13 11:00:00,0.0,0.2213677846839696,5.6791605017861,420.3483059424187,0.03699999999999995,-1.2040585194128604
2022-07-13 11:30:00,0.0,0.2439358920166977,6.645676684526721,491.88589322370433,0.03699999999999995,-1.1675569897565523
2022-07-13 12:00:00,0.0,0.2855639781706126,7.625659713195393,564.420241535157,0.022,-1.1310554601002445
2022-07-13 12:30:00,0.0,0.3416891097797385,8.425785713588708,623.6423059054167,0.022,-1.094553930443936
2022-07-13 13:00:00,0.0,0.1752868824156654,8.142841047803294,602.6998953324215,0.019499999999999997,-1.058052400787628
2022-07-13 13:30:00,0.6,0.0846316746218982,7.859896382017883,581.7574847594263,0.019499999999999997,-1.0628631723877469
2022-07-13 14:00:00,0.2,0.0287006705842802,7.57695171623247,560.8150741864312,0.0225,-1.0546199962328653
2022-07-13 14:30:00,0.0,0.0588850438243389,7.294007050447058,539.8726636134359,0.0225,-1.0481304642848577
2022-07-13 15:00:00,0.0,0.2239416068273088,7.0110623846616456,518.9302530404407,0.029,-1.0596550684744903
2022-07-13 15:30:00,0.0,0.2114290350877357,6.728117718876232,497.9878424674455,0.029,-1.0949165992368883
2022-07-13 16:00:00,0.0,0.4167473254947687,6.44517305309082,477.0454318944503,0.018500000000000003,-1.149991571028036
2022-07-13 16:30:00,0.0,0.4737512702135543,6.162228387305408,456.1030213214551,0.018500000000000003,-1.218049891832509
2022-07-13 17:00:00,0.0,0.5523904460177437,5.879283721519996,435.1606107484599,0.018000000000000002,-1.2924913155365836
2022-07-13 17:30:00,0.0,0.5459477124890699,5.596339055734584,414.2182001754647,0.018000000000000002,-1.3670283771837584
2022-07-13 18:00:00,0.0,0.586759908758419,,404.055,0.0175,-1.436660019789683
2022-07-13 18:30:00,0.0,0.4578436597893568,,400.898,0.0175,-1.4986348713755122
2022-07-13 19:00:00,0.0,0.542436389383219,,383.583,0.017,-1.5513316078064747
2022-07-13 19:30:00,0.0,0.3976114181252349,,387.199,0.017,-1.5921458704010027
2022-07-13 20:00:00,0.0,0.1275212877172078,,385.695,0.0155,-1.6161272177823898
2022-07-13 20:30:00,0.0,5.764168374072009e-05,,393.324,0.0155,-1.6155563745164043
2022-07-13 21:00:00,0.0,0.0516934555341332,,341.515,0.015,-1.5814348381353025
2022-07-13 21:30:00,0.0,0.0390998539419323,,265.62,0.015,-1.508380093227289
2022-07-13 22:00:00,0.0,0.0335407127920845,3.0498370636658714,225.73650501850787,0.014499999999999999,-1.4006137127900475
2022-07-13 22:30:00,0.0,4.154705277411804e-05,2.4557387864760356,181.76377272796643,0.014499999999999999,-1.2732263420813317
2022-07-13 23:00:00,0.0,4.032978325072914e-05,1.7669223513189611,130.78038855833245,0.017,-1.1463641572031842
2022-07-13 23:30:00,0.0,3.965973253870246e-05,1.4532535613089788,107.56390357499076,0.017,-1.0366496024232437
2022-07-14 00:00:00,0.0,0.0205021322236242,1.497838767632255,110.86391876952317,0.0185,-0.9515062857011496
2022-07-14 00:30:00,0.0,0.0185214343673205,1.2153901228891677,89.95822165176266,0.0185,-0.8888429883536764
2022-07-14 01:00:00,0.0,0.0161528001772739,1.0931095564483104,80.90751267163643,0.019,-0.8411645958002025
2022-07-14 01:30:00,0.0,0.0153168376332968,0.8255476991549765,61.10367486626212,0.019,-0.8010580957145719
2022-07-14 02:00:00,0.0,3.3432409920585494e-05,0.8462590671068982,62.63664588012981,0.02,-0.7645308820711946
2022-07-14 02:30:00,0.0,0.012942304160529,0.7008166101032116,51.87158819345671,0.02,-0.731059724241393
2022-07-14 03:00:00,0.0,0.0132339846615936,0.65906158909084,48.78105177674151,0.021,-0.7021669944332454
2022-07-14 03:30:00,0.0,3.140724455409311e-05,0.3854365089141606,28.52843893379536,0.021,-0.6799085338899665
2022-07-14 04:00:00,0.0,3.0940246868121084e-05,0.4066230681336219,30.09658166789285,0.021500000000000002,-0.6652446015561194
2022-07-14 04:30:00,0.0,2.9675055420673333e-05,0.4277862801106127,31.662996334291268,0.021500000000000002,-0.6568968132611445
2022-07-14 05:00:00,0.0,2.959832938613145e-05,0.3429930518724691,25.38694728899965,0.022000000000000002,-0.6518515657904246
2022-07-14 05:30:00,0.0,2.9485025759073216e-05,0.3004553120905412,22.23847722017005,0.022000000000000002,-0.64705852909931
2022-07-14 06:00:00,0.0,0.0091973920104793,-2.779792095589258e-16,-2.057488774768001e-14,0.022500000000000003,-0.6409005723393193
2022-07-14 06:30:00,0.0,0.0117350230417556,0.2791508982580659,20.661611368120123,0.022500000000000003,-0.6337385716541838
2022-07-14 07:00:00,0.0,0.0133990056260461,0.4277862801106127,31.662996334291268,0.022500000000000003,-0.627527165370742
2022-07-14 07:30:00,0.0,0.0178020322228861,0.7216605737043125,53.41437339667338,0.022500000000000003,-0.6248911741004969
2022-07-14 08:00:00,0.0,0.0211474072916107,1.0726561039312048,79.3936315067116,0.022500000000000003,-0.6283718992697148
2022-07-14 08:30:00,0.0,3.2510446819210245e-05,1.5378674793568812,113.82668081106296,0.022500000000000003,-0.6399588208343328
2022-07-14 09:00:00,0.0,3.3798281318612486e-05,2.051234372124703,151.82400517511468,0.022500000000000003,-0.6612400018297712
2022-07-14 09:30:00,0.0,3.603117163951886e-05,2.4759426890246594,183.2591832216598,0.022500000000000003,-0.6947890315131316
2022-07-14 10:00:00,0.0,4.489792263814394e-05,2.8360435353023745,209.912379702665,0.022500000000000003,-0.7464296156924971
2022-07-14 10:30:00,0.0,0.1684520286128405,4.900627931609207,362.7244992386053,0.022500000000000003,-0.8260176749956554
2022-07-14 11:00:00,0.0,0.4301993883932771,6.996800433187185,517.8746415394386,0.021500000000000002,-0.9439180363511046
2022-07-14 11:30:00,0.0,0.4440124086898627,8.40802332534733,622.327606346493,0.021500000000000002,-1.1031345888240227
2022-07-14 12:00:00,0.0,0.6886187773066428,8.859475967525395,655.742290311332,0.02,-1.2918820090778749
2022-07-14 12:30:00,0.0,0.6154699262001089,9.275275994935017,686.5181130896241,0.02,-1.4844943614313044
2022-07-14 13:00:00,0.0,0.6315131536303044,8.962774986544401,663.3880625406072,0.017499999999999998,-1.6531767078184574
2022-07-14 13:30:00,0.0,0.5259393961140182,8.650273978153784,640.2580119915901,0.017499999999999998,-1.7823304762783063
2022-07-14 14:00:00,0.0,0.5485834793960652,8.337772969763169,617.1279614425732,0.014499999999999999,-1.8742876305890193
2022-07-14 14:30:00,0.0,0.5793351899997657,8.025271961372553,593.9979108935562,0.014499999999999999,-1.9434735960326983
2022-07-14 15:00:00,0.0,0.5914398072709353,7.712770952981936,570.8678603445393,0.013499999999999998,-2.004614874503057
2022-07-14 15:30:00,0.0,0.7479504456639676,7.40026994459132,547.7378097955223,0.013499999999999998,-2.064053569321733
2022-07-14 16:00:00,0.0,0.6057121305564002,7.087768936200704,524.6077592465053,0.0125,-2.1204527832517437
2022-07-14 16:30:00,0.0,0.8889160147955449,6.775267927810088,501.4777086974884,0.0125,-2.1720176737295396
2022-07-14 17:00:00,0.0,0.7059038116407644,6.4627669194194715,478.3476581484714,0.0115,-2.221016024538007
2022-07-14 17:30:00,0.0,0.6951613005586895,6.150265911028855,455.2176075994544,0.0115,-2.271318877716074
2022-07-14 18:00:00,0.0,0.6718046717750571,,334.365,0.0095,-2.3242801951434555
2022-07-14 18:30:00,0.0,0.6993392789028654,,457.966,0.0095,-2.378220296702392
2022-07-14 19:00:00,0.0,0.646200533622379,,385.138,0.007999999999999998,-2.4299983409353008
2022-07-14 19:30:00,0.0,0.6517197486069378,,389.986,0.007999999999999998,-2.4752021032880216
2022-07-14 20:00:00,0.0,0.2135675634348079,,387.737,0.006500000000000002,-2.5070082158655036
2022-07-14 20:30:00,0.0,0.2012284326487514,,341.097,0.006500000000000002,-2.5159508621292597
2022-07-14 21:00:00,0.0,5.813503717256439e-05,,319.53,0.006000000000000002,-2.492073336104726
2022-07-14 21:30:00,0.0,0.0880701557771083,,299.679,0.006000000000000002,-2.429582540610193
2022-07-14 22:00:00,0.0,0.1156727889445316,3.3377568355133103,247.04715265830177,0.006499999999999999,-2.3320025123427293
2022-07-14 22:30:00,0.0,0.1069873982964231,2.6093133087572573,193.1307327313904,0.006499999999999999,-2.214233432087376
2022-07-14 23:00:00,0.0,0.1035472829585505,2.0317237678083115,150.37990978993784,0.009500000000000001,-2.09879431783268
2022-07-14 23:30:00,0.0,0.0993357216597903,1.894634021144124,140.23308566791428,0.009500000000000001,-2.0071533997832915
2022-07-15 00:00:00,0.0,0.0941609071991285,2.000583136938933,148.07500725587408,0.011,-1.950881924261652
2022-07-15 00:30:00,0.0,0.0904697735246157,1.7004019184344297,125.8568173254407,0.011,-1.9286306343654696
2022-07-15 01:00:00,0.0,0.05969018281717,1.4570477129116313,107.84473120755406,0.012,-1.9306968939531337
2022-07-15 01:30:00,0.0,3.935038771034967e-05,1.4570477129116313,107.84473120755406,0.012,-1.946206178495169
2022-07-15 02:00:00,0.0,3.704881103455631e-05,1.3547806141842809,100.27533751104414,0.0125,-1.9670252545004183
2022-07-15 02:30:00,0.0,3.670817500645024e-05,1.272590719356482,94.19197659078397,0.0125,-1.987938688977925
2022-07-15 03:00:00,0.0,3.582180858518088e-05,1.086417913387825,80.41222453467292,0.013,-2.005941251390394
2022-07-15 03:30:00,0.0,3.482268077466148e-05,0.9403995979637992,69.60454415554798,0.013,-2.0197561978622516
2022-07-15 04:00:00,0.0,3.4286814121211164e-05,1.044808320542587,77.3324521179665,0.0135,-2.0290009905787754
2022-07-15 04:30:00,0.0,3.3392474329447656e-05,0.8564723168620257,63.392588986753495,0.0135,-2.0333653619206955
2022-07-15 05:00:00,0.0,0.0365146489846992,0.9403995979637992,69.60454415554798,0.0135,-2.0328580067112316
2022-07-15 05:30:00,0.0,0.0340770088145759,0.8564723168620257,63.392588986753495,0.0135,-2.028967956895576
2022-07-15 06:00:00,0.0,0.0326190398778161,0.8354343146497482,61.835441836648734,0.014,-2.0250666063601455
2022-07-15 06:30:00,0.0,0.0324800950315683,0.9822293865484768,72.70061456313178,0.014,-2.024764299629926
2022-07-15 07:00:00,0.0,0.0326898232259339,1.2313689453593624,91.1409089440462,0.014,-2.0292442058372813
2022-07-15 07:30:00,0.0,0.0290747223746067,1.416203127989444,104.82158155831225,0.014,-2.0360625378996735
2022-07-15 08:00:00,0.0,3.311050171962025e-05,1.5993580217358585,118.37796005600671,0.013500000000000002,-2.0406170227446037
2022-07-15 08:30:00,0.0,3.486373135510907e-05,1.8610421757436195,137.74675422805785,0.013500000000000002,-2.0382126646938468
2022-07-15 09:00:00,0.0,3.970431208349552e-05,2.2572759007396677,167.07435907510538,0.013500000000000002,-2.0251874583901768
2022-07-15 09:30:00,0.0,4.2417757719352605e-05,2.684701678447592,198.7106724913473,0.013500000000000002,-2.00093134820508
2022-07-15 10:00:00,0.0,5.030226398317015e-05,3.2542741470051224,240.86810442064427,0.013500000000000002,-1.9727201855460952
2022-07-15 10:30:00,0.0,0.1072435884876672,4.8647535866978515,360.069226490892,0.013500000000000002,-1.960183098178355
2022-07-15 11:00:00,0.0,0.3333555495775957,6.4587059582289115,478.0470823580156,0.013000000000000001,-1.992445318701739
2022-07-15 11:30:00,0.0,0.3563778779920083,7.996293288343329,591.8530276643427,0.013000000000000001,-2.0937349807511616
2022-07-15 12:00:00,0.0,0.4061710964994093,8.430239154957324,623.9719314784786,0.0115,-2.2630527366225364
2022-07-15 12:30:00,0.0,0.5759346045978289,8.873503286655852,656.7805352828461,0.0115,-2.465857662082438
2022-07-15 13:00:00,0.0,0.6131887285631082,8.577754384568971,634.8904073427302,0.009500000000000001,-2.651801684574801
2022-07-15 13:30:00,0.0,0.7891043171367127,8.282005482482091,613.0002794026143,0.009500000000000001,-2.7868555812412383
2022-07-15 14:00:00,0.0,0.6579494161829162,7.986256580395211,591.1101514624985,0.0075,-2.8713218339880844
2022-07-15 14:30:00,0.0,0.6829154575286497,7.690507678308331,569.2200235223826,0.0075,-2.9304066453992874
2022-07-15 15:00:00,0.0,0.8627330718817333,7.394758776221449,547.3298955822667,0.005999999999999998,-2.989705523586478
2022-07-15 15:30:00,0.0,0.8420101395561179,7.099009874134569,525.4397676421509,0.005999999999999998,-3.0570634359832707
2022-07-15 16:00:00,0.0,0.8169797280689902,6.803260972047688,503.54963970203494,0.005000000000000001,-3.1231616599831837
2022-07-15 16:30:00,0.0,0.8081656502629705,6.507512069960808,481.659511761919,0.005000000000000001,-3.1765584023284847
2022-07-15 17:00:00,0.0,0.6388940472156216,6.211763167873928,459.7693838218031,0.0034999999999999996,-3.2175684347338107
2022-07-15 17:30:00,0.0,0.7756562274649456,5.916014265787047,437.8792558816872,0.0034999999999999996,-3.25741720077791
2022-07-15 18:00:00,0.0,0.7371292613737054,,384.19,0.002999999999999999,-3.30509574412517
2022-07-15 18:30:00,0.0,0.7363842774879955,,434.486,0.002999999999999999,-3.3570207270627943
2022-07-15 19:00:00,0.0,0.5102025462894527,,367.428,0.0015000000000000013,-3.3999895870485592
2022-07-15 19:30:00,0.0,0.4956156619520876,,385.914,0.0015000000000000013,-3.422544763113634
2022-07-15 20:00:00,0.0,0.2176239937119573,,380.248,0.0,-3.422958853006756
2022-07-15 20:30:00,0.0,0.2078505515843588,,338.773,0.0,-3.408579773678366
2022-07-15 21:00:00,0.0,0.1240750777083298,,353.268,0.0,-3.389345329690674
2022-07-15 21:30:00,0.0,0.1259711794047053,,221.146,0.0,-3.3712083000323525
2022-07-15 22:00:00,0.0,0.1262274192295271,3.2542741470051224,240.86810442064427,0.0005000000000000004,-3.3544018198629644
2022-07-15 22:30:00,0.0,0.0924107507603445,2.6461957744894873,195.86062247207417,0.0005000000000000004,-3.337016609964651
2022-07-15 23:00:00,0.0,0.092935637223859,2.952344327962795,218.52049020758787,0.0014999999999999996,-3.3187713187325727
2022-07-15 23:30:00,0.0,0.0845828446102678,1.920960656909087,142.18167591139917,0.0014999999999999996,-3.3010076915547897
2022-07-16 00:00:00,0.0,0.0816346104373102,2.00346738733898,148.28848771116185,0.003000000000000001,-3.285109937879993
2022-07-16 00:30:00,0.0,0.0816397545478205,2.1643517897404885,160.196495238113,0.003000000000000001,-3.272753687735664
2022-07-16 01:00:00,0.0,0.0935552974791617,2.0639444879877016,152.76475613111654,0.004500000000000002,-3.2666555764705394
2022-07-16 01:30:00,0.0,0.1036546922679536,1.616280175421913,119.63046887885004,0.004500000000000002,-3.269100979214451
2022-07-16 02:00:00,0.0,0.1029900209669786,1.5544706915677338,115.05558288626216,0.004999999999999999,-3.2794927301237675
2022-07-16 02:30:00,0.0,0.0872828719314832,1.6368416930511285,121.15234858278298,0.004999999999999999,-3.2935140733333648
2022-07-16 03:00:00,0.0,4.4612533458376417e-05,1.8413279514826109,136.2875877247555,0.004999999999999999,-3.3047784004143206
2022-07-16 03:30:00,0.0,0.0691540789796228,1.5956978787806917,118.10705119716616,0.004999999999999999,-3.3083743880420724
2022-07-16 04:00:00,0.0,0.0742642934631115,1.4924724555829136,110.46672623052208,0.0055,-3.304614220788927
2022-07-16 04:30:00,0.0,0.0886267423162444,1.1795875764795414,87.30826313641904,0.0055,-3.29992424513145
2022-07-16 05:00:00,0.0,4.775297734356797e-05,1.0741948614893824,79.50752406752804,0.0055,-3.3030572318326255
2022-07-16 05:30:00,0.0,0.0695368517898755,1.1795875764795414,87.30826313641904,0.0055,-3.318968402431097
2022-07-16 06:00:00,0.0,4.082312813270674e-05,1.430283706341701,105.86376856028188,0.0055,-3.345259351377058
2022-07-16 06:30:00,0.0,0.0553693797342407,1.575094738970091,116.58209078906408,0.0055,-3.3736849416133357
2022-07-16 07:00:00,0.0,3.9175080635699856e-05,1.739339823142817,128.73884227894754,0.0055,-3.394610203926158
2022-07-16 07:30:00,0.0,3.899842064330296e-05,1.9428138074987007,143.79915702096807,0.0055,-3.400590145455538
2022-07-16 08:00:00,0.0,0.0453043331090503,2.244332719920419,166.11635760126669,0.006,-3.3879500355931693
2022-07-16 08:30:00,0.0,4.1638800712387125e-05,2.5612656239960416,189.57443899968823,0.006,-3.3571883311294535
2022-07-16 09:00:00,0.0,0.0867182945014913,3.085725272895493,228.39280394653323,0.006,-3.3121131554875656
2022-07-16 09:30:00,0.0,0.1284584350058971,3.162365427502229,234.06539572237313,0.006,-3.257958961867263
2022-07-16 10:00:00,0.0,0.093346782941915,3.691621584489067,273.2387786420924,0.0055,-3.20210862714474
2022-07-16 10:30:00,0.0,0.1059983853635476,5.228598002785154,386.9995067463639,0.0055,-3.1598794920861297
2022-07-16 11:00:00,0.0,0.4307638238979639,7.007164676646346,518.6417605844211,0.004999999999999999,-3.1582287020728828
2022-07-16 11:30:00,0.0,0.4513213684567961,7.687938522814974,569.0298651074205,0.004999999999999999,-3.2252175864213446
2022-07-16 12:00:00,0.0,0.5204394222741155,8.212160065939418,607.8306064355761,0.004000000000000002,-3.366164658933463
2022-07-16 12:30:00,0.0,0.3773900512356822,8.070077011514238,597.3141980312062,0.004000000000000002,-3.5493909572760716
2022-07-16 13:00:00,0.0,0.5717484890928396,7.77287236608096,575.3163219037741,0.003000000000000001,-3.7231234541978258
2022-07-16 13:30:00,0.0,0.5774714351916244,7.475667720647683,553.3184457763421,0.003000000000000001,-3.851528312252038
2022-07-16 14:00:00,0.0,0.5656829689102675,7.178463075214404,531.32056964891,0.0009999999999999992,-3.933899211486704
2022-07-16 14:30:00,0.0,0.5926993593940665,6.881258429781127,509.3226935214779,0.0009999999999999992,-3.991751789981522
2022-07-16 15:00:00,0.0,0.4315402246590982,6.584053784347849,487.32481739404585,0.0005000000000000004,-4.0433466316110405
2022-07-16 15:30:00,0.0,0.5716798703998236,6.286849138914571,465.3269412666138,0.0005000000000000004,-4.09125948704959
2022-07-16 16:00:00,0.0,0.2271137821975929,5.989644493481293,443.32906513918175,-0.0010000000000000009,-4.127849027990807
2022-07-16 16:30:00,0.0,0.2369639214282877,5.692439848048015,421.3311890117496,-0.0010000000000000009,-4.147046749695398
2022-07-16 17:00:00,0.0,0.4080934800990496,5.395235202614737,399.3333128843176,-0.0010000000000000009,-4.151805599390909
2022-07-16 17:30:00,0.0,0.2426258728684646,5.09803055718146,377.33543675688554,-0.0010000000000000009,-4.153654275089243
2022-07-16 18:00:00,0.0,0.461938266875438,,379.828,-0.0014999999999999996,-4.16461718483772
2022-07-16 18:30:00,0.0,0.2932808076596605,,367.445,-0.0014999999999999996,-4.187163931265318
2022-07-16 19:00:00,0.0,0.0038829045571743,,339.504,-0.0014999999999999996,-4.213056328796326
2022-07-16 19:30:00,0.0,0.1836738529205219,,276.978,-0.0014999999999999996,-4.232935822465141
2022-07-16 20:00:00,0.0,5.6602117476657496e-05,,297.781,-0.0014999999999999996,-4.244041946172266
2022-07-16 20:30:00,0.0,5.392602185468527e-05,,238.852,-0.0014999999999999996,-4.247920959099936
2022-07-16 21:00:00,0.0,5.1528025877622695e-05,,192.318,-0.0014999999999999996,-4.24483852793763
2022-07-16 21:30:00,0.0,0.0819008866718065,,172.142,-0.0014999999999999996,-4.233187804066797
2022-07-16 22:00:00,0.0,4.711567533740189e-05,2.423188748281959,179.354551609997,-0.0009999999999999992,-4.212776115279928
2022-07-16 22:30:00,0.0,4.662805878867662e-05,2.1643517897404885,160.196495238113,-0.0009999999999999992,-4.186599691964855
2022-07-16 23:00:00,0.0,4.428256051936826e-05,2.1643517897404885,160.196495238113,0.0005000000000000004,-4.15876210620794
2022-07-16 23:30:00,0.0,0.0461599449732417,1.6984022094934472,125.70880702260536,0.0005000000000000004,-4.131345247894168
2022-07-17 00:00:00,0.0,0.0324584560959869,1.8776514968976477,138.97610846232425,0.0010000000000000009,-4.104258009498106
2022-07-17 00:30:00,0.0,0.0321974427318715,1.9394856710271753,143.55282192842913,0.0010000000000000009,-4.078352867753185
2022-07-17 01:00:00,0.0,0.0337785487805684,1.7118475785689025,126.70397842370603,0.0014999999999999996,-4.057131627477063
2022-07-17 01:30:00,0.0,4.2832832441197584e-05,1.6493238205987375,122.07622477320665,0.0014999999999999996,-4.044101818591209
2022-07-17 02:00:00,0.0,0.0278817904898211,1.586607860291781,117.4342450893625,0.0025000000000000005,-4.038511737191867
2022-07-17 02:30:00,0.0,0.0251989189449631,1.6075346477143777,118.98316057416685,0.0025000000000000005,-4.034346271079037
2022-07-17 03:00:00,0.0,0.0238315003821196,1.4605920538063866,108.10706887001744,0.003000000000000001,-4.024027239703357
2022-07-17 03:30:00,0.0,0.0237966110366621,1.4184117755407633,104.985056645225,0.003000000000000001,-4.003776000331829
2022-07-17 04:00:00,0.0,0.0250192341897623,1.3549753780681055,100.28975313965664,0.0035000000000000014,-3.97621903346309
2022-07-17 04:30:00,0.0,0.0253163006773373,1.2274980589212965,90.85440171181976,0.0035000000000000014,-3.948307133844972
2022-07-17 05:00:00,0.0,3.992767215826984e-05,1.1206420162961612,82.94535309749372,0.0035000000000000014,-3.926707625560507
2022-07-17 05:30:00,0.0,3.970431208349552e-05,1.3125729720996575,97.15129992793383,0.0035000000000000014,-3.914322378981854
2022-07-17 06:00:00,0.0,3.899842064330296e-05,1.1634532641737565,86.11406712044983,0.0035000000000000014,-3.909951591929774
2022-07-17 06:30:00,0.0,3.9439148086964545e-05,1.3549753780681055,100.28975313965664,0.0035000000000000014,-3.9108519966092574
2022-07-17 07:00:00,0.0,3.9175080635699856e-05,1.6075346477143777,118.98316057416685,0.0035000000000000014,-3.916214254968445
2022-07-17 07:30:00,0.0,3.948357461039692e-05,1.6910275706872968,125.16296632517698,0.0035000000000000014,-3.928358059785044
2022-07-17 08:00:00,0.0,0.0577401161836066,2.387420410013154,176.7071250417676,0.0035000000000000014,-3.949694516864598
2022-07-17 08:30:00,0.0,0.0082086163138669,2.9245646661843767,216.4643529026924,0.0035000000000000014,-3.97772128792252
2022-07-17 09:00:00,0.0,0.0001165272808821,3.236732689055658,239.5697572211772,0.0035000000000000014,-4.003289847187437
2022-07-17 09:30:00,0.0,0.0001171818270975,3.1979516883049963,236.69934565891108,0.0035000000000000014,-4.014425507512856
2022-07-17 10:00:00,0.0,0.071125854421856,3.658959767930296,270.82128414529774,0.0075000000000000015,-4.003679814179598
2022-07-17 10:30:00,0.0,0.0762903572215597,4.203900851131536,311.1556013546858,0.0075000000000000015,-3.976406945020712
2022-07-17 11:00:00,0.0,0.1526410391183268,4.863394475111331,359.96863059246635,0.0085,-3.955206654880656
2022-07-17 11:30:00,0.0,0.1628450931925836,5.820896819777725,430.8390503296495,0.0085,-3.97170385568854
2022-07-17 12:00:00,0.0,0.2871487282734296,6.372128162644962,471.63894691361384,0.0085,-4.044796862155547
2022-07-17 12:30:00,0.0,0.3198264554931593,6.945876146638965,514.105433471602,0.0085,-4.163655328567094
2022-07-17 13:00:00,0.0,0.438949543291378,6.73422817398346,498.44011344165943,0.0085,-4.29440999500678
2022-07-17 13:30:00,0.0,0.4021517540490742,6.522580201327956,482.7747934117168,0.0085,-4.404450876803118
2022-07-17 14:00:00,0.0,0.2498838483344091,6.310932228672451,467.1094733817742,0.0075,-4.481565367334292
2022-07-17 14:30:00,0.0,0.4280468108619641,6.099284256016946,451.4441533518316,0.0075,-4.534163870239793
2022-07-17 15:00:00,0.0,0.4929874104176679,5.8876362833614415,435.77883332188895,0.0055,-4.575746433939285
2022-07-17 15:30:00,0.0,0.5423340325273835,5.675988310705937,420.1135132919464,0.0055,-4.609821825041236
2022-07-17 16:00:00,0.0,0.372465588982349,5.464340338050432,404.44819326200377,0.0045000000000000005,-4.632294831725609
2022-07-17 16:30:00,0.0,0.3877834101074343,5.252692365394928,388.7828732320611,0.0045000000000000005,-4.647547911892539
2022-07-17 17:00:00,0.0,0.4635983877777735,5.0410443927394235,373.1175532021186,0.0045000000000000005,-4.673778487271348
2022-07-17 17:30:00,0.0,0.3925794140108464,4.829396420083919,357.4522331721759,0.0045000000000000005,-4.728171361309806
2022-07-17 18:00:00,0.0,0.4397537776340319,,397.518,0.0045000000000000005,-4.813157610442546
2022-07-17 18:30:00,0.0,0.4099270391828727,,336.936,0.0045000000000000005,-4.9197677061534675
2022-07-17 19:00:00,0.0,0.2735632497423969,,391.354,0.0034999999999999996,-5.036030500960251
2022-07-17 19:30:00,0.0,0.2647782337607859,,417.122,0.0034999999999999996,-5.147482879663485
2022-07-17 20:00:00,0.0,0.1463697745545226,,356.899,0.002999999999999999,-5.235784856151385
2022-07-17 20:30:00,0.0,0.0051419963444562,,313.053,0.002999999999999999,-5.284027288829638
2022-07-17 21:00:00,0.0,4.570984718927558e-05,,252.184,0.004,-5.2853118167374555
2022-07-17 21:30:00,0.0,0.0327551113069339,,200.355,0.004,-5.246478629511581
2022-07-17 22:00:00,0.0,0.0276337362144292,2.9245646661843767,216.4643529026924,0.0045000000000000005,-5.184158602119455
2022-07-17 22:30:00,0.0,0.0263951955303552,2.627806862740408,194.49955019749785,0.0045000000000000005,-5.116440243541077
2022-07-17 23:00:00,0.0,0.0337691815189331,2.4075564316203413,178.19751126493193,0.005000000000000001,-5.055379102179954
2022-07-17 23:30:00,0.0,0.0315085683653569,2.225638954425738,164.73272129535445,0.005000000000000001,-5.004252439622998
2022-07-18 00:00:00,0.0,0.028296832228196,0.8897821917428518,65.85805011836011,0.006,-4.959950018914155
2022-07-18 00:30:00,0.0,0.0176878893196027,0.745842515942577,55.204222169402215,0.006,-4.918000883465539
2022-07-18 01:00:00,0.0,0.0226365338419156,0.5383526619128695,39.84666912715289,0.007000000000000001,-4.876474759388778
2022-07-18 01:30:00,0.0,0.0226023293716238,0.4337674676642752,32.105699451224694,0.007000000000000001,-4.836458618638624
2022-07-18 02:00:00,0.0,3.552828802827067e-05,0.4127820808277818,30.552446676718315,0.008000000000000002,-4.800000726861509
2022-07-18 02:30:00,0.0,0.0130338878273808,0.2652377081019926,19.63181375797672,0.008000000000000002,-4.7683871349301
2022-07-18 03:00:00,0.0,0.0130737536524584,0.3075094485487672,22.76059564051922,0.008499999999999999,-4.7420793561812085
2022-07-18 03:30:00,0.0,3.4657089110898426e-05,0.0524592631475785,3.882820777496444,0.008499999999999999,-4.721018852231771
2022-07-18 04:00:00,0.0,3.359580809359443e-05,0.0096153778939924,0.7116910690347222,0.0095,-4.704224268279028
2022-07-18 04:30:00,0.0,3.2830114591837195e-05,0.0310494696836257,2.298155154765892,0.0095,-4.689534495866275
2022-07-18 05:00:00,0.0,3.175980036542559e-05,0.073844835921403,5.465693683493426,0.01,-4.674048909776103
2022-07-18 05:30:00,0.0,3.1367349421886946e-05,0.0310494696836257,2.298155154765892,0.01,-4.654437294891095
2022-07-18 06:00:00,0.0,3.211501208435781e-05,-0.0548334687585298,-4.058549796989464,0.0105,-4.626839604491074
2022-07-18 06:30:00,0.0,3.239131313461301e-05,-0.0118430901877786,-0.8765772504563614,0.0105,-4.586987427152154
2022-07-18 07:00:00,0.0,3.160242476783036e-05,-0.0333260128607889,-2.4666555990876144,0.0105,-4.531633221999375
2022-07-18 07:30:00,0.0,3.203566683225232e-05,0.0952062653114709,7.0467795946592835,0.0105,-4.462225981262139
2022-07-18 08:00:00,0.0,3.441051549534346e-05,0.2016539444013834,14.92560280503951,0.01,-4.388707175237246
2022-07-18 08:30:00,0.0,3.834218123900825e-05,0.8487644007466435,62.82208046169451,0.01,-4.327499873151591
2022-07-18 09:00:00,0.0,3.717706580626474e-05,1.5546142656544724,115.06620965479932,0.01,-4.292085531942084
2022-07-18 09:30:00,0.0,3.877829253423758e-05,1.9277010237748935,142.68057038578164,0.01,-4.284474352505301
2022-07-18 10:00:00,0.0,0.0088451007665043,2.217559474738984,164.1347111496375,0.0095,-4.295005224455973
2022-07-18 10:30:00,0.0,0.0090333417932053,2.6919794819668796,199.24934583564743,0.0095,-4.30662235552788
2022-07-18 11:00:00,0.0,0.0043314116097183,2.616776575567191,193.68313331231525,0.0095,-4.296717218679596
2022-07-18 11:30:00,0.0,0.0045856495586615,2.5224013286238085,186.69786230913232,0.0095,-4.238127860732423
2022-07-18 12:00:00,0.0,0.1089691159538021,3.9859363769036777,295.02275963124885,0.009,-4.106664274098736
2022-07-18 12:30:00,0.0,0.1999797739053785,4.528811625644384,335.2041721964435,0.009,-3.899828378792492
2022-07-18 13:00:00,0.0,0.1428690899102821,4.386778156279034,324.6914338760398,0.007999999999999998,-3.6594828898873417
2022-07-18 13:30:00,0.0,0.0462628656166409,4.244744686913682,314.1786955556361,0.007999999999999998,-3.475061789758684
2022-07-18 14:00:00,0.0,0.2413947388713688,4.102711217548332,303.6659572352325,0.006,-3.447661586243031
2022-07-18 14:30:00,0.0,0.3743518692726685,3.960677748182981,293.1532189148288,0.006,-3.6320443306827017
2022-07-18 15:00:00,0.0,0.1833656498058021,3.81864427881763,282.6404805944251,0.004999999999999999,-4.001743554659956
2022-07-18 15:30:00,0.0,0.117002577505447,3.676610809452279,272.12774227402144,0.004999999999999999,-4.459688291775352
2022-07-18 16:00:00,0.0,0.0172936808530468,3.534577340086928,261.6150039536178,0.0045000000000000005,-4.879266565649799
2022-07-18 16:30:00,1.4,0.0925918388585772,3.392543870721578,251.10226563321413,0.0045000000000000005,-5.155464614694676
2022-07-18 17:00:00,0.0,0.0217741392909188,3.2505104013562263,240.58952731281045,0.019999999999999997,-5.248811151918855
2022-07-18 17:30:00,0.0,4.082312813270674e-05,3.108476931990875,230.07678899240676,0.019999999999999997,-5.19399477910308
2022-07-18 18:00:00,0.2,0.0151379877068492,,176.512,0.0305,-5.063628004474312
2022-07-18 18:30:00,0.0,0.0652805255080377,,225.601,0.0305,-4.925304578610026
2022-07-18 19:00:00,0.0,0.0327440885569208,,296.534,0.029,-4.828221535193632
2022-07-18 19:30:00,0.0,0.200364917370804,,371.94,0.029,-4.804296598848023
2022-07-18 20:00:00,0.0,4.7999675281042e-05,,376.032,0.019,-4.858341194429043
2022-07-18 20:30:00,0.0,4.4849951911232046e-05,,349.354,0.019,-4.959737511318417
2022-07-18 21:00:00,0.0,0.0452373025209057,,311.899,0.0085,-5.057791942593472
2022-07-18 21:30:00,0.0,0.0559678159310688,,255.927,0.0085,-5.112416113235623
2022-07-18 22:00:00,0.0,0.0562643994125998,1.830175707702717,135.4621441087737,0.007499999999999998,-5.113517570757939
2022-07-18 22:30:00,0.0,0.0622763359751356,1.2953439667266269,95.87607919427988,0.007499999999999998,-5.076871371421072
2022-07-18 23:00:00,0.0,0.0945540868153009,1.073312040400637,79.44218124987259,0.009500000000000001,-5.025437303077483
2022-07-18 23:30:00,0.0,0.0716202095204153,0.8897821917428518,65.85805011836011,0.009500000000000001,-4.972865383960773
2022-07-19 00:00:00,0.0,0.0705659512199112,0.8188256203909854,60.60613400261395,0.0155,-4.920695343501358
2022-07-19 00:30:00,0.0,0.0777637407219451,0.5067859228299261,37.51022780039897,0.0155,-4.8681106335282145
2022-07-19 01:00:00,0.0,0.0995115578262921,0.5904881908598424,43.70552841901121,0.018500000000000003,-4.821705981870879
2022-07-19 01:30:00,0.0,0.0545709962944505,0.5277455042172927,39.06157056077191,0.018500000000000003,-4.793597652138493
2022-07-19 02:00:00,0.0,0.0972516064661414,0.4858035464241017,35.95719784569694,0.018999999999999996,-4.790365428058506
2022-07-19 02:30:00,0.0,0.0425565503847297,0.4437701214306203,32.8460551013757,0.018999999999999996,-4.8061296374226
2022-07-19 03:00:00,0.0,0.0441315421451884,0.4227189285271501,31.287931630088384,0.018999999999999996,-4.827369131569281
2022-07-19 03:30:00,0.0,3.709153135362674e-05,0.4858035464241017,35.95719784569694,0.018999999999999996,-4.842969639130142
2022-07-19 04:00:00,0.0,3.7779305572449985e-05,0.2534722098727338,18.76097954794126,0.019499999999999997,-4.848652755929488
2022-07-19 04:30:00,0.0,3.556987643811817e-05,0.2959244515097731,21.903121392669107,0.019499999999999997,-4.844338402712648
2022-07-19 05:00:00,0.0,3.904253920677047e-05,0.1469259561835263,10.874860247617889,0.0195,-4.830883433749225
2022-07-19 05:30:00,0.0,0.0372877135237305,0.2534722098727338,18.76097954794126,0.0195,-4.808422767234165
2022-07-19 06:00:00,0.0,0.0447957321424034,0.2959244515097731,21.903121392669107,0.0195,-4.7736664074039705
2022-07-19 06:30:00,0.0,3.4781661707364674e-05,0.4016446519704865,29.728099600905622,0.0195,-4.718013860006924
2022-07-19 07:00:00,0.0,3.662332912531117e-05,0.5904881908598424,43.70552841901121,0.02,-4.630822389115064
2022-07-19 07:30:00,0.0,3.7909152495902515e-05,1.0852917224545595,80.32886847336476,0.02,-4.5043925650246965
2022-07-19 08:00:00,0.0,0.0052561730698187,1.765843242540602,130.70051732617267,0.02,-4.3334948052269775
2022-07-19 08:30:00,0.0,0.094985062358414,2.727562278464936,201.88303935847492,0.02,-4.1097226395611655
2022-07-19 09:00:00,0.0,0.102494787366326,3.0449320882811857,225.37345873851743,0.0195,-3.819187769559581
2022-07-19 09:30:00,0.0,0.109106359280907,3.6843751602754526,272.70242786606224,0.0195,-3.4516599216577295
2022-07-19 10:00:00,0.0,0.1926285197321425,4.200959726701661,310.9379113155902,0.0165,-3.0194265131109654
2022-07-19 10:30:00,0.0,0.3064302408788649,5.167916501897107,382.5081094540507,0.0165,-2.5710829385970526
2022-07-19 11:00:00,0.0,0.4140739842074659,6.213158675935541,459.8726736389238,0.015,-2.186767501358903
2022-07-19 11:30:00,0.0,0.4980891865640668,7.17230316752245,530.8646383959967,0.015,-1.9592188401298256
2022-07-19 12:00:00,0.0,0.5365385529410391,7.871208823599339,582.5947855635402,0.014000000000000002,-1.9666033751149736
2022-07-19 12:30:00,0.0,0.5472403204141751,7.484966244318036,554.0066845875835,0.014000000000000002,-2.23252907549414
2022-07-19 13:00:00,0.0,0.3402026429455618,7.184995285652786,531.8040572332052,0.0115,-2.6904886843194378
2022-07-19 13:30:00,0.0,0.356143033124834,6.885024326987535,509.6014298788267,0.0115,-3.1998245311244844
2022-07-19 14:00:00,0.0,0.5850327750388332,6.585053368322285,487.3988025244484,0.009999999999999998,-3.6193716447361743
2022-07-19 14:30:00,0.0,0.5205329076819979,6.285082409657035,465.19617517007,0.009999999999999998,-3.873877504001494
2022-07-19 15:00:00,0.0,0.4883411216936764,5.985111450991783,442.9935478156916,0.0085,-3.9639180488193095
2022-07-19 15:30:00,0.0,0.5058177961189388,5.685140492326533,420.7909204613133,0.0085,-3.94282956315147
2022-07-19 16:00:00,0.0,0.6225864540255523,5.385169533661283,398.5882931069349,0.0075,-3.89660594040811
2022-07-19 16:30:00,0.0,0.6655012460439962,5.085198574996032,376.3856657525565,0.0075,-3.9205362537595145
2022-07-19 17:00:00,0.0,0.538066826024884,4.785227616330782,354.1830383981781,0.005999999999999998,-4.077992811720106
2022-07-19 17:30:00,0.0,0.7489226501760168,4.4852566576655315,331.98041104379973,0.005999999999999998,-4.362820923520062
2022-07-19 18:00:00,0.0,0.603585487013776,,474.246,0.0045000000000000005,-4.704116630388113
2022-07-19 18:30:00,0.0,0.5824110895704477,,599.028,0.0045000000000000005,-5.014992308540907
2022-07-19 19:00:00,0.0,0.5684110970950547,,418.067,0.0034999999999999996,-5.2419555132275475
2022-07-19 19:30:00,0.0,0.5290766524300459,,359.596,0.0034999999999999996,-5.377475541849993
2022-07-19 20:00:00,0.0,0.1654528954310341,,358.837,0.0024999999999999988,-5.440603634871237
2022-07-19 20:30:00,0.0,0.1860479933045198,,395.467,0.0024999999999999988,-5.454587932001893
2022-07-19 21:00:00,0.0,0.1459149247595824,,301.469,0.0014999999999999979,-5.438320316974611
2022-07-19 21:30:00,0.0,0.0892859525781474,,237.319,0.0014999999999999979,-5.407928514401762
2022-07-19 22:00:00,0.0,4.5806865832715794e-05,1.7855180296782776,132.15676485439425,0.0034999999999999996,-5.37803754700137
2022-07-19 22:30:00,0.0,4.532696452367813e-05,1.528257268010677,113.11537214883109,0.0034999999999999996,-5.358876602242965
2022-07-19 23:00:00,0.0,0.0986494268536564,1.3883709687694363,102.76155860682664,0.004,-5.353387049434413
2022-07-19 23:30:00,0.0,0.0625955915023514,1.2676901374646148,93.82925549921934,0.004,-5.357717701748989
2022-07-20 00:00:00,0.0,0.0406238580247478,0.9741721008109396,72.1042471230493,0.005499999999999998,-5.363903813553906
2022-07-20 00:30:00,0.0,3.726272530589475e-05,0.912427626304434,67.53417285732783,0.005499999999999998,-5.363321909095753
2022-07-20 01:00:00,0.0,0.0373694403888919,0.8711567102190718,64.47946791357465,0.006999999999999999,-5.35047830779306
2022-07-20 01:30:00,0.0,0.0315758963691507,0.8297988229828066,61.41832571982011,0.006999999999999999,-5.324621133570136
2022-07-20 02:00:00,0.0,0.0412830489154656,0.5797945247995688,42.91402685617701,0.006999999999999999,-5.287719761985239
2022-07-20 02:30:00,0.0,0.0387367719870116,0.5588148808902016,41.361199149722125,0.006999999999999999,-5.241915866874839
2022-07-20 03:00:00,0.0,0.0367126584378157,0.4113153863663079,30.44388793251276,0.0085,-5.189560436188194
2022-07-20 03:30:00,0.0,0.035799881817501,0.3689641385730199,27.309221240339262,0.0085,-5.134407921633772
2022-07-20 04:00:00,0.0,0.0341133248860603,0.3265191282083688,24.167614624911103,0.009000000000000001,-5.081200670923421
2022-07-20 04:30:00,0.0,0.0376536615635837,0.2413454251826735,17.863404387071604,0.009000000000000001,-5.033406120436921
2022-07-20 05:00:00,0.0,0.0227965324936886,0.1986155224989272,14.7007112037132,0.009999999999999998,-4.990638501982486
2022-07-20 05:30:00,0.0,0.0212418923704041,0.1557894370915868,11.530898967299162,0.009999999999999998,-4.947766912770578
2022-07-20 06:00:00,0.0,0.0208158016553118,0.0913686130885883,6.762732223542107,0.010499999999999999,-4.897853322389188
2022-07-20 06:30:00,0.0,3.0169341397881233e-05,0.1343401329523404,9.94330892547162,0.010499999999999999,-4.8375326061444515
2022-07-20 07:00:00,0.0,3.1095386000272306e-05,0.1772145411364502,13.116697816806234,0.011,-4.769230927196234
2022-07-20 07:30:00,0.0,3.0438899716606223e-05,0.3901514456516397,28.87741932792257,0.011,-4.696478684346621
2022-07-20 08:00:00,0.0,3.0978191427504694e-05,0.6216857465372504,46.01464429527821,0.0115,-4.616198256877084
2022-07-20 08:30:00,0.0,3.235220977632475e-05,0.7260200484758457,53.73704394532866,0.0115,-4.515068709210707
2022-07-20 09:00:00,0.0,3.4657089110898426e-05,0.8504886716672962,62.94970396524829,0.0115,-4.372265099229729
2022-07-20 09:30:00,0.0,3.7779305572449985e-05,0.9330306378360396,69.05912377074166,0.0115,-4.166274677416037
2022-07-20 10:00:00,0.0,4.1048409660363565e-05,1.3809618111422737,102.21316296700296,0.012,-3.883543538737184
2022-07-20 10:30:00,0.0,4.879212453260266e-05,2.30601052773659,170.68149747037512,0.012,-3.525977793378831
2022-07-20 11:00:00,0.0,0.1702946626051987,3.04391314165148,225.29804046331503,0.011,-3.1130224304074225
2022-07-20 11:30:00,0.0,0.3079377442235742,4.186426925423928,309.8622526164266,0.011,-2.678281494397499
2022-07-20 12:00:00,0.0,0.4517460737722216,4.986823246584027,369.1043250277239,0.009499999999999998,-2.2657046698758148
2022-07-20 12:30:00,0.0,0.5667123501003271,5.360616287444666,396.7709619275649,0.009499999999999998,-1.9266188306508056
2022-07-20 13:00:00,0.0,0.5702639462131752,5.17110692032511,382.74425121849583,0.008,-1.7127011622971844
2022-07-20 13:30:00,0.0,0.6131021914845416,4.981597553205555,368.7175405094268,0.008,-1.6633199847306148
2022-07-20 14:00:00,0.0,0.6092107014719473,4.792088186085999,354.69082980035773,0.005999999999999998,-1.7926926754876198
2022-07-20 14:30:00,0.0,0.6279691861384987,4.602578818966443,340.6641190912887,0.005999999999999998,-2.080241717813075
2022-07-20 15:00:00,0.0,0.5373987109347818,4.413069451846888,326.63740838221963,0.004,-2.4682378113530725
2022-07-20 15:30:00,0.0,0.6804298185713308,4.223560084727332,312.6106976731505,0.004,-2.879988542884322
2022-07-20 16:00:00,0.0,0.7584922964549237,4.034050717607776,298.5839869640815,0.0019999999999999983,-3.261611238836738
2022-07-20 16:30:00,0.0,0.672422582148685,3.844541350488221,284.5572762550124,0.0019999999999999983,-3.613087519747805
2022-07-20 17:00:00,0.0,0.6447352643577402,3.6550319833686657,270.5305655459434,0.0009999999999999974,-3.967425026047024
2022-07-20 17:30:00,0.0,0.6802238857208545,3.46552261624911,256.5038548368743,0.0009999999999999974,-4.332936968689931
2022-07-20 18:00:00,0.0,0.6561753492412123,,369.413,0.0,-4.665341209604349
2022-07-20 18:30:00,0.0,0.6355946633720743,,389.44,0.0,-4.90461649965832
2022-07-20 19:00:00,0.0,0.3883420847302866,,358.057,-0.0005000000000000004,-5.032343570886779
2022-07-20 19:30:00,0.0,0.2176010136950225,,395.623,-0.0005000000000000004,-5.084041465389295
2022-07-20 20:00:00,0.0,0.1752297674422281,,379.379,-0.0015000000000000013,-5.110708421930191
2022-07-20 20:30:00,0.0,0.172209446625648,,324.261,-0.0015000000000000013,-5.138859916224981
2022-07-20 21:00:00,0.0,0.1091284645682207,,294.648,-0.0015000000000000013,-5.165133198892173
2022-07-20 21:30:00,0.0,0.1065341710083533,,219.493,-0.0015000000000000013,-5.175765216896452
2022-07-20 22:00:00,0.0,0.1048282562638383,1.75993831217311,130.26345845525282,-0.0010000000000000009,-5.163963878955717
2022-07-20 22:30:00,0.0,0.1000702949083151,1.581303760200696,117.04165722586836,-0.0010000000000000009,-5.132860901337022
2022-07-20 23:00:00,0.0,5.137288194344144e-05,1.1786052628053028,87.23555628322474,0.0005000000000000004,-5.089287781970741
2022-07-20 23:30:00,0.0,5.055599251456459e-05,0.9330306378360396,69.05912377074166,0.0005000000000000004,-5.038082211391362
2022-07-21 00:00:00,0.0,4.8593347224519625e-05,0.8820651893315165,65.28686906272024,0.0014999999999999979,-4.9818710713225505
2022-07-21 00:30:00,0.0,0.089687567945352,0.8405790364330369,62.21623316759815,0.0014999999999999979,-4.924250630585355
2022-07-21 01:00:00,0.0,4.9193106149863064e-05,0.6737487999857696,49.86813924622948,0.0019999999999999983,-4.871869601438474
2022-07-21 01:30:00,0.0,4.4612533458376417e-05,0.7781846158743876,57.59805254497998,0.0019999999999999983,-4.833234777091917
2022-07-21 02:00:00,0.0,0.0838340740542234,0.4843370653465683,35.848654895300676,0.0024999999999999988,-4.814941369055923
2022-07-21 02:30:00,0.0,0.0684648165865907,0.5476805647183246,40.53708246219343,0.0024999999999999988,-4.81706048766589
2022-07-21 03:00:00,0.0,4.159291153363659e-05,0.8405790364330369,62.21623316759815,0.002999999999999999,-4.830925057914348
2022-07-21 03:30:00,0.0,0.0576796407579948,0.589794497340211,43.65418405293306,0.002999999999999999,-4.84236725390635
2022-07-21 04:00:00,0.0,0.0753004338967736,0.6318170513858296,46.764522174015234,0.0034999999999999996,-4.838978585932883
2022-07-21 04:30:00,0.0,0.0861584372463058,0.5265891510201194,38.97598201166328,0.0034999999999999996,-4.816170317236752
2022-07-21 05:00:00,0.0,0.0692119938874691,0.2930453093173655,21.69001902608425,0.0045000000000000005,-4.7787047040683115
2022-07-21 05:30:00,0.0,0.0483326236057912,0.228854231805272,16.93885718088883,0.0045000000000000005,-4.73735279257872
2022-07-21 06:00:00,0.0,3.662332912531117e-05,0.2502752673553939,18.52435489700272,0.0045000000000000005,-4.701948787890741
2022-07-21 06:30:00,0.0,3.649629532168442e-05,0.4843370653465683,35.848654895300676,0.0045000000000000005,-4.6753462327719335
2022-07-21 07:00:00,0.0,3.5653147602019764e-05,0.5054746755650157,37.41317462391217,0.0045000000000000005,-4.6532705369079315
2022-07-21 07:30:00,0.0,3.926175095070809e-05,0.6737487999857696,49.86813924622948,0.0045000000000000005,-4.628261723684837
2022-07-21 08:00:00,0.0,3.834218123900825e-05,1.0265814731087537,75.9833751832552,0.005000000000000001,-4.591122025734769
2022-07-21 08:30:00,0.0,3.842952129922892e-05,1.1904603056664882,88.11301822183465,0.005000000000000001,-4.527488299404169
2022-07-21 09:00:00,0.0,4.0913907542550583e-05,0.98539909269284,72.9352232887875,0.005000000000000001,-4.415232065906968
2022-07-21 09:30:00,0.0,4.696786173609869e-05,1.3530027941081637,100.14375051732716,0.005000000000000001,-4.229365821811353
2022-07-21 10:00:00,0.0,0.1304691221177678,1.2312199362741556,91.12987989908136,0.005000000000000001,-3.954347195795772
2022-07-21 10:30:00,0.0,0.1417295007231344,2.301925394428297,170.3791325583164,0.005000000000000001,-3.59787008154306
2022-07-21 11:00:00,0.0,0.5370156996659465,3.320940694640916,245.80249047170273,0.004,-3.202609042480632
2022-07-21 11:30:00,0.0,0.4571061122159265,4.118140646984361,304.8079806950472,0.004,-2.8521835306041945
2022-07-21 12:00:00,0.0,0.609741027527074,4.750803607369026,351.63511360431636,0.002999999999999999,-2.6527946882108626
2022-07-21 12:30:00,0.0,0.6487324587866289,4.992453111535467,369.5210246780117,0.002999999999999999,-2.6740228088756965
2022-07-21 13:00:00,0.0,0.6301608119893184,4.8240799452988625,357.05872938428666,0.0019999999999999983,-2.8847903201379954
2022-07-21 13:30:00,0.0,0.6483887351823515,4.655706779062258,344.5964340905616,0.0019999999999999983,-3.164582619701054
2022-07-21 14:00:00,0.0,0.6203545355997477,4.487333612825653,332.1341387968366,0.0005000000000000004,-3.4062379014276596
2022-07-21 14:30:00,0.0,0.7516599565042896,4.318960446589049,319.6718435031116,0.0005000000000000004,-3.6059936178308183
2022-07-21 15:00:00,0.0,0.6974898020656557,4.150587280352444,307.2095482093865,-0.0005000000000000004,-3.8348839098135072
2022-07-21 15:30:00,0.0,0.7106456173517749,3.9822141141158394,294.74725291566153,-0.0005000000000000004,-4.128938334414656
2022-07-21 16:00:00,0.0,0.7614567550144852,3.8138409478792346,282.2849576219365,-0.0020000000000000018,-4.433940425892074
2022-07-21 16:30:00,0.0,0.7301524403262563,3.6454677816426297,269.82266232821144,-0.0020000000000000018,-4.661206703914298
2022-07-21 17:00:00,0.0,0.7170548784832347,3.4770946154060254,257.3603670344864,-0.003000000000000001,-4.771667003790057
2022-07-21 17:30:00,0.0,0.728305313192397,3.308721449169421,244.89807174076137,-0.003000000000000001,-4.793450187567189
2022-07-21 18:00:00,0.0,0.6596558700348877,,392.051,-0.0035000000000000014,-4.78026648581856
2022-07-21 18:30:00,0.0,0.6859893186315359,,365.287,-0.0035000000000000014,-4.77394667498988
2022-07-21 19:00:00,0.0,0.4911313326284272,,387.549,-0.004000000000000002,-4.797457663846509
2022-07-21 19:30:00,0.0,0.489623868287329,,346.908,-0.004000000000000002,-4.860539090412726
2022-07-21 20:00:00,0.0,0.3967103338328144,,336.803,-0.0035000000000000014,-4.9613419779283205
2022-07-21 20:30:00,0.0,0.3712866097179236,,336.702,-0.0035000000000000014,-5.08674098991806
2022-07-21 21:00:00,0.0,0.1249216747520073,,304.224,-0.004,-5.218112329162507
2022-07-21 21:30:00,0.0,5.616899001265824e-05,,270.681,-0.004,-5.340570647564058
2022-07-21 22:00:00,0.0,5.225089957455206e-05,1.7933629530399786,132.73741409723604,-0.0034999999999999996,-5.44713334638426
2022-07-21 22:30:00,0.0,4.934261508920132e-05,1.5142410887696505,112.07795170651433,-0.0034999999999999996,-5.534519276685016
2022-07-21 23:00:00,0.0,0.1193537574367433,1.3934334028880817,103.13625934033266,-0.003000000000000001,-5.597836877528722
2022-07-21 23:30:00,0.0,0.1164791544315193,1.2108505286336373,89.62221939326372,-0.003000000000000001,-5.631658321134102
2022-07-22 00:00:00,0.0,0.1108715175320263,1.0171004126447605,75.28162574276594,-0.0014999999999999996,-5.634875778495677
2022-07-22 00:30:00,0.0,0.1053020799110442,0.8927803059530317,66.07995830864186,-0.0014999999999999996,-5.612163981449737
2022-07-22 01:00:00,0.0,0.070646493710173,0.7885760698006394,58.36718559779736,-0.0004999999999999987,-5.570932388769452
2022-07-22 01:30:00,0.0,0.0689673366841964,0.7467385024399096,55.27053943692487,-0.0004999999999999987,-5.518170099847818
2022-07-22 02:00:00,0.0,0.0931294707812161,0.7885760698006394,58.36718559779736,0.0,-5.4594860894262265
2022-07-22 02:30:00,0.0,0.0638630557512932,0.6838133933462256,50.6130794126038,0.0,-5.39889475012809
2022-07-22 03:00:00,0.0,0.061607334492002,0.6838133933462256,50.6130794126038,0.0009999999999999992,-5.338695914347565
2022-07-22 03:30:00,0.0,0.0543217511774441,0.3019054928085476,22.345813684412025,0.0009999999999999992,-5.2808249913305465
2022-07-22 04:00:00,0.0,4.100291423138871e-05,0.3660854765085783,27.096154410868923,0.0010000000000000009,-5.2290683588912055
2022-07-22 04:30:00,0.0,0.0334872300868651,0.4513260013451158,33.40531052670901,0.0010000000000000009,-5.188407000747017
2022-07-22 05:00:00,0.0,0.0306045509366485,0.5150094441098484,38.11889931757297,0.0010000000000000009,-5.160459741052376
2022-07-22 05:30:00,0.0,3.74774208217219e-05,0.3874311116698211,28.676071297611504,0.0010000000000000009,-5.139989801354154
2022-07-22 06:00:00,0.0,3.632559868713831e-05,0.3233227434490234,23.93103125694529,0.0015000000000000013,-5.1171238847270395
2022-07-22 06:30:00,0.0,3.515368783130449e-05,0.4087530272070216,30.254232554489317,0.0015000000000000013,-5.083276868299961
2022-07-22 07:00:00,0.0,3.449201241240149e-05,0.3233227434490234,23.93103125694529,0.0015000000000000013,-5.0351935092828715
2022-07-22 07:30:00,0.0,3.556987643811817e-05,0.557348593771895,41.252670555397046,0.0015000000000000013,-4.973519890793449
2022-07-22 08:00:00,0.0,3.5071174531835046e-05,0.662793071382417,49.05724088240691,0.0020000000000000018,-4.896929497057436
2022-07-22 08:30:00,0.0,3.561149629736711e-05,0.5784834459593824,42.8169861458016,0.0020000000000000018,-4.795344847676934
2022-07-22 09:00:00,0.0,3.7606612811760686e-05,0.7885760698006394,58.36718559779736,0.0020000000000000018,-4.646001506536199
2022-07-22 09:30:00,0.0,3.988293852646097e-05,1.037744489653588,76.80961615537646,0.0020000000000000018,-4.417243260429759
2022-07-22 10:00:00,0.0,4.287953230395473e-05,1.344860082193911,99.54106017993368,0.0015000000000000013,-4.085408100291954
2022-07-22 10:30:00,0.0,0.0534358550391085,1.727260081950499,127.84474908598058,0.0015000000000000013,-3.665464634714532
2022-07-22 11:00:00,0.0,0.2707134109490309,2.490649954955706,184.3477550831551,0.0015000000000000013,-3.240767420900648
2022-07-22 11:30:00,0.0,0.2997379006526958,3.1345547766881388,232.006964735402,0.0015000000000000013,-2.959411208466338
2022-07-22 12:00:00,0.0,0.4465399943490056,3.868915631966385,286.3613611940959,0.0010000000000000009,-2.9682484280838013
2022-07-22 12:30:00,0.0,0.3360743399278009,3.705740975522976,274.2838384005155,0.0010000000000000009,-3.30967878298293
2022-07-22 13:00:00,1.0,0.054526702558742,3.543369559458866,262.26576818493436,0.0,-3.8706440328787015
2022-07-22 13:30:00,0.0,0.0725991639615821,3.380998143394756,250.24769796935325,0.0,-4.447238582731115
2022-07-22 14:00:00,3.6,0.0155688440428988,3.2186267273306455,238.2296277537721,0.0025000000000000005,-4.872683934459608
2022-07-22 14:30:00,0.0,4.20050851154114e-05,3.0562553112665354,226.21155753819096,0.0025000000000000005,-5.09453633868114
2022-07-22 15:00:00,0.0,0.004964791202749,2.8938838952024253,214.1934873226098,0.0955,-5.15494908686283
2022-07-22 15:30:00,0.2,0.0050602526978583,2.731512479138315,202.17541710702864,0.0955,-5.123800261642491
2022-07-22 16:00:00,0.0,0.0188491942564413,2.569141063074205,190.15734689144753,0.098,-5.049347695956859
2022-07-22 16:30:00,0.0,3.829855783190538e-05,2.406769647010095,178.1392766758664,0.098,-4.946030591857724
2022-07-22 17:00:00,8.6,0.0170971805859895,2.2443982309459845,166.12120646028526,0.1495,-4.8072680152040075
2022-07-22 17:30:00,0.0,3.3758057524395963e-05,2.0820268148818744,154.10313624470413,0.1495,-4.627160974777185
2022-07-22 18:00:00,0.0,3.473896702563498e-05,,59.644,0.1875,-4.417092657097562
2022-07-22 18:30:00,0.0,3.653860858022648e-05,,59.84,0.1875,-4.2065886196443705
2022-07-22 19:00:00,0.0,0.0336485969376389,,110.214,0.1315,-4.02756219211679
2022-07-22 19:30:00,0.0,0.0316050123594637,,122.875,0.1315,-3.8947605195326456
2022-07-22 20:00:00,0.0,3.598923620581269e-05,,103.417,0.125,-3.79918224181614
2022-07-22 20:30:00,0.0,0.0066867537109275,,84.289,0.125,-3.7198031528266937
2022-07-22 21:00:00,0.0,3.6073138475722e-05,,82.872,0.1225,-3.640889204384756
2022-07-22 21:30:00,0.0,3.5236327077905795e-05,,73.914,0.1225,-3.5589675586649374
2022-07-22 22:00:00,0.0,3.400155713459838e-05,0.6206840703048826,45.940504304473905,0.123,-3.4778170299751823
2022-07-22 22:30:00,0.0,3.3151868853285435e-05,0.557348593771895,41.252670555397046,0.123,-3.4012378379509247
2022-07-22 23:00:00,0.0,0.0047275271770254,0.4513260013451158,33.40531052670901,0.1245,-3.330233777527663
2022-07-22 23:30:00,0.0,0.0044979785389793,0.4300512986840951,31.830643774435288,0.1245,-3.263659830000491
2022-07-23 00:00:00,0.0,3.125105186669438e-05,0.5455903080074548,40.382370182601655,0.1255,-3.199682583733779
2022-07-23 00:30:00,0.0,3.086287479687379e-05,0.4391139269956516,32.50142257298315,0.1255,-3.1369358696479113
2022-07-23 01:00:00,0.0,3.066923506111654e-05,0.3749441872611621,27.75184006309012,0.1265,-3.0752371622109234
2022-07-23 01:30:00,0.0,0.0038618166944868,0.3105590028778229,22.986311218674615,0.1265,-3.015884328334151
2022-07-23 02:00:00,0.0,2.9675055420673333e-05,0.2243733456969495,16.60720026008832,0.1275,-2.961198120499829
2022-07-23 02:30:00,0.0,2.9071130245523226e-05,0.2890490384651711,21.39423135072648,0.1275,-2.9130424166958586
2022-07-23 03:00:00,0.0,2.9372021514339375e-05,0.1594772999999137,11.803859544056158,0.1285,-2.871281135457182
2022-07-23 03:30:00,0.0,2.8959225565404393e-05,0.1594772999999137,11.803859544056158,0.1285,-2.83378260379452
2022-07-23 04:00:00,0.0,2.8363972230347037e-05,0.202765919680056,15.007906681553104,0.129,-2.798028814152294
2022-07-23 04:30:00,0.0,2.7701093423267577e-05,0.1594772999999137,11.803859544056158,0.129,-2.762750843997648
2022-07-23 05:00:00,0.0,2.8067349052283917e-05,0.0726027493941548,5.373759502834424,0.129,-2.728194734172434
2022-07-23 05:30:00,0.0,2.7554950680070244e-05,0.1811339309788046,13.406795073265789,0.129,-2.6950042747986727
2022-07-23 06:00:00,0.0,2.6938456935766543e-05,0.1160897911185779,8.592493031066196,0.129,-2.662870802707251
2022-07-23 06:30:00,0.0,2.6650985973610524e-05,0.0943587523065788,6.9840501374167,0.129,-2.63012980597256
2022-07-23 07:00:00,0.0,2.6759424810277215e-05,0.0943587523065788,6.9840501374167,0.1295,-2.594485517494571
2022-07-23 07:30:00,0.0,2.6866742732449057e-05,0.0726027493941548,5.373759502834424,0.1295,-2.553705059967984
2022-07-23 08:00:00,0.0,2.7482082813501057e-05,0.0290155256064285,2.147610906727373,0.1295,-2.5055209607573588
2022-07-23 08:30:00,0.0,2.8399713350494872e-05,0.0290155256064285,2.147610906727373,0.1295,-2.4467662000568073
2022-07-23 09:00:00,0.0,3.0284443149030228e-05,0.0071841410175301,0.5317408277896892,0.1295,-2.3736076363708616
2022-07-23 09:30:00,0.0,3.267083954047346e-05,-0.0365545855025392,-2.7056213828764206,0.1295,-2.2857417857324194
2022-07-23 10:00:00,0.0,3.552828802827067e-05,0.7147429207262065,52.90235692706844,0.1295,-2.1956094821946417
2022-07-23 10:30:00,0.0,4.11394921498486e-05,1.640101462704944,121.3936234422121,0.1295,-2.1370539698868316
2022-07-23 11:00:00,0.0,0.1369008526822374,2.755185360949971,203.92758730246072,0.129,-2.161270395747026
2022-07-23 11:30:00,0.0,0.154721051275346,3.9786379225233546,294.48255779441007,0.129,-2.311562130980811
2022-07-23 12:00:00,0.0,0.1894719748130174,4.96840137327445,367.7408130728265,0.1255,-2.587495099869428
2022-07-23 12:30:00,0.0,0.193588934713928,5.601192409523149,414.57742563537573,0.1255,-2.930130746724679
2022-07-23 13:00:00,0.0,0.0438744747644799,5.40637744097186,400.1580159396988,0.118,-3.2501190515887854
2022-07-23 13:30:00,0.0,0.0420916161810195,5.211562472420571,385.73860624402187,0.118,-3.4780475338886245
2022-07-23 14:00:00,0.0,0.0459167633076714,5.016747503869282,371.31919654834496,0.1115,-3.5938847303538997
2022-07-23 14:30:00,0.0,0.0437263419262722,4.821932535317993,356.899786852668,0.1115,-3.6190636686398463
2022-07-23 15:00:00,0.0,0.0399889828167398,4.627117566766704,342.4803771569911,0.107,-3.5916265170975383
2022-07-23 15:30:00,0.0,0.2305124770976531,4.432302598215415,328.0609674613142,0.107,-3.5477513270235086
2022-07-23 16:00:00,0.0,0.5444839458947611,4.237487629664126,313.64155776563723,0.101,-3.512940398803325
2022-07-23 16:30:00,0.0,0.5432489709197902,4.042672661112837,299.2221480699603,0.101,-3.495243266363657
2022-07-23 17:00:00,0.0,0.2005258819738588,3.847857692561547,284.80273837428336,0.1005,-3.4799159876101227
2022-07-23 17:30:00,0.0,0.1467976059704012,3.6530427240102585,270.38332867860646,0.1005,-3.4340066626798165
2022-07-23 18:00:00,2.0,0.0762216679823568,,353.316,0.1075,-3.328500108500308
2022-07-23 18:30:00,0.0,0.0814063075454628,,260.012,0.1075,-3.167411841046451
2022-07-23 19:00:00,0.0,0.1448978457230906,,273.638,0.171,-2.994369083789904
2022-07-23 19:30:00,0.0,0.2095280275016954,,316.369,0.171,-2.861550114055797
2022-07-23 20:00:00,0.0,0.001265426567241,,348.655,0.14250000000000002,-2.788378291338224
2022-07-23 20:30:00,0.0,0.0436019317828136,,344.757,0.14250000000000002,-2.75145408960133
2022-07-23 21:00:00,0.0,0.0240501511525764,,252.035,0.132,-2.7107211197479986
2022-07-23 21:30:00,0.0,0.0206015663049722,,233.125,0.132,-2.641115542371198
2022-07-23 22:00:00,0.0,0.0277357483956018,1.899708007048657,140.60864141751412,0.1255,-2.5439326276271808
2022-07-23 22:30:00,0.0,0.0440953268247767,1.519161903345808,112.4421703388798,0.1255,-2.4376431319878087
2022-07-23 23:00:00,0.0,0.0403062266270021,1.2136071205436358,89.82625108759215,0.121,-2.3421930393811423
2022-07-23 23:30:00,0.0,3.73056019335144e-05,1.0900671438717902,80.6823256968862,0.121,-2.268522802385903
2022-07-24 00:00:00,0.0,0.024109603667242,0.9136256459006104,67.62284538341336,0.11750000000000001,-2.217026292213759
2022-07-24 00:30:00,0.0,0.0251274318855179,0.8926988522867347,66.0739294403558,0.11750000000000001,-2.181996556316006
2022-07-24 01:00:00,0.0,0.0229089040766816,0.7244752436914739,53.62270379348435,0.113,-2.156762139003994
2022-07-24 01:30:00,0.0,0.0178303077293208,0.8087678274403939,59.86169717485198,0.113,-2.1360007874895977
2022-07-24 02:00:00,0.0,0.0166464952790753,0.7666670157020199,56.74556673841504,0.109,-2.115839006525651
2022-07-24 02:30:00,0.0,0.0188919180339823,0.6821919348413942,50.49306566489453,0.109,-2.0939646267902976
2022-07-24 03:00:00,0.0,0.017439405555974,0.490768570442356,36.32468868072093,0.1095,-2.0701626971469196
2022-07-24 03:30:00,0.0,0.0178638159074391,0.447971282322864,33.157007902144535,0.1095,-2.0460308669778566
2022-07-24 04:00:00,0.0,0.0172903605288557,0.5121316279383338,37.90589509764831,0.1135,-2.023629763054681
2022-07-24 04:30:00,0.0,0.0155748599285419,0.4693818138993344,34.7417281569543,0.1135,-2.004184796197801
2022-07-24 05:00:00,0.0,0.0162446227772798,0.4265368994020767,31.57052226807231,0.115,-1.9877420591080412
2022-07-24 05:30:00,0.0,0.0152791785914176,0.490768570442356,36.32468868072093,0.115,-1.9736911133113408
2022-07-24 06:00:00,0.0,2.9561549455001053e-05,0.3620898745622679,26.800416245197503,0.115,-1.961414378821448
2022-07-24 06:30:00,0.0,2.8697275808784963e-05,0.490768570442356,36.32468868072093,0.115,-1.9504682858626352
2022-07-24 07:00:00,0.0,2.877237961025713e-05,0.5760793611766287,42.63904559183158,0.115,-1.940422089018107
2022-07-24 07:30:00,0.0,2.9675055420673333e-05,0.5973483759183316,44.21329134750751,0.115,-1.9304928109172572
2022-07-24 08:00:00,0.0,2.9711932489174568e-05,0.9345301945942892,69.17011484817229,0.114,-1.9189589312581128
2022-07-24 08:30:00,0.0,3.1367349421886946e-05,1.0594942179765368,78.4194423704278,0.114,-1.9026784988225545
2022-07-24 09:00:00,0.0,3.391914214544388e-05,1.3889400532521197,102.80367992003109,0.114,-1.8789826171509103
2022-07-24 09:30:00,0.0,3.812437519196803e-05,1.972713944605528,146.01224326432185,0.114,-1.8513783410299396
2022-07-24 10:00:00,0.0,4.428256051936826e-05,3.1312679073001584,231.7636840641378,0.1135,-1.8358063132868616
2022-07-24 10:30:00,0.0,5.1631590601909576e-05,4.214236590269863,311.9206106260547,0.1135,-1.860038924531978
2022-07-24 11:00:00,0.0,0.146476422559036,6.211368716186149,459.7401881160854,0.1125,-1.9511297852450555
2022-07-24 11:30:00,0.0,0.3003469145337915,7.867934566661809,582.3524384144364,0.1125,-2.1148984264553836
2022-07-24 12:00:00,0.0,0.3544676559805327,8.822533282132671,653.007943356899,0.1115,-2.3218567625783804
2022-07-24 12:30:00,0.0,0.357146737281439,9.139533309594617,676.4709929547087,0.1115,-2.5165624154630013
2022-07-24 13:00:00,0.0,0.3961025264583735,9.304382899022976,688.672487458997,0.1095,-2.650694308107314
2022-07-24 13:30:00,0.0,0.3845753313028541,8.935034603667914,661.3348324998893,0.1095,-2.7131334131759397
2022-07-24 14:00:00,0.0,0.4033405332991074,8.565686308312848,633.9971775407816,0.107,-2.7280952132434355
2022-07-24 14:30:00,0.0,0.4238105936447648,8.196338012957785,606.6595225816739,0.107,-2.7256865024307917
2022-07-24 15:00:00,0.0,0.2266967576551511,7.82698971760272,579.3218676225662,0.104,-2.718020936242536
2022-07-24 15:30:00,0.0,0.2144343694150523,7.457641422247656,551.9842126634585,0.104,-2.7020349499489176
2022-07-24 16:00:00,0.0,0.2477135519928559,7.088293126892592,524.6465577043508,0.10099999999999999,-2.676229280146764
2022-07-24 16:30:00,0.0,0.2389309374534966,6.718944831537527,497.3089027452431,0.10099999999999999,-2.6474679551234126
2022-07-24 17:00:00,0.0,0.2825630114391618,6.349596536182464,469.97124778613534,0.09999999999999999,-2.6232270081937497
2022-07-24 17:30:00,0.0,0.3510863159612104,5.980248240827399,442.63359282702766,0.09999999999999999,-2.602458963641866
2022-07-24 18:00:00,0.0,0.2797969625501333,5.610899945472335,415.29593786792,0.0975,-2.5769181965207943
2022-07-24 18:30:00,0.0,0.2481724598178129,,471.457,0.0975,-2.5403026369823287
2022-07-24 19:00:00,0.0,0.1847221920292132,,424.596,0.0955,-2.4926681364448946
2022-07-24 19:30:00,0.0,0.0682921697788772,,411.949,0.0955,-2.435022599047911
2022-07-24 20:00:00,0.0,5.250970629162468e-05,,376.855,0.094,-2.363997482735201
2022-07-24 20:30:00,0.0,5.02511739356622e-05,,342.339,0.094,-2.2749746082597677
2022-07-24 21:00:00,0.0,4.8445076254188e-05,,316.92,0.094,-2.1678187451353037
2022-07-24 21:30:00,0.0,4.740795532632099e-05,,240.771,0.094,-2.0477467758525196
2022-07-24 22:00:00,0.0,4.566138173833106e-05,2.6561135826318205,196.59469819505833,0.094,-1.9233669038371652
2022-07-24 22:30:00,0.0,0.0303011984337739,1.9925512231875335,147.48051774676188,0.094,-1.80526631691654
2022-07-24 23:00:00,0.0,0.029204018304727,1.733169699250112,128.28215486450702,0.094,-1.7039383356350748
2022-07-24 23:30:00,0.0,0.0270346478551315,1.5313893242286507,113.34719418043728,0.094,-1.6265759381035412
2022-07-25 00:00:00,0.0,4.4094359420259534e-05,0.6825268988203905,50.51785833294442,0.0945,-1.5750939675826046
2022-07-25 00:30:00,0.0,4.329726832991097e-05,0.7237215645629477,53.56691953720202,0.0945,-1.5468441200389211
2022-07-25 01:00:00,0.0,4.348347631312602e-05,0.5376534916339298,39.79491939367994,0.094,-1.5369965136710402
2022-07-25 01:30:00,0.0,4.278616268228681e-05,0.496061093781572,36.7164196802411,0.094,-1.5408318848618658
2022-07-25 02:00:00,0.0,4.2510649923411175e-05,0.3287868041647773,24.33545875370494,0.093,-1.554535469604936
2022-07-25 02:30:00,0.0,4.191285371403597e-05,0.307774565532791,22.78021851877313,0.093,-1.5739168652883602
2022-07-25 03:00:00,0.0,4.032978325072914e-05,0.307774565532791,22.78021851877313,0.0925,-1.592772051904193
2022-07-25 03:30:00,0.0,3.8822256168481984e-05,0.3287868041647773,24.33545875370494,0.0925,-1.6037861542600858
2022-07-25 04:00:00,0.0,3.842952129922892e-05,0.2445988471877774,18.10420941942297,0.0925,-1.6021545794951506
2022-07-25 04:30:00,0.0,0.0158311375230438,0.2023651337351714,14.978242139949677,0.0925,-1.5882252578329548
2022-07-25 05:00:00,0.0,0.0151600934046577,0.1388382327940726,10.276239936637324,0.0925,-1.5663972293048
2022-07-25 05:30:00,0.0,3.692083777532704e-05,0.1600374765312391,11.845321527019532,0.0925,-1.541802292738063
2022-07-25 06:00:00,0.0,0.0117395975371963,0.096368539839273,7.132806416519308,0.092,-1.5178708193425925
2022-07-25 06:30:00,0.0,0.0100944119237375,-0.0102245969801221,-0.7567829819542226,0.092,-1.4958168129799867
2022-07-25 07:00:00,0.0,0.0095741640550818,0.096368539839273,7.132806416519308,0.0915,-1.4753599760808582
2022-07-25 07:30:00,0.0,3.461619743987309e-05,0.1388382327940726,10.276239936637324,0.0915,-1.4561509496540666
2022-07-25 08:00:00,0.0,0.0135218254433687,0.1388382327940726,10.276239936637324,0.0915,-1.4395213622010994
2022-07-25 08:30:00,0.0,0.0003635085509562,0.307774565532791,22.78021851877313,0.0915,-1.4289901292246214
2022-07-25 09:00:00,0.0,0.0136984136047706,0.5998747363149981,44.40028224389171,0.091,-1.429201551418673
2022-07-25 09:30:00,0.0,0.0140851381162262,0.8876366192643493,65.69924359117505,0.091,-1.4463300955528526
2022-07-25 10:00:00,0.0,0.0180697709221983,1.5300516708761327,113.24818653300552,0.0905,-1.4915066870957694
2022-07-25 10:30:00,0.0,0.025470335215486,2.4949890512388753,184.6689172991865,0.0905,-1.5809936424760278
2022-07-25 11:00:00,0.0,0.1343662350911038,3.66994295687409,271.6342150115618,0.09,-1.7259742501835138
2022-07-25 11:30:00,0.0,0.1424122002727684,4.821510060729072,356.86851700605945,0.09,-1.917673728821085
2022-07-25 12:00:00,0.0,0.217439664864751,5.807039534225299,429.8133905503405,0.0895,-2.123154112131889
2022-07-25 12:30:00,0.0,0.2026619157096644,6.132775380824362,453.9230298640337,0.0895,-2.3002791591555733
2022-07-25 13:00:00,0.0,0.2551503090170156,6.470599740895721,478.92741165909246,0.087,-2.423190774104373
2022-07-25 13:30:00,0.0,0.3701149840774133,6.566359247764265,486.01513993819543,0.087,-2.4968484093407812
2022-07-25 14:00:00,0.0,0.4441654903849959,6.247815743246398,462.437848461588,0.08349999999999999,-2.5451896821647897
2022-07-25 14:30:00,0.0,0.4528102480226821,5.9292722387285295,438.8605569849806,0.08349999999999999,-2.5838529537420634
2022-07-25 15:00:00,0.0,0.1320583585992652,5.610728734210662,415.2832655083732,0.07949999999999999,-2.6077730506017316
2022-07-25 15:30:00,0.0,0.1148676545857458,5.2921852296927945,391.7059740317658,0.07949999999999999,-2.6056537436509166
2022-07-25 16:00:00,0.0,0.4059154851997855,4.973641725174926,368.1286825551583,0.07650000000000001,-2.5773105002343484
2022-07-25 16:30:00,0.0,0.4753148302640951,4.655098220657059,344.5513910785509,0.07650000000000001,-2.5281876727290404
2022-07-25 17:00:00,0.0,0.2958487078542613,4.33655471613919,320.97409960194346,0.07350000000000001,-2.4539854480167875
2022-07-25 17:30:00,0.0,0.2125453096936135,4.018011211621323,297.39680812533607,0.07350000000000001,-2.3457361507300467
2022-07-25 18:00:00,0.0,0.0486793317287291,3.6994677071034543,273.81951664872867,0.07250000000000001,-2.2118010709657923
2022-07-25 18:30:00,0.0,0.0295756182384674,3.380924202585587,250.2422251721212,0.07250000000000001,-2.0814988575222353
2022-07-25 19:00:00,0.0,0.0290571822222628,,278.816,0.07350000000000001,-1.9798743909733545
2022-07-25 19:30:00,0.0,0.0311956407274381,,236.156,0.07350000000000001,-1.9064681453010277
2022-07-25 20:00:00,0.0,0.0312934489325609,,197.75,0.07350000000000001,-1.8433881540050097
2022-07-25 20:30:00,0.0,4.1503133350895544e-05,,168.572,0.07350000000000001,-1.776542410288131
2022-07-25 21:00:00,0.0,4.1503133350895544e-05,,123.865,0.07400000000000001,-1.7041662171348706
2022-07-25 21:30:00,0.0,4.100291423138871e-05,,103.158,0.07400000000000001,-1.6314613041695734
2022-07-25 22:00:00,0.0,4.0643821461540775e-05,1.151119670960512,85.20118483586928,0.07400000000000001,-1.563920513273865
2022-07-25 22:30:00,0.0,3.992767215826984e-05,0.9690833419665448,71.72759794067136,0.07400000000000001,-1.5049715402002843
2022-07-25 23:00:00,0.0,3.948357461039692e-05,0.7442862795209488,55.089035894375904,0.07400000000000001,-1.4560056012765006
2022-07-25 23:30:00,0.0,3.9748922463591833e-05,0.5791565427025099,42.86680602245767,0.07400000000000001,-1.416572804840345
2022-07-26 00:00:00,0.0,3.926175095070809e-05,0.5102218944244767,37.76454440909165,0.07450000000000001,-1.384642963436636
2022-07-26 00:30:00,0.0,3.842952129922892e-05,0.3847756248526605,28.47952299004125,0.07450000000000001,-1.3574986069303192
2022-07-26 01:00:00,0.0,3.799406494841691e-05,0.4057402533728544,30.031239318608495,0.07450000000000001,-1.3335223753966894
2022-07-26 01:30:00,0.0,0.0189310224044003,0.300687050933938,22.25562958454015,0.07450000000000001,-1.3133419003940623
2022-07-26 02:00:00,0.0,3.821140429993432e-05,0.2796070295332229,20.6953723454229,0.07450000000000001,-1.2987975703098344
2022-07-26 02:30:00,0.0,3.829855783190538e-05,0.1950532315395646,14.437044950651485,0.07450000000000001,-1.2904420696524064
2022-07-26 03:00:00,0.0,3.816787418939945e-05,0.300687050933938,22.25562958454015,0.07450000000000001,-1.2862734110430154
2022-07-26 03:30:00,0.0,3.769289681728121e-05,0.2162268858451043,16.004232515634875,0.07450000000000001,-1.2831457170164464
2022-07-26 04:00:00,0.0,3.795069047326455e-05,0.1738559832924749,12.868111058308983,0.07450000000000001,-1.2790115841174463
2022-07-26 04:30:00,0.0,3.7649739217570726e-05,0.1950532315395646,14.437044950651485,0.07450000000000001,-1.273433782576546
2022-07-26 05:00:00,0.0,3.662332912531117e-05,0.1738559832924749,12.868111058308983,0.07400000000000001,-1.266682837131886
2022-07-26 05:30:00,0.0,3.649629532168442e-05,0.1526350661905266,11.297425293829692,0.07400000000000001,-1.2595766928633634
2022-07-26 06:00:00,0.0,3.649629532168442e-05,0.1313904050039726,9.724982089014455,0.07400000000000001,-1.2543287159686858
2022-07-26 06:30:00,0.0,3.666573640149513e-05,0.1313904050039726,9.724982089014455,0.07400000000000001,-1.254806077356395
2022-07-26 07:00:00,0.0,3.679314618140097e-05,0.3847756248526605,28.47952299004125,0.07400000000000001,-1.2658759642376871
2022-07-26 07:30:00,0.0,3.726272530589475e-05,0.4057402533728544,30.031239318608495,0.07400000000000001,-1.2929354909369486
2022-07-26 08:00:00,0.0,0.0005195403595519,0.7792623742247176,57.677823823962854,0.07350000000000001,-1.3414986036154872
2022-07-26 08:30:00,0.0,0.0005313699471067,1.286500624625197,95.22153106695784,0.07350000000000001,-1.4149854594001028
2022-07-26 09:00:00,0.0,0.0177439096856852,1.9757860208747215,146.23962582466245,0.07300000000000001,-1.5113234564535227
2022-07-26 09:30:00,0.0,0.0179218362087845,2.6241356069131765,194.2278188091751,0.07300000000000001,-1.6223902770484335
2022-07-26 10:00:00,0.0,0.0248373717190093,3.4894946905013637,258.2781700369275,0.07150000000000001,-1.7394854562259665
2022-07-26 10:30:00,0.0,0.0271900547714925,4.600072838603516,340.4786366419108,0.07150000000000001,-1.8610588221189517
2022-07-26 11:00:00,0.0,0.1779980242789749,5.924742656630113,438.5252957855308,0.07,-1.9938762598776851
2022-07-26 11:30:00,0.0,0.2462773544865627,6.887980715215706,509.8202496820404,0.07,-2.1436098535612733
2022-07-26 12:00:00,0.0,0.3674459893945613,7.63554136994081,565.1516414791336,0.0685,-2.3022840730044978
2022-07-26 12:30:00,0.0,0.404945912843249,8.319766144935256,615.7951696841022,0.0685,-2.4468281201221993
2022-07-26 13:00:00,0.0,0.4096824444828813,8.648882947023717,640.1550535386898,0.0655,-2.553034019868212
2022-07-26 13:30:00,0.0,0.351324717161197,8.309993862180301,615.0718651569729,0.0655,-2.612066353640812
2022-07-26 14:00:00,0.0,0.3154036466681826,7.971104777336884,589.988676775256,0.063,-2.6339576674177017
2022-07-26 14:30:00,0.0,0.2894252928702399,7.632215692493468,564.9054883935391,0.063,-2.6371712867152155
2022-07-26 15:00:00,0.0,0.3427339082940335,7.293326607650052,539.8223000118222,0.060500000000000005,-2.63574495424887
2022-07-26 15:30:00,0.0,0.4182500119248899,6.954437522806636,514.7391116301053,0.060500000000000005,-2.6342207998117813
2022-07-26 16:00:00,0.0,0.4696770648870398,6.615548437963219,489.6559232483884,0.057,-2.6308118035742916
2022-07-26 16:30:00,0.0,0.4501529349122216,6.276659353119803,464.5727348666715,0.057,-2.622936064088707
2022-07-26 17:00:00,0.0,0.4138449217996956,5.937770268276386,439.4895464849546,0.0545,-2.6098369940619097
2022-07-26 17:30:00,0.0,0.4034306107716785,5.598881183432971,414.40635810323766,0.0545,-2.5912234743422213
2022-07-26 18:00:00,0.0,0.4313279895259513,5.259992098589555,389.3231697215208,0.051500000000000004,-2.5655597718791676
2022-07-26 18:30:00,0.0,0.3892446229744998,,436.345,0.051500000000000004,-2.5309236737437093
2022-07-26 19:00:00,0.0,0.3725147942316223,,422.15,0.0495,-2.486119135985479
2022-07-26 19:30:00,0.0,0.3060133972178854,,404.989,0.0495,-2.4282910594929037
2022-07-26 20:00:00,0.0,0.168112378980287,,397.888,0.048,-2.3506660532835695
2022-07-26 20:30:00,0.0,0.1436761113591192,,432.446,0.048,-2.2471388545993993
2022-07-26 21:00:00,0.0,0.0460446098296915,,310.798,0.0475,-2.11965630502344
2022-07-26 21:30:00,0.0,4.395203327120259e-05,,235.891,0.0475,-1.9785054071658008
2022-07-26 22:00:00,0.0,0.0276962783326066,2.5488794198422244,188.6576626677856,0.0495,-1.835632248343914
2022-07-26 22:30:00,0.0,0.0265980488122587,1.9176048172367384,141.93329034088353,0.0495,-1.6999880371111789
2022-07-26 23:00:00,0.0,0.0258847353581103,1.4659902118235817,108.50661851772044,0.0525,-1.578119112282316
2022-07-26 23:30:00,0.0,0.0331366428049798,1.186085669688838,87.78922550251606,0.0525,-1.4754571680898574
2022-07-27 00:00:00,0.0,0.0309408607205219,0.9779695962271764,72.38532225106113,0.0545,-1.395165452456518
2022-07-27 00:30:00,0.0,0.0272434969883797,0.7936740429477567,58.74451678529536,0.0545,-1.336784114462445
2022-07-27 01:00:00,0.0,0.0184564113120648,0.6698391442591413,49.57876246932919,0.0555,-1.2971752751537928
2022-07-27 01:30:00,0.0,0.0159916506105354,0.4825935288780945,35.7196054344444,0.0555,-1.273206470906656
2022-07-27 02:00:00,0.0,0.0153995491793199,0.3987866233166062,29.51655997236094,0.056,-1.263766799467808
2022-07-27 02:30:00,0.0,0.0162530695444022,0.2935107071359899,21.724465875154024,0.056,-1.26929328521508
2022-07-27 03:00:00,0.0,3.704881103455631e-05,0.272385825698951,20.16088827904611,0.056,-1.288918695710931
2022-07-27 03:30:00,0.0,3.586361836441259e-05,0.3146122580965692,23.286316644514656,0.056,-1.3178277134717942
2022-07-27 04:00:00,0.0,0.011874082407466,0.1451424397727812,10.742851634436166,0.056,-1.3481124471904735
2022-07-27 04:30:00,0.0,0.0161461520371542,0.2088704585019898,15.459739756450809,0.056,-1.3729274823873774
2022-07-27 05:00:00,0.0,3.5071174531835046e-05,0.0811997331643142,6.010073190898781,0.0565,-1.3897692620674953
2022-07-27 05:30:00,0.0,3.461619743987309e-05,0.017040276335122,1.261251779731623,0.0565,-1.4000291798630753
2022-07-27 06:00:00,0.0,3.4657089110898426e-05,0.0598374335131025,4.428922866551188,0.057,-1.406718544829367
2022-07-27 06:30:00,0.0,3.4205635288323394e-05,0.017040276335122,1.261251779731623,0.057,-1.4133686110486428
2022-07-27 07:00:00,0.0,3.469801230712109e-05,0.2512375399384407,18.59557839033617,0.057,-1.4240699930611715
2022-07-27 07:30:00,0.0,3.482268077466148e-05,0.3356905521182347,24.846446030077317,0.057,-1.4429542991291036
2022-07-27 08:00:00,0.0,3.5236327077905795e-05,0.524360618606063,38.81103512828294,0.057,-1.473637292467506
2022-07-27 08:30:00,0.0,3.536052203677899e-05,0.6491232066115148,48.045453225216455,0.057,-1.5203703936898465
2022-07-27 09:00:00,0.0,3.78225567148035e-05,1.059328401827406,78.40716933511509,0.0575,-1.5910583830887923
2022-07-27 09:30:00,0.0,4.1048409660363565e-05,1.7378343829016505,128.62741573009882,0.0575,-1.699002819879199
2022-07-27 10:00:00,0.0,4.456473885987298e-05,2.976174108974376,220.2842734421076,0.0565,-1.8584122595460704
2022-07-27 10:30:00,0.0,5.297895826524656e-05,5.615052708614269,415.60330846453246,0.0565,-2.071673996813938
2022-07-27 11:00:00,0.0,0.159820167307328,7.917403531244963,586.0139294838849,0.056,-2.316661072435015
2022-07-27 11:30:00,0.0,0.2978399547541107,9.364116827457792,693.093749301652,0.056,-2.549782656340486
2022-07-27 12:00:00,0.0,0.3337258211118702,10.028811200215651,742.2917167601087,0.054,-2.7286929411913015
2022-07-27 12:30:00,0.0,0.3492344888773273,10.185918944279514,753.9201914346507,0.054,-2.836729803450436
2022-07-27 13:00:00,0.0,0.4059595798017266,10.441542343413223,772.8403932411156,0.049499999999999995,-2.8874808203386517
2022-07-27 13:30:00,0.0,0.5496189648751773,9.998708056588043,740.0636048017609,0.049499999999999995,-2.907913036810822
2022-07-27 14:00:00,0.0,0.5570291518609188,9.555873769762869,707.2868163624062,0.0465,-2.9177049723798656
2022-07-27 14:30:00,0.0,0.614921178973408,9.113039482937689,674.5100279230514,0.0465,-2.92162206091575
2022-07-27 15:00:00,0.0,0.6802388129020447,8.670205196112512,641.7332394836967,0.041999999999999996,-2.916717667280449
2022-07-27 15:30:00,0.0,0.6514640801629447,8.227370909287334,608.9564510443419,0.041999999999999996,-2.9031191031074464
2022-07-27 16:00:00,0.0,0.7430898701301359,7.784536622462156,576.1796626049871,0.039,-2.886230072141222
2022-07-27 16:30:00,0.0,0.761778664824079,7.3417023356369775,543.4028741656324,0.039,-2.8695295697166343
2022-07-27 17:00:00,0.0,0.7168390979038487,6.898868048811799,510.62608572627767,0.037,-2.849121892243116
2022-07-27 17:30:00,0.0,0.6421962357515533,6.456033761986621,477.84929728692293,0.037,-2.817503135355887
2022-07-27 18:00:00,0.0,0.5468487147568176,6.013199475161443,445.0725088475682,0.034499999999999996,-2.770060410352506
2022-07-27 18:30:00,0.0,0.5292327729444184,,440.147,0.034499999999999996,-2.7049976236379365
2022-07-27 19:00:00,0.0,0.2299718453248615,,441.007,0.033,-2.6194161574223114
2022-07-27 19:30:00,0.0,0.0687395799044625,,362.257,0.033,-2.510030904252477
2022-07-27 20:00:00,0.0,0.0083387922910375,,355.0,0.032,-2.3784030028003142
2022-07-27 20:30:00,0.0,0.0078532985582118,,335.476,0.032,-2.2335309836798625
2022-07-27 21:00:00,0.0,5.2771351588549656e-05,,278.885,0.0305,-2.088840754244399
2022-07-27 21:30:00,0.0,5.070769872564525e-05,,216.144,0.0305,-1.956935917735608
2022-07-27 22:00:00,0.0,4.9746028364174434e-05,2.4705251805600192,182.85820133273023,0.032,-1.84596475470396
2022-07-27 22:30:00,0.0,0.0438130318101658,2.0301345379878595,150.26228147804736,0.032,-1.7591673990156582
2022-07-27 23:00:00,0.0,0.0405405142006536,1.6788728310352854,124.26332205199836,0.035,-1.6970800394915413
2022-07-27 23:30:00,0.0,0.0382680989661344,1.180743770213298,87.39383988269573,0.035,-1.6603710450486784
2022-07-28 00:00:00,0.0,0.0514412211790704,1.1348492099673353,83.99691164914863,0.036500000000000005,-1.6511202766197357
2022-07-28 00:30:00,0.0,0.0336487769381365,1.0942954200853263,80.99528546318575,0.036500000000000005,-1.6713590077483242
2022-07-28 01:00:00,0.0,4.260172388202845e-05,0.8492103687973643,62.85508919856081,0.0375,-1.7197284555365486
2022-07-28 01:30:00,0.0,0.0282165434056235,0.663366753754383,49.09970251263009,0.0375,-1.7894455039942745
2022-07-28 02:00:00,0.0,0.0264604268291569,0.4966675799805906,36.76130931599884,0.0385,-1.8698743845362469
2022-07-28 02:30:00,0.0,0.0252866863305984,0.4547670852733949,33.66000552950086,0.0385,-1.9502928578112544
2022-07-28 03:00:00,0.0,0.0227471560673007,0.4547670852733949,33.66000552950086,0.0385,-2.022742250361978
2022-07-28 03:30:00,0.0,0.0212095300316322,0.3073916548514232,22.751877031296313,0.0385,-2.082775314040298
2022-07-28 04:00:00,0.0,0.0203493822260263,0.3496146393200162,25.877050195115903,0.0395,-2.129025453382324
2022-07-28 04:30:00,0.0,0.0189057573577569,0.2438817648648169,18.05113390948045,0.0395,-2.162512905130141
2022-07-28 05:00:00,0.0,0.0180329906785474,0.2014240286695686,14.908585379955738,0.0405,-2.185894591681824
2022-07-28 05:30:00,0.0,0.0172700397645538,0.1801595927914169,13.334678533091472,0.0405,-2.202601292791442
2022-07-28 06:00:00,0.0,0.0164532408288828,0.1588713443548078,11.759009177735928,0.0405,-2.216100804834167
2022-07-28 06:30:00,0.0,0.0163409349836933,0.1801595927914169,13.334678533091472,0.0405,-2.229555207222917
2022-07-28 07:00:00,0.0,0.0155832312066847,0.2862451539916844,21.186699253664298,0.041,-2.2458503608723284
2022-07-28 07:30:00,0.0,0.0155776095136194,0.4757287238554507,35.21150055503735,0.041,-2.267921265040215
2022-07-28 08:00:00,0.0,0.0155986170370005,0.5593481650592663,41.40067066967332,0.041,-2.299389851338524
2022-07-28 08:30:00,0.0,0.0163217522054955,0.8697510501760304,64.37542668817918,0.041,-2.3444516654025755
2022-07-28 09:00:00,0.0,4.2510649923411175e-05,1.535927125285706,113.68306371369611,0.0415,-2.406174938853193
2022-07-28 09:30:00,0.0,4.6336447100012454e-05,2.4105889319271943,178.4219645738945,0.0415,-2.4842923873102576
2022-07-28 10:00:00,0.0,5.014907667127019e-05,3.4330632916813344,254.10134797167683,0.041,-2.5746363026008368
2022-07-28 10:30:00,0.0,5.742076975340949e-05,5.216308594047042,386.089894816489,0.041,-2.6700541636206876
2022-07-28 11:00:00,0.0,0.1747450199249016,7.2122183066205166,533.8189942547634,0.04,-2.761715178550921
2022-07-28 11:30:00,0.0,0.1852708324918396,8.946170279904333,662.1590498538503,0.04,-2.841675120664622
2022-07-28 12:00:00,0.0,0.2295022105819827,9.211493419963718,681.7971869370002,0.038,-2.906708505029842
2022-07-28 12:30:00,0.0,0.2256957216415683,9.431003253915968,698.0444098866792,0.038,-2.9598768104571924
2022-07-28 13:00:00,0.0,0.4605819524708146,9.28482183006365,687.2246568866985,0.035500000000000004,-3.0067187936519995
2022-07-28 13:30:00,0.0,0.4844445902016592,8.945513649853366,662.1104487746119,0.035500000000000004,-3.0481582310952584
2022-07-28 14:00:00,0.0,0.5451507856320336,8.606205469643081,636.9962406625253,0.033,-3.0764909596683756
2022-07-28 14:30:00,0.0,0.542083312710393,8.266897289432794,611.8820325504387,0.033,-3.07968541195772
2022-07-28 15:00:00,0.0,0.7061581169166752,7.927589109222509,586.7678244383521,0.0295,-3.0523602810787587
2022-07-28 15:30:00,0.0,0.5299590434909828,7.588280929012225,561.6536163262655,0.0295,-3.003102505991258
2022-07-28 16:00:00,0.0,0.3207092342315808,7.24897274880194,536.5394082141789,0.026500000000000003,-2.94815441650056
2022-07-28 16:30:00,0.0,0.3526313941378924,6.909664568591654,511.42520010209233,0.026500000000000003,-2.8955091582356594
2022-07-28 17:00:00,0.0,0.6677398267991842,6.570356388381369,486.31099199000573,0.025,-2.8363397587299137
2022-07-28 17:30:00,0.0,0.640398713524293,6.231048208171084,461.1967838779191,0.025,-2.7533132075310167
2022-07-28 18:00:00,0.0,0.6602424910117451,5.8917400279607985,436.0825757658325,0.023,-2.6371204162221176
2022-07-28 18:30:00,0.0,0.3980068916333634,,429.562,0.023,-2.4957207329314133
2022-07-28 19:00:00,0.0,0.5343219044522175,,430.379,0.0215,-2.351192522711649
2022-07-28 19:30:00,0.0,0.3434588166089928,,373.343,0.0215,-2.228995628628096
2022-07-28 20:00:00,0.0,0.2449995491842656,,376.829,0.020000000000000004,-2.145294993715037
2022-07-28 20:30:00,0.0,0.0139226445011157,,343.016,0.020000000000000004,-2.097506265468562
2022-07-28 21:00:00,0.0,0.1066595933002595,,344.417,0.019000000000000003,-2.064763706140081
2022-07-28 21:30:00,0.0,0.0971448499147444,,253.167,0.019000000000000003,-2.0212163818679283
2022-07-28 22:00:00,0.0,0.1227044802994248,3.177274586278517,235.1689108691397,0.019499999999999997,-1.953991358668208
2022-07-28 22:30:00,0.0,0.1162084707519109,2.353403550441239,174.1893357857607,0.019499999999999997,-1.872222335003478
2022-07-28 23:00:00,0.0,0.1045119897910155,1.8902341389563695,139.90742432705463,0.022,-1.8020934206272128
2022-07-28 23:30:00,0.0,0.0960427535544261,1.5755995101405849,116.61945189311088,0.022,-1.7742119122726832
2022-07-29 00:00:00,0.0,0.0615448718325651,1.3312095826523047,98.53070585806208,0.0235,-1.8117551782284071
2022-07-29 00:30:00,0.0,0.0821922921091813,1.169815335927874,86.58496173300506,0.0235,-1.9229849082140091
2022-07-29 01:00:00,0.0,0.0567360863317754,1.1495489835657045,85.08492895872602,0.024,-2.0979659375394863
2022-07-29 01:30:00,0.0,0.0795771061640482,0.843037869700324,62.3982259811793,0.024,-2.309828530230911
2022-07-29 02:00:00,0.0,0.0538255882518091,0.7811584927844647,57.81816678912558,0.024999999999999994,-2.522889065850668
2022-07-29 02:30:00,0.0,4.3344266036965424e-05,0.7190825513811087,53.223558695116765,0.024999999999999994,-2.7063225003201357
2022-07-29 03:00:00,0.0,0.0513758587119922,0.5316568662981824,39.35107363505769,0.025999999999999995,-2.845198797001318
2022-07-29 03:30:00,0.0,3.983823569405072e-05,0.5734639149111078,42.44546092264511,0.025999999999999995,-2.94117233790048
2022-07-29 04:00:00,0.0,4.073247111652964e-05,0.4267412395604958,31.585646693487035,0.025999999999999995,-3.0049055279774715
2022-07-29 04:30:00,0.0,4.019484801603504e-05,0.4687760770614472,34.6968939858523,0.025999999999999995,-3.0482477548201556
2022-07-29 05:00:00,0.0,3.8954333049748784e-05,0.3635160719088183,26.905977558066457,0.026499999999999996,-3.080440799398893
2022-07-29 05:30:00,0.0,3.739144891428285e-05,0.2151734896830876,15.92626442650432,0.026499999999999996,-3.1074146065588435
2022-07-29 06:00:00,0.0,3.5277693922599674e-05,0.3635160719088183,26.905977558066457,0.026999999999999996,-3.132604131722635
2022-07-29 06:30:00,0.0,3.5947332179102164e-05,0.1938872081205317,14.35074065114709,0.026999999999999996,-3.158464923373544
2022-07-29 07:00:00,0.0,3.511241543644672e-05,0.3635160719088183,26.905977558066457,0.026999999999999996,-3.1874252260179476
2022-07-29 07:30:00,0.0,3.577829014767662e-05,0.6983465732551569,51.68876613650505,0.026999999999999996,-3.2213296854647027
2022-07-29 08:00:00,0.0,3.696346423972096e-05,0.9252410695861932,68.48257168759204,0.027999999999999997,-3.259884587535377
2022-07-29 08:30:00,0.0,3.825496551648326e-05,1.2304910119596737,91.0759278932072,0.027999999999999997,-3.2992556929132286
2022-07-29 09:00:00,0.0,4.182074367647945e-05,1.570896833060394,116.27137890883252,0.027999999999999997,-3.332033869832099
2022-07-29 09:30:00,0.0,4.575834189264077e-05,2.1966634100314293,162.58806963494155,0.027999999999999997,-3.350806671864538
2022-07-29 10:00:00,0.0,5.199275106174824e-05,3.0648842567188055,226.85023689965476,0.027499999999999997,-3.3563795066505895
2022-07-29 10:30:00,0.0,5.8910939796128936e-05,4.411668609088809,326.5337237126166,0.027499999999999997,-3.3649491605875532
2022-07-29 11:00:00,0.0,0.165939165021747,6.615231332985071,489.63245243076864,0.026999999999999996,-3.403830416710184
2022-07-29 11:30:00,0.0,0.1753055914217697,8.249747838015885,610.6127000762689,0.026999999999999996,-3.494201718141124
2022-07-29 12:00:00,0.0,0.221328745600004,8.671145501844482,641.802837080274,0.025499999999999995,-3.634832878760534
2022-07-29 12:30:00,0.0,0.4253996300751395,9.219702160595816,682.4047644508843,0.025499999999999995,-3.8016953913713785
2022-07-29 13:00:00,0.0,0.4362173181660551,8.92432172758267,660.5419090893278,0.023,-3.9626141625030193
2022-07-29 13:30:00,0.0,0.4677660836815051,8.498008038131381,628.9879079117675,0.023,-4.093548488331936
2022-07-29 14:00:00,0.0,0.5225372391596889,8.07169434868009,597.4339067342073,0.020499999999999997,-4.185430297053413
2022-07-29 14:30:00,0.0,0.7285486452569537,7.645380659228801,565.8799055566471,0.020499999999999997,-4.24152231331301
2022-07-29 15:00:00,0.0,0.7450069970415181,7.2190669697775105,534.3259043790869,0.018000000000000002,-4.273484459239233
2022-07-29 15:30:00,0.0,0.4696809666695797,6.792753280326221,502.77190320152664,0.018000000000000002,-4.300198212235584
2022-07-29 16:00:00,0.0,0.2578915776552819,6.366439590874931,471.2179020239664,0.015,-4.343709249261543
2022-07-29 16:30:00,0.0,0.0251699272628557,5.940125901423641,439.6639008464062,0.015,-4.417836837292547
2022-07-29 17:00:00,0.0,0.5836451594038227,5.5138122119723505,408.109899668846,0.013500000000000002,-4.5173594900214935
2022-07-29 17:30:00,0.0,0.2779266050706445,5.087498522521061,376.55589849128575,0.013500000000000002,-4.619473872750222
2022-07-29 18:00:00,0.0,0.3788030586670901,4.661184833069771,345.0018973137255,0.0125,-4.69737827319236
2022-07-29 18:30:00,0.0,0.3709013876479419,,394.08,0.0125,-4.734086405939839
2022-07-29 19:00:00,0.2,0.0237352289173549,,349.115,0.0125,-4.726350578304769
2022-07-29 19:30:00,0.2,0.0208406572633177,,211.171,0.0125,-4.679917905147554
2022-07-29 20:00:00,7.6,0.0115677213435319,,166.429,0.0315,-4.604948415677198
2022-07-29 20:30:00,0.0,3.988293852646097e-05,,144.218,0.0315,-4.5150503752663145
2022-07-29 21:00:00,0.0,0.0102808543653316,,92.643,0.155,-4.4249678713954275
2022-07-29 21:30:00,0.0,0.0107545643245219,,83.557,0.155,-4.345375004759994
2022-07-29 22:00:00,0.0,0.0083195641273125,1.250675317459452,92.56988789324376,0.1245,-4.280376557250835
2022-07-29 22:30:00,0.0,3.7779305572449985e-05,1.1089542127506953,82.08026953118507,0.1245,-4.229801638860596
2022-07-29 23:00:00,0.0,0.0072606933366368,0.843037869700324,62.3982259811793,0.121,-4.191791799031555
2022-07-29 23:30:00,0.0,3.700612199468409e-05,0.6983465732551569,51.68876613650505,0.121,-4.16313469178052
2022-07-30 00:00:00,0.0,0.0063569388627756,0.5666439654354158,41.94067606794371,0.12,-4.139702100566067
2022-07-30 00:30:00,0.0,3.6073138475722e-05,0.5666439654354158,41.94067606794371,0.12,-4.118180960266817
2022-07-30 01:00:00,0.0,3.5947332179102164e-05,0.5037671830117466,37.286792986705365,0.1205,-4.097249721135066
2022-07-30 01:30:00,0.0,3.540371153436868e-05,0.419611285516011,31.05791656451746,0.1205,-4.076811161511424
2022-07-30 02:00:00,0.0,3.515368783130449e-05,0.3138952968192069,23.233250093873803,0.121,-4.0564580478930585
2022-07-30 02:30:00,0.0,3.4657089110898426e-05,0.3350852074797235,24.801640887974106,0.121,-4.035002099647831
2022-07-30 03:00:00,0.0,3.4165093201904455e-05,0.2288998574900611,16.942234208057286,0.12150000000000001,-4.011430837837003
2022-07-30 03:30:00,0.0,3.4165093201904455e-05,0.1006909933325476,7.452736801096648,0.12150000000000001,-3.9859514889076166
2022-07-30 04:00:00,0.0,3.3716191316882116e-05,0.1006909933325476,7.452736801096648,0.12150000000000001,-3.959900196794317
2022-07-30 04:30:00,0.0,3.331269792334119e-05,0.0792383678617593,5.864900927849714,0.12150000000000001,-3.934767472066553
2022-07-30 05:00:00,0.0,3.3798281318612486e-05,-0.0068163618265017,-0.5045193115354722,0.122,-3.9112270520381816
2022-07-30 05:30:00,0.0,3.2311510725841314e-05,0.0577613980630728,4.2752631867055575,0.122,-3.888520925918092
2022-07-30 06:00:00,0.0,3.271019973049637e-05,0.0577613980630728,4.2752631867055575,0.122,-3.864560887995615
2022-07-30 06:30:00,0.0,3.1995235324696024e-05,0.0577613980630728,4.2752631867055575,0.122,-3.837370313198569
2022-07-30 07:00:00,0.0,3.355407484649961e-05,0.036260005651446,2.68381778332454,0.122,-3.807291380108172
2022-07-30 07:30:00,0.0,3.453450868479409e-05,0.036260005651446,2.68381778332454,0.122,-3.777881046866413
2022-07-30 08:00:00,0.0,0.0003164409144857,0.1221193524274469,9.038776576136272,0.122,-3.753726350106062
2022-07-30 08:30:00,0.0,0.000338105284451,0.4406847819888315,32.61769085507461,0.122,-3.735600131332104
2022-07-30 09:00:00,0.0,3.803747056451597e-05,0.5037671830117466,37.286792986705365,0.1205,-3.716155799404223
2022-07-30 09:30:00,0.0,3.904253920677047e-05,0.7333247127542863,54.27770541350779,0.1205,-3.6809075524681063
2022-07-30 10:00:00,0.0,4.127444219376738e-05,1.3661757124492853,101.1187562258763,0.1205,-3.6171611253408087
2022-07-30 10:30:00,0.0,4.7311103441097886e-05,2.9141680421354828,215.69483717847604,0.1205,-3.5288771051196655
2022-07-30 11:00:00,0.0,0.1517034894714407,4.429611877345046,327.8618112727776,0.12,-3.449500394913188
2022-07-30 11:30:00,0.0,0.1674027902466953,6.410034483298784,474.44461822125385,0.12,-3.4378066461596015
2022-07-30 12:00:00,0.0,0.3424557433452184,8.195687007616211,606.6113378204924,0.1175,-3.545177962853296
2022-07-30 12:30:00,0.0,0.1947938679461983,7.720727881764645,571.4567997719889,0.1175,-3.771285452074559
2022-07-30 13:00:00,0.0,0.0429123134853866,8.25644227123795,611.1081947296167,0.1095,-4.051455459327032
2022-07-30 13:30:00,0.0,0.0433066384275032,7.924939137957228,586.5716843694446,0.1095,-4.295087995443857
2022-07-30 14:00:00,0.0,0.0320934006092648,7.593436004676507,562.0351740092725,0.10049999999999999,-4.440914630774964
2022-07-30 14:30:00,0.2,0.2717952202132108,7.261932871395787,537.4986636491003,0.10049999999999999,-4.483756641472845
2022-07-30 15:00:00,0.0,0.1717267199777302,6.930429738115065,512.9621532889282,0.10049999999999999,-4.462752986428854
2022-07-30 15:30:00,0.0,0.380489361166595,6.598926604834344,488.42564292875613,0.10049999999999999,-4.4295606909718375
2022-07-30 16:00:00,0.0,0.4246809671425299,6.267423471553624,463.889132568584,0.094,-4.41987699698215
2022-07-30 16:30:00,0.0,0.3299930170448754,5.935920338272902,439.3526222084119,0.094,-4.443450511669401
2022-07-30 17:00:00,0.0,0.4055291726181119,5.604417204992181,414.81611184823976,0.089,-4.490277714633077
2022-07-30 17:30:00,0.0,0.4619201742209359,5.27291407171146,390.27960148806767,0.089,-4.540487351473446
2022-07-30 18:00:00,0.0,0.365951187202799,4.941410938430739,365.7430911278956,0.0875,-4.573211423811337
2022-07-30 18:30:00,0.0,0.4062679828395355,,448.822,0.0875,-4.576964854049862
2022-07-30 19:00:00,0.0,0.226828006617239,,357.254,0.0865,-4.557276836464276
2022-07-30 19:30:00,0.0,0.1066883104393827,,330.922,0.0865,-4.532487699541252
2022-07-30 20:00:00,0.0,0.150106392589769,,274.365,0.08700000000000001,-4.519104343196333
2022-07-30 20:30:00,0.0,0.1567806676388797,,263.673,0.08700000000000001,-4.520298869805506
2022-07-30 21:00:00,0.0,0.0465941767465391,,251.884,0.08700000000000001,-4.527058442646408
2022-07-30 21:30:00,0.0,4.456473885987298e-05,,209.84,0.08700000000000001,-4.528195425590526
2022-07-30 22:00:00,0.0,0.0302890457391785,2.2893858721849716,169.45100824651863,0.08750000000000001,-4.519049074480898
2022-07-30 22:30:00,0.0,0.0396165957991815,1.724661120667663,127.65238456800182,0.08750000000000001,-4.503039235713498
2022-07-30 23:00:00,0.0,0.0373931797636588,1.2654567204619052,93.66394707850176,0.08800000000000001,-4.487233896261044
2022-07-30 23:30:00,0.0,0.0239560291033342,1.103243153069299,81.65756017802346,0.08800000000000001,-4.476757312527831
2022-07-31 00:00:00,0.0,0.0226495541562036,0.8304378931784818,61.46562709016277,0.08800000000000001,-4.4720099733282455
2022-07-31 00:30:00,0.0,0.0203981837969952,0.7475450928094746,55.33023996754546,0.08800000000000001,-4.469703079107646
2022-07-31 01:00:00,0.0,0.0187776534496127,0.6016289838344904,44.53012449307456,0.08850000000000001,-4.4658979952928
2022-07-31 01:30:00,0.0,0.0176271583039164,0.5597363839070524,41.429405045986584,0.08850000000000001,-4.458511305811773
2022-07-31 02:00:00,0.0,0.0181366346168367,0.4756777888589321,35.20773055426117,0.08850000000000001,-4.447792216574513
2022-07-31 02:30:00,0.0,0.0164385024849206,0.4546057633729584,33.64806514015307,0.08850000000000001,-4.4350586568732
2022-07-31 03:00:00,0.0,0.0218248347844784,0.1999188840922562,14.797180714940074,0.08850000000000001,-4.421267969219291
2022-07-31 03:30:00,0.0,0.0222403832766057,0.2426030927559464,17.956491813232162,0.08850000000000001,-4.4066225954885345
2022-07-31 04:00:00,0.0,0.0201092520334722,0.2212729465455307,16.377721355480087,0.08850000000000001,-4.39094116718773
2022-07-31 04:30:00,0.0,0.0139143953353427,0.2212729465455307,16.377721355480087,0.08850000000000001,-4.374041618358912
2022-07-31 05:00:00,0.0,0.0186668199310172,0.3064507941414514,22.682238357509927,0.08750000000000001,-4.355986265428425
2022-07-31 05:30:00,0.0,0.0183419873850324,0.1999188840922562,14.797180714940074,0.08750000000000001,-4.337287673606459
2022-07-31 06:00:00,0.0,0.0179112019059199,0.1571387041074297,11.630766210740369,0.08750000000000001,-4.318972644336012
2022-07-31 06:30:00,0.0,0.0128684797396835,0.1785408288901014,13.214864228948333,0.08750000000000001,-4.302624194361618
2022-07-31 07:00:00,0.0,0.0126941173580434,0.412392352297567,30.523600559866765,0.08700000000000001,-4.290417331711756
2022-07-31 07:30:00,0.0,3.445124818432026e-05,0.5806940157990237,42.98060351265862,0.08700000000000001,-4.283904775952563
2022-07-31 08:00:00,0.0,0.0137849116939816,0.8511063437541848,62.99542153482039,0.08700000000000001,-4.2801917549506445
2022-07-31 08:30:00,0.0,0.016626323053672,1.077037497253821,79.71792437715432,0.08700000000000001,-4.265962076937701
2022-07-31 09:00:00,0.0,3.983823569405072e-05,1.7990841529601125,133.1608739895264,0.08650000000000001,-4.212880102001044
2022-07-31 09:30:00,0.0,4.357773870443802e-05,2.742976287691404,203.02392147724743,0.08650000000000001,-4.081038292030654
2022-07-31 10:00:00,0.0,4.745745403442763e-05,3.773699394428924,279.3138434959264,0.0855,-3.83616494029705
2022-07-31 10:30:00,0.0,5.3450333333990725e-05,5.017725531120542,371.3915861379865,0.0855,-3.474672093869202
2022-07-31 11:00:00,0.0,0.1510701551813174,7.399994313868107,547.717408733159,0.084,-3.039247677034279
2022-07-31 11:30:00,0.0,0.1652829738597629,9.368475171108445,693.4163361293513,0.084,-2.613683860829487
2022-07-31 12:00:00,0.0,0.3977111059575186,10.138442282575712,750.4061625015507,0.0825,-2.2997993546780733
2022-07-31 12:30:00,0.0,0.4278024472946182,10.42471517321828,771.594914709029,0.0825,-2.18328691407309
2022-07-31 13:00:00,0.0,0.43415345545941,10.05211655175968,744.0166838635818,0.0785,-2.2998052806205855
2022-07-31 13:30:00,0.0,0.565700422952798,9.627061075677092,712.5558105097344,0.0785,-2.6224107641506245
2022-07-31 14:00:00,0.0,0.6833917181114244,9.202005599594504,681.0949371558871,0.07500000000000001,-3.081478567412259
2022-07-31 14:30:00,0.0,0.7074261691531181,8.776950123511915,649.6340638020398,0.07500000000000001,-3.5981046985383984
2022-07-31 15:00:00,0.0,0.6813915479115663,8.351894647429326,618.1731904481925,0.068,-4.104807667966511
2022-07-31 15:30:00,0.0,0.7111083909755544,7.926839171346736,586.7123170943452,0.068,-4.551684201946541
2022-07-31 16:00:00,0.0,0.7086860097395552,7.501783695264147,555.2514437404978,0.0635,-4.911480834407472
2022-07-31 16:30:00,0.0,0.6407568973387326,7.076728219181558,523.7905703866505,0.0635,-5.184251835188142
2022-07-31 17:00:00,0.0,0.7336175925615265,6.6516727430989695,492.3296970328031,0.06,-5.391608193377798
2022-07-31 17:30:00,0.0,0.6338715394390607,6.226617267016381,460.86882367895583,0.06,-5.56225530384245
2022-07-31 18:00:00,0.0,0.578723559013519,5.801561790933792,429.4079503251085,0.0585,-5.7202532936098995
2022-07-31 18:30:00,0.0,0.4764337260064906,,472.98,0.0585,-5.879000330527519
2022-07-31 19:00:00,0.0,0.4528086983420852,,430.861,0.057,-6.0379082355154186
2022-07-31 19:30:00,0.0,0.4150398141635015,,426.732,0.057,-6.182690165993091
2022-07-31 20:00:00,0.0,0.3362169385071661,,384.265,0.0565,-6.2896777971351225
2022-07-31 20:30:00,0.0,0.2339534055349859,,378.594,0.0565,-6.330115587372369
2022-07-31 21:00:00,0.0,0.0832718286896272,,295.077,0.057,-6.272816936863023
2022-07-31 21:30:00,0.0,5.009806949518672e-05,,231.994,0.057,-6.088070346615788
2022-07-31 22:00:00,0.0,4.934261508920132e-05,2.4011179822730804,177.7209634943299,0.0605,-5.756113851210755
2022-07-31 22:30:00,0.0,4.819712144822785e-05,1.995193958279033,147.6761222235885,0.0605,-5.280722869920669
2022-07-31 23:00:00,0.0,4.839501247742243e-05,1.601085845416792,118.5058465203916,0.063,-4.700933273747478
2022-07-31 23:30:00,0.0,4.740795532632099e-05,1.3206068694213309,97.74593625283056,0.063,-4.085193110824913
2022-08-01 00:00:00,0.0,0.0265705237101485,0.9430331376896476,69.79946802889937,0.0635,-3.5023167957513763
2022-08-01 00:30:00,0.0,0.026692822012222,0.7792952849109154,57.68025973877567,0.0635,-2.989063351657371
2022-08-01 01:00:00,0.0,0.023508406222137,0.6969096201841598,51.58240872876452,0.0645,-2.5417166485329603
2022-08-01 01:30:00,0.0,0.0209455666025501,0.5310833417278001,39.30862368466436,0.0645,-2.136315811404212
2022-08-01 02:00:00,0.0,0.0202045148140767,0.5518894279847938,40.848605361299235,0.065,-1.756471201274872
2022-08-01 02:30:00,0.0,0.0209259990281073,0.3848085571176631,28.481960502029224,0.065,-1.40623610360643
2022-08-01 03:00:00,0.0,4.0777784320328945e-05,0.2585366525698584,19.135828948237183,0.065,-1.103998044442844
2022-08-01 03:30:00,0.0,4.1638800712387125e-05,0.2585366525698584,19.135828948237183,0.065,-0.8687267950972388
2022-08-01 04:00:00,0.0,4.10939356366709e-05,0.1738889323082078,12.870549810117708,0.0655,-0.7091235616052595
2022-08-01 04:30:00,0.0,3.988293852646097e-05,0.1738889323082078,12.870549810117708,0.0655,-0.6196612163019701
2022-08-01 05:00:00,0.0,3.961703941799172e-05,0.0888625046595338,6.577240295231618,0.0645,-0.5848310918082911
2022-08-01 05:30:00,0.0,4.050824563260603e-05,0.0248412454401642,1.8386477077006145,0.0645,-0.5876099915417928
2022-08-01 06:00:00,0.0,4.028477412003767e-05,0.0462057645661605,3.4199623085227873,0.065,-0.6122599752195089
2022-08-01 06:30:00,0.0,3.891027643412545e-05,0.0248412454401642,1.8386477077006145,0.065,-0.6395120556649938
2022-08-01 07:00:00,0.0,3.816787418939945e-05,0.0888625046595338,6.577240295231618,0.065,-0.6950555455998282
2022-08-01 07:30:00,0.0,3.7779305572449985e-05,0.2162598312047456,16.00667099683461,0.065,-0.7505990355346625
2022-08-01 08:00:00,0.0,3.838583573054792e-05,0.4267149494045781,31.58370080333311,0.0655,-0.8061425254694968
2022-08-01 08:30:00,0.0,3.9439148086964545e-05,0.7175386981533648,53.10928897361448,0.0655,-0.8616860154043311
2022-08-01 09:00:00,0.0,4.127444219376738e-05,1.2062419988432056,89.28111480752717,0.065,-5.092278351374378
2022-08-01 09:30:00,0.0,4.518435943116703e-05,2.226076005360204,164.76507002363135,0.065,-4.903833832828087
2022-08-01 10:00:00,0.0,4.8097303501445835e-05,3.271780000902903,242.16381635336623,0.0645,-4.715389314281795
2022-08-01 10:30:00,0.0,5.424210645149853e-05,4.993017699916151,369.5628132080771,0.0645,-4.5269447957355045
2022-08-01 11:00:00,0.0,0.1435328161005073,6.506767804636384,481.6044242770355,0.0635,
2022-08-01 11:30:00,0.0,0.1558032731932805,8.214358782762382,607.9933464904643,0.0635,
2022-08-01 12:00:00,0.0,0.3840715795534608,9.22425699980037,682.7418950783549,0.062,
2022-08-01 12:30:00,0.0,0.5614657541365512,9.544485614730055,706.4439115573127,0.062,
2022-08-01 13:00:00,0.0,0.6162140187333045,9.847401967107492,728.8645449456571,0.058,
2022-08-01 13:30:00,0.0,0.6323837867070419,9.459527645659204,700.1556690672459,0.058,
2022-08-01 14:00:00,0.0,0.8008435679838998,9.071653324210915,671.4467931888345,0.0545,
2022-08-01 14:30:00,0.0,0.9588450821203598,8.683779002762625,642.7379173104232,0.0545,
2022-08-01 15:00:00,0.0,0.8758878078194716,8.295904681314337,614.0290414320118,0.047,
2022-08-01 15:30:00,0.0,0.8723106867536721,7.908030359866048,585.3201655536005,0.047,
2022-08-01 16:00:00,0.0,0.8227434479595016,7.52015603841776,556.6112896751891,0.0415,
2022-08-01 16:30:00,0.0,0.8798298264596016,7.13228171696947,527.9024137967779,0.0415,
2022-08-01 17:00:00,0.0,0.8042464333219602,6.744407395521182,499.1935379183665,0.0385,
2022-08-01 17:30:00,0.0,0.9430271795435896,6.356533074072893,470.4846620399552,0.0385,
2022-08-01 18:00:00,0.0,0.6813247790461564,5.968658752624604,441.77578616154386,0.0355,-1.7002770175411397
2022-08-01 18:30:00,0.0,0.4587685427083528,,430.493,0.0355,-1.5118324989948484
2022-08-01 19:00:00,0.0,0.6674836786067814,,409.787,0.033999999999999996,-1.323387980448557
2022-08-01 19:30:00,0.0,0.7749406162183614,,421.384,0.033999999999999996,-1.1349434619022665
2022-08-01 20:00:00,0.0,0.7339410062817918,,426.63,0.032,-0.946498943355976
2022-08-01 20:30:00,0.0,0.6752777791335527,,351.502,0.032,-1.0252174475219813
2022-08-01 21:00:00,0.0,0.2268749135061034,,286.278,0.0315,-1.0425476593036405
2022-08-01 21:30:00,0.0,0.1911427222056783,3.253538502486583,240.81365501266455,0.0315,-1.0044225565454292
2022-08-01 22:00:00,0.0,0.2240772234163367,2.567751203651191,190.0544751635261,0.034,-0.9478586054517116
2022-08-01 22:30:00,0.0,0.2215767950854126,2.168589521779066,160.5101548860299,0.034,-0.9146239069375998
2022-08-01 23:00:00,0.0,0.0733210782902861,2.072426887416162,153.39258875337805,0.035500000000000004,-0.9172295053391656
2022-08-01 23:30:00,0.0,0.0763872887621571,1.6832577693912718,124.58787731135776,0.035500000000000004,-0.9290310901811012
2022-08-02 00:00:00,0.0,0.0400446864989193,1.2932506634597374,95.72114142103258,0.037,-0.9088587211340337
2022-08-02 00:30:00,0.0,0.0402311715872686,1.0300493369834558,76.24005232849728,0.037,-0.8354712596520398
2022-08-02 01:00:00,0.0,4.059859886703179e-05,0.8251784057140356,61.0763412714031,0.039,-0.7202314852185782
2022-08-02 01:30:00,0.0,4.050824563260603e-05,0.5973160106726881,44.21089580398072,0.039,-0.592895907176865
2022-08-02 02:00:00,0.0,3.983823569405072e-05,0.5764681707852835,42.66782369385577,0.04,-0.4801220817832831
2022-08-02 02:30:00,0.0,3.952803201248042e-05,0.5137894899641299,38.02860328555927,0.04,-0.3936345348249526
2022-08-02 03:00:00,0.0,0.032473850605712,0.4718903612938223,34.92740060754231,0.0405,-0.3309202525345215
2022-08-02 03:30:00,0.0,0.0337379991566063,0.3667416718097875,27.14472331170276,0.0405,-0.2837725515146471
2022-08-02 04:00:00,0.0,0.0947694919240411,-0.03819181860613,-2.8268027020715367,0.04,-0.2477400296393034
2022-08-02 04:30:00,0.0,0.0969482507981327,0.2822056082712073,20.8877085489914,0.04,-0.2251809796771208
2022-08-02 05:00:00,0.0,0.0717935893999079,0.2610130476195132,19.31912161334838,0.041,-0.219759544277869
2022-08-02 05:30:00,0.0,3.6073138475722e-05,0.1546952420147912,11.449911108837176,0.041,-0.2280677920605076
2022-08-02 06:00:00,0.0,0.0339054654526395,0.1546952420147912,11.449911108837176,0.041,-0.2369844630058727
2022-08-02 06:30:00,0.0,0.0497592735158413,0.2185571515280955,16.17670928080695,0.041,-0.3539365569506992
2022-08-02 07:00:00,0.0,0.0340925327085366,0.2610130476195132,19.31912161334838,0.0415,-0.4708886508955256
2022-08-02 07:30:00,0.0,0.0332754429871125,0.5973160106726881,44.21089580398072,0.0415,-0.587840744840352
2022-08-02 08:00:00,0.0,3.519499171295756e-05,0.8868640880075479,65.64206397721945,0.042,-0.7047928387851785
2022-08-02 08:30:00,0.0,3.709153135362674e-05,1.2731272823015771,94.2316907923691,0.042,-0.8217449327300048
2022-08-02 09:00:00,0.0,3.5445205572522415e-05,1.6125194456287884,119.35211499236452,0.0415,-0.9201830158222316
2022-08-02 09:30:00,0.0,3.921747894829718e-05,2.0628916458667788,152.6868290498489,0.0415,-0.9257421247068632
2022-08-02 10:00:00,0.0,0.0101792986980769,2.972830965489943,220.0368275916581,0.041,-0.931301233591495
2022-08-02 10:30:00,0.0,0.0879234584611683,3.1576792838763903,233.71854647697768,0.041,-0.9368603424761268
2022-08-02 11:00:00,0.0,0.0902064672081132,4.236067377327483,313.5364364781634,0.04,
2022-08-02 11:30:00,0.0,0.0992337672610405,5.651778535870743,418.32160446386854,0.04,
2022-08-02 12:00:00,0.0,0.2641079071623836,5.8171140532668755,430.5590653751635,0.039,
2022-08-02 12:30:00,0.0,0.2653389087779235,6.564709684867724,485.8930460179957,0.039,
2022-08-02 13:00:00,0.0,0.5609214655807211,7.417368253254198,549.0033568915519,0.0365,
2022-08-02 13:30:00,0.0,0.5412549775624536,7.131674416903565,527.8574639219114,0.0365,
2022-08-02 14:00:00,0.0,0.3195891792159436,6.845980580552934,506.7115709522709,0.034,
2022-08-02 14:30:00,0.0,0.3199904719408473,6.560286744202301,485.5656779826303,0.034,
2022-08-02 15:00:00,0.0,0.4113240127928173,6.274592907851669,464.4197850129898,0.031,
2022-08-02 15:30:00,0.0,0.3322434020683744,5.988899071501037,443.2738920433493,0.031,
2022-08-02 16:00:00,0.0,0.4512073926614495,5.703205235150405,422.12799907370874,0.028499999999999998,
2022-08-02 16:30:00,0.0,0.1794429366866761,5.417511398799772,400.9821061040682,0.028499999999999998,
2022-08-02 17:00:00,0.0,0.3286670883549054,5.13181756244914,379.8362131344277,0.026500000000000003,
2022-08-02 17:30:00,0.0,0.3219788556663397,4.846123726098508,358.6903201647872,0.026500000000000003,
2022-08-02 18:00:00,0.0,0.3787927773885822,4.560429889747875,337.5444271951466,0.0245,
2022-08-02 18:30:00,0.0,0.5253380105223113,,417.357,0.0245,
2022-08-02 19:00:00,0.0,0.3486621853277044,,406.352,0.0235,
2022-08-02 19:30:00,0.0,0.1965553848198674,,389.533,0.0235,
2022-08-02 20:00:00,0.0,0.1759152622554227,,397.516,0.0215,-1.0424834112841297
2022-08-02 20:30:00,0.0,0.1576696749957921,,345.335,0.0215,-1.048042520168761
2022-08-02 21:00:00,0.0,0.054751784933615,,249.072,0.020499999999999997,-1.053601629053393
2022-08-02 21:30:00,0.0,4.357773870443802e-05,2.5605730352934497,189.52317640766296,0.020499999999999997,-1.0591607379380248
2022-08-02 22:00:00,0.0,4.228057628388336e-05,1.7899272891595217,132.483120264286,0.023,-1.0647198468226564
2022-08-02 22:30:00,0.0,4.132011947836208e-05,1.6520766983961657,122.27998156406537,0.023,-1.0206732536375678
2022-08-02 23:00:00,0.0,3.904253920677047e-05,1.1316931019709469,83.76330940296523,0.025499999999999995,-0.9386970266748312
2022-08-02 23:30:00,0.0,3.696346423972096e-05,0.9892452525709112,73.21990036185534,0.025499999999999995,-0.8412485564935714
2022-08-03 00:00:00,0.0,3.552828802827067e-05,0.8915994693595286,65.9925575983577,0.026999999999999996,-0.7389883304109626
2022-08-03 00:30:00,0.0,3.5071174531835046e-05,0.8296592969812644,61.407998574044825,0.026999999999999996,-0.6352119312170745
2022-08-03 01:00:00,0.0,3.486373135510907e-05,0.7259881112700699,53.73468008356773,0.028499999999999998,-0.5316336241801145
2022-08-03 01:30:00,0.0,3.473896702563498e-05,0.4327315703436503,32.02902655498977,0.028499999999999998,-0.4308519204566191
2022-08-03 02:00:00,0.0,3.519499171295756e-05,0.4327315703436503,32.02902655498977,0.0295,-0.3365327278517652
2022-08-03 02:30:00,0.0,3.457533729690223e-05,0.3056715056784488,22.624558602700994,0.0295,-0.2526839666956918
2022-08-03 03:00:00,0.0,3.331269792334119e-05,0.4116132466020851,30.46593433276455,0.03,-0.2831141329915316
2022-08-03 03:30:00,0.0,3.3151868853285435e-05,0.2204934954285735,16.32002956168858,0.03,-0.3135442992873715
2022-08-03 04:00:00,0.0,3.311050171962025e-05,0.177761290902785,13.15716600536702,0.0305,-0.3439744655832114
2022-08-03 04:30:00,0.0,3.363590425285845e-05,0.4116132466020851,30.46593433276455,0.0305,-0.3744046318790512
2022-08-03 05:00:00,0.0,3.387882363103905e-05,0.0920074161079302,6.810013818581871,0.031,
2022-08-03 05:30:00,0.0,3.582180858518088e-05,0.0920074161079302,6.810013818581871,0.031,
2022-08-03 06:00:00,0.0,3.611513670987334e-05,0.1563591212888836,11.57306466893421,0.031,
2022-08-03 06:30:00,0.0,3.577829014767662e-05,0.1563591212888836,11.57306466893421,0.031,
2022-08-03 07:00:00,0.0,3.486373135510907e-05,0.1991393900044929,14.739485740624696,0.031,-0.5265554633582504
2022-08-03 07:30:00,0.0,3.511241543644672e-05,0.4116132466020851,30.46593433276455,0.031,-0.5569856296540904
2022-08-03 08:00:00,0.0,3.5445205572522415e-05,0.4327315703436503,32.02902655498977,0.031,-0.5874157959499302
2022-08-03 08:30:00,0.0,3.515368783130449e-05,0.8503277639732266,62.93779423376702,0.031,-0.61784596224577
2022-08-03 09:00:00,0.0,3.821140429993432e-05,1.3198284396062367,97.68832005163904,0.031,-0.9556156029321822
2022-08-03 09:30:00,0.0,4.177665065286426e-05,2.3043976560331143,170.56211928269312,0.031,-0.8905579522267966
2022-08-03 10:00:00,0.0,0.022916890191793,3.9699748806564488,293.8413547553488,0.0305,-0.8255003015214109
2022-08-03 10:30:00,0.0,0.16856890393815,5.068119235434154,375.1215226720443,0.0305,-0.7604426508160252
2022-08-03 11:00:00,0.0,0.2251486935006928,6.846681438021837,506.76344556466614,0.0295,
2022-08-03 11:30:00,0.0,0.3758676289228444,7.46165875383896,552.2815591688587,0.0295,
2022-08-03 12:00:00,0.0,0.2997592441812534,7.756647947857286,574.115456615132,0.026999999999999996,
2022-08-03 12:30:00,0.0,0.1570156078507393,7.430436116927541,549.9705868819085,0.026999999999999996,
2022-08-03 13:00:00,0.0,0.1573229768261548,5.440333604151171,402.67131269618926,0.0245,-0.4351543972890971
2022-08-03 13:30:00,0.0,0.1528841921138355,5.2214513888631275,386.4705435211824,0.0245,-0.3700967465837114
2022-08-03 14:00:00,0.0,0.1527073746743556,5.002569173575084,370.2697743461755,0.022000000000000002,-0.3050390958783258
2022-08-03 14:30:00,0.0,0.283315736834984,4.783686958287041,354.06900517116867,0.022000000000000002,-0.2399814451729401
2022-08-03 15:00:00,0.0,0.1949410273012796,4.564804742998998,337.86823599616184,0.021,-0.1749237944675546
2022-08-03 15:30:00,0.0,0.3491998873681675,4.345922527710955,321.66746682115496,0.021,-0.2093285849664991
2022-08-03 16:00:00,0.0,0.376323593183701,4.127040312422912,305.4666976461481,0.0195,-0.2502590750726805
2022-08-03 16:30:00,0.0,0.3875474018624738,3.908158097134868,289.26592847114125,0.0195,-0.2956379840368884
2022-08-03 17:00:00,0.0,0.7242319903058683,3.6892758818468248,273.06515929613437,0.0165,-0.3460206997719092
2022-08-03 17:30:00,0.0,0.6421052605730996,3.4703936665587816,256.8643901211275,0.0165,-0.403410839674446
2022-08-03 18:00:00,0.0,0.445140379119782,3.2515114512707384,240.66362094612063,0.015000000000000001,-0.4674030698034219
2022-08-03 18:30:00,0.0,0.4040829618300475,,392.094,0.015000000000000001,-0.5318056152778258
2022-08-03 19:00:00,0.0,0.3094968995673026,,360.591,0.0135,-0.5874550758273585
2022-08-03 19:30:00,0.0,0.1687685316649508,,315.118,0.0135,-0.63067071254438
2022-08-03 20:00:00,0.0,5.546857407997595e-05,,280.502,0.013,-0.6665654085155212
2022-08-03 20:30:00,0.0,0.1005829947037271,,215.498,0.013,-0.7007748992865251
2022-08-03 21:00:00,0.0,4.874395895996382e-05,,193.864,0.0135,-0.7295185137068692
2022-08-03 21:30:00,0.0,4.672412775595169e-05,1.7193359442544358,127.2582367210726,0.0135,-0.7412265289526098
2022-08-03 22:00:00,0.0,4.466035765302329e-05,1.2794393072821668,94.69888114679252,0.015500000000000002,-0.7279425630780961
2022-08-03 22:30:00,0.0,4.362491475530173e-05,1.2794393072821668,94.69888114679252,0.015500000000000002,-0.6931306660117078
2022-08-03 23:00:00,0.0,4.204932231105377e-05,1.0558263426858725,78.14796119563903,0.017,-0.6482761285416099
2022-08-03 23:30:00,0.0,4.046311501241313e-05,0.8296592969812644,61.407998574044825,0.017,-0.6039840695530104
2022-08-04 00:00:00,0.0,3.869228691623249e-05,0.750560478969947,55.55342655716873,0.018000000000000002,-0.5650474215108822
2022-08-04 00:30:00,0.0,3.752045360748856e-05,0.7714031161961071,57.09611358752002,0.018000000000000002,-0.5311586827180879
2022-08-04 01:00:00,0.0,3.641000309885901e-05,0.6669663704068907,49.36613146131851,0.019500000000000003,-0.4989154132854412
2022-08-04 01:30:00,0.0,3.519499171295756e-05,0.5619654395589182,41.5943906572963,0.019500000000000003,-0.4631419567606479
2022-08-04 02:00:00,0.0,3.4657089110898426e-05,0.540896767772328,40.034973470343274,0.020000000000000004,-0.419241237550021
2022-08-04 02:30:00,0.0,3.391914214544388e-05,0.4139992478642201,30.64253641826636,0.020000000000000004,-0.3663163869711375
2022-08-04 03:00:00,0.0,3.3758057524395963e-05,0.3076074361610638,22.76784828407794,0.021000000000000005,-0.3082035921896346
2022-08-04 03:30:00,0.0,3.469801230712109e-05,0.1791505406259768,13.259992605793432,0.021000000000000005,-0.2938775551859037
2022-08-04 04:00:00,0.0,3.331269792334119e-05,0.4986903610351977,36.91102732261779,0.021500000000000005,-0.2795515181821728
2022-08-04 04:30:00,0.0,3.2869602527692825e-05,0.2220657831340942,16.436403887306227,0.021500000000000005,-0.2652254811784419
2022-08-04 05:00:00,0.0,0.0401338164398579,0.1361381942048729,10.07639408854194,0.022,-0.250899444174711
2022-08-04 05:30:00,0.0,0.0472778933191597,0.0930281172876703,6.885561958424414,0.022,
2022-08-04 06:00:00,0.0,0.0505591121838656,0.0930281172876703,6.885561958424414,0.0225,
2022-08-04 06:30:00,0.0,0.0444613401242045,0.2220657831340942,16.436403887306227,0.0225,
2022-08-04 07:00:00,0.0,0.0469757754465028,0.2862579346126028,21.187645223117045,0.0225,-0.1935952961597875
2022-08-04 07:30:00,0.0,0.0575622894795314,0.6250341967228549,46.2624829261126,0.0225,-0.1792692591560565
2022-08-04 08:00:00,0.0,0.3873157222559552,1.8853519941931256,139.54606787658105,0.0215,-0.1649432221523256
2022-08-04 08:30:00,0.0,0.4182963516308913,2.8671231048530332,212.21276272686904,0.0215,-0.1506171851485948
2022-08-04 09:00:00,0.0,0.3320350600498706,3.533645113894729,261.54600437163333,0.045999999999999895,-0.6526081210523866
2022-08-04 09:30:00,0.0,0.2936200879651462,4.200167122936425,310.8792460163976,0.045999999999999895,-0.6120855760930655
2022-08-04 10:00:00,0.0,0.1625866978033521,3.950464168245946,292.39725136948647,0.07050000000000001,-0.5715630311337443
2022-08-04 10:30:00,0.0,0.0118221737159221,4.429693855053988,327.86787892856364,0.07050000000000001,-0.5310404861744231
2022-08-04 11:00:00,0.0,0.2028271315841894,4.3063777113755,318.7405207434407,0.069,
2022-08-04 11:30:00,0.0,0.2099703493648931,5.088397737244021,376.6224546989076,0.069,
2022-08-04 12:00:00,0.0,0.216514558693183,5.258866816200972,389.23988090698583,0.0675,
2022-08-04 12:30:00,0.0,0.1992753156075489,5.275850524052798,390.49694571821817,0.0675,
2022-08-04 13:00:00,0.0,0.1236119487173482,4.3063777113755,318.7405207434407,0.0655,-0.3284277613778174
2022-08-04 13:30:00,0.0,0.1903487100074657,4.158154369741107,307.7696333142958,0.0655,-0.2879052164184962
2022-08-04 14:00:00,0.0,0.0537801898250113,4.009931028106714,296.7987458851508,0.0635,-0.247382671459175
2022-08-04 14:30:00,0.0,0.0324441295101614,3.8617076864723208,285.8278584560059,0.0635,-0.2068601264998539
2022-08-04 15:00:00,0.0,0.0529897846163583,3.713484344837928,274.856971026861,0.0615,-0.1663375815405328
2022-08-04 15:30:00,0.0,4.123069674470341e-05,3.5652610032035343,263.88608359771604,0.0615,-0.1235245452577533
2022-08-04 16:00:00,0.0,0.1057151192791909,3.4170376615691413,252.91519616857113,0.0605,-0.0894951650816789
2022-08-04 16:30:00,0.0,0.0304587590569433,3.2688143199347484,241.94430873942625,0.0605,-0.0721232252459693
2022-08-04 17:00:00,0.0,0.1014177695750025,3.1205909783003554,230.97342131028128,0.061,-0.0738440033792824
2022-08-04 17:30:00,0.0,0.1567867386954999,2.972367636665962,220.00253388113632,0.061,-0.0991450712446524
2022-08-04 18:00:00,0.0,0.0116461927197506,2.824144295031569,209.03164645199143,0.061,-0.1590733152236967
2022-08-04 18:30:00,0.0,0.0901074644793824,,278.821,0.061,-0.2632422702504299
2022-08-04 19:00:00,0.0,0.1140000918624917,,331.581,0.0605,-0.4014315317762829
2022-08-04 19:30:00,0.2,0.1074379668111917,,266.658,0.0605,-0.5344220855565154
2022-08-04 20:00:00,0.0,0.0249432485094857,,174.877,0.0835,-0.6127952361270108
2022-08-04 20:30:00,0.0,0.0208544393830301,,165.073,0.0835,-0.6104624085454842
2022-08-04 21:00:00,0.0,3.051554658457701e-05,,147.023,0.107,-0.5380152362076198
2022-08-04 21:30:00,0.0,3.1367349421886946e-05,1.7865809035908171,132.23543444797693,0.107,-0.4270797437948682
2022-08-04 22:00:00,0.0,0.0393986943226283,1.4270031312576046,105.62095376772878,0.11449999999999999,-0.3095636150376097
2022-08-04 22:30:00,0.0,0.0604489338756058,1.1632695529418842,86.10046956407231,0.11449999999999999,-0.2085539460393991
2022-08-04 23:00:00,0.0,0.0399719262300454,0.833798004563347,61.714328835422776,0.174,-0.1362911481448639
2022-08-04 23:30:00,0.0,0.0384716603029058,0.540896767772328,40.034973470343274,0.174,-0.0943666152967695
2022-08-05 00:00:00,0.0,0.0374980269168604,0.6068648614455338,44.91766280674464,0.192,-0.0775172561323913
2022-08-05 00:30:00,0.0,0.0361832902265833,0.4798484557859457,35.51642631605005,0.192,-0.0787305614253334
2022-08-05 01:00:00,0.0,0.0338007673047229,0.4160252025145624,30.792489321502625,0.158,-0.0911087280934068
2022-08-05 01:30:00,0.0,0.0247587813621535,0.5646187183051744,41.7907755324607,0.158,-0.1077471542996382
2022-08-05 02:00:00,0.0,0.024711968889196,0.6279534418460968,46.4785535481349,0.1575,-0.1231185242459739
2022-08-05 02:30:00,0.0,0.0249954764807016,0.1153373170227093,8.536797966388166,0.1575,-0.1350053734734359
2022-08-05 03:00:00,0.0,0.0224448904278706,0.2877384830826029,21.297229384549784,0.1605,-0.1441516763934579
2022-08-05 03:30:00,0.0,2.814130076513904e-05,0.0502811298797329,3.7216042334371986,0.1605,-0.1518893998280671
2022-08-05 04:00:00,0.0,2.5236673719742934e-05,0.3519892276870177,26.05280754465123,0.1625,-0.1697598077687311
2022-08-05 04:30:00,0.0,0.0188919017525777,0.2447843134396395,18.117936875224792,0.1625,-0.1876302157093951
2022-08-05 05:00:00,0.0,0.0287908463247093,0.1153373170227093,8.536797966388166,0.16349999999999998,-0.205500623650059
2022-08-05 05:30:00,0.0,0.0266161254185005,0.1801709959599922,13.335522549137766,0.16349999999999998,-0.223371031590723
2022-08-05 06:00:00,0.0,0.029215642872095,0.0285459128478753,2.1128520849887145,0.16399999999999998,
2022-08-05 06:30:00,0.0,0.0293699066053321,0.0502811298797329,3.7216042334371986,0.16399999999999998,
2022-08-05 07:00:00,0.0,0.0296715065348583,0.0285459128478753,2.1128520849887145,0.16399999999999998,-0.2769822554127149
2022-08-05 07:30:00,0.0,0.0325513537101357,0.4798484557859457,35.51642631605005,0.16399999999999998,-0.2948526633533789
2022-08-05 08:00:00,0.0,0.0506698704938054,0.9623049989469068,71.22589262621415,0.1635,-0.3127230712940428
2022-08-05 08:30:00,0.0,2.9033291171632532e-05,1.2093938202682286,89.5143997791748,0.1635,-0.3305934792347068
2022-08-05 09:00:00,0.0,2.8921487481622617e-05,1.0862342365437565,80.39862952354042,0.163,-0.2140386370922267
2022-08-05 09:30:00,0.0,3.0323396658217114e-05,1.1684252670803992,86.48207450433885,0.163,-0.2195233281450544
2022-08-05 10:00:00,0.0,0.0281269616657869,1.3521259976806617,100.07885362053388,0.162,-0.225008019197882
2022-08-05 10:30:00,0.0,0.0576400736720864,2.090334767475631,154.7180570234948,0.162,-0.2304927102507097
2022-08-05 11:00:00,0.0,0.176505449017712,2.8601148180975744,211.69403791458572,0.161,
2022-08-05 11:30:00,0.0,0.2307011951415196,3.548709280863745,262.66099259284454,0.161,
2022-08-05 12:00:00,0.0,0.3238287382643036,3.676640679110293,272.12995310432666,0.158,
2022-08-05 12:30:00,0.0,0.2884091555505099,3.9484005044324006,292.2445073877333,0.158,
2022-08-05 13:00:00,0.0,0.3425036641806832,4.163542542282791,308.16844387781305,0.1535,
2022-08-05 13:30:00,0.0,0.3003567205003579,4.0065018920453666,296.5449352147569,0.1535,
2022-08-05 14:00:00,0.0,0.3594559622745391,3.8494612418079424,284.92142655170073,0.14400000000000002,
2022-08-05 14:30:00,0.0,0.4283987156757686,3.692420591570518,273.2979178886445,0.14400000000000002,
2022-08-05 15:00:00,0.0,0.3371448378792934,3.535379941333094,261.67440922558836,0.145,
2022-08-05 15:30:00,0.0,0.2448902784079637,3.3783392910956698,250.0509005625322,0.145,
2022-08-05 16:00:00,0.0,0.3577361005183264,3.2212986408582456,238.427391899476,0.149,
2022-08-05 16:30:00,0.0,0.3764995694856325,3.0642579906208214,226.80388323641984,0.149,
2022-08-05 17:00:00,0.0,0.3445461533553557,2.907217340383397,215.18037457336368,0.1495,
2022-08-05 17:30:00,0.0,0.2076499461404364,2.750176690145973,203.55686591030752,0.1495,
2022-08-05 18:00:00,0.0,0.0999514085695698,2.593136039908549,191.93335724725137,0.149,
2022-08-05 18:30:00,0.0,0.0908493849857402,,349.863,0.149,-0.3182477670959517
2022-08-05 19:00:00,0.0,0.0290205504364323,,263.844,0.149,-0.3237324581487794
2022-08-05 19:30:00,0.0,3.9394752450770456e-05,,224.596,0.149,-0.329217149201607
2022-08-05 20:00:00,0.0,3.709153135362674e-05,,293.172,0.149,-0.3347018402544346
2022-08-05 20:30:00,0.0,3.494592704299067e-05,,266.928,0.149,-0.3401865313072623
2022-08-05 21:00:00,0.0,3.4286814121211164e-05,,224.192,0.1485,-0.357161477640379
2022-08-05 21:30:00,0.0,3.441051549534346e-05,1.4938514882465792,110.56879660585814,0.1485,-0.3637770572171399
2022-08-05 22:00:00,0.0,3.3392474329447656e-05,1.1889200697318607,87.99901623762084,0.1485,-0.3610656117918819
2022-08-05 22:30:00,0.0,3.311050171962025e-05,0.9623049989469068,71.22589262621415,0.1485,-0.3537097645836549
2022-08-05 23:00:00,0.0,0.0275996880400813,0.8584323097191524,63.53765966698754,0.1485,-0.3484638871753707
2022-08-05 23:30:00,0.0,0.0241563296864935,0.75400659088033,55.80849371069642,0.1485,-0.3505763561285682
2022-08-06 00:00:00,0.0,0.0205239980191776,0.7149983867975175,52.921265484110904,0.1485,-0.3601724739499318
2022-08-06 00:30:00,0.0,0.0255261601862679,0.6516720339348175,48.23410703191079,0.1485,-0.371397270783001
2022-08-06 01:00:00,0.0,0.0170894880265346,0.6093395072965069,45.10082600330104,0.148,-0.3758762836109638
2022-08-06 01:30:00,0.0,0.0221407943580007,0.5243959175891344,38.813647815093056,0.148,-0.3677710015062595
2022-08-06 02:00:00,0.0,0.0219164983899192,0.3533778857495147,26.15559035276527,0.148,-0.3459630664959651
2022-08-06 02:30:00,0.0,0.0137202141178265,0.4176880411758787,30.91556585968464,0.148,-0.312735595754445
2022-08-06 03:00:00,0.0,0.0127996951402398,0.3533778857495147,26.15559035276527,0.1475,-0.2720958417276912
2022-08-06 03:30:00,0.0,0.0121352381542864,0.4176880411758787,30.91556585968464,0.1475,-0.229014819210396
2022-08-06 04:00:00,0.0,0.0114700319767193,0.2241056666606377,16.587387749169743,0.1475,-0.1881496691871795
2022-08-06 04:30:00,0.0,0.0108461933308105,0.1808194738124988,13.3835202358833,0.1475,-0.152182344857428
2022-08-06 05:00:00,0.0,0.0099391832231667,0.1374344964980024,10.172341099149389,0.147,-0.2349518765488306
2022-08-06 05:30:00,0.0,0.0092633851094972,0.2241056666606377,16.587387749169743,0.147,-0.3177214082402332
2022-08-06 06:00:00,0.0,0.0086011245392117,0.1374344964980024,10.172341099149389,0.1465,-0.4004909399316357
2022-08-06 06:30:00,0.0,0.0084793228106178,-0.0152001851147539,-1.125055729801706,0.1465,-0.4832604716230383
2022-08-06 07:00:00,0.0,2.406591359982391e-05,0.0721704016310436,5.34175888412596,0.146,-0.566030003314441
2022-08-06 07:30:00,0.0,0.0082194755250457,0.0503656110138747,3.7278571825499127,0.146,-0.6487995350058435
2022-08-06 08:00:00,0.0,2.4476273743114684e-05,0.1808194738124988,13.3835202358833,0.1455,-0.7315690666972461
2022-08-06 08:30:00,0.0,2.492425274865588e-05,0.3748385681581654,27.744022567703993,0.1455,-0.8143385983886486
2022-08-06 09:00:00,0.0,2.7701093423267577e-05,0.5456668167518536,40.388033047929675,0.145,-0.3862982665979366
2022-08-06 09:30:00,0.0,3.140724455409311e-05,1.0285905739547572,76.13208063660866,0.145,-0.4188867686122182
2022-08-06 10:00:00,0.0,3.461619743987309e-05,1.7616571007222377,130.39067617601836,0.144,-0.4514752706264999
2022-08-06 10:30:00,0.0,4.223426494553336e-05,2.546625842468925,188.4908620586324,0.144,-0.4840637726407816
2022-08-06 11:00:00,0.0,0.161366940831411,3.5075900028008293,259.6175112772723,0.1425,
2022-08-06 11:30:00,0.0,0.1802971650753872,4.746364318948976,351.3065355748047,0.1425,
2022-08-06 12:00:00,0.0,0.3564985617073909,5.05927143237693,374.466644362962,0.14,
2022-08-06 12:30:00,0.0,0.3932904741129279,5.656770791100943,418.6911108421769,0.14,
2022-08-06 13:00:00,0.0,0.4253724222704955,5.690497088954278,421.1873939044183,0.1385,
2022-08-06 13:30:00,0.0,0.4338008972551976,5.455854434337201,403.8201012668708,0.1385,
2022-08-06 14:00:00,0.0,0.4211428297705756,5.221211779720125,386.4528086293234,0.1375,
2022-08-06 14:30:00,0.0,0.4411587331510283,4.986569125103048,369.0855159917758,0.1375,
2022-08-06 15:00:00,0.0,0.471847413087591,4.751926470485971,351.7182233542283,0.1355,
2022-08-06 15:30:00,0.0,0.5013704086377451,4.517283815868895,334.35093071668086,0.1355,
2022-08-06 16:00:00,0.0,0.4758540695792725,4.282641161251818,316.98363807913336,0.133,
2022-08-06 16:30:00,0.0,0.5165079899776299,4.047998506634741,299.61634544158585,0.133,
2022-08-06 17:00:00,0.0,0.5675000391228203,3.813355852017665,282.24905280403834,0.131,
2022-08-06 17:30:00,0.0,0.5997330918662439,3.578713197400588,264.8817601664909,0.131,
2022-08-06 18:00:00,0.0,0.4284624693595055,3.344070542783511,247.51446752894336,0.1285,
2022-08-06 18:30:00,0.0,0.4352362116232376,,369.143,0.1285,
2022-08-06 19:00:00,0.0,0.2182467459289886,,332.356,0.13,
2022-08-06 19:30:00,0.0,0.3433948360538841,,349.053,0.13,-1.0706568088978514
2022-08-06 20:00:00,0.0,0.162801865029797,,318.865,0.1305,-1.103245310912133
2022-08-06 20:30:00,0.0,0.1465574990864212,,303.81,0.1305,-1.1358338129264147
2022-08-06 21:00:00,0.0,0.0903969398090557,,229.571,0.13,-1.1684223149406965
2022-08-06 21:30:00,0.0,4.599922636477037e-05,1.701571960463974,125.94341906611096,0.13,-1.201010816954978
2022-08-06 22:00:00,0.0,0.0763541546639666,1.7416482888975424,128.90970550230946,0.1295,-1.158699034086478
2022-08-06 22:30:00,0.0,0.0704495574345949,1.4594452673619749,108.02218841294378,0.1295,-1.0497245953369552
2022-08-06 23:00:00,0.0,4.159291153363659e-05,1.111378986474498,82.25974139622105,0.129,-0.8971081300800512
2022-08-06 23:30:00,0.0,4.2510649923411175e-05,1.0700280159488396,79.19911114918561,0.129,-0.7270413455465435
2022-08-07 00:00:00,0.0,4.532696452367813e-05,0.9698907778771022,71.78736105478886,0.1285,-0.5664761988240984
2022-08-07 00:30:00,0.0,0.0700917343271726,1.0532860280066134,77.95993746015009,0.1285,-0.4381355220402159
2022-08-07 01:00:00,0.0,0.0658481593913658,0.8230941386953524,60.92207232440652,0.128,-0.3514941254367482
2022-08-07 01:30:00,0.0,0.0817245751014438,0.5901638360814114,43.68152100073259,0.128,-0.2997032504079115
2022-08-07 02:00:00,0.0,0.0770879217239938,0.6539673290490907,48.403995418164214,0.1275,-0.2696585460351849
2022-08-07 02:30:00,0.0,0.0796298884945819,0.6114549994987127,45.25740611107436,0.1275,-0.2548752460106617
2022-08-07 03:00:00,0.0,0.0651843139952572,0.8651481162463988,64.03473628524426,0.127,-0.2551490650279587
2022-08-07 03:30:00,0.0,0.0753466158830554,0.759843279000639,56.24050156870897,0.127,-0.265737231432098
2022-08-07 04:00:00,0.0,0.0685845060531175,0.5901638360814114,43.68152100073259,0.126,-0.2737659190953982
2022-08-07 04:30:00,0.0,0.0709103622740553,0.5047641143252338,37.36058177795955,0.126,-0.2675586073591069
2022-08-07 05:00:00,0.0,0.0615986621730492,0.5475111390845834,40.52454226754601,0.1255,-0.3141745806285587
2022-08-07 05:30:00,0.0,0.0607175263907712,0.4619221562551583,34.189594711763995,0.1255,-0.3607905538980105
2022-08-07 06:00:00,0.0,0.0483363875638163,0.3543979070166755,26.231088168250754,0.1255,-0.4074065271674624
2022-08-07 06:30:00,0.0,0.0509912735284368,0.0500698292574333,3.705964622864423,0.1255,-0.4540225004369142
2022-08-07 07:00:00,0.0,0.0337257135355995,0.1593183486087802,11.792094610142222,0.1245,-0.500638473706366
2022-08-07 07:30:00,0.0,0.0334968515619345,0.5047641143252338,37.36058177795955,0.1245,-0.5472544469758178
2022-08-07 08:00:00,0.0,0.0343313973505988,0.6539673290490907,48.403995418164214,0.124,-0.5938704202452697
2022-08-07 08:30:00,0.0,0.0419918846691189,0.6963868223836437,51.54371336705952,0.124,-0.6404863935147216
2022-08-07 09:00:00,0.0,0.0587709730964991,0.8441324061338099,62.47923910547176,0.123,-1.048456054323311
2022-08-07 09:30:00,0.0,0.0862081223298498,0.9071121477749016,67.1407428082106,0.123,-1.047187513309667
2022-08-07 10:00:00,0.0,0.0926770729967814,1.23965300164572,91.75406101559038,0.1225,-1.045918972296023
2022-08-07 10:30:00,0.0,0.1121843522080573,2.1662775500244207,160.33903216284816,0.1225,-1.0446504312823788
2022-08-07 11:00:00,0.0,0.2329518954215525,2.863832529443331,211.96920775098675,0.121,
2022-08-07 11:30:00,0.0,0.3556286405220298,3.298029541671156,244.1067003395173,0.121,
2022-08-07 12:00:00,0.0,0.4353956974552735,3.9975186073536793,295.8800291074613,0.119,
2022-08-07 12:30:00,0.0,0.342616906214542,4.178125292332825,309.24779958145723,0.119,
2022-08-07 13:00:00,0.0,0.4778057832103297,4.196109902446747,310.5789470973699,0.11599999999999999,
2022-08-07 13:30:00,0.0,0.3724987624502163,4.039053523659652,298.95427427119364,0.11599999999999999,
2022-08-07 14:00:00,0.0,0.5410301163348309,3.881997144872556,287.3296014450173,0.11449999999999999,
2022-08-07 14:30:00,0.0,0.5428834676577284,3.72494076608546,275.70492861884105,0.11449999999999999,
2022-08-07 15:00:00,0.0,0.7121028260316333,3.567884387298364,264.0802557926648,0.111,
2022-08-07 15:30:00,0.0,0.6004056952446036,3.410828008511268,252.4555829664885,0.111,
2022-08-07 16:00:00,0.0,0.69952884084369,3.253771629724172,240.8309101403122,0.10850000000000001,
2022-08-07 16:30:00,0.0,0.720981742982615,3.096715250937076,229.2062373141359,0.10850000000000001,
2022-08-07 17:00:00,0.0,0.69194128949596,2.9396588721499803,217.5815644879596,0.10950000000000001,
2022-08-07 17:30:00,0.0,0.6955780224039123,2.782602493362885,205.95689166178337,0.10950000000000001,
2022-08-07 18:00:00,0.0,0.6244046943082774,2.625546114575789,194.33221883560705,0.11050000000000001,
2022-08-07 18:30:00,0.0,0.4883228699588611,,316.22,0.11050000000000001,
2022-08-07 19:00:00,0.0,0.5863081655411126,,316.985,0.11100000000000002,
2022-08-07 19:30:00,0.0,0.5607224772712529,,333.372,0.11100000000000002,-1.0218166930367851
2022-08-07 20:00:00,0.0,0.5015866433272396,,354.924,0.11299999999999999,-1.020548152023141
2022-08-07 20:30:00,0.0,0.3367320907147972,,271.454,0.11299999999999999,-1.0192796110094968
2022-08-07 21:00:00,0.0,0.165759043175284,,226.383,0.11249999999999999,-1.018011069995853
2022-08-07 21:30:00,0.0,0.1622780072528383,1.5261514630661177,112.95950905237304,0.11249999999999999,-1.0167425289822087
2022-08-07 22:00:00,0.0,0.1595758495323833,1.34244301201504,99.36215849988557,0.11249999999999999,-0.9435120977300891
2022-08-07 22:30:00,0.0,0.1809301295796599,1.1570387063254095,85.63928770118987,0.11249999999999999,-0.8232691574897097
2022-08-07 23:00:00,0.0,0.1773799838026344,0.9907726224903124,73.33295005607789,0.11199999999999999,-0.6871023667841734
2022-08-07 23:30:00,0.0,0.1011854248763875,0.9698907778771022,71.78736105478886,0.11199999999999999,-0.5554704138337477
2022-08-08 00:00:00,0.0,0.1435009586508004,0.8903609098914003,65.90088447623465,0.11099999999999999,-0.4366769890927693
2022-08-08 00:30:00,0.0,0.1449062675911504,0.681611575649776,50.450109843702634,0.11099999999999999,-0.3328065161225049
2022-08-08 01:00:00,0.0,0.1377772203771601,0.7025872500541336,52.0026437435807,0.11049999999999999,-0.2458498464201606
2022-08-08 01:30:00,0.0,0.1636404399393349,0.5552794750270054,41.09952282186591,0.11049999999999999,-0.1807440808678762
2022-08-08 02:00:00,0.0,0.1589371708876069,0.4068408403510855,30.11270027955444,0.11049999999999999,-0.1452382476892696
2022-08-08 02:30:00,0.0,0.1569627761328909,0.5341437765849751,39.53514459515035,0.11049999999999999,-0.1465232791607532
2022-08-08 03:00:00,0.0,0.085365956552265,0.4705974831277079,34.83170703685607,0.10999999999999999,-0.1848657396803658
2022-08-08 03:30:00,0.0,4.5806865832715794e-05,0.4068408403510855,30.11270027955444,0.10999999999999999,-0.2481685933148971
2022-08-08 04:00:00,0.0,4.297302229092685e-05,0.681611575649776,50.450109843702634,0.10950000000000001,-0.3141746920804449
2022-08-08 04:30:00,0.0,4.1638800712387125e-05,0.3855415339561246,28.536212459205892,0.10950000000000001,-0.3608950537945032
2022-08-08 05:00:00,0.0,4.032978325072914e-05,0.3855415339561246,28.536212459205892,0.10900000000000001,-0.3847733898259758
2022-08-08 05:30:00,0.0,0.0505145522483446,0.2142885187228729,15.860762484127893,0.10900000000000001,-0.4086517258574484
2022-08-08 06:00:00,0.0,0.0533974336240216,0.0631684184272957,4.675468789203047,0.10750000000000001,-0.432530061888921
2022-08-08 06:30:00,0.0,3.965973253870246e-05,0.1496700506473726,11.077966931935228,0.10750000000000001,-0.4564083979203936
2022-08-08 07:00:00,0.0,3.851698563857494e-05,0.3001068367368915,22.212684495255296,0.10750000000000001,-0.4802867339518663
2022-08-08 07:30:00,0.0,3.8954333049748784e-05,0.4705974831277079,34.83170703685607,0.10750000000000001,-0.5041650699833389
2022-08-08 08:00:00,0.0,0.0862043577933621,0.0414811090240681,3.0702625681024576,0.10650000000000001,-0.5280434060148115
2022-08-08 08:30:00,0.0,0.0852390424788147,0.2142885187228729,15.860762484127893,0.10650000000000001,-0.5519217420462841
2022-08-08 09:00:00,0.0,0.1341441601474271,0.428116550723209,31.687441618495463,0.10650000000000001,-0.7858772348695442
2022-08-08 09:30:00,0.0,0.1598999977699368,0.4918028542339721,36.40124215011711,0.10650000000000001,-0.7484853122493786
2022-08-08 10:00:00,0.0,0.1646235234306453,1.0145525473034078,75.09304313805349,0.10550000000000001,-0.711093389629213
2022-08-08 10:30:00,0.0,0.1806051806081881,1.8431556355892107,136.4228654507091,0.10550000000000001,-0.6737014670090474
2022-08-08 11:00:00,0.0,0.4231700738171169,2.505825429659549,185.4709818490876,0.10450000000000001,
2022-08-08 11:30:00,0.0,0.5510306044836797,2.8106525657206625,208.03304365527708,0.10450000000000001,
2022-08-08 12:00:00,0.0,0.513611365340574,3.092595136010762,228.90128320533415,0.10300000000000001,
2022-08-08 12:30:00,0.0,0.5287581457368212,2.8861931332303534,213.62424847729983,0.10300000000000001,
2022-08-08 13:00:00,0.0,0.5613775534796731,3.0552113287477973,226.1342862085557,0.1005,
2022-08-08 13:30:00,0.0,0.7595323740274501,2.922971157672696,216.34640789952175,0.1005,
2022-08-08 14:00:00,0.0,0.6151892193943618,2.790730986597595,206.55852959048784,0.097,
2022-08-08 14:30:00,0.0,0.7973313735598264,2.658490815522494,196.77065128145392,0.097,
2022-08-08 15:00:00,0.0,0.7923292186021778,2.5262506444473924,186.98277297242,0.093,
2022-08-08 15:30:00,0.0,0.690400551838933,2.3940104733722913,177.19489466338604,0.093,
2022-08-08 16:00:00,0.0,0.8551790256029921,2.2617703022971902,167.40701635435212,0.0915,-0.2623903181872261
2022-08-08 16:30:00,0.0,0.802538081162216,2.129530131222089,157.6191380453182,0.0915,-0.2249983955670605
2022-08-08 17:00:00,0.0,0.7105979388704082,1.997289960146988,147.83125973628427,0.09,-0.187606472946895
2022-08-08 17:30:00,0.0,0.6081305494653847,1.865049789071887,138.04338142725032,0.09,-0.1502145503267294
2022-08-08 18:00:00,0.0,0.5463206521595121,1.7328096179967858,128.2555031182164,0.09,-0.1128226277065638
2022-08-08 18:30:00,0.0,0.5145478276389621,,313.621,0.09,-0.1390549308821838
2022-08-08 19:00:00,0.0,0.4076951937523517,,321.86,0.0925,-0.2063547097626372
2022-08-08 19:30:00,0.0,0.3666134477329636,,296.547,0.0925,-0.3114836648453754
2022-08-08 20:00:00,0.0,0.1136188153812625,,244.866,0.0955,-0.4391275914564902
2022-08-08 20:30:00,0.0,0.0934602932260493,,232.917,0.0955,-0.5618194799319541
2022-08-08 21:00:00,0.0,0.0846282856407551,,187.053,0.0965,-0.6501092180804604
2022-08-08 21:30:00,0.0,0.0660585303301612,0.8071284204710777,59.740354954978905,0.0965,-0.6869182225661932
2022-08-08 22:00:00,0.0,4.362491475530173e-05,0.7235403503502763,53.55350680000518,0.097,-0.6748356288952398
2022-08-08 22:30:00,0.0,4.232498636734754e-05,0.6395922201476524,47.34000846576923,0.097,-0.6310653347511251
2022-08-08 23:00:00,0.0,0.0363541995898183,0.5763920959292942,42.66219294317883,0.097,-0.5758000780777567
2022-08-08 23:30:00,0.0,0.0340428181651473,0.3855415339561246,28.536212459205892,0.097,-0.5235454117160796
2022-08-09 00:00:00,0.0,0.0321701473871147,0.465131267564037,34.42712004703909,0.097,-0.4811865538470346
2022-08-09 00:30:00,0.0,3.821140429993432e-05,0.2726043355219006,20.177061485258495,0.097,-0.449777500377671
2022-08-09 01:00:00,0.0,0.0272410428018664,0.4011700996061743,29.692975169687863,0.0965,-0.4263334907136971
2022-08-09 01:30:00,0.0,0.0325585449463692,0.4011700996061743,29.692975169687863,0.0965,-0.4054688547181245
2022-08-09 02:00:00,0.0,0.0299316164657645,0.3155556267692372,23.35614094747465,0.0965,-0.3819329293958046
2022-08-09 02:30:00,0.0,0.0277534667413103,0.2079955870491897,15.394985338436692,0.0965,-0.3530841587152982
2022-08-09 03:00:00,0.0,0.0265239039141765,0.2079955870491897,15.394985338436692,0.096,-0.3197787165072981
2022-08-09 03:30:00,0.0,0.0252020458680865,0.1864105412594748,13.797348253071233,0.096,-0.2856318031712518
2022-08-09 04:00:00,0.0,0.0234901347282011,0.1431667813815405,10.596621455236656,0.096,-0.2550592032257279
2022-08-09 04:30:00,0.0,3.148553847931474e-05,0.1215079081528405,8.993519963837999,0.096,-0.2303866997492278
2022-08-09 05:00:00,0.0,0.0147441866766789,0.1648009658366871,12.197895584275033,0.096,-0.209803088392099
2022-08-09 05:30:00,0.0,3.0438899716606223e-05,-0.0308022610117834,-2.279857776766008,0.096,-0.2236546053637008
2022-08-09 06:00:00,0.0,3.00173708846954e-05,0.0781157746895722,5.781811158148195,0.0955,-0.2375061223353026
2022-08-09 06:30:00,0.0,3.005453953235084e-05,0.0346239206099593,2.5627214390056285,0.0955,-0.2513576393069044
2022-08-09 07:00:00,0.0,3.013207550573784e-05,0.0346239206099593,2.5627214390056285,0.096,-0.2652091562785063
2022-08-09 07:30:00,0.0,3.0284443149030228e-05,0.0781157746895722,5.781811158148195,0.096,-0.279060673250108
2022-08-09 08:00:00,0.0,3.078563437100488e-05,0.0563823532466939,4.173191911875196,0.0955,-0.2929121902217098
2022-08-09 08:30:00,0.0,3.1367349421886946e-05,0.0346239206099593,2.5627214390056285,0.0955,-0.3067637071933116
2022-08-09 09:00:00,0.0,3.327119776282683e-05,0.1215079081528405,8.993519963837999,0.095,-0.620998668151977
2022-08-09 09:30:00,0.0,3.773608560441656e-05,0.1431667813815405,10.596621455236656,0.095,-0.6109320015528289
2022-08-09 10:00:00,0.0,4.050824563260603e-05,0.1864105412594748,13.797348253071233,0.095,-0.6008653349536808
2022-08-09 10:30:00,0.0,4.894307090417464e-05,0.42251414208027,31.272774172221332,0.095,-0.5907986683545328
2022-08-09 11:00:00,0.0,0.0995268973051454,0.9070412623216576,67.13549615596725,0.0945,
2022-08-09 11:30:00,0.0,0.2051767369007274,1.0934202419007342,80.93050834213494,0.0945,
2022-08-09 12:00:00,0.0,0.2814106162342707,1.742373665210854,128.9633948996025,0.092,
2022-08-09 12:30:00,0.0,0.3093563672829612,2.0592640411000853,152.4183285350583,0.092,
2022-08-09 13:00:00,0.0,0.3298183728204132,2.2354154601528147,165.45633838966276,0.0895,
2022-08-09 13:30:00,0.0,0.3466049908273221,2.141944184653677,158.53797566721764,0.0895,
2022-08-09 14:00:00,0.0,0.5842182769541053,2.048472909154539,151.6196129447725,0.087,
2022-08-09 14:30:00,0.0,0.8026062348798038,1.9550016336554012,144.70125022232742,0.087,
2022-08-09 15:00:00,0.0,0.7720119619316321,1.8615303581562632,137.7828874998823,0.086,
2022-08-09 15:30:00,0.0,0.8585889852292348,1.768059082657126,130.86452477743717,0.086,
2022-08-09 16:00:00,0.0,0.6974999883406904,1.674587807157988,123.94616205499206,0.08399999999999999,
2022-08-09 16:30:00,0.0,0.5928529143735576,1.5811165316588502,117.02779933254692,0.08399999999999999,
2022-08-09 17:00:00,0.0,0.532751810752837,1.4876452561597124,110.10943661010182,0.08,
2022-08-09 17:30:00,0.0,0.5328647506257456,1.3941739806605746,103.1910738876567,0.08,
2022-08-09 18:00:00,0.0,0.4808459077185055,1.3007027051614368,96.27271116521158,0.0785,
2022-08-09 18:30:00,0.0,0.1854756357203067,,272.84,0.0785,-0.429732002768163
2022-08-09 19:00:00,0.0,0.1531165568066533,,205.439,0.079,-0.4196653361690149
2022-08-09 19:30:00,0.0,0.139116773999194,,187.896,0.079,-0.4095986695698668
2022-08-09 20:00:00,0.0,0.0877303861571237,,136.606,0.0815,-0.3995320029707186
2022-08-09 20:30:00,0.0,5.3661489013402654e-05,,117.409,0.0815,-0.3894653363715706
2022-08-09 21:00:00,0.0,5.2771351588549656e-05,0.7398750521666103,54.76253483054087,0.0825,-0.3929297364045824
2022-08-09 21:30:00,0.0,5.1528025877622695e-05,0.7608491180555982,56.31494967466933,0.0825,-0.3833208925195348
2022-08-09 22:00:00,0.0,4.9998260596644535e-05,0.6135539862841832,45.412764555194855,0.083,-0.3666199922820289
2022-08-09 22:30:00,0.0,0.053966180521945,0.6557522802024714,48.53611022514627,0.083,-0.3453110197633543
2022-08-09 23:00:00,0.0,0.0587849522919147,0.6135539862841832,45.412764555194855,0.084,-0.3206152241649134
2022-08-09 23:30:00,0.0,0.0597632829533623,0.4011700996061743,29.692975169687863,0.084,-0.2964950451037351
2022-08-10 00:00:00,0.0,4.745745403442763e-05,0.3738574232727329,27.671402223491864,0.084,-0.2784358917908089
2022-08-10 00:30:00,0.0,0.0518182414579689,0.5021206688682431,37.16492472277547,0.084,-0.2674233584218043
2022-08-10 01:00:00,0.0,0.0525825713485899,0.4594611980209827,34.00744461679742,0.084,-0.2578074395792916
2022-08-10 01:30:00,0.0,0.0528394460515171,0.3738574232727329,27.671402223491864,0.084,-0.2424341284007706
2022-08-10 02:00:00,0.0,0.0508650696328981,0.2878697905335935,21.30694822672094,0.084,-0.2183890857207801
2022-08-10 02:30:00,0.0,0.0501285981422987,0.3952941613493896,29.25806217659938,0.084,-0.1877185216069888
2022-08-10 03:00:00,0.0,0.050588053872229,0.2231241723299479,16.51474154044439,0.0835,-0.1551880132244102
2022-08-10 03:30:00,0.0,0.0500935943044397,0.2447304774768198,18.11395215675048,0.0835,-0.1264884060119551
2022-08-10 04:00:00,0.0,0.0470667408912233,0.3094029557736621,22.900745325322813,0.0835,-0.1062359339589394
2022-08-10 04:30:00,0.0,0.047289083566407,0.2447304774768198,18.11395215675048,0.0835,-0.1155141204619381
2022-08-10 05:00:00,0.0,0.0611952697970643,0.2014933293198029,14.913714731541688,0.0835,-0.1247923069649369
2022-08-10 05:30:00,0.0,0.059335915398989,0.0275536080222852,2.03940572750611,0.0835,-0.1340704934679356
2022-08-10 06:00:00,0.0,0.046719852610432,0.0929682512916207,6.881130921475359,0.0825,-0.1433486799709344
2022-08-10 06:30:00,0.0,3.970431208349552e-05,0.0493836454719954,3.655176096693473,0.0825,
2022-08-10 07:00:00,0.0,3.979356367009359e-05,0.1147229832125133,8.491327482446424,0.0825,-0.1619050529769318
2022-08-10 07:30:00,0.0,4.055340692075748e-05,0.0711884992442901,5.269082472754448,0.0825,-0.1711832394799306
2022-08-10 08:00:00,0.0,4.068718853140495e-05,0.1364527762534501,10.099678169200995,0.0825,-0.1804614259829293
2022-08-10 08:30:00,0.0,4.127444219376738e-05,0.2014933293198029,14.913714731541688,0.0825,-0.189739612485928
2022-08-10 09:00:00,0.0,0.0140217560279504,0.5446860011170191,40.315437073504434,0.0825,-0.3323882259560952
2022-08-10 09:30:00,0.0,0.0148382351064712,0.9027736559905284,66.81962533471555,0.0825,-0.3194654321488361
2022-08-10 10:00:00,0.0,0.0024938275829226,0.9860858280078828,72.98605263693119,0.083,-0.3065426383415771
2022-08-10 10:30:00,0.0,0.002817757571835,1.417827935190603,104.94184316287074,0.083,-0.293619844534318
2022-08-10 11:00:00,0.0,0.0681943876971642,1.8205862211257255,134.7523694094624,0.088,
2022-08-10 11:30:00,0.0,0.0710035733517137,2.2351712272419824,165.43826126536044,0.088,
2022-08-10 12:00:00,0.0,0.0868818536194755,2.4297475653515166,179.8400085086544,0.0945,
2022-08-10 12:30:00,0.0,0.0938829458614563,2.737422309224178,202.61283863512577,0.0945,
2022-08-10 13:00:00,0.0,0.2340940964000942,2.699202855496282,199.78399049401176,0.14800000000000002,
2022-08-10 13:30:00,0.0,0.4111163903592619,2.813659488925133,208.25560385140128,0.14800000000000002,
2022-08-10 14:00:00,0.0,0.295450826901417,2.668051298763473,197.47827927208257,0.1595,
2022-08-10 14:30:00,0.0,0.3079475205738095,2.522443108601813,186.70095469276384,0.1595,
2022-08-10 15:00:00,0.0,0.5412507039443738,2.3768349184401525,175.92363011344509,0.1675,
2022-08-10 15:30:00,0.0,0.614873943275635,2.231226728278493,165.14630553412636,0.1675,
2022-08-10 16:00:00,0.0,0.1215182956075412,2.085618538116832,154.36898095480765,0.2,-0.1514691126544683
2022-08-10 16:30:00,0.0,6.230346701587582e-05,1.940010347955172,143.5916563754889,0.2,-0.1385463188472092
2022-08-10 17:00:00,0.0,0.0453853570720234,1.794402157793512,132.81433179617017,0.223,-0.1256235250399501
2022-08-10 17:30:00,0.0,0.0445218412618105,1.6487939676318517,122.03700721685144,0.223,-0.1127007312326911
2022-08-10 18:00:00,0.0,0.0144812076125681,1.5031857774701916,111.25968263753272,0.1875,-0.099777937425432
2022-08-10 18:30:00,0.0,0.0143746952830955,1.3575775873085314,100.482358058214,0.1875,-0.0907150113807879
2022-08-10 19:00:00,0.0,0.1639100785028096,,205.489,0.1845,-0.0981592196269526
2022-08-10 19:30:00,0.0,0.0051779232621214,,167.465,0.1845,-0.1183000969740507
2022-08-10 20:00:00,0.0,5.92452380392292e-05,,125.7,0.1835,-0.1489143359301162
2022-08-10 20:30:00,0.0,5.68758933502975e-05,,119.437,0.1835,-0.1849985081738668
2022-08-10 21:00:00,0.0,5.434841106388849e-05,0.6295366365002304,46.595735161620354,0.182,-0.2176794826316598
2022-08-10 21:30:00,0.0,5.360866080615109e-05,0.7140178274135534,52.84868847633033,0.182,-0.2375636702043453
2022-08-10 22:00:00,0.0,5.2094630059039074e-05,0.6083587962118258,45.028237767251895,0.1805,-0.2395335269417255
2022-08-10 22:30:00,0.0,5.075903399214024e-05,0.4380959723774561,32.42607772242818,0.1805,-0.2247081206364579
2022-08-10 23:00:00,0.0,5.055599251456459e-05,0.3952941613493896,29.25806217659938,0.18,-0.1990177989889268
2022-08-10 23:30:00,0.0,5.045356679417191e-05,0.2878697905335935,21.30694822672094,0.18,-0.1705903572101126
2022-08-11 00:00:00,0.0,5.250970629162468e-05,0.3246207532306138,24.027104648887043,0.179,-0.1468752935841394
2022-08-11 00:30:00,0.0,4.8495168331721855e-05,0.5390848369137761,39.90086173558291,0.179,-0.1312610746252742
2022-08-11 01:00:00,0.0,4.662805878867662e-05,0.6029615426389355,44.62875506282885,0.1785,-0.1214576822298045
2022-08-11 01:30:00,0.0,0.0743555079288792,0.0202687608511726,1.5002110408154337,0.1785,-0.1126393853312633
2022-08-11 02:00:00,0.0,4.672412775595169e-05,0.3461752730809596,25.62248232867714,0.1775,-0.1027692996471932
2022-08-11 02:30:00,0.0,4.984556796021151e-05,0.4321518195660173,31.986115766120495,0.1775,-0.0937911459530622
2022-08-11 03:00:00,0.0,0.0616944646225206,0.3892116975307301,28.807863003442453,0.177,-0.0879496996663692
2022-08-11 03:30:00,0.0,4.4991950776559795e-05,0.1513028123647303,11.198817297351578,0.177,-0.0847205603200987
2022-08-11 04:00:00,0.0,4.628760623981973e-05,0.0640476605247889,4.7405467045178735,0.1765,-0.0818045391968083
2022-08-11 04:30:00,0.0,0.0612001530050054,0.2814387069157701,20.830945637381213,0.1765,-0.0780253814158639
2022-08-11 05:00:00,0.0,0.067027788837419,0.2598110228952587,19.230152644011735,0.176,-0.0748771727214964
2022-08-11 05:30:00,0.0,0.0934543990186305,0.3030419240451643,22.4299276912237,0.176,-0.0756914406906775
2022-08-11 06:00:00,0.0,0.0585339110412912,0.3461752730809596,25.62248232867714,0.1755,-0.1347051651215581
2022-08-11 06:30:00,0.0,0.0429342993664559,0.5816927240732779,43.05452382730396,0.1755,-0.1937188895524387
2022-08-11 07:00:00,0.0,0.074170877555496,0.3461752730809596,25.62248232867714,0.175,-0.2527326139833193
2022-08-11 07:30:00,0.0,0.0628130991600546,0.4106937576721621,30.39787751100289,0.175,-0.3117463384141999
2022-08-11 08:00:00,0.0,5.040239520669945e-05,0.3677055618684942,27.21606652398997,0.1745,-0.3707600628450805
2022-08-11 08:30:00,0.0,0.105317749514112,0.5177456186327846,38.32141980015438,0.1745,-0.4297737872759611
2022-08-11 09:00:00,0.0,0.107686346011676,0.8143793871261708,60.27704194400743,0.174,-0.2324632664947936
2022-08-11 09:30:00,0.0,0.1079112048690627,0.87736094542496,64.9386801083424,0.174,-0.2402184123531293
2022-08-11 10:00:00,0.0,0.0018715032206585,1.209906522390726,89.55234789995374,0.173,-0.247973558211465
2022-08-11 10:30:00,0.0,0.1409835852163882,1.537000102751643,113.76248113110826,0.173,-0.2557287040698007
2022-08-11 11:00:00,0.0,0.3661692298586068,1.738781562110451,128.6975220734075,0.17149999999999999,
2022-08-11 11:30:00,0.0,0.36504181491472,2.136501044711259,158.13509664080465,0.17149999999999999,
2022-08-11 12:00:00,0.0,0.495849468122694,2.2543510163997955,166.85787106125966,0.167,
2022-08-11 12:30:00,0.0,0.53847687098333,2.371545449863265,175.53212521497795,0.167,
2022-08-11 13:00:00,0.0,0.3721190646682755,2.136501044711259,158.13509664080465,0.1615,
2022-08-11 13:30:00,0.0,0.4052535031153564,2.0537708285143204,152.01174333573496,0.1615,
2022-08-11 14:00:00,0.0,0.562582785594652,1.9710406123173816,145.88839003066525,0.156,
2022-08-11 14:30:00,0.0,0.6095859442107495,1.8883103961204433,139.76503672559556,0.156,
2022-08-11 15:00:00,0.0,0.6477399017091622,1.8055801799235045,133.64168342052585,0.157,
2022-08-11 15:30:00,0.0,0.7089974242338016,1.722849963726566,127.51833011545617,0.157,
2022-08-11 16:00:00,0.0,0.7439056734183235,1.6401197475296274,121.39497681038644,0.1575,-0.3410353085114931
2022-08-11 16:30:00,0.0,0.6399551656978311,1.5573895313326886,115.27162350531675,0.1575,-0.3487904543698288
2022-08-11 17:00:00,0.0,0.7344803667326305,1.47465931513575,109.14827020024704,0.1565,-0.3565456002281645
2022-08-11 17:30:00,0.0,0.5811977037219525,1.3919290989388116,103.02491689517736,0.1565,-0.3643007460865001
2022-08-11 18:00:00,0.0,0.5281681896803898,1.3091988827418728,96.90156359010768,0.156,-0.3720558919448358
2022-08-11 18:30:00,0.0,0.576495055144212,,317.006,0.156,-0.3952244622824031
2022-08-11 19:00:00,0.0,0.1940690213900415,,238.441,0.1565,-0.4334067177437337
2022-08-11 19:30:00,0.0,0.1466383086691641,,196.46,0.1565,-0.4751132581614203
2022-08-11 20:00:00,0.0,0.1276807847260279,,168.103,0.1565,-0.510399471392278
2022-08-11 20:30:00,0.0,5.318917135696235e-05,,167.298,0.1565,-0.5360357550311944
2022-08-11 21:00:00,0.0,5.168125370113112e-05,,128.005,0.1555,-0.5525600080500781
2022-08-11 21:30:00,0.0,4.824707301932508e-05,0.7300873693633025,54.03809045461978,0.1555,-0.5586699220056758
2022-08-11 22:00:00,0.0,4.745745403442763e-05,0.3892116975307301,28.807863003442453,0.1555,-0.5506407066457109
2022-08-11 22:30:00,0.0,0.0604166727640186,0.6242070437921781,46.20126043855375,0.1555,-0.5264733171398804
2022-08-11 23:00:00,0.0,0.0739892403486896,0.5177456186327846,38.32141980015438,0.1545,-0.4887875117068417
2022-08-11 23:30:00,0.0,0.0746196372067791,0.4963827835617602,36.7402298462152,0.1545,-0.4441946067110269
2022-08-12 00:00:00,0.0,0.0755239673305446,0.4904393075795942,36.3003179860508,0.154,-0.4015616450112876
2022-08-12 00:30:00,0.0,0.0455277124854302,0.4260007158428056,31.530836147079096,0.154,-0.3693696994505127
2022-08-12 01:00:00,0.0,0.0455300672157682,0.4044731218376137,29.93745140856843,0.1535,-0.3501356019778583
2022-08-12 01:30:00,0.0,3.948357461039692e-05,0.5760238533720841,42.634937130449025,0.1535,-0.3356720986122471
2022-08-12 02:00:00,0.0,3.877829253423758e-05,0.2313759765883052,17.125506448370135,0.1525,-0.3116915545837355
2022-08-12 02:30:00,0.0,3.825496551648326e-05,0.4044731218376137,29.93745140856843,0.1525,-0.2706145213725784
2022-08-12 03:00:00,0.0,3.979356367009359e-05,0.122387002999477,9.058586980244764,0.1525,-0.2188440221736345
2022-08-12 03:30:00,0.0,3.877829253423758e-05,0.3181203540384119,23.545971603337055,0.1525,-0.170397365189521
2022-08-12 04:00:00,0.0,3.988293852646097e-05,0.2530990625674417,18.733360705755487,0.1515,-0.1353185724167136
2022-08-12 04:30:00,0.0,4.100291423138871e-05,0.2313759765883052,17.125506448370135,0.1515,-0.1148932070341961
2022-08-12 05:00:00,0.0,3.952803201248042e-05,0.2313759765883052,17.125506448370135,0.151,-0.1050103879636256
2022-08-12 05:30:00,0.0,3.930605387418525e-05,0.2747974341332531,20.33938570302919,0.151,-0.1009950278592148
2022-08-12 06:00:00,0.0,3.834218123900825e-05,0.2096280957597922,15.51581697732455,0.151,-0.0993155473881323
2022-08-12 06:30:00,0.0,0.0287806711276403,0.1878553392974977,13.904286313286446,0.151,-0.1507103773436971
2022-08-12 07:00:00,0.0,0.040678155871869,0.1442348745810193,10.67567735915914,0.15,-0.2021052072992619
2022-08-12 07:30:00,0.0,0.0286368565616571,0.1660576260668063,12.290908451002371,0.15,-0.2535000372548267
2022-08-12 08:00:00,0.0,0.0395089702057812,0.2096280957597922,15.51581697732455,0.15,-0.3048948672103915
2022-08-12 08:30:00,0.0,0.0272042507905671,0.2096280957597922,15.51581697732455,0.15,-0.3562896971659563
2022-08-12 09:00:00,0.0,3.860457419765026e-05,0.2530990625674417,18.733360705755487,0.1455,-0.5214240681347453
2022-08-12 09:30:00,0.0,4.274146575667647e-05,0.2530990625674417,18.733360705755487,0.1455,-0.51637481912961
2022-08-12 10:00:00,0.0,4.667710141974349e-05,0.2096280957597922,15.51581697732455,0.135,-0.5113255701244749
2022-08-12 10:30:00,0.0,5.329443617329002e-05,0.2964711713752851,21.943587368092903,0.135,-0.5062763211193396
2022-08-12 11:00:00,0.0,0.0920343533979047,0.6399647372305753,47.36758066146471,0.133,
2022-08-12 11:30:00,0.0,0.2774846722068538,0.5546632285612898,41.05391077096066,0.133,
2022-08-12 12:00:00,0.0,0.3841606600607741,0.8936488987375021,66.14424800522487,0.131,
2022-08-12 12:30:00,0.0,0.4011579056136353,1.3709393166136918,101.47133878452362,0.131,
2022-08-12 13:00:00,0.0,0.4571304765713434,1.7970433591085415,133.00982274911587,0.127,
2022-08-12 13:30:00,0.0,0.6552977164759098,1.1233488198070225,83.14569965750935,0.127,
2022-08-12 14:00:00,0.0,0.6562583201488158,1.091806676866593,80.81107883694385,0.122,
2022-08-12 14:30:00,0.0,0.6697122232285544,1.0602645339261636,78.47645801637833,0.122,
2022-08-12 15:00:00,0.0,0.6756822696256741,1.0287223909857344,76.14183719581283,0.12,
2022-08-12 15:30:00,0.0,0.6529351718203256,0.9971802480453048,73.80721637524732,0.12,
2022-08-12 16:00:00,0.0,0.4337103606262737,0.9656381051048756,71.4725955546818,0.1185,
2022-08-12 16:30:00,0.0,0.3980419720991909,0.9340959621644462,69.1379747341163,0.1185,-0.4456853330577173
2022-08-12 17:00:00,0.0,6.748067232976398e-05,0.9025538192240168,66.8033539135508,0.119,-0.4406360840525821
2022-08-12 17:30:00,0.0,0.2097855716019726,0.8710116762835876,64.46873309298527,0.119,-0.435586835047447
2022-08-12 18:00:00,0.0,0.0104643190596407,0.8394695333431583,62.13411227241977,0.1225,-0.4305375860423118
2022-08-12 18:30:00,0.0,0.0098743124874219,0.807927390402729,59.799491451854266,0.1225,-0.4254883370371766
2022-08-12 19:00:00,0.0,6.213129012402995e-05,,162.45,0.125,-0.4406553496347016
2022-08-12 19:30:00,0.0,0.1666917355688253,,153.705,0.125,-0.4584206616411027
2022-08-12 20:00:00,0.0,0.1862866060733218,,120.879,0.126,-0.4731173976453881
2022-08-12 20:30:00,0.0,0.1710831094027669,,112.014,0.126,-0.4803452202555666
2022-08-12 21:00:00,0.0,0.1427332467030547,,102.134,0.1255,-0.4804549199062016
2022-08-12 21:30:00,0.0,0.0889122192810839,0.6186745327601529,45.79176652846121,0.1255,-0.4753771409265347
2022-08-12 22:00:00,0.0,4.834497702000175e-05,0.7460673767537697,55.220865449870864,0.1255,-0.4639693283068579
2022-08-12 22:30:00,0.0,0.1083464222134699,0.4689837314964062,34.71226372050393,0.1255,-0.4420866550034518
2022-08-12 23:00:00,0.0,0.1065631735373459,0.4904393075795942,36.3003179860508,0.1255,-0.4076845271215211
2022-08-12 23:30:00,0.0,0.1047689430428857,0.4260007158428056,31.530836147079096,0.1255,-0.3648300605995125
2022-08-13 00:00:00,0.0,0.070325666229902,0.419641315956868,31.06013929531314,0.1245,-0.3216440445342989
2022-08-13 00:30:00,0.0,0.0678792446076957,0.4842889096271002,35.84509060528044,0.1245,-0.2842370446173699
2022-08-13 01:00:00,0.0,4.301786220239421e-05,0.4412146567857845,32.656910027202386,0.1245,-0.2528006136974091
2022-08-13 01:30:00,0.0,4.0777784320328945e-05,0.3764218146797665,27.86120802020792,0.1245,-0.2233727346166965
2022-08-13 02:00:00,0.0,4.055340692075748e-05,0.3114093311785634,23.049249052637713,0.1245,-0.1926767195502234
2022-08-13 02:30:00,0.0,4.1730670283170366e-05,0.3547754968997169,26.259035831928777,0.1245,-0.1610203903417038
2022-08-13 03:00:00,0.0,0.1299108549529779,-0.0170238420733687,-1.2600353826804642,0.124,-0.1315264330088019
2022-08-13 03:30:00,0.0,0.1192650855028276,0.3764218146797665,27.86120802020792,0.124,-0.1081285769672351
2022-08-13 04:00:00,0.0,4.451896348842178e-05,0.3980437280871147,29.461573896318317,0.124,-0.0946549257849048
2022-08-13 04:30:00,0.0,4.475609477267896e-05,0.2896893238592855,21.44162266510314,0.124,-0.0940891779072315
2022-08-13 05:00:00,0.0,4.3438351331317256e-05,0.2461750592686216,18.220874211302057,0.123,-0.1063457329809542
2022-08-13 05:30:00,0.0,3.961703941799172e-05,0.2896893238592855,21.44162266510314,0.123,-0.1260730445558115
2022-08-13 06:00:00,0.0,3.8822256168481984e-05,0.2896893238592855,21.44162266510314,0.1235,-0.1437441968884284
2022-08-13 06:30:00,0.0,3.743441925524666e-05,0.4412146567857845,32.656910027202386,0.1235,-0.2341635762004582
2022-08-13 07:00:00,0.0,3.713428294613371e-05,0.0491196203152708,3.6356340310447823,0.123,-0.3245829555124879
2022-08-13 07:30:00,0.0,3.721987992815649e-05,0.3114093311785634,23.049249052637713,0.123,-0.4150023348245177
2022-08-13 08:00:00,0.0,3.666573640149513e-05,0.2679445934073102,19.832166372084536,0.123,-0.5054217141365476
2022-08-13 08:30:00,0.0,3.825496551648326e-05,0.2679445934073102,19.832166372084536,0.123,-0.5958410934485773
2022-08-13 09:00:00,0.0,3.979356367009359e-05,0.419641315956868,31.06013929531314,0.026500000000000003,-0.4227630891866008
2022-08-13 09:30:00,0.0,4.5614963145202326e-05,0.4842889096271002,35.84509060528044,0.026500000000000003,-0.4034395233697498
2022-08-13 10:00:00,0.0,0.1001099009504908,0.1150324217431795,8.514230860880245,0.0245,-0.3841159575528988
2022-08-13 10:30:00,0.0,0.1133965000888993,0.3547754968997169,26.259035831928777,0.0245,-0.3647923917360479
2022-08-13 11:00:00,0.0,0.4044063935918525,1.119211786191303,82.8394932962967,0.0245,
2022-08-13 11:30:00,0.0,0.4194516960769308,1.3263914385890498,98.1740864784656,0.0245,
2022-08-13 12:00:00,0.0,0.2100796795266971,1.7949755495965038,132.85677191966258,0.0245,
2022-08-13 12:30:00,0.0,0.3596223667997287,2.0352627187804555,150.64184851230465,0.0245,
2022-08-13 13:00:00,0.0,0.4008657673576253,1.875381991402261,138.80812891851443,0.024,
2022-08-13 13:30:00,0.0,0.3579069432209945,1.8098864323330184,133.96041466693637,0.024,
2022-08-13 14:00:00,0.0,0.3456224692160872,1.744390873263776,129.1127004153583,0.025,-0.229527431018091
2022-08-13 14:30:00,0.0,0.3008747978480264,1.6788953141945335,124.26498616378024,0.025,-0.21020386520124
2022-08-13 15:00:00,0.0,0.5075268943674041,1.6133997551252912,119.41727191220218,0.023,-0.190880299384389
2022-08-13 15:30:00,0.0,0.4106205427611487,1.547904196056049,114.56955766062411,0.023,-0.171556733567538
2022-08-13 16:00:00,0.0,0.4782932267395112,1.4824086369868064,109.72184340904606,0.0225,-0.152233167750687
2022-08-13 16:30:00,0.0,0.4834049342123637,1.4169130779175638,104.874129157468,0.0225,-0.1152934585379222
2022-08-13 17:00:00,0.0,0.2587261859501156,1.3514175188483213,100.02641490588994,0.022,-0.091911250516449
2022-08-13 17:30:00,0.0,0.2666888069033074,1.285921959779079,95.17870065431188,0.022,-0.0856528401275095
2022-08-13 18:00:00,0.0,0.4617546214936486,1.2204264007098364,90.3309864027338,0.020999999999999998,-0.0997190023784055
2022-08-13 18:30:00,0.0,0.2746159541660707,,322.856,0.020999999999999998,-0.1428465527526108
2022-08-13 19:00:00,0.0,0.2268368454068816,,288.472,0.027000000000000003,-0.2261967447944259
2022-08-13 19:30:00,0.0,0.371944227545078,,254.784,0.027000000000000003,-0.3523363677924317
2022-08-13 20:00:00,0.0,0.1108728742657271,,251.082,0.030999999999999996,-0.5059927298344697
2022-08-13 20:30:00,0.0,0.1120619462388533,,178.541,0.030999999999999996,-0.6565549050141438
2022-08-13 21:00:00,0.0,0.1111007027257847,,154.086,0.027000000000000003,-0.7711269101054723
2022-08-13 21:30:00,0.0,0.0911211443504132,0.7619574872251392,56.3969866416874,0.027000000000000003,-0.8279490783786732
2022-08-13 22:00:00,0.0,0.0903643716124817,0.4412146567857845,32.656910027202386,0.026499999999999996,-0.8229807170243673
2022-08-13 22:30:00,0.0,0.0868685833080174,0.9098483659123828,67.34326651896282,0.026499999999999996,-0.7685896378841814
2022-08-13 23:00:00,0.0,0.0800915618749661,0.9518990492889446,70.45568665843585,0.025999999999999995,-0.6862604727606071
2022-08-13 23:30:00,0.0,0.0738642691316982,0.825476055196897,61.09837207258333,0.025999999999999995,-0.5980305015321077
2022-08-14 00:00:00,0.0,4.4849951911232046e-05,0.7138970658460676,52.83975019745978,0.026499999999999996,-0.5213388869949512
2022-08-14 00:30:00,0.0,4.4234971020302885e-05,0.304486301776764,22.536834642071096,0.026499999999999996,-0.4663337462994484
2022-08-14 01:00:00,0.0,0.0657743706219657,0.6498267551709311,48.09752702115969,0.026499999999999996,-0.4328799946085491
2022-08-14 01:30:00,0.0,0.0850036356273444,0.5640694405284689,41.750120230879176,0.026499999999999996,-0.4105768410163595
2022-08-14 02:00:00,0.0,0.0812857783474744,0.5210478857008015,38.565840144917274,0.026999999999999996,-0.3861263375822166
2022-08-14 02:30:00,0.0,0.0513787392054731,0.3697116726664413,27.364550666176942,0.026999999999999996,-0.3529120214120914
2022-08-14 03:00:00,0.0,3.769289681728121e-05,0.4995011149047847,36.97103601853508,0.027499999999999997,-0.3133312257153341
2022-08-14 03:30:00,0.0,3.700612199468409e-05,0.3262527972377885,24.147901892321805,0.027499999999999997,-0.2728918128421278
2022-08-14 04:00:00,0.0,3.636778521064745e-05,0.4347158967498265,32.1758983053146,0.027499999999999997,-0.2339421260082597
2022-08-14 04:30:00,0.0,3.615716633737405e-05,0.3262527972377885,24.147901892321805,0.027499999999999997,-0.1954461654288661
2022-08-14 05:00:00,0.0,3.582180858518088e-05,0.3262527972377885,24.147901892321805,0.027999999999999997,-0.1574827637615155
2022-08-14 05:30:00,0.0,3.515368783130449e-05,0.3262527972377885,24.147901892321805,0.027999999999999997,-0.1238527491906887
2022-08-14 06:00:00,0.0,3.536052203677899e-05,0.3697116726664413,27.364550666176942,0.027499999999999997,-0.2351036283135034
2022-08-14 06:30:00,0.0,3.408241776180299e-05,0.4130722612001301,30.573924644790527,0.027499999999999997,-0.3463545074363181
2022-08-14 07:00:00,0.0,3.4205635288323394e-05,0.2826949937041449,20.92393086347319,0.027499999999999997,-0.4576053865591328
2022-08-14 07:30:00,0.0,3.387882363103905e-05,0.304486301776764,22.536834642071096,0.027499999999999997,-0.5688562656819475
2022-08-14 08:00:00,0.0,3.5236327077905795e-05,0.3479945607596608,25.757138585270603,0.026499999999999996,-0.6801071448047622
2022-08-14 08:30:00,0.0,3.5236327077905795e-05,0.4563351985336448,33.77607087969912,0.026499999999999996,-0.7913580239275768
2022-08-14 09:00:00,0.0,3.8734359909475526e-05,0.4347158967498265,32.1758983053146,0.026499999999999996,-0.7337173140184565
2022-08-14 09:30:00,0.0,4.466035765302329e-05,0.4563351985336448,33.77607087969912,0.026499999999999996,-0.6988449901527315
2022-08-14 10:00:00,0.0,4.706637533441472e-05,0.3697116726664413,27.364550666176942,0.025999999999999995,-0.6639726662870066
2022-08-14 10:30:00,0.0,5.360866080615109e-05,0.3262527972377885,24.147901892321805,0.025999999999999995,-0.6291003424212817
2022-08-14 11:00:00,0.0,0.2049904917280755,0.5640694405284689,41.750120230879176,0.025500000000000002,
2022-08-14 11:30:00,0.0,0.3458735323293535,0.90485572435145,66.97373154602876,0.025500000000000002,
2022-08-14 12:00:00,0.0,0.321963811630945,1.2398343741097886,91.76748546591044,0.024,
2022-08-14 12:30:00,0.0,0.4705547683391052,1.2813127207549502,94.83754357398868,0.024,
2022-08-14 13:00:00,0.0,0.3623401722560352,1.4874288275552392,110.09341744719576,0.023,
2022-08-14 13:30:00,0.0,0.3601876029718163,1.4581173330229384,107.92390012726472,0.023,
2022-08-14 14:00:00,0.0,0.5066711915109064,1.4288058384906377,105.7543828073337,0.020999999999999998,
2022-08-14 14:30:00,0.0,0.5174876771737953,1.3994943439583367,103.58486548740268,0.020999999999999998,
2022-08-14 15:00:00,0.0,0.5514973900102076,1.370182849426036,101.41534816747163,0.019000000000000003,
2022-08-14 15:30:00,0.0,0.691693489350257,1.3408713548937352,99.24583084754065,0.019000000000000003,
2022-08-14 16:00:00,0.0,0.6772036343782546,1.3115598603614345,97.0763135276096,0.018500000000000003,-0.2455047798983071
2022-08-14 16:30:00,0.0,0.6519278947430645,1.2822483658291337,94.90679620767858,0.018500000000000003,-0.2106324560325821
2022-08-14 17:00:00,0.0,0.4361349294499245,1.2529368712968327,92.73727888774756,0.015499999999999998,-0.1757601321668572
2022-08-14 17:30:00,0.0,0.5657876118358591,1.223625376764532,90.56776156781652,0.015499999999999998,-0.1408878083011323
2022-08-14 18:00:00,0.0,0.5851009863977243,1.1943138822322312,88.3982442478855,0.013500000000000002,-0.1060154844354072
2022-08-14 18:30:00,0.0,0.2640178294232174,,256.831,0.013500000000000002,-0.172780430218415
2022-08-14 19:00:00,0.0,0.2150169567747988,,247.611,0.014499999999999999,-0.2924029061225848
2022-08-14 19:30:00,0.0,0.0236891449590241,,295.65,0.014499999999999999,-0.4687942648806394
2022-08-14 20:00:00,0.0,5.250970629162468e-05,,206.088,0.0125,-0.6824692539582038
2022-08-14 20:30:00,0.0,5.1631590601909576e-05,,185.73,0.0125,-0.8910432472581347
2022-08-14 21:00:00,0.0,0.0852292624965572,,151.157,0.013999999999999999,-1.045131764600657
2022-08-14 21:30:00,0.0,0.1142223656251198,0.9891334205061256,73.21162300836833,0.013999999999999999,-1.112233386641623
2022-08-14 22:00:00,0.0,0.108671134459722,0.7138970658460676,52.83975019745978,0.014499999999999999,-1.0919593719807976
2022-08-14 22:30:00,0.0,0.1041794828986935,0.7989977628087986,59.13855682417033,0.014499999999999999,-1.0108518999802238
2022-08-14 23:00:00,0.0,4.25552035709587e-05,0.6069955264896425,44.927334100577546,0.0155,-0.9026089030503914
2022-08-14 23:30:00,0.0,0.0845269884899484,0.6712069877280419,49.68000466608802,0.0155,-0.7909915472714859
2022-08-15 00:00:00,0.0,0.0821989904228339,0.4612628173531135,34.14079313441303,0.0165,-0.6861522402293426
2022-08-15 00:30:00,0.0,0.0534412784063464,0.3103969489021457,22.974316644102245,0.0165,-0.5909526073482467
2022-08-15 01:00:00,0.0,0.0486328410833591,0.2453744495509497,18.161616344150993,0.0175,-0.5075572286908737
2022-08-15 01:30:00,0.0,0.0452726032708604,0.3320220401874301,24.57491773378101,0.0175,-0.4388279734734257
2022-08-15 02:00:00,0.0,0.0396946583722549,0.3536227259929922,26.173712429353863,0.018,-0.3857121904115044
2022-08-15 02:30:00,0.0,0.035331252463956,0.2670732331874857,19.76767184121969,0.018,-0.345125129128017
2022-08-15 03:00:00,0.0,3.552828802827067e-05,0.3103969489021457,22.974316644102245,0.0185,-0.3112545700885661
2022-08-15 03:30:00,0.0,0.0310871747236429,0.1801294330408547,13.332446231318617,0.0185,-0.2789719763355556
2022-08-15 04:00:00,0.0,3.4286814121211164e-05,0.2453744495509497,18.161616344150993,0.019,-0.2460065014981232
2022-08-15 04:30:00,0.0,0.0266420005848511,0.1365080583351493,10.103769923498827,0.019,-0.2126033215215382
2022-08-15 05:00:00,0.0,3.2910769402496645e-05,0.1583312696189509,11.719035047716472,0.019,-0.1800237118923058
2022-08-15 05:30:00,0.0,3.18386857926341e-05,0.1146597173178736,8.486644798865393,0.019,-0.149352178496856
2022-08-15 06:00:00,0.0,3.1329082352843475e-05,0.0050381756984278,0.3729052241450787,0.0195,-0.2053540278130446
2022-08-15 06:30:00,0.0,3.078563437100488e-05,0.1146597173178736,8.486644798865393,0.0195,-0.2613558771292331
2022-08-15 07:00:00,0.0,3.187737162449441e-05,-0.0169626830918717,-1.2555086442202017,0.0195,-0.3173577264454217
2022-08-15 07:30:00,0.0,3.207451334881924e-05,-0.0169626830918717,-1.2555086442202017,0.0195,-0.3733595757616103
2022-08-15 08:00:00,0.0,3.223346470019411e-05,0.1146597173178736,8.486644798865393,0.0195,-0.4293614250777988
2022-08-15 08:30:00,0.0,3.2830114591837195e-05,0.0270134059830395,1.9994221750088397,0.0195,-0.4853632743939873
2022-08-15 09:00:00,0.0,3.367603199451579e-05,0.1365080583351493,10.103769923498827,0.02,-0.9842398947430224
2022-08-15 09:30:00,0.0,3.700612199468409e-05,0.1365080583351493,10.103769923498827,0.02,-0.957627889505821
2022-08-15 10:00:00,0.0,4.006018939554484e-05,0.2236509420167325,16.55373088497728,0.019,-0.9310158842686196
2022-08-15 10:30:00,0.0,4.9593749015695974e-05,-0.0169626830918717,-1.2555086442202017,0.019,-0.9044038790314182
2022-08-15 11:00:00,0.0,0.0581250738399356,0.1801294330408547,13.332446231318617,0.0185,
2022-08-15 11:30:00,0.0,0.0611161748444115,0.2019026301183527,14.94400950789766,0.0185,
2022-08-15 12:00:00,0.0,0.3070560452060825,0.3967511958337406,29.36590592868281,0.0165,
2022-08-15 12:30:00,0.0,0.5563450494431338,0.3967511958337406,29.36590592868281,0.0165,
2022-08-15 13:00:00,0.0,0.2848725097759718,0.6959777970251693,51.51343897765493,0.015,
2022-08-15 13:30:00,0.0,0.4087671990295691,0.6879982123559526,50.922822653855945,0.015,
2022-08-15 14:00:00,0.0,0.3772768299575941,0.6800186276867359,50.332206330056955,0.0125,
2022-08-15 14:30:00,0.0,0.4281926832486477,0.6720390430175194,49.74159000625797,0.0125,
2022-08-15 15:00:00,0.0,0.5356569031012949,0.6640594583483027,49.15097368245898,0.011499999999999998,
2022-08-15 15:30:00,0.0,0.3685040300001953,0.656079873679086,48.56035735866,0.011499999999999998,
2022-08-15 16:00:00,0.0,0.5072125595917107,0.6481002890098694,47.96974103486101,0.011000000000000001,
2022-08-15 16:30:00,0.0,0.3531067850242252,0.6401207043406527,47.379124711062026,0.011000000000000001,
2022-08-15 17:00:00,0.0,0.2747424301103286,0.6321411196714362,46.78850838726304,0.01,
2022-08-15 17:30:00,0.0,0.270991833867108,0.6241615350022195,46.19789206346405,0.01,-0.5318358057105985
2022-08-15 18:00:00,0.0,0.1819463415689234,0.6161819503330028,45.60727573966507,0.0105,-0.5052238004733971
2022-08-15 18:30:00,0.0,0.2662250412034075,,185.227,0.0105,-0.4786117952361957
2022-08-15 19:00:00,0.0,0.1482034240616688,,199.563,0.01,-0.4519997899989942
2022-08-15 19:30:00,0.0,0.1237071357742324,,152.969,0.01,-0.4253877847617928
2022-08-15 20:00:00,0.0,0.0765287786093549,,155.614,0.0095,-0.4826433716416141
2022-08-15 20:30:00,0.0,4.9142623344636594e-05,,124.802,0.0095,-0.5458716419762021
2022-08-15 21:00:00,0.0,0.0597520542257761,0.5683044423177029,42.06357779687115,0.01,-0.6006659792001571
2022-08-15 21:30:00,0.0,0.0785488584158698,0.4397829843969963,32.55094347402918,0.01,-0.6299260728903239
2022-08-15 22:00:00,0.0,0.0732359611322058,0.4827187123109884,35.728871001764155,0.010999999999999998,-0.6250787612867064
2022-08-15 22:30:00,0.0,0.0701638216407223,0.3536227259929922,26.173712429353863,0.010999999999999998,-0.5912645928593193
2022-08-15 23:00:00,0.0,0.0445925955231775,0.3967511958337406,29.36590592868281,0.0115,-0.5413651237101759
2022-08-15 23:30:00,0.0,0.0410848259371124,0.3536227259929922,26.173712429353863,0.0115,-0.4865108448572245
2022-08-16 00:00:00,0.0,0.0401599881803927,0.3272140580498118,24.21905049848917,0.012,-0.4319818632249648
2022-08-16 00:30:00,0.0,3.952803201248042e-05,0.2837980880978859,21.00557741309223,0.012,-0.3792498029258598
2022-08-16 01:00:00,0.0,3.834218123900825e-05,0.2402831963205959,17.78478253749418,0.0125,-0.3290708968968603
2022-08-16 01:30:00,0.0,3.756351760627554e-05,0.1748239655294083,12.939757156944395,0.0125,-0.2826031134084515
2022-08-16 02:00:00,0.0,0.0330676177421213,0.1966687366984808,14.556618055968386,0.013000000000000001,-0.2411208768952114
2022-08-16 02:30:00,0.0,3.548673107177264e-05,0.1966687366984808,14.556618055968386,0.013000000000000001,-0.205600955461577
2022-08-16 03:00:00,0.0,3.552828802827067e-05,0.0212021013949326,1.569293102559158,0.013000000000000001,-0.1764495995946079
2022-08-16 03:30:00,0.0,3.486373135510907e-05,0.2402831963205959,17.78478253749418,0.013000000000000001,-0.1531245340843366
2022-08-16 04:00:00,0.0,3.4987072144068906e-05,0.2184884530851935,16.17162450215249,0.014000000000000002,-0.1338337524832651
2022-08-16 04:30:00,0.0,0.0284083022954273,0.1310589305429645,9.700447700859003,0.014000000000000002,-0.1161604342268459
2022-08-16 05:00:00,0.0,0.0292717033521345,0.1310589305429645,9.700447700859003,0.014000000000000002,-0.1699566728478627
2022-08-16 05:30:00,0.0,0.0287850615413672,0.0432245717730391,3.1993065725416985,0.014000000000000002,-0.2237529114688796
2022-08-16 06:00:00,0.0,0.0281087886734491,0.1529540575919021,11.32103573680559,0.014499999999999999,-0.2775491500898965
2022-08-16 06:30:00,0.0,0.0274434240133402,0.0871926879426817,6.453647269828945,0.014499999999999999,-0.3313453887109134
2022-08-16 07:00:00,0.0,3.262987295419592e-05,0.1310589305429645,9.700447700859003,0.014499999999999999,-0.3851416273319302
2022-08-16 07:30:00,0.0,0.0287053381473298,0.1529540575919021,11.32103573680559,0.014499999999999999,-0.4389378659529471
2022-08-16 08:00:00,0.0,3.2830114591837195e-05,0.1091385016807583,8.077986927851837,0.014499999999999999,-0.492734104573964
2022-08-16 08:30:00,0.0,3.387882363103905e-05,0.1748239655294083,12.939757156944395,0.014499999999999999,-0.5465303431949808
2022-08-16 09:00:00,0.0,3.603117163951886e-05,0.1091385016807583,8.077986927851837,0.014000000000000002,-0.596541395058263
2022-08-16 09:30:00,0.0,3.988293852646097e-05,0.1529540575919021,11.32103573680559,0.014000000000000002,-0.6018181972572065
2022-08-16 10:00:00,0.0,4.362491475530173e-05,0.1529540575919021,11.32103573680559,0.013500000000000002,-0.6070949994561502
2022-08-16 10:30:00,0.0,5.0658528157429184e-05,0.2402831963205959,17.78478253749418,0.013500000000000002,-0.6123718016550939
2022-08-16 11:00:00,0.0,0.0510051920148646,0.3705317466351857,27.42524919783506,0.0125,
2022-08-16 11:30:00,0.0,0.0565857336535656,0.0432245717730391,3.1993065725416985,0.0125,
2022-08-16 12:00:00,0.0,0.3497696076857188,0.2837980880978859,21.00557741309223,0.011,
2022-08-16 12:30:00,0.0,0.3545693479017612,1.05075044293439,77.77226379089092,0.011,
2022-08-16 13:00:00,0.0,0.5740604795683217,1.27924251915192,94.6843156917129,0.010000000000000002,
2022-08-16 13:30:00,0.0,0.5075443682181493,1.238565433527375,91.67356365757428,0.010000000000000002,
2022-08-16 14:00:00,0.0,0.5302135095228236,1.19788834790283,88.66281162343566,0.009,
2022-08-16 14:30:00,0.0,0.5105962341868885,1.157211262278285,85.65205958929704,0.009,
2022-08-16 15:00:00,0.0,0.2309879891489274,1.11653417665374,82.6413075551584,0.007999999999999998,
2022-08-16 15:30:00,0.0,0.2367630191204826,1.075857091029195,79.63055552101979,0.007999999999999998,
2022-08-16 16:00:00,0.0,0.2215772469413841,1.03518000540465,76.61980348688117,0.0075000000000000015,
2022-08-16 16:30:00,0.0,0.3851224251902079,0.994502919780105,73.60905145274255,0.0075000000000000015,
2022-08-16 17:00:00,0.0,0.4162508073721215,0.95382583415556,70.59829941860393,0.007000000000000001,
2022-08-16 17:30:00,0.0,0.2411200310375912,0.9131487485310148,67.58754738446531,0.007000000000000001,
2022-08-16 18:00:00,0.0,0.3169140127361752,0.8724716629064698,64.57679535032668,0.0055,
2022-08-16 18:30:00,0.0,0.2762600766507539,,193.981,0.0055,
2022-08-16 19:00:00,0.0,0.0674401595371671,,154.001,0.004499999999999999,
2022-08-16 19:30:00,0.0,0.0629322142520206,,152.99,0.004499999999999999,-0.7073542412360792
2022-08-16 20:00:00,0.0,5.633122614814294e-05,,137.406,0.004499999999999999,-0.7126310434350228
2022-08-16 20:30:00,0.0,5.4135905394399165e-05,,110.009,0.004499999999999999,-0.7179078456339665
2022-08-16 21:00:00,0.0,5.261428458702908e-05,0.6284091491591997,46.512283145494955,0.005000000000000001,-0.72318464783291
2022-08-16 21:30:00,0.0,5.106547386381086e-05,0.4137517888109424,30.624220508053455,0.005000000000000001,-0.7284614500318537
2022-08-16 22:00:00,0.0,0.0702740242713681,0.4353253894291362,32.22101046848582,0.006000000000000002,-0.7019729423055115
2022-08-16 22:30:00,0.0,0.0767110712442004,0.5213788091460269,38.59033374913103,0.006000000000000002,-0.6562876437393329
2022-08-16 23:00:00,0.0,0.0696529950121239,0.4568748140901829,33.8160110231375,0.006000000000000002,-0.6003265818159977
2022-08-16 23:30:00,0.0,0.0578183889421714,0.4568748140901829,33.8160110231375,0.006000000000000002,-0.5386831438715322
2022-08-17 00:00:00,0.0,4.269485498715827e-05,0.4738733370770203,35.0741723902609,0.006000000000000002,-0.4731628373588668
2022-08-17 00:30:00,0.0,4.218798386732919e-05,0.3004278879949548,22.23644740042502,0.006000000000000002,-0.4049295270017656
2022-08-17 01:00:00,0.0,4.218798386732919e-05,0.3004278879949548,22.23644740042502,0.006499999999999999,-0.3361383209966384
2022-08-17 01:30:00,0.0,4.191285371403597e-05,0.3873465915204647,28.669815460751675,0.006499999999999999,-0.2700603506778606
2022-08-17 02:00:00,0.0,4.050824563260603e-05,0.3004278879949548,22.23644740042502,0.006499999999999999,-0.2099496432203909
2022-08-17 02:30:00,0.0,0.0315236040073965,0.2131120956218055,15.773688442559653,0.006499999999999999,-0.1591130002263328
2022-08-17 03:00:00,0.0,0.0312778555860068,0.2131120956218055,15.773688442559653,0.005999999999999998,-0.1222110276652456
2022-08-17 03:30:00,0.0,4.028477412003767e-05,0.2131120956218055,15.773688442559653,0.005999999999999998,-0.1039553662885972
2022-08-17 04:00:00,0.0,0.0281329512011377,0.2568199520751769,19.008765776748557,0.006499999999999999,-0.1039625596969048
2022-08-17 04:30:00,0.0,3.803747056451597e-05,0.2131120956218055,15.773688442559653,0.006499999999999999,-0.1132423901751825
2022-08-17 05:00:00,0.0,3.679314618140097e-05,0.2568199520751769,19.008765776748557,0.006999999999999999,-0.1697351712894467
2022-08-17 05:30:00,0.0,3.709153135362674e-05,0.1693036632467331,12.531166888702668,0.006999999999999999,-0.2262279524037109
2022-08-17 06:00:00,0.0,3.586361836441259e-05,0.1912204926091942,14.153361241414164,0.006999999999999999,-0.2827207335179752
2022-08-17 06:30:00,0.0,3.679314618140097e-05,0.23497855474346,17.392154595410222,0.006999999999999999,-0.3392135146322394
2022-08-17 07:00:00,0.0,3.709153135362674e-05,0.1034009870627846,7.653319488143693,0.006999999999999999,-0.3957062957465036
2022-08-17 07:30:00,0.0,3.670817500645024e-05,0.1473615247157345,10.907099254523567,0.006999999999999999,-0.4521990768607679
2022-08-17 08:00:00,0.0,0.0051351804597714,0.0813824204870169,6.0235949616941475,0.006999999999999999,-0.5086918579750321
2022-08-17 08:30:00,0.0,0.0051177101104734,0.2568199520751769,19.008765776748557,0.006999999999999999,-0.5651846390892963
2022-08-17 09:00:00,0.0,3.8822256168481984e-05,0.2131120956218055,15.773688442559653,0.006499999999999999,-0.6553544314963032
2022-08-17 09:30:00,0.0,4.1185079189381906e-05,0.3221945890128115,23.847529865154375,0.006499999999999999,-0.6544212192532737
2022-08-17 10:00:00,0.0,4.3859270541381515e-05,0.2568199520751769,19.008765776748557,0.005999999999999998,-0.653488007010244
2022-08-17 10:30:00,0.0,5.02511739356622e-05,0.3439365531040806,25.45678140343219,0.005999999999999998,-0.6525547947672143
2022-08-17 11:00:00,0.0,0.2141724055040321,0.4738733370770203,35.0741723902609,0.006000000000000002,
2022-08-17 11:30:00,0.0,0.3078941125188464,0.5600131677450481,41.449891457204785,0.006000000000000002,
2022-08-17 12:00:00,0.0,0.410942712949538,0.7737023162146965,57.266290998870325,0.005500000000000001,
2022-08-17 12:30:00,0.0,0.487122098726383,0.9008012320350768,66.6736345552661,0.005500000000000001,
2022-08-17 13:00:00,0.0,0.5418610783044806,0.7949428427849566,58.838428176244655,0.005000000000000001,
2022-08-17 13:30:00,0.0,0.5758109898758743,1.0060925006243298,74.4668649751673,0.005000000000000001,
2022-08-17 14:00:00,0.0,0.6500878469732543,0.9863424485858544,73.00504664584966,0.004,
2022-08-17 14:30:00,0.0,0.6064174403392604,0.9665923965473792,71.54322831653202,0.004,
2022-08-17 15:00:00,0.0,0.6609329679296236,0.946842344508904,70.08140998721439,0.002999999999999999,
2022-08-17 15:30:00,0.0,0.671031375561843,0.9270922924704288,68.61959165789675,0.002999999999999999,
2022-08-17 16:00:00,0.0,0.6298045352408055,0.9073422404319536,67.15777332857911,0.002,
2022-08-17 16:30:00,0.0,0.6191133044747531,0.8875921883934783,65.69595499926146,0.002,
2022-08-17 17:00:00,0.0,0.638445108565338,0.8678421363550031,64.23413666994382,0.0015000000000000013,
2022-08-17 17:30:00,0.0,0.617822272830899,0.8480920843165278,62.772318340626185,0.0015000000000000013,
2022-08-17 18:00:00,0.0,0.565649811039618,0.8283420322780527,61.31050001130855,0.0010000000000000009,
2022-08-17 18:30:00,0.0,0.4736054289759396,0.8085919802395775,59.84868168199091,0.0010000000000000009,
2022-08-17 19:00:00,0.0,0.2815254341266926,,196.288,0.0010000000000000009,
2022-08-17 19:30:00,0.0,0.1450631749427323,,152.648,0.0010000000000000009,-0.635756974392681
2022-08-17 20:00:00,0.0,0.0781680861189695,,148.318,0.0010000000000000009,-0.6348237621496513
2022-08-17 20:30:00,0.0,5.235521315189547e-05,,118.49,0.0010000000000000009,-0.6338905499066216
2022-08-17 21:00:00,0.0,5.030226398317015e-05,0.7098417200472013,52.53959003540272,0.0025000000000000005,-0.6329573376635921
2022-08-17 21:30:00,0.0,0.0594700623437019,0.6671514008470241,49.37982666011302,0.0025000000000000005,-0.6320241254205624
2022-08-17 22:00:00,0.0,0.0536815992505485,0.5600131677450481,41.449891457204785,0.0034999999999999996,-0.6560348817442124
2022-08-17 22:30:00,0.0,0.068899498768619,0.5600131677450481,41.449891457204785,0.0034999999999999996,-0.6508018902019825
2022-08-17 23:00:00,0.0,0.0641426007546964,0.4954443729221698,36.67077251664931,0.004,-0.6216774202035605
2022-08-17 23:30:00,0.0,0.0608992190129565,0.4090148254877284,30.27360979585433,0.004,-0.5763398990773254
2022-08-18 00:00:00,0.0,0.0395342238551204,0.4691369461963905,34.72360404792796,0.0045000000000000005,-0.5239365333869881
2022-08-18 00:30:00,0.0,0.0514857606393507,0.3387755582371449,25.074785605177915,0.0045000000000000005,-0.4720967310533895
2022-08-18 01:00:00,0.0,0.0469286457523959,0.4474713733871809,33.12000668089471,0.005000000000000001,-0.4243495115453189
2022-08-18 01:30:00,0.0,0.0311518201503792,0.3823277938967055,28.29834452268759,0.005000000000000001,-0.3805168132268514
2022-08-18 02:00:00,0.0,0.0290424958898556,0.3823277938967055,28.29834452268759,0.005500000000000001,-0.3391349914325259
2022-08-18 02:30:00,0.0,0.0275367579598744,0.3387755582371449,25.074785605177915,0.005500000000000001,-0.2994875639894844
2022-08-18 03:00:00,0.0,0.0253658809809227,0.2294591162839287,16.983628263835726,0.005500000000000001,-0.2620281236722557
2022-08-18 03:30:00,0.0,3.577829014767662e-05,0.3605640478516683,26.687480772998654,0.005500000000000001,-0.2274340446593079
2022-08-18 04:00:00,0.0,0.02283494663863,0.2075204560899345,15.359818081980237,0.006000000000000002,-0.1955871280233119
2022-08-18 04:30:00,0.0,3.5071174531835046e-05,0.2075204560899345,15.359818081980237,0.006000000000000002,-0.165831698418895
2022-08-18 05:00:00,0.0,3.441051549534346e-05,0.1195118143746172,8.845777240610778,0.006499999999999999,-0.2225439760005283
2022-08-18 05:30:00,0.0,3.436981434808215e-05,0.2513725428012065,18.60557075182043,0.006499999999999999,-0.2792562535821616
2022-08-18 06:00:00,0.0,0.0179937510854641,0.2075204560899345,15.359818081980237,0.006499999999999999,-0.3359685311637949
2022-08-18 06:30:00,0.0,0.0246234827548994,0.1635671025651018,12.10657005547331,0.006499999999999999,-0.3926808087454281
2022-08-18 07:00:00,0.0,0.0245816905385226,0.2075204560899345,15.359818081980237,0.006999999999999999,-0.4493930863270614
2022-08-18 07:30:00,0.0,0.0175539398348357,0.1635671025651018,12.10657005547331,0.006999999999999999,-0.5061053639086948
2022-08-18 08:00:00,0.0,0.0188992217051305,0.1855564792832242,13.73413406766938,0.006999999999999999,-0.562817641490328
2022-08-18 08:30:00,0.0,0.0202540488195148,0.2075204560899345,15.359818081980237,0.006999999999999999,-0.6195299190719613
2022-08-18 09:00:00,0.0,3.7606612811760686e-05,0.1635671025651018,12.10657005547331,0.0075,-0.6546348568633843
2022-08-18 09:30:00,0.0,4.191285371403597e-05,0.3169622442529745,23.46025303872687,0.0075,-0.6584678235247861
2022-08-18 10:00:00,0.0,4.5278731202740096e-05,0.2075204560899345,15.359818081980237,0.006999999999999999,-0.6623007901861878
2022-08-18 10:30:00,0.0,5.106547386381086e-05,0.1855564792832242,13.73413406766938,0.006999999999999999,-0.6661337568475896
2022-08-18 11:00:00,0.0,0.0379219011266661,0.0753539178004268,5.577389771529073,0.006500000000000002,
2022-08-18 11:30:00,0.0,0.0399641244138398,0.4691369461963905,34.72360404792796,0.006500000000000002,
2022-08-18 12:00:00,0.0,0.1489529547496138,0.6201186876214244,45.898656983355565,0.0055,
2022-08-18 12:30:00,0.0,0.3379629505923214,0.4691369461963905,34.72360404792796,0.0055,
2022-08-18 13:00:00,0.0,0.5953894324740644,0.748602341559536,55.40849320953576,0.004499999999999999,
2022-08-18 13:30:00,0.0,0.6473861451895834,0.6415916879122355,47.48800091771079,0.004499999999999999,
2022-08-18 14:00:00,0.0,0.7409464830825038,0.6501478507663708,48.12129320800125,0.002999999999999999,
2022-08-18 14:30:00,0.0,0.8581930623984604,0.6587040136205061,48.7545854982917,0.002999999999999999,
2022-08-18 15:00:00,0.0,0.8484582430260543,0.6672601764746413,49.38787778858216,0.002999999999999999,
2022-08-18 15:30:00,0.0,0.8397767778377999,0.6758163393287766,50.021170078872615,0.002999999999999999,
2022-08-18 16:00:00,0.0,0.8281388176184697,0.6843725021829119,50.65446236916307,0.0014999999999999996,
2022-08-18 16:30:00,0.0,0.8240902384672176,0.6929286650370472,51.287754659453526,0.0014999999999999996,
2022-08-18 17:00:00,0.0,0.8138367041647022,0.7014848278911825,51.92104694974398,0.0009999999999999992,
2022-08-18 17:30:00,0.0,0.6712093981094392,0.7100409907453177,52.55433924003444,0.0009999999999999992,
2022-08-18 18:00:00,0.0,0.6145919006857083,0.718597153599453,53.18763153032489,0.0,
2022-08-18 18:30:00,0.0,0.4130360429239058,0.7271533164535883,53.82092382061535,0.0,
2022-08-18 19:00:00,0.0,6.38668094475383e-05,,158.247,0.0005000000000000004,-0.7312941900914195
2022-08-18 19:30:00,0.0,6.0763582335744405e-05,,147.35,0.0005000000000000004,-0.7351271567528213
2022-08-18 20:00:00,0.0,6.0030133049727255e-05,,92.657,0.0,-0.738960123414223
2022-08-18 20:30:00,0.0,5.969384359911485e-05,,107.883,0.0,-0.7427930900756248
2022-08-18 21:00:00,0.0,5.418899296639812e-05,0.7699341307242646,56.98738527206763,0.0010000000000000009,-0.7466260567370265
2022-08-18 21:30:00,0.0,0.0750977632417631,0.6201186876214244,45.898656983355565,0.0010000000000000009,-0.7775039925323274
2022-08-18 22:00:00,0.0,0.0720256032043413,0.7699341307242646,56.98738527206763,0.0015000000000000013,-0.7737266643245131
2022-08-18 22:30:00,0.0,0.0981445157462509,0.6630409639078574,49.07558887646199,0.0015000000000000013,-0.7370225430253556
2022-08-18 23:00:00,0.0,0.0916817814132393,0.5339879105789633,39.52360802886375,0.0010000000000000009,-0.6762421966535945
2022-08-18 23:30:00,0.0,0.0600826966280473,0.4691369461963905,34.72360404792796,0.0010000000000000009,-0.6059130730671922
2022-08-19 00:00:00,0.0,0.0585534074986739,0.744560986775377,55.109368605344834,0.0014999999999999996,-0.5394466537210217
2022-08-19 00:30:00,0.0,0.0518461014038537,0.6156625364621399,45.56883084263644,0.0014999999999999996,-0.482826892666671
2022-08-19 01:00:00,0.0,0.0513592732992243,0.5292520496139665,39.17307890872546,0.002,-0.4344803714834421
2022-08-19 01:30:00,0.0,0.0485368840227821,0.4859014863070118,35.96444695652107,0.002,-0.3902396994315542
2022-08-19 02:00:00,0.0,0.0460691927294378,0.3989065594983284,29.525437159542435,0.0014999999999999996,-0.3477595378888412
2022-08-19 02:30:00,0.0,0.0439988944116876,0.5292520496139665,39.17307890872546,0.0014999999999999996,-0.3071782053540441
2022-08-19 03:00:00,0.0,4.082312813270674e-05,0.3552609153300624,26.29496452505248,0.002,-0.2695292661755237
2022-08-19 03:30:00,0.0,0.0387566447250355,0.3989065594983284,29.525437159542435,0.002,-0.2353046110093782
2022-08-19 04:00:00,0.0,3.965973253870246e-05,0.3552609153300624,26.29496452505248,0.002,-0.2039847373280639
2022-08-19 04:30:00,0.0,0.0357337461394399,0.3989065594983284,29.525437159542435,0.002,-0.1744077144420343
2022-08-19 05:00:00,0.0,0.0346944323163055,0.3770961530196112,27.911119794790903,0.0025000000000000005,-0.1892983322491884
2022-08-19 05:30:00,0.0,0.0480272162052169,0.2457094020334931,18.186408161280312,0.0025000000000000005,-0.2041889500563424
2022-08-19 06:00:00,0.0,0.0468439970898908,0.3115156209067388,23.057116184965373,0.0025000000000000005,-0.2190795678634965
2022-08-19 06:30:00,0.0,0.0467151450090511,0.2896054005800829,21.435411006138605,0.0025000000000000005,-0.2339701856706506
2022-08-19 07:00:00,0.0,0.0343699298277413,0.1796752636620754,13.298830465586914,0.002,-0.2488608034778046
2022-08-19 07:30:00,0.0,0.0361637836973792,0.2896054005800829,21.435411006138605,0.002,-0.2637514212849587
2022-08-19 08:00:00,0.0,0.0377682889460326,0.2676700218530196,19.811843705086524,0.002,-0.2786420390921127
2022-08-19 08:30:00,0.0,4.1503133350895544e-05,0.3552609153300624,26.29496452505248,0.002,-0.2935326568992668
2022-08-19 09:00:00,0.0,4.315840901526065e-05,0.442453202122026,32.748582103340794,0.0009999999999999992,-0.7253982816406587
2022-08-19 09:30:00,0.0,4.513621310008724e-05,0.4641895990425418,34.35742158233726,0.0009999999999999992,-0.7137740202559617
2022-08-19 10:00:00,0.0,0.0160073689597613,0.4206922156784738,31.13792260810267,0.0014999999999999996,-0.7021497588712649
2022-08-19 10:30:00,0.0,0.0168727322368378,0.442453202122026,32.748582103340794,0.0014999999999999996,-0.6905254974865679
2022-08-19 11:00:00,0.0,0.0361333618451833,0.442453202122026,32.748582103340794,0.0005000000000000004,
2022-08-19 11:30:00,0.0,0.0387196619214324,0.5508908836740998,40.774697182568126,0.0005000000000000004,
2022-08-19 12:00:00,0.0,0.1305331242666351,0.6802185460163509,50.347003469731746,0.0,
2022-08-19 12:30:00,0.0,0.1408835548819782,0.9575194482933336,70.87168567791635,0.0,
2022-08-19 13:00:00,0.0,0.3659688521024251,0.978688886420986,72.43856117860223,0.0005000000000000004,
2022-08-19 13:30:00,0.0,0.5515612249446747,0.9586910627648952,70.95840380433374,0.0005000000000000004,
2022-08-19 14:00:00,0.0,0.6703517406056443,0.9386932391088042,69.47824643006524,-0.0005000000000000004,
2022-08-19 14:30:00,0.0,0.3793065300295327,0.9186954154527132,67.99808905579675,-0.0005000000000000004,
2022-08-19 15:00:00,0.0,0.7439310128869843,0.8986975917966223,66.51793168152825,-0.0009999999999999992,
2022-08-19 15:30:00,0.0,0.7471173638138986,0.8786997681405314,65.03777430725977,-0.0009999999999999992,
2022-08-19 16:00:00,0.0,0.6351706998667752,0.8587019444844405,63.55761693299127,-0.0009999999999999992,
2022-08-19 16:30:00,0.0,0.0864818003374138,0.8387041208283496,62.07745955872278,-0.0009999999999999992,
2022-08-19 17:00:00,0.0,0.245821571850982,0.8187062971722587,60.59730218445429,-0.0009999999999999992,
2022-08-19 17:30:00,0.0,0.0322211906184621,0.7987084735161678,59.1171448101858,-0.0009999999999999992,
2022-08-19 18:00:00,0.0,0.0111430523390278,0.7787106498600769,57.636987435917305,-0.0014999999999999996,
2022-08-19 18:30:00,0.0,0.0109092553419324,,129.842,-0.0014999999999999996,-0.5045373153314168
2022-08-19 19:00:00,0.0,5.913447871016989e-05,,125.555,-0.002,-0.4929130539467198
2022-08-19 19:30:00,0.0,5.68758933502975e-05,,93.627,-0.002,-0.4812887925620229
2022-08-19 20:00:00,0.0,5.579131468679592e-05,,78.992,-0.002,-0.4696645311773259
2022-08-19 20:30:00,0.0,5.360866080615109e-05,,70.863,-0.002,-0.458040269792629
2022-08-19 21:00:00,0.0,5.256198212025404e-05,0.6587237079235313,48.75604319030635,-0.0014999999999999996,-0.4558501647594041
2022-08-19 21:30:00,0.0,5.2094630059039074e-05,0.7016896544610057,51.9362073773477,-0.0014999999999999996,-0.4339135806495097
2022-08-19 22:00:00,0.0,5.040239520669945e-05,0.4641895990425418,34.35742158233726,-0.0014999999999999996,-0.3975578488898343
2022-08-19 22:30:00,0.0,0.0753519406961227,0.4859014863070118,35.96444695652107,-0.0014999999999999996,-0.3529266825302893
2022-08-19 23:00:00,0.0,0.1115622375815303,0.5292520496139665,39.17307890872546,-0.0014999999999999996,-0.3084232747064208
2022-08-19 23:30:00,0.0,0.0746294357639787,0.5940960491045084,43.97256737674956,-0.0014999999999999996,-0.272500385445993
2022-08-20 00:00:00,0.0,4.8147198269495526e-05,0.697303411112396,51.61155552775489,-0.002,-0.2486900349435042
2022-08-20 00:30:00,0.0,0.0953460103476997,0.5243052595502836,38.80693767667753,-0.002,-0.2334690176459464
2022-08-20 01:00:00,0.0,0.0649744792320956,0.415389766278088,30.745456922004063,-0.002,-0.2201128557336942
2022-08-20 01:30:00,0.0,0.063036581045738,0.5893606755281939,43.62207433113441,-0.002,-0.2043463807283786
2022-08-20 02:00:00,0.0,0.0604891238429622,0.3935324762542871,29.127669428393467,-0.002,-0.1857707238828165
2022-08-20 02:30:00,0.0,0.0830238749297459,0.3716502667135286,27.50803749373657,-0.002,-0.1650535455700371
2022-08-20 03:00:00,0.0,0.0798564804059783,0.5460147291155798,40.41378410262565,-0.002,-0.18168064059257
2022-08-20 03:30:00,0.0,0.0559917541174839,0.3716502667135286,27.50803749373657,-0.002,-0.1983077356151029
2022-08-20 04:00:00,0.0,0.0549257136160434,0.3935324762542871,29.127669428393467,-0.0010000000000000009,-0.2149348306376359
2022-08-20 04:30:00,0.0,0.0882720369015873,0.415389766278088,30.745456922004063,-0.0010000000000000009,-0.2315619256601688
2022-08-20 05:00:00,0.0,0.0584961923999657,-0.0042405867086727,-0.3138709389586593,-0.0015000000000000013,
2022-08-20 05:30:00,0.0,4.136582724717461e-05,0.4372222181628244,32.36140599782823,-0.0015000000000000013,
2022-08-20 06:00:00,0.0,4.10939356366709e-05,0.2838705933584011,21.010943956865717,-0.002,
2022-08-20 06:30:00,0.0,4.2095512538396045e-05,0.3716502667135286,27.50803749373657,-0.002,
2022-08-20 07:00:00,0.0,0.0517222446611715,0.4372222181628244,32.36140599782823,-0.0015000000000000013,-0.3146974007728336
2022-08-20 07:30:00,0.0,4.145733419429641e-05,0.3497430559229328,25.886555068498847,-0.0015000000000000013,-0.3313244957953665
2022-08-20 08:00:00,0.0,0.0013472836672311,0.217770142680111,16.11845809457829,-0.0010000000000000009,-0.3479515908178994
2022-08-20 08:30:00,0.0,0.0013589280638025,0.4808129312631091,35.58781285862464,-0.0010000000000000009,-0.3645786858404324
2022-08-20 09:00:00,0.0,0.0015057289752266,0.5243052595502836,38.80693767667753,-0.0014999999999999996,-0.355786744729436
2022-08-20 09:30:00,0.0,0.001401450891521,0.415389766278088,30.745456922004063,-0.0014999999999999996,-0.3586468069285826
2022-08-20 10:00:00,0.0,4.1866783519071315e-05,0.5460147291155798,40.41378410262565,-0.0014999999999999996,-0.3615068691277292
2022-08-20 10:30:00,0.0,4.3530592552614315e-05,0.415389766278088,30.745456922004063,-0.0014999999999999996,-0.3643669313268758
2022-08-20 11:00:00,0.0,0.0046401318125952,0.415389766278088,30.745456922004063,-0.0014999999999999996,
2022-08-20 11:30:00,0.0,0.0047033616742529,0.6109973099261269,45.22352979494921,-0.0014999999999999996,
2022-08-20 12:00:00,0.0,0.0067595039443918,0.6109973099261269,45.22352979494921,-0.0014999999999999996,
2022-08-20 12:30:00,0.0,0.0070252607198238,0.7403132827175654,54.794970869220926,-0.0014999999999999996,
2022-08-20 13:00:00,0.0,0.1549247308190205,0.6541982924413935,48.42109038680591,-0.0014999999999999996,
2022-08-20 13:30:00,0.0,0.0554775354345521,0.8901065443827706,65.88205737835477,-0.0014999999999999996,
2022-08-20 14:00:00,0.0,0.052112111379306,0.8786874557209967,65.03686299216454,-0.0009999999999999992,
2022-08-20 14:30:00,0.0,0.3269279821500989,0.8672683670592228,64.1916686059743,-0.0009999999999999992,
2022-08-20 15:00:00,0.0,0.2656286063268947,0.855849278397449,63.34647421978407,-0.0014999999999999996,
2022-08-20 15:30:00,0.0,0.3734402525880101,0.8444301897356751,62.501279833593834,-0.0014999999999999996,
2022-08-20 16:00:00,0.0,0.2850909010365178,0.8330111010739012,61.6560854474036,-0.0010000000000000009,
2022-08-20 16:30:00,0.0,0.1782045378386131,0.8215920124121273,60.81089106121337,-0.0010000000000000009,
2022-08-20 17:00:00,0.0,0.3610388282599041,0.8101729237503534,59.96569667502313,-0.002,
2022-08-20 17:30:00,0.0,0.2424073564273091,0.7987538350885797,59.120502288832895,-0.002,
2022-08-20 18:00:00,0.0,0.2339482548721727,0.7873347464268058,58.27530790264266,-0.0024999999999999988,
2022-08-20 18:30:00,0.0,0.069306431768903,0.7759156577650319,57.43011351645243,-0.0024999999999999988,
2022-08-20 19:00:00,0.0,5.808012369548132e-05,,182.112,-0.002999999999999999,
2022-08-20 19:30:00,0.0,5.67129097114303e-05,,165.992,-0.002999999999999999,
2022-08-20 20:00:00,0.0,5.44016021424987e-05,,155.844,-0.002999999999999999,-0.4187081131106618
2022-08-20 20:30:00,0.0,5.266661366920693e-05,,113.768,-0.002999999999999999,-0.4215681753098085
2022-08-20 21:00:00,0.0,5.2042593870096255e-05,0.7188202144561625,53.204141585501254,-0.002999999999999999,-0.4244282375089551
2022-08-20 21:30:00,0.0,5.081039665670141e-05,0.6109973099261269,45.22352979494921,-0.002999999999999999,-0.4272882997081017
2022-08-20 22:00:00,0.0,4.949447968467615e-05,0.5893606755281939,43.62207433113441,-0.003000000000000001,-0.4301483619072483
2022-08-20 22:30:00,0.0,4.8495168331721855e-05,0.4590299129333002,33.975522652991586,-0.003000000000000001,-0.4077635732637381
2022-08-20 23:00:00,0.0,4.6920698164167495e-05,0.5025713534765103,37.19828256000156,-0.003000000000000001,-0.3812057808629653
2022-08-20 23:30:00,0.0,0.0441666581001811,0.5460147291155798,40.41378410262565,-0.003000000000000001,-0.3551165004600506
2022-08-21 00:00:00,0.0,0.0403724323297214,0.5626827877478962,41.64748584555747,-0.0025000000000000005,-0.326559398455569
2022-08-21 00:30:00,0.0,0.0370611708468454,0.5626827877478962,41.64748584555747,-0.0025000000000000005,-0.2920299983423728
2022-08-21 01:00:00,0.0,0.0367324567800814,0.3879432156967946,28.71397514979827,-0.0009999999999999992,-0.2537088242430176
2022-08-21 01:30:00,0.0,0.035782922246396,0.5409267343933117,40.03719147745214,-0.0009999999999999992,-0.2194428429903284
2022-08-21 02:00:00,0.0,4.301786220239421e-05,0.4755111173795802,35.19539421089273,-0.0009999999999999992,-0.1964117996325892
2022-08-21 02:30:00,0.0,0.0289958656809463,0.5191461583297982,38.425082038412945,-0.0009999999999999992,-0.184686295487344
2022-08-21 03:00:00,0.0,0.0267958443357899,0.3659887185934609,27.088992784481835,-0.0014999999999999996,-0.1771114958837979
2022-08-21 03:30:00,0.0,0.0360778889454814,0.4317770200093138,31.958374631021616,-0.0014999999999999996,-0.1652211861820462
2022-08-21 04:00:00,0.0,0.0244996905286797,0.4755111173795802,35.19539421089273,-0.0014999999999999996,-0.1450934048157814
2022-08-21 04:30:00,0.0,0.0240855237094757,0.3659887185934609,27.088992784481835,-0.0014999999999999996,-0.1186744454515456
2022-08-21 05:00:00,0.0,0.022981187384563,0.4098726221002165,30.33710040380406,-0.0014999999999999996,-0.0912166736871622
2022-08-21 05:30:00,0.0,0.0224143120528587,0.3659887185934609,27.088992784481835,-0.0014999999999999996,-0.067755070364818
2022-08-21 06:00:00,0.0,0.0212941844933707,0.4755111173795802,35.19539421089273,-0.0014999999999999996,-0.0732800335134128
2022-08-21 06:30:00,0.0,0.0290786913150931,0.3659887185934609,27.088992784481835,-0.0014999999999999996,-0.0788049966620076
2022-08-21 07:00:00,0.0,3.721987992815649e-05,0.4755111173795802,35.19539421089273,-0.0005000000000000004,-0.0843299598106024
2022-08-21 07:30:00,0.0,3.653860858022648e-05,0.3440090482248584,25.46214719670365,-0.0005000000000000004,-0.0898549229591971
2022-08-21 08:00:00,0.0,3.721987992815649e-05,0.3440090482248584,25.46214719670365,-0.0005000000000000004,-0.0953798861077919
2022-08-21 08:30:00,0.0,3.8734359909475526e-05,0.3879432156967946,28.71397514979827,-0.0005000000000000004,-0.1009048492563867
2022-08-21 09:00:00,0.0,3.921747894829718e-05,0.45365649127183,33.5778038894872,-0.0005000000000000004,-0.4041572990709378
2022-08-21 09:30:00,0.0,4.287953230395473e-05,0.6061216449474438,44.8626529517102,-0.0005000000000000004,-0.4005510248781374
2022-08-21 10:00:00,0.0,0.0102812483081041,0.6061216449474438,44.8626529517102,-0.0005000000000000004,-0.396944750685337
2022-08-21 10:30:00,0.0,0.0110862956129897,0.6278046072410864,46.46753741748284,-0.0005000000000000004,-0.3933384764925366
2022-08-21 11:00:00,0.0,0.0351367665984093,0.7358578939922307,54.46520116075427,-0.0009999999999999992,
2022-08-21 11:30:00,0.0,0.1396293484512363,0.8004034375128051,59.242599134710666,-0.0009999999999999992,
2022-08-21 12:00:00,0.0,0.3561412951498574,0.9288596737694584,68.75040601589346,-0.0010000000000000009,
2022-08-21 12:30:00,0.0,0.2132818676481701,1.0140333909992352,75.05461730506114,-0.0010000000000000009,
2022-08-21 13:00:00,0.0,0.3475869408354313,1.119987051993839,82.89687531017863,-0.002,
2022-08-21 13:30:00,3.2,0.1105981212852075,0.8004034375128051,59.242599134710666,-0.002,-0.3717008313357345
2022-08-21 14:00:00,0.0,0.0279871626319008,0.8509735498613831,62.98559267228672,-0.002,-0.3680945571429341
2022-08-21 14:30:00,0.0,0.0742291504767755,0.9015436622099612,66.72858620986277,-0.002,-0.3644882829501337
2022-08-21 15:00:00,2.0,0.0160834113929936,0.9521137745585392,70.47157974743882,-0.0024999999999999988,-0.3608820087573334
2022-08-21 15:30:00,2.0,0.0146389189152059,1.002683886907117,74.21457328501488,-0.0024999999999999988,-0.357275734564533
2022-08-21 16:00:00,0.0,0.0199147550313557,1.053253999255695,77.95756682259093,-0.002999999999999999,-0.359327386507579
2022-08-21 16:30:00,1.2,0.018479843611819,1.103824111604273,81.70056036016699,-0.002999999999999999,-0.3456675451388049
2022-08-21 17:00:00,6.4,4.014993106171798e-05,1.154394223952851,85.44355389774304,-0.004,-0.3107713335319673
2022-08-21 17:30:00,1.6,4.046311501241313e-05,1.204964336301429,89.1865474353191,-0.004,-0.2601716680726589
2022-08-21 18:00:00,1.2,0.0143504759806152,1.255534448650007,92.92954097289515,-0.0045,-0.2108354244798503
2022-08-21 18:30:00,0.0,0.0135808818735052,1.306104560998585,96.6725345104712,-0.0045,-0.1813448545437114
2022-08-21 19:00:00,0.0,0.0291376194891962,,68.025,-0.0045,-0.1796250243547154
2022-08-21 19:30:00,0.0,0.0277533141463633,,50.723,-0.0045,-0.1990225861646475
2022-08-21 20:00:00,0.0,3.9439148086964545e-05,,37.925,-0.005,-0.2238989714249178
2022-08-21 20:30:00,0.0,3.913086921111616e-05,,31.502,-0.005,-0.2383987012859421
2022-08-21 21:00:00,0.0,3.899842064330296e-05,1.558955122741475,115.38750219835148,-0.005,-0.2334598925899865
2022-08-21 21:30:00,0.0,3.8648415040799214e-05,1.49682827097726,110.78912592699756,-0.005,-0.2097503233229859
2022-08-21 22:00:00,0.0,3.860457419765026e-05,1.309292938786554,96.9085252350608,-0.005,-0.1751935609847893
2022-08-21 22:30:00,0.0,3.860457419765026e-05,1.246390180613516,92.25271953475944,-0.005,-0.1389154168141175
2022-08-21 23:00:00,0.0,3.825496551648326e-05,1.309292938786554,96.9085252350608,-0.005,-0.1064298124049815
2022-08-21 23:30:00,0.0,3.7865839024847846e-05,1.183288847076012,87.5822160955882,-0.005,-0.0791284120174304
2022-08-22 00:00:00,0.0,3.7779305572449985e-05,0.6551455790130584,48.49120467667606,-0.0055000000000000005,-0.0567588074390621
2022-08-22 00:30:00,0.0,3.7606612811760686e-05,0.6128580286471442,45.36125260837718,-0.0055000000000000005,-0.039627729642801
2022-08-22 01:00:00,0.0,3.7606612811760686e-05,0.5067334544491743,37.506344304773584,-0.0055000000000000005,-0.0286721890983346
2022-08-22 01:30:00,0.0,3.743441925524666e-05,0.5280050299326325,39.08077959611389,-0.0055000000000000005,-0.0241658305318737
2022-08-22 02:00:00,0.0,3.696346423972096e-05,0.4427775530119361,32.772589233806954,-0.0055000000000000005,-0.0248263388841673
2022-08-22 02:30:00,0.0,3.598923620581269e-05,0.4854383998282988,35.930171183408014,-0.0055000000000000005,-0.0280354277584738
2022-08-22 03:00:00,0.0,3.556987643811817e-05,0.464119791109101,34.352254683716595,-0.0055000000000000005,-0.0483870150922838
2022-08-22 03:30:00,0.0,3.519499171295756e-05,0.4000218859613915,29.60798907706156,-0.0055000000000000005,-0.0687386024260938
2022-08-22 04:00:00,0.0,0.0035435036264495,0.4854383998282988,35.930171183408014,-0.0055000000000000005,-0.0890901897599037
2022-08-22 04:30:00,0.0,3.4781661707364674e-05,0.464119791109101,34.352254683716595,-0.0055000000000000005,-0.1094417770937137
2022-08-22 05:00:00,0.0,3.453450868479409e-05,0.3786083048399514,28.023043107366387,-0.005999999999999999,
2022-08-22 05:30:00,0.0,3.469801230712109e-05,0.3357092645460319,24.847831047690786,-0.005999999999999999,
2022-08-22 06:00:00,0.0,3.457533729690223e-05,0.4214116099367465,31.191169238071044,-0.0055000000000000005,
2022-08-22 06:30:00,0.0,3.449201241240149e-05,0.3571707900010277,26.436325661482797,-0.0055000000000000005,
2022-08-22 07:00:00,0.0,3.424620892888093e-05,0.2927138725471838,21.6654874276501,-0.0055000000000000005,-0.2111997137627636
2022-08-22 07:30:00,0.0,3.457533729690223e-05,0.3357092645460319,24.847831047690786,-0.0055000000000000005,-0.2315513010965736
2022-08-22 08:00:00,0.0,3.490481344560323e-05,0.3357092645460319,24.847831047690786,-0.005,-0.2519028884303836
2022-08-22 08:30:00,0.0,3.482268077466148e-05,0.2927138725471838,21.6654874276501,-0.005,-0.2722544757641936
2022-08-22 09:00:00,0.0,3.5445205572522415e-05,0.3142236512474654,23.257553549925756,-0.0055000000000000005,-0.1548459505267754
2022-08-22 09:30:00,0.0,3.73056019335144e-05,0.271179850554656,20.07162691572425,-0.0055000000000000005,-0.1707764842394333
2022-08-22 10:00:00,0.0,3.926175095070809e-05,0.4214116099367465,31.191169238071044,-0.005,-0.1867070179520913
2022-08-22 10:30:00,0.0,4.447122689084328e-05,1.1555937069407696,85.53233473811896,-0.005,-0.2026375516647492
2022-08-22 11:00:00,0.0,0.0038378125690971,1.8039092717129597,133.51800960721013,-0.005,
2022-08-22 11:30:00,0.0,0.0041874270347813,2.022096194929599,149.66731609785407,-0.005,
2022-08-22 12:00:00,0.0,0.0832815461845746,2.6442045055940087,195.71323686699623,-0.0045,
2022-08-22 12:30:00,0.0,0.0885925690549186,3.248837218938507,240.4656851719518,-0.0045,
2022-08-22 13:00:00,0.0,0.1926962129986197,3.5266766168018413,261.0302246279478,-0.005,
2022-08-22 13:30:00,0.0,0.1914233646342002,4.21578352687638,312.0351085666826,-0.005,
2022-08-22 14:00:00,0.0,0.0703778427350581,3.979439135445281,294.5418603082807,-0.005,
2022-08-22 14:30:00,0.0,0.0805408340506243,3.743094744014181,277.0486120498788,-0.005,
2022-08-22 15:00:00,0.0,0.0695637454451309,3.5067503525830817,259.5553637914769,-0.0045,
2022-08-22 15:30:00,0.0,0.3357955150922967,3.2704059611519822,242.06211553307503,-0.0045,
2022-08-22 16:00:00,0.0,0.4029488896379318,3.034061569720883,224.56886727467312,-0.003000000000000001,
2022-08-22 16:30:00,0.0,0.1960035712705325,2.7977171782897834,207.0756190162712,-0.003000000000000001,
2022-08-22 17:00:00,0.0,0.0479560104532535,2.561372786858684,189.58237075786937,-0.003000000000000001,-0.4097344899293022
2022-08-22 17:30:00,0.0,0.0235095544544893,2.3250283954275845,172.08912249946744,-0.003000000000000001,-0.4256650236419602
2022-08-22 18:00:00,0.0,4.3672120691857e-05,2.0886840039964856,154.59587424106553,-0.0035000000000000005,-0.4415955573546181
2022-08-22 18:30:00,0.2,4.395203327120259e-05,1.852339612565386,137.10262598266365,-0.0035000000000000005,-0.457526091067276
2022-08-22 19:00:00,0.0,4.418741123033195e-05,,121.907,-0.0045,-0.4734566247799339
2022-08-22 19:30:00,0.0,4.3438351331317256e-05,,111.838,-0.0045,-0.4018098789945493
2022-08-22 20:00:00,0.0,4.320531800140154e-05,,110.947,-0.004999999999999999,-0.34991038987739
2022-08-22 20:30:00,0.0,4.1411565489428945e-05,0.9069620468409886,67.1296329490561,-0.004999999999999999,-0.328455685269259
2022-08-22 21:00:00,0.2,4.095934311956155e-05,0.6973412762822966,51.614358153251544,-0.0055,-0.3292499931091538
2022-08-22 21:30:00,0.2,3.8866250804398595e-05,0.6973412762822966,51.614358153251544,-0.0055,-0.3357087043424825
2022-08-22 22:00:00,0.4,3.838583573054792e-05,0.5492532009224999,40.65348258226062,-0.006,-0.3341509666933513
2022-08-22 22:30:00,0.6,3.799406494841691e-05,0.4854383998282988,35.930171183408014,-0.006,-0.3192974375515426
2022-08-22 23:00:00,1.0,3.726272530589475e-05,0.4000218859613915,29.60798907706156,-0.006,-0.2926060630980035
2022-08-22 23:30:00,0.2,0.0054109234471053,0.4427775530119361,32.772589233806954,-0.006,-0.2577201285657832
2022-08-23 00:00:00,1.0,3.636778521064745e-05,0.2862620000335835,21.18794612900298,-0.006,-0.2181735947949677
2022-08-23 00:30:00,1.8,3.586361836441259e-05,0.3077721061558523,22.780036485719208,-0.006,-0.1778824533574816
2022-08-23 01:00:00,0.8,3.536052203677899e-05,0.3077721061558523,22.780036485719208,-0.006,-0.1413790840659723
2022-08-23 01:30:00,0.2,3.5277693922599674e-05,0.2215858619487205,16.400882077842613,-0.006,-0.1122545592067253
2022-08-23 02:00:00,0.2,3.4781661707364674e-05,0.2431689563474292,17.998374729201778,-0.006,-0.1089034391556554
2022-08-23 02:30:00,0.0,3.445124818432026e-05,0.1999782807279233,14.801577011747233,-0.006,-0.1055523191045854
2022-08-23 03:00:00,0.0,3.408241776180299e-05,0.1133014972370948,8.38611488606001,-0.006,-0.1022011990535155
2022-08-23 03:30:00,0.0,3.445124818432026e-05,0.1350078217966757,9.99272853150753,-0.006,-0.0988500790024455
2022-08-23 04:00:00,0.0,3.391914214544388e-05,0.0915702861097264,6.77765923832942,-0.006,
2022-08-23 04:30:00,0.2,3.396117416792823e-05,0.004394950896235,0.3252963467666615,-0.006,
2022-08-23 05:00:00,0.2,3.400155713459838e-05,0.004394950896235,0.3252963467666615,-0.0055000000000000005,
2022-08-23 05:30:00,0.2,3.4165093201904455e-05,0.0480328798497243,3.5551979325143996,-0.0055000000000000005,
2022-08-23 06:00:00,0.0,3.383853668811971e-05,0.1133014972370948,8.38611488606001,-0.006,
2022-08-23 06:30:00,0.0,3.323138986250876e-05,-0.0393441585399148,-2.9120942057865538,-0.006,
2022-08-23 07:00:00,0.0,3.3191613558943914e-05,0.06981410742673,5.1673555939260005,-0.006,-0.075392238644956
2022-08-23 07:30:00,0.0,3.307082152973579e-05,0.004394950896235,0.3252963467666615,-0.006,-0.0720411185938861
2022-08-23 08:00:00,0.0,3.3758057524395963e-05,-0.0612518630630886,-4.533613175096711,-0.006,-0.0686899985428161
2022-08-23 08:30:00,0.0,3.4781661707364674e-05,-0.0174619149265923,-1.2924597492173815,-0.006,-0.0653388784917462
2022-08-23 09:00:00,0.0,0.0101769758190498,-0.0174619149265923,-1.2924597492173815,-0.0055000000000000005,-0.3112325268217639
2022-08-23 09:30:00,0.0,0.0104892100119704,0.0915702861097264,6.77765923832942,-0.0055000000000000005,-0.3031676160919851
2022-08-23 10:00:00,0.0,0.002429104095106,0.06981410742673,5.1673555939260005,-0.006,-0.2951027053622064
2022-08-23 10:30:00,0.0,0.002474707012161,0.0915702861097264,6.77765923832942,-0.006,-0.2870377946324278
2022-08-23 11:00:00,0.0,0.0086660590426247,0.2431689563474292,17.998374729201778,-0.006,
2022-08-23 11:30:00,0.0,0.009091728957952,0.4363278106170269,32.29520559786069,-0.006,
2022-08-23 12:00:00,0.0,0.0274114800790295,0.8169370549442714,60.46635008808329,-0.0055,
2022-08-23 12:30:00,0.0,0.0277824549775327,1.1079266237367729,82.0042115819386,-0.0055,
2022-08-23 13:00:00,0.0,0.0288275062394493,1.536584446420009,113.7317159441054,-0.0055,
2022-08-23 13:30:00,0.0,0.0287952641375176,1.8373041271082384,135.9897606500241,-0.0055,
2022-08-23 14:00:00,0.0,0.0496141122589748,1.810042167672256,133.9719415618011,-0.0045,
2022-08-23 14:30:00,0.0,0.0314660033936165,1.782780208236274,131.95412247357808,-0.0045,
2022-08-23 15:00:00,0.0,0.0349583113023611,1.7555182488002918,129.9363033853551,-0.0045,
2022-08-23 15:30:00,0.0,0.0894311349692671,1.7282562893643094,127.9184842971321,-0.0045,
2022-08-23 16:00:00,0.0,0.1005058627398186,1.700994329928327,125.90066520890907,-0.0045,
2022-08-23 16:30:00,0.0,0.1190184057895746,1.6737323704923448,123.8828461206861,-0.0045,
2022-08-23 17:00:00,0.0,0.0385547235854989,1.6464704110563626,121.8650270324631,-0.004999999999999999,
2022-08-23 17:30:00,0.0,0.0378997049508294,1.6192084516203802,119.8472079442401,-0.004999999999999999,
2022-08-23 18:00:00,0.0,0.0783489846506838,1.5919464921843978,117.82938885601708,-0.004999999999999999,
2022-08-23 18:30:00,0.0,0.0119708600774302,1.5646845327484156,115.8115697677941,-0.004999999999999999,
2022-08-23 19:00:00,0.0,0.0069001745610581,,259.587,-0.0055,
2022-08-23 19:30:00,0.0,0.0067029450425809,,214.198,-0.0055,-0.141869401496411
2022-08-23 20:00:00,0.0,3.8866250804398595e-05,,175.88,-0.0065,-0.1338044907666322
2022-08-23 20:30:00,0.0,3.851698563857494e-05,1.4556366950044863,107.7402934149021,-0.0065,-0.1257395800368536
2022-08-23 21:00:00,0.0,3.752045360748856e-05,1.0044938561958563,74.3485398323752,-0.007500000000000001,-0.1176746693070748
2022-08-23 21:30:00,0.0,0.0124472280872657,0.7959863430242947,58.915663809525014,-0.007500000000000001,-0.1096097585772961
2022-08-23 22:00:00,0.0,3.713428294613371e-05,0.6698077285120976,49.57643720381758,-0.007500000000000001,-0.0915967170375295
2022-08-23 22:30:00,0.0,3.67506449348709e-05,0.4789891972635199,35.45282750348706,-0.007500000000000001,-0.0733832065861703
2022-08-23 23:00:00,0.0,3.636778521064745e-05,0.4149615862367248,30.713764781067255,-0.007500000000000001,-0.0619877584406762
2022-08-23 23:30:00,0.0,3.624131975377748e-05,0.3292580391292217,24.370337644509803,-0.007500000000000001,-0.0615413079794141
2022-08-24 00:00:00,0.0,3.5947332179102164e-05,0.2367163015474566,17.520775528906835,-0.007500000000000001,-0.0713647694399607
2022-08-24 00:30:00,0.0,3.4987072144068906e-05,0.3442688700787821,25.481378151016223,-0.007500000000000001,-0.0862578056585438
2022-08-24 01:00:00,0.0,3.4657089110898426e-05,0.2367163015474566,17.520775528906835,-0.007500000000000001,-0.0999803017106806
2022-08-24 01:30:00,0.0,3.449201241240149e-05,0.1502352262718772,11.11979892739402,-0.007500000000000001,-0.111665921408695
2022-08-24 02:00:00,0.0,3.490481344560323e-05,0.0633584071271567,4.689530978167359,-0.007500000000000001,-0.130591007067698
2022-08-24 02:30:00,0.0,3.5236327077905795e-05,0.1502352262718772,11.11979892739402,-0.007500000000000001,-0.1741564852745816
2022-08-24 03:00:00,0.0,3.511241543644672e-05,0.1502352262718772,11.11979892739402,-0.007500000000000001,-0.2605939229332948
2022-08-24 03:30:00,0.0,3.5277693922599674e-05,0.0851149943212384,6.299864858895778,-0.007500000000000001,-0.4033185771117467
2022-08-24 04:00:00,0.0,3.449201241240149e-05,0.0851149943212384,6.299864858895778,-0.007500000000000001,-0.6103243468643069
2022-08-24 04:30:00,0.0,3.449201241240149e-05,0.0851149943212384,6.299864858895778,-0.007500000000000001,-0.8853393813011038
2022-08-24 05:00:00,0.0,3.41245826719415e-05,0.0851149943212384,6.299864858895778,-0.007500000000000001,-1.226723181997277
2022-08-24 05:30:00,0.0,3.4205635288323394e-05,0.019769980262265,1.463293335193566,-0.007500000000000001,-1.6235726945969384
2022-08-24 06:00:00,0.0,3.3798281318612486e-05,0.019769980262265,1.463293335193566,-0.007500000000000001,-2.0507822974043206
2022-08-24 06:30:00,0.0,3.355407484649961e-05,0.0415767630130073,3.077342486374631,-0.007500000000000001,-2.466774354168753
2022-08-24 07:00:00,0.0,3.3432409920585494e-05,-0.002062023195989,-0.1526225499306438,-0.007,-2.8206229393174795
2022-08-24 07:30:00,0.0,3.3798281318612486e-05,0.0415767630130073,3.077342486374631,-0.007,-3.069275239783419
2022-08-24 08:00:00,0.0,3.441051549534346e-05,0.1068466059592674,7.908350150792551,-0.007,-3.1903119445215484
2022-08-24 08:30:00,0.0,3.5653147602019764e-05,0.2151328541079557,15.923256746907608,-0.007,-3.175687109048191
2022-08-24 09:00:00,0.0,0.0054902884709638,0.4938354889257478,36.55168948278521,-0.007,-3.0160605800834976
2022-08-24 09:30:00,0.0,0.0055793025868939,0.557581544081497,41.2699125875564,-0.007,-2.7008219354260237
2022-08-24 10:00:00,0.0,0.0050197385857629,1.3679186663018743,101.2477625638802,-0.007,-2.631827755317717
2022-08-24 10:30:00,0.0,0.0053209950033756,2.3030818073757464,170.46472552989687,-0.007,-2.562833575209411
2022-08-24 11:00:00,0.0,0.041345697569564,3.0299282014998266,224.26293221102935,-0.0065,-2.4938393951011046
2022-08-24 11:30:00,0.0,0.0418400299525572,3.5321054894791626,261.43204764956715,-0.0065,-2.424845214992798
2022-08-24 12:00:00,0.0,0.0342735381916418,3.9332048578051033,291.1197875782693,-0.006,
2022-08-24 12:30:00,0.0,0.0339125874807845,4.059380988900553,300.4588303715943,-0.006,
2022-08-24 13:00:00,0.0,0.0464776183189639,4.767782676026507,352.8918350412977,-0.005999999999999999,
2022-08-24 13:30:00,0.0,0.0483982433960389,5.114390549974966,378.5463367224382,-0.005999999999999999,
2022-08-24 14:00:00,0.0,0.0660984620412141,4.89289689730484,362.1522795994523,-0.0055,
2022-08-24 14:30:00,0.0,0.1014020702827044,4.671403244634713,345.7582224764665,-0.0055,
2022-08-24 15:00:00,0.0,0.0493516814947001,4.449909591964587,329.36416535348076,-0.0055,
2022-08-24 15:30:00,0.0,0.0522583160627072,4.228415939294461,312.97010823049493,-0.0055,
2022-08-24 16:00:00,0.0,0.0255020772791752,4.006922286624334,296.5760511075091,-0.0055,
2022-08-24 16:30:00,0.0,0.0252379047534625,3.785428633954208,280.1819939845233,-0.0055,
2022-08-24 17:00:00,0.0,0.1252618768453003,3.5639349812840813,263.78793686153745,-0.0065,
2022-08-24 17:30:00,0.0,0.1151686418437638,3.3424413286139547,247.39387973855165,-0.0065,
2022-08-24 18:00:00,0.0,0.0353446721717764,3.120947675943828,230.99982261556585,-0.0065,
2022-08-24 18:30:00,0.0,0.0336463472896428,2.8994540232737016,214.60576549258,-0.0065,
2022-08-24 19:00:00,0.0,4.7360545973716264e-05,,386.743,-0.007,
2022-08-24 19:30:00,0.0,4.376465216959933e-05,,351.453,-0.007,-1.320938333259896
2022-08-24 20:00:00,0.2,4.274146575667647e-05,,284.053,-0.007,-1.2519441531515896
2022-08-24 20:30:00,0.0,3.965973253870246e-05,,221.798,-0.007,-1.1829499730432833
2022-08-24 21:00:00,0.0,0.0209246725745999,,170.277,-0.007500000000000001,-1.113955792934977
2022-08-24 21:30:00,0.0,0.0195340195259143,1.5704921072529434,116.24142275466512,-0.007500000000000001,-1.0449616128266703
2022-08-24 22:00:00,0.0,0.0181366346168367,1.1838419422503252,87.62315394537681,-0.008,-1.253771749886213
2022-08-24 22:30:00,0.0,3.586361836441259e-05,0.9772971808320928,72.33555280500936,-0.008,-1.5572668292971772
2022-08-24 23:00:00,0.0,3.461619743987309e-05,0.7895401921157085,58.43854600075359,-0.0085,-1.968711593910248
2022-08-24 23:30:00,0.0,3.41245826719415e-05,0.6633605239936206,49.09924141113769,-0.0085,-2.460308531684382
2022-08-25 00:00:00,0.0,3.3798281318612486e-05,0.5935145374633227,43.9295262559393,-0.008,-2.9765364761006996
2022-08-25 00:30:00,0.0,3.3352570329917715e-05,0.5935145374633227,43.9295262559393,-0.008,-3.4605839127268556
2022-08-25 01:00:00,0.0,3.191770297840187e-05,0.3592562042067493,26.590679518586786,-0.0085,-3.873915796523252
2022-08-25 01:30:00,0.0,3.235220977632475e-05,0.2518229211393141,18.638905920178,-0.0085,-4.202236303505917
2022-08-25 02:00:00,0.0,3.18386857926341e-05,0.2086797392695467,15.445623496443206,-0.0085,-4.452056080933009
2022-08-25 02:30:00,0.0,3.311050171962025e-05,0.1870714340382712,13.846264842044071,-0.0085,-4.641847676078368
2022-08-25 03:00:00,0.0,3.2869602527692825e-05,0.2518229211393141,18.638905920178,-0.007500000000000001,-4.79016113965189
2022-08-25 03:30:00,0.0,3.1995235324696024e-05,0.2086797392695467,15.445623496443206,-0.007500000000000001,-4.90691760150013
2022-08-25 04:00:00,0.0,3.195645334647196e-05,0.0569025841590706,4.211697282985533,-0.007500000000000001,-4.994311190745122
2022-08-25 04:30:00,0.0,3.1289254423377296e-05,0.1220987083746818,9.03724858751808,-0.007500000000000001,-5.054355455862235
2022-08-25 05:00:00,0.0,3.195645334647196e-05,0.1003915965024521,7.430576668398233,-0.007500000000000001,-5.093168424096812
2022-08-25 05:30:00,0.0,3.121129113513813e-05,0.1220987083746818,9.03724858751808,-0.007500000000000001,-5.117418893513936
2022-08-25 06:00:00,0.0,3.066923506111654e-05,0.2086797392695467,15.445623496443206,-0.007500000000000001,-5.128545125822137
2022-08-25 06:30:00,0.0,3.0399844855890523e-05,0.1220987083746818,9.03724858751808,-0.007500000000000001,-5.122018054274374
2022-08-25 07:00:00,0.0,3.066923506111654e-05,0.1003915965024521,7.430576668398233,-0.007500000000000001,-5.091781347822104
2022-08-25 07:30:00,0.0,3.105575964844068e-05,0.1220987083746818,9.03724858751808,-0.007500000000000001,-5.033809150914457
2022-08-25 08:00:00,0.0,3.1523934586024005e-05,0.2302635419788699,17.043168574066218,-0.007500000000000001,-4.944477817664216
2022-08-25 08:30:00,0.0,3.203566683225232e-05,0.3163553019991006,23.415329647648115,-0.007500000000000001,-4.815729101514163
2022-08-25 09:00:00,0.0,3.327119776282683e-05,0.4660905522470128,34.4981223881912,-0.007500000000000001,-1.5183502925049708
2022-08-25 09:30:00,0.0,3.511241543644672e-05,0.7830939935654796,57.961424665742015,-0.007500000000000001,-1.4794337557127644
2022-08-25 10:00:00,0.0,0.0092599965119369,1.1362600289550184,84.10133471859304,-0.007500000000000001,-1.440517218920558
2022-08-25 10:30:00,0.0,0.0099219582079795,2.140405934364757,158.42412065240345,-0.007500000000000001,-1.4016006821283515
2022-08-25 11:00:00,0.0,0.0457181573424765,3.1173099632637205,230.73057395423504,-0.007,
2022-08-25 11:30:00,0.0,0.0493518457728957,4.178368064785039,309.26576860856704,-0.007,
2022-08-25 12:00:00,0.0,0.0163617926630497,5.703114948538916,422.12131642683227,-0.005999999999999999,
2022-08-25 12:30:00,0.0,0.0170508164803746,7.079591719209412,524.0025149839894,-0.005999999999999999,
2022-08-25 13:00:00,0.0,0.1322205860594101,7.696522101753885,569.6651866245285,-0.005999999999999999,
2022-08-25 13:30:00,0.0,0.2039309040282091,7.254918849161604,536.979514320066,-0.005999999999999999,
2022-08-25 14:00:00,0.0,0.1653005195305708,6.899502708158378,510.6730606235536,-0.005999999999999999,
2022-08-25 14:30:00,0.0,0.2747332023219016,6.544086567155151,484.3666069270412,-0.005999999999999999,
2022-08-25 15:00:00,0.0,0.1132790231531308,6.188670426151925,458.0601532305289,-0.0065,
2022-08-25 15:30:00,0.0,0.1314473242751181,5.8332542851486995,431.7536995340165,-0.0065,
2022-08-25 16:00:00,0.0,0.3084465189490752,5.477838144145473,405.44724583750417,-0.0065,
2022-08-25 16:30:00,0.0,0.3634369148056207,5.122422003142247,379.1407921409918,-0.0065,
2022-08-25 17:00:00,0.0,0.1066824214488652,4.767005862139021,352.83433844447944,-0.0055,
2022-08-25 17:30:00,0.0,0.100478337249984,4.411589721135794,326.52788474796705,-0.0055,-0.8567691670374618
2022-08-25 18:00:00,0.4,0.046777674929905,4.056173580132568,300.2214310514547,-0.0055,-0.8178526302452553
2022-08-25 18:30:00,0.0,0.0146070387678049,3.700757439129342,273.9149773549424,-0.0055,-0.7789360934530489
2022-08-25 19:00:00,0.0,0.047349308835076,,317.435,-0.007,-0.7400195566608425
2022-08-25 19:30:00,0.0,0.0568011703709396,,332.005,-0.007,-0.7011030198686361
2022-08-25 20:00:00,0.0,4.3344266036965424e-05,,261.65,-0.007500000000000001,-0.7848844435184006
2022-08-25 20:30:00,0.0,4.055340692075748e-05,,200.897,-0.007500000000000001,-0.8418499495764002
2022-08-25 21:00:00,0.0,3.9972436580370545e-05,1.923676734113211,142.38270887238053,-0.008,-0.856185124657461
2022-08-25 21:30:00,0.0,3.899842064330296e-05,1.5438805688347337,114.2717451783582,-0.008,-0.8283074666751544
2022-08-25 22:00:00,0.0,3.73056019335144e-05,1.1156593724969632,82.57655811812157,-0.0075,-0.7695846533755447
2022-08-25 22:30:00,0.0,3.649629532168442e-05,0.9500784420164136,70.3209327308872,-0.0075,-0.6930989160726769
2022-08-25 23:00:00,0.0,3.5445205572522415e-05,0.804045008131765,59.51213334494616,-0.008,-0.6075893014698828
2022-08-25 23:30:00,0.0,3.5071174531835046e-05,0.824973609271532,61.061183073700754,-0.008,-0.5169964866801473
2022-08-26 00:00:00,0.0,3.4286814121211164e-05,0.5870665721479578,43.4522741521756,-0.008,-0.4240354293671045
2022-08-26 00:30:00,0.0,0.0123157368696861,0.3956109943353169,29.28151286246384,-0.008,-0.333961285837391
2022-08-26 01:00:00,0.0,0.0236245127479165,0.4169780758766087,30.86301712281901,-0.008,-0.2548243228045925
2022-08-26 01:30:00,0.0,0.0139381749186564,0.3956109943353169,29.28151286246384,-0.008,-0.1934538493714389
2022-08-26 02:00:00,0.0,3.4286814121211164e-05,0.3742201013780031,27.6982461781758,-0.008,-0.1509437979929616
2022-08-26 02:30:00,0.0,3.3352570329917715e-05,0.202226516767072,14.967982277123625,-0.008,-0.1225950429773065
2022-08-26 03:00:00,0.0,0.0132088020670632,0.2669057819191248,19.755277781048072,-0.0075,-0.1022043306377107
2022-08-26 03:30:00,0.0,3.359580809359443e-05,0.2238106769752479,16.565553815354157,-0.0075,-0.0859972128265827
2022-08-26 04:00:00,0.0,3.3151868853285435e-05,0.1589845858863569,11.767390854206246,-0.008,-0.0734340275249072
2022-08-26 04:30:00,0.0,3.400155713459838e-05,0.1373266561963818,10.164359199697117,-0.008,-0.0660503914110213
2022-08-26 05:00:00,0.0,3.295032186546801e-05,0.2669057819191248,19.755277781048072,-0.008,-0.0658250445691887
2022-08-26 05:30:00,0.0,3.2869602527692825e-05,0.202226516767072,14.967982277123625,-0.008,-0.0734327084205724
2022-08-26 06:00:00,0.0,3.3191613558943914e-05,0.1806178461834031,13.3685965808299,-0.007500000000000001,-0.0868214085828969
2022-08-26 06:30:00,0.0,0.0118499342258067,0.2238106769752479,16.565553815354157,-0.007500000000000001,-0.101105904217887
2022-08-26 07:00:00,0.0,3.311050171962025e-05,0.2238106769752479,16.565553815354157,-0.007500000000000001,-0.1245662494272186
2022-08-26 07:30:00,0.0,3.331269792334119e-05,0.2669057819191248,19.755277781048072,-0.007500000000000001,-0.1480265946365502
2022-08-26 08:00:00,0.0,3.3151868853285435e-05,0.5658872721471246,41.88466871584455,-0.007,-0.1714869398458818
2022-08-26 08:30:00,0.0,3.367603199451579e-05,0.6926174502839656,51.264719812278315,-0.007,-0.1949472850552134
2022-08-26 09:00:00,0.0,3.536052203677899e-05,1.026597309421876,75.98454732258661,-0.007,-0.7108347650555106
2022-08-26 09:30:00,0.0,4.123069674470341e-05,2.406585872604007,178.125674443591,-0.007,-0.7285706140383443
2022-08-26 10:00:00,0.0,0.0440809023263913,3.7387667340819246,276.72827040034207,-0.007,-0.746306463021178
2022-08-26 10:30:00,0.0,0.0658959838890778,5.135658372179613,380.1204942113833,-0.007,-0.7640423120040117
2022-08-26 11:00:00,0.0,0.1013608610170595,6.13003089774583,453.7198944160417,-0.007,
2022-08-26 11:30:00,0.0,0.0271330043755021,6.832079204259211,505.6826477560526,-0.007,
2022-08-26 12:00:00,0.0,0.1217251103640183,7.406654602589696,548.2103761497916,-0.005999999999999999,
2022-08-26 12:30:00,0.0,0.0371969676625441,7.406654602589696,548.2103761497916,-0.005999999999999999,
2022-08-26 13:00:00,0.0,0.3315863716714272,8.401447183503214,621.8408671386574,-0.005999999999999999,
2022-08-26 13:30:00,0.0,0.3237749184409982,8.630057724910802,638.7616873498553,-0.005999999999999999,
2022-08-26 14:00:00,0.0,0.4648453970300019,8.10509881568266,599.9063691890057,-0.0055,
2022-08-26 14:30:00,0.0,0.4368758957083511,7.58013990645452,561.051051028156,-0.0055,
2022-08-26 15:00:00,0.0,0.3296910333945467,7.055180997226379,522.1957328673066,-0.005000000000000001,
2022-08-26 15:30:00,0.0,0.4491521394870571,6.530222087998238,483.34041470645695,-0.005000000000000001,
2022-08-26 16:00:00,0.0,0.3968249002071174,6.005263178770097,444.48509654560735,-0.0045000000000000005,
2022-08-26 16:30:00,0.0,0.3668968357278117,5.480304269541955,405.62977838475774,-0.0045000000000000005,-0.976872499798016
2022-08-26 17:00:00,2.0,0.0415509474194445,4.955345360313815,366.7744602239082,-0.0045000000000000005,-0.9946083487808496
2022-08-26 17:30:00,2.0,0.0134021875639397,4.430386451085673,327.9191420630586,-0.0045000000000000005,-1.0123441977636831
2022-08-26 18:00:00,0.8,3.636778521064745e-05,3.905427541857532,289.063823902209,-0.005,-1.0300800467465172
2022-08-26 18:30:00,0.0,3.6580953183153445e-05,3.380468632629391,250.20850574135943,-0.005,-1.0478158957293509
2022-08-26 19:00:00,0.0,3.662332912531117e-05,,85.986,-0.0055000000000000005,-0.875413721666998
2022-08-26 19:30:00,0.0,3.704881103455631e-05,,73.865,-0.0055000000000000005,-0.6953831062456797
2022-08-26 20:00:00,0.0,3.67506449348709e-05,,59.196,-0.0065,-0.5564738365254017
2022-08-26 20:30:00,0.0,0.0110451639709282,,83.986,-0.0065,-0.4696808518716507
2022-08-26 21:00:00,0.0,3.391914214544388e-05,0.7556740864886846,55.93191493711146,-0.007,-0.4197577599378607
2022-08-26 21:30:00,0.0,3.3392474329447656e-05,0.6715531151864419,49.70562360936896,-0.007,-0.3825355485189262
2022-08-26 22:00:00,0.0,3.259057729906609e-05,0.6504659322341066,48.14483630139901,-0.0075,-0.3391386668389055
2022-08-26 22:30:00,0.0,3.267083954047346e-05,0.5446847599423102,40.31534520681285,-0.0075,-0.2828602159316418
2022-08-26 23:00:00,0.0,3.223346470019411e-05,0.3528053206620683,26.11321141938697,-0.0075,-0.2184076302645451
2022-08-26 23:30:00,0.0,3.227247190730846e-05,0.3313665755190579,24.526402911410926,-0.0075,-0.1563910229637852
2022-08-27 00:00:00,0.0,3.243207941373169e-05,0.3249152860840876,24.04890476986675,-0.008,-0.106526734382719
2022-08-27 00:30:00,0.0,3.311050171962025e-05,0.1957731859341102,14.490333039623058,-0.008,-0.0728941130123764
2022-08-27 01:00:00,0.0,3.3716191316882116e-05,0.1957731859341102,14.490333039623058,-0.008,-0.053475102022993
2022-08-27 01:30:00,0.0,0.0325180253999486,-0.1309818741464937,-9.694744300557442,-0.008,-0.0432339483300214
2022-08-27 02:00:00,0.0,0.0157544291317999,0.1741641477666119,12.890920136272944,-0.008,-0.0375396821709766
2022-08-27 02:30:00,0.0,0.0683354280393674,0.2819649448303355,20.869895622302515,-0.008,-0.0336743749054578
2022-08-27 03:00:00,0.0,0.0361592740648203,0.3034521786975014,22.460293067948072,-0.008,-0.030631125870004
2022-08-27 03:30:00,0.0,0.0239625086842248,0.3677694304852701,27.22079381860617,-0.008,-0.028457215525246
2022-08-27 04:00:00,0.0,3.3798281318612486e-05,0.3249152860840876,24.04890476986675,-0.008,-0.0277718755616544
2022-08-27 04:30:00,0.0,3.2910769402496645e-05,0.1525305120047398,11.289686619273686,-0.008,-0.0295649251378282
2022-08-27 05:00:00,0.0,3.2749591528663496e-05,0.2173577058701692,16.087931203444853,-0.008,-0.035520541436527
2022-08-27 05:30:00,0.0,3.2830114591837195e-05,0.1957731859341102,14.490333039623058,-0.008,-0.0493293525481572
2022-08-27 06:00:00,0.0,3.195645334647196e-05,0.1525305120047398,11.289686619273686,-0.008,-0.0785622614536872
2022-08-27 06:30:00,0.0,3.1995235324696024e-05,0.2819649448303355,20.869895622302515,-0.008,-0.134773698724497
2022-08-27 07:00:00,0.0,3.078563437100488e-05,0.0222076603355522,1.6437204755981414,-0.008,-0.2294322633958988
2022-08-27 07:30:00,0.0,3.121129113513813e-05,0.1957731859341102,14.490333039623058,-0.008,-0.3671599570180999
2022-08-27 08:00:00,0.0,0.0004359222921656,0.3034521786975014,22.460293067948072,-0.008,-0.5418149453197777
2022-08-27 08:30:00,0.0,0.0004418276821769,0.4957608051107358,36.69419353712717,-0.008,-0.7384975217285612
2022-08-27 09:00:00,0.0,0.0021028393867059,0.7492276267025699,55.4547742664847,-0.0075,-0.937983106752704
2022-08-27 09:30:00,0.0,0.0022161447322177,1.1027701095374172,81.62254742443056,-0.0075,-1.1185541624051187
2022-08-27 10:00:00,0.0,0.0204783779364717,1.7517261350629345,129.65562658727237,-0.007,-1.2553435524816765
2022-08-27 10:30:00,0.0,0.0217483232132667,2.4194701741896347,179.0793179166125,-0.007,-1.32249131027159
2022-08-27 11:00:00,0.0,0.0361058380399194,3.949815884715507,292.3492680656682,-0.007,-1.3028345005355235
2022-08-27 11:30:00,0.0,0.0766851312964561,4.6957507409797055,347.5603248891978,-0.007,-1.202065139765265
2022-08-27 12:00:00,0.8,0.0293009050320836,3.732272960194575,276.2476277328454,-0.0065,-1.054148351525789
2022-08-27 12:30:00,0.0,0.0149322989565895,3.1791565791899115,235.30820831140275,-0.0065,-0.9066686999927794
2022-08-27 13:00:00,0.0,0.0791857832192227,3.457408916060292,255.90331182911433,-0.006000000000000001,-0.7937315298375106
2022-08-27 13:30:00,0.0,0.0842949519469912,4.236748594461116,313.58685739301717,-0.006000000000000001,-0.7193508560085455
2022-08-27 14:00:00,0.0,0.0244027007486091,4.113831173307789,304.4890110235824,-0.005999999999999999,-0.6649020944920025
2022-08-27 14:30:00,0.0,3.259057729906609e-05,3.9909137521544618,295.39116465414764,-0.005999999999999999,-0.6109674554820506
2022-08-27 15:00:00,0.4,3.062997880469489e-05,3.8679963310011343,286.2933182847129,-0.005000000000000001,-0.5535677372177368
2022-08-27 15:30:00,0.0,3.090075487188714e-05,3.745078909847807,277.1954719152781,-0.005000000000000001,-0.5046749456675063
2022-08-27 16:00:00,0.2,0.0022957693720738,3.6221614886944793,268.09762554584336,-0.005000000000000001,-0.4814252915651075
2022-08-27 16:30:00,0.2,0.0023421621966985,3.499244067541152,258.9997791764086,-0.005000000000000001,-0.4937898226714238
2022-08-27 17:00:00,0.0,0.0117687879666147,3.3763266463878248,249.90193280697383,-0.0045000000000000005,-0.5377538958583448
2022-08-27 17:30:00,0.0,0.0498015586016803,3.2534092252344973,240.80408643753907,-0.0045000000000000005,-0.5965751477711271
2022-08-27 18:00:00,0.0,0.0275498815134603,3.13049180408117,231.70624006810428,-0.0045000000000000005,-0.6487854976023711
2022-08-27 18:30:00,0.0,3.453450868479409e-05,3.0075743829278423,222.60839369866952,-0.0045000000000000005,-0.6779976045097336
2022-08-27 19:00:00,0.0,3.445124818432026e-05,,265.513,-0.0055000000000000005,-0.6784877217948942
2022-08-27 19:30:00,0.0,3.432914474509867e-05,,252.293,-0.0055000000000000005,-0.6542060327603073
2022-08-27 20:00:00,0.0,3.441051549534346e-05,,227.042,-0.006000000000000001,-0.6138113992932108
2022-08-27 20:30:00,0.0,3.396117416792823e-05,2.515904698314533,186.21700822093047,-0.006000000000000001,-0.5659942737033807
2022-08-27 21:00:00,0.0,3.383853668811971e-05,1.950353501556624,144.35721443518895,-0.006999999999999999,-0.5173458031223431
2022-08-27 21:30:00,0.0,3.074627670305405e-05,1.6316211020000788,120.7659417179591,-0.006999999999999999,-0.4724751449847297
2022-08-27 22:00:00,0.0,3.323138986250876e-05,1.1233708524508048,83.14733042397324,-0.0075,-0.4347801716515691
2022-08-27 22:30:00,0.0,3.3758057524395963e-05,1.0201524246061815,75.50752322484908,-0.0075,-0.4064417744219779
2022-08-27 23:00:00,0.0,3.347404308669146e-05,0.8538724679962899,63.20015877350724,-0.008,-0.3877227938733819
2022-08-27 23:30:00,0.0,3.3191613558943914e-05,0.8329882152662857,61.654391533231205,-0.008,-0.3767342707412509
2022-08-28 00:00:00,0.0,3.3352570329917715e-05,0.8474267150581719,62.72307042088732,-0.0085,-0.3702039401729309
2022-08-28 00:30:00,0.0,0.0343310169438669,0.7637551054007221,56.53003901000837,-0.0085,-0.3647173128696976
2022-08-28 01:00:00,0.0,0.0484337708633023,0.7992446025784814,59.156826897536405,-0.0085,-0.3576629754668814
2022-08-28 01:30:00,0.0,0.0352296166685954,0.8347340997562406,61.78361478506444,-0.0085,-0.3475400057980609
2022-08-28 02:00:00,0.0,0.0291313851652658,0.8702235969339999,64.41040267259247,-0.0085,-0.3337660326246739
2022-08-28 02:30:00,0.0,0.0317357880738297,0.9057130941117592,67.03719056012051,-0.0085,-0.316258406308196
2022-08-28 03:00:00,0.0,0.0213739292201813,0.9412025912895184,69.66397844764853,-0.0085,-0.2952464700875005
2022-08-28 03:30:00,0.0,2.6830936314465047e-05,0.9766920884672776,72.29076633517657,-0.0085,-0.2717921554059393
2022-08-28 04:00:00,0.0,2.6938456935766543e-05,1.012181585645037,74.9175542227046,-0.009000000000000001,-0.2484369973837072
2022-08-28 04:30:00,0.0,2.6830936314465047e-05,1.0476710828227962,77.54434211023263,-0.009000000000000001,-0.2285921797337306
2022-08-28 05:00:00,0.0,2.6365696203895816e-05,1.0831605800005557,80.17112999776066,-0.009500000000000001,-0.2148959405730224
2022-08-28 05:30:00,0.0,2.6116273850256723e-05,1.1186500771783146,82.7979178852887,-0.009500000000000001,-0.2086547451452996
2022-08-28 06:00:00,0.0,2.5657134418759616e-05,,16.921,-0.009500000000000001,-0.211309826484418
2022-08-28 06:30:00,0.0,2.5236673719742934e-05,,15.073,-0.009500000000000001,-0.2263300942752842
2022-08-28 07:00:00,0.0,2.513267772622862e-05,,17.723,-0.009500000000000001,-0.2591087219958133
2022-08-28 07:30:00,0.0,2.643646021215821e-05,,24.407,-0.009500000000000001,-0.3143568316887472
2022-08-28 08:00:00,0.0,2.7228112823298044e-05,,40.026,-0.009000000000000001,-0.39321274950434
2022-08-28 08:30:00,0.0,2.7191966871061615e-05,,95.893,-0.009000000000000001,-0.493147300338591
2022-08-28 09:00:00,0.0,2.7300506301294197e-05,,74.972,-0.009000000000000001,-0.6098670741747936
2022-08-28 09:30:00,0.0,3.195645334647196e-05,,195.675,-0.009000000000000001,-0.7363866314971546
2022-08-28 10:00:00,0.0,3.351404317298461e-05,,264.122,-0.009000000000000001,-0.8587531520206739
2022-08-28 10:30:00,0.0,3.5947332179102164e-05,,342.86,-0.009000000000000001,-0.957332698894721
2022-08-28 11:00:00,0.0,0.0035529324539969,,419.774,-0.008,-1.018699306439605
2022-08-28 11:30:00,0.0,0.0892846472037137,,447.343,-0.008,-1.046792730430835
2022-08-28 12:00:00,0.0,0.2090305970782084,,480.291,-0.0075,-1.0589298028089469
2022-08-28 12:30:00,0.0,0.1560071805612655,,472.472,-0.0075,-1.0710526889004093
2022-08-28 13:00:00,0.0,0.3218313719965999,,491.788,-0.006999999999999999,-1.0882304836488486
2022-08-28 13:30:00,0.0,0.2402663298481816,,487.885,-0.006999999999999999,-1.1059674662506218
2022-08-28 14:00:00,0.0,0.2237668005824335,,465.907,-0.006999999999999999,-1.116348471373563
2022-08-28 14:30:00,0.0,0.3796066975527106,,463.675,-0.006999999999999999,-1.1129760529554462
2022-08-28 15:00:00,0.0,0.4377489036959108,,422.506,-0.0065,-1.0930175418921262
2022-08-28 15:30:00,0.0,0.4441761681844831,,407.16,-0.0065,-1.0574202713758467
2022-08-28 16:00:00,0.0,0.28255961624547,,464.344,-0.0065,-1.0105083499276852
2022-08-28 16:30:00,0.0,0.2187071560277959,,459.981,-0.0065,-0.958561031789685
2022-08-28 17:00:00,0.0,0.1338089132469893,,415.923,-0.0065,-0.9068315612695688
2022-08-28 17:30:00,0.0,0.0214569179648989,,396.865,-0.0065,-0.8565854526721883
2022-08-28 18:00:00,0.0,0.1429423206873067,,412.398,-0.006999999999999999,-0.8047747177603972
2022-08-28 18:30:00,0.0,0.1518353312508068,,402.34,-0.006999999999999999,-0.7475827371489803
2022-08-28 19:00:00,0.0,0.056262732332975,,380.892,-0.006999999999999999,-0.6847495210059141
2022-08-28 19:30:00,0.0,0.0486403123258424,,327.489,-0.006999999999999999,-0.6196392529332022
2022-08-28 20:00:00,0.0,0.0566940680479448,,235.164,-0.008,-0.5551925475207471
2022-08-28 20:30:00,0.0,0.0746403683174194,,188.882,-0.008,-0.4915271811478811
2022-08-28 21:00:00,0.0,0.0507151136509626,2.2188244896888514,164.2283423986577,-0.008,-0.4273109513657446
2022-08-28 21:30:00,0.0,3.726272530589475e-05,1.7253112189527364,127.70050219255933,-0.008,-0.3617182953951692
2022-08-28 22:00:00,0.0,3.408241776180299e-05,1.3828176857218628,102.3505272368324,-0.008,-0.2953747054269702
2022-08-28 22:30:00,0.0,3.515368783130449e-05,1.362489343097751,100.84590619610374,-0.008,-0.2314760327849583
2022-08-28 23:00:00,0.0,0.0431646439711504,1.0757032543457443,79.61916915691546,-0.008,-0.1763021762767239
2022-08-28 23:30:00,0.0,3.624131975377748e-05,0.9722687426541968,71.96336831243337,-0.008,-0.1363100859267228
2022-08-29 00:00:00,0.0,3.303117294097335e-05,0.6105422906113535,45.18985112042048,-0.008,-0.1131616712101846
2022-08-29 00:30:00,0.0,3.1798421662995925e-05,0.3601878012002654,26.65963252985005,-0.008,-0.101877224603825
2022-08-29 01:00:00,0.0,3.243207941373169e-05,0.4857715287115807,35.95482802515495,-0.009000000000000001,-0.094307000563547
2022-08-29 01:30:00,0.0,3.295032186546801e-05,0.3601878012002654,26.65963252985005,-0.009000000000000001,-0.0844553253353961
2022-08-29 02:00:00,0.0,3.2749591528663496e-05,0.1490329284301219,11.030809743013489,-0.009000000000000001,-0.0711015800093257
2022-08-29 02:30:00,0.0,3.2510446819210245e-05,0.2970862704092691,21.989114490779546,-0.009000000000000001,-0.0566653604720615
2022-08-29 03:00:00,0.0,3.2749591528663496e-05,0.254902563376116,18.866848482593916,-0.009000000000000001,-0.0446639714776069
2022-08-29 03:30:00,0.0,3.1719603457852996e-05,0.0639101933966515,4.730371948157817,-0.009000000000000001,-0.0383811659792807
2022-08-29 04:00:00,0.0,3.331269792334119e-05,0.1702540520573548,12.601510793652318,-0.009500000000000001,-0.0412776327034695
2022-08-29 04:30:00,0.0,0.0340538489208667,0.1277880564716316,9.458350937718864,-0.009500000000000001,-0.0573387432779094
2022-08-29 05:00:00,0.0,0.0582988921289054,0.1490329284301219,11.030809743013489,-0.009500000000000001,-0.0894263188285722
2022-08-29 05:30:00,0.0,0.0582900396109416,0.2126253549735464,15.73766188425677,-0.009500000000000001,-0.1365178115085655
2022-08-29 06:00:00,0.0,0.0708684974503165,0.1914515025963271,14.170459658815217,-0.009500000000000001,-0.1933257606962052
2022-08-29 06:30:00,0.0,0.0395539834982754,0.3181432449121955,23.54766589248656,-0.009500000000000001,-0.2538167001956343
2022-08-29 07:00:00,0.0,0.0417492165503851,0.4230822406373133,31.314822511229607,-0.009000000000000001,-0.3155385256303523
2022-08-29 07:30:00,0.0,0.0591159953472484,1.000455071692311,74.04960546987604,-0.009000000000000001,-0.3805244728489819
2022-08-29 08:00:00,0.0,0.07253530809558,1.6009014187161177,118.49219600793036,-0.009000000000000001,-0.4523232389137943
2022-08-29 08:30:00,0.0,0.0661476702526532,2.5075481696406943,185.59849203874077,-0.009000000000000001,-0.5324116248249989
2022-08-29 09:00:00,0.0,0.0830767742370034,3.3772676219191595,249.97157997936935,-0.009000000000000001,-0.6188737072374686
2022-08-29 09:30:00,0.0,0.0732239721042312,4.214554807246615,311.9441637492774,-0.009000000000000001,-0.7070452089051692
2022-08-29 10:00:00,0.0,0.0061307557358772,4.836329908613616,357.9654217247469,-0.008,-0.7905016277976127
2022-08-29 10:30:00,0.0,0.0950474462024441,5.757117629053776,426.1183746652166,-0.008,-0.862869614628542
2022-08-29 11:00:00,0.0,0.0088976849048872,6.74189277211786,499.00741574637703,-0.0085,-0.9211871664121936
2022-08-29 11:30:00,0.0,0.1027647913854285,6.63067243109437,490.7753395582047,-0.0085,-0.9676866620964408
2022-08-29 12:00:00,0.0,0.0619665362037509,7.119923971835208,526.9877438854728,-0.008,-1.0066040661897355
2022-08-29 12:30:00,0.0,0.1733048556257675,8.044107984971472,595.3920765643463,-0.008,-1.0396189297857026
2022-08-29 13:00:00,0.0,0.2667340034647246,8.119859931781038,600.9989268203352,-0.008,-1.0662274084302428
2022-08-29 13:30:00,0.0,0.1688073688266733,8.08958145019684,598.7578370613078,-0.008,-1.0875529417302123
2022-08-29 14:00:00,0.0,0.2501131343968058,7.6958850594049,569.6180353471301,-0.0075,-1.107235214334351
2022-08-29 14:30:00,0.0,0.1662618929883128,7.30218866861296,540.4782336329525,-0.0075,-1.1281539109407916
2022-08-29 15:00:00,0.0,0.0573588744142704,6.908492277821019,511.33843191877486,-0.006999999999999999,-1.1489165180253198
2022-08-29 15:30:00,0.0,0.220045757055483,6.514795887029079,482.1986302045972,-0.006999999999999999,-1.1634200524190097
2022-08-29 16:00:00,0.0,0.4039881727469506,6.121099496237139,453.0588284904195,-0.006999999999999999,-1.1637375172401143
2022-08-29 16:30:00,0.0,0.42048970980125,5.727403105445198,423.9190267762419,-0.006999999999999999,-1.1443625683464351
2022-08-29 17:00:00,0.0,0.3625092708566216,5.333706714653258,394.77922506206426,-0.006999999999999999,-1.1055989562082262
2022-08-29 17:30:00,0.0,0.3840611396301465,4.940010323861317,365.6394233478866,-0.006999999999999999,-1.0544038952693409
2022-08-29 18:00:00,0.0,0.3270642767828023,4.546313933069376,336.49962163370895,-0.006999999999999999,-1.0021445609468778
2022-08-29 18:30:00,0.0,0.1748947278827172,4.152617542277436,307.35981991953133,-0.006999999999999999,-0.960146671780554
2022-08-29 19:00:00,0.0,0.1429322674180944,,407.127,-0.006999999999999999,-0.9345774782225428
2022-08-29 19:30:00,0.0,0.0070866298356778,,328.852,-0.006999999999999999,-0.9220129182381857
2022-08-29 20:00:00,0.0,0.080372365579167,,238.58,-0.006999999999999999,-0.9088375651600784
2022-08-29 20:30:00,0.0,5.0658528157429184e-05,,172.565,-0.006999999999999999,-0.8780651090643188
2022-08-29 21:00:00,0.0,4.7802675107142526e-05,2.184135588317734,161.66081134864302,-0.0075,-0.8199345772612945
2022-08-29 21:30:00,0.0,4.508809620394872e-05,1.816672666795363,134.46270407380862,-0.0075,-0.7369700011579698
2022-08-29 22:00:00,0.0,4.750698140197261e-05,1.3828178405816336,102.35053869892126,-0.008,-0.6412572429216754
2022-08-29 22:30:00,0.0,4.556655502555563e-05,1.121996297024744,83.04559143551063,-0.008,-0.5492189641552622
2022-08-29 23:00:00,0.0,0.0394497215864266,1.202612357320873,89.01246354038813,-0.008,-0.4757961080885062
2022-08-29 23:30:00,0.0,0.039054473183441,1.1017911136300018,81.5500861388097,-0.008,-0.4278479474293563
2022-08-30 00:00:00,0.0,0.0504405521362897,0.8124708398965277,60.135779059371714,-0.008,-0.4013779135464579
2022-08-30 00:30:00,0.0,0.0363081814904949,0.5017213741102303,37.13537055274461,-0.008,-0.3863047276994986
2022-08-30 01:00:00,0.0,3.7649739217570726e-05,0.5642707479232294,41.76502018349271,-0.008,-0.3733050762624709
2022-08-30 01:30:00,0.0,3.7865839024847846e-05,0.207102296750654,15.328867632556364,-0.008,-0.3556097590807494
2022-08-30 02:00:00,0.0,0.0284930554144509,0.1646405058703666,12.186018991776336,-0.0095,-0.327926976608375
2022-08-30 02:30:00,0.0,3.679314618140097e-05,0.2917429168952228,21.593621248957195,-0.0095,-0.2882509650950101
2022-08-30 03:00:00,0.0,0.0427452439455428,0.0366819689069843,2.715049783120939,-0.01,-0.2413610392790492
2022-08-30 03:30:00,0.0,0.0294828718489342,0.2706179456701621,20.030037007105975,-0.01,-0.1979526562422721
2022-08-30 04:00:00,0.0,0.026069768595031,0.3970192514071023,29.385746309338643,-0.0095,-0.1678798414808968
2022-08-30 04:30:00,0.0,0.0244595419487689,0.207102296750654,15.328867632556364,-0.0095,-0.1529735978096711
2022-08-30 05:00:00,0.0,0.0251298741884705,0.1007692768027802,7.458531024395182,-0.0095,-0.1461930174806972
2022-08-30 05:30:00,0.0,0.020455646223814,0.1646405058703666,12.186018991776336,-0.0095,-0.1376880609720472
2022-08-30 06:00:00,0.0,0.0306255753395496,0.0366819689069843,2.715049783120939,-0.0095,-0.1216923853692053
2022-08-30 06:30:00,0.0,0.0220192785185716,-0.0061639729223936,-0.4562321446960745,-0.0095,-0.098742804617116
2022-08-30 07:00:00,0.0,0.0220237912574448,0.0580685414857733,4.2979966906051015,-0.01,-0.0733275353821882
2022-08-30 07:30:00,0.0,0.0208087114658738,0.185883253770369,13.758320582921645,-0.01,-0.0504123786069076
2022-08-30 08:00:00,0.0,0.0284213505304538,0.4808264552813816,35.58881385131865,-0.01,-0.0332222538585899
2022-08-30 08:30:00,0.0,0.0212117104182987,0.6887665628240338,50.9796928228759,-0.01,-0.022722823460065
2022-08-30 09:00:00,0.0,0.0209588444087844,1.0778500967584894,79.77806967945553,-0.009,-0.0184969609936528
2022-08-30 09:30:00,0.0,3.9175080635699856e-05,1.989631940253222,147.26444432611834,-0.009,-0.0210090782364268
2022-08-30 10:00:00,0.0,4.556655502555563e-05,3.613032651225831,267.4219462154277,-0.009,-0.0351354092186139
2022-08-30 10:30:00,0.0,0.0632195636922482,4.958857736902903,367.0344320187872,-0.009,-0.0733890195872811
2022-08-30 11:00:00,0.0,0.1277468322631676,6.49301193833115,480.58627113690903,-0.009,-0.1542503040853519
2022-08-30 11:30:00,0.0,0.0890712088833365,7.562490785296679,559.7447350369566,-0.009,-0.2910213132163778
2022-08-30 12:00:00,0.0,0.235263058610091,8.309790921782783,615.0568443361532,-0.008499999999999999,-0.4757685106968927
2022-08-30 12:30:00,0.0,0.246351540405302,8.832832767342229,653.7702692602705,-0.008499999999999999,-0.6746860639867865
2022-08-30 13:00:00,0.0,0.3750235109064693,9.362213587431256,692.9528792345524,-0.008,-0.8460023170152751
2022-08-30 13:30:00,0.0,0.3942861325295914,9.113276816175972,674.5275943617221,-0.008,-0.9670641685114972
2022-08-30 14:00:00,0.0,0.3642319535709441,8.672833108980894,641.9277468799996,0.063,-1.0438700342645213
2022-08-30 14:30:00,0.0,0.3928504626865827,8.232389401785818,609.3278993982772,0.063,-1.094972850638294
2022-08-30 15:00:00,0.0,0.5856414859406049,7.791945694590741,576.7280519165547,0.10149999999999999,-1.129672269805272
2022-08-30 15:30:00,0.0,0.6054779503936175,7.351501987395664,544.1282044348322,0.10149999999999999,-1.1432097952789002
2022-08-30 16:00:00,0.0,0.485437571858133,6.911058280200586,511.5283569531097,0.18,-1.1294760838939817
2022-08-30 16:30:00,0.0,0.3525324787653437,6.470614573005509,478.9285094713872,0.18,-1.094284015933573
2022-08-30 17:00:00,0.0,0.3144898144036698,6.030170865810432,446.32866198966474,0.1935,-1.0569119149017228
2022-08-30 17:30:00,0.0,0.3277104317702396,5.589727158615355,413.7288145079423,0.1935,-1.0429763373442034
2022-08-30 18:00:00,0.0,0.2922500860687404,5.149283451420278,381.1289670262198,0.248,-1.076393167614811
2022-08-30 18:30:00,0.0,0.2916645429742401,4.708839744225201,348.52911954449735,0.248,-1.1700200647904535
2022-08-30 19:00:00,0.0,0.1678336650776368,,375.103,0.208,-1.3121453973641757
2022-08-30 19:30:00,0.0,0.1442572009373363,,327.738,0.208,-1.4592090841174892
2022-08-30 20:00:00,0.0,0.0690010791609104,,269.985,0.157,-1.5515604100423237
2022-08-30 20:30:00,0.0,0.1012741465654175,,187.928,0.157,-1.5474156843315454
2022-08-30 21:00:00,0.0,0.0934413254800519,2.5066212082498143,185.52988213588492,0.1555,-1.4456062876465987
2022-08-30 21:30:00,0.0,0.0869705710673205,1.872989527275733,138.6310484781399,0.1555,-1.2782788697789855
2022-08-30 22:00:00,0.0,0.0822745840868679,1.4991923742126778,110.9641072098418,0.161,-1.0862210884437908
2022-08-30 22:30:00,0.0,0.0543080175120782,1.2192856953256217,90.24655604094298,0.161,-0.9000933117787682
2022-08-30 23:00:00,0.0,0.0515007023585164,0.9353981085958526,69.23435430401196,0.1655,-0.7360483201216869
2022-08-30 23:30:00,0.0,4.320531800140154e-05,0.7713231252716246,57.09019298541934,0.1655,-0.599625102482102
2022-08-31 00:00:00,0.0,4.0372945814983454e-05,0.6634319608031475,49.10452887252519,0.1675,-0.4902650768096109
2022-08-31 00:30:00,0.0,0.0374734795714985,0.538542449934417,39.86071646272663,0.1675,-0.4039840861472373
2022-08-31 01:00:00,0.0,3.899842064330296e-05,0.4967328051481547,36.766137016973616,0.1685,-0.3352885057323185
2022-08-31 01:30:00,0.0,0.0334001873874375,0.4338478258149429,32.111647233910396,0.1685,-0.2793714227609922
2022-08-31 02:00:00,0.0,3.891027643412545e-05,0.3285800400544234,24.320154917250655,0.169,-0.2335213280060454
2022-08-31 02:30:00,0.0,3.7649739217570726e-05,0.2014892969593542,14.91341627266154,0.169,-0.1964644984788308
2022-08-31 03:00:00,0.0,3.6835678740633714e-05,0.2227299923147997,16.485565942827133,0.169,-0.1665460357170293
2022-08-31 03:30:00,0.0,3.653860858022648e-05,0.1589366200206674,11.76384061638865,0.169,-0.1412570488142658
2022-08-31 04:00:00,0.0,3.713428294613371e-05,0.180224864730651,13.339509695914572,0.16899999999999998,-0.1189381733512784
2022-08-31 04:30:00,0.0,0.0253658809809227,0.2863104084506306,21.191529122667752,0.16899999999999998,-0.1001656361897682
2022-08-31 05:00:00,0.0,3.5653147602019764e-05,0.2014892969593542,14.91341627266154,0.16849999999999998,-0.1612514145940328
2022-08-31 05:30:00,0.0,3.445124818432026e-05,0.0735439929582033,5.44342651391864,0.16849999999999998,-0.2223371929982974
2022-08-31 06:00:00,0.0,3.441051549534346e-05,0.0949282501067285,7.02620204269488,0.16849999999999998,-0.283422971402562
2022-08-31 06:30:00,0.0,3.548673107177264e-05,0.0092457387929333,0.6843318898230379,0.16849999999999998,-0.3445087498068266
2022-08-31 07:00:00,0.0,0.0204471343607543,0.1376244869009777,10.186403414171272,0.16899999999999998,-0.4055945282110912
2022-08-31 07:30:00,0.0,3.351404317298461e-05,0.3707565119044728,27.44188540668139,0.16899999999999998,-0.4666803066153558
2022-08-31 08:00:00,0.0,3.3716191316882116e-05,0.6218914679922053,46.029870958630845,0.16799999999999998,-0.5277660850196204
2022-08-31 08:30:00,0.0,3.424620892888093e-05,0.8492755609539302,62.85991445619609,0.16799999999999998,-0.588851863423885
2022-08-31 09:00:00,0.0,3.6073138475722e-05,1.256082366366023,92.9700956083295,0.16749999999999998,-0.9307457253158372
2022-08-31 09:30:00,0.0,3.8734359909475526e-05,2.10385955775122,155.71910685802268,0.16749999999999998,-0.9613981388529064
2022-08-31 10:00:00,0.0,4.204932231105377e-05,3.1957082193632473,236.53329323464837,0.16749999999999998,-0.9920505523899756
2022-08-31 10:30:00,0.0,4.854528869139523e-05,4.945216557138099,366.02476750879697,0.16749999999999998,-1.0227029659270448
2022-08-31 11:00:00,0.0,5.387306312526861e-05,6.3217779967958965,467.91223291919187,0.16649999999999998,
2022-08-31 11:30:00,0.0,6.167236228428405e-05,8.000090249890924,592.1340632775742,0.16649999999999998,
2022-08-31 12:00:00,0.0,0.275467025823195,9.005384472192576,666.5418429459427,0.16399999999999998,-1.114660206538252
2022-08-31 12:30:00,0.0,0.3000055036692161,9.605669354849637,710.9724825498738,0.16399999999999998,-1.1453126200753212
2022-08-31 13:00:00,0.0,0.5378377616264818,9.605669354849637,710.9724825498738,0.1565,-1.1759650336123904
2022-08-31 13:30:00,0.0,0.5502486385435439,9.562103467421316,707.7479131840998,0.1565,-1.2066174471494595
2022-08-31 14:00:00,0.0,0.4102285390836408,9.128207764975508,675.6327223171697,0.1545,-1.2372698606865289
2022-08-31 14:30:00,0.0,0.5774714480610872,8.694312062529697,643.5175314502395,0.1545,-1.285150695254508
2022-08-31 15:00:00,0.0,0.4221784599859826,8.26041636008389,611.4023405833094,0.1595,-1.3070369037719018
2022-08-31 15:30:00,0.0,0.6162583035777938,7.82652065763808,579.2871497163792,0.1595,-1.304389288087357
2022-08-31 16:00:00,0.0,0.5613815095869823,7.392624955192272,547.1719588494491,0.1585,-1.2775354079037846
2022-08-31 16:30:00,0.0,0.514127943941393,6.958729252746464,515.056767982519,0.1585,-1.235842638899794
2022-08-31 17:00:00,0.0,0.2662203991630781,6.524833550300655,482.9415771155888,0.1565,-1.194401813438491
2022-08-31 17:30:00,0.0,0.2779079974970321,6.090937847854846,450.82638624865865,0.1565,-1.1640781497858306
2022-08-31 18:00:00,0.0,0.3021449774520063,5.657042145409038,418.7111953817285,0.1565,-1.148735738677232
2022-08-31 18:30:00,0.0,0.3001452718250523,5.2231464429632295,386.5960045147983,0.1565,-1.15012123361735
2022-08-31 19:00:00,0.0,0.1940417449521177,,420.13,0.1565,-1.1686398677547938
2022-08-31 19:30:00,0.0,0.1754324950536368,,354.182,0.1565,-1.195865926090302
2022-08-31 20:00:00,0.0,0.0942102058350987,,235.15,0.156,-1.2103060244180857
2022-08-31 20:30:00,0.0,0.0770184012080373,3.487563633179995,258.1352410470777,0.156,-1.1875979873620286
2022-08-31 21:00:00,0.0,0.0791687083732544,2.7318437377887923,202.1999355217685,0.156,-1.117613658952392
2022-08-31 21:30:00,0.0,0.0743177357852067,2.2769806254943052,168.53282246367638,0.156,-1.010433587430758
2022-08-31 22:00:00,0.0,0.0720439263596286,1.890299351287205,139.9122510779071,0.1565,-0.8864968207176612
2022-08-31 22:30:00,0.0,0.0645580796488229,1.37652061167374,101.88444348947398,0.1565,-0.763331491195303
2022-08-31 23:00:00,0.0,4.542150652010085e-05,0.9721987990864012,71.95819137471076,0.1625,-0.6499376418281496
2022-08-31 23:30:00,0.0,4.532696452367813e-05,0.9517648480970128,70.44575363335824,0.1625,-0.5480941113022879
2022-09-01 00:00:00,0.0,4.376465216959933e-05,0.8860789301482787,65.58394979362886,0.199,-0.455549914019495
2022-09-01 00:30:00,0.0,0.0585860886576128,0.7209793488355265,53.3639519092951,0.199,-0.3695174319500739
2022-09-01 01:00:00,0.0,0.0643835864014998,0.7209793488355265,53.3639519092951,0.286,-0.2899722142759354
2022-09-01 01:30:00,0.0,0.0597443342891219,0.5753611267195383,42.585884805618115,0.286,-0.2202222609752456
2022-09-01 02:00:00,0.0,0.1250967025206227,0.2170721459905462,16.066795225406047,0.2975,-0.1638593293624498
2022-09-01 02:30:00,0.0,0.0703449189171055,0.1957859692386586,14.49127920770716,0.2975,-0.1215424687784729
2022-09-01 03:00:00,0.0,0.0756019685050942,0.4496677871784428,33.28257627476604,0.261,-0.0912484059536914
2022-09-01 03:30:00,0.0,4.451896348842178e-05,0.5126167910418785,37.941804892523216,0.261,-0.0709354496578118
2022-09-01 04:00:00,0.0,4.357773870443802e-05,0.4496677871784428,33.28257627476604,0.2275,-0.0598498609317912
2022-09-01 04:30:00,0.0,4.127444219376738e-05,0.5544689704633614,41.03953257855809,0.2275,-0.0570330902897725
2022-09-01 05:00:00,0.0,4.082312813270674e-05,0.4075871242390008,30.16793717027775,0.217,-0.0594181776442175
2022-09-01 05:30:00,0.0,0.0699186185371538,0.2595732681178123,19.212555004730735,0.217,-0.0625999551885356
2022-09-01 06:00:00,0.0,0.0912307301931424,0.4496677871784428,33.28257627476604,0.217,-0.0640641277883942
2022-09-01 06:30:00,0.0,0.1310742137495408,0.4706736484781851,34.837344485566064,0.217,-0.0660111562677943
2022-09-01 07:00:00,0.0,0.0835158447577152,0.8655174467718637,64.06207262494856,0.214,-0.0758094001921972
2022-09-01 07:30:00,0.0,0.0836895684649788,1.7310264068300647,128.12351709795283,0.214,-0.1038567541037554
2022-09-01 08:00:00,0.0,0.0588681602068368,2.862319861250577,211.8572462186305,0.2115,-0.1591361441938059
2022-09-01 08:30:00,0.0,4.4234971020302885e-05,3.415569289678162,252.8065132678726,0.2115,-0.2442458716257087
2022-09-01 09:00:00,0.0,0.0702919370298935,4.742840724629838,351.045733489283,0.2095,-0.3537696139836718
2022-09-01 09:30:00,0.0,4.989643776793145e-05,5.605558249101783,414.9005672811028,0.2095,-0.4783175010761347
2022-09-01 10:00:00,0.0,0.0886032311141229,5.853852119468309,433.2782672513063,0.207,-0.6114403100672255
2022-09-01 10:30:00,0.0,0.1071930119828522,6.79281881329275,502.7767536845259,0.207,-0.7530031235723307
2022-09-01 11:00:00,0.0,0.158194943940212,8.236600345129059,609.639576256185,0.20550000000000002,-0.9047933300652432
2022-09-01 11:30:00,0.0,0.1925850855190848,9.192319536084208,680.3780142257247,0.20550000000000002,-1.0619903440187175
2022-09-01 12:00:00,0.0,0.5434712264108484,9.660029094181294,714.9959688261196,0.20400000000000001,-1.2102303571150346
2022-09-01 12:30:00,0.0,0.4450082903646424,9.630983453023328,712.846128889051,0.20400000000000001,-1.3328594262710172
2022-09-01 13:00:00,0.0,0.6054681906928039,9.236442083226,683.6437852739429,0.2015,-1.421258187667215
2022-09-01 13:30:00,0.0,0.4545957151828412,9.162872214138062,678.1984435144003,0.2015,-1.4779999334376164
2022-09-01 14:00:00,0.0,0.4101221195068692,8.74190837561495,647.0404164907659,0.1985,-1.5112723436311757
2022-09-01 14:30:00,0.0,0.2614708920751728,8.320944537091837,615.8823894671316,0.1985,-1.527097040995158
2022-09-01 15:00:00,0.0,0.450672152277166,7.899980698568724,584.7243624434972,0.1945,-1.5260321301207322
2022-09-01 15:30:00,0.0,0.4585100163650584,7.479016860045611,553.5663354198628,0.1945,-1.5066445927553165
2022-09-01 16:00:00,0.0,0.529053698641094,7.058053021522499,522.4083083962283,0.1885,-1.4716537259940323
2022-09-01 16:30:00,0.0,0.5145446301214978,6.637089182999386,491.250281372594,0.1885,-1.4294736777660462
2022-09-01 17:00:00,0.0,0.4756777229181916,6.216125344476273,460.0922543489596,0.185,-1.3903516033912922
2022-09-01 17:30:00,0.0,0.6148936373188164,5.7951615059531605,428.9342273253252,0.185,-1.3639085724110045
2022-09-01 18:00:00,0.0,0.4507658427091435,5.374197667430049,397.7762003016909,0.187,-1.3598036221836216
2022-09-01 18:30:00,0.0,0.4390713982519231,4.953233828906936,366.6181732780565,0.187,-1.383775928839465
2022-09-01 19:00:00,0.0,0.1026814420565007,,371.77,0.189,-1.426818111212088
2022-09-01 19:30:00,0.0,0.0592473967498608,,337.646,0.189,-1.4606801784457073
2022-09-01 20:00:00,0.0,0.05574400491848,,259.495,0.19,-1.4522817809136843
2022-09-01 20:30:00,0.0,0.0497584122465003,3.269378474814485,241.98606518351897,0.19,-1.387049607903572
2022-09-01 21:00:00,0.0,4.381194643932356e-05,2.2562732883404415,167.00014979304706,0.1895,-1.2770067641232692
2022-09-01 21:30:00,0.0,0.0395177010650164,1.966111233460913,145.5235375051884,0.1895,-1.146745274309562
2022-09-01 22:00:00,0.0,0.0519575008890633,1.6718326134213646,123.7422338477564,0.1785,-1.0156414765662047
2022-09-01 22:30:00,0.0,0.0329957453143821,1.1919572253833044,88.22381411620981,0.1785,-0.893162403312449
2022-09-01 23:00:00,0.0,3.662332912531117e-05,1.1108503931411158,82.22061707280214,0.1785,-0.7836068516423955
2022-09-01 23:30:00,0.0,3.53190922434402e-05,0.844934393208692,62.53859891898793,0.1785,-0.6889818092450934
2022-09-02 00:00:00,0.0,3.4657089110898426e-05,0.6955168818785633,51.479323917691744,0.1785,-0.6083609776113061
2022-09-02 00:30:00,0.0,3.3758057524395963e-05,0.6330459221850663,46.85547818036843,0.1785,-0.5384333307622796
2022-09-02 01:00:00,0.0,3.355407484649961e-05,0.5912866479597395,43.764626958170986,0.179,-0.4758115277314521
2022-09-02 01:30:00,0.0,3.303117294097335e-05,0.4233415597463605,31.334016254416156,0.179,-0.4181898779064973
2022-09-02 02:00:00,0.0,3.223346470019411e-05,0.4022450915106986,29.772541687631225,0.179,-0.3636509729752223
2022-09-02 02:30:00,0.0,3.117315308598607e-05,0.2113237833911721,15.64132486234275,0.179,-0.3101417104865225
2022-09-02 03:00:00,0.0,3.195645334647196e-05,0.3176264349020533,23.50941372261233,0.1785,-0.256561816979131
2022-09-02 03:30:00,0.0,3.125105186669438e-05,0.1899919246575845,14.062427650607583,0.1785,-0.2042181986299511
2022-09-02 04:00:00,0.0,3.090075487188714e-05,0.1686361125002271,12.48175750410504,0.178,-0.1565425941256833
2022-09-02 04:30:00,0.0,2.8959225565404393e-05,0.1044241876214902,7.729052621827091,0.178,-0.1171721279603154
2022-09-02 05:00:00,0.0,2.821538850376113e-05,0.1472562702959028,10.899308751498465,0.178,-0.180978604934329
2022-09-02 05:30:00,0.0,3.0093290408167564e-05,0.0614950570964153,4.551613405921683,0.178,-0.2447850819083427
2022-09-02 06:00:00,0.0,2.959832938613145e-05,-0.0030819717068422,-0.2281149802908663,0.178,-0.3085915588823564
2022-09-02 06:30:00,0.0,2.851160658810513e-05,0.0399939038366127,2.9601857035836505,0.178,-0.37239803585637
2022-09-02 07:00:00,0.0,2.9978687075037876e-05,0.0399939038366127,2.9601857035836505,0.1775,-0.4362045128303837
2022-09-02 07:30:00,0.0,3.1640917004144014e-05,0.2751764004256809,20.367435242918273,0.1775,-0.5000109898043974
2022-09-02 08:00:00,0.0,3.121129113513813e-05,0.7162960265830718,53.01731149045457,0.1775,-0.563817466778411
2022-09-02 08:30:00,0.0,0.0276070542910024,1.0457974916039896,77.40566652700053,0.1775,-0.6276239437524247
2022-09-02 09:00:00,0.0,0.0298395222249669,1.5499374946714302,114.72005413421064,0.177,-0.9439883393326348
2022-09-02 09:30:00,0.0,3.603117163951886e-05,2.1581981356842053,159.74102685381555,0.177,-0.9948142753528204
2022-09-02 10:00:00,0.0,3.970431208349552e-05,2.8243981729407808,209.0504374597504,0.175,-1.045640211373006
2022-09-02 10:30:00,0.0,4.672412775595169e-05,4.258087834212146,315.1663009175704,0.175,-1.0964661473931916
2022-09-02 11:00:00,0.0,0.0833564592647191,5.526485510592392,409.04792556263095,0.174,
2022-09-02 11:30:00,0.0,5.606095746666118e-05,7.0214402933300155,519.6983835284948,0.174,
2022-09-02 12:00:00,0.0,0.0870206777773933,7.924730081421215,586.5562108569894,0.1725,
2022-09-02 12:30:00,0.0,0.2960120633950505,8.816949162561393,652.594629593143,0.1725,-1.2997698914739342
2022-09-02 13:00:00,0.0,0.3694461414783416,8.93603371949202,661.4087829797131,0.17149999999999999,-1.35059582749412
2022-09-02 13:30:00,0.0,0.3855942844069074,9.025064763772152,667.9984978905117,0.17149999999999999,-1.4014217635143056
2022-09-02 14:00:00,0.0,0.6327308413349493,8.591503002597106,635.9080239949376,0.16999999999999998,-1.452247699534491
2022-09-02 14:30:00,0.0,0.4405853785045788,8.15794124142206,603.8175500993635,0.16999999999999998,-1.5030736355546768
2022-09-02 15:00:00,0.0,0.6366933389478889,7.7243794802470145,571.7270762037895,0.16849999999999998,-1.583618348965011
2022-09-02 15:30:00,0.0,0.4332273112090083,7.290817719071969,539.6366023082155,0.16849999999999998,-1.6314350549396388
2022-09-02 16:00:00,0.0,0.4023606597796541,6.857255957896922,507.5461284126414,0.16649999999999998,-1.645266764399277
2022-09-02 16:30:00,0.0,0.6128693397361336,6.423694196721876,475.4556545170674,0.16649999999999998,-1.6316350650342588
2022-09-02 17:00:00,0.0,0.3480687463273906,5.990132435546831,443.3651806214933,0.16549999999999998,-1.60577591743735
2022-09-02 17:30:00,0.0,0.3546999493105449,5.556570674371785,411.27470672591926,0.16549999999999998,-1.5853049458020343
2022-09-02 18:00:00,0.0,0.2369110982358166,5.123008913196739,379.1842328303452,0.16199999999999998,-1.583121136131958
2022-09-02 18:30:00,0.0,0.2292349850386659,4.689447152021693,347.09375893477113,0.16199999999999998,-1.6011710906996617
2022-09-02 19:00:00,0.0,0.1395932100267289,,385.027,0.1595,-1.6259301673290762
2022-09-02 19:30:00,0.0,0.088655637123399,,264.151,0.1595,-1.6306198966519254
2022-09-02 20:00:00,0.0,0.0877741450053011,,223.251,0.158,-1.587949842060146
2022-09-02 20:30:00,0.0,0.0813234764168394,2.955200107321509,218.73186335247493,0.158,-1.4861295340707306
2022-09-02 21:00:00,0.0,0.1153620241394046,2.408081059284601,178.23634206569074,0.1585,-1.3348910935438394
2022-09-02 21:30:00,0.0,0.1078084004012978,1.9052999135028423,141.022531534595,0.1585,-1.1579300586056365
2022-09-02 22:00:00,0.0,0.075978051424998,1.510068089075065,111.76908328278066,0.15949999999999998,-0.9806200572554656
2022-09-02 22:30:00,0.0,4.619204375556081e-05,1.2489791068698064,92.44434130098688,0.15949999999999998,-0.8219099681466714
2022-09-02 23:00:00,0.0,4.4802010708028555e-05,0.881737915406496,65.26264558111268,0.15999999999999998,-0.6914304207264383
2022-09-02 23:30:00,0.0,4.348347631312602e-05,1.0866003560338515,80.42572819549828,0.15999999999999998,-0.5897673506796277
2022-09-03 00:00:00,0.0,4.348347631312602e-05,0.8153069799183505,60.34569858061324,0.15949999999999998,-0.5118567715426046
2022-09-03 00:30:00,0.0,4.3438351331317256e-05,0.60718991280134,44.94172178284058,0.15949999999999998,-0.4526811788489092
2022-09-03 01:00:00,0.0,4.413988116348656e-05,0.5443175347884686,40.28816469813234,0.15949999999999998,-0.4107273273424009
2022-09-03 01:30:00,0.0,4.218798386732919e-05,0.6281021041322411,46.48955692444706,0.15949999999999998,-0.3858563489895683
2022-09-03 02:00:00,0.0,4.127444219376738e-05,0.5022887333242043,37.17736416859324,0.15949999999999998,-0.3750645168926296
2022-09-03 02:30:00,0.0,0.0545856745995908,0.4179552187275783,30.935341252756817,0.15949999999999998,-0.3723351424427543
2022-09-03 03:00:00,0.0,0.078973205887794,0.5022887333242043,37.17736416859324,0.15899999999999997,-0.3729051436891973
2022-09-03 03:30:00,0.0,0.0745052464855221,0.4179552187275783,30.935341252756817,0.15899999999999997,-0.3759478587079767
2022-09-03 04:00:00,0.0,0.0474946096762459,0.3120149609118171,23.09407529629141,0.15849999999999997,-0.3819782204838931
2022-09-03 04:30:00,0.0,0.0499888788399503,0.3332499277171769,24.665800962535435,0.15849999999999997,-0.3883955716254966
2022-09-03 05:00:00,0.0,0.0696251699900408,0.269474131358501,19.945376535180912,0.15849999999999997,-0.3580074072441366
2022-09-03 05:30:00,0.0,0.0701040330473359,0.269474131358501,19.945376535180912,0.15849999999999997,-0.3276192428627767
2022-09-03 06:00:00,0.0,0.0675356693506538,0.2268382709534343,16.78964397787235,0.15799999999999997,-0.2972310784814168
2022-09-03 06:30:00,0.0,0.0662585691719071,0.1412790203847188,10.456897082807208,0.15799999999999997,-0.2668429141000568
2022-09-03 07:00:00,0.0,0.0473543934742477,0.2268382709534343,16.78964397787235,0.15799999999999997,-0.2364547497186969
2022-09-03 07:30:00,0.0,3.615716633737405e-05,0.7115264104378938,52.66428394950188,0.15799999999999997,-0.2060665853373369
2022-09-03 08:00:00,0.0,3.6073138475722e-05,1.3261649497991954,98.15732270165384,0.15699999999999997,-0.175678420955977
2022-09-03 08:30:00,0.0,3.598923620581269e-05,1.8440158738439032,136.48653677906006,0.15699999999999997,-0.145290256574617
2022-09-03 09:00:00,0.0,3.891027643412545e-05,2.823788741981979,209.0053298648795,0.15699999999999997,-0.7872000771541232
2022-09-03 09:30:00,0.0,4.059859886703179e-05,3.3983120020478363,251.5291991968427,0.15699999999999997,-0.752490186161575
2022-09-03 10:00:00,0.0,4.4849951911232046e-05,4.383135188990173,324.42179628999264,0.1555,-0.7177802951690269
2022-09-03 10:30:00,0.0,4.9998260596644535e-05,5.396367427494554,399.4171155537486,0.1555,-0.6830704041764787
2022-09-03 11:00:00,0.0,5.622304377499142e-05,6.403324796646215,473.9479945711696,0.15400000000000003,
2022-09-03 11:30:00,0.0,6.138832641738635e-05,7.530642838040626,557.3874798277378,0.15400000000000003,
2022-09-03 12:00:00,0.0,0.087091201315798,8.177653633826043,605.2765810160774,0.15200000000000002,
2022-09-03 12:30:00,0.0,0.0923230671164533,8.541376070702915,632.1978328677125,0.15200000000000002,
2022-09-03 13:00:00,0.0,0.408239180490153,8.811468619689876,652.188982154413,0.15050000000000002,
2022-09-03 13:30:00,0.0,0.6315264752430303,8.43572257185513,624.377791640917,0.15050000000000002,
2022-09-03 14:00:00,0.0,0.6651558153864399,7.996849686276638,591.8942099708865,0.14800000000000002,
2022-09-03 14:30:00,0.0,0.6905240959290542,7.557976800698146,559.410628300856,0.14800000000000002,
2022-09-03 15:00:00,0.0,0.6597904484856983,7.119103915119654,526.9270466308255,0.14400000000000002,
2022-09-03 15:30:00,0.0,0.6464376397288951,6.6802310295411615,494.44346496079504,0.14400000000000002,-0.3359714942509969
2022-09-03 16:00:00,0.0,0.588655893151039,6.241358143962669,461.95988329076454,0.14150000000000001,-0.3012616032584487
2022-09-03 16:30:00,0.0,0.7922304544397448,5.802485258384177,429.476301620734,0.14150000000000001,-0.2665517122659006
2022-09-03 17:00:00,0.0,0.5951182069597104,5.363612372805685,396.99271995070353,0.1375,-0.2318418212733524
2022-09-03 17:30:00,0.0,0.0760463559529942,4.924739487227193,364.509138280673,0.1375,-0.1971319302808042
2022-09-03 18:00:00,0.0,0.0287725317470822,4.4858666016487,332.0255566106425,0.1365,-0.297567760891311
2022-09-03 18:30:00,0.0,0.0257414658813079,4.046993716070208,299.541974940612,0.1365,-0.4055204775750423
2022-09-03 19:00:00,0.0,6.0537307569469114e-05,,335.166,0.134,-0.4906211814671973
2022-09-03 19:30:00,0.0,5.7475391887192566e-05,,273.659,0.134,-0.5249403758057387
2022-09-03 20:00:00,0.0,0.1381290508932999,,159.357,0.133,-0.4983101531710564
2022-09-03 20:30:00,0.0,0.1358137615008867,2.2915021737562387,169.60764826049,0.133,-0.423863697728977
2022-09-03 21:00:00,0.0,0.1863946690829545,2.000755868175275,148.08779211774882,0.135,-0.329583904642014
2022-09-03 21:30:00,0.0,0.1964842465781433,1.8046443010169753,133.57241347951904,0.135,-0.2426250936765797
2022-09-03 22:00:00,0.0,0.1810703390341806,1.526903648109721,113.01518272258086,0.136,-0.1780471056854886
2022-09-03 22:30:00,0.0,0.1275609951779096,1.486915250668508,110.05540457993467,0.136,-0.1375584608697574
2022-09-03 23:00:00,0.0,0.176543521564977,1.4468476608040706,107.0897649369954,0.137,-0.1149020921932571
2022-09-03 23:30:00,0.0,0.1169563713271702,1.2047521109880472,89.17083938288245,0.137,-0.1021441649659925
2022-09-04 00:00:00,0.0,0.1552356197705916,1.34277745315583,99.38691246958308,0.1375,-0.0938797729811295
2022-09-04 00:30:00,0.0,0.0958395917590563,1.1398047740059072,84.36370229504563,0.1375,-0.0886018942737693
2022-09-04 01:00:00,0.0,0.1057509972535589,0.8314003485646103,61.53686411383502,0.137,-0.0875644034433701
2022-09-04 01:30:00,0.0,0.1014446187749828,0.8728009826744868,64.60117025689179,0.137,-0.0925548044655055
2022-09-04 02:00:00,0.0,0.0857210835219643,0.8106671832915336,60.002279751124895,0.136,-0.1036298416708737
2022-09-04 02:30:00,0.0,4.894307090417464e-05,0.6021147104860621,44.566075999476794,0.136,-0.1172009330478485
2022-09-04 03:00:00,0.0,0.0737178888442229,0.5811358465443068,43.01330602304455,0.1355,-0.1261057830060852
2022-09-04 03:30:00,0.0,4.518435943116703e-05,0.2209536803099414,16.354090570396206,0.1355,-0.123389560975334
2022-09-04 04:00:00,0.0,0.0773633266048865,0.4969920867476221,36.785327983854,0.135,-0.1075457022536581
2022-09-04 04:30:00,0.0,0.0737434649778592,0.4969920867476221,36.785327983854,0.135,-0.0839050300347176
2022-09-04 05:00:00,0.0,4.794986466800629e-05,0.4547822136587834,33.66112527090766,0.1345,-0.0605599725134975
2022-09-04 05:30:00,0.0,4.6336447100012454e-05,0.5391097712429237,39.90270727296713,0.1345,-0.0867184619853309
2022-09-04 06:00:00,0.0,4.390465078696816e-05,0.5601342240198538,41.45885154910962,0.134,-0.1128769514571643
2022-09-04 06:30:00,0.0,0.0668666961721087,0.178130116196245,13.184464949858178,0.134,-0.1390354409289976
2022-09-04 07:00:00,0.0,0.092769955133599,0.4758987101801299,35.22408224974201,0.133,-0.165193930400831
2022-09-04 07:30:00,0.0,0.0887569258709589,0.8106671832915336,60.002279751124895,0.133,-0.1913524198726644
2022-09-04 08:00:00,0.0,0.0928368286898635,1.841455989118925,136.2970645485756,0.132,-0.2175109093444978
2022-09-04 08:30:00,0.0,0.0981496979209314,2.7288427415955274,201.97781401884887,0.132,-0.2436693988163311
2022-09-04 09:00:00,0.0,0.1100995885170106,3.214650174188521,237.93529950292296,0.132,-0.1549358574352596
2022-09-04 09:30:00,0.0,0.0852707480413017,4.120328131404445,304.9698893732698,0.132,-0.1723132540007619
2022-09-04 10:00:00,0.0,0.1341441601474271,4.940936811297249,365.7079981705295,0.131,-0.1896906505662641
2022-09-04 10:30:00,0.0,0.1494117884714388,5.884570557959197,435.5519208268269,0.131,-0.2070680471317664
2022-09-04 11:00:00,0.0,0.1783192854704942,6.843582164608481,506.5340499825996,0.129,
2022-09-04 11:30:00,0.0,0.1887589775804404,7.506814996731564,555.6238401620902,0.129,
2022-09-04 12:00:00,0.0,0.6016628677488903,7.817449538640791,578.6157424718906,0.1255,
2022-09-04 12:30:00,0.0,0.7572823376305923,7.786530279233281,576.3272249508849,0.1255,
2022-09-04 13:00:00,0.0,0.7284045548381438,7.584776867431938,561.3942599744371,0.123,
2022-09-04 13:30:00,0.0,0.6394626430672912,7.49119799281626,554.467933204076,0.123,
2022-09-04 14:00:00,0.0,0.6729705771424759,7.103047452654102,525.7386127426302,0.1205,
2022-09-04 14:30:00,0.0,0.7650008361410624,6.714896912491943,497.00929228118446,0.1205,
2022-09-04 15:00:00,0.0,0.6395285374075089,6.326746372329785,468.27997181973865,0.11549999999999999,
2022-09-04 15:30:00,0.0,0.5221086375633529,5.938595832167627,439.5506513582929,0.11549999999999999,
2022-09-04 16:00:00,0.0,0.3258496009864816,5.550445292005468,410.82133089684714,0.113,
2022-09-04 16:30:00,0.0,0.4964579635807454,5.1622947518433095,382.0920104354014,0.113,
2022-09-04 17:00:00,0.0,0.4660800586106226,4.774144211681151,353.36268997395564,0.1125,
2022-09-04 17:30:00,0.0,0.5961665993411739,4.385993671518992,324.63336951250983,0.1125,
2022-09-04 18:00:00,0.0,0.4063005925620375,3.9978431313568343,295.9040490510641,0.2245,
2022-09-04 18:30:00,0.0,0.3770970790742323,3.609692591194676,267.1747285896183,0.2245,
2022-09-04 19:00:00,0.0,0.1446246918695121,,310.788,0.20750000000000002,-0.5024837887453047
2022-09-04 19:30:00,0.0,0.1032677672396604,,256.63,0.20750000000000002,-0.5198611853108069
2022-09-04 20:00:00,0.0,5.116855206400186e-05,,236.211,0.2,-0.5372385818763092
2022-09-04 20:30:00,0.0,5.116855206400186e-05,2.057090430546043,152.25744674383526,0.2,-0.5546159784418114
2022-09-04 21:00:00,0.0,4.726168961965012e-05,2.1155136626367548,156.58169618691542,0.197,-0.5719933750073137
2022-09-04 21:30:00,0.0,0.096648607222531,1.403270486418445,103.86436015665964,0.197,-0.5155859080265015
2022-09-04 22:00:00,0.0,5.020011149155354e-05,1.6235412236606903,120.16790206559946,0.1955,-0.4354845529987227
2022-09-04 22:30:00,0.0,4.934261508920132e-05,1.078507679722479,79.82674128943076,0.1955,-0.3501958365826094
2022-09-04 23:00:00,0.0,0.0701649397243412,1.3225725807947912,97.89143019432878,0.194,-0.2698278882881645
2022-09-04 23:30:00,0.0,4.404688760164299e-05,1.0170204603690671,75.27570800129108,0.194,-0.1986008083316941
2022-09-05 00:00:00,0.0,0.0836505235989481,0.7925185722558731,58.65899355563023,0.1925,-0.1401529541438282
2022-09-05 00:30:00,0.0,0.077882804807175,0.8343539485588015,61.755477543337385,0.1925,-0.097801086297129
2022-09-05 01:00:00,0.0,0.0851178916068911,0.7295971337214056,54.0018052111372,0.1915,-0.0711760239111123
2022-09-05 01:30:00,0.0,0.0845994658163811,0.7925185722558731,58.65899355563023,0.1915,-0.0557635474175411
2022-09-05 02:00:00,0.0,0.080302977483006,0.6242743385789985,46.206241324307875,0.19,-0.0463926772906534
2022-09-05 02:30:00,0.0,4.775297734356797e-05,0.6875364329131919,50.888643622215184,0.19,-0.0401526257321044
2022-09-05 03:00:00,0.0,4.8147198269495526e-05,0.5396025569358585,39.939181260830765,0.186,-0.036235040269996
2022-09-05 03:30:00,0.0,0.1059925875799979,0.6031410734996957,44.64204320518037,0.186,-0.0343916754236304
2022-09-05 04:00:00,0.0,0.0753217376240747,0.5608052560270875,41.50851860243292,0.18,-0.0341073896682059
2022-09-05 04:30:00,0.0,0.0725303060646496,0.5183765659588352,38.36811994880503,0.18,-0.0347781905855315
2022-09-05 05:00:00,0.0,0.1066590907009544,0.4758544115242561,35.220803443843465,0.1765,-0.036098806075893
2022-09-05 05:30:00,0.0,0.0706566169644032,0.4971272089687878,36.795329179760394,0.1765,-0.0382378957255863
2022-09-05 06:00:00,0.0,0.1022701856781939,0.4332381959248845,32.066524914958976,0.175,-0.041597631087452
2022-09-05 06:30:00,0.0,0.0671070154931244,0.2833319735572339,20.971077515180102,0.175,-0.0460385499148945
2022-09-05 07:00:00,0.0,4.30646811029607e-05,0.2833319735572339,20.971077515180102,0.173,-0.0937619561503298
2022-09-05 07:30:00,0.0,3.825496551648326e-05,0.8134474384566526,60.20806290312031,0.173,-0.141485362385765
2022-09-05 08:00:00,0.0,3.756351760627554e-05,1.0628698410272914,78.66929222595462,0.172,-0.1892087686212002
2022-09-05 08:30:00,0.0,0.0372376027620449,1.7730412241827724,131.23328258056887,0.172,-0.2369321748566355
2022-09-05 09:00:00,0.0,0.0018784832526626,2.1680348653727552,160.46910148021414,0.16999999999999998,-0.347143452573675
2022-09-05 09:30:00,0.0,0.0019707128265899,2.6706705002755475,197.67214188930848,0.16999999999999998,-0.3440910685647407
2022-09-05 10:00:00,0.0,0.0026705120307359,3.3849185105840474,250.53786756504832,0.157,-0.3410386845558063
2022-09-05 10:30:00,0.0,0.0839471951557452,4.255947011924035,315.0078459801112,0.157,-0.3379863005468719
2022-09-05 11:00:00,0.0,0.0029187860089816,4.854018934859599,359.2746913278741,0.16149999999999998,
2022-09-05 11:30:00,0.0,0.0837744247043111,4.854018934859599,359.2746913278741,0.16149999999999998,
2022-09-05 12:00:00,0.0,0.0935365111301598,4.627085880951352,342.4780319021244,0.16549999999999998,
2022-09-05 12:30:00,0.0,0.0147204664550748,5.044418858262361,373.3673173821557,0.16549999999999998,
2022-09-05 13:00:00,0.0,0.1940074076766182,5.386933494492928,398.7188542958813,0.1745,
2022-09-05 13:30:00,0.0,0.3367762758124867,5.437914008275263,402.49222407434394,0.1745,
2022-09-05 14:00:00,0.0,0.4765539564041174,5.180403932316178,383.4323781413998,0.16949999999999998,
2022-09-05 14:30:00,0.0,0.3765244048626423,4.922893856357094,364.37253220845565,0.16949999999999998,
2022-09-05 15:00:00,0.0,0.2321325825905009,4.66538378039801,345.3126862755115,0.16749999999999998,
2022-09-05 15:30:00,0.0,0.2594810443747354,4.4078737044389245,326.25284034256737,0.16749999999999998,
2022-09-05 16:00:00,0.0,0.3313401587347664,4.150363628479839,307.1929944096232,0.16649999999999998,
2022-09-05 16:30:00,0.0,0.2542484927861541,3.892853552520755,288.1331484766791,0.16649999999999998,
2022-09-05 17:00:00,0.0,0.3182381041518484,3.6353434765616703,269.07330254373494,0.16649999999999998,
2022-09-05 17:30:00,0.0,0.1406528444721262,3.3778334006025856,250.0134566107908,0.16649999999999998,
2022-09-05 18:00:00,0.0,0.0585816558165963,3.120323324643501,230.95361067784663,0.17049999999999998,
2022-09-05 18:30:00,0.0,4.3344266036965424e-05,2.862813248684416,211.8937647449025,0.17049999999999998,
2022-09-05 19:00:00,0.0,0.0497804210450897,,285.155,0.1735,
2022-09-05 19:30:00,0.0,4.0868502543514366e-05,,207.728,0.1735,-0.2830433883860533
2022-09-05 20:00:00,0.0,3.8954333049748784e-05,,169.483,0.173,-0.279991004377119
2022-09-05 20:30:00,0.0,3.812437519196803e-05,1.8327729448480772,135.65438101312594,0.173,-0.2769386203681846
2022-09-05 21:00:00,0.0,4.019484801603504e-05,1.3702993841963231,101.42397359604657,0.172,-0.2738862363592502
2022-09-05 21:30:00,0.0,3.5905459563835916e-05,1.186410755051568,87.81328699566583,0.172,-0.2708338523503159
2022-09-05 22:00:00,0.0,0.0486367297498853,1.2478949189752402,92.36409413335345,0.17099999999999999,-0.2795718208541627
2022-09-05 22:30:00,0.0,3.2510446819210245e-05,1.0835134476134092,80.19724781979411,0.17099999999999999,-0.2849687642039412
2022-09-05 23:00:00,0.0,0.0391591252006389,0.7715672797694821,57.10826430591299,0.16999999999999998,-0.2846555810920708
2022-09-05 23:30:00,0.0,0.0349299056672724,0.708578138310677,52.44606486699082,0.16999999999999998,-0.2752942340441365
2022-09-06 00:00:00,0.0,0.043443572732787,0.5347656421905436,39.58117255187781,0.16849999999999998,-0.2556307545984533
2022-09-06 00:30:00,0.0,0.0412577551232174,0.5771931177403958,42.72148131180543,0.16849999999999998,-0.2276785350010056
2022-09-06 01:00:00,0.0,0.0252381834501155,0.449629930085074,33.27977424706135,0.16699999999999998,-0.1952596789443487
2022-09-06 01:30:00,0.0,0.0221662329012053,0.3641158690865329,26.95037209973896,0.16699999999999998,-0.1618779469235242
2022-09-06 02:00:00,0.0,0.022540195840125,0.299729103575845,22.184726226723484,0.16599999999999998,-0.1300185961708031
2022-09-06 02:30:00,0.0,0.0308999347072715,0.3641158690865329,26.95037209973896,0.16599999999999998,-0.140816214426278
2022-09-06 03:00:00,0.0,0.0214916371513604,0.2782185861590685,20.59260542766468,0.16549999999999998,-0.1516138326817528
2022-09-06 03:30:00,0.0,2.6044719324839073e-05,0.2135411559142952,15.805445736095992,0.16549999999999998,-0.1624114509372277
2022-09-06 04:00:00,0.0,0.0194218894154431,0.1269612557446562,9.397154518842031,0.16449999999999998,-0.1732090691927026
2022-09-06 04:30:00,0.0,2.4339818229124272e-05,0.1269612557446562,9.397154518842031,0.16449999999999998,
2022-09-06 05:00:00,0.0,2.4544708661653435e-05,0.1703005170742874,12.604949944764012,0.16399999999999998,
2022-09-06 05:30:00,0.0,2.3558714866712376e-05,0.1052544414829093,7.790504627636736,0.16399999999999998,
2022-09-06 06:00:00,0.0,0.0171360286020441,-0.0036547031422763,-0.2705062260690041,0.16299999999999998,
2022-09-06 06:30:00,0.0,2.309017886238001e-05,0.0835227307110432,6.182011998257518,0.16299999999999998,
2022-09-06 07:00:00,0.0,2.2593081150686816e-05,0.1269612557446562,9.397154518842031,0.16249999999999998,-0.2379947787255517
2022-09-06 07:30:00,0.0,2.2199859468317535e-05,0.0835227307110432,6.182011998257518,0.16249999999999998,-0.2487923969810266
2022-09-06 08:00:00,0.0,2.3224081724526502e-05,0.2135411559142952,15.805445736095992,0.16199999999999998,-0.2595900152365015
2022-09-06 08:30:00,0.0,2.299012349826155e-05,0.3426776675917171,25.36360383038578,0.16199999999999998,-0.2703876334919763
2022-09-06 09:00:00,0.0,2.299012349826155e-05,0.4922447784112027,36.43395157595487,0.161,-0.2974645157570237
2022-09-06 09:30:00,0.0,2.492425274865588e-05,0.8089010939116208,59.87156101571395,0.161,-0.3099602673101063
2022-09-06 10:00:00,0.0,2.79581500579373e-05,1.2847260745365483,95.09018610438127,0.1595,-0.3224560188631888
2022-09-06 10:30:00,0.0,3.3716191316882116e-05,2.3403658928572293,173.22434152698386,0.1595,-0.3349517704162714
2022-09-06 11:00:00,0.0,3.6580953183153445e-05,2.610524300331335,193.2203653903924,0.1585,
2022-09-06 11:30:00,0.0,3.970431208349552e-05,3.1409088898081885,232.4772702823115,0.1585,
2022-09-06 12:00:00,0.0,0.0658291667687966,3.622282565370318,268.10658714774945,0.1565,
2022-09-06 12:30:00,0.0,0.1540661850564118,4.093701097361491,302.99906487399613,0.1565,
2022-09-06 13:00:00,0.0,0.2113629717223057,4.432292513685236,328.0602210455058,0.1545,
2022-09-06 13:30:00,0.0,0.2223826123961245,4.818470226170608,356.6435208456949,0.1545,
2022-09-06 14:00:00,0.0,0.1429570621538723,4.6261263247211195,342.4070094621515,0.1515,
2022-09-06 14:30:00,0.0,0.2652399609487296,4.433782423271632,328.1704980786081,0.1515,
2022-09-06 15:00:00,0.0,0.2599265417324016,4.241438521822143,313.9339866950647,0.14650000000000002,
2022-09-06 15:30:00,0.0,0.1490565752888109,4.049094620372655,299.69747531152126,0.14650000000000002,
2022-09-06 16:00:00,0.0,0.228647823823801,3.8567507189231662,285.46096392797784,0.14200000000000002,
2022-09-06 16:30:00,0.0,0.2387357502766981,3.664406817473678,271.2244525444344,0.14200000000000002,
2022-09-06 17:00:00,0.0,0.2414503138349784,3.47206291602419,256.987941160891,0.1405,
2022-09-06 17:30:00,0.0,0.2600827467864915,3.2797190145747015,242.7514297773476,0.1405,
2022-09-06 18:00:00,0.0,0.1951045711490993,3.0873751131252134,228.5149183938042,0.1385,
2022-09-06 18:30:00,0.0,0.1859737255341273,2.8950312116757253,214.2784070102608,0.1385,
2022-09-06 19:00:00,0.0,0.0750479162969992,,252.923,0.136,-0.5473795468186748
2022-09-06 19:30:00,0.0,0.0649940587400158,,161.883,0.136,-0.5598752983717574
2022-09-06 20:00:00,0.0,0.0611823450652257,,130.825,0.135,-0.5723710499248399
2022-09-06 20:30:00,0.0,0.091250141788811,2.125655605877772,157.33236147608713,0.135,-0.5848668014779225
2022-09-06 21:00:00,0.0,0.0829802109788854,1.6694352564178845,123.56479125657847,0.136,-0.597362553031005
2022-09-06 21:30:00,0.0,0.0981227359180014,1.386678120320787,102.63626086653856,0.136,-0.5388555719604341
2022-09-06 22:00:00,0.0,0.0940250889117574,1.18225235703615,87.50549932869191,0.136,-0.4567385638155421
2022-09-06 22:30:00,0.0,0.0895995986746236,0.9341383673465968,69.1411133928097,0.136,-0.3673383716951661
2022-09-06 23:00:00,0.0,0.0908791609648624,1.017189124578021,75.28819183838011,0.1345,-0.2811852517474512
2022-09-06 23:30:00,0.0,0.1002335442972539,0.7249623419270906,53.658756818945534,0.1345,-0.2042634944911391
2022-09-07 00:00:00,0.0,0.0915721234865081,0.6992418776885218,51.75503292043364,0.133,-0.1398876641900712
2022-09-07 00:30:00,0.0,0.0787537722702386,0.551154240605902,40.79418978893247,0.133,-0.0899773023967065
2022-09-07 01:00:00,0.0,0.0870198481409926,0.5723790122584415,42.3651608515312,0.1325,-0.0551734733038655
2022-09-07 01:30:00,0.0,0.0750012807686111,0.5299061409935929,39.221492085861584,0.1325,-0.0342858248597389
2022-09-07 02:00:00,0.0,0.0668730897786721,0.4446789717769812,32.91332449855646,0.1315,-0.0242353849601863
2022-09-07 02:30:00,0.0,0.0482875134169929,0.551154240605902,40.79418978893247,0.1315,-0.020992765160862
2022-09-07 03:00:00,0.0,0.0461101841765293,0.4660211296050227,34.49298400727285,0.131,-0.0333115828536383
2022-09-07 03:30:00,0.0,0.044334209011841,0.3376111184063521,24.988598516418637,0.131,-0.0456304005464147
2022-09-07 04:00:00,0.0,0.0399719262300454,0.2730819927297796,20.21241572433837,0.1295,-0.0579492182391911
2022-09-07 04:30:00,0.0,0.039828218606241,0.3805099778837128,28.163797192789765,0.1295,-0.0702680359319674
2022-09-07 05:00:00,0.0,0.0398523911378093,0.4660211296050227,34.49298400727285,0.1285,
2022-09-07 05:30:00,0.0,0.0379806728149995,0.1867023189211078,13.81894444598402,0.1285,
2022-09-07 06:00:00,0.0,0.0385309652084118,0.2515237499116148,18.61676248564915,0.1275,
2022-09-07 06:30:00,0.0,0.0368301534938419,0.2083339920679167,15.420032698218051,0.1275,
2022-09-07 07:00:00,0.0,0.0396747172014361,0.1867023189211078,13.81894444598402,0.1265,-0.1318621243958492
2022-09-07 07:30:00,0.0,3.271019973049637e-05,0.2730819927297796,20.21241572433837,0.1265,-0.1441809420886255
2022-09-07 08:00:00,0.0,3.2153923140210136e-05,0.5723790122584415,42.3651608515312,0.125,-0.1564997597814019
2022-09-07 08:30:00,0.0,3.3798281318612486e-05,0.9297014746326118,68.81271268369339,0.125,-0.1688185774741783
2022-09-07 09:00:00,0.0,3.611513670987334e-05,1.280651731690706,94.78861985835955,0.1235,-0.3550796214970096
2022-09-07 09:30:00,0.0,0.0748168155092812,1.8655443711904347,138.07998837921366,0.1235,-0.3428208712988532
2022-09-07 10:00:00,0.0,0.1368342225871978,1.925106428697145,142.48852903650211,0.122,-0.3305621211006967
2022-09-07 10:30:00,0.0,0.1722277212666032,3.3437429723070142,247.49022209780455,0.122,-0.3183033709025402
2022-09-07 11:00:00,0.0,0.1544869122408673,4.484244148256981,331.90546922546207,0.12,
2022-09-07 11:30:00,0.0,0.1846382578703975,5.008672736317421,370.721535175641,0.12,
2022-09-07 12:00:00,0.0,0.4944388709799914,5.420383964574994,401.1947217110656,0.11750000000000001,
2022-09-07 12:30:00,0.0,0.5235139787379894,5.505323423086372,407.4815941249893,0.11750000000000001,
2022-09-07 13:00:00,0.0,0.5538887631868956,5.266777502181417,389.8253976307475,0.1155,
2022-09-07 13:30:00,0.0,0.5220432866864103,5.095003124350879,377.1113585218561,0.1155,
2022-09-07 14:00:00,0.0,0.5505306663409455,4.82108704671632,356.837207233498,0.1135,
2022-09-07 14:30:00,0.0,0.4948805301557301,4.54717096908176,336.5630559451399,0.1135,
2022-09-07 15:00:00,0.0,0.38050589551676,4.273254891447201,316.2889046567818,0.111,-0.2079746191191318
2022-09-07 15:30:00,0.0,0.3052470765644063,3.999338813812641,296.0147533684237,0.111,-0.1957158689209753
2022-09-07 16:00:00,0.0,0.5373103794602021,3.725422736178082,275.7406020800656,0.108,-0.1834571187228188
2022-09-07 16:30:00,0.0,0.4992069996773167,3.4515066585435226,255.46645079170753,0.108,-0.1711983685246624
2022-09-07 17:00:00,0.0,0.4871895466558533,3.177590580908963,235.19229950334943,0.106,-0.1589396183265059
2022-09-07 17:30:00,0.0,0.4937457936623716,2.9036745032744036,214.91814821499133,0.106,-0.1748167388660987
2022-09-07 18:00:00,0.0,0.4395704320532747,2.629758425639844,194.64399692663324,0.1045,-0.1990919100849311
2022-09-07 18:30:00,0.0,0.1978104145499795,2.3558423480052846,174.36984563827514,0.1045,-0.2302276161447392
2022-09-07 19:00:00,0.0,0.0927628820615222,,179.209,0.1035,-0.2604361170976019
2022-09-07 19:30:00,0.0,4.672412775595169e-05,,149.602,0.1035,-0.2786619232320986
2022-09-07 20:00:00,0.0,4.619204375556081e-05,,119.415,0.103,-0.2776062925031961
2022-09-07 20:30:00,0.0,0.085868097246069,1.2601780374670473,93.27324048484274,0.103,-0.2586276707421663
2022-09-07 21:00:00,0.0,0.0879907388744611,0.9920873041440555,73.43025743202381,0.10400000000000001,-0.2305316625569371
2022-09-07 21:30:00,0.0,0.1257465014647787,0.9088622049616436,67.27027490604759,0.10400000000000001,-0.2041960759707414
2022-09-07 22:00:00,0.0,0.0693522595131681,1.239683365672825,91.7563084370801,0.10550000000000001,-0.1871932061162654
2022-09-07 22:30:00,0.0,3.948357461039692e-05,0.804332800170509,59.53343453830241,0.10550000000000001,-0.1809427196816167
2022-09-07 23:00:00,0.0,3.795069047326455e-05,0.6992418776885218,51.75503292043364,0.10650000000000001,-0.1811373951669546
2022-09-07 23:30:00,0.0,0.0404200292198701,0.7623643079439067,56.427097852649375,0.10650000000000001,-0.1808543003052217
2022-09-08 00:00:00,0.0,0.0345173603914434,0.6734316730906531,49.84466680640513,0.10600000000000001,-0.1743924404812033
2022-09-08 00:30:00,0.0,3.4657089110898426e-05,0.6311452904853114,46.71480117098277,0.10600000000000001,-0.1596160271355594
2022-09-08 01:00:00,0.0,0.03077659492263,0.3969035059135231,29.377179299807715,0.10550000000000001,-0.1381580902859435
2022-09-08 01:30:00,0.0,3.3352570329917715e-05,0.4183162578886382,30.96206389947241,0.10550000000000001,-0.1141720892885717
2022-09-08 02:00:00,0.0,3.2749591528663496e-05,0.4183162578886382,30.96206389947241,0.10550000000000001,-0.0922449258147732
2022-09-08 02:30:00,0.0,0.0230463162980789,0.289479525028035,21.426094210980892,0.10550000000000001,-0.0753012239261531
2022-09-08 03:00:00,0.0,0.0250317550043267,0.2679221422192681,19.830504626680977,0.10550000000000001,-0.0638902857482021
2022-09-08 03:30:00,0.0,0.0295658302720801,0.1814480419410376,13.4300442860343,0.10550000000000001,-0.0570852272700545
2022-09-08 04:00:00,0.0,3.331269792334119e-05,0.2031034107017014,15.032886390996918,0.10450000000000001,-0.0535838356617707
2022-09-08 04:30:00,0.0,3.1563964136589964e-05,0.2679221422192681,19.830504626680977,0.10450000000000001,-0.0522148136858282
2022-09-08 05:00:00,0.0,2.959832938613145e-05,0.1814480419410376,13.4300442860343,0.10450000000000001,-0.0526964006500402
2022-09-08 05:30:00,0.0,2.9561549455001053e-05,0.1380631384455644,10.218870613083515,0.10450000000000001,-0.1510102819232361
2022-09-08 06:00:00,0.0,2.9221308170873098e-05,0.0073092822259276,0.5410032698243772,0.10400000000000001,-0.249324163196432
2022-09-08 06:30:00,0.0,2.8623806350329834e-05,0.1163334429739217,8.610527148010295,0.10400000000000001,-0.3476380444696279
2022-09-08 07:00:00,0.0,2.832677525430342e-05,0.0509944099280604,3.774398314513561,0.10400000000000001,-0.4459519257428238
2022-09-08 07:30:00,0.0,0.0244711513606702,0.0509944099280604,3.774398314513561,0.10400000000000001,-0.5442658070160197
2022-09-08 08:00:00,0.0,2.9410165143584247e-05,0.1814480419410376,13.4300442860343,0.10400000000000001,-0.6425796882892155
2022-09-08 08:30:00,0.0,2.9146910777830966e-05,0.4610703316283813,34.12654612584833,0.10400000000000001,-0.7408935695624114
2022-09-08 09:00:00,0.0,0.0487556270628816,0.694540414559838,51.407049787896455,0.10350000000000001,-0.3319893569000659
2022-09-08 09:30:00,0.0,0.0026804906833986,1.0499478446202872,77.71285873593969,0.10350000000000001,-0.483035994118515
2022-09-08 10:00:00,0.0,0.0077516573894903,1.2355460635225728,91.45008220003616,0.10250000000000001,-0.6340826313369642
2022-09-08 10:30:00,0.0,0.0572152033950815,1.3583261943787746,100.53776690142142,0.10250000000000001,-0.7851292685554134
2022-09-08 11:00:00,0.0,0.1041187856625167,1.3990865828455348,103.55468467230834,0.121,
2022-09-08 11:30:00,0.0,0.0821108359799412,1.5814968403743606,117.0559482331194,0.121,
2022-09-08 12:00:00,0.0,0.0996235195450029,2.178056295833176,161.21084690470647,0.118,-1.2382691802107608
2022-09-08 12:30:00,0.0,0.1247478795871501,2.0601108440792717,152.48100543909294,0.118,-1.38931581742921
2022-09-08 13:00:00,0.0,0.2277151124801851,2.547254830195151,188.53741716569348,0.11499999999999999,-1.540362454647659
2022-09-08 13:30:00,0.0,0.2815295876775305,2.8722754952540908,212.59412165764013,0.11499999999999999,-1.6914090918661082
2022-09-08 14:00:00,0.0,0.2347274457657328,2.910195024419476,215.40077060545397,0.11099999999999999,-1.8424557290845571
2022-09-08 14:30:00,0.0,0.2551703551579567,2.746237514909237,203.2653042196225,0.11099999999999999,-1.7455012003213226
2022-09-08 15:00:00,0.0,0.2482098397794664,2.582280005398997,191.129837833791,0.10750000000000001,-1.6639289319790724
2022-09-08 15:30:00,0.0,0.1552825786093138,2.418322495888758,178.99437144795948,0.10750000000000001,-1.6018679800401807
2022-09-08 16:00:00,0.0,0.1997009922699739,2.2543649863785187,166.858905062128,0.10650000000000001,-1.5549591597110102
2022-09-08 16:30:00,0.0,0.0592096700076946,2.090407476868279,154.7234386762965,0.10650000000000001,-1.513773740985639
2022-09-08 17:00:00,0.0,3.453450868479409e-05,1.9264499673580395,142.58797229046502,0.10600000000000001,-1.4697332425371217
2022-09-08 17:30:00,0.0,0.0621190542720657,1.7624924578478005,130.4525059046335,0.10600000000000001,-1.4186626963492412
2022-09-08 18:00:00,0.0,0.1811956269035921,1.598534948337561,118.31703951880202,0.10600000000000001,-1.359615807063827
2022-09-08 18:30:00,0.0,0.0860804777774619,1.4345774388273216,106.18157313297051,0.10600000000000001,-1.2931813809895558
2022-09-08 19:00:00,0.0,3.267083954047346e-05,1.2706199293170823,94.04610674713904,0.10700000000000001,-1.2220310014032414
2022-09-08 19:30:00,0.0,3.2311510725841314e-05,,145.903,0.10700000000000001,-1.1507365218081715
2022-09-08 20:00:00,0.0,3.0093290408167564e-05,,118.033,0.109,-1.083409492432156
2022-09-08 20:30:00,0.0,2.8809982646216876e-05,0.778747400786364,57.63970758964456,0.109,-1.0221413601859026
2022-09-08 21:00:00,0.0,2.7664506845837684e-05,0.6099675036221399,45.14730773093225,0.1095,-0.9679212601698522
2022-09-08 21:30:00,0.0,0.0197924621498197,0.5037296713210534,37.28401652429847,0.1095,-0.9220165194871373
2022-09-08 22:00:00,0.0,0.01744252175027,0.4397051744011186,32.545184295372,0.1105,-0.8858075699873312
2022-09-08 22:30:00,0.0,0.015470217403144,0.3754668419731459,27.79052483396535,0.1105,-0.8591915437512555
2022-09-08 23:00:00,0.0,0.0227028773326157,0.2679221422192681,19.830504626680977,0.1105,-0.8392074508356073
2022-09-08 23:30:00,0.0,0.0234240391514305,0.1814480419410376,13.4300442860343,0.1105,-0.8206544130882397
2022-09-09 00:00:00,2.0,0.0100598574664591,0.2627389834006309,19.446868343085992,0.111,-0.799012985024591
2022-09-09 00:30:00,0.6,2.1971071472423815e-05,0.1978493600020524,14.644002979401414,0.111,-0.7735045973796925
2022-09-09 01:00:00,1.4,2.0975061376302337e-05,0.2843198786391706,21.0441982215756,0.111,-0.7475473506560268
2022-09-09 01:30:00,2.8,0.0043832890870208,0.2627389834006309,19.446868343085992,0.111,-0.7261068548298252
2022-09-09 02:00:00,1.2,0.0048503753609342,0.3918605474951028,29.003920078228337,0.1105,-0.7120270970570656
2022-09-09 02:30:00,0.0,2.0943965061442254e-05,0.4774611644749069,35.33972874638802,0.1105,-0.7040363696361748
2022-09-09 03:00:00,0.4,2.081754396936355e-05,0.4560966963269124,33.7584179187497,0.1105,-0.6978864283048305
2022-09-09 03:30:00,0.0,2.0975061376302337e-05,0.3918605474951028,29.003920078228337,0.1105,-0.689550860117533
2022-09-09 04:00:00,0.0,2.0880683040757896e-05,0.3704006616167158,27.415546819212217,0.11,-0.6774959890614742
2022-09-09 04:30:00,0.0,2.1039756124614712e-05,0.3704006616167158,27.415546819212217,0.11,-0.6622722538824343
2022-09-09 05:00:00,0.0,2.1326666625175544e-05,0.3918605474951028,29.003920078228337,0.11,-0.644698923449778
2022-09-09 05:30:00,0.0,2.122990299606362e-05,0.2411336513405394,17.847729750696033,0.11,-0.6249153625982995
2022-09-09 06:00:00,0.0,2.1165977399399305e-05,0.2627389834006309,19.446868343085992,0.11,-0.6029527290255932
2022-09-09 06:30:00,0.0,2.1165977399399305e-05,0.2411336513405394,17.847729750696033,0.11,-0.5797632986676045
2022-09-09 07:00:00,0.0,2.1039756124614712e-05,0.2195038033556694,16.246776589507387,0.11,-0.5575363006393502
2022-09-09 07:30:00,0.0,2.0659729196298585e-05,0.1761702414931731,13.039403014905542,0.11,-0.539259626616811
2022-09-09 08:00:00,0.0,2.0471065505252875e-05,0.1109840319932768,8.214585557207098,0.1095,-0.52854614980462
2022-09-09 08:30:00,0.0,2.0690509585885414e-05,0.1327376581398894,9.82470027327428,0.1095,-0.530505434730958
2022-09-09 09:00:00,0.0,2.072251014379171e-05,0.1109840319932768,8.214585557207098,0.109,-0.5532372182372418
2022-09-09 09:30:00,0.0,2.1454166441399737e-05,0.1109840319932768,8.214585557207098,0.109,-0.6074695466753729
2022-09-09 10:00:00,0.0,2.3289952882876963e-05,0.1109840319932768,8.214585557207098,0.1075,-0.7010604974962271
2022-09-09 10:30:00,0.0,2.8104307908220937e-05,0.2411336513405394,17.847729750696033,0.1075,-0.8295818334932467
2022-09-09 11:00:00,0.0,3.3151868853285435e-05,0.9416233180200289,69.69511892490378,0.1065,-0.971886574219892
2022-09-09 11:30:00,0.0,3.359580809359443e-05,1.6583192773247646,122.74203180485765,0.1065,-1.098713367703409
2022-09-09 12:00:00,0.0,0.0414707778127442,2.311743432168501,171.105823682907,0.10500000000000001,-1.1889921006223116
2022-09-09 12:30:00,0.0,0.0475890961059081,2.983390227226096,220.81838109439823,0.10500000000000001,-1.2395926367224548
2022-09-09 13:00:00,0.0,0.0466904147715254,3.3766806586687452,249.9281353526707,0.10350000000000001,-1.2625526199041752
2022-09-09 13:30:00,0.0,0.0447325646614113,3.5431393124661006,262.2487262412656,0.10350000000000001,-1.2753350250943831
2022-09-09 14:00:00,0.0,0.0725449461774777,3.4523950012445352,255.532202296591,0.10200000000000001,-1.2907026377479032
2022-09-09 14:30:00,0.0,0.0836638332011476,3.3616506900229703,248.8156783519164,0.10200000000000001,-1.3101177953315488
2022-09-09 15:00:00,0.0,0.0932995368620072,3.270906378801405,242.0991544072418,0.1005,-1.324116912006581
2022-09-09 15:30:00,0.0,0.0931953668534714,3.1801620675798397,235.3826304625672,0.1005,-1.3188204472058191
2022-09-09 16:00:00,0.0,0.0977230122419544,3.0894177563582743,228.66610651789264,0.1,-1.2825085831739564
2022-09-09 16:30:00,0.0,0.0882363411479246,2.9986734451367094,221.949582573218,0.1,-1.2104890075893957
2022-09-09 17:00:00,0.0,0.1152216692648094,2.907929133915144,215.2330586285434,0.1005,-1.1114028043975457
2022-09-09 17:30:00,0.0,0.1501921496193425,2.8171848226935787,208.5165346838688,0.1005,-1.0109553830412903
2022-09-09 18:00:00,0.0,0.1098748305538788,2.726440511472014,201.8000107391942,0.1005,-0.943068362134566
2022-09-09 18:30:00,0.0,0.129701043632166,2.6356962002504485,195.0834867945196,0.1005,-0.9290717316941564
2022-09-09 19:00:00,0.0,0.0421510375141106,,139.629,0.1005,-0.9609861845112886
2022-09-09 19:30:00,0.0,0.0350866072443553,,129.117,0.1005,-1.0048137906226944
2022-09-09 20:00:00,0.0,0.0309649828413614,,97.345,0.101,-1.0223653054306212
2022-09-09 20:30:00,0.0,0.0280363800053018,2.2727189553641876,168.2173910158212,0.101,-0.9931892000872012
2022-09-09 21:00:00,0.0,0.0271779285788859,1.6985144960034158,125.71711801227198,0.101,-0.9201962988426948
2022-09-09 21:30:00,0.0,0.0192779531644466,1.3747048708299603,101.75004975514068,0.101,-0.8200443848016483
2022-09-09 22:00:00,0.0,0.0166468284838306,1.149028543847332,85.0464081326472,0.1005,-0.7106450534740442
2022-09-09 22:30:00,0.0,0.0161080412426057,0.9416233180200289,69.69511892490378,0.1005,-0.6042217745723054
2022-09-09 23:00:00,0.0,2.423717327478117e-05,0.8789743853008982,65.0581003498336,0.1005,-0.5064076328611827
2022-09-09 23:30:00,0.0,2.2790967230116472e-05,0.6686854812758471,49.49337303888368,0.1005,-0.4186673051039692
2022-09-10 00:00:00,0.0,0.0135173413117877,0.6850705848347928,50.70613160091548,0.0995,-0.3414251980547292
2022-09-10 00:30:00,0.0,2.2362560540125316e-05,0.5578012933742968,41.28617753427369,0.0995,-0.2758292948516184
2022-09-10 01:00:00,0.0,2.2790967230116472e-05,0.4938514812561583,36.552873169880165,0.0995,-0.22323931189253
2022-09-10 01:30:00,0.0,2.2857211376259688e-05,0.5151916297194291,38.13238395360857,0.0995,-0.183751771803985
2022-09-10 02:00:00,0.0,2.249461350944277e-05,0.4296888634294386,31.803817794563656,0.099,-0.1554575932329453
2022-09-10 02:30:00,0.0,2.2264834702587182e-05,0.2791369259521602,20.660577195003217,0.099,-0.1348737026961176
2022-09-10 03:00:00,0.0,0.0102608562809181,0.3222726760465995,23.85330954902817,0.099,-0.1183830594408528
2022-09-10 03:30:00,0.0,0.0106574806935069,0.3007169701109237,22.257844080037714,0.099,-0.1041835267582157
2022-09-10 04:00:00,0.0,2.1906731267520072e-05,0.2791369259521602,20.660577195003217,0.099,-0.093049717848464
2022-09-10 04:30:00,0.0,2.213377890361061e-05,0.3222726760465995,23.85330954902817,0.099,-0.0867400557534107
2022-09-10 05:00:00,0.0,2.2199859468317535e-05,0.4296888634294386,31.803817794563656,0.0985,-0.0857648384848604
2022-09-10 05:30:00,0.0,2.2857211376259688e-05,0.3007169701109237,22.257844080037714,0.0985,-0.0890239189921433
2022-09-10 06:00:00,0.0,0.0123707338446694,-0.0036547031422763,-0.2705062260690041,0.098,-0.0952896991478281
2022-09-10 06:30:00,0.0,2.2625974081235195e-05,0.4511001740043989,33.388595707665594,0.098,-0.1048520676448137
2022-09-10 07:00:00,0.0,0.029348829831228,0.3653113863699724,27.038859414837844,0.0975,-0.1203797795854453
2022-09-10 07:30:00,0.0,0.0427469447113179,0.2791369259521602,20.660577195003217,0.0975,-0.1466980292845165
2022-09-10 08:00:00,0.0,0.0171081649800733,0.6427401790413935,47.573007548599215,0.098,-0.1893408780901334
2022-09-10 08:30:00,0.0,2.4134842509367325e-05,0.7904957573902225,58.50927304645569,0.098,-0.2525151341312919
2022-09-10 09:00:00,0.0,2.5903426022643787e-05,0.9788420483804628,72.4498976023889,0.098,-0.337851651026757
2022-09-10 09:30:00,0.0,0.0278230508867325,1.186028772601586,87.78501421209172,0.098,-0.4443400483510617
2022-09-10 10:00:00,0.0,0.0849786200082399,1.8948108259949468,140.2461720421244,0.0975,-0.5682049822735147
2022-09-10 10:30:00,0.0,0.0946128797299129,2.2108494278465893,163.63806083606997,0.0975,-0.7019554407681317
2022-09-10 11:00:00,0.0,0.1077330351027464,3.09411276729351,229.01361208537685,0.0955,-0.8343018477342766
2022-09-10 11:30:00,0.0,0.1243037742067918,3.5964537947533857,266.19484685268503,0.0955,-0.9541837950297078
2022-09-10 12:00:00,0.0,0.3796760997415493,4.392185043586569,325.09162963022374,0.0935,-1.057792767934821
2022-09-10 12:30:00,0.0,0.3480753516022157,5.093257069942388,376.9821226933457,0.0935,-1.1507746712642188
2022-09-10 13:00:00,0.0,0.3809633108830637,5.504607016267531,407.4285686131077,0.092,-1.2404921351898115
2022-09-10 13:30:00,0.0,0.2909368666866149,5.942941692463,439.87231421893017,0.092,-1.325467386214939
2022-09-10 14:00:00,0.0,0.3260813605484666,6.175985870962175,457.1212941713478,0.091,-1.3935546162173142
2022-09-10 14:30:00,0.0,0.3544314310952561,5.881497053077635,435.3244325264233,0.091,-1.4296414012257754
2022-09-10 15:00:00,0.0,0.3180369127318826,5.587008235193094,413.5275708814988,0.088,-1.423937776998484
2022-09-10 15:30:00,0.0,0.1449889725677308,5.292519417308554,391.7307092365742,0.088,-1.3750596914826618
2022-09-10 16:00:00,0.0,0.1170356982401558,4.998030599424014,369.9338475916496,0.086,-1.2897136032210776
2022-09-10 16:30:00,0.0,0.2424406612707754,4.7035417815394736,348.1369859467251,0.086,-1.1826958076130978
2022-09-10 17:00:00,0.0,0.3078686098157009,4.409052963654934,326.34012430180053,0.08549999999999999,-1.076805190762278
2022-09-10 17:30:00,0.0,0.2775324380487463,4.114564145770393,304.543262656876,0.08549999999999999,-0.998329924864837
2022-09-10 18:00:00,0.0,0.235602709998524,3.820075327885853,282.74640101195143,0.08499999999999999,-0.9661552506027824
2022-09-10 18:30:00,0.0,0.2129471717605469,3.5255865100013124,260.9495393670269,0.08499999999999999,-0.97960170504402
2022-09-10 19:00:00,0.0,0.10026019221029,3.231097692116772,239.1526777221023,0.087,-1.0143604216272355
2022-09-10 19:30:00,0.0,0.0972932138521181,,151.734,0.087,-1.0330329646201253
2022-09-10 20:00:00,0.0,0.1045460283674399,,111.163,0.089,-1.0062872275056314
2022-09-10 20:30:00,0.0,0.0866051462170739,2.3476312384631517,173.76209278732864,0.089,-0.9300823816680408
2022-09-10 21:00:00,0.0,3.829855783190538e-05,1.914704619673428,141.7186295415889,0.0895,-0.8254684735059308
2022-09-10 21:30:00,0.0,3.670817500645024e-05,1.7750434954960703,131.381482539756,0.0895,-0.7219783344740068
2022-09-10 22:00:00,0.0,3.700612199468409e-05,1.452194085195843,107.48548547266682,0.09,-0.6387706539923586
2022-09-10 22:30:00,0.0,0.047844018599244,1.124099605826035,83.20126977762095,0.09,-0.5767651190685982
2022-09-10 23:00:00,0.0,0.0446685970245527,1.0619768013078923,78.60319306692035,0.09,-0.5244510234965273
2022-09-10 23:30:00,0.0,0.0696515033668266,0.9162603421657782,67.81785485908988,0.09,-0.4704350510513951
2022-09-11 00:00:00,0.0,0.0675009019849391,0.7436928835788719,55.04511514606694,0.091,-0.4125999243094213
2022-09-11 00:30:00,0.0,0.0400561979384843,0.8488888226664263,62.831289664918536,0.091,-0.3576517999256604
2022-09-11 01:00:00,0.0,0.0363988912043911,0.6591259026765888,48.78581200614691,0.0905,-0.3132188331144707
2022-09-11 01:30:00,0.0,0.0493620920427331,0.5528967569827673,40.92316374676689,0.0905,-0.2809692833751799
2022-09-11 02:00:00,0.0,0.0326186276332983,0.4888781601451451,36.18476821787808,0.0905,-0.2567335911913164
2022-09-11 02:30:00,0.0,0.0467347014060303,0.4246462498995061,31.43058410022401,0.0905,-0.2356881875253421
2022-09-11 03:00:00,0.0,0.0307331300702325,0.4460807147947458,33.01707580171098,0.0905,-0.2162745384949003
2022-09-11 03:30:00,0.0,2.929735908506126e-05,0.403187854774092,29.842321180665017,0.0905,-0.1993217799209692
2022-09-11 04:00:00,0.0,2.8252483396265985e-05,0.4246462498995061,31.43058410022401,0.0905,-0.1844375218829772
2022-09-11 04:30:00,0.0,0.0327422257275728,0.2739306155791444,20.275227327743895,0.0905,-0.1689470968805339
2022-09-11 05:00:00,0.0,0.0286640425765163,0.2523025350421318,18.674404985839633,0.0905,-0.1511871786597943
2022-09-11 05:30:00,0.0,0.0455167266405271,0.2306498991702269,17.071765158160733,0.0905,-0.1334126154960968
2022-09-11 06:00:00,0.0,2.7228112823298044e-05,0.2089726283049169,15.467301948708863,0.0905,-0.1196696572893604
2022-09-11 06:30:00,0.0,2.6293655713524186e-05,0.2739306155791444,20.275227327743895,0.0905,-0.1112223704367729
2022-09-11 07:00:00,0.0,0.0223430699976211,0.3171134275741283,23.471443011771964,0.0905,-0.1056593824763982
2022-09-11 07:30:00,0.0,0.0241270675791563,0.2523025350421318,18.674404985839633,0.0905,-0.1010279636065814
2022-09-11 08:00:00,0.0,0.0374239209145011,0.2955342200977337,21.874238054555192,0.09,-0.1002110040198982
2022-09-11 08:30:00,0.0,0.0269675405646382,0.6167040748958534,45.64592127106292,0.09,-0.1103295944164452
2022-09-11 09:00:00,0.0,0.0243233827965907,1.01603814791378,75.20300123831859,0.09,-0.1378969559537372
2022-09-11 09:30:00,0.0,0.029598949657802,1.3461656880076247,99.63769579920354,0.09,-0.1857204905980067
2022-09-11 10:00:00,0.0,3.404197166659722e-05,1.7111916325034289,126.6554279702852,0.0895,-0.2555599256860145
2022-09-11 10:30:00,0.0,4.264827435817648e-05,2.864561727945314,212.02318005110183,0.0895,-0.3528718234335097
2022-09-11 11:00:00,0.0,4.854528869139523e-05,3.5576742268148553,263.3245413413311,0.088,-0.4856678414713273
2022-09-11 11:30:00,0.0,5.271896934399469e-05,4.884242743855769,361.5117344448405,0.088,-0.6550037765442575
2022-09-11 12:00:00,0.0,0.2025549958080286,5.976479552248209,442.3546498636462,0.086,-0.8455765637759425
2022-09-11 12:30:00,0.0,0.3439646433131181,6.701960407853809,496.0517849510525,0.086,-1.0282697956103932
2022-09-11 13:00:00,0.0,0.3163212505917438,7.265844673549118,537.7881992957541,0.08399999999999999,-1.1744378402698386
2022-09-11 13:30:00,0.0,0.3228423980215333,7.009451074278495,518.8109904153234,0.08399999999999999,-1.268931491212973
2022-09-11 14:00:00,0.0,0.2705642811867416,6.928855807353985,512.845657351037,0.08149999999999999,-1.3122898198435062
2022-09-11 14:30:00,0.0,0.4371568474935954,6.555083899745027,485.18058464832336,0.08149999999999999,-1.3150994473142072
2022-09-11 15:00:00,0.0,0.5336705707297587,6.181311992136069,457.51551194560983,0.079,-1.291685267843249
2022-09-11 15:30:00,0.0,0.3963438536900215,5.807540084527111,429.85043924289624,0.079,-1.2550643238388106
2022-09-11 16:00:00,0.0,0.553012566417223,5.433768176918154,402.1853665401827,0.077,-1.2125413300928116
2022-09-11 16:30:00,0.0,0.5451856136705813,5.059996269309195,374.5202938374691,0.077,-1.1641124755776855
2022-09-11 17:00:00,0.0,0.2087726848430019,4.686224361700238,346.8552211347556,0.0765,-1.1056433347580228
2022-09-11 17:30:00,0.0,0.3637204386876744,4.31245245409128,319.190148432042,0.0765,-1.034045796495695
2022-09-11 18:00:00,0.0,0.1760369905622488,3.938680546482322,291.5250757293285,0.07550000000000001,-0.9503083539301248
2022-09-11 18:30:00,0.0,0.1847773925218573,3.564908638873364,263.8600030266149,0.07550000000000001,-0.8594915174813118
2022-09-11 19:00:00,0.0,0.187634552779093,3.191136731264406,236.19493032390133,0.0765,-0.7692612057032074
2022-09-11 19:30:00,0.0,0.1822110217347577,,141.594,0.0765,-0.6877077568338793
2022-09-11 20:00:00,0.0,0.1952419489356676,,95.172,0.0775,-0.6208061484746719
2022-09-11 20:30:00,0.0,0.1451247906844759,2.0698210084375326,153.19971221576068,0.0775,-0.5708408342488107
2022-09-11 21:00:00,0.0,0.1459621845134522,1.6508075686350223,122.18604575349087,0.0785,-0.5366532467344962
2022-09-11 21:30:00,0.0,0.1721801758951349,1.4889026706279451,110.20250530245924,0.0785,-0.5150563904243252
2022-09-11 22:00:00,0.0,0.1321924842033225,1.3870509577675374,102.6638567742584,0.0785,-0.5024703448445119
2022-09-11 22:30:00,0.0,0.1385841263618097,1.2641444915622058,93.56682124541008,0.0785,-0.4966145404330647
2022-09-11 23:00:00,0.0,0.0942682079901635,1.1817856424029596,87.47095501437671,0.078,-0.4979889804721826
2022-09-11 23:30:00,0.0,0.0828998117859895,1.057605080631194,78.2796161262923,0.078,-0.509917253971759
2022-09-12 00:00:00,0.0,0.075088493366538,1.0196510667301355,75.47041475894103,0.0785,-0.5360752635052106
2022-09-12 00:30:00,0.0,4.6385317006308536e-05,0.9778223312929288,72.37442230103925,0.0785,-0.5758567250275721
2022-09-12 01:00:00,0.0,0.0804569234412902,1.0405322773946046,77.01595683792891,0.079,-0.6202890793683875
2022-09-12 01:30:00,0.0,0.0954894046836253,0.8518005890075652,63.04680673798118,0.079,-0.6529246483626984
2022-09-12 02:00:00,0.0,0.0919158224536813,0.8728604081039074,64.60556868489519,0.0795,-0.6580369189613257
2022-09-12 02:30:00,0.0,0.0804571337142955,0.7461603987264003,55.22775055702682,0.0795,-0.6312842763023119
2022-09-12 03:00:00,0.0,0.0824683789607169,0.7249636361453059,53.6588526117012,0.0795,-0.5832370681838879
2022-09-12 03:30:00,0.0,0.0762272333685154,0.6186321776444756,45.78863157548403,0.0795,-0.5321416324378043
2022-09-12 04:00:00,0.0,0.0394985844992982,0.4472785613354911,33.10573551893906,0.0795,-0.4928729736572302
2022-09-12 04:30:00,0.0,0.0508333763283157,0.5545525135441175,41.045716096783714,0.0795,-0.470825317827825
2022-09-12 05:00:00,0.0,0.0322946281696854,0.5331453771704111,39.461247141040026,0.08,-0.4623072305135386
2022-09-12 05:30:00,0.0,0.0423286163992367,0.4902597764446804,36.287029823407536,0.08,-0.4576194061666289
2022-09-12 06:00:00,0.0,0.0450754329217019,0.4257519057511283,31.51242023851215,0.08,-0.4447023891082555
2022-09-12 06:30:00,0.0,0.0445234812426755,0.4257519057511283,31.51242023851215,0.08,-0.4139630755249009
2022-09-12 07:00:00,0.0,0.0425708199710467,0.3826261103535144,28.320424690560095,0.08,-0.3630525585377457
2022-09-12 07:30:00,0.0,0.0355871290047803,0.3826261103535144,28.320424690560095,0.08,-0.2984849550600522
2022-09-12 08:00:00,0.0,0.0254349804980786,0.4257519057511283,31.51242023851215,0.0805,-0.2333374280881019
2022-09-12 08:30:00,0.0,3.1289254423377296e-05,0.5759359753556299,42.628432757956915,0.0805,-0.1828951977332709
2022-09-12 09:00:00,0.0,0.0025297971380681,0.9359047138904526,69.27185116244722,0.081,-0.1598348356505479
2022-09-12 09:30:00,0.0,0.0025172817769636,1.0613914754086586,78.55986963028043,0.081,-0.170484691049999
2022-09-12 10:00:00,0.0,0.0093931846585367,1.47405649660225,109.10365203013762,0.08,-0.2144109064878278
2022-09-12 10:30:00,0.0,0.009553422197519,1.77811084655222,131.6085153590922,0.08,-0.2871739785675697
2022-09-12 11:00:00,0.0,0.0192750922067897,2.50955014636439,185.7466701936066,0.079,-0.382113211381172
2022-09-12 11:30:00,0.0,0.0194940484934968,3.4227236679657684,253.3360511797384,0.079,-0.4887008385202123
2022-09-12 12:00:00,0.0,0.029679338969677,3.902201813500223,288.82506864075816,0.077,-0.591892029667301
2022-09-12 12:30:00,0.0,0.0299848503930784,3.883944327053807,287.4737239312533,0.077,-0.6773294278694215
2022-09-12 13:00:00,0.0,0.0129385499184499,4.065877569576924,300.9396807861708,0.075,-0.7385914853929544
2022-09-12 13:30:00,0.0,0.0131151688623427,4.029604272955158,298.25487925941155,0.075,-0.7786823494435143
2022-09-12 14:00:00,0.0,0.0309219495748905,4.300300558904957,318.29071469461655,0.07300000000000001,-0.8051708404774125
2022-09-12 14:30:00,0.0,0.0315881308413202,4.076651627961616,301.7371326610924,0.07300000000000001,-0.8249088661743843
2022-09-12 15:00:00,0.0,0.0116487674682515,3.853002697018275,285.18355062756825,0.0695,-0.8418242811121742
2022-09-12 15:30:00,0.0,0.0122674742639393,3.629353766074934,268.62996859404416,0.0695,-0.8563358259087832
2022-09-12 16:00:00,0.0,0.0164521317793024,3.4057048351315937,252.07638656052,0.0665,-0.8650890680649024
2022-09-12 16:30:00,0.0,0.0165433568192538,3.182055904188253,235.52280452699583,0.0665,-0.8626184984348404
2022-09-12 17:00:00,0.0,0.0955999337579535,2.958406973244912,218.96922249347173,0.065,-0.845396023469632
2022-09-12 17:30:00,0.0,0.0479750185131193,2.734758042301571,202.4156404599476,0.065,-0.8151233485783503
2022-09-12 18:00:00,0.0,0.0444152726287841,2.5111091113582305,185.86205842642343,0.0655,-0.7782133296616314
2022-09-12 18:30:00,0.0,3.904253920677047e-05,2.2874601804148895,169.3084763928993,0.0655,-0.74221209309041
2022-09-12 19:00:00,0.0,3.769289681728121e-05,2.0638112494715486,152.7548943593752,0.067,-0.7120167258024755
2022-09-12 19:30:00,0.0,3.692083777532704e-05,,93.096,0.067,-0.6880309473276002
2022-09-12 20:00:00,0.0,3.577829014767662e-05,1.6165133875848667,119.6477302923269,0.0685,-0.6669080393006757
2022-09-12 20:30:00,0.0,3.5236327077905795e-05,1.2067952406585924,89.32206351109018,0.0685,-0.6443039018207807
2022-09-12 21:00:00,0.0,3.490481344560323e-05,1.0613914754086586,78.55986963028043,0.0695,-0.6180668193205343
2022-09-12 21:30:00,0.0,3.453450868479409e-05,1.0405322773946046,77.01595683792891,0.0695,-0.5897731235569306
2022-09-12 22:00:00,0.0,3.404197166659722e-05,0.8728604081039074,64.60556868489519,0.07050000000000001,-0.5634405388721915
2022-09-12 22:30:00,0.0,3.490481344560323e-05,0.8307181260494476,61.486368784739426,0.07050000000000001,-0.542505404746651
2022-09-12 23:00:00,0.0,3.5236327077905795e-05,0.6612345855365246,48.94188811416764,0.07100000000000001,-0.5279175307239036
2022-09-12 23:30:00,0.0,3.582180858518088e-05,0.6825008031588436,50.51592683847086,0.07100000000000001,-0.5188626076210108
2022-09-13 00:00:00,0.0,3.6835678740633714e-05,0.6201491553252831,45.90091207857588,0.07100000000000001,-0.5142771213320576
2022-09-13 00:30:00,0.0,3.662332912531117e-05,0.6201491553252831,45.90091207857588,0.07100000000000001,-0.5130327555734032
2022-09-13 01:00:00,0.0,3.556987643811817e-05,0.6414166746697004,47.47504715104158,0.07150000000000001,-0.5138466567144471
2022-09-13 01:30:00,0.0,0.0318012846687457,0.4061774672454113,30.063600106898605,0.07150000000000001,-0.5164765788753701
2022-09-13 02:00:00,0.0,0.0376804871219293,0.5988582888977728,44.32504895020759,0.07150000000000001,-0.5221067498306275
2022-09-13 02:30:00,0.0,0.0229621711825756,0.6626609211588737,49.04745966164744,0.07150000000000001,-0.5307008109946434
2022-09-13 03:00:00,0.0,0.0192506522169528,0.6414166746697004,47.47504715104158,0.07150000000000001,-0.5384564703140305
2022-09-13 03:30:00,0.0,3.2311510725841314e-05,0.5348448600963607,39.587035938288544,0.07150000000000001,-0.5398693155074568
2022-09-13 04:00:00,0.0,3.219286580736566e-05,0.4491622037741836,33.24515505248749,0.07150000000000001,-0.532668407602938
2022-09-13 04:30:00,0.0,3.223346470019411e-05,0.3630963024330241,26.8749079329025,0.07150000000000001,-0.5197996284992943
2022-09-13 05:00:00,0.0,3.219286580736566e-05,0.3630963024330241,26.8749079329025,0.07150000000000001,-0.5065722839982649
2022-09-13 05:30:00,0.0,3.1640917004144014e-05,0.4920511303640759,36.4196185370254,0.07150000000000001,-0.496723157515387
2022-09-13 06:00:00,0.0,3.0978191427504694e-05,0.4276818502746918,31.65526686360535,0.07150000000000001,-0.4912287773656524
2022-09-13 06:30:00,0.0,3.0438899716606223e-05,0.4061774672454113,30.063600106898605,0.07150000000000001,-0.4895457775856157
2022-09-13 07:00:00,0.0,3.125105186669438e-05,0.3630963024330241,26.8749079329025,0.07150000000000001,-0.490797183166118
2022-09-13 07:30:00,0.0,2.9827376435069603e-05,0.4920511303640759,36.4196185370254,0.07150000000000001,-0.494079350992493
2022-09-13 08:00:00,0.0,3.036082423802096e-05,0.4276818502746918,31.65526686360535,0.072,-0.4987112003356634
2022-09-13 08:30:00,0.0,2.9978687075037876e-05,0.7050798909154075,52.18713885743244,0.072,-0.5048079680227621
2022-09-13 09:00:00,0.0,3.113345954710823e-05,0.7474066521705344,55.31999315588486,0.072,-0.5138669416487662
2022-09-13 09:30:00,0.0,3.195645334647196e-05,0.999463128916775,73.97618590986234,0.072,-0.5291816298714922
2022-09-13 10:00:00,0.0,0.0063990865050786,1.4941619568487845,110.5917762259876,0.072,-0.5559472420870865
2022-09-13 10:30:00,0.0,0.0068695714176379,2.738674338253858,202.7055087192784,0.072,-0.6004887632904348
2022-09-13 11:00:00,0.0,0.0219327415927537,3.585460711088462,265.38118361950467,0.07100000000000001,-0.6677800582575536
2022-09-13 11:30:00,0.0,0.0233724558314214,4.808501325731533,355.9056634792134,0.07100000000000001,-0.7574071072289964
2022-09-13 12:00:00,0.0,0.0326145926516177,5.311853844286931,393.16176469348056,0.0685,-0.8607564306483386
2022-09-13 12:30:00,0.0,0.0331711984791273,5.939948566398972,439.6507752308896,0.0685,-0.9632498862138748
2022-09-13 13:00:00,0.0,0.0323532510525122,6.073795798779473,449.55760166562936,0.0655,-1.0514125036687838
2022-09-13 13:30:00,0.0,0.1267322969211002,6.553496804462828,485.0631143262517,0.0655,-1.119255800363198
2022-09-13 14:00:00,0.0,0.1443466127364967,6.4055256117351425,474.1108899311496,0.064,-1.1686829265446186
2022-09-13 14:30:00,0.0,0.1513606249278036,6.042300000349704,447.2264110767926,0.064,-1.204102897239702
2022-09-13 15:00:00,0.0,0.2961179236555351,5.679074388964266,420.3419322224355,0.0605,-1.2264205887436437
2022-09-13 15:30:00,0.0,0.2807961841793022,5.315848777578828,393.45745336807846,0.0605,-1.231864796837772
2022-09-13 16:00:00,0.0,0.2484238712956978,4.952623166193389,366.57297451372136,0.0575,-1.2163825760198372
2022-09-13 16:30:00,0.0,0.1751802281503774,4.589397554807951,339.6884956593643,0.0575,-1.1810465882160774
2022-09-13 17:00:00,0.0,0.158669307456273,4.2261719434225125,312.8040168050072,0.056,-1.1333529082216431
2022-09-13 17:30:00,0.0,0.0027584296081006,3.8629463320370743,285.9195379506502,0.056,-1.0834093749874942
2022-09-13 18:00:00,0.0,0.0092095049025233,3.499720720651636,259.03505909629314,0.0555,-1.038673814578675
2022-09-13 18:30:00,0.0,0.0739376744374697,3.136495109266198,232.15058024193604,0.0555,-1.0018903826212155
2022-09-13 19:00:00,0.0,0.0408330909968763,2.7732694978807597,205.26610138757897,0.0565,-0.972450710174848
2022-09-13 19:30:00,0.0,0.0504211345242969,2.410043886495321,178.38162253322187,0.0565,-0.9468540939614674
2022-09-13 20:00:00,0.8,3.351404317298461e-05,1.7973001271754063,133.02882767456086,0.0585,-0.9171662013973846
2022-09-13 20:30:00,0.8,0.0078652192872404,1.6563959736214389,122.59967670620328,0.0585,-0.8729602971441714
2022-09-13 21:00:00,0.2,3.2510446819210245e-05,1.227721291900134,90.87092450677429,0.0595,-0.8094659964875349
2022-09-13 21:30:00,0.0,3.2153923140210136e-05,0.999463128916775,73.97618590986234,0.0595,-0.7340716471136397
2022-09-13 22:00:00,0.0,3.219286580736566e-05,0.7896417875564704,58.4460656810659,0.06,-0.6624307422658201
2022-09-13 22:30:00,0.8,3.144557613994091e-05,0.7474066521705344,55.31999315588486,0.06,-0.6076471893086628
2022-09-13 23:00:00,1.0,3.070852557616108e-05,0.7474066521705344,55.31999315588486,0.061,-0.5731176681326774
2022-09-13 23:30:00,1.8,3.117315308598607e-05,0.68388196870683,50.618155081208414,0.061,-0.5535434336622082
2022-09-14 00:00:00,1.4,3.0284443149030228e-05,0.6215755796990812,46.00649019507609,0.0615,-0.5407842484823381
2022-09-14 00:30:00,0.8,3.00173708846954e-05,0.5577687743328551,41.283770607408954,0.0615,-0.5293355334027856
2022-09-14 01:00:00,0.2,2.9827376435069603e-05,0.5790610795049956,42.85974022578889,0.0625,-0.5181361716344175
2022-09-14 01:30:00,0.0,2.9636675311373782e-05,0.4937507412248414,36.54541680348739,0.0625,-0.5085418678970209
2022-09-14 02:00:00,0.0,2.9146910777830966e-05,0.5364529996234293,39.70606386956637,0.0625,-0.5012193144503609
2022-09-14 02:30:00,0.0,2.877237961025713e-05,0.6003299898342775,44.433978253283115,0.0625,-0.4951196873907796
2022-09-14 03:00:00,0.0,2.8399713350494872e-05,0.4723641065516491,34.96246530002866,0.0625,-0.4887086459141375
2022-09-14 03:30:00,0.0,2.7445699734704247e-05,0.5364529996234293,39.70606386956637,0.0625,-0.4809996703586402
2022-09-14 04:00:00,0.0,0.002312328219367,0.4509537003697555,33.37775432641423,0.0625,-0.4712772071123977
2022-09-14 04:30:00,0.0,0.002453188795153,0.3865790881427335,28.613007989905785,0.0625,-0.458995274206299
2022-09-14 05:00:00,0.0,2.6328952168670433e-05,0.2788054517185808,20.63604282368111,0.063,-0.4444830371939904
2022-09-14 05:30:00,0.0,2.5833681681635627e-05,0.343542414890478,25.427608899794915,0.063,-0.4290517032506601
2022-09-14 06:00:00,0.0,2.541114567201921e-05,0.2571776289744791,19.035239562557067,0.063,-0.4141226985048367
2022-09-14 06:30:00,0.0,2.5376732589395176e-05,0.2138482556784494,15.828176008567944,0.063,-0.4006742996715419
2022-09-14 07:00:00,0.0,2.502899022333993e-05,0.1704200459878991,12.613796987620438,0.063,-0.3893730810264469
2022-09-14 07:30:00,0.0,2.4476273743114684e-05,0.1704200459878991,12.613796987620438,0.063,-0.3806357964406187
2022-09-14 08:00:00,0.0,2.4476273743114684e-05,0.1050910028816777,7.778407568726061,0.063,-0.3744476568170604
2022-09-14 08:30:00,0.0,2.4821185487419337e-05,0.0395359302972529,2.9262883693956514,0.063,-0.3702324505485155
2022-09-14 09:00:00,0.0,2.5657134418759616e-05,0.0832645357353956,6.162901458842022,0.063,-0.3669653911101659
2022-09-14 09:30:00,0.0,2.672229220790163e-05,0.0176336267633874,1.3051691592938135,0.063,-0.3644170607228038
2022-09-14 10:00:00,0.0,0.0059432246615484,-0.0702308708099909,-5.198202720376722,0.063,-0.3660801933539025
2022-09-14 10:30:00,0.0,0.0065902680868174,0.3219877658884036,23.83222166072043,0.063,-0.3813332685548862
2022-09-14 11:00:00,0.0,0.0077682104794096,0.642797923163382,47.57728153308132,0.062,-0.4227305472110639
2022-09-14 11:30:00,0.0,0.0088844001164676,1.2278766285777336,90.88242189432992,0.062,-0.4979938632535895
2022-09-14 12:00:00,0.0,0.0214095986052252,2.1535558683138487,159.39742514996382,0.06,-0.602691077452344
2022-09-14 12:30:00,0.0,0.0209393732032032,2.562807742592435,189.6885803308502,0.06,-0.720937611440566
2022-09-14 13:00:00,0.0,3.825496551648326e-05,3.964843210581115,293.46152945860933,0.058,-0.834223817832912
2022-09-14 13:30:00,0.0,4.260172388202845e-05,4.643797755525444,343.7149767224253,0.058,-0.9297850414856332
2022-09-14 14:00:00,0.0,0.1613607356991108,5.712719019580724,422.8321706087672,0.0555,-1.0015674666298289
2022-09-14 14:30:00,0.0,0.1478500343859956,5.384681503153976,398.55217107852405,0.0555,-1.0471984674083037
2022-09-14 15:00:00,0.0,0.0783750835682668,5.056643986727228,374.27217154828094,0.052000000000000005,-1.0673307765917994
2022-09-14 15:30:00,0.0,0.0177567085113553,4.7286064703004795,349.9921720180378,0.052000000000000005,-1.066279171709121
2022-09-14 16:00:00,0.0,0.0946908786973731,4.400568953873732,325.7121724877947,0.05,-1.0495928537119543
2022-09-14 16:30:00,0.0,0.026862235388161,4.072531437446984,301.4321729575516,0.05,-1.0200877017614534
2022-09-14 17:00:00,0.0,0.0035966964493167,3.744493921020237,277.15217342730847,0.047,-0.9775580194610908
2022-09-14 17:30:00,0.0,0.0035515228209682,3.416456404593488,252.87217389706535,0.047,-0.9226128891227072
2022-09-14 18:00:00,0.0,0.0001611159428267,3.0884188881667405,228.59217436682223,0.0375,-0.85959142435815
2022-09-14 18:30:00,0.0,0.0001596107264047,2.7603813717399928,204.31217483657912,0.0375,-0.795325463328223
2022-09-14 19:00:00,0.0,0.0185975460708364,2.4323438553132446,180.032175306336,0.0385,-0.735720983520792
2022-09-14 19:30:00,0.0,0.0169883188077319,,76.071,0.0385,-0.6835633511550686
2022-09-14 20:00:00,0.0,0.0177583695846913,1.7762688224597494,131.47217624584974,0.04,-0.6389196037844247
2022-09-14 20:30:00,0.0,0.0178976041896906,1.3919201660961429,103.02425572258294,0.04,-0.6011401677891876
2022-09-14 21:00:00,0.0,3.3432409920585494e-05,1.2072763411046663,89.35767260462289,0.041499999999999995,-0.5703064369433328
2022-09-14 21:30:00,0.2,3.2869602527692825e-05,1.0417018920687469,77.10252694749465,0.041499999999999995,-0.5466839307855644
2022-09-14 22:00:00,0.0,3.1095386000272306e-05,0.7907095842984276,58.52509964241132,0.041999999999999996,-0.5293897115045143
2022-09-14 22:30:00,0.0,3.074627670305405e-05,0.6639970939783846,49.14635772606226,0.041999999999999996,-0.5164902889007008
2022-09-14 23:00:00,0.0,2.9561549455001053e-05,0.6003299898342775,44.433978253283115,0.042499999999999996,-0.506180521280504
2022-09-14 23:30:00,0.0,2.8996997763214526e-05,0.4723641065516491,34.96246530002866,0.042499999999999996,-0.496918767614357
2022-09-15 00:00:00,0.0,2.85863723630622e-05,0.4312650905833486,31.920483702089623,0.042499999999999996,-0.4864593644065557
2022-09-15 00:30:00,0.0,2.7701093423267577e-05,0.3884168423237528,28.749031061711392,0.042499999999999996,-0.4718300923007273
2022-09-15 01:00:00,0.0,2.6902582937193505e-05,0.3669567965432884,27.16064596739544,0.043,-0.4510827858590446
2022-09-15 01:30:00,0.0,2.668662221553466e-05,0.323964476133526,23.97852969385576,0.043,-0.4253807038297331
2022-09-15 02:00:00,0.0,2.643646021215821e-05,0.3884168423237528,28.749031061711392,0.0435,-0.3994901700790344
2022-09-15 02:30:00,0.0,2.6830936314465047e-05,0.2376887399631833,17.592751455728315,0.0435,-0.3796710927915496
2022-09-15 03:00:00,0.0,2.6365696203895816e-05,0.2376887399631833,17.592751455728315,0.0435,-0.369961010805679
2022-09-15 03:30:00,0.0,2.57626807481102e-05,0.1727247505091332,12.784381819814197,0.0435,-0.3698324634948636
2022-09-15 04:00:00,0.0,2.579746768048764e-05,0.1944040664376987,14.388996396510349,0.044,-0.3753908124270821
2022-09-15 04:30:00,0.0,2.5202430447118047e-05,0.1944040664376987,14.388996396510349,0.044,-0.3826584282300425
2022-09-15 05:00:00,0.0,0.0039604268687661,0.1727247505091332,12.784381819814197,0.044,-0.3897862516672829
2022-09-15 05:30:00,0.0,0.0039153067524359,0.1075379232832021,7.959518640553178,0.044,-0.3969432976986052
2022-09-15 06:00:00,0.0,2.4993588956392983e-05,0.1292917595965747,9.569648912307075,0.0435,-0.4049071489290001
2022-09-15 06:30:00,0.0,2.468334191378207e-05,0.1075379232832021,7.959518640553178,0.0435,-0.4138972869162172
2022-09-15 07:00:00,0.0,2.4544708661653435e-05,0.1510206750589729,11.17793464427618,0.044,-0.4237005213473344
2022-09-15 07:30:00,0.0,2.4579650240962487e-05,-0.0235130037665307,-1.740336674367717,0.044,-0.4346847616102928
2022-09-15 08:00:00,0.0,0.0043508283967046,0.1034011733424602,7.653333275805804,0.043,-0.4481209060451626
2022-09-15 08:30:00,0.0,0.0044364359708093,0.2303153504514513,17.047003225979324,0.043,-0.4652656926634397
2022-09-15 09:00:00,0.0,2.6471892759141174e-05,0.3572295275604423,26.44067317615285,0.0435,-0.4871589586521112
2022-09-15 09:30:00,0.0,2.7155854767812608e-05,0.4841437046694333,35.83434312632637,0.0435,-0.5169906389069397
2022-09-15 10:00:00,0.0,2.925931655439214e-05,0.6110578817784243,45.22801307649989,0.043,-0.5631671003636484
2022-09-15 10:30:00,0.0,3.400155713459838e-05,0.7379720588874153,54.62168302667341,0.043,-0.637912771751976
2022-09-15 11:00:00,0.0,0.0210197413182536,0.8648862359964065,64.01535297684693,0.0555,-0.7490349524662469
2022-09-15 11:30:00,0.0,0.0224209590486117,0.9918004131053976,73.40902292702046,0.0555,-0.8904822075270309
2022-09-15 12:00:00,0.0,0.0798352756974426,1.1187145902143885,82.80269287719398,0.15050000000000002,-1.0411361339967902
2022-09-15 12:30:00,0.0,0.1701441922596038,1.2456287673233797,92.1963628273675,0.15050000000000002,-1.1745435248783784
2022-09-15 13:00:00,0.0,0.1130310122694423,,354.635,0.1285,-1.2722877771090648
2022-09-15 13:30:00,0.0,0.113687623403226,,363.996,0.1285,-1.331008649559861
2022-09-15 14:00:00,0.0,0.1148572877631435,,354.219,0.1205,-1.3594203599455486
2022-09-15 14:30:00,0.0,0.1064927817409211,,359.115,0.1205,-1.370257344342301
2022-09-15 15:00:00,0.0,0.1100604964596667,,347.87,0.1165,-1.3743621454976258
2022-09-15 15:30:00,0.0,0.1116301970869172,,348.729,0.1165,-1.3783227803255482
2022-09-15 16:00:00,0.0,0.2919407517832549,,362.784,0.1105,-1.383292807309393
2022-09-15 16:30:00,0.0,0.1255646826490896,,366.216,0.1105,-1.385430509117496
2022-09-15 17:00:00,0.0,0.0961633296552534,,321.603,0.106,-1.3793057618374798
2022-09-15 17:30:00,0.0,0.0028028840463037,,288.294,0.106,-1.3608664265584236
2022-09-15 18:00:00,0.0,0.0697814993636136,,284.463,0.1045,-1.3263273771446802
2022-09-15 18:30:00,0.0,0.0045022161544961,,250.79,0.1045,-1.2700698977002016
2022-09-15 19:00:00,0.0,0.0373536324783817,,209.465,0.103,-1.1863387601994069
2022-09-15 19:30:00,0.0,0.0330849933396228,,148.571,0.103,-1.0739251151088052
2022-09-15 20:00:00,0.0,3.3151868853285435e-05,3.1493414239582447,233.10141207997032,0.105,-0.9402571086074112
2022-09-15 20:30:00,0.0,3.2153923140210136e-05,2.4055446096797652,178.04860440725236,0.105,-0.8023398834810127
2022-09-15 21:00:00,0.0,0.0436909985317796,1.7351893267967513,128.4316394613233,0.1075,-0.6823114154910936
2022-09-15 21:30:00,0.0,0.0352662348472289,1.4120248338751389,104.51232126321668,0.1075,-0.5979011351008824
2022-09-15 22:00:00,0.0,0.0208507977941547,1.4120248338751389,104.51232126321668,0.10949999999999999,-0.5533846149579802
2022-09-15 22:30:00,0.0,3.0978191427504694e-05,1.435430656063949,106.24472479418954,0.10949999999999999,-0.5378506324442632
2022-09-15 23:00:00,0.0,0.0296750963420042,1.458836478252759,107.9771283251624,0.11149999999999999,-0.5318916756126278
2022-09-15 23:30:00,0.0,0.0230751313191648,1.4822423004415692,109.70953185613524,0.11149999999999999,-0.5178007183203421
2022-09-16 00:00:00,0.0,0.0242343975262425,1.5056481226303793,111.4419353871081,0.11299999999999999,-0.4875458216153287
2022-09-16 00:30:00,0.0,0.0165616720299084,1.5290539448191895,113.17433891808096,0.11299999999999999,-0.4446951618818293
2022-09-16 01:00:00,0.0,0.016690432403203,1.5524597670079996,114.90674244905382,0.11349999999999999,-0.3996559160914166
2022-09-16 01:30:00,0.0,0.0140946979776196,1.57586558919681,116.63914598002668,0.11349999999999999,-0.3618594734732015
2022-09-16 02:00:00,0.0,2.5517348206729587e-05,1.59927141138562,118.37154951099951,0.11349999999999999,-0.334510091805639
2022-09-16 02:30:00,0.0,2.495958328613873e-05,1.6226772335744302,120.1039530419724,0.11349999999999999,-0.3148785284325331
2022-09-16 03:00:00,0.0,2.4993588956392983e-05,1.6460830557632402,121.83635657294523,0.1135,-0.2985245717976468
2022-09-16 03:30:00,0.0,2.4717075866233703e-05,,17.672,0.1135,-0.2833249627526002
2022-09-16 04:00:00,0.0,2.495958328613873e-05,,10.275,0.1135,-0.2704079827916804
2022-09-16 04:30:00,0.0,2.5342352952357383e-05,,6.368,0.1135,-0.2622989967804077
2022-09-16 05:00:00,0.0,2.5236673719742934e-05,,9.15,0.1135,-0.2603435373563597
2022-09-16 05:30:00,0.0,2.376143814251221e-05,,11.255,0.1135,-0.2630818617077957
2022-09-16 06:00:00,0.0,2.3795567379061236e-05,,8.385,0.113,-0.2664605618986462
2022-09-16 06:30:00,0.0,2.3828417590123304e-05,,2.291,0.113,-0.2657521201486361
2022-09-16 07:00:00,0.0,2.4032825628468784e-05,,11.028,0.113,-0.2577199983987722
2022-09-16 07:30:00,0.0,2.3289952882876963e-05,,10.562,0.113,-0.2419849688009173
2022-09-16 08:00:00,0.0,2.4032825628468784e-05,,10.821,0.113,-0.2218257211010666
2022-09-16 08:30:00,0.0,2.4785996285137452e-05,,20.086,0.113,-0.203953044435581
2022-09-16 09:00:00,0.0,2.562248294754593e-05,,26.406,0.1125,-0.196064589590526
2022-09-16 09:30:00,0.0,2.784777917135708e-05,,33.015,0.1125,-0.2031818846626708
2022-09-16 10:00:00,0.0,0.0044576051485793,,54.975,0.1115,-0.2257657069123828
2022-09-16 10:30:00,0.0,0.0047289868422581,,81.263,0.1115,-0.2610914790140841
2022-09-16 11:00:00,0.0,0.0148687951508767,,108.779,0.1105,-0.3066213575598181
2022-09-16 11:30:00,0.0,0.0155006384400424,,162.872,0.1105,-0.3632815549270563
2022-09-16 12:00:00,0.0,0.0325412308359642,,213.35,0.109,-0.43712289991767
2022-09-16 12:30:00,0.0,0.0359295424499655,,269.365,0.109,-0.538003577132591
2022-09-16 13:00:00,0.0,0.2095941658420447,,338.413,0.1075,-0.6739352086608011
2022-09-16 13:30:00,0.0,0.1814019039694726,,382.067,0.1075,-0.842408948365468
2022-09-16 14:00:00,0.0,0.2018347236545495,,362.298,0.105,-1.025607772888225
2022-09-16 14:30:00,0.0,0.2100401451020793,,341.992,0.105,-1.1966857642223427
2022-09-16 15:00:00,0.0,0.25661385086364,,378.876,0.10099999999999999,-1.3335484830451754
2022-09-16 15:30:00,0.0,0.3028673009292901,,364.348,0.10099999999999999,-1.4268996335079116
2022-09-16 16:00:00,0.0,0.3532420532616151,,368.463,0.09999999999999999,-1.47645437998264
2022-09-16 16:30:00,0.0,0.2584164409562163,,363.035,0.09999999999999999,-1.4839977765516164
2022-09-16 17:00:00,0.0,0.165245194165593,,329.918,0.09999999999999999,-1.4531055987361496
2022-09-16 17:30:00,0.0,0.0156668159119643,,301.068,0.09999999999999999,-1.3930531472987486
2022-09-16 18:00:00,0.0,0.0483293282113655,,279.26,0.09999999999999999,-1.318373667391703
2022-09-16 18:30:00,0.0,0.0484817035149331,,233.024,0.09999999999999999,-1.242769766807381
2022-09-16 19:00:00,0.0,3.734850980499943e-05,,195.811,0.10099999999999999,-1.1731841763862338
2022-09-16 19:30:00,0.0,0.0402912307312157,,157.021,0.10099999999999999,-1.1079839640268423
2022-09-16 20:00:00,0.0,3.271019973049637e-05,2.4418810101827857,180.7380766260224,0.10099999999999999,-1.039530061028995
2022-09-16 20:30:00,0.0,3.1095386000272306e-05,1.8736615162043635,138.68078635888352,0.10099999999999999,-0.9604861893271756
2022-09-16 21:00:00,0.0,0.0311630552806059,1.4522307047877518,107.48819590555884,0.10049999999999999,-0.8708228509527471
2022-09-16 21:30:00,0.0,0.0333646567894376,1.166322582111872,86.32644233578628,0.10049999999999999,-0.7796716419540571
2022-09-16 22:00:00,0.0,3.0284443149030228e-05,1.063212354205646,78.6946436549623,0.10099999999999999,-0.6999877666497358
2022-09-16 22:30:00,0.0,3.262987295419592e-05,0.7716063827978792,57.11115855264871,0.10099999999999999,-0.6419920130125745
2022-09-16 23:00:00,0.0,3.441051549534346e-05,0.87624867437079,64.85635433973238,0.10149999999999999,-0.6107784657721975
2022-09-16 23:30:00,0.0,0.0532141589926882,0.7506105745307572,55.55713442633621,0.10149999999999999,-0.6056618702299068
2022-09-17 00:00:00,0.0,0.0354471102518383,0.7933826554366729,58.722949469735546,0.102,-0.6190093600717526
2022-09-17 00:30:00,0.0,0.03365618558786,0.6042044419443618,44.72074940201483,0.102,-0.6382343917675382
2022-09-17 01:00:00,0.0,0.0377145484689177,0.561913453222067,41.590542840595106,0.102,-0.6521941881168635
2022-09-17 01:30:00,0.0,0.0252107052225141,0.4770528728112078,35.30950866207937,0.102,-0.6559473187800837
2022-09-17 02:00:00,0.0,0.0253992473498768,0.4983030278106483,36.88235849652574,0.102,-0.649797455693174
2022-09-17 02:30:00,0.0,0.0304979676670276,0.5607356072601949,41.503363484671226,0.102,-0.6360167131965395
2022-09-17 03:00:00,0.0,0.0290978123064796,0.6231681867097414,46.124368472816705,0.102,-0.6175561028441386
2022-09-17 03:30:00,0.0,0.0368360528940518,0.685600766159288,50.745373460962185,0.102,-0.5986856591856097
2022-09-17 04:00:00,0.0,0.0376508266683336,0.7480333456088346,55.36637844910767,0.102,-0.5852723507857511
2022-09-17 04:30:00,0.0,0.0554854736918179,0.8104659250583812,59.98738343725316,0.102,-0.5832482736972697
2022-09-17 05:00:00,0.0,0.0648422051081455,0.8728985045079278,64.60838842539863,0.1025,-0.5958217199535127
2022-09-17 05:30:00,0.0,0.0662634451458305,0.9353310839574744,69.22939341354412,0.1025,-0.6214024666231855
2022-09-17 06:00:00,0.0,0.0584536345870258,0.9977636634070208,73.8503984016896,0.103,-0.6537542320428161
2022-09-17 06:30:00,0.0,0.0388700701054871,1.0601962428565674,78.47140338983509,0.103,-0.6842824539409844
2022-09-17 07:00:00,0.0,0.0466039374392977,1.122628822306114,83.09240837798058,0.103,-0.7051427490496478
2022-09-17 07:30:00,0.0,0.0318738190963809,,41.734,0.103,-0.7121969248967825
2022-09-17 08:00:00,0.0,2.814130076513904e-05,,41.487,0.10300000000000001,-0.7069499789367159
2022-09-17 08:30:00,0.0,2.9033291171632532e-05,,50.964,0.10300000000000001,-0.6954846758305483
2022-09-17 09:00:00,0.0,0.002106761562987,,81.078,0.10300000000000001,-0.6837615977105984
2022-09-17 09:30:00,0.0,0.0581297983217023,,105.405,0.10300000000000001,-0.67381309933355
2022-09-17 10:00:00,0.0,3.0169341397881233e-05,,145.735,0.10250000000000001,-0.6668856692914474
2022-09-17 10:30:00,0.0,0.0440855428612701,,195.902,0.10250000000000001,-0.6717027715763259
2022-09-17 11:00:00,0.0,0.1149815699226717,,251.841,0.1015,-0.7074428223842565
2022-09-17 11:30:00,0.0,0.1909069694568394,,290.088,0.1015,-0.7939839572782095
2022-09-17 12:00:00,0.0,0.2369015551801487,,315.81,0.0985,-0.935475387322332
2022-09-17 12:30:00,0.0,0.1683514440136666,,323.144,0.0985,-1.1129884768339524
2022-09-17 13:00:00,0.0,0.1770273230990437,,324.726,0.097,-1.29494396931755
2022-09-17 13:30:00,0.0,0.2481882572867719,,362.745,0.097,-1.455339901756329
2022-09-17 14:00:00,0.0,0.1710969060416438,,362.586,0.0935,-1.5820683153763984
2022-09-17 14:30:00,0.0,0.175104565236859,,355.173,0.0935,-1.6717569719514165
2022-09-17 15:00:00,0.0,0.2549885673898229,,378.311,0.0895,-1.7231399648074748
2022-09-17 15:30:00,0.0,0.1565455056158051,,372.728,0.0895,-1.7382800707825432
2022-09-17 16:00:00,0.0,0.1326905065329147,,354.773,0.0875,-1.7274040656978296
2022-09-17 16:30:00,0.0,0.142942847724398,,344.655,0.0875,-1.7071684602620962
2022-09-17 17:00:00,0.0,0.2477164683282025,,341.815,0.08700000000000001,-1.6909051671341555
2022-09-17 17:30:00,0.0,0.1479185500694579,,315.199,0.08700000000000001,-1.681185621948593
2022-09-17 18:00:00,0.0,0.0647929700502712,,271.541,0.0885,-1.6720260540703629
2022-09-17 18:30:00,0.0,0.0606830928968476,,237.219,0.0885,-1.654551831192158
2022-09-17 19:00:00,0.0,0.0375397048820053,,191.478,0.09,-1.618482620301935
2022-09-17 19:30:00,0.0,0.0355757887235122,,143.953,0.09,-1.5526129486308966
2022-09-17 20:00:00,0.0,0.0328581539232894,2.7458758879943255,203.2385380697631,0.0905,-1.4499405174373097
2022-09-17 20:30:00,0.0,0.0423715961790084,2.187043341983953,161.87603141986807,0.0905,-1.3149273890368331
2022-09-17 21:00:00,0.0,2.847427479058182e-05,1.7529748637701574,129.7480523950124,0.091,-1.1653573289330714
2022-09-17 21:30:00,0.0,2.7010306342442157e-05,1.227835118415703,90.87934948137674,0.091,-1.0242701436252803
2022-09-17 22:00:00,0.0,2.6830936314465047e-05,1.0840751785902805,80.2388248564792,0.0915,-0.9065391744129008
2022-09-17 22:30:00,0.0,0.0234071177653075,0.9392653658750516,69.52059292069546,0.0915,-0.8119478962374187
2022-09-17 23:00:00,0.0,0.0221365054572071,0.7515015185186548,55.62307846786921,0.092,-0.730926500907667
2022-09-17 23:30:00,0.0,2.5202430447118047e-05,0.6042044419443618,44.72074940201483,0.092,-0.6555736502032884
2022-09-18 00:00:00,0.0,2.4785996285137452e-05,0.6474269720140535,47.919904855998944,0.0925,-0.5849231144371339
2022-09-18 00:30:00,0.0,2.3257646047119997e-05,0.5842276339581386,43.242147521947345,0.0925,-0.5224947351557754
2022-09-18 01:00:00,0.0,2.315705943392293e-05,0.4784345110616158,35.411771892322925,0.0925,-0.4719442421381287
2022-09-18 01:30:00,0.0,2.213377890361061e-05,0.350710948049991,25.958194497568677,0.0925,-0.4350643171978997
2022-09-18 02:00:00,0.0,2.1583454371428903e-05,0.4996395660917408,36.98128361091681,0.093,-0.4114148129719267
2022-09-18 02:30:00,0.0,2.1583454371428903e-05,0.350710948049991,25.958194497568677,0.093,-0.3980247247274248
2022-09-18 03:00:00,0.0,2.17440328175832e-05,0.2221300579979296,16.441161250673467,0.093,-0.3901204011363998
2022-09-18 03:30:00,0.0,2.0880683040757896e-05,0.2436204443135025,18.03179202769732,0.093,-0.3834117705906407
2022-09-18 04:00:00,0.0,2.0157952211327237e-05,0.2436204443135025,18.03179202769732,0.0935,-0.3757425904536424
2022-09-18 04:30:00,0.0,2.0975061376302337e-05,0.135924966582666,10.060611849292563,0.0935,-0.3668293858030628
2022-09-18 05:00:00,0.0,2.151873827361043e-05,0.2436204443135025,18.03179202769732,0.0945,-0.3574108588357921
2022-09-18 05:30:00,0.0,2.018933319552581e-05,0.179076378510101,13.254503428341296,0.0945,-0.3484094056331292
2022-09-18 06:00:00,0.0,1.9693911247200987e-05,0.092675189531582,6.859439684833954,0.0945,-0.3396390730138632
2022-09-18 06:30:00,0.0,2.0065186803328684e-05,0.092675189531582,6.859439684833954,0.0945,-0.3290706187495987
2022-09-18 07:00:00,0.0,1.9786526883859147e-05,0.1143124134527076,8.460938782751946,0.094,-0.3140134306870761
2022-09-18 07:30:00,0.0,1.9325593831435148e-05,0.0058779819938295,0.4350642621720612,0.094,-0.2932683109837563
2022-09-18 08:00:00,0.0,0.0076175591881714,0.0276146919153238,2.0439269082248215,0.094,-0.2687435351484963
2022-09-18 08:30:00,0.0,1.975561857669765e-05,0.1143124134527076,8.460938782751946,0.094,-0.2465078920722138
2022-09-18 09:00:00,0.0,1.981747164506559e-05,0.1575129285169312,11.658464775788277,0.094,-0.2369577594543324
2022-09-18 09:30:00,0.0,2.0471065505252875e-05,0.2221300579979296,16.441161250673467,0.094,-0.2517166176508165
2022-09-18 10:00:00,0.0,2.3424701532556037e-05,0.4359542381515419,32.26755528705085,0.094,-0.2960083762081923
2022-09-18 10:30:00,0.0,2.843697704639137e-05,0.8774184283906509,64.9429347631001,0.094,-0.3609577290876203
2022-09-18 11:00:00,0.0,0.0502070425924935,2.0088143064456307,148.68424486361155,0.093,-0.4246199433406454
2022-09-18 11:30:00,0.0,0.0571529084074565,3.0817747852806483,228.10040495974212,0.093,-0.464809575095266
2022-09-18 12:00:00,0.0,0.0645841683558397,4.051293529670193,299.8602296125928,0.09,-0.4739047961154422
2022-09-18 12:30:00,0.0,0.0655345066052419,4.774558690794202,353.39336802803854,0.09,-0.4620381891337541
2022-09-18 13:00:00,0.0,0.0736871138955427,5.34153656823439,395.35875890118905,0.0875,-0.4470109205551454
2022-09-18 13:30:00,0.0,0.0727882268153293,5.15454882660033,381.51868862968394,0.0875,-0.441942155597156
2022-09-18 14:00:00,0.0,0.0315256879898607,4.96756108496627,367.6786183581788,0.0845,-0.450424720672726
2022-09-18 14:30:00,0.0,0.0303005661660898,4.78057334333221,353.83854808667377,0.0845,-0.4691414280893213
2022-09-18 15:00:00,0.0,0.0364732167991337,4.59358560169815,339.99847781516866,0.0805,-0.4932817004864244
2022-09-18 15:30:00,0.0,0.0353898530029433,4.40659786006409,326.15840754366354,0.0805,-0.5223103327747721
2022-09-18 16:00:00,0.0,0.0241263780541413,4.21961011843003,312.3183372721585,0.079,-0.5646772193267937
2022-09-18 16:30:00,0.0,0.1681795495637069,4.03262237679597,298.4782670006534,0.079,-0.6371546029293305
2022-09-18 17:00:00,0.0,0.1988936075401127,3.84563463516191,284.63819672914826,0.0775,-0.7550610172907849
2022-09-18 17:30:00,0.0,0.2053796308417488,3.65864689352785,270.79812645764315,0.0775,-0.917899609768406
2022-09-18 18:00:00,0.0,0.0835487368879377,3.4716591518937903,256.95805618613804,0.0785,-1.1028345607557204
2022-09-18 18:30:00,0.0,0.1151794972258675,,272.291,0.0785,-1.2741406198303054
2022-09-18 19:00:00,0.0,0.0757990396270341,,229.16,0.08,-1.4017693184977684
2022-09-18 19:30:00,0.0,3.548673107177264e-05,,164.965,0.08,-1.4726314059781187
2022-09-18 20:00:00,0.0,0.049243745070168,2.7237081853575504,201.59777510011767,0.0815,-1.4874207062712614
2022-09-18 20:30:00,0.0,0.0582828146066141,2.0284581345883024,150.1382009332453,0.0815,-1.4523199257509138
2022-09-18 21:00:00,0.0,0.0551846259584399,1.6119623658664373,119.31088221961488,0.082,-1.3761303108231977
2022-09-18 21:30:00,0.0,0.0598871382245893,1.3700951409983535,101.408856347249,0.082,-1.2716162818707448
2022-09-18 22:00:00,0.0,0.0510927528250847,0.960386585003724,71.08389944766961,0.0825,-1.1548895299427808
2022-09-18 22:30:00,0.0,0.0324384127664629,0.8149614645721517,60.3201249433818,0.0825,-1.04171499564911
2022-09-18 23:00:00,0.0,0.029979143781283,0.8149614645721517,60.3201249433818,0.083,-0.943724100698804
2022-09-18 23:30:00,0.0,2.9183333930494853e-05,0.6053169791686025,44.80309487144827,0.083,-0.8665680934694524
2022-09-19 00:00:00,0.0,2.781105680668246e-05,0.5614533075489111,41.55648473391948,0.0835,-0.8102131863199934
2022-09-19 00:30:00,0.0,2.7300506301294197e-05,0.4133304527485662,30.5930349305378,0.0835,-0.7709276563345328
2022-09-19 01:00:00,0.0,2.697436473519058e-05,0.5403624039510299,39.9954220389356,0.0835,-0.7438569088923767
2022-09-19 01:30:00,0.0,2.7083732081437783e-05,0.3281736995905591,24.290079252798588,0.0835,-0.724367427163401
2022-09-19 02:00:00,0.0,2.661538347478615e-05,0.2640566066175642,19.54439344154625,0.084,-0.70774582419671
2022-09-19 02:30:00,0.0,0.0210050732375666,0.2854528875765724,21.12805892375239,0.084,-0.6890044959368742
2022-09-19 03:00:00,0.0,0.0207764960209907,0.1567133721844383,11.599284875913428,0.0845,-0.6644234840090151
2022-09-19 03:30:00,0.0,2.6579814711673224e-05,0.2211919110126847,16.37172343572729,0.0845,-0.6338475996542527
2022-09-19 04:00:00,0.0,2.643646021215821e-05,0.0920151629794222,6.810587210425083,0.0845,-0.6010560821721002
2022-09-19 04:30:00,0.0,2.6650985973610524e-05,0.1136057717804019,8.408636047203512,0.0845,-0.5714023683889116
2022-09-19 05:00:00,0.0,2.6830936314465047e-05,0.1351718151537232,10.004866651181915,0.0845,-0.5490929684254457
2022-09-19 05:30:00,0.0,2.6902582937193505e-05,0.0703999093259852,5.210714262146833,0.0845,-0.536451600042095
2022-09-19 06:00:00,0.0,2.821538850376113e-05,0.1136057717804019,8.408636047203512,0.0845,-0.5344272824320178
2022-09-19 06:30:00,0.0,2.784777917135708e-05,0.1351718151537232,10.004866651181915,0.0845,-0.5423166673487874
2022-09-19 07:00:00,0.0,2.6507359011527425e-05,0.1136057717804019,8.408636047203512,0.085,-0.5570152047952259
2022-09-19 07:30:00,0.0,2.6223163795089992e-05,0.0270951480530052,2.0054723897586317,0.085,-0.5738847509148632
2022-09-19 08:00:00,0.0,2.6223163795089992e-05,0.0570745889869587,4.224428379068119,0.085,-0.5891895963968491
2022-09-19 08:30:00,0.0,2.5833681681635627e-05,0.0870540299209122,6.443384368377606,0.085,-0.6014562172633791
2022-09-19 09:00:00,0.0,0.0105294133629686,0.1170334708548656,8.662340357687093,0.0855,-0.6107968961362344
2022-09-19 09:30:00,0.0,2.5586480963000708e-05,0.1470129117888191,10.88129634699658,0.0855,-0.61844350654718
2022-09-19 10:00:00,0.0,2.572792735869879e-05,0.1769923527227725,13.100252336306069,0.0845,-0.6272970090285659
2022-09-19 10:30:00,0.0,2.5272322163303384e-05,0.206971793656726,15.319208325615554,0.0845,-0.6410030992020782
2022-09-19 11:00:00,0.0,0.0086075218027009,0.2369512345906795,17.53816431492504,0.0835,-0.6609740264935591
2022-09-19 11:30:00,0.0,2.3424701532556037e-05,0.2669306755246329,19.75712030423453,0.0835,-0.6849622921519436
2022-09-19 12:00:00,0.2,0.0064145668839084,0.2969101164585864,21.976076293544015,0.0815,-0.7088065004516325
2022-09-19 12:30:00,0.8,0.011716766982595,0.3268895573925398,24.195032282853504,0.0815,-0.7279331313473647
2022-09-19 13:00:00,1.2,0.0042059852191691,,36.661,0.079,-0.7367637679956378
2022-09-19 13:30:00,1.0,0.0035771156631307,,34.516,0.079,-0.7295858282433543
2022-09-19 14:00:00,0.8,0.0031353452543084,,30.502,0.076,-0.7049693744490777
2022-09-19 14:30:00,0.2,2.1583454371428903e-05,,29.361,0.076,-0.6689546412878575
2022-09-19 15:00:00,1.0,0.0079603379126495,,28.478,0.07300000000000001,-0.6321329579779735
2022-09-19 15:30:00,0.2,0.0144497228285497,,30.17,0.07300000000000001,-0.6032752383268973
2022-09-19 16:00:00,0.0,2.2036792762271363e-05,,28.22,0.07050000000000001,-0.585507911771745
2022-09-19 16:30:00,2.2,2.0911709180219547e-05,,28.589,0.07050000000000001,-0.5766357777690553
2022-09-19 17:00:00,1.2,2.0659729196298585e-05,,24.7,0.0695,-0.5717297184807686
2022-09-19 17:30:00,0.4,2.126252410024619e-05,,26.18,0.0695,-0.5665614328890481
2022-09-19 18:00:00,0.0,2.126252410024619e-05,,25.294,0.07050000000000001,-0.5601337871729497
2022-09-19 18:30:00,0.0,2.151873827361043e-05,,23.766,0.07050000000000001,-0.5542987690384334
2022-09-19 19:00:00,0.0,2.151873827361043e-05,,22.534,0.07200000000000001,-0.5510860711515116
2022-09-19 19:30:00,0.0,2.119852532377504e-05,,23.766,0.07200000000000001,-0.550745413578843
2022-09-19 20:00:00,0.0,2.1165977399399305e-05,,24.585,0.07300000000000001,-0.5520286140288083
2022-09-19 20:30:00,0.0,2.081754396936355e-05,,20.872,0.07300000000000001,-0.553589712144608
2022-09-19 21:00:00,0.0,2.0975061376302337e-05,,21.711,0.0735,-0.5548689544833373
2022-09-19 21:30:00,0.0,2.0943965061442254e-05,,21.778,0.0735,-0.5559463807484339
2022-09-19 22:00:00,0.0,2.0911709180219547e-05,,21.564,0.0735,-0.5568723377351644
2022-09-19 22:30:00,0.0,2.1134670164203873e-05,,21.18,0.0735,-0.5572093805485949
2022-09-19 23:00:00,0.0,2.1039756124614712e-05,,21.151,0.074,-0.5563921431322543
2022-09-19 23:30:00,0.0,2.1134670164203873e-05,,21.016,0.074,-0.554725348260083
2022-09-20 00:00:00,0.0,2.0785433699432163e-05,,15.68,0.0735,-0.5537563010776775
2022-09-20 00:30:00,0.0,2.0376048347803245e-05,,14.855,0.0735,-0.5548582624899643
2022-09-20 01:00:00,0.0,1.9509662138748815e-05,,15.666,0.074,-0.5569818523359816
2022-09-20 01:30:00,0.0,1.893147890701779e-05,,15.719,0.074,-0.5564140158994181
2022-09-20 02:00:00,0.0,0.0016371680662043,,13.949,0.074,-0.5498108411471733
2022-09-20 02:30:00,0.0,1.920436059962202e-05,,14.858,0.074,-0.5377040658332832
2022-09-20 03:00:00,0.0,1.899136979603452e-05,,14.386,0.075,-0.5242676927533118
2022-09-20 03:30:00,0.0,1.8510808411829375e-05,,14.8,0.075,-0.5131946110163539
2022-09-20 04:00:00,0.0,1.783016673309866e-05,,13.289,0.0745,-0.5043256701755183
2022-09-20 04:30:00,0.0,1.7712999707961767e-05,,13.302,0.0745,-0.4945954975930406
2022-09-20 05:00:00,0.0,1.800649708778187e-05,,13.495,0.075,-0.4815053257213078
2022-09-20 05:30:00,0.0,1.7567111425925666e-05,,17.022,0.075,-0.4648551560287791
2022-09-20 06:00:00,0.0,1.7190477336829144e-05,,17.044,0.075,-0.4456081650187682
2022-09-20 06:30:00,0.0,1.713293228490567e-05,,9.022,0.075,-0.424468370683142
2022-09-20 07:00:00,0.0,1.693167707819595e-05,,7.345,0.075,-0.4021372534034396
2022-09-20 07:30:00,0.0,1.6788756272397153e-05,,1.69,0.075,-0.3799900482055044
2022-09-20 08:00:00,0.0,1.681807486633895e-05,,8.852,0.075,-0.3591226059373668
2022-09-20 08:30:00,0.0,1.6874802092408135e-05,,10.463,0.075,-0.3382009148618285
2022-09-20 09:00:00,0.0,1.70182879840305e-05,,9.083,0.075,-0.3128339660367814
2022-09-20 09:30:00,0.0,1.7334991695559548e-05,,10.421,0.075,-0.2782696319455602
2022-09-20 10:00:00,0.0,1.878127841754612e-05,,23.333,0.075,-0.2337947128099517
2022-09-20 10:30:00,0.0,2.1039756124614712e-05,,21.006,0.075,-0.18507729996832
2022-09-20 11:00:00,0.0,0.0363471114534878,,12.746,0.074,-0.1420559721506801
2022-09-20 11:30:00,0.0,0.0396140180930802,,18.175,0.074,-0.1134324085070684
2022-09-20 12:00:00,0.0,0.0482518626523168,,24.213,0.07200000000000001,-0.101812295656162
2022-09-20 12:30:00,0.0,0.0524994108858278,,38.394,0.07200000000000001,-0.1034580903640889
2022-09-20 13:00:00,0.0,0.069455481373352,,48.774,0.0695,-0.113202422112573
2022-09-20 13:30:00,0.0,0.0774926072163786,,67.515,0.0695,-0.1307194963332928
2022-09-20 14:00:00,0.0,0.0903926198190452,,89.99,0.067,-0.1628621755633321
2022-09-20 14:30:00,0.0,0.0886828613184595,,110.065,0.067,-0.2201653631736471
2022-09-20 15:00:00,0.0,0.0853288515029244,,180.122,0.0635,-0.310980663489695
2022-09-20 15:30:00,0.0,0.0841150361791246,,202.736,0.0635,-0.4371885571564908
2022-09-20 16:00:00,0.0,0.0895641171732479,,215.107,0.062,-0.5914171269781984
2022-09-20 16:30:00,0.0,0.1072847821219746,,215.013,0.062,-0.7558070129081144
2022-09-20 17:00:00,0.0,0.1106617904367043,,187.287,0.0605,-0.9066929815979172
2022-09-20 17:30:00,0.0,0.1004995620850711,,162.546,0.0605,-1.0257097189130189
2022-09-20 18:00:00,0.0,0.0278847646906509,,134.46,0.0615,-1.1069903845072535
2022-09-20 18:30:00,0.0,0.0242125338843622,,115.925,0.0615,-1.152107362792937
2022-09-20 19:00:00,0.0,0.0249007508680915,,99.956,0.063,-1.1608499504202812
2022-09-20 19:30:00,0.0,0.0218357189331157,,88.989,0.063,-1.1312123261017402
2022-09-20 20:00:00,0.0,0.0121770605108198,2.2155943362316077,163.9892596093512,0.0635,-1.0668771107302233
2022-09-20 20:30:00,0.0,0.0105387187513537,1.7452979741391512,129.17984032382944,0.0635,-0.979728554189613
2022-09-20 21:00:00,0.0,2.2004533985472384e-05,1.304512342887317,96.55468501747804,0.064,-0.8839164163019438
2022-09-20 21:30:00,0.0,0.0087257644019053,1.0804446819570448,79.97011029751748,0.064,-0.7893595267641259
2022-09-20 22:00:00,0.0,2.119852532377504e-05,0.8538156011130055,63.19594971865744,0.0645,-0.7007769957847818
2022-09-20 22:30:00,0.0,2.119852532377504e-05,0.7082231579391413,52.41979066717362,0.0645,-0.6205588118398954
2022-09-20 23:00:00,0.0,2.075336047500528e-05,0.4983255686321725,36.884026876234195,0.064,-0.5509229977207523
2022-09-20 23:30:00,0.0,1.9601623174089498e-05,0.5194180601844783,38.44520710513037,0.064,-0.493224039050684
2022-09-21 00:00:00,0.0,1.981747164506559e-05,0.222705859771415,16.483779750356145,0.064,-0.4459271155132465
2022-09-21 00:30:00,0.0,1.9786526883859147e-05,0.2866927296923366,21.219826982224,0.064,-0.4040295894549521
2022-09-21 01:00:00,0.0,1.9479081044036483e-05,0.1370541526750407,10.1441896000665,0.064,-0.3951091413774061
2022-09-21 01:30:00,0.0,1.917414254085734e-05,0.0940829615016882,6.963637226460263,0.064,-0.38618869329986
2022-09-21 02:00:00,0.0,0.0050241260419281,0.1370541526750407,10.1441896000665,0.0645,-0.377268245222314
2022-09-21 02:30:00,0.0,1.8961406393122513e-05,0.0725607585711459,5.3706515133153045,0.0645,-0.3683477971447679
2022-09-21 03:00:00,0.0,1.869115537551585e-05,0.0294427443508493,2.1792318963837936,0.0645,
2022-09-21 03:30:00,0.0,1.8421676331223436e-05,0.0294427443508493,2.1792318963837936,0.0645,
2022-09-21 04:00:00,0.0,1.8510808411829375e-05,0.0078467745790706,0.5807862624039313,0.065,
2022-09-21 04:30:00,0.0,1.8213182570763337e-05,0.0294427443508493,2.1792318963837936,0.065,
2022-09-21 05:00:00,0.0,1.8065213317016107e-05,0.0510140458779976,3.775851687470548,0.065,
2022-09-21 05:30:00,0.0,1.8243318046494744e-05,0.0078467745790706,0.5807862624039313,0.065,
2022-09-21 06:00:00,0.0,1.803637070360901e-05,-0.1005059012946141,-7.439037043084123,0.065,
2022-09-21 06:30:00,0.0,1.7800555190083213e-05,-0.0570899434365976,-4.225564852829047,0.065,
2022-09-21 07:00:00,0.0,1.7772036934789803e-05,-0.0570899434365976,-4.225564852829047,0.065,-0.2880637644468534
2022-09-21 07:30:00,0.0,1.7596424494126897e-05,-0.0137739431889958,-1.0194911173615544,0.065,-0.2791433163693074
2022-09-21 08:00:00,0.0,1.783016673309866e-05,-0.1222515673818861,-9.04856258801273,0.0655,-0.2702228682917613
2022-09-21 08:30:00,0.0,1.803637070360901e-05,-0.0570899434365976,-4.225564852829047,0.0655,-0.2613024202142153
2022-09-21 09:00:00,0.0,1.8243318046494744e-05,-0.0787853871408809,-5.831373141729572,0.0655,-0.590841071633806
2022-09-21 09:30:00,0.0,1.8450988471746876e-05,-0.0787853871408809,-5.831373141729572,0.0655,-0.5611233314277166
2022-09-21 10:00:00,0.0,2.075336047500528e-05,0.0725607585711459,5.3706515133153045,0.06525,-0.5314055912216272
2022-09-21 10:30:00,0.0,2.672229220790163e-05,0.8738670245436829,64.68007432971018,0.06525,-0.5016878510155378
2022-09-21 11:00:00,0.0,0.0560501899381586,1.5041149147586463,111.32845359145576,0.065,
2022-09-21 11:30:00,0.0,0.0631357395227982,2.2508938084332866,166.60198262289703,0.065,
2022-09-21 12:00:00,0.0,0.0904889927071322,3.360650416802581,248.74164220633855,0.101,
2022-09-21 12:30:00,0.0,0.1006105798684333,4.540429736453314,336.0640973905367,0.101,-0.3828168901911803
2022-09-21 13:00:00,0.0,0.1217137994967015,5.615131798364171,415.60916236536485,0.099,-0.3530991499850909
2022-09-21 13:30:00,0.0,0.1232648843942496,5.406214576384626,400.1459613669639,0.099,-0.3233814097790016
2022-09-21 14:00:00,0.0,0.2161543752354229,5.19729735440508,384.682760368563,0.0965,-0.2936636695729122
2022-09-21 14:30:00,0.0,0.1281087240919339,4.988380132425536,369.219559370162,0.0965,-0.2639459293668228
2022-09-21 15:00:00,0.0,0.1107683587582706,4.77946291044599,353.75635837176105,0.0945,-0.3022809675205288
2022-09-21 15:30:00,0.0,0.1105381056077443,4.570545688466445,338.2931573733601,0.0945,-0.3670522573218231
2022-09-21 16:00:00,0.0,0.0736172487045678,4.3616284664869,322.8299563749591,0.0905,-0.4402679521417553
2022-09-21 16:30:00,0.0,0.1464662571534754,4.152711244507355,307.3667553765582,0.0905,-0.4987923465607697
2022-09-21 17:00:00,0.0,0.1144111484887391,3.9437940225278094,291.90355437815725,0.0885,-0.5271178081794267
2022-09-21 17:30:00,0.0,0.1863023150368861,3.734876800548264,276.4403533797563,0.0885,-0.5297472954569061
2022-09-21 18:00:00,0.0,0.0581311111148976,3.525959578568719,260.9771523813554,0.0875,-0.5260426690982316
2022-09-21 18:30:00,0.0,0.0527995825232281,,166.349,0.0875,-0.5300085793903588
2022-09-21 19:00:00,0.0,0.0478883924931623,,135.269,0.08549999999999999,-0.5378109687046917
2022-09-21 19:30:00,0.0,0.0429046342262601,,115.135,0.08549999999999999,-0.535513344847161
2022-09-21 20:00:00,0.0,0.0382884022358947,2.690290690650538,199.12434838775155,0.084,-0.5144522537672038
2022-09-21 20:30:00,0.0,0.0347331742779502,2.017966575894232,149.36165853364926,0.084,-0.4768328379329856
2022-09-21 21:00:00,0.0,0.026431910494182,1.5840139657666945,117.2422555921348,0.084,-0.4304746260454422
2022-09-21 21:30:00,0.0,0.0171317845493846,1.221950516754062,90.4437952583822,0.084,-0.3822527067872981
2022-09-21 22:00:00,0.0,0.016307540841434,0.9974207355450286,73.82501627948974,0.08549999999999999,-0.3357800173462358
2022-09-21 22:30:00,0.0,0.0155733154669117,0.8738670245436829,64.68007432971018,0.08549999999999999,-0.2923581950522561
2022-09-21 23:00:00,0.0,2.5098535959493836e-05,0.7287308036605651,53.93768299213198,0.0865,-0.2523819721366692
2022-09-21 23:30:00,0.0,0.0139989786688476,0.5194988102482783,38.451183895628255,0.0865,-0.2157176113103129
2022-09-22 00:00:00,0.0,2.4442777673205428e-05,0.3719802663177973,27.53246271900928,0.087,-0.181668574124098
2022-09-22 00:30:00,0.0,2.420258491079594e-05,0.2233258289627233,16.52966734223191,0.087,-0.1495355572644902
2022-09-22 01:00:00,0.0,0.012805332466807,0.3508145276820756,25.96586103963299,0.0865,-0.1194413589009697
2022-09-22 01:30:00,0.0,0.0130860149120129,0.2871765415603121,21.255636764151163,0.0865,-0.127064003236618
2022-09-22 02:00:00,0.0,2.335725619367361e-05,0.1806394987618138,13.370199216404531,0.087,-0.1346866475722662
2022-09-22 02:30:00,0.0,2.3289952882876963e-05,0.2446331615905895,18.106749231616508,0.087,-0.1423092919079145
2022-09-22 03:00:00,0.0,2.315705943392293e-05,0.1806394987618138,13.370199216404531,0.087,-0.1499319362435627
2022-09-22 03:30:00,0.0,2.2890386407871472e-05,0.1592603483565332,11.787801667942649,0.087,
2022-09-22 04:00:00,0.0,2.3224081724526502e-05,0.3084127398043121,22.827453576462656,0.087,
2022-09-22 04:30:00,0.0,2.3190552857802348e-05,0.2446331615905895,18.106749231616508,0.087,
2022-09-22 05:00:00,0.0,2.2362560540125316e-05,0.1806394987618138,13.370199216404531,0.087,
2022-09-22 05:30:00,0.0,2.1615254675085757e-05,0.1378571053178411,10.203620880983278,0.087,
2022-09-22 06:00:00,0.0,2.1906731267520072e-05,0.1378571053178411,10.203620880983278,0.087,
2022-09-22 06:30:00,0.0,2.0880683040757896e-05,0.2019946334378027,14.950819218498326,0.087,
2022-09-22 07:00:00,0.0,2.075336047500528e-05,0.2019946334378027,14.950819218498326,0.087,-0.2109130909287487
2022-09-22 07:30:00,0.0,2.0848499999645363e-05,0.0735020464355984,5.440321803334814,0.087,-0.2185357352643969
2022-09-22 08:00:00,0.0,2.26589022265558e-05,0.1592603483565332,11.787801667942649,0.087,-0.2261583796000452
2022-09-22 08:30:00,0.0,2.1390953029458888e-05,0.1806394987618138,13.370199216404531,0.087,-0.2337810239356934
2022-09-22 09:00:00,0.0,2.1809250752999217e-05,0.2871765415603121,21.255636764151163,0.0865,-0.3213852074316635
2022-09-22 09:30:00,0.0,2.2923596763138143e-05,0.3508145276820756,25.96586103963299,0.0865,-0.350412219811071
2022-09-22 10:00:00,0.0,2.5551897839576503e-05,0.6450376331073249,47.74305573165216,0.0865,-0.3794392321904785
2022-09-22 10:30:00,0.0,3.235220977632475e-05,1.661258657677003,122.9595927544373,0.0865,-0.4084662445698859
2022-09-22 11:00:00,0.0,0.0160500578594657,2.2088347581562604,163.48894319956418,0.086,
2022-09-22 11:30:00,0.0,0.0183473811442118,3.2081131709404533,237.4514571743955,0.086,
2022-09-22 12:00:00,0.0,0.1022090651086596,4.946855970094021,366.14611017177424,0.08549999999999999,
2022-09-22 12:30:00,0.0,0.1100356391567527,6.019048936953825,445.5054621607083,0.08549999999999999,-0.5245742940875159
2022-09-22 13:00:00,0.0,0.1147580488054255,6.539194742462629,484.0045340076683,0.08449999999999999,-0.5536013064669233
2022-09-22 13:30:00,0.0,0.1180758922250357,7.223125147721058,534.6262741649463,0.08449999999999999,-0.5826283188463308
2022-09-22 14:00:00,0.0,0.3402298048661302,7.59790566328882,562.3659999165938,0.0825,-0.6116553312257382
2022-09-22 14:30:00,0.0,0.4070540960494219,7.145596585345644,528.8879260681797,0.0825,-0.6406823436051458
2022-09-22 15:00:00,0.0,0.3431095041664643,6.693287507402468,495.4098522197656,0.0795,-0.6516269344103549
2022-09-22 15:30:00,0.0,0.3291381588395567,6.240978429459292,461.9317783713515,0.0795,-0.6401115330298106
2022-09-22 16:00:00,0.0,0.3157772657058347,5.788669351516116,428.4537045229374,0.0765,-0.6075534589946904
2022-09-22 16:30:00,0.0,0.2435218173732424,5.33636027357294,394.97563067452336,0.0765,-0.5574021599476335
2022-09-22 17:00:00,0.0,0.0203600841696228,4.884051195629764,361.4975568261093,0.074,-0.4936914483368712
2022-09-22 17:30:00,0.0,0.0191096788719302,4.431742117686588,328.0194829776952,0.074,-0.4227071535272297
2022-09-22 18:00:00,0.0,0.0022966864081045,3.979433039743413,294.54140912928113,0.072,-0.3541568393845773
2022-09-22 18:30:00,0.0,0.0738184717126069,3.527123961800237,261.0633352808671,0.072,-0.2987109811479285
2022-09-22 19:00:00,0.0,0.0471536322790417,3.074814883857061,227.58526143245297,0.07100000000000001,-0.263576417192658
2022-09-22 19:30:00,0.0,0.0584307258517578,,117.371,0.07100000000000001,-0.2494095082148124
2022-09-22 20:00:00,0.0,0.0365861601375099,2.1701967279707093,160.62911373562483,0.07,-0.2504169271202305
2022-09-22 20:30:00,0.0,3.117315308598607e-05,1.661258657677003,122.9595927544373,0.07,-0.2577391967949835
2022-09-22 21:00:00,0.0,3.0323396658217114e-05,1.159634004767852,85.83138111065638,0.0685,-0.2639532373739193
2022-09-22 21:30:00,0.0,2.925931655439214e-05,0.8731223026336182,64.62495305021906,0.0685,-0.2655796863292401
2022-09-22 22:00:00,0.0,2.7445699734704247e-05,0.6658832364601915,49.285962302609136,0.0695,-0.2623140629246965
2022-09-22 22:30:00,0.0,2.668662221553466e-05,0.5823661220594695,43.10436600074344,0.0695,-0.2545334726701652
2022-09-22 23:00:00,0.0,2.586853706785997e-05,0.4142418031407943,30.66048937092077,0.0705,-0.2414036682713417
2022-09-22 23:30:00,0.0,2.5551897839576503e-05,0.2659167072528995,19.682070506792023,0.0705,-0.2209488380659454
2022-09-23 00:00:00,0.0,2.4785996285137452e-05,0.3510734532161451,25.985025652004328,0.0715,-0.1919873081530839
2022-09-23 00:30:00,0.0,2.437321212789204e-05,0.1171868313055568,8.673691472984205,0.0715,-0.1562866322967284
2022-09-23 01:00:00,0.0,2.5342352952357383e-05,0.2025691763965817,14.993344545848723,0.0715,-0.1188662946203831
2022-09-23 01:30:00,0.0,2.6328952168670433e-05,0.0528968377565254,3.9152082660233822,0.0715,-0.0858761280680081
2022-09-23 02:00:00,0.0,2.6507359011527425e-05,0.1385684398418392,10.25627096228084,0.0715,-0.0615417032969561
2022-09-23 02:30:00,0.0,2.6830936314465047e-05,0.2875701276907386,21.28476840484263,0.0715,-0.0464633470792978
2022-09-23 03:00:00,0.0,2.5098535959493836e-05,0.1385684398418392,10.25627096228084,0.0715,-0.0383489187817416
2022-09-23 03:30:00,0.0,2.4305123741553115e-05,0.2663553806282121,19.714539321525592,0.0715,-0.0341098641976861
2022-09-23 04:00:00,0.0,2.495958328613873e-05,0.2025691763965817,14.993344545848723,0.0715,-0.0314304970767267
2022-09-23 04:30:00,0.0,0.018604388706119,0.2025691763965817,14.993344545848723,0.0715,-0.0291087446091358
2022-09-23 05:00:00,0.0,2.7010306342442157e-05,0.0743511078185383,5.50316586520763,0.0705,-0.0266984988569635
2022-09-23 05:30:00,0.0,2.6579814711673224e-05,0.3721945037859807,27.548319702940613,0.0705,-0.0241309508666136
2022-09-23 06:00:00,0.0,2.5236673719742934e-05,0.2663553806282121,19.714539321525592,0.0705,-0.0215352661584672
2022-09-23 06:30:00,0.0,2.4648293879291414e-05,0.2238549802688321,16.568832964517124,0.0705,-0.0192817897724706
2022-09-23 07:00:00,0.0,2.5691819406944564e-05,0.2663553806282121,19.714539321525592,0.06999999999999999,-0.0182435722291254
2022-09-23 07:30:00,0.0,2.5446970766639617e-05,0.2238549802688321,16.568832964517124,0.06999999999999999,-0.0201397552005303
2022-09-23 08:00:00,0.0,2.541114567201921e-05,0.2663553806282121,19.714539321525592,0.06949999999999999,-0.0275911004994067
2022-09-23 08:30:00,0.0,2.615140070619018e-05,0.3721945037859807,27.548319702940613,0.06949999999999999,-0.0435050702616521
2022-09-23 09:00:00,0.0,2.5446970766639617e-05,0.5193952343105432,38.443517627004645,0.069,-0.0698983159982564
2022-09-23 09:30:00,0.0,0.0221289280619367,0.6030082223394294,44.63221010394246,0.069,-0.1067587100044112
2022-09-23 10:00:00,0.0,0.0464379078887437,1.3398796933497312,99.17243210313832,0.0685,-0.1515628039194898
2022-09-23 10:30:00,0.0,0.0585932323792139,2.050662138440753,151.78165077087203,0.0685,-0.1997915305592296
2022-09-23 11:00:00,0.0,0.0559702156019462,3.0735899037384513,227.4945933984172,0.068,-0.2464365406619217
2022-09-23 11:30:00,0.0,0.065863148868765,3.585727312329898,265.4009163564407,0.068,-0.2878504383781123
2022-09-23 12:00:00,0.0,0.1852280610289643,4.174901997972233,309.0092244745198,0.067,-0.3229388192306381
2022-09-23 12:30:00,0.0,0.1886213009298404,4.35054863157297,322.00987216801917,0.067,-0.3531747456084101
2022-09-23 13:00:00,0.0,0.2376740240374581,4.420445931688569,327.1833853455919,0.066,-0.3812055700315506
2022-09-23 13:30:00,0.0,0.2855162578704007,4.594304208928276,340.05166619252236,0.066,-0.4080015871483726
2022-09-23 14:00:00,0.0,0.2317357563244854,5.227048296624892,386.8848038146595,0.0645,-0.4302139765244527
2022-09-23 14:30:00,0.0,0.2285706083226768,4.932985719628448,365.119490782453,0.0645,-0.4410693813425827
2022-09-23 15:00:00,0.0,0.2046744692343558,4.638923142632004,343.35417775024655,0.0625,-0.4353928615389234
2022-09-23 15:30:00,0.0,0.1543540484855703,4.3448605656355594,321.58886471804004,0.0625,-0.4140479593562808
2022-09-23 16:00:00,0.0,0.1900160966696843,4.050797988639116,299.8235516858336,0.0605,-0.3831634454302201
2022-09-23 16:30:00,0.0,0.1877502039997616,3.756735411642672,278.0582386536271,0.0605,-0.349515563502381
2022-09-23 17:00:00,0.0,0.062195561307186,3.4626728346462277,256.29292562142064,0.058499999999999996,-0.3171137307591703
2022-09-23 17:30:00,0.0,0.0642611299132007,3.168610257649783,234.52761258921413,0.058499999999999996,-0.2873548633317762
2022-09-23 18:00:00,0.0,0.0565711372879903,2.8745476806533397,212.76229955700765,0.05600000000000001,-0.2608092772245252
2022-09-23 18:30:00,0.0,0.0401004231335416,2.580485103656896,190.99698652480117,0.05600000000000001,-0.2379767524609835
2022-09-23 19:00:00,0.0,0.0392813094023773,2.2864225266604516,169.2316734925947,0.05450000000000001,-0.218870947920706
2022-09-23 19:30:00,0.0,0.0413221864682912,1.992359949664008,147.46636046038822,0.05450000000000001,-0.2029062730096889
2022-09-23 20:00:00,0.0,3.243207941373169e-05,1.6588384747797866,122.78046068366808,0.052500000000000005,-0.1895018499197129
2022-09-23 20:30:00,0.0,0.0717070316386259,1.2996529731069402,96.1950142783808,0.052500000000000005,-0.178435401066
2022-09-23 21:00:00,0.0,0.0596472770399244,1.1784854307396488,87.22668680229013,0.052000000000000005,-0.1695034439071021
2022-09-23 21:30:00,0.0,0.0559569174494872,0.8928539263133124,66.08540738755364,0.052000000000000005,-0.1623220464870608
2022-09-23 22:00:00,0.0,0.0580946153762768,0.9748850380975944,72.1570158343041,0.053500000000000006,-0.1567493191220005
2022-09-23 22:30:00,0.0,0.0398955815331726,0.9748850380975944,72.1570158343041,0.053500000000000006,-0.1531851651216307
2022-09-23 23:00:00,0.0,0.0568556020478266,0.9748850380975944,72.1570158343041,0.05499999999999999,-0.152129798027484
2022-09-23 23:30:00,0.0,0.0691312442525697,0.9339122119455082,69.1243742920751,0.05499999999999999,-0.153526920333485
2022-09-24 00:00:00,0.0,0.0699570961152247,0.9737606080326378,72.07379010528895,0.055499999999999994,-0.1565925671020997
2022-09-24 00:30:00,0.0,0.0708604156335889,1.0145650831348203,75.09397098918502,0.055499999999999994,-0.1600875407272655
2022-09-24 01:00:00,0.0,0.0576841841498922,1.0959223074093554,81.11570102995827,0.055999999999999994,-0.162774666978326
2022-09-24 01:30:00,0.0,0.0580171797708774,1.05528547914577,78.10792868154535,0.055999999999999994,-0.163872884170025
2022-09-24 02:00:00,0.0,0.0389412419562465,1.0959223074093554,81.11570102995827,0.056499999999999995,-0.1631384104632618
2022-09-24 02:30:00,0.0,0.0406504028286566,1.05528547914577,78.10792868154535,0.056499999999999995,-0.1603158804941395
2022-09-24 03:00:00,0.0,0.0395033465736159,1.217336437330318,90.10227991141416,0.056999999999999995,-0.1547082009744455
2022-09-24 03:30:00,0.0,0.0355436811001642,1.176947285420869,87.11283955693774,0.056999999999999995,-0.1459935484931244
2022-09-24 04:00:00,0.0,2.9636675311373782e-05,0.9941733875919008,73.58466082370124,0.057499999999999996,-0.1357407020184992
2022-09-24 04:30:00,0.0,0.0390142944793917,0.9533266798856568,70.56135405463829,0.057499999999999996,-0.127319243200232
2022-09-24 05:00:00,0.0,0.0637985435457423,1.1364760751314176,84.11732557573225,0.057999999999999996,-0.1233906431319885
2022-09-24 05:30:00,0.0,0.0537241041991441,1.176947285420869,87.11283955693774,0.057999999999999996,-0.1234401297158008
2022-09-24 06:00:00,0.0,0.0583801763037843,1.1364760751314176,84.11732557573225,0.057999999999999996,-0.1241456177266869
2022-09-24 06:30:00,0.0,0.0496527844912981,1.2576440258962065,93.0856832797406,0.057999999999999996,-0.1221764773033682
2022-09-24 07:00:00,0.0,0.0277300186762848,1.176947285420869,87.11283955693774,0.058499999999999996,-0.1167085418559409
2022-09-24 07:30:00,0.0,0.0275275757651603,1.0756143074491171,79.61258567027086,0.058499999999999996,-0.1100229748572132
2022-09-24 08:00:00,0.0,0.0278013139272704,0.9533266798856568,70.56135405463829,0.057999999999999996,-0.1062953204170522
2022-09-24 08:30:00,0.0,0.0285179226595382,1.05528547914577,78.10792868154535,0.057999999999999996,-0.1092218686003983
2022-09-24 09:00:00,0.0,0.0284883349671494,1.7744385849850246,131.33670952999782,0.057999999999999996,-0.1192166619365776
2022-09-24 09:30:00,0.0,3.235220977632475e-05,2.1247291040386607,157.26378558737954,0.057999999999999996,-0.1318512012203738
2022-09-24 10:00:00,0.0,0.0429637456184168,2.901535964361429,214.75986228365025,0.057999999999999996,-0.1400255216969329
2022-09-24 10:30:00,0.0,0.0504710710173494,3.8308991177951466,283.54753381156456,0.057999999999999996,-0.1404590966548012
2022-09-24 11:00:00,0.0,0.1675608902251946,3.751210910914196,277.64933763354463,0.057499999999999996,-0.1393060476517993
2022-09-24 11:30:00,0.0,0.1710719853475458,3.6715227040332454,271.7511414555247,0.057499999999999996,-0.1488120475402854
2022-09-24 12:00:00,0.0,0.1849092588123324,3.591834497152295,265.8529452775048,0.057499999999999996,-0.1750240294529427
2022-09-24 12:30:00,0.0,0.2789739778515853,3.5121462902713447,259.95474909948484,0.057499999999999996,-0.2087365213817135
2022-09-24 13:00:00,0.0,0.2169524478945113,3.432458083390394,254.0565529214649,0.056999999999999995,-0.2313193403407719
2022-09-24 13:30:00,0.0,0.2247079041628052,3.3527698765094436,248.15835674344495,0.056999999999999995,-0.2312753534314229
2022-09-24 14:00:00,0.0,0.3039890260814203,3.273081669628493,242.26016056542505,0.05499999999999999,-0.2148438838997243
2022-09-24 14:30:00,0.0,0.2166633383574585,3.1933934627475424,236.3619643874051,0.05499999999999999,-0.2002561226776923
2022-09-24 15:00:00,0.0,0.296276018278138,3.113705255866592,230.46376820938517,0.053,-0.2026469691800807
2022-09-24 15:30:00,0.0,0.2104199985372015,3.0340170489856417,224.56557203136524,0.053,-0.2250062329215474
2022-09-24 16:00:00,0.0,0.1848282125082777,,305.114,0.0495,-0.2613971523842575
2022-09-24 16:30:00,0.0,0.1584022619386493,,283.56,0.0495,-0.3054574989432216
2022-09-24 17:00:00,0.0,0.1277477366441056,,281.684,0.0455,-0.3551239244408883
2022-09-24 17:30:00,0.0,0.1206514540560714,,266.004,0.0455,-0.4111834165589155
2022-09-24 18:00:00,0.0,0.0570131306959266,,226.559,0.043,-0.4721352767289472
2022-09-24 18:30:00,0.0,0.0497690577531932,,199.206,0.043,-0.530301790194325
2022-09-24 19:00:00,0.0,0.0534313118897041,,162.529,0.0405,-0.5737118583503611
2022-09-24 19:30:00,0.0,0.0490742880600545,,122.352,0.0405,-0.5923798451687764
2022-09-24 20:00:00,0.0,0.0527767435482622,2.316823187057087,171.48180642918584,0.039,-0.5827065581368519
2022-09-24 20:30:00,0.0,0.0350933254271676,1.7351480287090086,128.42858274524426,0.039,-0.5473373955981505
2022-09-24 21:00:00,0.0,0.0465561113495823,1.1364760751314176,84.11732557573225,0.037500000000000006,-0.4932538029445045
2022-09-24 21:30:00,0.0,0.0344535235031328,1.0349357589702373,76.60172536161853,0.037500000000000006,-0.4300148533458964
2022-09-24 22:00:00,0.0,0.0428422334525674,0.7478098300117465,55.3498347359025,0.039,-0.3672319309450121
2022-09-24 22:30:00,0.0,0.0436882908902657,0.7064460841135881,52.28825890788086,0.039,-0.3113335242729121
2022-09-24 23:00:00,0.0,0.0396072375390968,0.5401050917091861,39.97637683587728,0.0415,-0.2637986882893711
2022-09-24 23:30:00,0.0,0.0336163353120914,0.3723196717119333,27.557584122499804,0.0415,-0.2225085001679786
2022-09-25 00:00:00,0.0,0.0195892521438055,0.2034467586127737,15.0582996035171,0.041999999999999996,-0.1852421109998426
2022-09-25 00:30:00,0.0,2.5376732589395176e-05,0.160984556973211,11.91542056001022,0.041999999999999996,-0.1524153203319504
2022-09-25 01:00:00,0.0,0.0426957951042365,0.2458144235274397,18.19418142408106,0.043,-0.1266469207061965
2022-09-25 01:30:00,0.0,0.0216893644392979,0.5814230449217604,43.0345632760125,0.043,-0.1097846760559838
2022-09-25 02:00:00,0.0,2.4339818229124272e-05,0.2034467586127737,15.0582996035171,0.043,-0.1002994285312624
2022-09-25 02:30:00,0.0,0.0200392775634433,0.2880881489023715,21.32311022291304,0.043,-0.0935194615589746
2022-09-25 03:00:00,0.0,0.0310524378347951,0.2458144235274397,18.19418142408106,0.0435,-0.0848042448898092
2022-09-25 03:30:00,0.0,0.0342856208100892,0.160984556973211,11.91542056001022,0.0435,-0.0893622015675801
2022-09-25 04:00:00,0.0,0.033520755351044,0.097112679355703,7.18788458960806,0.0435,-0.0939201582453511
2022-09-25 04:30:00,0.0,0.0277718254209807,-0.0312815104720336,-2.315329867874658,0.0435,-0.098478114923122
2022-09-25 05:00:00,0.0,0.0267299017544151,0.0544114899061837,4.027316642780947,0.0435,-0.1030360716008929
2022-09-25 05:30:00,0.0,0.0288999186303217,0.0544114899061837,4.027316642780947,0.0435,
2022-09-25 06:00:00,0.0,0.0300213216536707,0.0330246836902797,2.4443524424300858,0.0435,
2022-09-25 06:30:00,0.0,0.0301348270744477,0.097112679355703,7.18788458960806,0.0435,
2022-09-25 07:00:00,0.0,0.0185471492134716,0.2034467586127737,15.0582996035171,0.044,-0.1212678983119766
2022-09-25 07:30:00,0.0,2.3931122324087595e-05,0.1184272163671978,8.765499718095981,0.044,-0.1258258549897476
2022-09-25 08:00:00,0.0,0.0224097089325218,0.2669629915293849,19.75951220315129,0.044,-0.1303838116675185
2022-09-25 08:30:00,0.0,0.0202545656451205,0.4562554246362724,33.77016634106028,0.044,-0.1349417683452894
2022-09-25 09:00:00,0.0,0.0193311896158509,0.664420496648575,49.1776962654626,0.044,-0.3077449023706478
2022-09-25 09:30:00,0.0,0.0243007206850362,1.2156351110083627,89.97635467350898,0.044,-0.3041562804683834
2022-09-25 10:00:00,0.0,0.1722729286036339,2.2173189200740424,164.11690627409945,0.044,-0.300567658566119
2022-09-25 10:30:00,0.0,0.210461241373464,3.410602611390562,252.43889999057623,0.044,-0.2969790366638546
2022-09-25 11:00:00,0.0,0.1600108333131702,4.352844284760011,322.179787057359,0.0435,
2022-09-25 11:30:00,0.0,0.3383507445583455,5.175153822635137,383.04378642793375,0.0435,
2022-09-25 12:00:00,0.0,0.3796813345902013,5.6756871694229964,420.09122404196063,0.0435,
2022-09-25 12:30:00,0.0,0.4052396995030355,6.036703690208701,446.8121950167677,0.0435,
2022-09-25 13:00:00,0.0,0.2290041982115795,6.569265526294388,486.23025082586094,0.043,
2022-09-25 13:30:00,0.0,0.1069651792575063,6.807970871425744,503.8982472513553,0.043,
2022-09-25 14:00:00,0.0,0.2458872450192326,6.68091540490026,494.4941196346214,0.040999999999999995,
2022-09-25 14:30:00,0.0,0.0987559942473858,6.275069825571096,464.4550845181494,0.040999999999999995,
2022-09-25 15:00:00,0.0,0.2150354517591199,5.869224246241933,434.4160494016774,0.0385,
2022-09-25 15:30:00,0.0,0.2024053390491475,5.46337866691277,404.37701428520546,0.0385,
2022-09-25 16:00:00,0.0,0.3478026920441162,5.057533087583606,374.33797916873345,0.034999999999999996,
2022-09-25 16:30:00,0.0,0.2124181805603213,4.651687508254443,344.2989440522615,0.034999999999999996,
2022-09-25 17:00:00,0.0,0.1878188079986677,4.245841928925279,314.2599089357895,0.032,
2022-09-25 17:30:00,0.0,0.1701530770610154,3.839996349596116,284.2208738193175,0.032,
2022-09-25 18:00:00,0.0,0.1253379966718497,3.4341507702669527,254.1818387028455,0.03,-0.2431497081298889
2022-09-25 18:30:00,0.0,4.657904510527039e-05,3.028305190937789,224.14280358637353,0.03,-0.2395610862276246
2022-09-25 19:00:00,0.0,4.804951435864396e-05,2.622459611608626,194.10376846990152,0.028499999999999998,-0.2359724643253602
2022-09-25 19:30:00,0.0,4.095934311956155e-05,,98.548,0.028499999999999998,-0.2323838424230958
2022-09-25 20:00:00,0.0,4.095934311956155e-05,1.810768452950299,134.0256982369576,0.0275,-0.2287952205208314
2022-09-25 20:30:00,0.0,3.851698563857494e-05,1.1954914313805758,88.48540163488222,0.0275,-0.2171434923695495
2022-09-25 21:00:00,0.0,4.278616268228681e-05,0.8293609121789208,61.38591334751449,0.027000000000000003,-0.1880762979220337
2022-09-25 21:30:00,0.0,4.0868502543514366e-05,0.9929239322363596,73.49218123241529,0.027000000000000003,-0.1563076819013295
2022-09-25 22:00:00,0.0,0.0595596033526905,0.6437043932793299,47.64437475531131,0.027499999999999997,-0.1364696098133994
2022-09-25 22:30:00,0.0,0.0692901125770116,0.498068236730469,36.864980218033224,0.027499999999999997,-0.1334217874764134
2022-09-25 23:00:00,0.0,0.0595326747546039,0.4771731735347015,35.31841283115653,0.027499999999999997,-0.1394997250230604
2022-09-25 23:30:00,0.0,0.0658442208548755,0.1822275124045769,13.487737511780931,0.027499999999999997,-0.1423023060344733
2022-09-26 00:00:00,0.0,0.063830610014123,0.4197010017104604,31.06455699145037,0.027999999999999997,-0.1354657155524635
2022-09-26 00:30:00,0.0,0.0665033144549962,0.3560052672146647,26.35005841676751,0.027999999999999997,-0.1219835539034031
2022-09-26 01:00:00,0.0,0.0547911171360109,0.2920970816609811,21.61983508096004,0.0275,-0.1086350161699699
2022-09-26 01:30:00,0.0,0.046504671022259,0.3560052672146647,26.35005841676751,0.0275,-0.0990519688813718
2022-09-26 02:00:00,0.0,0.0488718211564402,0.4197010017104604,31.06455699145037,0.028,-0.0920605735014583
2022-09-26 02:30:00,0.0,0.030680468248307,0.1851057698788952,13.700774395139888,0.028,-0.0849813063724771
2022-09-26 03:00:00,0.0,0.0330792312414373,0.163635166567019,12.111607875392748,0.0285,-0.0771189376525656
2022-09-26 03:30:00,0.0,0.0312022989894643,0.0126562909302881,0.9367670539312732,0.0285,-0.0700138695628187
2022-09-26 04:00:00,0.0,0.0275363441128117,0.313423541315516,23.198332674876205,0.0285,-0.0652147777124889
2022-09-26 04:30:00,0.0,0.0379037808474053,0.163635166567019,12.111607875392748,0.0285,-0.0625847458706025
2022-09-26 05:00:00,0.0,0.0366297831553707,0.1851057698788952,13.700774395139888,0.029,-0.0609123936409134
2022-09-26 05:30:00,0.0,0.0335648120816762,0.1206209979180562,8.927874484264509,0.029,-0.0594792733160124
2022-09-26 06:00:00,0.0,2.711977650685282e-05,0.2065521564683528,15.288148491827158,0.029,-0.0581210037525285
2022-09-26 06:30:00,0.0,2.7300506301294197e-05,0.2065521564683528,15.288148491827158,0.029,-0.072595084803495
2022-09-26 07:00:00,0.0,0.0166051741708288,0.0559161616306386,4.13868630915596,0.029,-0.0870691658544615
2022-09-26 07:30:00,0.0,0.0253390576013142,-0.0307029769189802,-2.272509173006043,0.029,-0.1015432469054279
2022-09-26 08:00:00,0.0,0.025509055504746,0.0342986107554147,2.5386433298870004,0.029500000000000002,-0.1160173279563944
2022-09-26 08:30:00,0.0,2.8809982646216876e-05,0.163635166567019,12.111607875392748,0.029500000000000002,-0.1304914090073608
2022-09-26 09:00:00,0.0,2.85863723630622e-05,0.3772606843337467,27.923297731855655,0.029500000000000002,-0.1469798042738261
2022-09-26 09:30:00,0.0,2.8252483396265985e-05,0.5253939082190952,38.88751501263369,0.029500000000000002,-0.1605378210712388
2022-09-26 10:00:00,0.0,3.1995235324696024e-05,0.8390561055133057,62.10351203003301,0.029,-0.1740958378686515
2022-09-26 10:30:00,0.0,3.7779305572449985e-05,1.7314417301419995,128.1542576361953,0.029,-0.1876538546660641
2022-09-26 11:00:00,0.0,0.0687714755832551,3.131994845682651,231.81748907942296,0.0285,
2022-09-26 11:30:00,0.0,0.0748089186996754,4.466658032562838,330.60381664180727,0.0285,
2022-09-26 12:00:00,0.0,0.1053164103343608,5.446097623648889,403.09794191903353,0.028,
2022-09-26 12:30:00,0.0,0.1093982092722099,6.291707381315641,465.68652856169115,0.028,
2022-09-26 13:00:00,0.0,0.1184452094648312,6.873048231763645,508.7150081378698,0.0275,
2022-09-26 13:30:00,0.0,0.1194740962580339,6.857062414842598,507.53180314485104,0.0275,
2022-09-26 14:00:00,0.0,0.2767529361246695,6.93690141985725,513.4411607859114,0.0265,
2022-09-26 14:30:00,0.0,0.2878539814373094,6.744907173256773,499.2305294287205,0.0265,
2022-09-26 15:00:00,0.0,0.2662080331897966,6.307087116206503,466.8248738338813,0.024,
2022-09-26 15:30:00,0.0,0.4041365783528408,5.869267059156233,434.41921823904215,0.024,
2022-09-26 16:00:00,0.0,0.2309582900155842,5.431447002105963,402.01356264420303,0.021500000000000002,
2022-09-26 16:30:00,0.0,0.0928224143582545,4.993626945055692,369.6079070493639,0.021500000000000002,
2022-09-26 17:00:00,0.0,0.2264596972357666,4.5558068880054226,337.2022514545248,0.0195,
2022-09-26 17:30:00,0.0,0.2024698941903817,4.117986830955152,304.7965958596857,0.0195,-0.3774660898298417
2022-09-26 18:00:00,0.0,0.0822312743824562,3.6801667739048822,272.3909402648465,0.018000000000000002,-0.3910241066272544
2022-09-26 18:30:00,0.0,0.0922257600491796,3.242346716854612,239.9852846700074,0.018000000000000002,-0.4045821234246671
2022-09-26 19:00:00,0.0,0.0847029696417991,2.804526659804342,207.57962907516827,0.0165,-0.4181401402220798
2022-09-26 19:30:00,0.0,0.0752673294621501,2.3667066027540717,175.17397348032912,0.0165,-0.4316981570194924
2022-09-26 20:00:00,0.0,0.0726350762926565,1.9288865457038016,142.76831788548998,0.0155,-0.3891207970078653
2022-09-26 20:30:00,0.0,0.06906822126272,1.4718825132668296,108.94274264715688,0.0155,-0.3406600103594877
2022-09-26 21:00:00,0.0,0.0409586536079345,1.147776435723769,84.95373219428784,0.014499999999999999,-0.29678408031406
2022-09-26 21:30:00,0.0,3.598923620581269e-05,0.8597886628142308,63.638051393123234,0.014499999999999999,-0.2594852827714143
2022-09-26 22:00:00,0.0,0.0472750613924212,0.9631244437280256,71.28654458796947,0.015,-0.224416093589435
2022-09-26 22:30:00,0.0,0.0581459559228769,0.7559056054145071,55.94905102407933,0.015,-0.1864158758529973
2022-09-26 23:00:00,0.0,0.0539586478762044,0.5464631538351851,40.44697467210674,0.016,-0.1449654900583273
2022-09-26 23:30:00,0.0,0.0399706322867437,0.5253939082190952,38.88751501263369,0.016,-0.1051310344466994
2022-09-27 00:00:00,0.0,3.441051549534346e-05,0.4589775083991797,33.971643883033536,0.016999999999999998,-0.0731908045604069
2022-09-27 00:30:00,0.0,0.03158442072198,0.3740098288298035,27.68268266145636,0.016999999999999998,-0.051685617732947
2022-09-27 01:00:00,0.0,3.239131313461301e-05,0.3952870131213738,29.25753309390556,0.017499999999999998,-0.0386564547601554
2022-09-27 01:30:00,0.0,3.2749591528663496e-05,0.4589775083991797,33.971643883033536,0.017499999999999998,-0.0305771931357023
2022-09-27 02:00:00,0.0,3.144557613994091e-05,0.310036166492167,22.947613001054883,0.018,-0.0250634148525832
2022-09-27 02:30:00,0.0,3.1367349421886946e-05,0.4377707782487654,32.402008178865444,0.018,-0.0212283191677607
2022-09-27 03:00:00,0.0,3.18386857926341e-05,0.2244035233980352,16.609433890485732,0.018,-0.0187087667236846
2022-09-27 03:30:00,0.0,0.0270569901746643,0.0519730739224675,3.846835033286789,0.018,-0.0170820703320944
2022-09-27 04:00:00,0.0,0.033213241034483,0.1599255292472889,11.837035645479736,0.0175,-0.0160732949596335
2022-09-27 04:30:00,0.0,3.3392474329447656e-05,0.0952278997498917,7.048380887585828,0.0175,-0.035075308138535
2022-09-27 05:00:00,0.0,3.121129113513813e-05,0.310036166492167,22.947613001054883,0.018000000000000002,-0.0540773213174365
2022-09-27 05:30:00,0.0,0.0236450958680311,0.2244035233980352,16.609433890485732,0.018000000000000002,-0.073079334496338
2022-09-27 06:00:00,0.0,2.9071130245523226e-05,0.2029351319430306,15.02043108336631,0.018000000000000002,-0.0920813476752395
2022-09-27 06:30:00,0.0,3.066923506111654e-05,0.1383841615437433,10.242631433973408,0.018000000000000002,
2022-09-27 07:00:00,0.0,2.9561549455001053e-05,0.1814424932475213,13.429633594362697,0.018500000000000003,-0.1300853740330426
2022-09-27 07:30:00,0.0,2.877237961025713e-05,0.2672678751820408,19.782078448085404,0.018500000000000003,-0.1490873872119441
2022-09-27 08:00:00,0.0,2.8104307908220937e-05,0.2672678751820408,19.782078448085404,0.018000000000000002,-0.1680894003908456
2022-09-27 08:30:00,0.0,2.7737713938562392e-05,0.5224579784899593,38.67020946410762,0.018000000000000002,-0.1870914135697471
2022-09-27 09:00:00,0.0,2.9071130245523226e-05,0.6067753288132773,44.911035966336854,0.018000000000000002,-0.1984656376873385
2022-09-27 09:30:00,0.0,3.066923506111654e-05,1.064113186348905,78.76131957744035,0.018000000000000002,-0.2105153995216796
2022-09-27 10:00:00,0.0,3.404197166659722e-05,1.671254690512679,123.69945835029424,0.018000000000000002,-0.2225651613560207
2022-09-27 10:30:00,0.0,0.0581712551104417,3.245608244552768,240.22668965271092,0.018000000000000002,-0.2346149231903619
2022-09-27 11:00:00,0.0,0.245232909013287,4.383342678955602,324.4371538512802,0.018000000000000002,
2022-09-27 11:30:00,0.0,0.2085421924888674,5.654235696562395,418.50347348022046,0.018000000000000002,
2022-09-27 12:00:00,0.0,0.2515163757418085,6.6729385788771856,493.9037074945627,0.0175,
2022-09-27 12:30:00,0.0,0.259855807979084,6.817708165077883,504.6189620277475,0.0175,
2022-09-27 13:00:00,0.0,0.2838121785050398,7.105042306281034,525.8862636749151,0.0175,
2022-09-27 13:30:00,0.0,0.4181217852819671,6.86579950328948,508.17848680986833,0.0175,
2022-09-27 14:00:00,0.0,0.2954720671867385,6.705174329232292,496.28966630806866,0.0165,
2022-09-27 14:30:00,0.0,0.4461700163297345,6.624514960383766,490.3195886807152,0.0165,
2022-09-27 15:00:00,0.0,0.4831367201886696,6.18325890705206,457.6596146499608,0.016,
2022-09-27 15:30:00,0.0,0.4765527479111329,5.742002853720353,424.9996406192064,0.016,
2022-09-27 16:00:00,0.0,0.4258946871349724,5.300746800388646,392.339666588452,0.0155,
2022-09-27 16:30:00,0.0,0.4057719916050929,4.85949074705694,359.67969255769754,0.0155,
2022-09-27 17:00:00,0.0,0.4155329412146694,4.418234693725234,327.01971852694305,0.014500000000000002,
2022-09-27 17:30:00,0.0,0.3169678169888165,3.976978640393527,294.3597444961886,0.014500000000000002,
2022-09-27 18:00:00,0.0,0.0836935677310033,3.5357225870618207,261.6997704654342,0.013000000000000001,
2022-09-27 18:30:00,0.0,0.1053838043923839,3.0944665337301145,229.03979643467977,0.013000000000000001,-0.4274111125398201
2022-09-27 19:00:00,0.0,0.1012130569095892,2.653210480398408,196.37982240392537,0.012,-0.4394608743741612
2022-09-27 19:30:00,0.0,0.0907111152916812,2.2119544270667015,163.71984837317092,0.012,-0.4515106362085024
2022-09-27 20:00:00,0.0,0.0878376597752042,1.7706983737349953,131.05987434241646,0.0115,-0.4635603980428435
2022-09-27 20:30:00,0.0,0.1030596145805459,1.5512793956405675,114.81937617290669,0.0115,-0.4756101598771847
2022-09-27 21:00:00,0.0,0.0841362647105937,1.2481917910222893,92.38606739190448,0.0105,-0.3983150438677011
2022-09-27 21:30:00,0.0,0.0548960945727155,1.064113186348905,78.76131957744035,0.0105,-0.3316637007072364
2022-09-27 22:00:00,0.0,0.0550292827068687,1.022974042077791,75.71636784613342,0.0115,-0.2783902763045373
2022-09-27 22:30:00,0.0,0.0479583699496415,0.7116589756750283,52.67409588787531,0.0115,-0.2374304310738137
2022-09-27 23:00:00,0.0,3.56948303480287e-05,0.8367786048926639,61.93494071964857,0.0125,-0.2060934267486486
2022-09-27 23:30:00,0.0,3.453450868479409e-05,0.7534546512851421,55.76764139216328,0.0125,-0.1818066235351295
2022-09-28 00:00:00,0.0,0.0423076497616246,0.6460387329329285,47.81715305917783,0.013000000000000001,-0.1623113865415746
2022-09-28 00:30:00,0.0,3.3758057524395963e-05,0.477045870562317,35.30899038416522,0.013000000000000001,-0.1452679083254573
2022-09-28 01:00:00,0.0,0.0391939637906508,0.477045870562317,35.30899038416522,0.013499999999999998,-0.1283995210252984
2022-09-28 01:30:00,0.0,0.0369146053782283,0.4558173953162547,33.73774519667378,0.013499999999999998,-0.110301885704509
2022-09-28 02:00:00,0.0,0.0348596013636444,0.1776867855314252,13.151651421543429,0.013999999999999999,-0.0913886301472374
2022-09-28 02:30:00,0.0,3.113345954710823e-05,0.2636973445765805,19.517802330013236,0.013999999999999999,-0.0959704332856956
2022-09-28 03:00:00,0.0,3.070852557616108e-05,0.1776867855314252,13.151651421543429,0.013999999999999999,-0.1005522364241538
2022-09-28 03:30:00,0.0,0.0328375331434763,0.2207406209806925,16.338320787505435,0.013999999999999999,-0.105134039562612
2022-09-28 04:00:00,0.0,3.062997880469489e-05,0.1561232550313592,11.555606810198192,0.013999999999999999,-0.1097158427010702
2022-09-28 04:30:00,0.0,3.0208193578321032e-05,0.1129225738741778,8.358068523638297,0.013999999999999999,
2022-09-28 05:00:00,0.0,2.8697275808784963e-05,0.0912852643562022,6.756563090190451,0.015,
2022-09-28 05:30:00,0.0,2.8399713350494872e-05,0.4132900537478893,30.590044761217715,0.015,
2022-09-28 06:00:00,0.0,2.8921487481622617e-05,0.0912852643562022,6.756563090190451,0.015,
2022-09-28 06:30:00,0.0,2.8031900533583182e-05,0.0262244996827324,1.9410305470953304,0.015,
2022-09-28 07:00:00,0.0,0.0291948876945763,0.0044876973017171,0.3321610575657933,0.014499999999999999,-0.1372066615318195
2022-09-28 07:30:00,0.0,0.0289966472693444,0.0262244996827324,1.9410305470953304,0.014499999999999999,-0.1417884646702777
2022-09-28 08:00:00,0.0,2.9711932489174568e-05,0.0696232024014283,5.153225582288506,0.015,-0.1463702678087359
2022-09-28 08:30:00,0.0,2.9827376435069603e-05,0.2636973445765805,19.517802330013236,0.015,-0.1509520709471941
2022-09-28 09:00:00,0.0,2.929735908506126e-05,0.5194328017586238,38.44629821634602,0.0155,-0.2539625430287603
2022-09-28 09:30:00,0.0,2.7701093423267577e-05,0.9382895418146304,69.44836640225722,0.0155,-0.270494654983707
2022-09-28 10:00:00,0.0,3.0093290408167564e-05,1.020996534364427,75.57000078765017,0.0155,-0.2870267669386537
2022-09-28 10:30:00,0.0,3.721987992815649e-05,1.770235442625676,131.02561006911247,0.0155,-0.3035588788936003
2022-09-28 11:00:00,0.0,0.0667583408867855,3.155025012519228,233.52208813280097,0.0155,
2022-09-28 11:30:00,0.0,0.0732665003155653,4.192749754933669,310.3302426780469,0.0155,
2022-09-28 12:00:00,0.0,0.1069543177085127,5.323126229778019,393.9961007090974,0.015,
2022-09-28 12:30:00,0.0,0.1138509863723651,5.861450685840432,433.84068215419705,0.015,
2022-09-28 13:00:00,0.0,0.1212583070519386,6.290866735962665,465.62430742004346,0.0155,
2022-09-28 13:30:00,0.0,0.1275864792227181,6.208818670043359,459.5514440973419,0.0155,
2022-09-28 14:00:00,0.0,0.1582647002443364,6.1430002835276944,454.6798354743734,0.015,
2022-09-28 14:30:00,0.0,0.1579818321966145,5.781278463776291,427.9066611456866,0.015,
2022-09-28 15:00:00,0.0,0.1158566341203503,5.419556644024886,401.13348681699983,0.014499999999999999,
2022-09-28 15:30:00,0.0,0.1135342506882818,5.057834824273482,374.360312488313,0.014499999999999999,
2022-09-28 16:00:00,0.0,0.0994400576129725,4.696113004522077,347.5871381596262,0.012,
2022-09-28 16:30:00,0.0,0.2548541732618726,4.3343911847706735,320.8139638309394,0.012,
2022-09-28 17:00:00,0.0,0.1652290592587073,3.9726693650192697,294.04078950225255,0.010499999999999999,
2022-09-28 17:30:00,0.0,0.2704309204958045,3.610947545267865,267.2676151735658,0.010499999999999999,-0.5350084462628535
2022-09-28 18:00:00,0.0,0.1391077608143243,3.2492257255164607,240.49444084487897,0.009000000000000001,-0.5515405582178001
2022-09-28 18:30:00,0.0,0.1258105890425527,2.8875039057650564,213.72126651619217,0.009000000000000001,-0.5680726701727468
2022-09-28 19:00:00,0.0,0.1205469195857813,2.525782086013652,186.94809218750535,0.008,-0.5846047821276934
2022-09-28 19:30:00,0.0,0.1150443916804042,2.164060266262248,160.17491785881856,0.008,-0.60113689408264
2022-09-28 20:00:00,0.0,0.1094059770823418,1.6705936300358537,123.65052934899704,0.0065,-0.5369323491037816
2022-09-28 20:30:00,0.0,0.0911450578036133,1.3687075065182572,101.30614930053105,0.0065,-0.4565467340923417
2022-09-28 21:00:00,0.0,0.0879749298530339,1.2058337847431817,89.25090046416553,0.0055,-0.373976629879147
2022-09-28 21:30:00,0.0,4.0777784320328945e-05,1.020996534364427,75.57000078765017,0.0055,-0.2996368820417748
2022-09-28 22:00:00,0.0,3.948357461039692e-05,1.000352258314149,74.04199564280302,0.0055,-0.2386164004900844
2022-09-28 22:30:00,0.0,3.891027643412545e-05,0.7509165265906319,55.57977975041669,0.0055,-0.1912938687111998
2022-09-28 23:00:00,0.0,3.74774208217219e-05,0.7090331810300102,52.47974527382964,0.006500000000000001,-0.1555338740856524
2022-09-28 23:30:00,0.0,0.0763989912896592,0.6460387329329285,47.81715305917783,0.006500000000000001,-0.1287722413748205
2022-09-29 00:00:00,0.0,0.0539181245847947,0.6642574277483478,49.165626570312966,0.006999999999999999,-0.1088128496406906
2022-09-29 00:30:00,0.0,3.666573640149513e-05,0.6009931134411075,44.48305995905173,0.006999999999999999,-0.0935850463433007
2022-09-29 01:00:00,0.0,0.0469469903767161,0.5163179983860554,38.21575317001548,0.0075,-0.0809090386340245
2022-09-29 01:30:00,0.0,0.0486501921026379,0.4525670698828355,33.497169359933544,0.0075,-0.0691289614266898
2022-09-29 02:00:00,0.0,0.0460058352036758,0.4312697751644576,31.920830435683893,0.008,-0.07082700928714
2022-09-29 02:30:00,0.0,3.582180858518088e-05,0.3672358830937258,27.181302816000223,0.008,-0.0725250571475903
2022-09-29 03:00:00,0.0,3.628344353323172e-05,0.4525670698828355,33.497169359933544,0.0085,-0.0742231050080406
2022-09-29 03:30:00,0.0,3.53190922434402e-05,0.3029873839087004,22.425890852687218,0.0085,-0.0759211528684909
2022-09-29 04:00:00,0.0,3.56948303480287e-05,0.2385222046304069,17.6544411122929,0.0085,
2022-09-29 04:30:00,0.0,3.6073138475722e-05,0.2385222046304069,17.6544411122929,0.0085,
2022-09-29 05:00:00,0.0,3.700612199468409e-05,0.2385222046304069,17.6544411122929,0.009,
2022-09-29 05:30:00,0.0,3.598923620581269e-05,0.2600348023452205,19.246715886530865,0.009,
2022-09-29 06:00:00,0.0,0.0630284515932189,0.3029873839087004,22.425890852687218,0.0095,
2022-09-29 06:30:00,0.0,3.825496551648326e-05,0.195424004844718,14.464488079025978,0.0095,
2022-09-29 07:00:00,0.0,0.0430508670104229,0.3029873839087004,22.425890852687218,0.0095,
2022-09-29 07:30:00,0.0,3.6580953183153445e-05,0.2169852982744346,16.06036711154467,0.0095,
2022-09-29 08:00:00,0.0,3.556987643811817e-05,0.2169852982744346,16.06036711154467,0.01,
2022-09-29 08:30:00,0.0,3.511241543644672e-05,0.5798590551885097,42.91880313247077,0.01,
2022-09-29 09:00:00,0.0,3.577829014767662e-05,0.5798590551885097,42.91880313247077,0.01,-0.1777607868167652
2022-09-29 09:30:00,0.0,3.603117163951886e-05,0.8528264178764631,63.12273440846917,0.01,-0.1642277049223306
2022-09-29 10:00:00,0.0,0.0014904203793144,1.1836569936496617,87.60946480400621,0.01,-0.150694623027896
2022-09-29 10:30:00,0.0,0.0013350029235123,1.5493957915344374,114.67995947657823,0.01,-0.1371615411334614
2022-09-29 11:00:00,0.0,3.239131313461301e-05,1.2246254633038074,90.64178389601943,0.01,-0.1236284592390268
2022-09-29 11:30:00,1.2,3.117315308598607e-05,0.6642574277483478,49.165626570312966,0.01,-0.1100953773445922
2022-09-29 12:00:00,2.2,3.066923506111654e-05,0.4312697751644576,31.920830435683893,0.009,-0.0965622954501576
2022-09-29 12:30:00,1.2,3.168104669226165e-05,0.3672358830937258,27.181302816000223,0.009,-0.083029213555723
2022-09-29 13:00:00,0.2,0.0292087867601345,0.4525670698828355,33.497169359933544,0.0085,-0.0694961316612884
2022-09-29 13:30:00,0.0,0.0302604642283682,0.8110792032398727,60.03277578786207,0.0085,-0.0627970899141626
2022-09-29 14:00:00,0.0,0.0357832178784812,1.142604120334846,84.57089849715076,0.007,-0.0585926098748773
2022-09-29 14:30:00,0.0,0.0352537938271711,1.7497642078777242,129.51041273596,0.007,-0.0562862512702193
2022-09-29 15:00:00,0.0,0.0286892087094268,1.678747711415045,124.25406120783104,0.006000000000000001,-0.0552523083838357
2022-09-29 15:30:00,0.0,0.0295068410087946,1.6077312149523657,118.99770967970208,0.006000000000000001,-0.0555794107798286
2022-09-29 16:00:00,0.0,0.0095645397508316,1.5367147184896863,113.74135815157312,0.005,-0.0580662474917437
2022-09-29 16:30:00,0.0,0.0094989236821844,1.4656982220270072,108.48500662344416,0.005,-0.0634513590059423
2022-09-29 17:00:00,0.0,0.0014197441749932,1.394681725564328,103.2286550953152,0.0045,-0.0712012305868701
2022-09-29 17:30:00,0.0,0.0013227348510773,1.3236652291016489,97.97230356718624,0.0045,-0.0790359560715659
2022-09-29 18:00:00,0.0,3.3758057524395963e-05,1.2526487326389697,92.71595203905729,0.004000000000000001,-0.0841721167980226
2022-09-29 18:30:00,0.0,3.4165093201904455e-05,1.1816322361762903,87.45960051092834,0.004000000000000001,-0.0852996497767523
2022-09-29 19:00:00,0.0,3.351404317298461e-05,1.1106157397136112,82.20324898279938,0.003,-0.0832112849185986
2022-09-29 19:30:00,0.0,3.3191613558943914e-05,1.0395992432509318,76.94689745467042,0.003,-0.0796229649567092
2022-09-29 20:00:00,0.0,3.259057729906609e-05,0.7901721627170882,58.48532188807212,0.001999999999999999,-0.075764766400647
2022-09-29 20:30:00,0.0,3.2551313253550324e-05,0.6852998202314465,50.723098670364415,0.001999999999999999,-0.0720893600292316
2022-09-29 21:00:00,0.0,3.239131313461301e-05,0.4950911068087312,36.64462519922729,0.002,-0.0688414900545164
2022-09-29 21:30:00,0.0,3.1523934586024005e-05,0.473840822149925,35.0717657679233,0.002,-0.0663504145227094
2022-09-29 22:00:00,0.0,3.066923506111654e-05,0.3458436637580319,25.597937958592244,0.0025000000000000005,-0.0645327743373665
2022-09-29 22:30:00,0.0,0.0076762122435864,0.3458436637580319,25.597937958592244,0.0025000000000000005,-0.0624057943305645
2022-09-29 23:00:00,0.0,0.0081395483568063,0.3029873839087004,22.425890852687218,0.003000000000000001,
2022-09-29 23:30:00,0.0,0.0124220112413954,0.3244275229547847,24.01280253168574,0.003000000000000001,
2022-09-30 00:00:00,0.0,0.0087712463689761,0.2562798502669397,18.96878964294189,0.002999999999999999,
2022-09-30 00:30:00,0.0,0.0083625625181974,0.08311858541734,6.1520988113508785,0.002999999999999999,
2022-09-30 01:00:00,0.0,2.8104307908220937e-05,0.1482391829276772,10.972059937087574,0.004,
2022-09-30 01:30:00,0.0,2.8809982646216876e-05,0.1482391829276772,10.972059937087574,0.004,
2022-09-30 02:00:00,0.0,2.9372021514339375e-05,0.1482391829276772,10.972059937087574,0.0045000000000000005,
2022-09-30 02:30:00,0.0,2.9183333930494853e-05,0.1482391829276772,10.972059937087574,0.0045000000000000005,
2022-09-30 03:00:00,0.0,2.8921487481622617e-05,0.1698964695250129,12.57504399250147,0.0045000000000000005,
2022-09-30 03:30:00,0.0,2.8846113638478657e-05,0.1482391829276772,10.972059937087574,0.0045000000000000005,
2022-09-30 04:00:00,0.0,2.7701093423267577e-05,0.1915291000911331,14.176203109009448,0.0045000000000000005,
2022-09-30 04:30:00,0.0,2.851160658810513e-05,0.1048503213728132,7.7605933047180145,0.0045000000000000005,
2022-09-30 05:00:00,0.0,2.8031900533583182e-05,0.1482391829276772,10.972059937087574,0.0045000000000000005,
2022-09-30 05:30:00,0.0,2.8031900533583182e-05,0.08311858541734,6.1520988113508785,0.0045000000000000005,
2022-09-30 06:00:00,0.0,2.7701093423267577e-05,0.1048503213728132,7.7605933047180145,0.005000000000000001,
2022-09-30 06:30:00,0.0,2.6507359011527425e-05,0.1265571603187733,9.36724502294813,0.005000000000000001,
2022-09-30 07:00:00,0.0,2.6650985973610524e-05,0.1265571603187733,9.36724502294813,0.004999999999999999,-0.1217684451006489
2022-09-30 07:30:00,0.0,2.7554950680070244e-05,0.1048503213728132,7.7605933047180145,0.004999999999999999,-0.1234664929610992
2022-09-30 08:00:00,0.0,2.7664506845837684e-05,0.1482391829276772,10.972059937087574,0.004999999999999999,-0.1251645408215495
2022-09-30 08:30:00,0.0,2.8659775033925233e-05,0.1265571603187733,9.36724502294813,0.004999999999999999,-0.1268625886819998
2022-09-30 09:00:00,0.0,0.0009348049646448,0.1482391829276772,10.972059937087574,0.004999999999999999,-0.0680697400228478
2022-09-30 09:30:00,0.0,0.0009630996637043,0.2993251878352736,22.154830030403755,0.004999999999999999,-0.0737336857151312
2022-09-30 10:00:00,0.0,0.0069199794615732,0.5979683443411399,44.259178882502034,0.004999999999999999,-0.0793976314074146
2022-09-30 10:30:00,0.0,0.0072382068280974,0.6762845617459898,50.05582599321381,0.004999999999999999,-0.085061577099698
2022-09-30 11:00:00,0.0,0.016983203573968,0.7546007791508397,55.85247310392559,0.004999999999999999,
2022-09-30 11:30:00,0.0,0.0177145333770028,0.8329169965556896,61.64912021463736,0.004999999999999999,
2022-09-30 12:00:00,0.0,0.010301528038441,0.9112332139605396,67.44576732534914,0.006,
2022-09-30 12:30:00,0.0,0.0108035733970641,0.9895494313653894,73.24241443606091,0.006,
2022-09-30 13:00:00,0.0,0.0282060242601153,1.0678656487702394,79.03906154677269,0.004,
2022-09-30 13:30:00,0.0,0.0287471919102429,1.146181866175089,84.83570865748446,0.004,
2022-09-30 14:00:00,0.0,0.1469693478294724,1.224498083579939,90.63235576819623,0.0034999999999999996,
2022-09-30 14:30:00,0.0,0.2302461016663024,1.302814300984789,96.42900287890802,0.0034999999999999996,
2022-09-30 15:00:00,0.0,0.1407671819764094,1.381130518389639,102.2256499896198,0.003000000000000001,
2022-09-30 15:30:00,0.0,0.2188433332912304,,314.581,0.003000000000000001,
2022-09-30 16:00:00,0.0,0.0104454153558045,,315.623,0.0025000000000000005,
2022-09-30 16:30:00,0.0,0.0780711410930417,,294.298,0.0025000000000000005,-0.1530289254070986
2022-09-30 17:00:00,0.0,0.0045376710006036,,243.287,0.0015000000000000013,-0.1586928710993819
2022-09-30 17:30:00,0.0,0.004372448209691,,205.717,0.0015000000000000013,-0.1643568167916653
2022-09-30 18:00:00,0.0,0.0030731292202945,,158.256,0.0014999999999999996,-0.1700207624839487
2022-09-30 18:30:00,0.0,0.0029967366337529,,141.783,0.0014999999999999996,-0.1756847081762321
2022-09-30 19:00:00,0.0,3.649629532168442e-05,,120.904,0.0,-0.1778687393295854
2022-09-30 19:30:00,0.0,3.540371153436868e-05,2.0859764750332883,154.39547398602576,0.0,-0.1737615288380296
2022-09-30 20:00:00,0.0,3.582180858518088e-05,1.5886451480485884,117.58503682293332,0.0,-0.1577380408427792
2022-09-30 20:30:00,0.0,3.624131975377748e-05,1.3251655821574622,98.08335358331598,0.0,-0.1332865329716379
2022-09-30 21:00:00,0.0,3.5905459563835916e-05,1.0788454202542934,79.85173946660001,0.0005000000000000004,-0.1104251051142617
2022-09-30 21:30:00,0.0,3.5028248745586314e-05,0.8712160906018359,64.4838630074082,0.0005000000000000004,-0.0985176872404276
2022-09-30 22:00:00,0.0,3.4286814121211164e-05,0.906371977292498,67.08595840683843,0.0010000000000000009,-0.1006713293256452
2022-09-30 22:30:00,0.0,3.235220977632475e-05,0.94152786398316,69.68805380626864,0.0010000000000000009,-0.113144244006556
2022-09-30 23:00:00,0.0,3.082344996839441e-05,0.9766837506738224,72.29014920569887,0.0010000000000000009,-0.1285606365424501
2022-09-30 23:30:00,0.0,2.9636675311373782e-05,1.0118396373644845,74.8922446051291,0.0010000000000000009,-0.1396922051373008
2022-10-01 00:00:00,0.0,0.0080481583940701,1.0469955240551465,77.49434000455932,0.002,-0.1417080568591357
2022-10-01 00:30:00,0.0,0.0106943302045015,1.0821514107458086,80.09643540398955,0.002,-0.1329906580051887
2022-10-01 01:00:00,0.0,0.0073900278794562,1.1173072974364708,82.69853080341976,0.004499999999999999,-0.1152524061121076
2022-10-01 01:30:00,0.0,0.0071830345367141,1.152463184127133,85.30062620284998,0.004499999999999999,-0.0928345586348387
2022-10-01 02:00:00,0.0,0.0066868443448569,1.187619070817795,87.90272160228021,0.117,-0.0708007240692106
2022-10-01 02:30:00,0.0,2.7083732081437783e-05,1.2227749575084572,90.50481700171042,0.117,-0.0792935376534329
2022-10-01 03:00:00,0.0,0.0060713387147344,,14.162,0.14200000000000002,-0.0877863512376552
2022-10-01 03:30:00,0.0,2.6544279676838223e-05,,12.253,0.14200000000000002,-0.0962791648218775
2022-10-01 04:00:00,0.0,0.0053212935118022,,10.518,0.123,-0.1047719784060998
2022-10-01 04:30:00,0.0,2.6223163795089992e-05,,12.176,0.123,
2022-10-01 05:00:00,0.0,2.5272322163303384e-05,,8.741,0.1195,
2022-10-01 05:30:00,0.0,2.572792735869879e-05,,7.321,0.1195,
2022-10-01 06:00:00,0.0,2.5376732589395176e-05,,6.246,0.121,
2022-10-01 06:30:00,0.0,2.406591359982391e-05,,7.4,0.121,
2022-10-01 07:00:00,0.0,2.3931122324087595e-05,,8.109,0.1225,-0.1557288599114334
2022-10-01 07:30:00,0.0,2.4442777673205428e-05,,8.364,0.1225,-0.1642216734956557
2022-10-01 08:00:00,0.0,2.2790967230116472e-05,,3.475,0.1245,-0.172714487079878
2022-10-01 08:30:00,0.0,2.3828417590123304e-05,,2.443,0.1245,-0.1812073006641003
2022-10-01 09:00:00,0.0,2.437321212789204e-05,,6.276,0.127,-0.1319910406420005
2022-10-01 09:30:00,0.0,2.4821185487419337e-05,,-0.09,0.127,-0.150837837277445
2022-10-01 10:00:00,0.0,2.586853706785997e-05,,1.093,0.1295,-0.1696846339128895
2022-10-01 10:30:00,0.0,3.2510446819210245e-05,,12.072,0.1295,-0.188531430548334
2022-10-01 11:00:00,0.0,0.0529739493092218,,43.105,0.1325,
2022-10-01 11:30:00,0.0,0.057390858692938,,73.396,0.1325,
2022-10-01 12:00:00,0.0,0.0826717151979992,,120.807,0.1355,
2022-10-01 12:30:00,0.0,0.0874022589960081,,181.668,0.1355,
2022-10-01 13:00:00,0.0,0.1215389973960372,,238.576,0.1365,
2022-10-01 13:30:00,0.0,0.1248088566798802,,252.578,0.1365,
2022-10-01 14:00:00,0.0,0.1114918339007516,,324.232,0.1345,
2022-10-01 14:30:00,0.0,0.1045054296341139,,343.37,0.1345,
2022-10-01 15:00:00,0.0,0.2346175909256351,,367.988,0.1295,
2022-10-01 15:30:00,0.0,0.2392134376329477,,361.764,0.1295,
2022-10-01 16:00:00,0.0,0.1779854902345514,,354.415,0.124,
2022-10-01 16:30:00,0.0,0.0709017280241325,,338.594,0.124,
2022-10-01 17:00:00,0.0,0.1331465017789319,,290.026,0.127,
2022-10-01 17:30:00,0.0,0.1051002425139885,,241.553,0.127,
2022-10-01 18:00:00,0.0,0.0568616262123527,,187.619,0.126,-0.4712333800800018
2022-10-01 18:30:00,0.0,0.0544747831408404,,149.014,0.126,-0.4900801767154463
2022-10-01 19:00:00,0.0,0.0515576331115716,,120.302,0.123,-0.5089269733508908
2022-10-01 19:30:00,0.0,0.0459258747779794,2.4180751049909692,178.976060582338,0.123,-0.5277737699863353
2022-10-01 20:00:00,0.0,0.0447819447437864,1.768371113894888,130.88762005747955,0.121,-0.5466205666217798
2022-10-01 20:30:00,0.0,0.0409020925875273,1.4255202254543318,105.51119512609824,0.121,-0.4862456434222427
2022-10-01 21:00:00,0.0,0.0392986915583788,1.1799563204251988,87.33555605987752,0.121,-0.4174283271833452
2022-10-01 21:30:00,0.0,0.0272894089542459,1.0145515355185113,75.09296824986058,0.121,-0.3488988605711871
2022-10-01 22:00:00,0.0,0.0269043169029733,0.9313277794179408,68.93308513332641,0.122,-0.2867356650712824
2022-10-01 22:30:00,0.0,0.0359730255433079,0.7427754579320119,54.97721104010544,0.122,-0.2335998231132286
2022-10-01 23:00:00,0.0,0.0247552112059342,0.616054702840247,45.59785739904967,0.122,-0.1897001142483226
2022-10-01 23:30:00,0.0,0.0243301891470068,0.6372322887793476,47.16533596751965,0.122,-0.154393560015565
2022-10-02 00:00:00,0.0,2.9675055420673333e-05,0.570380370530521,42.217229539455595,0.1215,-0.1269684647654334
2022-10-02 00:30:00,0.0,0.022535246640962,0.4850687097771194,35.90280823307616,0.1215,-0.1066285553442112
2022-10-02 01:00:00,0.0,2.8031900533583182e-05,0.4636817189899242,34.31983037151083,0.1215,-0.0924890934464921
2022-10-02 01:30:00,0.0,2.661538347478615e-05,0.399377750342885,29.56031278477308,0.1215,-0.0836802010348533
2022-10-02 02:00:00,0.0,2.5272322163303384e-05,0.3563885069292465,26.37842425794133,0.121,-0.0791058972244757
2022-10-02 02:30:00,0.0,2.4890315067776933e-05,0.2917231956764217,21.59216156474655,0.121,-0.0770315074625156
2022-10-02 03:00:00,0.0,2.4305123741553115e-05,0.4208363157681924,31.14858830923584,0.12,-0.0750550133480666
2022-10-02 03:30:00,0.0,2.423717327478117e-05,0.2701193933596305,19.99313619771879,0.12,-0.070713949898178
2022-10-02 04:00:00,0.0,2.3795567379061236e-05,0.1834585825396517,13.578856304005992,0.119,-0.0626120268634371
2022-10-02 04:30:00,0.0,2.3458477494513853e-05,0.2917231956764217,21.59216156474655,0.119,-0.0514360599873837
2022-10-02 05:00:00,0.0,2.4339818229124272e-05,0.1617315802160948,11.970712174773888,0.1185,-0.0398227584818041
2022-10-02 05:30:00,0.0,2.3257646047119997e-05,0.2051607848254227,15.18516483555295,0.1185,-0.0308160740962525
2022-10-02 06:00:00,0.0,2.309017886238001e-05,0.2917231956764217,21.59216156474655,0.1175,-0.05056152632268
2022-10-02 06:30:00,0.0,2.2199859468317535e-05,0.1834585825396517,13.578856304005992,0.1175,-0.0703069785491076
2022-10-02 07:00:00,0.0,2.239646230174098e-05,0.1399796971441099,10.360726473983986,0.11699999999999999,-0.0900524307755351
2022-10-02 07:30:00,0.0,2.126252410024619e-05,-0.056920375899643,-4.213014155084323,0.11699999999999999,-0.1097978830019626
2022-10-02 08:00:00,0.0,2.1906731267520072e-05,0.1399796971441099,10.360726473983986,0.11599999999999999,-0.1295433352283902
2022-10-02 08:30:00,0.0,2.1841297402105628e-05,0.0308442211196713,2.282963492877094,0.11599999999999999,-0.1492887874548177
2022-10-02 09:00:00,0.0,2.2923596763138143e-05,0.1617315802160948,11.970712174773888,0.11499999999999999,-0.2464118051262648
2022-10-02 09:30:00,0.0,2.3424701532556037e-05,0.2701193933596305,19.99313619771879,0.11499999999999999,-0.2592237871393009
2022-10-02 10:00:00,0.0,2.668662221553466e-05,0.6341180998600756,46.934836400516936,0.11399999999999999,-0.272035769152337
2022-10-02 10:30:00,0.0,3.457533729690223e-05,1.3832441811625769,102.3820946904974,0.11399999999999999,-0.2848477511653732
2022-10-02 11:00:00,0.0,0.0588395312307568,2.6311803096550883,194.7492389843047,0.1135,
2022-10-02 11:30:00,0.0,0.0580602447005095,3.53538945071819,261.67511307150266,0.1135,
2022-10-02 12:00:00,0.0,0.0901753037942924,4.564435963677358,337.8409404543173,0.11150000000000002,
2022-10-02 12:30:00,0.0,0.1005877935083418,5.670045381854668,419.67364192818025,0.11150000000000002,
2022-10-02 13:00:00,0.0,0.2191641795860496,5.989274592619235,443.3016865854881,0.11000000000000001,
2022-10-02 13:30:00,0.0,0.4369310128425548,6.271685445963513,464.2045865379873,0.11000000000000001,
2022-10-02 14:00:00,0.0,0.3360569034028525,6.403570254128764,473.9661623332777,0.10800000000000001,
2022-10-02 14:30:00,0.0,0.2184446801988195,6.271685445963513,464.2045865379873,0.10800000000000001,
2022-10-02 15:00:00,0.0,0.3435598279151513,5.855064746756273,433.36802097918127,0.10600000000000001,
2022-10-02 15:30:00,0.0,0.3488337505615053,5.4384440475490345,402.5314554203752,0.10600000000000001,
2022-10-02 16:00:00,0.0,0.2161884257664481,5.021823348341795,371.6948898615691,0.10200000000000001,
2022-10-02 16:30:00,0.0,0.062792920305267,4.605202649134556,340.8583243027631,0.10200000000000001,
2022-10-02 17:00:00,0.0,0.1707259446613392,4.1885819499273165,310.02175874395704,0.0985,
2022-10-02 17:30:00,0.0,0.2444568377784355,3.771961250720077,279.185193185151,0.0985,-0.4642154993478792
2022-10-02 18:00:00,0.0,4.3859270541381515e-05,3.3553405515128376,248.34862762634492,0.096,-0.4770274813609154
2022-10-02 18:30:00,0.0,0.0476852280715838,2.9387198523055984,217.5120620675389,0.096,-0.4898394633739515
2022-10-02 19:00:00,0.0,0.0597103938799099,2.522099153098359,186.6754965087328,0.0945,-0.5026514453869877
2022-10-02 19:30:00,0.0,0.0541668872322166,2.10547845389112,155.83893094992672,0.0945,-0.5154634274000238
2022-10-02 20:00:00,0.0,0.0594433040933513,1.807629630440619,133.793375392026,0.0935,-0.4911820143651146
2022-10-02 20:30:00,0.0,0.0481739844580997,1.5459612361441286,114.42574768954957,0.0935,-0.4420494798861369
2022-10-02 21:00:00,0.0,0.045120411192075,1.1573359524374287,85.66128864650491,0.0935,-0.3802985986023481
2022-10-02 21:30:00,0.0,0.0469142066575379,0.949716198107056,70.29412091361445,0.0935,-0.3168005833782209
2022-10-02 22:00:00,0.0,0.0400923049127406,0.866052971296821,64.10170996690881,0.095,-0.258487310419297
2022-10-02 22:30:00,0.0,0.0366088502011597,0.7609695966132052,56.32386700630251,0.095,-0.2088098746986388
2022-10-02 23:00:00,0.0,0.0243784879173341,0.7187775210228528,53.20098159163227,0.096,-0.1690342396812453
2022-10-02 23:30:00,0.0,0.0226652561589198,0.6128954712210748,45.364023955043095,0.096,-0.1388488073992576
2022-10-03 00:00:00,0.0,0.0222805934599573,0.4697586393117852,34.769619237636014,0.0965,-0.1166991468136775
2022-10-03 00:30:00,0.0,0.0213128770582492,0.491099756300913,36.349201707699606,0.0965,-0.1004706317128142
2022-10-03 01:00:00,0.0,2.929735908506126e-05,0.3412121349883688,25.25513108218169,0.096,-0.088305659867362
2022-10-03 01:30:00,0.0,0.0180322542596619,0.362696435016693,26.84531137703769,0.096,-0.0790073457855611
2022-10-03 02:00:00,0.0,2.7482082813501057e-05,0.2550328251510332,18.876489928085427,0.0955,-0.071896866716091
2022-10-03 02:30:00,0.0,2.7482082813501057e-05,0.319703701942197,23.6631645597369,0.0955,-0.0664279966739436
2022-10-03 03:00:00,0.0,2.7884535497595156e-05,0.2117968071628087,15.676336153362852,0.0955,-0.0619444239339572
2022-10-03 03:30:00,0.0,2.668662221553466e-05,0.2766141253125284,20.473849777321295,0.0955,-0.0576869981950954
2022-10-03 04:00:00,0.0,2.7191966871061615e-05,0.2334270788121556,17.27732067246877,0.095,-0.0528939682329095
2022-10-03 04:30:00,0.0,2.6223163795089992e-05,0.2981710580906661,22.06940605218885,0.095,-0.0469811926994836
2022-10-03 05:00:00,0.0,2.502899022333993e-05,0.2117968071628087,15.676336153362852,0.095,-0.0559951518562583
2022-10-03 05:30:00,0.0,2.451114486718893e-05,0.2981710580906661,22.06940605218885,0.095,-0.065009111013033
2022-10-03 06:00:00,0.0,2.506306392233109e-05,0.0160074962203163,1.1848096063623206,0.094,-0.0740230701698077
2022-10-03 06:30:00,0.0,2.5202430447118047e-05,0.0160074962203163,1.1848096063623206,0.094,-0.0830370293265824
2022-10-03 07:00:00,0.0,2.5517348206729587e-05,0.0814956711169999,6.03197731159345,0.094,-0.0920509884833571
2022-10-03 07:30:00,0.0,2.5657134418759616e-05,-0.0058724567467071,-0.4346553059069464,0.094,-0.1010649476401318
2022-10-03 08:00:00,0.0,2.502899022333993e-05,0.1250288728308835,9.254127414047057,0.0935,-0.1100789067969065
2022-10-03 08:30:00,0.0,2.5517348206729587e-05,0.0596914777065033,4.418119812820422,0.0935,-0.1190928659536812
2022-10-03 09:00:00,0.0,0.0094683170121818,0.1684623696942577,12.468897769970756,0.093,-0.2249240671501344
2022-10-03 09:30:00,0.0,2.6795163676127593e-05,0.2981710580906661,22.06940605218885,0.093,-0.24103825960163
2022-10-03 10:00:00,0.0,2.8996997763214526e-05,0.4483938491187704,33.1882845735383,0.093,-0.2571524520531257
2022-10-03 10:30:00,0.0,3.632559868713831e-05,1.34659671809264,99.6695988887516,0.093,-0.2732666445046214
2022-10-03 11:00:00,0.0,0.0582360266763446,2.937842343791919,217.44711246502996,0.092,
2022-10-03 11:30:00,0.0,0.0642664907701705,3.9553281660720097,292.75726465765655,0.092,
2022-10-03 12:00:00,0.0,0.0836549576757318,5.0514653308233095,373.8888685520747,0.0915,
2022-10-03 12:30:00,0.0,0.0890679895065432,5.750544581211542,425.6318644627856,0.0915,
2022-10-03 13:00:00,0.0,0.1227824119793435,5.834516645081131,431.8471342694709,0.09,
2022-10-03 13:30:00,0.0,0.1284351349328864,6.283429595856662,465.0738406312228,0.09,
2022-10-03 14:00:00,0.0,0.1174558705005796,5.851278896238598,433.0878077590837,0.0885,
2022-10-03 14:30:00,0.0,0.1140767005630555,5.700031755402199,421.8931110412819,0.0885,
2022-10-03 15:00:00,0.0,0.0932599325733817,5.317100948886239,393.5501339830486,0.08499999999999999,
2022-10-03 15:30:00,0.0,0.242837505170054,4.934170142370278,365.20715692481537,0.08499999999999999,
2022-10-03 16:00:00,0.0,0.2031022463193496,4.551239335854318,336.8641798665821,0.08249999999999999,
2022-10-03 16:30:00,0.0,0.2497493668092254,4.168308529338358,308.52120280834885,0.08249999999999999,
2022-10-03 17:00:00,0.0,0.1911610711372851,3.785377722822398,280.1782257501156,0.0805,
2022-10-03 17:30:00,0.0,0.1820216213264021,3.402446916306438,251.83524869188233,0.0805,-0.4988653388255605
2022-10-03 18:00:00,0.0,0.0535529073158612,3.019516109790478,223.49227163364907,0.0785,-0.5149795312770561
2022-10-03 18:30:00,0.0,0.0669866134371929,2.6365853032745177,195.1492945754158,0.0785,-0.5310937237285518
2022-10-03 19:00:00,0.0,0.0848622845445495,2.2536544967585574,166.80631751718255,0.0775,-0.5472079161800474
2022-10-03 19:30:00,0.0,0.076425829596566,1.8707236902425977,138.46334045894926,0.0775,-0.5633221086315431
2022-10-03 20:00:00,0.0,0.0615202228383755,1.4484467130444938,107.20812026436532,0.0765,-0.5060624232776093
2022-10-03 20:30:00,0.0,0.0621467396633583,1.3057118440581246,96.64346720367726,0.0765,-0.4295847122678731
2022-10-03 21:00:00,0.0,0.0613346962828885,1.1000238834075606,81.41928296288611,0.0765,-0.3497155009043651
2022-10-03 21:30:00,0.0,0.0464961399766334,0.9547644900727612,70.66777490261856,0.0765,-0.2760534637171553
2022-10-03 22:00:00,0.0,0.058798250968676,0.7032253528388012,52.04987351010478,0.0765,-0.2135068715549325
2022-10-03 22:30:00,0.0,0.0587607357984909,0.724310977985764,53.61054551567237,0.0765,-0.1641004789826181
2022-10-03 23:00:00,0.0,0.0431076952662524,0.5974528745160088,44.22102590765829,0.0765,-0.1281068251104559
2022-10-03 23:30:00,0.0,0.0540368718708074,0.4697586393117852,34.769619237636014,0.0765,-0.1045161030757644
2022-10-04 00:00:00,0.0,0.0375595429319352,0.6196059792016545,45.860708396478174,0.076,-0.0911719268451887
2022-10-04 00:30:00,0.0,0.0335944207483284,0.4917807064846768,36.39960286401246,0.076,-0.0850913742071045
2022-10-04 01:00:00,0.0,0.0464359299751908,0.5131437237582114,37.980806303838584,0.075,-0.0832817376747592
2022-10-04 01:30:00,0.0,0.0454347814010735,0.5344831188371241,39.560261325128415,0.075,-0.0834809426775136
2022-10-04 02:00:00,0.0,0.0418505373247311,0.3846086277702649,28.467162546863033,0.0755,-0.0841352839323188
2022-10-04 02:30:00,0.0,2.994003747838271e-05,0.3846086277702649,28.467162546863033,0.0755,-0.0839335773729207
2022-10-04 03:00:00,0.0,2.9827376435069603e-05,0.3415717678101843,25.281749637400186,0.0755,-0.0816990771698737
2022-10-04 03:30:00,0.0,2.9636675311373782e-05,0.3631022771158421,26.875350154565417,0.0755,-0.076750366878129
2022-10-04 04:00:00,0.0,2.8659775033925233e-05,0.276834506758579,20.490161513444864,0.076,-0.0693095190205217
2022-10-04 04:30:00,0.0,2.9711932489174568e-05,0.2335541013271758,17.286722361149426,0.076,-0.0606152247778363
2022-10-04 05:00:00,0.0,0.023413250318601,0.1901751697908534,14.07599070826682,0.0765,-0.0524975397148076
2022-10-04 05:30:00,0.0,0.0223884575148769,0.2118769912746542,15.682271054404504,0.0765,-0.0464821031755213
2022-10-04 06:00:00,0.0,2.6544279676838223e-05,0.2335541013271758,17.286722361149426,0.0765,-0.0431610554066396
2022-10-04 06:30:00,0.0,2.8809982646216876e-05,0.2118769912746542,15.682271054404504,0.0765,-0.0423479567141763
2022-10-04 07:00:00,0.0,0.0198139150398389,0.1466970708353314,10.857919087328703,0.077,-0.0701029654130854
2022-10-04 07:30:00,0.0,0.0154514805089061,0.1466970708353314,10.857919087328703,0.077,-0.0978579741119945
2022-10-04 08:00:00,0.0,2.6223163795089992e-05,0.0594407775508567,4.39956400942441,0.0765,-0.1256129828109036
2022-10-04 08:30:00,0.0,2.7264292631173747e-05,0.1466970708353314,10.857919087328703,0.0765,-0.1533679915098127
2022-10-04 09:00:00,0.0,2.6471892759141174e-05,0.298437961089832,22.089161124001848,0.0765,-0.1813418280848923
2022-10-04 09:30:00,0.0,2.7554950680070244e-05,0.4489835023915208,33.23192830472287,0.0765,-0.1985831771871665
2022-10-04 10:00:00,0.0,2.8623806350329834e-05,0.7043568544626596,52.13362264707853,0.0765,-0.2158245262894406
2022-10-04 10:30:00,0.0,3.5736544531296665e-05,1.5526691350425017,114.92223901735711,0.0765,-0.2330658753917148
2022-10-04 11:00:00,0.0,0.0481616388424741,2.3669394842237548,175.19121041723835,0.076,
2022-10-04 11:30:00,0.0,0.0541976702526215,3.4496454582604685,255.32869233502095,0.076,
2022-10-04 12:00:00,0.0,0.0804746831575143,4.215258987173276,311.99628427644996,0.076,
2022-10-04 12:30:00,0.0,0.0851112673420933,5.026323199345731,372.02795048662153,0.076,
2022-10-04 13:00:00,0.0,0.1011457006901047,5.3194346377532495,393.7228641183452,0.075,
2022-10-04 13:30:00,0.0,0.1044793854292192,5.626147302939751,416.4244851029402,0.075,
2022-10-04 14:00:00,0.0,0.1123639032496352,5.575281736164414,412.6596232332872,0.074,
2022-10-04 14:30:00,0.0,0.1152198899634115,5.643080334001043,417.67779902475064,0.074,
2022-10-04 15:00:00,0.0,0.1034047334451003,5.258205221742115,389.1909123825157,0.07250000000000001,
2022-10-04 15:30:00,0.0,0.1068387587180473,4.873330109483187,360.7040257402808,0.07250000000000001,
2022-10-04 16:00:00,0.0,0.1596226380200363,4.488454997224259,332.2171390980459,0.07150000000000001,
2022-10-04 16:30:00,0.0,0.147626476301467,4.103579884965331,303.73025245581096,0.07150000000000001,
2022-10-04 17:00:00,0.0,0.1234223635321523,3.718704772706402,275.243365813576,0.07050000000000001,
2022-10-04 17:30:00,0.0,0.1655905666423917,3.333829660447474,246.75647917134108,0.07050000000000001,-0.4744447628235533
2022-10-04 18:00:00,0.0,0.0832202636431454,2.948954548188546,218.26959252910615,0.07,-0.4916861119258274
2022-10-04 18:30:00,0.0,0.0622370532354118,2.564079435929618,189.78270588687124,0.07,-0.5089274610281016
2022-10-04 19:00:00,0.0,0.0693684150675362,2.17920432367069,161.2958192446363,0.0695,-0.5261688101303759
2022-10-04 19:30:00,0.0,0.0533808394801757,1.7943292114117622,132.8089326024014,0.0695,-0.54341015923265
2022-10-04 20:00:00,0.0,0.0368125948226766,1.471474022419058,108.91250782005528,0.07,-0.4896697601120239
2022-10-04 20:30:00,0.0,0.0340024632331056,1.2259079982362024,90.73671190271598,0.07,-0.4190317369366619
2022-10-04 21:00:00,0.0,0.0426130165759738,0.9355417307040726,69.24498462690339,0.07050000000000001,-0.3488011314224681
2022-10-04 21:30:00,0.0,0.0279889806689642,1.143378795004878,84.62823675781482,0.07050000000000001,-0.2896277035937835
2022-10-04 22:00:00,0.0,0.0386264129932736,0.8937104238036351,66.14880183977732,0.07100000000000001,-0.2443535861625319
2022-10-04 22:30:00,0.0,0.0424287239149564,0.7254870020556383,53.697590022578574,0.07100000000000001,-0.2098357970751317
2022-10-04 23:00:00,0.0,0.040633308291596,0.6620276199317421,49.00058528683584,0.07200000000000001,-0.1811230002087217
2022-10-04 23:30:00,0.0,0.0339583009792141,0.5557989670602186,41.13797350415304,0.07200000000000001,-0.1552005186809956
2022-10-05 00:00:00,0.0,0.0330377501341293,0.4923703101669442,36.44324292471167,0.07100000000000001,-0.1318377249799239
2022-10-05 00:30:00,0.0,0.0237605790150102,0.5137790238316603,38.027828625105144,0.07100000000000001,-0.1119223434337878
2022-10-05 01:00:00,0.0,0.0291588798071869,0.4709377977468788,34.85689573747669,0.07150000000000001,-0.0958116752385156
2022-10-05 01:30:00,0.0,0.0206288273870257,0.3634155663800401,26.89853854859552,0.07150000000000001,-0.0833643371038533
2022-10-05 02:00:00,0.0,3.036082423802096e-05,0.3634155663800401,26.89853854859552,0.07100000000000001,-0.0748962626703167
2022-10-05 02:30:00,0.0,2.9902966050348084e-05,0.2552867552661282,18.895284799911,0.07100000000000001,-0.0710439059849165
2022-10-05 03:00:00,0.0,2.9372021514339375e-05,0.341838644046062,25.301502728303703,0.07150000000000001,-0.0711646022857847
2022-10-05 03:30:00,0.0,0.0168829306164368,0.2552867552661282,18.895284799911,0.07150000000000001,-0.0724288541169606
2022-10-05 04:00:00,0.0,2.817832762851094e-05,0.320237380734757,23.7026652881103,0.07100000000000001,-0.071353687766874
2022-10-05 04:30:00,0.0,2.79581500579373e-05,0.2552867552661282,18.895284799911,0.07100000000000001,-0.0664516863688186
2022-10-05 05:00:00,0.0,2.7010306342442157e-05,0.2118631796972483,15.681248777755853,0.07100000000000001,-0.0591552664287654
2022-10-05 05:30:00,0.0,2.697436473519058e-05,0.1465414716466512,10.84640226977316,0.07100000000000001,-0.0522088290241255
2022-10-05 06:00:00,0.0,2.6579814711673224e-05,0.1683403282224804,12.459864757802816,0.07100000000000001,-0.047470816285617
2022-10-05 06:30:00,0.0,2.57626807481102e-05,0.0809941987229767,5.994860369531631,0.07100000000000001,-0.0453068953041665
2022-10-05 07:00:00,0.0,2.5481452105946365e-05,0.1465414716466512,10.84640226977316,0.07150000000000001,-0.0457892387316422
2022-10-05 07:30:00,0.0,2.562248294754593e-05,0.0590945990980001,4.373941291741698,0.07150000000000001,-0.0501358692101721
2022-10-05 08:00:00,0.0,2.541114567201921e-05,0.1028684889937498,7.613906152111725,0.07150000000000001,-0.0607155069142927
2022-10-05 08:30:00,0.0,2.6507359011527425e-05,0.1247175525433295,9.231084755640472,0.07150000000000001,-0.079477025920425
2022-10-05 09:00:00,0.0,2.7046281764451948e-05,0.1465414716466512,10.84640226977316,0.07100000000000001,-0.1063852824301323
2022-10-05 09:30:00,0.0,2.7774368397717875e-05,0.4709377977468788,34.85689573747669,0.07100000000000001,-0.139469699493865
2022-10-05 10:00:00,0.0,2.8883783507465197e-05,0.6204682645806717,45.92453124462532,0.07100000000000001,-0.1762242879064363
2022-10-05 10:30:00,0.0,3.29899059323388e-05,1.0414794429414116,77.0860621700325,0.07100000000000001,-0.2147717611211353
2022-10-05 11:00:00,0.0,0.0486569087783347,2.116116359009836,156.62630531520873,0.07100000000000001,-0.2536916236849676
2022-10-05 11:30:00,0.0,0.0570365716335785,2.815595930787141,208.39893138299595,0.07100000000000001,-0.2907182380519978
2022-10-05 12:00:00,0.0,0.0505110942124518,3.842852389715257,284.43226626462825,0.0665,-0.3217476117322166
2022-10-05 12:30:00,0.0,0.0504023035680131,3.622683460780254,268.1362597915097,0.0665,-0.342083187486185
2022-10-05 13:00:00,0.0,0.0161240608609348,3.6595254735845577,270.8631553713982,0.0605,-0.3500028691071976
2022-10-05 13:30:00,0.0,0.0167256719284424,3.4003676241972394,251.68134796740267,0.0605,-0.3493849676611446
2022-10-05 14:00:00,0.0,0.0861189174833801,3.806303695980135,281.72708096635483,0.059,-0.347931280813828
2022-10-05 14:30:00,0.0,0.088935145004661,4.241146156032309,313.9123469713003,0.059,-0.3519709963341212
2022-10-05 15:00:00,0.0,0.0728015591096615,3.939835564810541,291.61056547687946,0.058,-0.3623700478759872
2022-10-05 15:30:00,0.0,0.0681672192586118,3.6385249735887726,269.30878398245864,0.058,-0.3744614157500193
2022-10-05 16:00:00,0.0,0.057013091761046,3.3372143823670046,247.00700248803784,0.0555,-0.3810739091401374
2022-10-05 16:30:00,0.0,0.1883584099213512,3.035903791145236,224.70522099361705,0.0555,-0.3762276908673062
2022-10-05 17:00:00,0.0,0.0498574029874438,2.734593199923468,202.4034394991962,0.0545,-0.3579075560753814
2022-10-05 17:30:00,0.0,3.930605387418525e-05,2.4332826087017,180.1016580047754,0.0545,-0.3290183570455217
2022-10-05 18:00:00,0.0,3.7779305572449985e-05,2.1319720174799315,157.79987651035458,0.0535,-0.2958903921870786
2022-10-05 18:30:00,0.0,3.700612199468409e-05,1.830661426258163,135.49809501593376,0.0535,-0.2649735000843421
2022-10-05 19:00:00,0.0,3.6199227353575145e-05,1.529350835036395,113.19631352151292,0.055,-0.2398298221847862
2022-10-05 19:30:00,0.0,0.0548907321805996,1.2280402438146265,90.8945320270921,0.055,-0.2203507944567141
2022-10-05 20:00:00,0.0,3.449201241240149e-05,1.0622951973655772,78.62675944498353,0.0555,-0.2042303359160361
2022-10-05 20:30:00,0.0,0.0278769901403504,0.916122187832087,67.80762923857652,0.0555,-0.1890927681905731
2022-10-05 21:00:00,0.0,0.0319857955386002,0.7477257042192678,55.34360808773093,0.0565,-0.1737248151346788
2022-10-05 21:30:00,0.0,3.1563964136589964e-05,0.7477257042192678,55.34360808773093,0.0565,-0.1581719333019259
2022-10-05 22:00:00,0.0,2.9864383502258776e-05,0.6417357734710223,47.49866554332363,0.0565,-0.1432820180080017
2022-10-05 22:30:00,0.0,2.877237961025713e-05,0.535164014885419,39.610658474554576,0.0565,-0.1300715299037254
2022-10-05 23:00:00,0.0,2.817832762851094e-05,0.5565253591487979,41.191738084989986,0.056999999999999995,-0.1191726000543143
2022-10-05 23:30:00,0.0,0.0181147023795955,0.535164014885419,39.610658474554576,0.056999999999999995,-0.1107242424371052
2022-10-06 00:00:00,0.0,0.017036824247278,0.4928681760315302,36.48009292616865,0.056999999999999995,-0.1045523436644563
2022-10-06 00:30:00,0.0,2.5342352952357383e-05,0.4928681760315302,36.48009292616865,0.056999999999999995,-0.100096083138806
2022-10-06 01:00:00,0.0,2.4305123741553115e-05,0.5571606102220218,41.23875677945967,0.057499999999999996,-0.0962288492240371
2022-10-06 01:30:00,0.0,2.3289952882876963e-05,0.3636359036373311,26.914847014047258,0.057499999999999996,-0.0916199025964712
2022-10-06 02:00:00,0.0,2.3458477494513853e-05,0.2335263775358829,17.28467035915008,0.057999999999999996,-0.085591336694827
2022-10-06 02:30:00,0.0,0.0100608168488484,0.2335263775358829,17.28467035915008,0.057999999999999996,-0.0786421184808352
2022-10-06 03:00:00,0.0,0.0095143109718636,0.2335263775358829,17.28467035915008,0.057999999999999996,-0.0720601019798637
2022-10-06 03:30:00,0.0,2.242914423497689e-05,0.1899586227836752,14.059962781675267,0.057999999999999996,-0.0669638101062963
2022-10-06 04:00:00,0.0,2.2264834702587182e-05,0.0806001493708382,5.96569444305764,0.058499999999999996,-0.0636339841940931
2022-10-06 04:30:00,0.0,2.2167424405618382e-05,0.2117549637430678,15.673239074032669,0.058499999999999996,-0.0616329546392836
2022-10-06 05:00:00,0.0,2.229737490272638e-05,0.1462908334456371,10.827851052006451,0.058499999999999996,-0.0603784607840992
2022-10-06 05:30:00,0.0,0.0068283620763857,0.1244192212213789,9.209003487510778,0.058499999999999996,-0.0594987542453929
2022-10-06 06:00:00,0.0,2.164708974293453e-05,0.0366793937280393,2.714859178874645,0.059,-0.0586764020190343
2022-10-06 06:30:00,0.0,0.0063659533798588,0.0586525237488832,4.3412206767772625,0.059,-0.0574171022911132
2022-10-06 07:00:00,0.0,2.1841297402105628e-05,0.1025223541355204,7.588286661125585,0.059,-0.0553577846630727
2022-10-06 07:30:00,0.0,2.0943965061442254e-05,0.0806001493708382,5.96569444305764,0.059,-0.0528169076256546
2022-10-06 08:00:00,0.0,2.17440328175832e-05,0.0586525237488832,4.3412206767772625,0.059,-0.0506869662265611
2022-10-06 08:30:00,0.0,2.2036792762271363e-05,0.0146806754015706,1.0866037389152812,0.059,-0.0497249542659834
2022-10-06 09:00:00,0.0,2.164708974293453e-05,0.0366793937280393,2.714859178874645,0.0595,-0.0502325057848466
2022-10-06 09:30:00,0.0,2.2101415206849497e-05,0.0806001493708382,5.96569444305764,0.0595,-0.0525031426048598
2022-10-06 10:00:00,0.0,2.3056791688447737e-05,0.1462908334456371,10.827851052006451,0.0595,-0.0574769010414543
2022-10-06 10:30:00,0.0,2.9523270520278577e-05,0.5571606102220218,41.23875677945967,0.0595,-0.0667454281388753
2022-10-06 11:00:00,0.0,0.0357536200711128,1.435776453861631,106.27031933732822,0.059,-0.0816535137066996
2022-10-06 11:30:00,0.0,0.0405376288234964,2.040638008964393,151.03970557622395,0.059,-0.1022497845340123
2022-10-06 12:00:00,0.0,0.0667398619014742,2.7248322274170063,201.6809721105476,0.058499999999999996,-0.1275964777129482
2022-10-06 12:30:00,0.0,0.0723414808309546,3.4067002772488206,252.1500651275386,0.058499999999999996,-0.1579561383499506
2022-10-06 13:00:00,0.0,0.0966233865410242,3.79506753047304,280.8954258062813,0.056999999999999995,-0.1963644162857738
2022-10-06 13:30:00,0.0,0.1000367746054983,4.231052970201323,313.1652905068311,0.056999999999999995,-0.2459303606992297
2022-10-06 14:00:00,0.0,0.1917258621420706,4.392487840970243,325.11404145803374,0.055,-0.304264225985821
2022-10-06 14:30:00,0.0,0.2705052379323127,4.535076071650572,335.667840949165,0.055,-0.3621005238484877
2022-10-06 15:00:00,0.0,0.3045663199258465,4.218997518590622,312.2729951296649,0.052500000000000005,-0.4089547168014087
2022-10-06 15:30:00,0.0,0.3715500795359322,3.902918965530672,288.8781493101647,0.052500000000000005,-0.4393446465743494
2022-10-06 16:00:00,0.0,0.3401380643311353,3.5868404124707216,265.4833034906646,0.0495,-0.4531761255523269
2022-10-06 16:30:00,0.0,0.2794767452569792,3.2707618594107717,242.08845767116443,0.0495,-0.4521289966980112
2022-10-06 17:00:00,0.0,0.165689339522686,2.9546833063508218,218.6936118516643,0.048,-0.4372477644226924
2022-10-06 17:30:00,0.0,0.1571461399288201,2.6386047532908714,195.29876603216417,0.048,-0.40948570756519
2022-10-06 18:00:00,0.0,0.0360692449414179,2.3225262002309215,171.90392021266402,0.047,-0.3716483209041342
2022-10-06 18:30:00,0.0,0.0424770008100728,2.0064476471709716,148.50907439316387,0.047,-0.3292570919745474
2022-10-06 19:00:00,0.0,0.0383444877488682,1.6903690941110217,125.11422857366372,0.047,-0.2888968435396636
2022-10-06 19:30:00,0.0,0.0333929293123164,1.3742905410510715,101.71938275416358,0.047,-0.2552486594289154
2022-10-06 20:00:00,0.0,0.0363319769614115,1.1056507094663452,81.83575768672935,0.0485,-0.2295717262611061
2022-10-06 20:30:00,0.0,0.029686618829921,0.9804291023143006,72.56736486402347,0.0485,-0.2104547649114318
2022-10-06 21:00:00,0.0,0.0265145039068299,0.8122201063903359,60.11722078750432,0.05,-0.1954695753571307
2022-10-06 21:30:00,0.0,0.0250162589307063,0.6851083766578673,50.70892879757911,0.05,-0.18254539040844
2022-10-06 22:00:00,0.0,0.0166367827252246,0.8333252261076878,61.67933570169114,0.0505,-0.1708013262840672
2022-10-06 22:30:00,0.0,0.0153853069694644,0.5999037483801862,44.40242959867239,0.0505,-0.1605695135407004
2022-10-06 23:00:00,0.0,0.01423133741812,0.4498871783441021,33.298814714372504,0.051000000000000004,-0.1524960131936181
2022-10-06 23:30:00,0.0,0.0138588683806589,0.4498871783441021,33.298814714372504,0.051000000000000004,-0.1464956678498253
2022-10-07 00:00:00,0.0,2.661538347478615e-05,0.514774616992504,38.10151837175642,0.051000000000000004,-0.141625266990301
2022-10-07 00:30:00,0.0,2.5272322163303384e-05,0.4502004106190246,33.321998890288775,0.051000000000000004,-0.1369457510022595
2022-10-07 01:00:00,0.0,2.6044719324839073e-05,0.4070302783629431,30.126721708837938,0.052000000000000005,-0.1323315456379938
2022-10-07 01:30:00,0.0,0.0108375371465088,0.3420925220688757,25.320293744471,0.052000000000000005,-0.1283114530800455
2022-10-07 02:00:00,0.0,2.5342352952357383e-05,0.211551931984309,15.658211491026346,0.051500000000000004,-0.1252079046352593
2022-10-07 02:30:00,0.0,2.3458477494513853e-05,0.363762887069015,26.92424580993871,0.051500000000000004,-0.1226796935804207
2022-10-07 03:00:00,0.0,2.3190552857802348e-05,0.2986780559497165,22.106931966644208,0.052000000000000005,-0.120165880313484
2022-10-07 03:30:00,0.0,2.3023439904822777e-05,0.1240252205827651,9.179841166613269,0.052000000000000005,-0.1174208474034051
2022-10-07 04:00:00,0.0,2.3390961103196077e-05,0.2986780559497165,22.106931966644208,0.052000000000000005,-0.1143718416566742
2022-10-07 04:30:00,0.0,2.4168032357686425e-05,0.2551647411044091,18.886253809122227,0.052000000000000005,-0.1108127081934487
2022-10-07 05:00:00,0.0,2.3626584162443343e-05,0.1897080138031605,14.041413726690791,0.052000000000000005,-0.1067004376750714
2022-10-07 05:30:00,0.0,2.3626584162443343e-05,0.1678389774243436,12.42275681577276,0.052000000000000005,-0.1025140215810389
2022-10-07 06:00:00,0.0,2.242914423497689e-05,0.0801099988801301,5.9294155021188875,0.052000000000000005,-0.0988563800003309
2022-10-07 06:30:00,0.0,2.171209202797072e-05,0.058114130065747,4.301370971426404,0.052000000000000005,-0.0957882377597258
2022-10-07 07:00:00,0.0,2.2101415206849497e-05,0.102080334476108,7.555570168086023,0.052500000000000005,-0.0929221587908722
2022-10-07 07:30:00,0.0,2.2923596763138143e-05,0.102080334476108,7.555570168086023,0.052500000000000005,-0.0900881909967037
2022-10-07 08:00:00,0.0,2.100739016623664e-05,0.102080334476108,7.555570168086023,0.052500000000000005,-0.0875460179926796
2022-10-07 08:30:00,0.0,2.0975061376302337e-05,0.1678389774243436,12.42275681577276,0.052500000000000005,-0.0855684017646472
2022-10-07 09:00:00,0.0,2.135818536518752e-05,0.0801099988801301,5.9294155021188875,0.052500000000000005,-0.0842922182289137
2022-10-07 09:30:00,0.0,2.1809250752999217e-05,0.102080334476108,7.555570168086023,0.052500000000000005,-0.0841988130680644
2022-10-07 10:00:00,0.0,2.3390961103196077e-05,0.1678389774243436,12.42275681577276,0.053000000000000005,-0.0866177822740225
2022-10-07 10:30:00,0.0,3.005453953235084e-05,0.4286274625973825,31.72525723239248,0.053000000000000005,-0.093773686822453
2022-10-07 11:00:00,0.0,0.0400603619651544,1.417645705679061,104.928355277391,0.052500000000000005,-0.1083010106323538
2022-10-07 11:30:00,0.0,0.0441760138421694,2.0641473873480405,152.77977391453163,0.052500000000000005,-0.1322817349437608
2022-10-07 12:00:00,0.0,0.058766550795486,2.594434452374069,192.02946044421577,0.052500000000000005,-0.1664740176621849
2022-10-07 12:30:00,0.0,0.0655629929526999,3.356829290805063,248.4588180390441,0.052500000000000005,-0.2106619001379129
2022-10-07 13:00:00,0.0,0.0985853817418789,3.9120290759159353,289.55244253822013,0.051000000000000004,-0.264388105065119
2022-10-07 13:30:00,0.0,0.0977911929609831,4.09416077492295,303.03308833295256,0.051000000000000004,-0.3260983098836866
2022-10-07 14:00:00,0.0,0.0929806465046554,4.130417621012403,305.71667225838013,0.049,-0.3911185270003665
2022-10-07 14:30:00,0.0,0.094869928526034,4.166618673361025,308.39612655858707,0.049,-0.4514792626170007
2022-10-07 15:00:00,0.0,0.0689898929651851,3.877300939963703,286.98200750447387,0.0465,-0.4987049469460436
2022-10-07 15:30:00,0.0,0.1557709035734646,3.5879832065663804,265.56788845036067,0.0465,-0.5271772297798454
2022-10-07 16:00:00,0.0,0.1337052295440972,3.298665473169058,244.15376939624744,0.044,-0.5354816187104529
2022-10-07 16:30:00,0.0,0.1919204412811294,3.0093477397717354,222.73965034213424,0.044,-0.5254093818587855
2022-10-07 17:00:00,0.0,0.1635392706877289,2.720030006374413,201.32553128802104,0.042,-0.5001723342195401
2022-10-07 17:30:00,0.0,0.2029218021694807,2.4307122729770905,179.9114122339078,0.042,-0.4636612980116315
2022-10-07 18:00:00,0.0,0.0734870459492123,2.141394539579768,158.4972931797946,0.0405,-0.420900335692989
2022-10-07 18:30:00,0.0,0.0671447525915174,1.8520768061824455,137.0831741256814,0.0405,-0.3777704712816411
2022-10-07 19:00:00,0.0,0.0598860073002089,1.562759072785123,115.6690550715682,0.0415,-0.3390938220471423
2022-10-07 19:30:00,0.0,0.0587221547448439,1.2734413393878006,94.25493601745502,0.0415,-0.3070503896101107
2022-10-07 20:00:00,0.0,0.0550799020826772,1.0447113166099615,77.32527228236647,0.043,-0.2815545162337
2022-10-07 20:30:00,0.0,0.0543937437218426,1.0447113166099615,77.32527228236647,0.043,-0.2614610128584579
2022-10-07 21:00:00,0.0,0.0421971539380814,0.8555834821192269,63.32680106294314,0.044,-0.2451752365531964
2022-10-07 21:30:00,0.0,0.0408353387765197,0.7921341954362833,58.63054355057979,0.044,-0.2310879461460274
2022-10-07 22:00:00,0.0,0.0380981285301207,0.6859253557294881,50.76939825757029,0.045,-0.2183283402947655
2022-10-07 22:30:00,0.0,0.0369411294538432,0.6859253557294881,50.76939825757029,0.045,-0.2070188055795969
2022-10-07 23:00:00,0.0,0.0355517957035625,0.514774616992504,38.10151837175642,0.0455,-0.1975260641072669
2022-10-07 23:30:00,0.0,0.0254209720795796,0.4286274625973825,31.72525723239248,0.0455,-0.1896372711253924
2022-10-08 00:00:00,0.0,0.0248861383082558,0.4935871161694234,36.53330594399803,0.046,-0.182632040838306
2022-10-08 00:30:00,0.0,2.7482082813501057e-05,0.4935871161694234,36.53330594399803,0.046,-0.1759543638793583
2022-10-08 01:00:00,0.0,2.7083732081437783e-05,0.4071572499542508,30.13611962835302,0.046,-0.1695579601277323
2022-10-08 01:30:00,0.0,0.0238853118783806,0.3420787148373437,25.31927178948621,0.046,-0.1636555618659385
2022-10-08 02:00:00,0.0,2.4270465099293883e-05,0.2549617315942361,18.871227872865525,0.0465,-0.1583501142494016
2022-10-08 02:30:00,0.0,2.597470361453195e-05,0.2549617315942361,18.871227872865525,0.0465,-0.1535316518076761
2022-10-08 03:00:00,0.0,2.4442777673205428e-05,0.4504207078082347,33.33830439006453,0.0465,-0.1490053357392149
2022-10-08 03:30:00,0.0,2.3289952882876963e-05,0.2985698632031459,22.098923980653684,0.0465,-0.1446549381922921
2022-10-08 04:00:00,0.0,2.3626584162443343e-05,0.1893619612824012,14.015800329988494,0.046,-0.1404826777435081
2022-10-08 04:30:00,0.0,2.3524833599179095e-05,0.3203366586253668,23.710013432809195,0.046,-0.1365316002756717
2022-10-08 05:00:00,0.0,2.164708974293453e-05,0.2549617315942361,18.871227872865525,0.046,-0.1329006835212048
2022-10-08 05:30:00,0.0,2.0975061376302337e-05,0.1235351307091178,9.14356671230222,0.046,-0.1298059713535615
2022-10-08 06:00:00,0.0,2.100739016623664e-05,0.1455027745297995,10.76952214403652,0.046,-0.1273119376449984
2022-10-08 06:30:00,0.0,2.0880683040757896e-05,0.3420787148373437,25.31927178948621,0.046,-0.124956646919181
2022-10-08 07:00:00,0.0,2.0251039650258557e-05,0.1893619612824012,14.015800329988494,0.046,-0.122076746689875
2022-10-08 07:30:00,0.0,2.022075087988744e-05,0.2549617315942361,18.871227872865525,0.046,-0.1186184528281683
2022-10-08 08:00:00,0.0,2.1550467758537072e-05,-0.0088087253534463,-0.6519859367715858,0.046,-0.115191577645713
2022-10-08 08:30:00,0.0,2.1165977399399305e-05,0.1455027745297995,10.76952214403652,0.046,-0.1122688394397185
2022-10-08 09:00:00,0.0,2.0659729196298585e-05,0.0354089319735319,2.620824779582025,0.0465,-0.1099713808616809
2022-10-08 09:30:00,0.0,2.0943965061442254e-05,0.2331202329629616,17.254609193746937,0.0465,-0.1088726412352103
2022-10-08 10:00:00,0.0,2.2857211376259688e-05,0.2549617315942361,18.871227872865525,0.0465,-0.1105130590048217
2022-10-08 10:30:00,0.0,2.994003747838271e-05,0.4720160039857566,34.9367001673438,0.0465,-0.1169268088650521
2022-10-08 11:00:00,0.0,0.0432955983691425,1.316795467034571,97.46383178756048,0.0465,-0.1296556227131899
2022-10-08 11:30:00,0.0,0.0495648195396938,1.7868132379931725,132.252630893193,0.0465,-0.1485517660889265
2022-10-08 12:00:00,0.0,0.0683263341246214,2.423417566875487,179.3714878293779,0.0465,-0.1711522519763598
2022-10-08 12:30:00,0.0,0.073970695413305,3.060549300936565,226.529381146621,0.0465,-0.1952043944542597
2022-10-08 13:00:00,0.0,0.1006539152672729,3.4378741643784942,254.45742915440087,0.045,-0.2239933676699453
2022-10-08 13:30:00,0.0,0.096986625905371,3.679783221750845,272.362551298178,0.045,-0.2672212021109627
2022-10-08 14:00:00,0.0,0.0947688493981567,3.827386529541356,283.2875463501273,0.043,-0.3319014713705217
2022-10-08 14:30:00,0.0,0.094302209929194,3.735245654466194,276.467654442914,0.043,-0.4111848202576819
2022-10-08 15:00:00,0.0,0.1877230699127476,3.4788755940637053,257.49218781353284,0.0405,-0.4852629742739569
2022-10-08 15:30:00,0.0,0.1653536646060242,3.2225055336612165,238.51672118415172,0.0405,-0.5348396334718749
2022-10-08 16:00:00,0.0,0.21948328892088,2.966135473258728,219.54125455477055,0.038,-0.5525073827790014
2022-10-08 16:30:00,0.0,0.2096127696567811,2.7097654128562394,200.5657879253894,0.038,-0.5422368145376977
2022-10-08 17:00:00,0.0,0.0920095068970047,2.4533953524537506,181.59032129600823,0.0365,-0.5122709092539753
2022-10-08 17:30:00,0.0,0.0899492451457995,2.1970252920512623,162.61485466662708,0.0365,-0.4706495445186933
2022-10-08 18:00:00,0.0,0.0809427626683005,1.9406552316487735,143.63938803724594,0.036,-0.4249151550905143
2022-10-08 18:30:00,0.0,0.0777873305167428,1.6842851712462847,124.6639214078648,0.036,-0.3819529449719192
2022-10-08 19:00:00,0.0,0.0598168507815516,1.427915110843796,105.68845477848365,0.0365,-0.3462707675066993
2022-10-08 19:30:00,0.0,0.0653723743599525,1.1715450504413074,86.71298814910249,0.0365,-0.318983826792928
2022-10-08 20:00:00,0.0,0.0644886650856824,1.0252274304616424,75.88315446705818,0.0385,-0.2988685011860293
2022-10-08 20:30:00,0.0,0.0572710631108352,0.9411291356775277,69.65854156273349,0.0385,-0.2839975613121747
2022-10-08 21:00:00,0.0,0.0339202676353445,0.6652946752630773,49.24239940241066,0.039,-0.27232312763482
2022-10-08 21:30:00,0.0,0.0319400680803139,0.7718458518621271,57.12888307644946,0.039,-0.2617388609515106
2022-10-08 22:00:00,0.0,0.0433321183321377,0.6866515999519359,50.82315189395905,0.0395,-0.2506830367357835
2022-10-08 22:30:00,0.0,0.0301515441029285,0.5581561266809065,41.312440848944654,0.0395,-0.238959043515342
2022-10-08 23:00:00,0.0,0.0295167135819191,0.5366571000579338,39.7211705515943,0.039999999999999994,-0.2276585805347443
2022-10-08 23:30:00,0.0,2.7191966871061615e-05,0.5366571000579338,39.7211705515943,0.039999999999999994,-0.2180647759073579
2022-10-09 00:00:00,0.0,2.6401061362963146e-05,0.6230080221313532,46.112513743728435,0.040499999999999994,-0.2106246547182364
2022-10-09 00:30:00,0.0,0.0232778629137618,0.5154009039781295,38.147873581009385,0.040499999999999994,-0.2048558447057177
2022-10-09 01:00:00,0.0,2.668662221553466e-05,0.5800369508385439,42.931970243191245,0.040499999999999994,-0.1999257834403662
2022-10-09 01:30:00,0.0,0.022540195840125,0.5154009039781295,38.147873581009385,0.040499999999999994,-0.1951748022062312
2022-10-09 02:00:00,0.0,0.0217684323536411,0.3419705329359205,25.311264606209285,0.040499999999999994,-0.1903069124434894
2022-10-09 02:30:00,0.0,0.0217866275450245,0.3854751247614225,28.531297121369732,0.040499999999999994,-0.1853843636797545
2022-10-09 03:00:00,0.0,2.4339818229124272e-05,0.3419705329359205,25.311264606209285,0.040999999999999995,-0.1806637556966641
2022-10-09 03:30:00,0.0,2.5202430447118047e-05,0.3637351718075635,26.922194439283444,0.040999999999999995,-0.176251095974148
2022-10-09 04:00:00,0.0,2.315705943392293e-05,0.3419705329359205,25.311264606209285,0.040999999999999995,-0.17191158190519
2022-10-09 04:30:00,0.0,2.3323586791183698e-05,0.2765276938216828,20.46745247075713,0.040999999999999995,-0.1673626835663067
2022-10-09 05:00:00,0.0,2.213377890361061e-05,0.2546635025305283,18.849154173474048,0.040999999999999995,-0.1626688880690454
2022-10-09 05:30:00,0.0,2.2101415206849497e-05,0.2327742191850458,17.228998664631956,0.040999999999999995,-0.1581065315255274
2022-10-09 06:00:00,0.0,2.3558714866712376e-05,0.1889200468066001,13.983091622210994,0.040999999999999995,-0.1536342897308108
2022-10-09 06:30:00,0.0,0.0157048866178482,0.2765276938216828,20.46745247075713,0.040999999999999995,-0.1487973994767149
2022-10-09 07:00:00,0.0,2.1971071472423815e-05,0.2327742191850458,17.228998664631956,0.040999999999999995,-0.1433883380230629
2022-10-09 07:30:00,0.0,2.2167424405618382e-05,0.1449645140345039,10.729682296706606,0.040999999999999995,-0.1381300725216906
2022-10-09 08:00:00,0.0,2.171209202797072e-05,0.2546635025305283,18.849154173474048,0.040999999999999995,-0.1344581298113712
2022-10-09 08:30:00,0.0,2.242914423497689e-05,0.2108597614938924,15.606979853361164,0.040999999999999995,-0.1334306624450588
2022-10-09 09:00:00,0.0,2.17440328175832e-05,0.1449645140345039,10.729682296706606,0.040999999999999995,-0.1349388367115657
2022-10-09 09:30:00,0.0,2.17440328175832e-05,0.2327742191850458,17.228998664631956,0.040999999999999995,-0.1380847066337482
2022-10-09 10:00:00,0.0,2.2857211376259688e-05,0.3201811276222484,23.69850166207093,0.040999999999999995,-0.1423766535387417
2022-10-09 10:30:00,0.0,2.959832938613145e-05,0.4288812932756347,31.744044744308365,0.040999999999999995,-0.1488942323697163
2022-10-09 11:00:00,0.0,0.0434250465695528,1.131422246344827,83.74326177382027,0.041499999999999995,-0.1606506677194054
2022-10-09 11:30:00,0.0,0.047960053720305,1.5863043176190894,117.41177809829809,0.041499999999999995,-0.1814465864575696
2022-10-09 12:00:00,0.0,0.0721606750536581,2.1310319372660147,157.730295605704,0.040999999999999995,-0.2136878630119573
2022-10-09 12:30:00,0.0,0.0740665338573188,2.4668485513714744,182.58607223011072,0.040999999999999995,-0.2572497214721437
2022-10-09 13:00:00,0.0,0.0966527993233094,2.8552776304336978,211.3360090053135,0.03949999999999999,-0.3103227965436894
2022-10-09 13:30:00,0.0,0.0921941311017669,3.1231069195429573,231.1596410233614,0.03949999999999999,-0.3702457840190755
2022-10-09 14:00:00,0.0,0.0945657207142471,3.1231069195429573,231.1596410233614,0.038000000000000006,-0.4326358030899443
2022-10-09 14:30:00,0.0,0.086387259976468,3.2935837597912436,243.77764169058085,0.038000000000000006,-0.4904112044125849
2022-10-09 15:00:00,0.0,0.1756156518527249,3.0857153083501543,228.39206641151353,0.036000000000000004,-0.535190960516238
2022-10-09 15:30:00,0.0,0.1593381693810271,2.8778468569090654,213.00649113244623,0.036000000000000004,-0.5607668700614673
2022-10-09 16:00:00,0.0,0.2038010173162626,2.669978405467976,197.6209158533789,0.034,-0.5656393176700051
2022-10-09 16:30:00,0.0,0.264303900987648,2.4621099540268867,182.2353405743116,0.034,-0.5523763923393941
2022-10-09 17:00:00,0.0,0.0864688090987919,2.254241502585798,166.84976529524428,0.033,-0.5251183074486312
2022-10-09 17:30:00,0.0,0.0881216517779636,2.0463730511447085,151.46419001617696,0.033,-0.4883071231088459
2022-10-09 18:00:00,0.0,0.0739723950792758,1.8385045997036191,136.07861473710963,0.0315,-0.4471805938388141
2022-10-09 18:30:00,0.0,0.0721112882437144,1.6306361482625302,120.69303945804232,0.0315,-0.407614134736175
2022-10-09 19:00:00,0.0,0.0619830427349901,1.422767696821441,105.307464178975,0.0325,-0.374231272364424
2022-10-09 19:30:00,0.0,0.0421877134399286,1.2148992453803518,89.92188889990769,0.0325,-0.3487191428086423
2022-10-09 20:00:00,0.0,0.0409960058536634,1.152324332059052,85.29034893888182,0.034,-0.3300060022428091
2022-10-09 20:30:00,0.0,0.0386968835246206,0.9211796147738692,68.1819593612658,0.034,-0.3157036156715668
2022-10-09 21:00:00,0.0,0.0360195246082967,0.6658841081571208,49.286026822061864,0.035,-0.3035652082417305
2022-10-09 21:30:00,0.0,0.0391203267355586,0.8788608544185676,65.04969725679813,0.035,-0.2923359285767287
2022-10-09 22:00:00,0.0,0.0594775834852338,0.7726627390141902,57.189345732929745,0.035500000000000004,-0.2818373871476868
2022-10-09 22:30:00,0.0,0.056704929249589,0.5154009039781295,38.147873581009385,0.035500000000000004,-0.2724801215557828
2022-10-09 23:00:00,0.0,0.0321675845136511,0.6444579001900039,47.70014626473037,0.036000000000000004,-0.2647110093506013
2022-10-09 23:30:00,0.0,0.0504402505073637,0.1229485288356998,9.10014883325542,0.036000000000000004,-0.2587123413045007
2022-10-10 00:00:00,0.0,0.0623890189447662,0.665370394686606,49.248003845426005,0.036000000000000004,-0.2542357583382803
2022-10-10 00:30:00,0.0,3.036082423802096e-05,0.2284753436494212,16.910813424350618,0.036000000000000004,-0.2506381969917016
2022-10-10 01:00:00,0.0,2.82896123113535e-05,0.6869578254226342,50.84581745479395,0.036500000000000005,-0.247323474544965
2022-10-10 01:30:00,0.0,2.9675055420673333e-05,0.6004637649811579,44.443879744243034,0.036500000000000005,-0.2442740175799064
2022-10-10 02:00:00,0.0,0.0378242359612838,0.3825207408025223,28.312625665995903,0.036500000000000005,-0.2419967910702463
2022-10-10 02:30:00,0.0,3.323138986250876e-05,0.57877984877668,42.838924673879546,0.036500000000000005,-0.2409175401357225
2022-10-10 03:00:00,0.0,0.0567423305442652,0.6221234424383596,46.04704076135648,0.036500000000000005,-0.2409608724905091
2022-10-10 03:30:00,0.0,0.0400044184321806,0.6221234424383596,46.04704076135648,0.036500000000000005,-0.241585828387794
2022-10-10 04:00:00,0.0,0.0515827234018251,0.4044263939053992,29.93399279753949,0.035500000000000004,-0.241825387388386
2022-10-10 04:30:00,0.0,0.0643509430116965,0.57877984877668,42.838924673879546,0.035500000000000004,-0.2404375866264995
2022-10-10 05:00:00,0.0,0.0698577627041783,0.5570716150068886,41.23216971647625,0.035500000000000004,-0.236714478231077
2022-10-10 05:30:00,0.0,0.0449082426232795,0.6221234424383596,46.04704076135648,0.035500000000000004,-0.2313697081244096
2022-10-10 06:00:00,0.0,0.0459617234977215,0.2726151858327231,20.177864581027976,0.035500000000000004,-0.2262180112008515
2022-10-10 06:30:00,0.0,0.0592122453054384,0.4044263939053992,29.93399279753949,0.035500000000000004,-0.2228492676263097
2022-10-10 07:00:00,0.0,0.0609117274387291,0.5353389845122828,39.623609012969624,0.035500000000000004,-0.2219485927738217
2022-10-10 07:30:00,0.0,0.0320596657465577,0.6004637649811579,44.443879744243034,0.035500000000000004,-0.2239305061819693
2022-10-10 08:00:00,0.0,0.0656225458160335,0.0285676647660432,2.114462073287162,0.035,-0.2296194142643575
2022-10-10 08:30:00,0.0,0.1325858704759303,0.2946468782811964,21.808560631059944,0.035,-0.2397955378145797
2022-10-10 09:00:00,0.0,0.1213806655246259,0.5353389845122828,39.623609012969624,0.035500000000000004,-0.2543684347580187
2022-10-10 09:30:00,0.0,0.0955321524802375,0.7300609834710945,54.03613747845597,0.035500000000000004,-0.2726349494650902
2022-10-10 10:00:00,0.0,0.0964390601068243,1.050345286193254,77.74227574076905,0.035,-0.2943204250716997
2022-10-10 10:30:00,0.0,0.0680578922997574,1.71687078336794,127.07577556291582,0.035,-0.3197926955671038
2022-10-10 11:00:00,0.0,0.2329961852303318,2.20285979954373,163.04670112345747,0.034,-0.3489915944857831
2022-10-10 11:30:00,0.0,0.3051065197819896,2.9887959481981716,221.2184905211867,0.034,-0.3804311659036289
2022-10-10 12:00:00,0.0,0.3018411726505542,3.1426235614955993,232.60418328975757,0.0335,-0.4115788071691766
2022-10-10 12:30:00,0.0,0.2223524743694233,3.085063806395795,228.34384489307837,0.0335,-0.4405312642339563
2022-10-10 13:00:00,0.0,0.2929358412935605,2.736500219574087,202.54458931866063,0.032,-0.4675220256555106
2022-10-10 13:30:00,0.0,0.3006801364398298,2.6778596302589004,198.2042519800079,0.032,-0.4944454653706182
2022-10-10 14:00:00,0.0,0.4045722902634897,2.736500219574087,202.54458931866063,0.031,-0.52186901265713
2022-10-10 14:30:00,0.0,0.488309476006626,3.314413003623645,245.3193373965321,0.031,-0.5458188878864025
2022-10-10 15:00:00,0.0,0.5066720894185961,3.058138299511137,226.35092865095993,0.0295,-0.558328742726485
2022-10-10 15:30:00,0.0,0.3286258627578466,2.8018635953986286,207.38251990538777,0.0295,-0.5530090926929089
2022-10-10 16:00:00,0.0,0.3378692679856781,2.5455888912861204,188.41411115981563,0.028499999999999998,-0.5308562017013068
2022-10-10 16:30:00,0.0,0.2586916818280397,2.289314187173612,169.44570241424347,0.028499999999999998,-0.4998695906211415
2022-10-10 17:00:00,0.0,0.1903783832388124,2.033039483061104,150.4772936686713,0.027999999999999997,-0.4687556593267942
2022-10-10 17:30:00,0.0,0.2601655123086878,1.776764778948596,131.50888492309917,0.027999999999999997,-0.441578182685356
2022-10-10 18:00:00,0.0,0.1089222870944174,1.5204900748360877,112.540476177527,0.028,-0.4178738256635314
2022-10-10 18:30:00,0.0,0.1153653216059109,1.2642153707235797,93.57206743195484,0.028,-0.3957708511452498
2022-10-10 19:00:00,0.0,0.101637943825789,1.0079406666110715,74.6036586863827,0.0285,-0.3737348663692856
2022-10-10 19:30:00,0.0,0.0623595778366039,0.8801771811196031,65.14712639243763,0.0285,-0.3505129489758554
2022-10-10 20:00:00,0.0,0.0452420401878654,1.1980514299613236,88.67488229250651,0.029500000000000002,-0.3257303097404716
2022-10-10 20:30:00,0.0,0.0165669159236553,1.0079406666110715,74.6036586863827,0.029500000000000002,-0.3013567691091247
2022-10-10 21:00:00,0.0,0.0337105159768055,0.7730690495535625,57.21941918249293,0.0355,-0.2812632330503076
2022-10-10 21:30:00,0.0,0.0208421873302367,0.7515768647280312,55.628655287094624,0.0355,-0.2681260050687551
2022-10-10 22:00:00,0.0,2.7336753840218357e-05,0.6869578254226342,50.84581745479395,0.0375,-0.2610366606557721
2022-10-10 22:30:00,0.0,2.6938456935766543e-05,0.5353389845122828,39.623609012969624,0.0375,-0.2565766922516408
2022-10-10 23:00:00,0.0,0.0133733624726247,0.6437589596266673,47.64841353386978,0.036000000000000004,-0.2517709517513448
2022-10-10 23:30:00,0.2,2.4442777673205428e-05,0.6437589596266673,47.64841353386978,0.036000000000000004,-0.2456874584078653
2022-10-11 00:00:00,0.0,2.410036016658098e-05,0.5285403519732491,39.12040195100879,0.036500000000000005,-0.2388317715158541
2022-10-11 00:30:00,0.0,2.372734456274826e-05,0.5285403519732491,39.12040195100879,0.036500000000000005,-0.2319321538362748
2022-10-11 01:00:00,0.0,2.3558714866712376e-05,0.4414580141416587,32.67492234649644,0.036000000000000004,-0.2255017106852804
2022-10-11 01:30:00,0.0,2.3626584162443343e-05,0.4414580141416587,32.67492234649644,0.036000000000000004,-0.219890947438605
2022-10-11 02:00:00,0.0,2.369328662745624e-05,0.3758866450300996,27.821596944669817,0.0345,-0.2151663045485694
2022-10-11 02:30:00,0.0,2.3524833599179095e-05,0.3977686552178375,29.44121412402891,0.0345,-0.2110151898076306
2022-10-11 03:00:00,0.0,2.3289952882876963e-05,0.3758866450300996,27.821596944669817,0.034,-0.2070555846802028
2022-10-11 03:30:00,0.0,2.2923596763138143e-05,0.3539796388556089,26.200129664281953,0.034,-0.2032133725870575
2022-10-11 04:00:00,0.0,2.269186560040832e-05,0.3977686552178375,29.44121412402891,0.034,-0.1996993247454398
2022-10-11 04:30:00,0.0,2.2593081150686816e-05,0.3758866450300996,27.821596944669817,0.034,-0.1966456201750984
2022-10-11 05:00:00,0.0,2.223232956253881e-05,0.3539796388556089,26.200129664281953,0.034,-0.1938273622665889
2022-10-11 05:30:00,0.0,2.17440328175832e-05,0.3320475546216598,24.576806208178272,0.034,-0.1907296598462937
2022-10-11 06:00:00,0.0,2.119852532377504e-05,0.3758866450300996,27.821596944669817,0.0335,-0.1869376370064169
2022-10-11 06:30:00,0.0,2.0002751953599464e-05,0.3758866450300996,27.821596944669817,0.0335,-0.1825490474704
2022-10-11 07:00:00,0.0,1.9570933184167063e-05,0.4196257511347033,31.05898725063556,0.034,-0.1781926434060865
2022-10-11 07:30:00,0.0,1.8510808411829375e-05,0.2661000074432457,19.69563763955165,0.034,-0.1744695748361322
2022-10-11 08:00:00,0.0,1.8510808411829375e-05,0.3100903098968029,22.95162047511896,0.0345,-0.1713752315509409
2022-10-11 08:30:00,0.0,0.0053917245191898,0.3100903098968029,22.95162047511896,0.0345,-0.1684072267641815
2022-10-11 09:00:00,0.0,1.8541318940128655e-05,0.1778138093863445,13.161053209397958,0.0345,-0.1652504158553803
2022-10-11 09:30:00,0.0,1.827241332264384e-05,0.1999237684516797,14.79754223531067,0.0345,-0.1623213401401512
2022-10-11 10:00:00,0.0,0.012027905480658,0.1999237684516797,14.79754223531067,0.0345,-0.1610693459976372
2022-10-11 10:30:00,0.0,2.8363972230347037e-05,0.1778138093863445,13.161053209397958,0.0345,-0.1642939990262547
2022-10-11 11:00:00,0.0,0.0376852206853714,0.8516584348055368,63.03628506352129,0.035,-0.1760713649923638
2022-10-11 11:30:00,0.0,0.1177652612074351,1.148503830768727,85.00757100986681,0.035,-0.2001119429142063
2022-10-11 12:00:00,0.0,0.1485765962362439,1.6267901378962957,120.40837345123106,0.034,-0.2366698000041698
2022-10-11 12:30:00,0.0,0.2419035367791778,1.5866011792555412,117.43375058629915,0.034,-0.2808615862069467
2022-10-11 13:00:00,0.0,0.0958951968061419,1.546412220614787,114.4591277213673,0.033,-0.325182554036072
2022-10-11 13:30:00,0.0,0.2771959497761645,1.5062232619740328,111.4845048564354,0.033,-0.3644579815196961
2022-10-11 14:00:00,0.0,0.2779145460445714,1.4660343033332788,108.50988199150352,0.0315,-0.3982906664608445
2022-10-11 14:30:00,0.0,0.3150149618098997,1.4258453446925246,105.53525912657165,0.0315,-0.4287463139416047
2022-10-11 15:00:00,0.0,0.3485049007464705,1.3856563860517703,102.56063626163976,0.0305,-0.4560119861735169
2022-10-11 15:30:00,0.0,0.4122725433868662,1.345467427411016,99.58601339670788,0.0305,-0.4765720804154998
2022-10-11 16:00:00,0.0,0.1239438763229439,1.305278468770262,96.611390531776,0.028,-0.4856701448222332
2022-10-11 16:30:00,0.0,0.1254119087898782,1.2650895101295077,93.63676766684412,0.028,-0.4812622334424584
2022-10-11 17:00:00,0.0,0.1178280122713709,1.2249005514887537,90.66214480191223,0.027,-0.4654007565702144
2022-10-11 17:30:00,0.0,0.1112204774456877,,221.938,0.027,-0.4424916470618704
2022-10-11 18:00:00,0.0,0.1021305505705456,,202.723,0.026,-0.4171165824165935
2022-10-11 18:30:00,0.0,0.0919931076123815,,169.82,0.026,-0.3928419479657039
2022-10-11 19:00:00,0.0,0.0975038610773463,1.0641447169257368,78.76365334218471,0.026,-0.371369640548769
2022-10-11 19:30:00,0.0,0.0856382341136497,0.87301059522388,64.61668492319045,0.026,-0.3520777023930647
2022-10-11 20:00:00,0.0,0.0708458526462503,0.7874619903031385,58.28472597558517,0.0275,-0.3329828882466608
2022-10-11 20:30:00,0.0,0.0571760561224456,0.915645380880466,67.7723379319983,0.0275,-0.3128505997804017
2022-10-11 21:00:00,0.0,0.0319851827416595,0.7874619903031385,58.28472597558517,0.028,-0.292594502903138
2022-10-11 21:30:00,0.0,0.0420807083050583,0.7445469741451112,55.1083314475832,0.028,-0.2744673484428133
2022-10-11 22:00:00,0.0,0.0298675517702206,0.5935952943706682,43.93550355296853,0.0285,-0.2598985022779671
2022-10-11 22:30:00,0.0,0.0347103153935358,0.6368441515505013,47.13660763230754,0.0285,-0.2484286001403099
2022-10-11 23:00:00,0.0,0.0221749828540033,0.5935952943706682,43.93550355296853,0.0285,-0.2386814461089093
2022-10-11 23:30:00,0.0,0.0267678314809253,0.5285403519732491,39.12040195100879,0.0285,-0.2298594686533005
2022-10-12 00:00:00,0.0,0.0259674582562522,0.47827273881475,35.399798170168545,0.028999999999999998,-0.2221325626455151
2022-10-12 00:30:00,0.0,0.0285022619538062,0.434729242692025,32.17688611754364,0.028999999999999998,-0.2159954055976332
2022-10-12 01:00:00,0.0,0.0276431290990505,0.3910869211476155,28.946659410124933,0.0295,-0.2115406142562187
2022-10-12 01:30:00,0.0,0.0263192235641158,0.3254367230607459,24.087499408937983,0.0295,-0.208204028699093
2022-10-12 02:00:00,0.0,0.0206812985347004,0.3254367230607459,24.087499408937983,0.03,-0.2050936418793616
2022-10-12 02:30:00,0.0,0.0243468649976246,0.2155163441474048,15.951641116107515,0.03,-0.2016873110367762
2022-10-12 03:00:00,0.0,0.0205480295120908,0.3473451266113418,25.709070117407936,0.03,-0.1981851461036326
2022-10-12 03:30:00,0.0,0.0141818492843846,0.1713700679090793,12.684113736909474,0.03,-0.1949561644772192
2022-10-12 04:00:00,0.0,0.0177272135124067,0.3035032058572939,22.46406989027403,0.0305,-0.1917655490700656
2022-10-12 04:30:00,0.0,0.0166543922522384,0.2155163441474048,15.951641116107515,0.0305,-0.1880327135252735
2022-10-12 05:00:00,0.0,0.0173645541056937,0.1934560132235748,14.318825362891046,0.0305,-0.1838927056586732
2022-10-12 05:30:00,0.0,0.0121863248137943,0.2375511450527849,17.582567241446284,0.0305,-0.1804502683004291
2022-10-12 06:00:00,0.0,1.827241332264384e-05,0.2815444924540479,20.838775451628276,0.0305,-0.1786580564777495
2022-10-12 06:30:00,0.0,0.0115702719672814,0.2595604999429318,19.21160995648297,0.0305,-0.1782679425789357
2022-10-12 07:00:00,0.0,1.7683537593236434e-05,0.2375511450527849,17.582567241446284,0.0305,-0.1782042366711578
2022-10-12 07:30:00,0.0,0.0100633699321083,0.2815444924540479,20.838775451628276,0.0305,-0.1777265802866872
2022-10-12 08:00:00,0.0,1.7479397343953933e-05,0.1934560132235748,14.318825362891046,0.0305,-0.1768872444594394
2022-10-12 08:30:00,0.0,1.667489182998962e-05,0.1492584234607115,11.047499965816131,0.0305,-0.1759197745319864
2022-10-12 09:00:00,0.0,1.7742499480394193e-05,0.1271209947622578,9.408977749655923,0.031,-0.1744840292135943
2022-10-12 09:30:00,0.0,1.8243318046494744e-05,0.1934560132235748,14.318825362891046,0.031,-0.1716995290590568
2022-10-12 10:00:00,0.0,1.8481423808982305e-05,0.1934560132235748,14.318825362891046,0.031,-0.1672165950246057
2022-10-12 10:30:00,0.0,2.3390961103196077e-05,0.2378925992416857,17.607840288372195,0.031,-0.1626679774250863
2022-10-12 11:00:00,0.0,0.0294360166348876,0.2823291852597966,20.896855213853343,0.031,-0.1621040658200725
2022-10-12 11:30:00,0.0,0.0330182513965215,0.3267657712779075,24.18587013933449,0.031,-0.1703297315440835
2022-10-12 12:00:00,0.0,0.047797287635835,0.3712023572960184,27.47488506481564,0.031,-0.1899306507565052
2022-10-12 12:30:00,0.0,0.120080700957784,0.4156389433141294,30.763899990296785,0.031,-0.2197076082281933
2022-10-12 13:00:00,0.0,0.0666471270633716,0.4600755293322403,34.05291491577793,0.031,-0.2562556291968301
2022-10-12 13:30:00,0.0,0.0692683262371715,0.5045121153503512,37.34192984125908,0.031,-0.2965768742273423
2022-10-12 14:00:00,0.0,0.0715808183628174,0.5489487013684622,40.63094476674023,0.050499999999999996,-0.3384082392040984
2022-10-12 14:30:00,0.0,0.0717444293808534,0.593385287386573,43.919959692221376,0.050499999999999996,-0.3786833977536057
2022-10-12 15:00:00,0.0,0.0536014646453869,0.637821873404684,47.20897461770252,0.051,-0.4132570705503336
2022-10-12 15:30:00,0.0,0.1244591301252684,,216.149,0.051,-0.4383651851250125
2022-10-12 16:00:00,0.0,0.1558494870097127,,219.589,0.049499999999999995,-0.4514307160141842
2022-10-12 16:30:00,0.0,0.1370471617847589,,208.908,0.049499999999999995,-0.4507714625736997
2022-10-12 17:00:00,0.0,0.050696647761092,,198.837,0.0475,-0.4362260714614086
2022-10-12 17:30:00,0.0,0.0478448812620001,,168.401,0.0475,-0.4107865122178743
2022-10-12 18:00:00,0.0,0.0440656670834524,,145.203,0.0465,-0.3806458026228837
2022-10-12 18:30:00,0.0,0.0415853572411599,,123.904,0.0465,-0.3524702689934021
2022-10-12 19:00:00,0.0,0.0401029501096168,0.9933145615495712,73.5210940215517,0.0475,-0.3300928843421997
2022-10-12 19:30:00,0.0,0.036244577058091,0.7803633354899088,57.75931248810358,0.0475,-0.3134518288550404
2022-10-12 20:00:00,0.0,0.0363586476597618,0.7160238750425236,52.997167943007184,0.049499999999999995,-0.3001594901639872
2022-10-12 20:30:00,0.0,0.0337855960038061,0.6083166667760145,45.02511951817828,0.049499999999999995,-0.2879048935813637
2022-10-12 21:00:00,0.0,0.0271961750779314,0.565065817157212,41.8238679666301,0.050499999999999996,-0.2757728944158184
2022-10-12 21:30:00,0.0,0.0257606773572306,0.6083166667760145,45.02511951817828,0.050499999999999996,-0.2640536029827675
2022-10-12 22:00:00,0.0,0.024102663153563,0.5000076281769853,37.00852606584752,0.0525,-0.2535400317923474
2022-10-12 22:30:00,0.0,0.0231024459830676,0.47827273881475,35.399798170168545,0.0525,-0.2450736630676077
2022-10-12 23:00:00,0.0,0.0233956499866878,0.434729242692025,32.17688611754364,0.053,-0.2391025117719626
2022-10-12 23:30:00,0.0,0.0156211567325829,0.4565133036772394,33.78925349627881,0.053,-0.2351293517472857
2022-10-13 00:00:00,0.0,0.0149258240218941,0.3625463523591845,26.834202870628125,0.054,-0.231733446084464
2022-10-13 00:30:00,0.0,0.0146067144118001,0.2968919356963007,21.97473062764408,0.054,-0.2275468309651388
2022-10-13 01:00:00,0.0,1.8243318046494744e-05,0.2310111732221507,17.098505190540404,0.055,-0.2223398434392728
2022-10-13 01:30:00,0.0,1.8213182570763337e-05,0.1649018232325124,12.20536063751021,0.055,-0.2171245314289329
2022-10-13 02:00:00,0.0,0.0247052724900963,0.2310111732221507,17.098505190540404,0.0545,-0.2131678517799101
2022-10-13 02:30:00,0.0,0.0297318647089032,0.1428141842999871,10.570523656827085,0.0545,-0.2109575639874674
2022-10-13 03:00:00,0.0,0.0291400655259505,0.2749569411703015,20.351191763588343,0.0555,-0.2101222703421522
2022-10-13 03:30:00,0.0,0.0276681094601042,0.2529967146869628,18.72578533292308,0.0555,-0.2100433486154436
2022-10-13 04:00:00,0.0,0.0276673269287803,0.186963811431861,13.838299055503713,0.056,-0.2101518844901879
2022-10-13 04:30:00,0.0,0.0304395021342922,0.1428141842999871,10.570523656827085,0.056,-0.2097889976564537
2022-10-13 05:00:00,0.0,0.0263921734922526,0.318801780927493,23.596408043433925,0.056,-0.2083344319140851
2022-10-13 05:30:00,0.0,0.0254542273315761,0.2090002333881812,15.46934516442392,0.056,-0.2057371519836572
2022-10-13 06:00:00,0.0,0.0178785050499869,0.1649018232325124,12.20536063751021,0.056,-0.2027192360681562
2022-10-13 06:30:00,0.0,0.0168123075305933,0.2090002333881812,15.46934516442392,0.056,-0.2002230654454365
2022-10-13 07:00:00,0.0,0.0239846303857301,0.186963811431861,13.838299055503713,0.056,-0.19867985542498
2022-10-13 07:30:00,0.0,0.0238007742536519,0.1649018232325124,12.20536063751021,0.056,-0.1978659400517003
2022-10-13 08:00:00,0.0,0.0359370330965356,0.2090002333881812,15.46934516442392,0.056,-0.1973123756641591
2022-10-13 08:30:00,0.0,0.018080232441273,0.2090002333881812,15.46934516442392,0.056,-0.1966961212541901
2022-10-13 09:00:00,0.0,0.0176940517606178,0.2529967146869628,18.72578533292308,0.0565,-0.1959401441587736
2022-10-13 09:30:00,0.0,2.110339745933009e-05,0.2310111732221507,17.098505190540404,0.0565,-0.1954021187702065
2022-10-13 10:00:00,0.0,0.0343284340834756,0.3843812420941045,28.45033238618356,0.0565,-0.1965769880199506
2022-10-13 10:30:00,0.0,0.0784625107470319,0.6660050811368732,49.294980748806445,0.0565,-0.2025846946887136
2022-10-13 11:00:00,0.0,0.3474748748861945,1.0914756061543067,80.78657433262266,0.056,-0.2171272549521831
2022-10-13 11:30:00,0.0,0.4000795050224892,1.2799888355187097,94.73955498639005,0.056,-0.2419145016752127
2022-10-13 12:00:00,0.0,0.4098712588175329,1.6722457341288706,123.77281135819922,0.0515,-0.2751212327039596
2022-10-13 12:30:00,0.0,0.4428606986180502,1.835170555573041,135.83184238373363,0.0515,-0.3137037395095953
2022-10-13 13:00:00,0.0,0.4253860705710194,2.1172311540086977,156.70881789591448,0.049499999999999995,-0.3579217317778608
2022-10-13 13:30:00,0.0,0.3945802814434096,2.3362089333090412,172.91666032948956,0.049499999999999995,-0.4114929450956491
2022-10-13 14:00:00,0.0,0.3508570480973444,2.188278174540678,161.967428691204,0.048999999999999995,-0.4747321641087546
2022-10-13 14:30:00,0.0,0.2411945735924179,2.040347415772315,151.01819705291842,0.048999999999999995,-0.5384368210387835
2022-10-13 15:00:00,0.0,0.178732534384692,1.8924166570039516,140.06896541463288,0.047,-0.5872930518722669
2022-10-13 15:30:00,0.0,0.2841827837837671,1.7444858982355884,129.11973377634732,0.047,-0.6098852900893275
2022-10-13 16:00:00,0.0,0.1687034549365513,1.5965551394672253,118.17050213806176,0.045,-0.6050661572703238
2022-10-13 16:30:00,0.0,0.2587706042304846,1.448624380698862,107.22127049977618,0.045,-0.5803042655845918
2022-10-13 17:00:00,0.0,0.2459952638047484,1.3006936219304988,96.27203886149064,0.0435,-0.5458321718934287
2022-10-13 17:30:00,0.0,0.1763870811845745,1.1527628631621356,85.32280722320506,0.0435,-0.5098545121571648
2022-10-13 18:00:00,0.0,0.0933064588151393,1.0048321043937725,74.3735755849195,0.042499999999999996,-0.4770114301699164
2022-10-13 18:30:00,0.0,0.0953113194845182,0.8569013456254092,63.42434394663394,0.042499999999999996,-0.449231531341165
2022-10-13 19:00:00,0.0,0.0942058266342652,0.7089705868570461,52.47511230834838,0.043,-0.4271372804201241
2022-10-13 19:30:00,0.0,0.0839753886571636,0.92239144478656,68.27165407807553,0.043,-0.4109236317035598
2022-10-13 20:00:00,0.0,0.0952897281776192,0.7304178342818243,54.06255012055638,0.0435,-0.4005717377049931
2022-10-13 20:30:00,0.0,0.0932598812394607,0.4714733858964642,34.89653778867251,0.0435,-0.3953670026996104
2022-10-13 21:00:00,0.0,0.0670109396734531,0.5581735102873324,41.31372751261792,0.045,-0.3932763851185665
2022-10-13 21:30:00,0.0,0.1031862570099807,0.6660050811368732,49.294980748806445,0.045,-0.3913654694038811
2022-10-13 22:00:00,0.0,0.096234610680298,0.6229443849778592,46.10780358108067,0.045,-0.3874495377464399
2022-10-13 22:30:00,0.0,0.0916371266194199,0.3625463523591845,26.834202870628125,0.045,-0.3813759206655049
2022-10-13 23:00:00,0.0,0.1153431395049179,0.8159718864825686,60.39491225361846,0.0455,-0.3745246556294565
2022-10-13 23:30:00,0.0,0.102108949391356,0.4279766357808025,31.677085684903147,0.0455,-0.3681214962309589
2022-10-14 00:00:00,0.0,0.0965587861869362,0.5296423025130208,39.20196383722061,0.0455,-0.3620950600969297
2022-10-14 00:30:00,0.0,0.0849775491033441,0.6804461300274244,50.363848310352864,0.0455,-0.355395331472755
2022-10-14 01:00:00,0.0,0.0993315060366047,0.3121427789059969,23.103535863096234,0.0455,-0.3471222548330335
2022-10-14 01:30:00,0.0,0.0669787876734996,0.7233186808174827,53.53709972495254,0.0455,-0.3372060011385024
2022-10-14 02:00:00,0.0,0.102617077879405,0.5944162743048921,43.99626914049774,0.0455,-0.3263232727639069
2022-10-14 02:30:00,0.0,0.0883748100939809,0.2683452190406404,19.86181904808031,0.0455,-0.3155865551040723
2022-10-14 03:00:00,0.0,0.0666001328615513,0.2683452190406404,19.86181904808031,0.0455,-0.3060364896416793
2022-10-14 03:30:00,0.0,0.0900624165613948,0.3776516682695471,27.952236768710257,0.0455,-0.2979789501864979
2022-10-14 04:00:00,0.0,0.0736515183251239,0.6159595237525316,45.59081263102987,0.046,-0.2909819148502561
2022-10-14 04:30:00,0.0,0.0528900210902866,0.2024597840049371,14.985247767020878,0.046,-0.2846047560206619
2022-10-14 05:00:00,0.0,0.0700675396827576,0.2464087028390499,18.238167555801304,0.046,-0.2786169343077755
2022-10-14 05:30:00,0.0,0.0362424352571669,0.4863386885245486,35.996806882154104,0.046,-0.272624739092582
2022-10-14 06:00:00,0.0,2.597470361453195e-05,0.3994383036955087,29.564794697053337,0.0465,-0.2664695833842374
2022-10-14 06:30:00,0.0,0.035350265292578,0.4863386885245486,35.996806882154104,0.0465,-0.2611773911229393
2022-10-14 07:00:00,0.0,0.0577840187563578,-0.0857184015623916,-6.344526602745482,0.046,-0.2585702101996637
2022-10-14 07:30:00,0.0,0.059450435008807,0.3558402563858828,26.337844987983654,0.046,-0.2595570185306091
2022-10-14 08:00:00,0.0,0.0826994834341769,0.0478329538888116,3.540400228002063,0.046,-0.2634298690317672
2022-10-14 08:30:00,0.0,0.0557114132492493,0.3340039870477779,24.72161335982523,0.046,-0.2692467079414674
2022-10-14 09:00:00,0.0,0.0563799980563209,0.3340039870477779,24.72161335982523,0.0465,-0.2776242630214754
2022-10-14 09:30:00,0.0,0.0491349095343129,0.4212002433098884,31.175524742109957,0.0465,-0.2908952219136269
2022-10-14 10:00:00,0.0,0.0985173478943767,0.8087820589734036,59.86275053490225,0.046,-0.3114215622754792
2022-10-14 10:30:00,0.0,0.1748744282725587,1.209737182192625,89.53981402890409,0.046,-0.3394295032218125
2022-10-14 11:00:00,0.0,0.3153904613590857,1.6027928169120356,118.63218959100776,0.0455,-0.3719837756935141
2022-10-14 11:30:00,0.0,0.2330218586530266,2.1885035259363277,161.98410828273398,0.0455,-0.403933031463795
2022-10-14 12:00:00,0.0,0.1128072099333006,1.887623046036622,139.71416187477337,0.045,-0.4303429688705918
2022-10-14 12:30:00,0.0,0.2026466301764383,1.847174035595704,136.7202910358457,0.045,-0.4487875618016126
2022-10-14 13:00:00,0.0,0.104747951284497,1.4588725447250368,107.97979781839445,0.044,-0.4600381793512205
2022-10-14 13:30:00,0.0,0.0954038772968362,1.0839955807724488,80.23293335053009,0.044,-0.4670278168881079
2022-10-14 14:00:00,0.0,0.0146360727178604,1.355441458527609,100.3242505150211,0.043,-0.4732101114352448
2022-10-14 14:30:00,0.0,0.0151311052127143,1.3761702138721983,101.85850847280425,0.043,-0.4813169378752763
2022-10-14 15:00:00,0.0,0.0959465383214987,1.3178595326859135,97.54258958879056,0.042499999999999996,-0.4922925738348059
2022-10-14 15:30:00,0.0,0.157335807747592,1.2595488514996291,93.22667070477688,0.042499999999999996,-0.5039074340663642
2022-10-14 16:00:00,0.0,0.0643662516124028,1.2012381703133443,88.9107518207632,0.041499999999999995,-0.51048140494981
2022-10-14 16:30:00,0.0,0.0865264748233117,1.1429274891270595,84.59483293674951,0.041499999999999995,-0.5059648821419948
2022-10-14 17:00:00,0.0,0.3065578591402412,1.0846168079407748,80.27891405273583,0.04,-0.4887445570047121
2022-10-14 17:30:00,0.0,0.2022513898256802,1.0263061267544902,75.96299516872214,0.04,-0.4631462716291205
2022-10-14 18:00:00,0.0,0.0354418247438798,0.9679954455682054,71.64707628470846,0.039,-0.4360160595148765
2022-10-14 18:30:00,0.0,3.175980036542559e-05,0.9096847643819206,67.33115740069478,0.039,-0.4122212982915124
2022-10-14 19:00:00,0.0,3.0093290408167564e-05,0.8513740831956359,63.015238516681094,0.0395,-0.3929680387197401
2022-10-14 19:30:00,0.0,2.8734810665996177e-05,0.5296423025130208,39.20196383722061,0.0395,-0.3771028621121884
2022-10-14 20:00:00,0.0,0.027651730345747,0.5512577414253628,40.80185049760769,0.040999999999999995,-0.363094791376103
2022-10-14 20:30:00,0.0,0.0280973658694819,0.637478864970409,47.18358653187081,0.040999999999999995,-0.3498814204538282
2022-10-14 21:00:00,0.0,0.0298631594367352,0.5080026444064738,37.6002845708221,0.042499999999999996,-0.3368666285680416
2022-10-14 21:30:00,0.0,0.0300004311000015,0.3994383036955087,29.564794697053337,0.042499999999999996,-0.3240389913489421
2022-10-14 22:00:00,0.0,0.028344030145863,0.3776516682695471,27.952236768710257,0.043,-0.3120946919504929
2022-10-14 22:30:00,0.0,0.0277667392372716,0.4646503559464695,34.39152492982257,0.043,-0.301954860453059
2022-10-14 23:00:00,0.0,0.0264067581059093,0.4646503559464695,34.39152492982257,0.044,-0.294027795446529
2022-10-14 23:30:00,0.0,0.0312545650743562,0.4687952935066481,34.69831630877906,0.044,-0.2879432405968932
2022-10-15 00:00:00,0.0,0.0241582984260556,0.4729402310668268,35.00510768773555,0.045,-0.2828209618861088
2022-10-15 00:30:00,0.0,0.0228456808589472,0.4770851686270054,35.31189906669204,0.045,-0.27776106078233
2022-10-15 01:00:00,0.0,0.0212687068781112,0.4812301061871841,35.61869044564853,0.0455,-0.2722615228917559
2022-10-15 01:30:00,0.0,0.0142701047263986,0.4853750437473627,35.92548182460502,0.0455,-0.2663791429830377
2022-10-15 02:00:00,0.0,0.0132277835396839,0.4895199813075413,36.23227320356151,0.0455,-0.2606339699741972
2022-10-15 02:30:00,0.0,0.017970222436438,0.4936649188677199,36.53906458251801,0.0455,-0.2556913880768966
2022-10-15 03:00:00,0.0,0.0171084900012763,0.4978098564278986,36.8458559614745,0.046,-0.2518305963990845
2022-10-15 03:30:00,0.0,0.0116345364208921,0.5019547939880773,37.15264734043099,0.046,-0.248612277406006
2022-10-15 04:00:00,0.0,0.0112671297517938,0.5060997315482559,37.45943871938748,0.047,-0.2452704998252741
2022-10-15 04:30:00,0.0,2.0471065505252875e-05,,23.317,0.047,-0.2415056516440306
2022-10-15 05:00:00,0.0,2.0659729196298585e-05,,12.392,0.0475,-0.2377158477538676
2022-10-15 05:30:00,0.0,1.9786526883859147e-05,,7.182,0.0475,-0.2344351767966382
2022-10-15 06:00:00,0.0,2.0314055965768233e-05,,13.455,0.047999999999999994,-0.2317106509296099
2022-10-15 06:30:00,0.0,1.9448536208447185e-05,,9.473,0.047999999999999994,-0.2290882794434099
2022-10-15 07:00:00,0.0,0.0066647452234325,,7.132,0.048499999999999995,-0.2261893970967858
2022-10-15 07:30:00,0.0,0.0070597729498707,,7.526,0.048499999999999995,-0.2232501076595598
2022-10-15 08:00:00,0.0,1.8510808411829375e-05,,7.237,0.048999999999999995,-0.2209396685234154
2022-10-15 08:30:00,0.0,1.917414254085734e-05,,4.454,0.048999999999999995,-0.2195502451527334
2022-10-15 09:00:00,0.0,1.9479081044036483e-05,,3.402,0.048999999999999995,-0.2185644598309033
2022-10-15 09:30:00,0.0,2.012660790849096e-05,,3.347,0.048999999999999995,-0.2172175028747207
2022-10-15 10:00:00,0.0,2.0282529430198737e-05,,1.665,0.048999999999999995,-0.2154686876038802
2022-10-15 10:30:00,0.0,2.5551897839576503e-05,,15.307,0.048999999999999995,-0.214546789489617
2022-10-15 11:00:00,0.0,0.0315127983840506,,26.224,0.048999999999999995,-0.216895915949004
2022-10-15 11:30:00,0.0,0.0728231824365475,,53.222,0.048999999999999995,-0.2256207269881522
2022-10-15 12:00:00,0.0,0.0605424247446295,,77.897,0.048999999999999995,-0.2435563773762598
2022-10-15 12:30:00,0.0,0.0665584719533031,,101.637,0.048999999999999995,-0.2726735396857179
2022-10-15 13:00:00,0.0,0.0710547971220893,,121.503,0.049499999999999995,-0.3139926661677642
2022-10-15 13:30:00,0.0,0.0713703360650815,,175.196,0.049499999999999995,-0.3667537025761709
2022-10-15 14:00:00,0.0,0.1576929471053506,,195.559,0.048,-0.4265921334753597
2022-10-15 14:30:00,0.0,0.0760902477031149,,200.64,0.048,-0.4847709843766066
2022-10-15 15:00:00,0.0,0.064015698914361,,215.572,0.046,-0.530033935062719
2022-10-15 15:30:00,0.0,0.105702371873009,,223.378,0.046,-0.5525772163040382
2022-10-15 16:00:00,0.0,0.0643942448369561,,180.73,0.0435,-0.5485755802547124
2022-10-15 16:30:00,0.0,0.0631741751619381,,164.685,0.0435,-0.5227043509946974
2022-10-15 17:00:00,0.0,0.0630628122244565,,154.252,0.041999999999999996,-0.486091831817908
2022-10-15 17:30:00,0.0,0.0603096911451689,,136.189,0.041999999999999996,-0.4504029952814007
2022-10-15 18:00:00,0.0,0.0561795623949944,,124.75,0.041499999999999995,-0.4226363398762545
2022-10-15 18:30:00,0.0,0.0550837624291187,,107.838,0.041499999999999995,-0.4040557107917534
2022-10-15 19:00:00,0.0,0.0516780712947499,0.6304478583536149,46.663180088082186,0.043,-0.3921414579037212
2022-10-15 19:30:00,0.0,0.0465150927115515,0.5658868361472293,41.88463644490991,0.043,-0.3829337616717788
2022-10-15 20:00:00,0.0,0.0411177490932823,0.5227261854059319,38.69006104652647,0.0435,-0.3730252651400823
2022-10-15 20:30:00,0.0,0.033896342034362,0.3926615075756272,29.063203877809286,0.0435,-0.3610781161772178
2022-10-15 21:00:00,0.0,0.0303474668621008,0.3708982496997253,27.452376260409448,0.0445,-0.347854834846246
2022-10-15 21:30:00,0.0,0.0353250559999262,0.479468833425926,35.488328216712674,0.0445,-0.3347227864727445
2022-10-15 22:00:00,0.0,0.0334894531220959,0.4144001149961183,30.67220696900153,0.0465,-0.3223777144020845
2022-10-15 22:30:00,0.0,0.0324591081292966,0.2835971001929359,20.990701107811883,0.0465,-0.3109506457980054
2022-10-15 23:00:00,0.0,0.03183573461285,0.3708982496997253,27.452376260409448,0.0465,-0.3007058207779541
2022-10-15 23:30:00,0.0,0.030802554177994,0.3272974605925205,24.22522361466151,0.0465,-0.2921222112175148
2022-10-16 00:00:00,0.0,0.0261365388774771,0.3205670299518605,23.7270645791536,0.047,-0.2854310541206045
2022-10-16 00:30:00,0.0,0.0257148331377023,0.2331602030690716,17.257567618039825,0.047,-0.2804938251293812
2022-10-16 01:00:00,0.0,0.0256724117410994,0.2769136359695062,20.496018335021457,0.0475,-0.2771285369343534
2022-10-16 01:30:00,0.0,0.01830666087739,0.1673410422234002,12.385901682321284,0.0475,-0.2751212356079899
2022-10-16 02:00:00,0.0,2.315705943392293e-05,0.2550494653059302,18.87772156450763,0.0475,-0.2738272631855014
2022-10-16 02:30:00,0.0,0.0159341475373232,0.2550494653059302,18.87772156450763,0.0475,-0.2721951461039781
2022-10-16 03:00:00,0.0,0.0228927789093678,0.2112457669691431,15.635550404863466,0.048,-0.2695180884170196
2022-10-16 03:30:00,0.0,0.0268179410113908,0.1453505871946812,10.758257857971214,0.048,-0.2659764617261588
2022-10-16 04:00:00,0.0,0.0166669523478034,0.1012930731340964,7.497300293278918,0.048,-0.2622122852554533
2022-10-16 04:30:00,0.0,0.0158567706090977,0.1453505871946812,10.758257857971214,0.048,-0.2585588825867805
2022-10-16 05:00:00,0.0,0.0159088418661451,0.1012930731340964,7.497300293278918,0.048499999999999995,-0.2549147708381647
2022-10-16 05:30:00,0.0,0.014646738150413,0.2112457669691431,15.635550404863466,0.048499999999999995,-0.2511766164236791
2022-10-16 06:00:00,0.0,0.0199020518893317,0.189306074357238,14.011663807643457,0.048499999999999995,-0.2474394645426509
2022-10-16 06:30:00,0.0,0.0144505913306905,0.0792258455237115,5.863974075442008,0.048499999999999995,-0.2438153926140284
2022-10-16 07:00:00,0.0,0.0189574424880479,0.1453505871946812,10.758257857971214,0.048999999999999995,-0.2404412771111659
2022-10-16 07:30:00,0.0,0.0225479091924239,0.0792258455237115,5.863974075442008,0.048999999999999995,-0.2377749470471948
2022-10-16 08:00:00,0.0,0.0198007624067836,0.1012930731340964,7.497300293278918,0.048999999999999995,-0.2364674825609168
2022-10-16 08:30:00,0.0,0.0192910866301954,0.1012930731340964,7.497300293278918,0.048999999999999995,-0.2365022677306627
2022-10-16 09:00:00,0.0,0.0203486449406346,0.0571328578574308,4.228741203293531,0.049499999999999995,-0.2365623686941368
2022-10-16 09:30:00,0.0,0.018411417408733,0.189306074357238,14.011663807643457,0.049499999999999995,-0.2347034094233801
2022-10-16 10:00:00,0.0,0.0289442875994703,0.189306074357238,14.011663807643457,0.049499999999999995,-0.2300747726747898
2022-10-16 10:30:00,0.0,0.0266566685249332,0.2550494653059302,18.87772156450763,0.049499999999999995,-0.2246444871866321
2022-10-16 11:00:00,0.0,0.0869962856288304,0.6448435637912895,47.728691512115624,0.048999999999999995,-0.2237884130116458
2022-10-16 11:30:00,0.0,0.0410602622522785,1.1735899719679266,86.86434490319127,0.048999999999999995,-0.2345028795108254
2022-10-16 12:00:00,0.0,0.0735525856692255,1.5047441061518336,111.37502377311496,0.048999999999999995,-0.2616489554254317
2022-10-16 12:30:00,0.0,0.1855330846388535,1.4417905055991698,106.71545492716218,0.048999999999999995,-0.3057389086299173
2022-10-16 13:00:00,0.0,0.0748751124468822,1.378836905046506,102.05588608120944,0.048499999999999995,-0.3644008552151238
2022-10-16 13:30:00,0.0,0.2009094572513204,1.3158833044938425,97.39631723525667,0.048499999999999995,-0.4340092714002854
2022-10-16 14:00:00,0.0,0.2164899244919143,1.2529297039411784,92.73674838930393,0.047,-0.507795564392366
2022-10-16 14:30:00,0.0,0.0720062361071845,1.1899761033885146,88.07717954335116,0.047,-0.573400484239282
2022-10-16 15:00:00,0.0,0.165135596100763,1.1270225028358507,83.4176106973984,0.0455,-0.6156846112114267
2022-10-16 15:30:00,0.0,0.2168573720362406,1.0640689022831868,78.75804185144564,0.0455,-0.6249965933397587
2022-10-16 16:00:00,0.0,0.104645762366026,1.0011153017305232,74.09847300549288,0.043,-0.6039502881191388
2022-10-16 16:30:00,0.0,0.1055632264571415,0.9381617011778592,69.43890415954013,0.043,-0.5658108611456657
2022-10-16 17:00:00,0.0,0.1028592361475018,0.8752081006251955,64.77933531358737,0.042499999999999996,-0.5257735768942322
2022-10-16 17:30:00,0.0,0.0997755294403479,,156.809,0.042499999999999996,-0.4931836090645786
2022-10-16 18:00:00,0.0,0.0985255058020168,,136.034,0.042499999999999996,-0.4700421077993018
2022-10-16 18:30:00,0.0,0.0920450921914153,,112.109,0.042499999999999996,-0.4539751651093779
2022-10-16 19:00:00,0.0,0.0700948065236761,0.6233936984145402,46.141059929776326,0.0435,-0.4414462582791538
2022-10-16 19:30:00,0.0,0.0676648310459726,0.537356012783239,39.7729012219973,0.0435,-0.4295586703544237
2022-10-16 20:00:00,0.0,0.0846671587858142,0.5804226538535655,42.96051840782055,0.044,-0.4167123775076614
2022-10-16 20:30:00,0.0,0.0644609176078689,0.5589013214040988,41.36759712413578,0.044,-0.4024786601299663
2022-10-16 21:00:00,0.0,0.0603627767729414,0.6233936984145402,46.141059929776326,0.044,-0.3871420446795523
2022-10-16 21:30:00,0.0,0.0555500308098058,0.4725754536428006,34.97810835003639,0.044,-0.3714295736976909
2022-10-16 22:00:00,0.0,0.0629449785875038,0.4075763003719287,30.167136031766866,0.0445,-0.3564303865988065
2022-10-16 22:30:00,0.0,0.0553329230886905,0.2331602030690716,17.257567618039825,0.0445,-0.3433743688445483
2022-10-16 23:00:00,0.0,0.0493844382701077,0.4292671043703214,31.772600908553823,0.045,-0.3332068016924421
2022-10-16 23:30:00,0.0,0.052044563705461,0.2550494653059302,18.87772156450763,0.045,-0.3261562344661773
2022-10-17 00:00:00,0.0,0.0542125891763994,0.1762492583700839,13.04525152197624,0.045,-0.3215736455919905
2022-10-17 00:30:00,0.0,0.0456571839144359,0.2419229672070575,17.906151693030644,0.045,-0.3182318118954632
2022-10-17 01:00:00,0.0,0.0431144745177549,0.1981656848233577,14.66741605299238,0.046,-0.3149441514918926
2022-10-17 01:30:00,0.0,0.0314637610561797,0.1981656848233577,14.66741605299238,0.046,-0.3110993033790343
2022-10-17 02:00:00,0.0,0.0286219851108628,0.1103478433872163,8.16749747037925,0.046,-0.3068145353459946
2022-10-17 02:30:00,0.0,0.0398091777218384,0.3291375454658857,24.361419194812143,0.046,-0.3027261010625783
2022-10-17 03:00:00,0.0,0.0393446151934028,0.1981656848233577,14.66741605299238,0.046,-0.2995428863987764
2022-10-17 03:30:00,0.0,0.030058610307804,0.1762492583700839,13.04525152197624,0.046,-0.2975774742288806
2022-10-17 04:00:00,0.0,0.0289639648885717,0.1762492583700839,13.04525152197624,0.046,-0.2966016951842739
2022-10-17 04:30:00,0.0,0.0669436187825571,0.0,0.0,0.046,-0.2961059373317884
2022-10-17 05:00:00,0.0,0.0627295025083608,0.1103478433872163,8.16749747037925,0.046,-0.2955499244632599
2022-10-17 05:30:00,0.0,0.0465658630222471,0.0442164672807268,3.2727226339819984,0.046,-0.2942974609889282
2022-10-17 06:00:00,0.0,0.030539931180357,0.1323404209859677,9.79529839870922,0.0465,-0.2916602499047344
2022-10-17 06:30:00,0.0,0.0402406524905212,0.0442164672807268,3.2727226339819984,0.0465,-0.2874205234475227
2022-10-17 07:00:00,0.0,0.0292642932033267,0.1543075314750118,11.42121435541014,0.046,-0.2822745785909628
2022-10-17 07:30:00,0.0,0.0392866693979411,0.3291375454658857,24.361419194812143,0.046,-0.2774695378414757
2022-10-17 08:00:00,0.0,0.0330933000855595,0.1762492583700839,13.04525152197624,0.046,-0.2739143668999441
2022-10-17 08:30:00,0.0,0.0345913199167577,0.1762492583700839,13.04525152197624,0.046,-0.2715464829689814
2022-10-17 09:00:00,0.0,0.0419308826024749,0.0662859509680783,4.906215837437764,0.046,-0.2694019820032658
2022-10-17 09:30:00,0.0,0.049905682540459,0.1543075314750118,11.42121435541014,0.046,-0.2663339508941991
2022-10-17 10:00:00,0.0,0.0485433633227439,0.2200568936253906,16.287714076278085,0.046,-0.2621054254887988
2022-10-17 10:30:00,0.0,0.0474184639439291,0.2200568936253906,16.287714076278085,0.046,-0.2583589850805962
2022-10-17 11:00:00,0.0,0.0368987548747229,0.5023848251637218,37.18447649478008,0.046,-0.2581963048834955
2022-10-17 11:30:00,0.0,0.0413731399714057,1.1386416006906896,84.27760894860553,0.046,-0.2637478394776695
2022-10-17 12:00:00,0.0,0.0711797877788325,1.2011514546552906,88.90433348130085,0.046,-0.2743415930462094
2022-10-17 12:30:00,0.0,0.0782702965129418,1.592585535945051,117.87668826974718,0.046,-0.289965649183141
2022-10-17 13:00:00,0.0,0.3588117405839371,1.936538767712906,143.33470415987168,0.046,-0.3177488024335348
2022-10-17 13:30:00,0.0,0.2524872915458745,1.9565935187141668,144.81907506413222,0.046,-0.3701135726093079
2022-10-17 14:00:00,0.0,0.0968546863879525,1.824392728391399,135.0341115578275,0.0445,-0.4501071772630498
2022-10-17 14:30:00,0.0,0.2421121953920126,1.6921919380686312,125.24914805152274,0.0445,-0.5390630213874712
2022-10-17 15:00:00,0.0,0.3043037852482971,1.5599911477458634,115.464184545218,0.042499999999999996,-0.6050413849151088
2022-10-17 15:30:00,0.0,0.3258813613897452,1.427790357423096,105.67922103891324,0.042499999999999996,-0.62684642638596
2022-10-17 16:00:00,0.0,0.1275410761432817,1.295589567100328,95.89425753260852,0.040999999999999995,-0.6086817883573953
2022-10-17 16:30:00,0.0,0.1423270528530625,1.1633887767775604,86.10929402630379,0.040999999999999995,-0.5720485398420274
2022-10-17 17:00:00,0.0,0.1403120962226434,1.0311879864547926,76.32433051999904,0.04,-0.5369761327750041
2022-10-17 17:30:00,0.0,0.1324285012616902,0.8989871961320248,66.5393670136943,0.04,-0.511282880255051
2022-10-17 18:00:00,0.0,0.1174740400597358,0.766786405809257,56.75440350738956,0.040499999999999994,-0.4927008384514168
2022-10-17 18:30:00,0.0,0.1124963705883605,0.6345856154864893,46.96944000108482,0.040499999999999994,-0.4761977656243136
2022-10-17 19:00:00,0.0,0.1126472628793343,0.5023848251637218,37.18447649478008,0.040999999999999995,-0.4589418924490663
2022-10-17 19:30:00,0.0,0.0826831606461898,0.4375999700283353,32.38936565078823,0.040999999999999995,-0.4413007823917516
2022-10-17 20:00:00,0.0,0.0548643953379829,0.5239314818780458,38.77927217730049,0.040999999999999995,-0.4254850205897084
2022-10-17 20:30:00,0.0,0.0543129988269761,0.6098787006708731,45.140734898536344,0.040999999999999995,-0.4136983115796115
2022-10-17 21:00:00,0.0,0.053791558739803,0.3073711955836176,22.750362719707447,0.041999999999999996,-0.4068127934722763
2022-10-17 21:30:00,0.0,0.0505911283889238,0.0442164672807268,3.2727226339819984,0.041999999999999996,-0.4041367476442994
2022-10-17 22:00:00,0.0,0.1011675162691185,0.1762492583700839,13.04525152197624,0.041999999999999996,-0.4040943935943221
2022-10-17 22:30:00,0.0,0.1125195953152851,0.2855800366458898,21.13746997946615,0.041999999999999996,-0.4050606360406724
2022-10-17 23:00:00,0.0,0.0922171528946415,0.6098787006708731,45.140734898536344,0.041999999999999996,-0.4057300094238885
2022-10-17 23:30:00,0.0,0.11781768184752,0.2637639876414704,19.522734977967183,0.041999999999999996,-0.4050838299554181
2022-10-18 00:00:00,0.0,0.1236201355358489,0.4280271057041972,31.68082126286284,0.041999999999999996,-0.4022961545311149
2022-10-18 00:30:00,0.0,0.1104131174972302,0.3628100883387274,26.853723532560828,0.041999999999999996,-0.396782152117961
2022-10-18 01:00:00,0.0,0.0721383606183235,0.3628100883387274,26.853723532560828,0.041999999999999996,-0.3883858390314835
2022-10-18 01:30:00,0.0,0.0733467485860175,0.4063127068853409,30.07360999366316,0.041999999999999996,-0.377509464625185
2022-10-18 02:00:00,0.0,0.0800515610866767,0.6867113184041675,50.82757201031624,0.041999999999999996,-0.3650194161874538
2022-10-18 02:30:00,0.0,0.0633011759771896,0.3628100883387274,26.853723532560828,0.041999999999999996,-0.3520358692717013
2022-10-18 03:00:00,0.0,0.0452259546958626,0.2536191578350286,18.77185603699152,0.041999999999999996,-0.339675517868752
2022-10-18 03:30:00,0.0,0.0409661138580442,0.2536191578350286,18.77185603699152,0.041999999999999996,-0.3287475326261317
2022-10-18 04:00:00,0.0,0.037477756611072,0.3628100883387274,26.853723532560828,0.041999999999999996,-0.3196058233370382
2022-10-18 04:30:00,0.0,0.0626949437600137,0.384573727795003,28.464579392984188,0.041999999999999996,-0.3122512351679854
2022-10-18 05:00:00,0.0,0.033930487299184,0.2317058546105272,17.14992267463545,0.041999999999999996,-0.3063800363589135
2022-10-18 05:30:00,0.0,2.3964108518869705e-05,0.2536191578350286,18.77185603699152,0.041999999999999996,-0.3012376588574568
2022-10-18 06:00:00,0.0,2.1615254675085757e-05,0.3192085062113268,23.6265121906912,0.042499999999999996,-0.2958144681171475
2022-10-18 06:30:00,0.0,2.122990299606362e-05,0.2317058546105272,17.14992267463545,0.042499999999999996,-0.2895915858608171
2022-10-18 07:00:00,0.0,2.148704350693933e-05,0.2317058546105272,17.14992267463545,0.042,-0.282956911851371
2022-10-18 07:30:00,0.0,2.1165977399399305e-05,0.2097673205248956,15.5261218268068,0.042,-0.2766617816336421
2022-10-18 08:00:00,0.0,0.0320671966896893,0.1217592115818454,9.012120419068404,0.0425,-0.2711508116068934
2022-10-18 08:30:00,0.0,2.1777238958862854e-05,0.1217592115818454,9.012120419068404,0.0425,-0.2666044693715879
2022-10-18 09:00:00,0.0,0.0420137521805459,0.1658142277000643,12.272893096251096,0.043000000000000003,-0.2632228895561598
2022-10-18 09:30:00,0.0,2.2004533985472384e-05,0.1658142277000643,12.272893096251096,0.043000000000000003,-0.2610502745437774
2022-10-18 10:00:00,0.0,2.386261680441744e-05,0.2536191578350286,18.77185603699152,0.043000000000000003,-0.2599345537669749
2022-10-18 10:30:00,0.0,2.8623806350329834e-05,0.0996932720047941,7.378889536207426,0.043000000000000003,-0.2604737450966313
2022-10-18 11:00:00,0.0,0.0342717563771435,0.7081133074971029,52.41165998532313,0.043000000000000003,-0.2651642173211226
2022-10-18 11:30:00,0.0,0.039589149309913,0.857273570546002,63.4518945176649,0.043000000000000003,-0.277544901312114
2022-10-18 12:00:00,0.0,0.0471458580037264,1.1731432040861198,86.83127696608896,0.0435,-0.2994820211026209
2022-10-18 12:30:00,0.0,0.0489283038152833,1.360283064056629,100.68260641665918,0.0435,-0.3303744044517692
2022-10-18 13:00:00,0.0,0.0367348842175388,1.5046405065573607,111.36735575351604,0.0435,-0.3698152886936908
2022-10-18 13:30:00,0.0,0.0375144938910521,1.4840810875233,109.84563137904031,0.0435,-0.4186069683474295
2022-10-18 14:00:00,0.0,0.0340101186939101,1.4840810875233,109.84563137904031,0.041999999999999996,-0.4741644266690145
2022-10-18 14:30:00,0.0,0.0355032771296584,1.376304249459504,101.8684292405026,0.041999999999999996,-0.526174193946685
2022-10-18 15:00:00,0.0,0.1656618060157274,1.268527411395708,93.89122710196489,0.040999999999999995,-0.5605273029747949
2022-10-18 15:30:00,0.0,0.2899780027491774,1.1607505733319123,85.91402496342717,0.040999999999999995,-0.5690626183484596
2022-10-18 16:00:00,0.0,0.1099488003577569,1.0529737352681163,77.93682282488945,0.03900000000000001,-0.5552230800293543
2022-10-18 16:30:00,0.0,0.1139261692794972,0.9451968972043204,69.95962068635174,0.03900000000000001,-0.5304837009363595
2022-10-18 17:00:00,0.0,0.1171448352849888,0.8374200591405245,61.98241854781402,0.038000000000000006,-0.5058129050600128
2022-10-18 17:30:00,0.0,0.1118718548896163,0.7296432210767286,54.00521640927631,0.038000000000000006,-0.4861338513486345
2022-10-18 18:00:00,0.0,0.1064971868611395,0.6218663830129327,46.028014270738595,0.038000000000000006,-0.4710845227980851
2022-10-18 18:30:00,0.0,0.0975868448299649,0.5140895449491368,38.05081213220088,0.038000000000000006,-0.4587187646657216
2022-10-18 19:00:00,0.0,0.0944104872508741,0.4063127068853409,30.07360999366316,0.038500000000000006,-0.4478495217343092
2022-10-18 19:30:00,0.0,0.1048680627667889,0.4713824811789887,34.88980939211091,0.038500000000000006,-0.4380697752773443
2022-10-18 20:00:00,0.0,0.1006990330740356,0.557801754886807,41.28621169354807,0.03900000000000001,-0.4289554988383162
2022-10-18 20:30:00,0.0,0.0777526276047963,0.4713824811789887,34.88980939211091,0.03900000000000001,-0.419784817224712
2022-10-18 21:00:00,0.0,0.0960237316826618,0.4497170040004011,33.28621910326641,0.037500000000000006,-0.4100409486762383
2022-10-18 21:30:00,0.0,0.0924298516450034,0.2973704016064943,22.01014472357213,0.037500000000000006,-0.3999597204866574
2022-10-18 22:00:00,0.0,0.0701414925308496,0.4280271057041972,31.68082126286284,0.038000000000000006,-0.3902175387768059
2022-10-18 22:30:00,0.0,0.0476585926395085,0.3628100883387274,26.853723532560828,0.038000000000000006,-0.3810562469743776
2022-10-18 23:00:00,0.0,2.781105680668246e-05,0.4063127068853409,30.07360999366316,0.0385,-0.3719822260898405
2022-10-18 23:30:00,0.0,2.7046281764451948e-05,0.3628100883387274,26.853723532560828,0.0385,-0.3623427853260257
2022-10-19 00:00:00,0.0,0.0375212717576272,0.4400033008945742,32.5672504029316,0.04,-0.3519811704250613
