Date,Rain,PET,SV,SF_complete,Soil_moisture,PSY
2022-05-26 00:00:00,0.0,2.929735908506126e-05,5.980409938470658,533.9197216699271,0.15000000000000002,-0.4000684032608655
2022-05-26 00:30:00,0.0,2.8031900533583182e-05,5.907951113965364,526.8906371865864,0.15000000000000002,-0.3809822378970108
2022-05-26 01:00:00,0.0,2.608118062092133e-05,5.217988523422676,465.5193771868356,0.15033333333333335,-0.3754648827642416
2022-05-26 01:30:00,0.0,2.711977650685282e-05,4.768924143157258,424.8641650818581,0.15033333333333335,-0.3732222747483966
2022-05-26 02:00:00,0.0,2.6507359011527425e-05,2.460673106428671,219.70594700668303,0.15100000000000002,-0.364518028025331
2022-05-26 02:30:00,0.0,0.0296213798608195,3.786927438307146,337.12790572714863,0.15100000000000002,-0.3452695895067046
2022-05-26 03:00:00,0.0,2.6044719324839073e-05,2.5749775682322613,229.24092761066564,0.15133333333333335,-0.3171230322340106
2022-05-26 03:30:00,0.0,0.0310193826805138,1.7479977783770808,155.88710311731006,0.15133333333333335,-0.2835207277498242
2022-05-26 04:00:00,0.0,0.0273643770258369,1.4101413791068425,126.01922069147628,0.1516666666666667,-0.2473873204565173
2022-05-26 04:30:00,0.0,2.5586480963000708e-05,1.9986955084553868,177.87903579585787,0.1516666666666667,-0.2127005554359273
2022-05-26 05:00:00,0.0,0.0380328398760419,2.296562530124536,204.4220940354142,0.1516666666666667,-0.1860387958649166
2022-05-26 05:30:00,0.0,0.056548023385088,2.181105519772994,194.34665555485492,0.1516666666666667,-0.1740072021154869
2022-05-26 06:00:00,0.0,0.0639758496537316,2.9312051223195312,261.2169370931622,0.1516666666666667,-0.1779897922975623
2022-05-26 06:30:00,0.0,0.0353134399529415,3.488782953116061,310.9999013864639,0.1516666666666667,-0.191513902779751
2022-05-26 07:00:00,0.0,0.0274786826179446,4.4351328329237445,394.8891264289238,0.1516666666666667,-0.2034457428297767
2022-05-26 07:30:00,0.0,2.5376732589395176e-05,4.2360601319317635,377.60761016686274,0.1516666666666667,-0.2051434567865276
2022-05-26 08:00:00,0.0,2.4613281801622063e-05,4.097427435039683,365.4832948135025,0.1516666666666667,-0.196070378382483
2022-05-26 08:30:00,0.0,0.0213071180909459,4.097427435039683,365.05693074917446,0.1516666666666667,-0.1838384159513406
2022-05-26 09:00:00,0.0,0.0386786787715378,4.663135455136929,416.0325005247963,0.15133333333333335,-0.1794997353838888
2022-05-26 09:30:00,0.0,0.0436151066751185,6.425752057426933,573.1339203950768,0.15133333333333335,-0.1917417739242442
2022-05-26 10:00:00,0.0,0.0092628505063974,8.638725663023266,770.6513196695167,0.1506666666666667,-0.2228436860921959
2022-05-26 10:30:00,0.0,0.0518171219556274,10.191461492553003,909.1963545313532,0.1506666666666667,-0.2679020484936866
2022-05-26 11:00:00,0.0,0.0564533248929076,12.882370234297737,1149.7571146546295,0.15000000000000002,-0.3176075065765447
2022-05-26 11:30:00,0.0,0.0115987568063164,15.5504708926431,1387.764493883209,0.15000000000000002,-0.3630915113500539
2022-05-26 12:00:00,0.0,0.0145299026483265,17.23969301652752,1539.2746244919488,0.1486666666666667,-0.3999914739959295
2022-05-26 12:30:00,0.0,0.0158161091866496,22.40108227441603,2000.08763925454,0.1486666666666667,-0.4299013576791763
2022-05-26 13:00:00,0.0,0.1240531105550832,25.75933185244391,2300.5481705013544,0.14800000000000002,-0.459771766352274
2022-05-26 13:30:00,0.0,0.216406793393019,28.215392995948797,2521.908997546239,0.14800000000000002,-0.5004142300130576
2022-05-26 14:00:00,0.0,0.4796583260835476,33.035497365429485,2952.7397714789913,0.1466666666666667,-0.562861990630554
2022-05-26 14:30:00,0.0,0.3667651198219135,32.83064695427493,2936.1408898540276,0.1466666666666667,-0.6508916186669976
2022-05-26 15:00:00,0.0,0.3377221603863259,33.108473605491135,2960.6374188179007,0.14500000000000002,-0.7540997514280127
2022-05-26 15:30:00,0.0,0.341523248640125,32.35951498199192,2894.7626549402016,0.14500000000000002,-0.8501758158107124
2022-05-26 16:00:00,0.0,0.3379718284146217,32.03322311083694,2863.903102399258,0.14300000000000002,-0.9163154363623988
2022-05-26 16:30:00,0.0,0.3340798385987484,31.914080231466052,2853.35392911188,0.14300000000000002,-0.9393387648168956
2022-05-26 17:00:00,0.0,0.2824463797263982,26.80145711237852,2399.410098074328,0.14200000000000002,-0.9176880044610204
2022-05-26 17:30:00,0.0,0.2711360073077685,27.048202763630943,2418.701246145916,0.14200000000000002,-0.8587199110519534
2022-05-26 18:00:00,0.0,0.1145041673585993,26.220703436958395,2341.889927543618,0.14100000000000001,-0.7762726225802714
2022-05-26 18:30:00,0.0,0.1143914455008043,24.085413174541415,2150.880103782303,0.14100000000000001,-0.688787182479618
2022-05-26 19:00:00,0.0,0.1056443265368425,21.62171749549408,1930.678798344808,0.14033333333333334,-0.61655542459052
2022-05-26 19:30:00,0.0,0.1092699070925446,18.608669841837553,1661.3822507837228,0.14033333333333334,-0.5769571195737384
2022-05-26 20:00:00,0.0,0.0970213559278305,18.807446738836106,1679.515092731925,0.14100000000000001,-0.5769706971087885
2022-05-26 20:30:00,0.0,0.0072882045240159,17.935312912403212,1601.5999075717198,0.14100000000000001,-0.6069269980113077
2022-05-26 21:00:00,0.0,3.367603199451579e-05,15.072033074457757,1346.0999799348526,0.14133333333333334,-0.6427038504390974
2022-05-26 21:30:00,0.0,0.053323695264884,14.576071355752546,1300.4821020509942,0.14133333333333334,-0.6571030887398618
2022-05-26 22:00:00,0.0,0.0513710288655096,9.112584670933597,814.1979570434137,0.14133333333333334,-0.6326784216898906
2022-05-26 22:30:00,0.0,0.0466023315612096,7.981967961592163,712.4889964487539,0.14133333333333334,-0.5682823149449214
2022-05-26 23:00:00,0.0,0.0442871898105668,7.32475645027319,653.3809245750947,0.14233333333333334,-0.476970517426765
2022-05-26 23:30:00,0.0,2.9333912043817993e-05,5.542966621309688,494.6020997617856,0.14233333333333334,-0.3779313466113152
2022-05-27 00:00:00,0.0,2.9146910777830966e-05,4.321051079313514,385.7734615047232,0.14333333333333334,-0.2879181675674469
2022-05-27 00:30:00,0.0,2.9221308170873098e-05,4.3516859176807055,387.9361415086756,0.14333333333333334,-0.2169065815996311
2022-05-27 01:00:00,0.0,2.8697275808784963e-05,3.873127736372128,345.07496797347636,0.1436666666666667,-0.1682465003770381
2022-05-27 01:30:00,0.0,2.8363972230347037e-05,2.7942774109765587,248.98609543048804,0.1436666666666667,-0.1408088837776396
2022-05-27 02:00:00,0.0,2.8252483396265985e-05,2.2553939947305777,200.9413675063513,0.1436666666666667,-0.1313186913142672
2022-05-27 02:30:00,0.0,2.9448342935363005e-05,1.3162251745457063,117.59737335801702,0.1436666666666667,-0.1362081792001684
2022-05-27 03:00:00,0.0,2.877237961025713e-05,1.7394589295081584,154.90033697970895,0.1436666666666667,-0.1522649942252795
2022-05-27 03:30:00,0.0,2.7518499793196832e-05,1.3162251745457063,117.21082468528353,0.1436666666666667,-0.1756889869769927
2022-05-27 04:00:00,0.0,2.7554950680070244e-05,1.162245500381473,103.37383549362336,0.1436666666666667,-0.20019710443462
2022-05-27 04:30:00,0.0,2.668662221553466e-05,1.2307880962472597,109.2887545587121,0.1436666666666667,-0.2162327464980051
2022-05-27 05:00:00,0.0,2.5833681681635627e-05,0.0770906471653045,7.066170592013841,0.1436666666666667,-0.2140015386458689
2022-05-27 05:30:00,0.0,2.5833681681635627e-05,0.903664698678129,80.17596828980766,0.1436666666666667,-0.1900747006249984
2022-05-27 06:00:00,0.0,2.5481452105946365e-05,0.1127850134828173,9.870343824725351,0.14400000000000002,-0.1519889018114917
2022-05-27 06:30:00,0.0,2.5586480963000708e-05,-0.0661634014892171,-6.036700897456805,0.14400000000000002,-0.1149529089126362
2022-05-27 07:00:00,0.0,2.6795163676127593e-05,0.7473276429293411,66.28588780206766,0.14400000000000002,-0.0926995881835582
2022-05-27 07:30:00,0.0,2.7884535497595156e-05,1.3843831625723102,123.07980871324754,0.14400000000000002,-0.0909902954331357
2022-05-27 08:00:00,0.0,2.814130076513904e-05,2.566930994067587,228.42660958332047,0.1436666666666667,-0.1085509228194331
2022-05-27 08:30:00,0.0,2.9183333930494853e-05,2.7132943777842895,241.8367026832973,0.1436666666666667,-0.1420788492930489
2022-05-27 09:00:00,0.0,3.125105186669438e-05,4.58041404733547,408.5845898323253,0.14333333333333334,-0.1898434719389637
2022-05-27 09:30:00,0.0,0.030396569925515,11.109048141593728,991.1302061509988,0.14333333333333334,-0.2517698072098218
2022-05-27 10:00:00,0.0,0.061527930498861,16.137891537541808,1440.5601635730882,0.14233333333333334,-0.3267317567237787
2022-05-27 10:30:00,0.0,0.1721578487832274,22.59157581471284,2017.1545095306844,0.14233333333333334,-0.4099244120607136
2022-05-27 11:00:00,0.0,0.2999075579591707,27.57190369779338,2462.0524025044283,0.14133333333333334,-0.4933106439836507
2022-05-27 11:30:00,0.0,0.3481372790003695,31.75239126734629,2835.268114087482,0.14133333333333334,-0.5687151540041065
2022-05-27 12:00:00,0.0,0.3546538461806997,30.633728133804883,2738.2926070463004,0.1396666666666667,-0.6303461615002866
2022-05-27 12:30:00,0.0,0.3051991316222033,32.01353401788732,2861.161523111237,0.1396666666666667,-0.6753627487823816
2022-05-27 13:00:00,0.0,0.294788427837132,33.19155464499889,2966.36370754842,0.13833333333333334,-0.7034418465363166
2022-05-27 13:30:00,0.0,0.3102469710389374,30.618447027168894,2738.2406930729303,0.13833333333333334,-0.7158197813921613
2022-05-27 14:00:00,0.0,0.1615174238256921,30.127065068241908,2694.792800704735,0.137,-0.7143277210308836
2022-05-27 14:30:00,0.0,0.1585102800985783,25.853002185887963,2311.020889316592,0.137,-0.7021503513915257
2022-05-27 15:00:00,0.0,0.1283965113480917,26.546362159004605,2371.4921570274387,0.136,-0.6857468309767004
2022-05-27 15:30:00,0.0,0.1941782428524293,24.780319084817226,2215.1172676744204,0.136,-0.6728604641770325
2022-05-27 16:00:00,0.0,0.1611460527310565,28.104765850700332,2512.6439156289584,0.13566666666666669,-0.6653213692519865
2022-05-27 16:30:00,0.0,0.0963178397500886,26.43012123084959,2361.33395287634,0.13566666666666669,-0.6557689292699905
2022-05-27 17:00:00,0.0,0.1845573970644239,27.555665317966746,2459.539722324306,0.135,-0.6363539312812851
2022-05-27 17:30:00,0.0,0.1802083622636783,25.50667829416504,2276.358337172737,0.135,-0.6098221807372168
2022-05-27 18:00:00,0.0,0.0678141416932228,19.338326137754553,1727.3443202031283,0.135,-0.5859911516590353
2022-05-27 18:30:00,0.0,0.0370929679963419,19.416530545734144,1733.3289067887274,0.135,-0.5671279126958326
2022-05-27 19:00:00,0.8,0.0202011222706979,13.215518112501584,1180.445003561745,0.13466666666666668,-0.545176301293184
2022-05-27 19:30:00,0.2,0.0129653391793066,9.134003009614332,815.045345924876,0.13466666666666668,-0.5161025335996198
2022-05-27 20:00:00,0.0,0.0337867705944531,7.9224842107364895,706.7906910818465,0.134,-0.4876874289080103
2022-05-27 20:30:00,0.0,8.6643029316485e-05,7.936057768068087,707.8715358852791,0.134,-0.4684505358742682
2022-05-27 21:00:00,0.0,0.0201323359311413,9.53626936888787,850.9595630495293,0.13566666666666669,-0.4564717008354659
2022-05-27 21:30:00,0.0,0.018645240760313,9.510469937363531,849.0520474329479,0.13566666666666669,-0.4423075937727961
2022-05-27 22:00:00,0.0,0.0190637821624029,7.2915148337396785,650.9023109981638,0.1366666666666667,-0.4163710655092596
2022-05-27 22:30:00,0.0,2.5691819406944564e-05,6.233740646341053,556.3508516061148,0.1366666666666667,-0.3723091979645299
2022-05-27 23:00:00,0.0,2.7701093423267577e-05,4.731898605830626,422.13602990339143,0.138,-0.3110200908522252
2022-05-27 23:30:00,0.0,0.0503725852016306,5.916231915532518,528.0849717249488,0.138,-0.2451405289440121
2022-05-28 00:00:00,0.0,0.0473836632979263,5.779055949100117,515.8283581756413,0.139,-0.1945682333506824
2022-05-28 00:30:00,0.0,0.0317773609305613,4.313982629705283,385.051915849606,0.139,-0.1728871979046526
2022-05-28 01:00:00,0.0,0.0175451622057724,5.822768232616712,518.6242614056185,0.13933333333333334,-0.1787584698513171
2022-05-28 01:30:00,0.0,0.0315522640460218,3.834645427488558,342.08149421022307,0.13933333333333334,-0.2008246778085229
2022-05-28 02:00:00,0.0,0.0382787914490612,3.52106527242762,313.8725632669521,0.13933333333333334,-0.2280900747962603
2022-05-28 02:30:00,0.0,0.0235679719353888,4.558285015808542,405.86131592332583,0.13933333333333334,-0.2538729109591907
2022-05-28 03:00:00,0.0,0.0186810833325126,3.7409340194344782,333.3390456563679,0.13933333333333334,-0.2727154823764237
2022-05-28 03:30:00,0.0,0.0277323727987677,1.9985625854459947,178.15030205473454,0.13933333333333334,-0.278360329447716
2022-05-28 04:00:00,0.0,2.3123601439819645e-05,2.1148498672923868,188.5161125826617,0.14,-0.2674046499327768
2022-05-28 04:30:00,0.0,0.0293091222680695,1.8817839837637744,167.40680018710145,0.14,-0.244258091546893
2022-05-28 05:00:00,0.0,0.0430326637101843,0.0496182234286972,4.725267933751934,0.14,-0.2199396821296727
2022-05-28 05:30:00,0.0,0.026930819297841,1.2561551086646268,111.79884998550963,0.14,-0.2037672189994779
2022-05-28 06:00:00,0.0,0.0302179331591458,1.42665580894437,127.26605801707748,0.14033333333333334,-0.1961944202316636
2022-05-28 06:30:00,0.0,0.021651215538734,1.409653458950727,125.70835979781036,0.14033333333333334,-0.1901440277368994
2022-05-28 07:00:00,0.0,0.023811723774356,2.0982672884587834,186.79174205702455,0.1406666666666667,-0.1786773477929918
2022-05-28 07:30:00,0.0,2.075336047500528e-05,2.329525506750626,207.36921400890128,0.1406666666666667,-0.1617565480326679
2022-05-28 08:00:00,0.0,0.0257524810185921,3.662604716688011,326.1517880567291,0.1406666666666667,-0.1474680965583119
2022-05-28 08:30:00,0.0,0.0346564012552645,3.819048258118465,340.7844570113041,0.1406666666666667,-0.1473109230384289
2022-05-28 09:00:00,0.0,0.038179788723371,7.479468205312284,667.1077962306317,0.14033333333333334,-0.1691065509605825
2022-05-28 09:30:00,0.0,0.0402037897801937,9.12929799003764,814.391174151294,0.14033333333333334,-0.2134280781174637
2022-05-28 10:00:00,0.0,0.0414852643380569,12.050104784509069,1075.2490407667171,0.14,-0.2757747641627833
2022-05-28 10:30:00,0.0,0.0609474573784897,17.442594066873706,1556.4133958598163,0.14,-0.3499982314811349
2022-05-28 11:00:00,0.0,0.2248683321152876,21.97174903508283,1961.6873037831645,0.13933333333333334,-0.4286535754039712
2022-05-28 11:30:00,0.0,0.2914104360941066,24.365596990367063,2176.286831932528,0.13933333333333334,-0.5026733800497063
2022-05-28 12:00:00,0.0,0.3121544104875912,27.94549448319375,2496.4967846481363,0.13833333333333334,-0.5642323165549906
2022-05-28 12:30:00,0.0,0.3286336750438057,30.59014403406125,2732.97274986866,0.13833333333333334,-0.6104878199184568
2022-05-28 13:00:00,0.0,0.3751223706986503,28.122461003371193,2515.186767397248,0.137,-0.6433843978854139
2022-05-28 13:30:00,0.0,0.3662428927681567,32.357547918509766,2891.519666645206,0.137,-0.6670283802721477
2022-05-28 14:00:00,0.0,0.2538146162132131,29.85068103723807,2669.453767908139,0.135,-0.6872509878363725
2022-05-28 14:30:00,0.0,0.3084868475352611,29.997876152045684,2681.796224359124,0.135,-0.7122048919161823
2022-05-28 15:00:00,0.0,0.29124996313421,32.2093844932772,2878.467617285934,0.13366666666666668,-0.7491229731034916
2022-05-28 15:30:00,0.0,0.2548403490513825,31.334349720766166,2802.0802205811783,0.13366666666666668,-0.7979201200170406
2022-05-28 16:00:00,0.0,0.2814304390489294,27.71124125809474,2480.504284678424,0.13266666666666668,-0.8485045693731161
2022-05-28 16:30:00,0.0,0.3009981032973132,30.750507215575603,2748.7557664786327,0.13266666666666668,-0.8861725734638461
2022-05-28 17:00:00,0.0,0.2275708442902891,26.89470375847431,2405.582931660562,0.13166666666666668,-0.9010603358418984
2022-05-28 17:30:00,0.0,0.1578374334758204,24.217536899120496,2168.1452367321713,0.13166666666666668,-0.8929949450744149
2022-05-28 18:00:00,0.0,0.2917500418308226,28.942681600458993,2586.22875915847,0.131,-0.8684775862715771
2022-05-28 18:30:00,0.0,0.2274636056045205,27.03449311555871,2416.5320933208473,0.131,-0.8355347295025765
2022-05-28 19:00:00,0.0,0.1908614506503518,30.221734181978764,2696.5474447302163,0.13066666666666668,-0.8029738218848351
2022-05-28 19:30:00,0.0,0.1856935285656112,26.944087688260343,2405.075534150898,0.13066666666666668,-0.7824302078946103
2022-05-28 20:00:00,0.0,0.0822572835170862,24.287272846434192,2169.014149180224,0.12933333333333333,-0.7856647452430149
2022-05-28 20:30:00,0.0,0.0416860466742578,20.59027368160929,1838.6671842213136,0.12933333333333333,-0.8142203969210342
2022-05-28 21:00:00,0.0,0.0375467335242241,17.42203931172376,1555.3693083323951,0.12966666666666668,-0.8508557883135802
2022-05-28 21:30:00,0.0,0.0450339359771462,13.293213991687416,1187.7257543253988,0.12966666666666668,-0.8660080310537498
2022-05-28 22:00:00,0.0,0.0482188084884296,11.930445785150384,1064.8474991087044,0.13033333333333333,-0.8367472316797441
2022-05-28 22:30:00,0.0,0.0455558785522215,8.254944519053295,737.7360335575123,0.13033333333333333,-0.7601141255206603
2022-05-28 23:00:00,0.0,0.0426740159243164,6.881152537523776,615.2214200448021,0.13133333333333333,-0.6501430350466104
2022-05-28 23:30:00,0.0,0.0414053356020387,6.75441186729004,602.5913045260799,0.13133333333333333,-0.5262435317660923
2022-05-29 00:00:00,0.0,0.0439377653085392,5.390971587939809,481.1810930610176,0.13266666666666668,-0.4049861543509598
2022-05-29 00:30:00,0.0,0.0412995237834678,4.733316024916673,422.36761189228497,0.13266666666666668,-0.2984330662846972
2022-05-29 01:00:00,0.0,0.0399074796616767,3.0202531847508887,270.0530233903583,0.13366666666666668,-0.2148609662994972
2022-05-29 01:30:00,0.0,0.0238119531895381,3.8273059780438623,341.07730440623095,0.13366666666666668,-0.1578285779310113
2022-05-29 02:00:00,0.0,2.1809250752999217e-05,2.778420433879182,248.09197162972967,0.13433333333333333,-0.1244075689749285
2022-05-29 02:30:00,0.0,2.252740087865609e-05,1.4688858469169688,131.1615463867313,0.13433333333333333,-0.1062317503310641
2022-05-29 03:00:00,0.0,2.148704350693933e-05,1.7391656138055789,155.01696221077083,0.13433333333333333,-0.093896988597135
2022-05-29 03:30:00,0.0,2.1550467758537072e-05,1.83983964697542,163.89753447672766,0.13433333333333333,-0.0811505513262522
2022-05-29 04:00:00,0.0,2.1326666625175544e-05,0.7464254102703315,66.68026877270054,0.13433333333333333,-0.0665118729337624
2022-05-29 04:30:00,0.0,2.1906731267520072e-05,0.5364318167374792,47.68343899525306,0.13433333333333333,-0.0525081926381331
2022-05-29 05:00:00,0.0,2.164708974293453e-05,1.4858565155694632,132.12356154715147,0.134,-0.0430750804673581
2022-05-29 05:30:00,0.0,2.1841297402105628e-05,0.9893803446585426,87.77184480156915,0.134,-0.0405519508977689
2022-05-29 06:00:00,0.0,2.299012349826155e-05,0.4660701183838529,41.46308536790859,0.134,-0.0447319850187394
2022-05-29 06:30:00,0.0,2.3224081724526502e-05,0.8334447338924889,74.07574119329297,0.134,-0.0545403132560211
2022-05-29 07:00:00,0.0,0.0005333492405468,0.430820411788089,38.32701700258778,0.134,-0.0702087768588086
2022-05-29 07:30:00,0.0,0.0005830281973317,1.7391656138055789,154.811316332477,0.134,-0.093573648123166
2022-05-29 08:00:00,0.0,0.0059912923364613,4.044895558718479,360.44006747501703,0.13366666666666668,-0.1260134120103719
2022-05-29 08:30:00,0.0,0.0060476081558626,5.8892312365533135,524.9384786388415,0.13366666666666668,-0.1659453526661692
2022-05-29 09:00:00,0.0,0.0045871732479421,6.607070780913334,589.2297308123859,0.13266666666666668,-0.2089283277378409
2022-05-29 09:30:00,0.0,0.0047654686134342,6.790919267988843,605.6999517454509,0.13266666666666668,-0.2509296509151089
2022-05-29 10:00:00,0.0,0.0759205659471107,10.443210468715217,931.039442040684,0.132,-0.2910312168776824
2022-05-29 10:30:00,0.0,0.0775148668977242,13.128536395480072,1171.313444542178,0.132,-0.3301850031487953
2022-05-29 11:00:00,0.0,0.1235571241079695,18.66509983389125,1664.174559724662,0.13133333333333333,-0.3678956100496737
2022-05-29 11:30:00,0.0,0.1658886133383174,18.87367603637906,1684.0660125762245,0.13133333333333333,-0.4013296072992315
2022-05-29 12:00:00,0.0,0.1306027219931431,20.78866193660537,1854.9653916857633,0.13033333333333333,-0.4280602290611195
2022-05-29 12:30:00,0.0,0.1366493879061029,21.87971275672219,1952.7198897871856,0.13033333333333333,-0.4492699882604856
2022-05-29 13:00:00,0.0,0.0645098807537209,21.88891731681882,1955.119119031821,0.13,-0.4698163427925945
2022-05-29 13:30:00,0.0,0.128143284711269,23.86769462378595,2132.1114579552104,0.13,-0.4948767658132499
2022-05-29 14:00:00,0.0,0.0937040007458118,25.253348996402085,2255.862708108212,0.129,-0.5267837123156396
2022-05-29 14:30:00,0.0,0.1516654786776452,30.069591913684917,2682.655543188781,0.129,-0.5650831679884446
2022-05-29 15:00:00,0.0,0.1823998178057851,25.86347886306089,2310.7984620213388,0.128,-0.60818927079423
2022-05-29 15:30:00,0.0,0.1236470441744386,26.249150875383016,2346.0010491825656,0.128,-0.6537748431215821
2022-05-29 16:00:00,0.0,0.1442035677310947,31.65265087313024,2826.299240773767,0.127,-0.6991816361000842
2022-05-29 16:30:00,0.0,0.0738402526995374,27.412172642176387,2449.6555633643475,0.127,-0.7425545618296678
2022-05-29 17:00:00,0.0,0.1164403596057749,23.02421425114687,2059.874153146485,0.126,-0.7808028975748562
2022-05-29 17:30:00,0.0,0.1601033393450971,31.208429916529248,2783.927162713157,0.126,-0.8045276782107847
2022-05-29 18:00:00,0.0,0.0530343664813775,18.80427310449814,1678.4263129968178,0.12533333333333332,-0.7988660957038903
2022-05-29 18:30:00,0.0,0.0343354286432327,12.32034739388834,1100.4797138617269,0.12533333333333332,-0.7539771839420465
2022-05-29 19:00:00,0.0,0.0140429698666962,10.630818284021188,949.0037050085948,0.12533333333333332,-0.674054115337706
2022-05-29 19:30:00,0.2,2.6258392924944224e-05,8.38396131976112,748.1530090839036,0.12533333333333332,-0.5742214926649095
2022-05-29 20:00:00,0.0,2.600969466871188e-05,7.652677421418517,682.2043468919017,0.12666666666666668,-0.4705663336509444
2022-05-29 20:30:00,0.0,2.5939746154101555e-05,5.582479916917968,498.2283133483694,0.12666666666666668,-0.3747403506230602
2022-05-29 21:00:00,0.0,0.0107280239244252,5.004154629229544,445.89696729285424,0.12733333333333333,-0.294726076998822
2022-05-29 21:30:00,0.0,2.5657134418759616e-05,3.450381655287074,308.1231308691384,0.12733333333333333,-0.2357035720600063
2022-05-29 22:00:00,0.0,0.0106032067812559,2.9076573287902137,259.713302378176,0.12766666666666668,-0.1986276753904812
2022-05-29 22:30:00,0.0,2.5833681681635627e-05,3.1803260794856216,283.59925033824896,0.12766666666666668,-0.1790848858756664
2022-05-29 23:00:00,0.0,2.502899022333993e-05,2.6810997325806487,238.9727044979682,0.128,-0.1688897535226925
2022-05-29 23:30:00,0.0,2.502899022333993e-05,2.632312026445164,234.27110398291208,0.128,-0.1604092255956115
2022-05-30 00:00:00,0.0,2.4993588956392983e-05,2.462408660820796,219.90497632858467,0.12833333333333333,-0.1509137979846562
2022-05-30 00:30:00,0.0,2.4785996285137452e-05,2.7604364416989657,246.3971870697373,0.12833333333333333,-0.1432155714732467
2022-05-30 01:00:00,0.0,2.468334191378207e-05,2.6614468796172215,237.3721408733545,0.12866666666666668,-0.142225098714563
2022-05-30 01:30:00,0.0,2.4648293879291414e-05,1.5314186941869132,137.07946065782534,0.12866666666666668,-0.1508360843789379
2022-05-30 02:00:00,0.0,2.4613281801622063e-05,1.9415316851546869,173.8480293561286,0.12866666666666668,-0.1678469018178533
2022-05-30 02:30:00,0.0,2.369328662745624e-05,1.6516677533862585,147.73267507751058,0.12866666666666668,-0.1880082573268525
2022-05-30 03:00:00,0.0,2.3123601439819645e-05,1.7713930897930976,157.8834524725673,0.12866666666666668,-0.2038770799047372
2022-05-30 03:30:00,0.0,2.2329950177178775e-05,1.2545669242160191,112.01732349883,0.12866666666666668,-0.2090149174314156
2022-05-30 04:00:00,0.0,0.0069926796631551,0.3168575852349368,28.54426841940798,0.12866666666666668,-0.2007579547328893
2022-05-30 04:30:00,0.0,0.0069546705050373,0.5677245836713914,50.79607724784672,0.12866666666666668,-0.1808919062441386
2022-05-30 05:00:00,0.0,2.2004533985472384e-05,0.2266936328890795,20.287119333436465,0.129,-0.1542160722350702
2022-05-30 05:30:00,0.0,0.0067631800519073,0.0454539920911411,3.985777672172943,0.129,-0.126524663241807
2022-05-30 06:00:00,0.0,2.2101415206849497e-05,-0.118714519130906,-10.327132995634784,0.129,-0.1038315828879491
2022-05-30 06:30:00,0.0,2.2560223421108573e-05,0.4604954709664171,41.013836026564974,0.129,-0.0923564563963837
2022-05-30 07:00:00,0.0,2.275789808853537e-05,0.4067208497195711,36.371240980544734,0.129,-0.0964473765320492
2022-05-30 07:30:00,0.0,2.3123601439819645e-05,0.3168575852349368,28.39652612367946,0.129,-0.1145505570894705
2022-05-30 08:00:00,0.0,2.249461350944277e-05,0.0999543478588918,9.193903021659551,0.129,-0.1381275330777827
2022-05-30 08:30:00,0.2,2.2593081150686816e-05,0.262795450063675,23.72794762932638,0.129,-0.1569383542236481
2022-05-30 09:00:00,0.0,0.0001034788810977,0.7809163570551765,69.76350190937016,0.12833333333333333,-0.1668748504876297
2022-05-30 09:30:00,0.0,0.0001069419381444,2.026209321836486,180.86268976939292,0.12833333333333333,-0.1730776336049984
2022-05-30 10:00:00,0.0,0.0033620558686428,3.234020615238608,288.7692173773261,0.12866666666666668,-0.1855025046149747
2022-05-30 10:30:00,0.0,0.0034371868034464,4.854947805213205,433.37766291793463,0.12866666666666668,-0.2104091953587731
2022-05-30 11:00:00,0.0,0.0319724293599372,7.22087472075107,644.5259746796398,0.12833333333333333,-0.2446066379217872
2022-05-30 11:30:00,0.0,0.0480437753843184,10.144387077773946,905.3017948088078,0.12833333333333333,-0.2768789567783612
2022-05-30 12:00:00,0.0,0.022088030338045,9.310071466453405,830.49815434683,0.128,-0.2947886137000128
2022-05-30 12:30:00,0.0,0.0006880615050241,6.635974975526229,592.0520188872105,0.128,-0.29137982037638
2022-05-30 13:00:00,1.0,0.0139365430004148,3.969307495428723,354.17165934497694,0.12633333333333333,-0.2687738912755413
2022-05-30 13:30:00,0.2,0.01865673140735,3.201614421394685,285.4951276952846,0.12633333333333333,-0.2382049988495285
2022-05-30 14:00:00,0.2,0.0185988199626127,2.8590770555360394,255.3636789164556,0.13133333333333333,-0.2149499922789634
2022-05-30 14:30:00,0.4,0.0085234628118441,1.9415316851546869,173.0876463480959,0.13133333333333333,-0.2090838600246907
2022-05-30 15:00:00,0.0,0.1078252362062539,4.110972785082201,366.7345755457624,0.13466666666666668,-0.2194357675156069
2022-05-30 15:30:00,0.0,0.1049061769965013,3.731625172954924,333.3365695849535,0.13466666666666668,-0.2360742681603587
2022-05-30 16:00:00,0.0,0.0207392566339844,4.8243284402783395,430.7851040935834,0.1376666666666667,-0.2483003782252258
2022-05-30 16:30:00,0.0,0.0361046225387911,7.319615525425626,653.205392888806,0.1376666666666667,-0.2518645848764585
2022-05-30 17:00:00,0.0,0.0423867047604223,7.121811721203691,635.4294192593052,0.14033333333333334,-0.2505244040620861
2022-05-30 17:30:00,0.0,0.063213209212424,8.26258224760632,738.7999474430331,0.14033333333333334,-0.2509754313266438
2022-05-30 18:00:00,0.4,0.008201431565602,8.763835076973214,782.4666920919298,0.14233333333333334,-0.2568935539541072
2022-05-30 18:30:00,0.0,0.0176851809861608,9.729950152516713,867.959587029038,0.14233333333333334,-0.268241488232244
2022-05-30 19:00:00,0.0,0.0114975268962499,10.23433826800633,913.3561120283376,0.14400000000000002,-0.2834392671831393
2022-05-30 19:30:00,0.0,2.5903426022643787e-05,9.004813246841893,804.4714535442217,0.14400000000000002,-0.2995226939002879
2022-05-30 20:00:00,0.0,2.4579650240962487e-05,6.650376753696422,593.7555111634965,0.14500000000000002,-0.3125331454678189
2022-05-30 20:30:00,0.0,2.3558714866712376e-05,5.265185058677094,470.04482159466306,0.14500000000000002,-0.3192101176134816
2022-05-30 21:00:00,0.0,0.0052343475646673,4.205028328548456,375.7029343463881,0.14666666666666667,-0.3165371966956617
2022-05-30 21:30:00,0.0,0.0053001442277031,3.620023928777725,323.2399863145868,0.14666666666666667,-0.3011021863895449
2022-05-30 22:00:00,0.0,0.0055930731363453,3.1529351656471625,281.7476431557676,0.14766666666666667,-0.2724203135044568
2022-05-30 22:30:00,0.0,0.0059055886040697,3.507982262214942,313.1276440073903,0.14766666666666667,-0.2362266376771546
2022-05-30 23:00:00,0.0,0.0052907318027516,3.282560205997164,293.06948111026253,0.14866666666666667,-0.2025170442457478
2022-05-30 23:30:00,0.0,0.0056723300072628,3.3310164729172893,297.33734779831536,0.14866666666666667,-0.1805235432414641
2022-05-31 00:00:00,0.0,0.0055857084821271,3.697134060181398,330.33011776033817,0.14933333333333335,-0.1750679842243682
2022-05-31 00:30:00,0.0,2.1777238958862854e-05,3.160023097685281,282.3482803565365,0.14933333333333335,-0.1852828929772337
2022-05-31 01:00:00,0.0,2.110339745933009e-05,2.528566269586095,225.8617655470709,0.14933333333333335,-0.2055594093811671
2022-05-31 01:30:00,0.0,2.0407683898210747e-05,2.088134173590422,186.752980608796,0.14933333333333335,-0.2280562408980237
2022-05-31 02:00:00,0.0,0.0037931146419811,1.6058499244996185,143.58626362755848,0.14966666666666664,-0.2449615277327887
2022-05-31 02:30:00,0.0,0.0036615467289842,1.2208845392658834,109.31092977826628,0.14966666666666664,-0.249909016273977
2022-05-31 03:00:00,0.0,1.8870626525383647e-05,1.1503049677562978,102.58101305254048,0.15,-0.239593890282323
2022-05-31 03:30:00,0.0,1.863089168801157e-05,0.5067098751551209,45.60314444453182,0.15,-0.2153499537081022
2022-05-31 04:00:00,0.0,1.8302623627743337e-05,0.6330552274586212,56.487433897754705,0.14966666666666664,-0.1828127661773992
2022-05-31 04:30:00,0.0,1.8660457163882885e-05,0.3433927438797266,30.82539073957148,0.14966666666666664,-0.1490740890266464
2022-05-31 05:00:00,0.0,1.920436059962202e-05,0.4705024731404659,41.82829052960578,0.15033333333333332,-0.1192900162096907
2022-05-31 05:30:00,0.0,1.9479081044036483e-05,0.2522317790298645,22.491053952652724,0.15033333333333332,-0.095220734675352
2022-05-31 06:00:00,0.0,1.9022480913138412e-05,0.3797709622893957,33.89912313780846,0.15,-0.0763783500691944
2022-05-31 06:30:00,0.0,1.905251754267956e-05,0.1424295465467058,12.667593524287298,0.15,-0.0624694150325724
2022-05-31 07:00:00,0.0,0.0005248833178126,0.3251852099205791,29.225845528282193,0.14966666666666664,-0.0552903135142595
2022-05-31 07:30:00,0.0,0.0005414879610262,0.1607610767491157,14.455578555438994,0.14966666666666664,-0.0587214444448376
2022-05-31 08:00:00,0.0,0.0050785224150947,0.8482852868809297,75.6631983241402,0.14966666666666664,-0.0766448353944444
2022-05-31 08:30:00,0.0,0.0053035327811785,1.6058499244996185,143.32406080995543,0.14966666666666664,-0.1104495089773463
2022-05-31 09:00:00,0.0,0.0111267757957397,3.340195766398667,298.38531092309455,0.14900000000000002,-0.1586866751638717
2022-05-31 09:30:00,0.0,0.0121353114373849,6.78348000175903,605.6051064910828,0.14900000000000002,-0.2187505526178503
2022-05-31 10:00:00,0.0,0.023551469628462,10.893745861588686,972.8188852253816,0.14833333333333334,-0.2874676772703335
2022-05-31 10:30:00,0.0,0.0252937727437563,18.74495109872785,1673.5825776871766,0.14833333333333334,-0.3597975667165737
2022-05-31 11:00:00,0.0,0.0326168210050142,23.58945232488797,2107.818580633986,0.14700000000000002,-0.4289152665107151
2022-05-31 11:30:00,0.0,0.0342325104453093,31.15031538110812,2783.139374750121,0.14700000000000002,-0.4888020811727752
2022-05-31 12:00:00,0.0,0.112863335133445,30.183741404223397,2698.0330360101025,0.14633333333333334,-0.5358493274778067
2022-05-31 12:30:00,0.0,0.1114337181623093,29.633519711538188,2648.728986649535,0.14633333333333334,-0.5678858441909016
2022-05-31 13:00:00,0.0,0.0333789180647125,30.032817753436703,2682.079725471833,0.14633333333333334,-0.5837352548606057
2022-05-31 13:30:00,0.0,0.0325384323753875,28.670377367239222,2561.708807471443,0.14633333333333334,-0.5852139574227467
2022-05-31 14:00:00,0.0,0.0142071967079793,27.20238962446672,2431.1570193380458,0.14533333333333334,-0.5793081686051369
2022-05-31 14:30:00,0.0,0.0882153964662399,26.982979060869607,2410.8243498987813,0.14533333333333334,-0.5773434282270208
2022-05-31 15:00:00,0.0,0.1466805399813875,28.719383064056185,2566.746413424374,0.1446666666666667,-0.5901106912902754
2022-05-31 15:30:00,0.0,0.1470709697626306,30.72031592034264,2747.0522072881245,0.1446666666666667,-0.6214111673130656
2022-05-31 16:00:00,0.0,0.036686328941418,28.809102285003178,2576.4191092762658,0.14300000000000002,-0.6652934758152714
2022-05-31 16:30:00,0.0,0.1256243044656417,35.14238201249381,3139.3243938212413,0.14300000000000002,-0.709192042347209
2022-05-31 17:00:00,0.0,0.0920823513445993,31.048995974357236,2775.854194485709,0.14233333333333334,-0.7399640811529291
2022-05-31 17:30:00,0.0,0.1664233910292654,30.22338493751307,2701.6299324222073,0.14233333333333334,-0.7489767120704837
2022-05-31 18:00:00,0.0,0.1015045510567931,26.84745748522449,2399.1443719154795,0.14100000000000001,-0.7348215920322952
2022-05-31 18:30:00,0.0,0.1763046428545832,25.792525824687733,2303.236771843715,0.14100000000000001,-0.7027729033524707
2022-05-31 19:00:00,0.0,0.1447426422212241,25.137416624325088,2245.8697981978708,0.14100000000000001,-0.6608063170406913
2022-05-31 19:30:00,0.0,0.0008168873784575,21.424394044157825,1913.8906702545855,0.14100000000000001,-0.615042228337555
2022-05-31 20:00:00,0.0,3.262987295419592e-05,18.188957696473064,1624.8113453658484,0.14100000000000001,-0.5683780377189968
2022-05-31 20:30:00,0.0,3.18386857926341e-05,15.592966830241162,1392.4592570449188,0.14100000000000001,-0.5220831462259036
2022-05-31 21:00:00,0.0,3.0940246868121084e-05,13.049612692908504,1165.3733925399354,0.14100000000000001,-0.4772206159073255
2022-05-31 21:30:00,0.0,0.028922211637279,11.159919341909449,996.2341520597968,0.14100000000000001,-0.4346332052118394
2022-05-31 22:00:00,0.0,0.0280039776169071,9.51592509213888,849.7550142918532,0.14133333333333334,-0.3946834454929087
2022-05-31 22:30:00,0.0,0.0367978836908254,8.214478305246024,732.9175063013943,0.14133333333333334,-0.3576014039087045
2022-05-31 23:00:00,0.0,0.0250441668924112,6.855928947821968,612.1385069883381,0.14133333333333334,-0.3239405683981401
2022-05-31 23:30:00,0.0,0.0235068933839512,6.212292148326484,554.6074826017518,0.14133333333333334,-0.2944443600846561
2022-06-01 00:00:00,0.0,0.0228482092054051,5.646110272699247,504.01756341699,0.1416666666666667,-0.2695283131457383
2022-06-01 00:30:00,0.0,2.7046281764451948e-05,4.6847688604981395,418.5128631656168,0.1416666666666667,-0.2489175116688544
2022-06-01 01:00:00,0.0,2.6650985973610524e-05,4.175841855891111,373.10910179387815,0.14200000000000002,-0.2318955333124565
2022-06-01 01:30:00,0.0,2.6293655713524186e-05,4.1115876876591475,366.9597643985714,0.14200000000000002,-0.2179658782986704
2022-06-01 02:00:00,0.0,0.0128186877141677,3.625018342469303,323.6154680062065,0.14233333333333334,-0.2072520608779481
2022-06-01 02:30:00,0.0,0.0155836446636879,2.7275614336984533,243.50977268981336,0.14233333333333334,-0.1999870206344461
2022-06-01 03:00:00,0.0,2.6293655713524186e-05,2.8959315574082933,258.54162025169796,0.14233333333333334,-0.1954744186821838
2022-06-01 03:30:00,0.0,2.5481452105946365e-05,2.7950310097558075,249.58974440033447,0.14233333333333334,-0.1916570570451712
2022-06-01 04:00:00,0.0,2.492425274865588e-05,2.130133899826987,190.1541954398565,0.1426666666666667,-0.1859450756265085
2022-06-01 04:30:00,0.0,2.4890315067776933e-05,2.267824786997586,202.43092612441703,0.1426666666666667,-0.1767321019465244
2022-06-01 05:00:00,0.0,2.468334191378207e-05,2.0610310122945843,184.29223779720851,0.14233333333333334,-0.1643785802262657
2022-06-01 05:30:00,0.0,2.492425274865588e-05,1.9570519228997931,174.57085757257698,0.14233333333333334,-0.1507633995909026
2022-06-01 06:00:00,0.0,2.4579650240962487e-05,2.3192832149648974,206.8853337155354,0.14233333333333334,-0.1376898353086725
2022-06-01 06:30:00,0.0,2.4168032357686425e-05,1.572405969978061,140.50714394986343,0.14233333333333334,-0.1257401625509338
2022-06-01 07:00:00,0.0,2.406591359982391e-05,1.4488813961390536,129.4049948637827,0.14200000000000002,-0.1149447603564882
2022-06-01 07:30:00,0.0,2.4339818229124272e-05,1.5900070336597742,141.9739894765062,0.14200000000000002,-0.1065433454441046
2022-06-01 08:00:00,0.0,2.5342352952357383e-05,1.9570519228997931,174.72871661314178,0.14200000000000002,-0.1036996615786019
2022-06-01 08:30:00,0.0,2.6044719324839073e-05,2.250650761422074,200.9874880057921,0.14200000000000002,-0.1104288966341123
2022-06-01 09:00:00,0.0,0.0062507125128028,4.794910377095459,428.161507456537,0.1416666666666667,-0.1301240299670623
2022-06-01 09:30:00,0.0,0.0066099750552715,8.950858638829251,799.064326708241,0.1416666666666667,-0.1646119065215083
2022-06-01 10:00:00,0.0,0.0174926914504712,12.350058386223685,1102.5750213229005,0.1416666666666667,-0.2131868444254824
2022-06-01 10:30:00,0.0,0.0182274810948859,18.09627452823653,1615.5853232740858,0.1416666666666667,-0.2718167724074897
2022-06-01 11:00:00,0.0,0.0272579904483197,22.002100926769693,1964.8007148885893,0.14033333333333334,-0.3344184508801625
2022-06-01 11:30:00,0.0,0.0268591153346661,23.550767583604884,2103.304025541255,0.14033333333333334,-0.396014095580864
2022-06-01 12:00:00,0.0,0.2870928473697184,25.162876597661533,2247.564594784329,0.1396666666666667,-0.4535445035104417
2022-06-01 12:30:00,0.0,0.2496808509011172,27.632614062155277,2470.0379805015627,0.1396666666666667,-0.503273033812398
2022-06-01 13:00:00,0.0,0.1182317150608966,28.278660371819377,2525.25589146342,0.1386666666666667,-0.5410534203686547
2022-06-01 13:30:00,0.0,0.1572796385655304,24.291519206139963,2169.451437072364,0.1386666666666667,-0.5685067035130499
2022-06-01 14:00:00,0.0,0.2588583281237199,28.470004834437336,2544.059372092744,0.13833333333333334,-0.5955172679022226
2022-06-01 14:30:00,0.0,0.2257395942652001,30.65563866871707,2739.164197892867,0.13833333333333334,-0.6310264713759485
2022-06-01 15:00:00,0.0,0.2866115590224579,31.507791311305223,2816.0960990446647,0.13733333333333334,-0.6726010309863748
2022-06-01 15:30:00,0.0,0.3210965095196194,29.51357958531147,2638.245292731699,0.13733333333333334,-0.7092548430173033
2022-06-01 16:00:00,0.0,0.2582017236485895,28.68542405378643,2565.325247965203,0.13633333333333333,-0.7331193458168164
2022-06-01 16:30:00,0.0,0.2365575918304541,26.84072061435695,2400.719868929375,0.13633333333333333,-0.7441992099772442
2022-06-01 17:00:00,0.0,0.2526277976603671,29.643538444284413,2648.7249998799434,0.13566666666666669,-0.7436927884027251
2022-06-01 17:30:00,0.0,0.1110788730182731,39.3833746448263,3511.734363412354,0.13566666666666669,-0.7265067602860742
2022-06-01 18:00:00,0.0,0.0688141825260357,25.127271045747765,2245.0094253321636,0.13566666666666669,-0.6843269754335854
2022-06-01 18:30:00,0.0,0.0461918131532141,21.45387312499516,1915.624189009762,0.13566666666666669,-0.617157585710741
2022-06-01 19:00:00,0.0,0.0042086171090354,17.35277627208152,1549.3570755641122,0.13533333333333333,-0.5393557331963201
2022-06-01 19:30:00,0.0,0.0041345188339635,15.697389329427809,1401.5043092457115,0.13533333333333333,-0.4717224801056086
2022-06-01 20:00:00,0.0,0.0008239360515762,13.453971823077968,1201.1549775758483,0.13533333333333333,-0.427949181300176
2022-06-01 20:30:00,0.0,0.0007870939610301,11.91576351075166,1064.0995732771569,0.13533333333333333,-0.4086675894088555
2022-06-01 21:00:00,0.0,3.1367349421886946e-05,10.96568448911574,979.1480384152718,0.13566666666666669,-0.4052803274099565
2022-06-01 21:30:00,0.0,0.0304327870347533,9.372201968064283,836.8509547581776,0.13566666666666669,-0.4072626665427429
2022-06-01 22:00:00,0.0,0.0277040494369558,8.412629956616914,751.1156528866229,0.13566666666666669,-0.4075717884063291
2022-06-01 22:30:00,0.0,0.0356284800372308,7.11911459587613,635.7305267470978,0.13566666666666669,-0.403968668617288
2022-06-01 23:00:00,0.0,0.0228045270231511,6.235095315588071,556.8351715315656,0.13633333333333333,-0.3963502614578556
2022-06-01 23:30:00,0.0,0.0210348116235063,5.339442749675809,476.71723380944,0.13633333333333333,-0.383136363219625
2022-06-02 00:00:00,0.0,0.0183434537849059,5.066321030261094,452.23268114341937,0.1366666666666667,-0.3610552100672793
2022-06-02 00:30:00,0.0,0.0173216560521491,4.089532357790516,365.0657418056188,0.1366666666666667,-0.3288620327535751
2022-06-02 01:00:00,0.0,0.0169877290617269,3.530306759950934,315.1824350242139,0.13733333333333334,-0.2902866959804023
2022-06-02 01:30:00,0.0,0.0164603315937502,3.095099351133386,276.1789350978641,0.13733333333333334,-0.2522347824260796
2022-06-02 02:00:00,0.0,2.4270465099293883e-05,2.942871099857254,262.795482938619,0.138,-0.2201395723155836
2022-06-02 02:30:00,0.0,2.399844920328174e-05,2.4639123402997183,220.2086413376663,0.138,-0.1950664834573692
2022-06-02 03:00:00,0.0,2.2923596763138143e-05,2.532839937085974,226.25049711068297,0.138,-0.1745202908993446
2022-06-02 03:30:00,0.0,2.3558714866712376e-05,2.2908427801655176,204.32787737964688,0.138,-0.1553859978083036
2022-06-02 04:00:00,0.0,2.3224081724526502e-05,1.959006404465264,174.90313948576144,0.13833333333333334,-0.1359174606541752
2022-06-02 04:30:00,0.0,2.272486421650997e-05,1.7650540146040516,157.44163516299577,0.13833333333333334,-0.1154818358442526
2022-06-02 05:00:00,0.0,2.26589022265558e-05,2.2908427801655176,204.30149059240603,0.138,-0.0940114283073277
2022-06-02 05:30:00,0.0,2.275789808853537e-05,1.7650540146040516,157.4949524590897,0.138,-0.0729314014412388
2022-06-02 06:00:00,0.0,2.3257646047119997e-05,1.7650540146040516,157.38820749627575,0.13833333333333334,-0.0560222717566249
2022-06-02 06:30:00,0.0,2.315705943392293e-05,1.6941860329706584,151.34936549767437,0.13833333333333334,-0.0482608441993554
2022-06-02 07:00:00,0.0,0.0001416795064274,1.9765710341360851,176.273777204203,0.13833333333333334,-0.0536758917806369
2022-06-02 07:30:00,0.0,0.0001443129566774,3.12881622919805,279.11441360798347,0.13833333333333334,-0.0742461062785204
2022-06-02 08:00:00,0.0,0.0061861885775495,4.2357475901736334,378.06935945358896,0.1376666666666667,-0.1095980243703347
2022-06-02 08:30:00,0.0,0.006727899186121,5.919786921418331,528.6500162605827,0.1376666666666667,-0.1567514765038292
2022-06-02 09:00:00,0.0,0.005010279429916,9.683620176083087,864.3960791129412,0.13733333333333334,-0.210776031295681
2022-06-02 09:30:00,0.0,0.0053506424643854,13.110736865916294,1170.703267820232,0.13733333333333334,-0.266982383593578
2022-06-02 10:00:00,0.0,0.0126015164618898,17.96475779231968,1603.8149986811854,0.137,-0.3229314945080141
2022-06-02 10:30:00,0.0,0.0130383033560179,21.898548458353613,1955.962945173355,0.137,-0.3784870796791396
2022-06-02 11:00:00,0.0,0.1895328308011445,26.111109615134175,2332.2007703811546,0.136,-0.4344127649374056
2022-06-02 11:30:00,0.0,0.2682800546101281,28.318207486892135,2530.294817907742,0.136,-0.4908845096611715
2022-06-02 12:00:00,0.0,0.141575843616091,30.43913851107712,2719.7959825384632,0.135,-0.5465783485789169
2022-06-02 12:30:00,0.0,0.0055580825924066,28.42766344978308,2539.8162588750965,0.135,-0.598471769762815
2022-06-02 13:00:00,0.0,0.1440138930154513,29.352611068295037,2623.4089955636755,0.13433333333333333,-0.6428846682622593
2022-06-02 13:30:00,0.0,0.2151291542076539,33.17257191492259,2964.494267788333,0.13433333333333333,-0.6782429475172008
2022-06-02 14:00:00,0.0,0.1758126846800416,30.6730449167892,2742.515724228944,0.13366666666666668,-0.708096071874817
2022-06-02 14:30:00,0.0,0.313129349212505,29.410375768244233,2627.158176783438,0.13366666666666668,-0.7396442643168823
2022-06-02 15:00:00,0.0,0.2317727116076926,31.976622755590657,2857.0985024132774,0.13066666666666668,-0.7758264705959503
2022-06-02 15:30:00,0.0,0.3339886541219342,31.984474337690862,2858.930503494872,0.13066666666666668,-0.8087933766114165
2022-06-02 16:00:00,0.0,0.3355079318588155,34.04900695937734,3042.8040995601623,0.13,-0.8244147724642824
2022-06-02 16:30:00,0.0,0.2669157483901532,30.713267818585084,2744.7179844737298,0.13,-0.8145536696761135
2022-06-02 17:00:00,0.0,0.2163786491159236,28.85475810757772,2578.579443579752,0.129,-0.7833993784476262
2022-06-02 17:30:00,0.0,0.1324696123802702,26.03163236088148,2326.2068089332747,0.129,-0.7415504566070735
2022-06-02 18:00:00,0.0,0.2944016731379269,27.724618928455936,2476.985903028845,0.129,-0.6966847373347616
2022-06-02 18:30:00,0.0,0.2105047839465699,27.339188286441928,2442.4812092312422,0.129,-0.6521892852221759
2022-06-02 19:00:00,0.0,0.1112550818033819,24.394493835741372,2178.9364885468876,0.12866666666666668,-0.6124886163916593
2022-06-02 19:30:00,0.0,0.0157922843331781,22.69574509490774,2027.1923380849476,0.12866666666666668,-0.5847074595456611
2022-06-02 20:00:00,0.0,0.0098737981368212,21.37176946983719,1908.8449676879836,0.12866666666666668,-0.5731833793787406
2022-06-02 20:30:00,0.0,0.009185715843404,18.862349573671384,1683.996838131345,0.12866666666666668,-0.5745305110466108
2022-06-02 21:00:00,0.0,0.0451172095796968,15.24116079157178,1360.7122935797438,0.12833333333333333,-0.5799331968404745
2022-06-02 21:30:00,0.0,0.0547947492906927,12.45781685129016,1112.2858295865658,0.12833333333333333,-0.5812320887683614
2022-06-02 22:00:00,0.0,0.0582917689181128,10.16707718543548,907.6281312586268,0.12866666666666668,-0.5741835427082044
2022-06-02 22:30:00,0.0,0.0540587173769007,8.610224653993921,768.5484466242716,0.12866666666666668,-0.5576995379012395
2022-06-02 23:00:00,0.0,0.0295366384819588,7.089537955188672,633.2828976467684,0.129,-0.5321284839131178
2022-06-02 23:30:00,0.0,0.038424385349158,5.751063594479551,513.7260295188036,0.129,-0.4987021225341416
2022-06-03 00:00:00,0.0,0.0370475827602002,5.760907512217312,514.1352048666572,0.12966666666666668,-0.4599058774926235
2022-06-03 00:30:00,0.0,0.0246981016333201,4.6669439857504225,416.6911042422346,0.12966666666666668,-0.4193287961952951
2022-06-03 01:00:00,0.0,0.023315793171885,3.897409247175397,348.19222589226354,0.13033333333333333,-0.380211898275909
2022-06-03 01:30:00,0.0,0.0206090300287322,3.7309752687428266,333.233655325617,0.13033333333333333,-0.3437925748084525
2022-06-03 02:00:00,0.0,0.0190996584130312,3.1747139723986804,283.5330311568355,0.131,-0.30920606514807
2022-06-03 02:30:00,0.0,0.0177106780243729,3.1747139723986804,283.3141246701356,0.131,-0.2749979465182156
2022-06-03 03:00:00,0.0,0.0171709599337011,2.5202567693794484,224.77183952596843,0.131,-0.2407028676093016
2022-06-03 03:30:00,0.0,0.0164771702051929,2.5376769358774616,226.4206248474929,0.131,-0.2073090325299394
2022-06-03 04:00:00,0.0,0.0161395823074179,2.3279122097062763,207.718259323392,0.131,-0.1764864260479836
2022-06-03 04:30:00,0.0,0.0154221706594406,2.151890627929646,192.07106576028335,0.131,-0.1492477069716396
2022-06-03 05:00:00,0.0,2.2461861299539943e-05,1.5809708924893595,141.29217247444376,0.13166666666666668,-0.1253260875504241
2022-06-03 05:30:00,0.0,2.2069086497893275e-05,2.063458906911581,183.95697851501876,0.13166666666666668,-0.1041135285585444
2022-06-03 06:00:00,0.0,2.1971071472423815e-05,1.635000061876852,145.93152689986226,0.13166666666666668,-0.0862066350507697
2022-06-03 06:30:00,0.0,2.0943965061442254e-05,2.116551823824788,188.62043485400545,0.13166666666666668,-0.0736963870775105
2022-06-03 07:00:00,0.0,2.129397227424847e-05,1.598992425787358,142.7549263627703,0.13166666666666668,-0.0687848208685119
2022-06-03 07:30:00,0.0,2.272486421650997e-05,2.01026391303385,179.55042049311416,0.13166666666666668,-0.0722001727696249
2022-06-03 08:00:00,0.0,2.376143814251221e-05,3.1747139723986804,283.37869847985166,0.13166666666666668,-0.0830266498654877
2022-06-03 08:30:00,0.0,2.492425274865588e-05,4.046374042473849,361.3769278886487,0.13166666666666668,-0.1002126879730882
2022-06-03 09:00:00,0.0,2.7591435480352944e-05,6.024290091997986,537.7465877666534,0.132,-0.1247981002521863
2022-06-03 09:30:00,0.0,2.9902966050348084e-05,9.46209313395678,844.2916306809149,0.132,-0.1612922952619741
2022-06-03 10:00:00,0.0,3.347404308669146e-05,13.2100624902961,1179.164814054868,0.13133333333333333,-0.2166654561088456
2022-06-03 10:30:00,0.0,0.0536854034866529,20.295799080048862,1812.163897881854,0.13133333333333333,-0.296436977946084
2022-06-03 11:00:00,0.0,0.2043310937858368,25.28361329971203,2259.062405913673,0.13033333333333333,-0.3998570017684837
2022-06-03 11:30:00,0.0,0.2299731251715168,29.699585413713063,2654.740895397052,0.13033333333333333,-0.5179653902408307
2022-06-03 12:00:00,0.0,0.3917655965985804,34.48156808907884,3081.7468308613743,0.129,-0.6364638539091239
2022-06-03 12:30:00,0.0,0.5317725271019336,36.80361150776254,3287.978114548055,0.129,-0.7410700337868729
2022-06-03 13:00:00,0.0,0.5785259216550194,31.469955535003336,2817.2043085331684,0.12766666666666668,-0.8211038903733803
2022-06-03 13:30:00,0.0,0.4928021601754657,35.914033630591454,3212.111538841054,0.12766666666666668,-0.8698241126620657
2022-06-03 14:00:00,0.0,0.3713897522414281,32.557896639813,2910.308366874265,0.12633333333333333,-0.8836460001560744
2022-06-03 14:30:00,0.0,0.4200372903130285,32.04446081695486,2864.5979980274333,0.12633333333333333,-0.8625668621463054
2022-06-03 15:00:00,0.0,0.3370276659807673,29.840481382188067,2667.028053883509,0.12466666666666666,-0.8116162542835724
2022-06-03 15:30:00,0.0,0.3845453320164535,26.38841167169029,2356.93971177843,0.12466666666666666,-0.7419368571923839
2022-06-03 16:00:00,0.0,0.2531352902325874,23.57963181879919,2104.330029205656,0.125,-0.6698154795551794
2022-06-03 16:30:00,0.0,0.194156389308316,18.213913413339935,1626.3451679481625,0.125,-0.6116929308794624
2022-06-03 17:00:00,0.0,0.2805263920040821,21.3825051834594,1909.0183605244367,0.12466666666666666,-0.5762502723234648
2022-06-03 17:30:00,0.0,0.1447200132088301,23.46622191596019,2095.5141626012005,0.12466666666666666,-0.5604253258703624
2022-06-03 18:00:00,0.0,0.2881783551576804,23.89939457997324,2134.1776514905796,0.12466666666666666,-0.5546182810067424
2022-06-03 18:30:00,0.0,0.2157283179180476,24.569091613977186,2193.5795743854706,0.12466666666666666,-0.5513694894648883
2022-06-03 19:00:00,0.0,0.151223259572416,27.95166624285146,2493.9359107121163,0.124,-0.5477683904970376
2022-06-03 19:30:00,0.0,0.050500954586563,22.120912537396915,1975.1641646887535,0.124,-0.5417263733233082
2022-06-03 20:00:00,0.0,0.00064473535391,17.024896758043585,1520.4461656365163,0.124,-0.5302713392852673
2022-06-03 20:30:00,0.0,0.0006404092353378,13.917041773913663,1242.7564542377982,0.124,-0.5124447966891333
2022-06-03 21:00:00,0.0,3.726272530589475e-05,11.968725212660326,1068.451825025294,0.12366666666666666,-0.490801642786168
2022-06-03 21:30:00,0.0,3.519499171295756e-05,10.076669233041692,899.2263164226962,0.12366666666666666,-0.46763727969011
2022-06-03 22:00:00,0.0,0.0397424113750459,7.950895527580033,709.7657791680443,0.12366666666666666,-0.4410502674188445
2022-06-03 22:30:00,0.0,0.0380886631069586,6.830775242689503,609.8830690880644,0.12366666666666666,-0.4072205402381456
2022-06-03 23:00:00,0.0,0.0369161885746993,5.573565572296757,497.7675231981703,0.12433333333333334,-0.3660315175536365
2022-06-03 23:30:00,0.0,0.0347801292940145,5.163510933793408,461.1615399754919,0.12433333333333334,-0.3221417066960852
2022-06-04 00:00:00,0.0,0.0327407398895505,5.098030880989777,454.5551882735293,0.12433333333333334,-0.2805358426740415
2022-06-04 00:30:00,0.0,3.013207550573784e-05,4.413415177070472,393.4326021841494,0.12433333333333334,-0.2431658557182889
2022-06-04 01:00:00,0.0,2.975037960921708e-05,3.914252161095432,349.1974639804528,0.12466666666666666,-0.2103126521078709
2022-06-04 01:30:00,0.0,2.9902966050348084e-05,3.525562638233221,314.4394627521857,0.12466666666666666,-0.1832235315826935
2022-06-04 02:00:00,0.0,2.929735908506126e-05,3.062365142134539,273.0897166591516,0.12466666666666666,-0.1641931742419697
2022-06-04 02:30:00,0.0,2.929735908506126e-05,2.6265691993521414,234.34944399037465,0.12466666666666666,-0.1547716464135467
2022-06-04 03:00:00,0.0,2.9485025759073216e-05,3.2004032628603687,285.2266973962258,0.12466666666666666,-0.1544627876054543
2022-06-04 03:30:00,0.0,2.9333912043817993e-05,2.361792007705271,210.87884051940543,0.12466666666666666,-0.1603573466571986
2022-06-04 04:00:00,0.0,2.8921487481622617e-05,2.7667629927452437,246.6105258579609,0.12533333333333332,-0.1672482683380081
2022-06-04 04:30:00,0.0,2.8659775033925233e-05,1.842616458695137,164.81736143763567,0.12533333333333332,-0.168919331385101
2022-06-04 05:00:00,0.0,2.8067349052283917e-05,1.878736301768121,167.7641957431096,0.12533333333333332,-0.1612277152193096
2022-06-04 05:30:00,0.0,2.847427479058182e-05,1.7883478087703764,159.91657282953702,0.12533333333333332,-0.1451915975691928
2022-06-04 06:00:00,0.0,2.8959225565404393e-05,1.752109230783485,156.49232843410465,0.125,-0.1269946182073887
2022-06-04 06:30:00,0.0,2.8846113638478657e-05,2.29075722700521,204.29309124787005,0.125,-0.114422418554554
2022-06-04 07:00:00,0.0,0.0008800109614263,2.888859027151479,257.86256463464605,0.125,-0.1129956753649892
2022-06-04 07:30:00,0.0,0.0009304361399001,4.281152156446365,382.04651783684847,0.125,-0.1250128627130358
2022-06-04 08:00:00,0.0,0.0096094539158815,6.5593226858511775,585.367083516299,0.125,-0.1510313612079702
2022-06-04 08:30:00,0.0,0.0099315946091071,9.842080934235453,878.0840960584243,0.125,-0.1909843568462739
2022-06-04 09:00:00,0.0,0.0193802442308143,12.616962130969128,1126.3553086130214,0.12433333333333334,-0.2438236399563333
2022-06-04 09:30:00,0.0,0.0201017481545539,16.29693038572264,1455.0354561989989,0.12433333333333334,-0.3071719443223605
2022-06-04 10:00:00,0.0,0.095132225660035,19.70721659724683,1759.5823780138749,0.12366666666666666,-0.3781395140959649
2022-06-04 10:30:00,0.0,0.1065321215040879,24.91918693406008,2225.7366633946713,0.12366666666666666,-0.454060848033415
2022-06-04 11:00:00,0.0,0.1475420905987686,28.238991959493944,2522.5044661803468,0.123,-0.5318615402079435
2022-06-04 11:30:00,0.0,0.0665184655247667,32.08485297255458,2866.6027714626466,0.123,-0.6074611849278969
2022-06-04 12:00:00,0.0,0.2526416441991753,31.438887090868064,2810.273612687313,0.124,-0.6767972831265825
2022-06-04 12:30:00,0.0,0.2940043380688443,32.26114005440535,2883.7496297717557,0.124,-0.7366791349523999
2022-06-04 13:00:00,0.0,0.2302227074186448,32.27713767390998,2885.5332130993497,0.124,-0.7832000694476347
2022-06-04 13:30:00,0.0,0.1641979189751989,34.76343390400199,3106.082217981728,0.124,-0.810429945716156
2022-06-04 14:00:00,0.0,0.1312619878158992,30.122786688152672,2692.348187051874,0.12366666666666666,-0.813447261392139
2022-06-04 14:30:00,0.0,0.0411640448540272,28.635164452905116,2558.3126890330655,0.12366666666666666,-0.7929725338804536
2022-06-04 15:00:00,0.0,0.0888650711702712,25.75532147903793,2300.1439495248037,0.12266666666666666,-0.7553917053831553
2022-06-04 15:30:00,0.0,0.0892494585374513,26.298514778340294,2348.489097156618,0.12266666666666666,-0.7095092184460995
2022-06-04 16:00:00,0.0,0.0246178533855954,23.54477365353373,2103.1588036220846,0.12266666666666666,-0.6662174621294183
2022-06-04 16:30:00,0.0,0.0249652049190266,22.38231852839827,1999.1129343128,0.12266666666666666,-0.6391099828605731
2022-06-04 17:00:00,0.0,0.0394637667429343,24.770589821254507,2211.741586796832,0.12266666666666666,-0.6389137256985804
2022-06-04 17:30:00,0.0,0.0406490127399519,24.817078404204477,2216.355929323403,0.12266666666666666,-0.6636871073974766
2022-06-04 18:00:00,0.0,0.0574643046655751,27.436962729334205,2449.870767381454,0.12266666666666666,-0.6955345488012447
2022-06-04 18:30:00,0.0,0.0526909120208027,26.388440874752533,2356.3105637216668,0.12266666666666666,-0.709633646397295
2022-06-04 19:00:00,1.2,0.0256732158767735,16.170950118699597,1444.3712194178038,0.12233333333333334,-0.6897629527259032
2022-06-04 19:30:00,0.0,0.0033722650602089,13.232693426647703,1181.283401688072,0.12233333333333334,-0.6380443138041678
2022-06-04 20:00:00,0.0,3.632559868713831e-05,12.932490223538286,1154.2160243790036,0.12066666666666666,-0.5711002324445383
2022-06-04 20:30:00,0.0,3.666573640149513e-05,11.75659575516473,1049.360846672356,0.12066666666666666,-0.5071085445232405
2022-06-04 21:00:00,0.0,3.5236327077905795e-05,12.844435107788296,1146.3736112358454,0.12166666666666666,-0.4553845747170633
2022-06-04 21:30:00,0.0,3.391914214544388e-05,9.116797277309042,814.5260952056191,0.12166666666666666,-0.4147950693361016
2022-06-04 22:00:00,0.0,3.2510446819210245e-05,8.06957712544132,720.1769428294002,0.12233333333333334,-0.3785221095866156
2022-06-04 22:30:00,1.6,3.082344996839441e-05,6.497930320882104,580.1549672797062,0.12233333333333334,-0.3400500438146742
2022-06-04 23:00:00,3.0,3.05531359112814e-05,4.871617467345268,435.04545387622,0.125,-0.2968639295146011
2022-06-04 23:30:00,0.6,2.9978687075037876e-05,4.064916505513715,362.62215958986263,0.125,-0.2508128320037187
2022-06-05 00:00:00,0.2,2.9902966050348084e-05,3.517014595079947,313.81540928904957,0.14433333333333334,-0.2063089577508323
2022-06-05 00:30:00,0.0,2.9636675311373782e-05,3.378872809698925,301.2628405512216,0.14433333333333334,-0.1680329744583676
2022-06-05 01:00:00,0.0,2.959832938613145e-05,2.6423047294288944,235.462500416977,0.15466666666666665,-0.1391119841684288
2022-06-05 01:30:00,0.0,2.9523270520278577e-05,1.9769346456612729,176.56916513002224,0.15466666666666665,-0.1201872530619766
2022-06-05 02:00:00,0.0,2.9410165143584247e-05,2.2846258618167297,203.59926390433773,0.15866666666666665,-0.1097396510822922
2022-06-05 02:30:00,0.4,2.9372021514339375e-05,1.684179252039856,150.4445377721166,0.15866666666666665,-0.105347979466333
2022-06-05 03:00:00,1.2,2.877237961025713e-05,1.9951291257899917,177.76164651028125,0.162,-0.1047034624727869
2022-06-05 03:30:00,1.0,2.8697275808784963e-05,1.0326804037299402,92.22125340656454,0.162,-0.1054466640348825
2022-06-05 04:00:00,0.4,2.851160658810513e-05,1.0515118598964777,93.75135249649884,0.17300000000000001,-0.1045610919428659
2022-06-05 04:30:00,0.0,2.821538850376113e-05,0.8056801904345853,71.86128174880595,0.17300000000000001,-0.098846682162693
2022-06-05 05:00:00,0.6,2.8252483396265985e-05,0.8626082452244891,76.72308577082111,0.17833333333333334,-0.0867725471409182
2022-06-05 05:30:00,0.2,2.821538850376113e-05,0.8626082452244891,76.8070700719547,0.17833333333333334,-0.0701296814808897
2022-06-05 06:00:00,0.0,2.814130076513904e-05,0.8056801904345853,71.70768906598215,0.18866666666666668,-0.0536332724314116
2022-06-05 06:30:00,0.2,2.8252483396265985e-05,0.4230722041352187,37.67089650750573,0.18866666666666668,-0.0423143877450862
2022-06-05 07:00:00,0.0,2.847427479058182e-05,-0.0237411779699729,-2.0406611368829126,0.19733333333333336,-0.0385336395616697
2022-06-05 07:30:00,0.2,2.8363972230347037e-05,0.268498885474965,23.778873795118155,0.19733333333333336,-0.0409009070005538
2022-06-05 08:00:00,0.0,0.0035043512521671,0.7486324695111688,66.4850482579991,0.20066666666666666,-0.0458395206767372
2022-06-05 08:30:00,0.2,0.0035318725491618,0.1130331407046833,10.076574155012084,0.20066666666666666,-0.0502044981793948
2022-06-05 09:00:00,0.0,0.0102989416922058,0.249114723398974,22.089943559342423,0.20233333333333334,-0.0526869403292502
2022-06-05 09:30:00,0.0,0.0106215287485282,-0.1809137760208949,-16.163958112149874,0.20233333333333334,-0.0534252213811291
2022-06-05 10:00:00,0.0,0.0079956516966334,-0.2006253825654065,-17.753842445069065,0.20366666666666666,-0.0529804937698041
2022-06-05 10:30:00,0.0,0.0081814467514965,0.5959155593386225,52.743057384959144,0.20366666666666666,-0.0517083810486172
2022-06-05 11:00:00,0.0,0.0223501673505185,1.5735883432490805,140.1831888816111,0.20333333333333334,-0.0499256210760296
2022-06-05 11:30:00,0.0,0.0228254008806381,2.2666206203537924,201.9499104622901,0.20333333333333334,-0.0487493106566646
2022-06-05 12:00:00,0.0,0.0293751471349974,3.859454971840624,344.0358204564903,0.20266666666666666,-0.0505947387522589
2022-06-05 12:30:00,0.0,0.0443944691890059,5.975482550956031,533.233773685103,0.20266666666666666,-0.0580034334651557
2022-06-05 13:00:00,0.0,0.0300926140922374,7.56252709824812,674.6075055680594,0.20233333333333334,-0.071552991710677
2022-06-05 13:30:00,0.0,0.041392082286211,9.848042219378756,877.8048512142984,0.20233333333333334,-0.0895693423531143
2022-06-05 14:00:00,0.0,0.0185106693161214,10.688182696685349,953.494521603852,0.20166666666666666,-0.1101194284840465
2022-06-05 14:30:00,0.0,0.0188720483297266,12.59031984547586,1123.375645531171,0.20166666666666666,-0.1321436128130619
2022-06-05 15:00:00,0.0,0.0186451792262881,13.689810962028474,1221.1195730494685,0.20099999999999998,-0.1538907953558838
2022-06-05 15:30:00,0.0,0.0179527876927942,11.22756238784947,1001.840112292496,0.20099999999999998,-0.1717302071856886
2022-06-05 16:00:00,0.0,0.008881545456751,8.56671078378969,764.6338740397003,0.20033333333333334,-0.182294248717645
2022-06-05 16:30:00,0.0,0.0090698555048299,7.56252709824812,674.785525121115,0.20033333333333334,-0.18541649243088
2022-06-05 17:00:00,0.2,0.0148838539376728,7.017280676536313,626.3976238724991,0.19999999999999998,-0.1837926351264276
2022-06-05 17:30:00,0.0,0.0148660096938144,5.864507278503167,523.2793866533793,0.19999999999999998,-0.1802734336188434
2022-06-05 18:00:00,0.0,0.0095853969290246,6.0702744915154465,541.5212049704584,0.20033333333333334,-0.1766741275616774
2022-06-05 18:30:00,0.0,0.0097497917924187,6.817950198408223,608.2233423064521,0.20033333333333334,-0.1746909775521683
2022-06-05 19:00:00,0.0,0.0038869027433589,8.697214022666067,775.710056672263,0.19999999999999998,-0.1761466979997347
2022-06-05 19:30:00,0.0,0.0038494076782562,8.508533767248837,759.1570898819402,0.19999999999999998,-0.181420994762364
2022-06-05 20:00:00,0.0,3.271019973049637e-05,8.186600711255943,730.5315763674355,0.19933333333333333,-0.1884301925222568
2022-06-05 20:30:00,0.0,3.2311510725841314e-05,7.622512093941872,680.3236249965184,0.19933333333333333,-0.1941387417088122
2022-06-05 21:00:00,0.0,3.191770297840187e-05,6.47758416627137,577.9360021994088,0.19966666666666666,-0.1971070047694139
2022-06-05 21:30:00,0.0,3.1329082352843475e-05,5.545117523389151,494.835660383622,0.19966666666666666,-0.1982570926434095
2022-06-05 22:00:00,0.0,3.05531359112814e-05,5.043092815764217,449.9358523834589,0.19966666666666666,-0.1993466113496998
2022-06-05 22:30:00,0.0,2.9864383502258776e-05,4.096737666013413,365.5109517519832,0.19966666666666666,-0.2011678900180961
2022-06-05 23:00:00,0.0,2.9372021514339375e-05,5.222218804346461,465.943049022149,0.19966666666666666,-0.2030908341433384
2022-06-05 23:30:00,0.0,2.85863723630622e-05,3.9783426724548434,355.1629501882791,0.19966666666666666,-0.2035471776783271
2022-06-06 00:00:00,0.0,2.784777917135708e-05,5.044923002626679,450.3146377769787,0.19966666666666666,-0.2005699125307948
2022-06-06 00:30:00,0.0,2.6650985973610524e-05,4.167389719070844,372.05156372755505,0.19966666666666666,-0.1927850178021158
2022-06-06 01:00:00,0.0,2.618656119674144e-05,4.114928023374569,367.3644294134759,0.19999999999999998,-0.1809733027436078
2022-06-06 01:30:00,0.0,2.6365696203895816e-05,3.6383860850659935,324.70888344860674,0.19999999999999998,-0.1681643774024889
2022-06-06 02:00:00,0.0,2.5551897839576503e-05,2.9902849204630475,267.1443206760259,0.19999999999999998,-0.1566407292307713
2022-06-06 02:30:00,0.0,2.502899022333993e-05,3.1718110816946217,283.132024969193,0.19999999999999998,-0.1448214619940569
2022-06-06 03:00:00,0.0,2.437321212789204e-05,3.5492552991746766,316.79916217694444,0.19999999999999998,-0.1286572619667037
2022-06-06 03:30:00,0.0,0.003251635189716,3.1537110630990277,281.33901662519776,0.19999999999999998,-0.1066228072363086
2022-06-06 04:00:00,0.0,0.0037797572185051,3.2801678125566,292.32395278412713,0.20033333333333334,-0.0823498889357915
2022-06-06 04:30:00,0.0,2.4785996285137452e-05,3.6383860850659935,324.3591598705842,0.20033333333333334,-0.0617049945885663
2022-06-06 05:00:00,0.0,0.0033756390519487,3.388110172319955,302.5762667217672,0.20033333333333334,-0.047786850146656
2022-06-06 05:30:00,0.0,2.4407976960880987e-05,2.8808036813295237,257.22918367126437,0.20033333333333334,-0.0392528629585571
2022-06-06 06:00:00,0.0,2.4168032357686425e-05,2.917344909051001,260.3306474359781,0.20033333333333334,-0.0329406309799767
2022-06-06 06:30:00,0.0,2.410036016658098e-05,2.972067675560652,265.4091905926902,0.20033333333333334,-0.0273292277302633
2022-06-06 07:00:00,0.0,2.4442777673205428e-05,3.316194446309162,295.7746100585643,0.19999999999999998,-0.0237743675782104
2022-06-06 07:30:00,0.0,2.5903426022643787e-05,3.7804162260439815,337.2382453382705,0.19999999999999998,-0.0259122630051322
2022-06-06 08:00:00,0.0,0.0022773422035493,5.598938140375285,499.53765834835025,0.19966666666666666,-0.0392534128293855
2022-06-06 08:30:00,0.0,0.0025437501410537,8.497584525871314,758.5377893980328,0.19966666666666666,-0.0706259145577632
2022-06-06 09:00:00,0.0,0.0471607377087365,17.673125021910113,1577.2372356088472,0.19899999999999998,-0.1250374121661071
2022-06-06 09:30:00,0.0,0.006228991514967,24.301144244365965,2169.098884339268,0.19899999999999998,-0.200492558014966
2022-06-06 10:00:00,0.0,0.0791552531144495,29.082441790454297,2596.3403353630342,0.19833333333333333,-0.2862346955848368
2022-06-06 10:30:00,0.0,0.0817118777636746,30.29988685564436,2706.614319381597,0.19833333333333333,-0.3682973574911364
2022-06-06 11:00:00,0.0,0.1768728147185231,33.02689244087029,2951.6052941502808,0.19666666666666666,-0.4377420418296647
2022-06-06 11:30:00,0.0,0.1404641534240056,33.97961103058823,3036.6483343946943,0.19666666666666666,-0.4931793770513913
2022-06-06 12:00:00,0.0,0.2232919350374833,35.13228890398747,3139.709617706981,0.19433333333333333,-0.5360431737192446
2022-06-06 12:30:00,0.0,0.2045947766082058,34.6112399375388,3094.624447296489,0.19433333333333333,-0.5649938388005954
2022-06-06 13:00:00,0.0,0.1499186901044267,34.964468086414485,3124.6601534403576,0.19233333333333333,-0.5752241207862917
2022-06-06 13:30:00,0.0,0.1230637667361645,32.28459173631997,2883.319772140878,0.19233333333333333,-0.5624576832695564
2022-06-06 14:00:00,0.0,0.0010405431965982,25.34522730396499,2263.664576694509,0.19133333333333333,-0.527621620347239
2022-06-06 14:30:00,0.2,0.001002247699423,21.970544991702113,1961.7492729883395,0.19133333333333333,-0.4783016214007894
2022-06-06 15:00:00,0.2,0.0025559821819241,16.53323220209593,1476.2313475613337,0.19133333333333333,-0.4255633968956877
2022-06-06 15:30:00,0.0,0.0026012304281533,14.961133885849955,1335.244406146374,0.19133333333333333,-0.377981103798693
2022-06-06 16:00:00,0.0,0.011109987107811,12.485266565852838,1114.832920246919,0.19333333333333333,-0.3374095283798051
2022-06-06 16:30:00,0.8,0.0103776708725651,11.412372279270317,1018.564672906536,0.19333333333333333,-0.300780144527791
2022-06-06 17:00:00,0.0,0.007789200150376,9.288427189944468,828.2918851866249,0.19533333333333333,-0.2667660296391722
2022-06-06 17:30:00,0.0,0.007989130013894,8.542886038521962,762.5393620970224,0.19533333333333333,-0.2392623330708841
2022-06-06 18:00:00,0.4,0.0072815935902065,7.232903208814955,645.6440577210948,0.19866666666666666,-0.2228425358402189
2022-06-06 18:30:00,0.0,0.0071076884900603,7.917968970593925,706.7952312623745,0.19866666666666666,-0.2166350189101177
2022-06-06 19:00:00,0.0,0.0028730586401386,7.840887783015348,699.9063952041821,0.19933333333333333,-0.2146027493169144
2022-06-06 19:30:00,0.0,0.0028287197958484,8.588121842863961,766.4996028657923,0.19933333333333333,-0.2104645309852006
2022-06-06 20:00:00,0.0,2.82896123113535e-05,8.27008242357016,737.9299985824866,0.19966666666666666,-0.2011204867618347
2022-06-06 20:30:00,0.0,2.8104307908220937e-05,6.354219961220786,567.3319788164091,0.19966666666666666,-0.1869983612509963
2022-06-06 21:00:00,0.0,2.781105680668246e-05,5.565657882921853,496.8441194898746,0.20033333333333334,-0.1710129997703394
2022-06-06 21:30:00,0.0,2.7701093423267577e-05,4.874942284309164,435.1523872362592,0.20033333333333334,-0.1569467382766342
2022-06-06 22:00:00,0.2,2.7300506301294197e-05,4.566443928533839,407.365538641166,0.20033333333333334,-0.1474362855159182
2022-06-06 22:30:00,1.4,2.7010306342442157e-05,3.4419271862188827,307.1566245570328,0.20033333333333334,-0.1426752039233057
2022-06-06 23:00:00,1.0,2.661538347478615e-05,2.6605495244288204,237.4848938479361,0.20199999999999999,-0.1409593783850128
2022-06-06 23:30:00,0.6,2.6401061362963146e-05,2.102180600106126,187.7701691070285,0.20199999999999999,-0.1403607815060631
2022-06-07 00:00:00,0.8,2.6044719324839073e-05,1.3569878502876325,121.26575830282331,0.20466666666666666,-0.1397037348061327
2022-06-07 00:30:00,0.6,2.5939746154101555e-05,1.1862697246220577,105.75047343494764,0.20466666666666666,-0.1382205739054488
2022-06-07 01:00:00,0.8,2.5376732589395176e-05,0.9185663561842584,81.96342397232148,0.20666666666666667,-0.1348863640899939
2022-06-07 01:30:00,1.0,2.495958328613873e-05,1.31914252025862,117.71823835074062,0.20666666666666667,-0.1282166584332187
2022-06-07 02:00:00,1.0,0.0031520613515197,1.31914252025862,117.7879402469335,0.211,-0.1167507002734832
2022-06-07 02:30:00,1.0,0.0038499760104717,0.8801071502639806,78.37218536361748,0.211,-0.1001302946920867
2022-06-07 03:00:00,0.0,0.0029411330218644,0.8801071502639806,78.21542924266267,0.221,-0.0800265909730019
2022-06-07 03:30:00,0.8,2.3524833599179095e-05,0.6287850635902732,56.078400065985555,0.221,-0.0598284980744706
2022-06-07 04:00:00,0.8,0.0020427035322983,0.7837202101627686,69.91808500243177,0.22066666666666668,-0.0430841240222307
2022-06-07 04:30:00,0.6,2.399844920328174e-05,0.2965709475289891,26.518257299893353,0.22066666666666668,-0.0319219050340124
2022-06-07 05:00:00,1.0,2.406591359982391e-05,0.099221057087076,8.876729205108962,0.223,-0.0264752738197885
2022-06-07 05:30:00,1.2,2.4544708661653435e-05,0.0198735764838179,2.090453944759994,0.223,-0.0253093696328617
2022-06-07 06:00:00,0.6,2.4339818229124272e-05,0.2965709475289891,26.403644201735805,0.22966666666666669,-0.0263632490953245
2022-06-07 06:30:00,0.4,2.410036016658098e-05,0.1585782214037278,14.09216668857059,0.22966666666666669,-0.0279092090421794
2022-06-07 07:00:00,0.2,2.4134842509367325e-05,0.276900958320717,24.64665956405026,0.22766666666666668,-0.0290592095049157
2022-06-07 07:30:00,0.4,2.4168032357686425e-05,0.0,0.2012537247036473,0.22766666666666668,-0.0296636598907311
2022-06-07 08:00:00,0.2,0.0001086212010796,0.0,0.2012537247036473,0.22933333333333336,-0.0299077685217634
2022-06-07 08:30:00,0.2,0.0001112395513276,0.1388070626479503,12.297322001529247,0.22933333333333336,-0.03
2022-06-07 09:00:00,0.0,0.0061519796703753,0.1190213497212397,10.645274046725854,0.22833333333333336,-0.0300955772927152
2022-06-07 09:30:00,0.0,0.0063582549515181,0.2965709475289891,26.561104600602988,0.22833333333333336,-0.0303715408182087
2022-06-07 10:00:00,0.0,0.0138663689031918,0.453416272124535,40.62716200783601,0.22799999999999998,-0.0311609408333743
2022-06-07 10:30:00,0.0,0.0146607158665542,1.1100510597215676,99.06827526608504,0.22799999999999998,-0.0331663812044259
2022-06-07 11:00:00,0.0,0.026861792972849,3.694851512897511,329.8124785117687,0.22799999999999998,-0.0378427732019482
2022-06-07 11:30:00,0.0,0.028264767032325,6.366906908810174,568.3993423771187,0.22799999999999998,-0.0482131769016928
2022-06-07 12:00:00,0.0,0.0381831138364922,11.728378736230075,1046.6961660054146,0.22833333333333336,-0.0698033081572884
2022-06-07 12:30:00,0.0,0.0393701537396531,21.24453131513112,1895.534599281792,0.22833333333333336,-0.1102712267273616
2022-06-07 13:00:00,0.0,0.028647117445879,19.345745196987114,1726.9060328026171,0.22866666666666666,-0.1759879934178173
2022-06-07 13:30:00,0.0,0.0294588439490534,26.142132802642298,2333.5903085148902,0.22866666666666666,-0.2659885129589582
2022-06-07 14:00:00,0.0,0.0650639915632787,27.84742678227848,2488.525725442504,0.22766666666666668,-0.3680384649571887
2022-06-07 14:30:00,0.0,0.0681302673871794,34.991313679118946,3127.192955434795,0.22766666666666668,-0.4623320663693714
2022-06-07 15:00:00,0.0,0.0276801061995993,33.836366363219476,3023.294440101314,0.22466666666666665,-0.5313194414511476
2022-06-07 15:30:00,0.0,0.0313482930181846,27.74876442121617,2482.1555333107444,0.22466666666666665,-0.5665921977864555
2022-06-07 16:00:00,0.0,0.0506308909502603,34.23455604481319,3059.8548775184463,0.223,-0.5684411190842045
2022-06-07 16:30:00,0.0,0.0500571435621227,33.27409263488912,2973.757656503805,0.223,-0.5435736556383182
2022-06-07 17:00:00,0.0,0.0241383164137926,31.032619501622744,2772.6181592845014,0.222,-0.5042983293330727
2022-06-07 17:30:00,0.0,0.0239725798024763,31.19227507971634,2786.8111875592845,0.222,-0.4652197389223352
2022-06-07 18:00:00,0.0,0.025034091239678,31.09149621541249,2777.1115159974247,0.22133333333333335,-0.4377428566412065
2022-06-07 18:30:00,0.0,0.0248329554876849,28.90235270463645,2582.563067160092,0.22133333333333335,-0.427582456281449
2022-06-07 19:00:00,0.0,0.0126212097498579,27.17073005319923,2427.5055246858333,0.221,-0.4350520520265602
2022-06-07 19:30:00,0.0,0.0123456709119311,23.790100009660826,2125.0073026276896,0.221,-0.4545307373352554
2022-06-07 20:00:00,0.0,0.0111564591017981,24.208399861886388,2161.5774866261845,0.22033333333333335,-0.4750644280507482
2022-06-07 20:30:00,0.0,0.0097944363854874,22.116662944908047,1975.1750997927777,0.22033333333333335,-0.485515952630714
2022-06-07 21:00:00,0.0,0.015331941274314,18.622467848393462,1662.7003251674732,0.219,-0.4804051705716871
2022-06-07 21:30:00,0.0,0.014442694770556,16.356341366496128,1459.9764927186354,0.219,-0.4607292027504742
2022-06-07 22:00:00,0.0,0.0126080820558592,12.704406247492669,1134.6615622004706,0.21966666666666668,-0.4306855261475223
2022-06-07 22:30:00,0.0,0.0113315588913072,10.515374695855186,939.3846007639692,0.21966666666666668,-0.3943197425000135
2022-06-07 23:00:00,0.0,2.600969466871188e-05,9.983429910057156,891.0643920757027,0.22033333333333335,-0.3539710966375433
2022-06-07 23:30:00,0.0,2.5376732589395176e-05,8.272662607040301,738.6200699345025,0.22033333333333335,-0.3107502709025055
2022-06-08 00:00:00,0.0,2.437321212789204e-05,5.833871794416902,521.079190102087,0.22066666666666668,-0.2662695541357435
2022-06-08 00:30:00,0.0,2.4613281801622063e-05,5.194551848613549,463.8032586120435,0.22066666666666668,-0.2235162742380971
2022-06-08 01:00:00,0.0,2.3828417590123304e-05,4.967450097739366,443.6960398496703,0.221,-0.1856520823307293
2022-06-08 01:30:00,0.0,2.3931122324087595e-05,3.9565934837815857,353.20886293568503,0.221,-0.1539979053569913
2022-06-08 02:00:00,0.0,2.3257646047119997e-05,3.685445608380649,328.9940278518252,0.2213333333333333,-0.1275708116459983
2022-06-08 02:30:00,0.0,0.0049596135794055,3.497520284397768,311.95477784938254,0.2213333333333333,-0.1045204165074125
2022-06-08 03:00:00,0.0,2.2890386407871472e-05,3.3083400944976904,295.50753356425145,0.2213333333333333,-0.0837776513550676
2022-06-08 03:30:00,0.0,2.2890386407871472e-05,2.9086333570965897,259.8359585556016,0.2213333333333333,-0.0654849828439153
2022-06-08 04:00:00,0.0,2.275789808853537e-05,3.083116908116967,275.30704550292006,0.2213333333333333,-0.0504719687777985
2022-06-08 04:30:00,0.0,2.2956842455476855e-05,2.43202432920065,217.3355596233839,0.2213333333333333,-0.0394538234708465
2022-06-08 05:00:00,0.0,2.299012349826155e-05,2.556372898051828,228.5232958002304,0.221,-0.0323757350740858
2022-06-08 05:30:00,0.0,2.3323586791183698e-05,2.785846063908743,248.4692317162898,0.221,-0.0283341765584678
2022-06-08 06:00:00,0.0,2.3558714866712376e-05,2.6625178295486154,237.56987221738456,0.221,-0.026147355143585
2022-06-08 06:30:00,0.0,2.4305123741553115e-05,3.2046144981570723,286.0970132330182,0.221,-0.0250685673975852
2022-06-08 07:00:00,0.0,2.451114486718893e-05,3.6001792474515266,321.2064889271518,0.22066666666666665,-0.0252304463159429
2022-06-08 07:30:00,0.0,2.5376732589395176e-05,3.872136573445742,345.585143439853,0.22066666666666665,-0.027872298968815
2022-06-08 08:00:00,0.0,0.0026821478952365,4.836877345998436,431.7792132650051,0.22033333333333335,-0.0354113982710288
2022-06-08 08:30:00,0.0,0.0028566369769011,7.057433822581805,629.934173887022,0.22033333333333335,-0.0512924732128983
2022-06-08 09:00:00,0.0,0.0126722796986524,10.473943502226527,934.7320980130638,0.21999999999999997,-0.0796409231185663
2022-06-08 09:30:00,0.0,0.0131160819905452,14.688619024089697,1310.7897502397532,0.21999999999999997,-0.1245034804330712
2022-06-08 10:00:00,0.0,0.0309307648651573,17.89896400566902,1598.4661859690152,0.219,-0.1878394188192227
2022-06-08 10:30:00,0.0,0.0345509082734621,26.861446468370737,2399.146792995409,0.219,-0.2664630965274233
2022-06-08 11:00:00,0.0,0.1655655222160562,30.989955120207753,2770.3433000617983,0.21766666666666667,-0.3511403404331515
2022-06-08 11:30:00,0.0,0.1911186392301663,33.13139647353058,2961.8332058258297,0.21766666666666667,-0.4309520402427482
2022-06-08 12:00:00,0.0,0.2069139180631626,33.58120773795068,3001.956504638381,0.216,-0.500009269569522
2022-06-08 12:30:00,0.0,0.228143908305362,32.42965009920349,2902.7778764279324,0.216,-0.5594900914769203
2022-06-08 13:00:00,0.2,0.348770539555334,34.322925497308916,3072.489443352767,0.214,-0.6132531634902418
2022-06-08 13:30:00,0.0,0.3274373123161345,38.258637603123425,3421.360772088747,0.214,-0.6623187563771624
2022-06-08 14:00:00,0.0,0.2103430359707273,34.074176341919284,3050.233085503307,0.18999999999999997,-0.7031346726598877
2022-06-08 14:30:00,0.0,0.2678678496748327,32.90113106458516,2945.2833327640815,0.18999999999999997,-0.7305346785497627
2022-06-08 15:00:00,0.0,0.2289219424444003,32.34129357411534,2894.3126681525546,0.21133333333333335,-0.7440747188438918
2022-06-08 15:30:00,0.0,0.1788235163945834,33.47893994097215,2994.1035091262843,0.21133333333333335,-0.751797177292611
2022-06-08 16:00:00,0.0,0.0599631246147318,30.442940676687577,2721.220973460803,0.20866666666666667,-0.7640182573837399
2022-06-08 16:30:00,0.0,0.086387344084271,31.220310569873067,2790.518694319953,0.20866666666666667,-0.7809465780279212
2022-06-08 17:00:00,0.0,0.2785698907554076,35.200344552510316,3144.128950765174,0.20733333333333334,-0.7895092150365713
2022-06-08 17:30:00,0.0,0.2734474632838154,31.138156175919104,2784.07169149498,0.20733333333333334,-0.7752845834350202
2022-06-08 18:00:00,0.0,0.1784023680373707,34.392689253568996,3073.036428890819,0.20633333333333334,-0.7357162579907948
2022-06-08 18:30:00,0.0,0.0979864115592882,30.650817242275775,2739.441929977329,0.20633333333333334,-0.6802805108730493
2022-06-08 19:00:00,0.0,0.1948986592056234,32.365405085171155,2888.7457607684105,0.20366666666666666,-0.6213345453220377
2022-06-08 19:30:00,0.0,0.1481972399129694,26.718002212101513,2388.7406673483724,0.20366666666666666,-0.567589309927774
2022-06-08 20:00:00,0.0,0.0627118501031624,22.212829983816412,1985.7722663115344,0.20233333333333334,-0.523338255088164
2022-06-08 20:30:00,0.0,0.0648482406434442,26.870397467008257,2398.6893894502914,0.20233333333333334,-0.4893820030994096
2022-06-08 21:00:00,0.0,0.0752065961314139,25.76572610257204,2300.360388595474,0.20199999999999999,-0.4640878654530139
2022-06-08 21:30:00,0.0,0.0758824818333586,20.40921773406282,1822.9462614217816,0.20199999999999999,-0.4453475979674884
2022-06-08 22:00:00,0.0,0.0436592348944986,17.152779700166963,1532.6764116218535,0.20166666666666666,-0.4314885043965558
2022-06-08 22:30:00,0.0,3.1523934586024005e-05,13.885970322723962,1240.809499253285,0.20166666666666666,-0.4192015237755598
2022-06-08 23:00:00,0.0,2.959832938613145e-05,11.41296983948992,1019.4496933058484,0.20133333333333334,-0.4020797144778854
2022-06-08 23:30:00,0.0,2.8659775033925233e-05,9.506970396668123,848.6649931760296,0.20133333333333334,-0.3737001580973346
2022-06-09 00:00:00,0.0,2.792132579120251e-05,6.596255309288675,589.4156463438745,0.20166666666666666,-0.3325700290871007
2022-06-09 00:30:00,0.0,2.781105680668246e-05,5.489748344911321,490.45616047790344,0.20166666666666666,-0.2834576328799065
2022-06-09 01:00:00,0.0,2.7482082813501057e-05,4.4212379255210115,395.1632093441955,0.20199999999999999,-0.2344924310745202
2022-06-09 01:30:00,0.0,2.697436473519058e-05,4.599387597721077,410.7860522514694,0.20199999999999999,-0.1931146314283791
2022-06-09 02:00:00,0.0,2.6830936314465047e-05,3.5972233064744756,321.5784783155827,0.20233333333333334,-0.1636876152126806
2022-06-09 02:30:00,0.0,2.7884535497595156e-05,3.913155086838261,349.5175958843604,0.20233333333333334,-0.147494560022799
2022-06-09 03:00:00,0.0,2.711977650685282e-05,3.345296076218446,299.0707735524653,0.20233333333333334,-0.1434962159065599
2022-06-09 03:30:00,0.0,2.5903426022643787e-05,4.258321665537917,379.7937041168355,0.20233333333333334,-0.1477706768553687
2022-06-09 04:00:00,0.0,2.6328952168670433e-05,4.404987762706118,393.1532193671361,0.20233333333333334,-0.1528585486079
2022-06-09 04:30:00,0.0,2.5272322163303384e-05,2.541011127942286,227.30684818606963,0.20233333333333334,-0.1502301074252184
2022-06-09 05:00:00,0.0,2.4442777673205428e-05,2.783006851265817,248.84874167871632,0.20233333333333334,-0.1354570557722411
2022-06-09 05:30:00,0.0,2.5376732589395176e-05,2.7140787884922473,242.36766970933883,0.20233333333333334,-0.1116413063480354
2022-06-09 06:00:00,0.0,2.4032825628468784e-05,3.2269575513884594,287.766041224257,0.20199999999999999,-0.0877468891965079
2022-06-09 06:30:00,0.0,2.4544708661653435e-05,2.9716890947815457,265.020468729792,0.20199999999999999,-0.0729299053511475
2022-06-09 07:00:00,0.0,2.6902582937193505e-05,3.074074552827949,275.02983843439426,0.20233333333333334,-0.0714265998840343
2022-06-09 07:30:00,0.0,2.7554950680070244e-05,4.502351507312092,401.9911548064286,0.20233333333333334,-0.0820834727841266
2022-06-09 08:00:00,0.0,3.0247079988814197e-05,7.953285171441281,709.8466331730065,0.20199999999999999,-0.1021363347997801
2022-06-09 08:30:00,0.0,3.3432409920585494e-05,11.831915618709193,1055.867617748371,0.20199999999999999,-0.1313185333266864
2022-06-09 09:00:00,0.0,3.41245826719415e-05,15.571951724278486,1390.3937988223315,0.20166666666666666,-0.1728126574876625
2022-06-09 09:30:00,0.0,3.5947332179102164e-05,17.76875238218386,1586.5471376787962,0.20166666666666666,-0.2299335651202817
2022-06-09 10:00:00,0.0,0.0153791654755932,21.50857176458887,1922.2116384589497,0.20099999999999998,-0.3004829861242913
2022-06-09 10:30:00,0.0,0.0158760861285807,27.939757922815065,2496.377261883716,0.20099999999999998,-0.3740676004830389
2022-06-09 11:00:00,0.0,0.1578400044655798,30.65051013718557,2739.930678155517,0.20033333333333334,-0.4370440068576382
2022-06-09 11:30:00,0.0,0.215350710993105,32.55732195556634,2910.545533835909,0.20033333333333334,-0.4821967773554466
2022-06-09 12:00:00,0.0,0.1412285909426088,32.619992385094164,2916.0279254643506,0.19866666666666666,-0.5141335514788601
2022-06-09 12:30:00,0.0,0.2374532982934072,32.721678502131624,2928.0008481700174,0.19866666666666666,-0.5460234735452277
2022-06-09 13:00:00,0.0,0.3974720032070747,33.087745282231744,2962.757425490587,0.19699999999999998,-0.5922667038930265
2022-06-09 13:30:00,0.0,0.3714463860375785,33.05668547297178,2958.765805181379,0.19699999999999998,-0.6617694705868259
2022-06-09 14:00:00,0.0,0.4457231306221966,34.48292625611807,3085.044686685153,0.19566666666666666,-0.751556789792627
2022-06-09 14:30:00,0.0,0.3818238055845097,33.18081980910645,2968.903676288032,0.19566666666666666,-0.8430324665145549
2022-06-09 15:00:00,0.0,0.408936145561719,34.003902785329934,3042.4191768052046,0.19399999999999998,-0.9082931394361636
2022-06-09 15:30:00,0.0,0.5014385273694905,37.65054044872884,3366.138415184259,0.19399999999999998,-0.9265541938936704
2022-06-09 16:00:00,0.0,0.3646404939200395,32.47888234254422,2906.4908291679326,0.19199999999999998,-0.8968165632484125
2022-06-09 16:30:00,0.0,0.2863337526537273,31.528613602440924,2821.0837267102456,0.19199999999999998,-0.8341880394319657
2022-06-09 17:00:00,0.0,0.3385440149171291,32.791965881952954,2932.491246599018,0.19099999999999998,-0.7552616408293019
2022-06-09 17:30:00,0.0,0.3086375197127669,31.536602503729824,2820.123361395957,0.19099999999999998,-0.6690996722931171
2022-06-09 18:00:00,0.0,0.2689399208581892,29.259042894427356,2615.327586984004,0.18933333333333333,-0.5803544301749157
2022-06-09 18:30:00,0.0,0.2446417579899363,25.77504738930097,2303.2439805306817,0.18933333333333333,-0.4956077994921327
2022-06-09 19:00:00,0.0,0.1625462352916168,20.31688002171364,1815.4993702498425,0.18866666666666665,-0.4235890350927025
2022-06-09 19:30:00,0.0,0.0873521928554661,17.562360507488123,1568.271348601194,0.18866666666666665,-0.3705283124352848
2022-06-09 20:00:00,0.0,0.0511272974841728,14.794017263118253,1321.7396028511412,0.18866666666666665,-0.3367088828562888
2022-06-09 20:30:00,0.0,0.0471278210044517,13.086826047922465,1168.7682867406932,0.18866666666666665,-0.316907278300052
2022-06-09 21:00:00,0.0,0.0448378170085906,11.108155002985653,991.8425298701252,0.18899999999999997,-0.3036926085870219
2022-06-09 21:30:00,0.0,0.0427920107939622,8.821089050228485,787.8769342571546,0.18899999999999997,-0.291058543442684
2022-06-09 22:00:00,0.0,0.0399258550453506,7.619652838303491,680.4611271208083,0.18833333333333332,-0.276268096383952
2022-06-09 22:30:00,0.0,0.0390447524382234,6.806721470127631,607.6176619921652,0.18833333333333332,-0.2596053481758803
2022-06-09 23:00:00,0.0,0.0380996378491562,4.840562385284167,432.99078341870126,0.18866666666666665,-0.2430992462059626
2022-06-09 23:30:00,0.0,0.0379946821898487,5.442732673827188,485.36435294451064,0.18866666666666665,-0.2289174490584912
2022-06-10 00:00:00,0.0,0.0365866239447942,3.972351607743404,354.51113072865314,0.18866666666666665,-0.2179187367161282
2022-06-10 00:30:00,0.0,3.41245826719415e-05,3.23596690634666,288.9963206381586,0.18866666666666665,-0.209364154294683
2022-06-10 01:00:00,0.0,0.0406179456022165,3.069690478315439,274.0116452991094,0.18899999999999997,-0.2019786959968942
2022-06-10 01:30:00,0.0,0.0403130107642807,2.6665646946005035,238.13128684621907,0.18899999999999997,-0.1949698442962134
2022-06-10 02:00:00,0.0,0.0387729680904942,2.2231782247267664,198.9783823098655,0.18866666666666665,-0.1880308674070874
2022-06-10 02:30:00,0.0,0.0544161024680328,2.513882317287488,224.3727294174305,0.18866666666666665,-0.1811299088712252
2022-06-10 03:00:00,0.0,0.0538350629208467,2.1543327516941972,192.1147528882905,0.18866666666666665,-0.1746055469301268
2022-06-10 03:30:00,0.0,0.0402019853372167,2.3945484536396946,213.8394018036848,0.18866666666666665,-0.1687604547870405
2022-06-10 04:00:00,0.0,0.0422192519976257,2.360358861405673,210.75869076576816,0.18833333333333332,-0.1629533573918106
2022-06-10 04:30:00,0.0,0.0627567402298361,2.274700417929724,203.1699597496443,0.18833333333333332,-0.1557006590496392
2022-06-10 05:00:00,0.0,0.0444855099628677,2.3261271698438537,207.76483173528612,0.18833333333333332,-0.1460910294879401
2022-06-10 05:30:00,0.0,0.0763770882079778,2.986182362579231,266.39577351156225,0.18833333333333332,-0.1348300059373817
2022-06-10 06:00:00,0.0,0.0458489621594769,3.7615716655831593,335.87498218402436,0.18799999999999997,-0.1237725774356637
2022-06-10 06:30:00,0.0,0.0644868001962702,5.359943247164364,478.627248228184,0.18799999999999997,-0.1151272334452942
2022-06-10 07:00:00,0.0,0.1368963674180013,7.1377897240127925,637.3475447294629,0.18799999999999997,-0.1117787083150586
2022-06-10 07:30:00,0.0,0.1473192456876487,11.01937895857588,983.7325820086468,0.18799999999999997,-0.1174627826538653
2022-06-10 08:00:00,0.0,0.0860537117034202,13.905834350882085,1241.475066991267,0.18766666666666665,-0.1348083120899843
2022-06-10 08:30:00,0.0,0.2063701769219483,16.627365672712518,1485.1723698169385,0.18766666666666665,-0.1629223664419666
2022-06-10 09:00:00,0.0,0.1562378655363006,19.733263959243796,1761.9069587787178,0.18733333333333332,-0.1980265327604807
2022-06-10 09:30:00,0.0,0.2162286227554229,20.54241589913972,1834.5739973255436,0.18733333333333332,-0.2367905814940887
2022-06-10 10:00:00,0.0,0.0777779531850569,23.97965075251784,2142.255548712692,0.18699999999999997,-0.2786335108462004
2022-06-10 10:30:00,0.0,0.0893241245364764,27.008763455373114,2413.8781907376374,0.18699999999999997,-0.3250937977578232
2022-06-10 11:00:00,0.0,0.3686343362994531,28.56572688146913,2554.711027484201,0.18599999999999997,-0.3773219651014168
2022-06-10 11:30:00,0.0,0.4248896903123048,31.557877719122,2822.449162523189,0.18599999999999997,-0.4338327535613321
2022-06-10 12:00:00,0.0,0.423254045088265,33.59817463323551,3005.810591487651,0.18566666666666665,-0.4899962974303715
2022-06-10 12:30:00,0.0,0.4685056104747293,31.659399805398667,2835.2416104702347,0.18566666666666665,-0.5397973005959688
2022-06-10 13:00:00,0.0,0.4361990123204877,32.13321860079355,2877.09255211214,0.18499999999999997,-0.5790258328899183
2022-06-10 13:30:00,0.0,0.3753597968725473,34.18986019535095,3058.504368603317,0.18499999999999997,-0.6077218504392926
2022-06-10 14:00:00,0.0,0.4245758602428538,29.403681820296327,2631.117727434395,0.18366666666666664,-0.6299696719220242
2022-06-10 14:30:00,0.0,0.3229349589732376,29.744727271242805,2660.7216587805315,0.18366666666666664,-0.6521031502307966
2022-06-10 15:00:00,0.0,0.2923994286770834,28.183179878640573,2520.589895997391,0.18199999999999997,-0.6821373718527256
2022-06-10 15:30:00,0.0,0.3953967766481254,30.30013536712363,2709.9078746114646,0.18199999999999997,-0.7295296131871526
2022-06-10 16:00:00,0.0,0.3459019475123362,26.536066524535663,2374.9761442112276,0.18099999999999997,-0.8014176840422051
2022-06-10 16:30:00,0.0,0.2653548808904831,27.409049770617507,2452.3424547560808,0.18099999999999997,-0.8958719411973197
2022-06-10 17:00:00,0.0,0.2700490092491294,32.832430459417104,2933.767126952359,0.18033333333333332,-0.9983439438603384
2022-06-10 17:30:00,0.0,0.3933782546889492,24.5331411834238,2199.088008242801,0.18033333333333332,-1.0853244758184342
2022-06-10 18:00:00,0.0,0.4189860970665631,32.333913721342235,2891.008323574222,0.17999999999999997,-1.132405634127407
2022-06-10 18:30:00,0.0,0.341358016793059,29.273155720854295,2619.572785991642,0.17999999999999997,-1.1220667071322106
2022-06-10 19:00:00,0.0,0.3977697942916485,30.23604595368048,2704.0204224916997,0.17833333333333332,-1.0503276939792876
2022-06-10 19:30:00,0.0,0.2820318812610017,35.3841898269863,3160.8795517111994,0.17833333333333332,-0.9317764551308958
2022-06-10 20:00:00,0.0,0.1129921427476503,27.55302277549703,2462.868237748408,0.17666666666666664,-0.7965639324142867
2022-06-10 20:30:00,0.0,0.1023792099777488,24.043513360630246,2148.3311794057804,0.17666666666666664,-0.6759734401753281
2022-06-10 21:00:00,0.0,0.0976382050013251,21.30684425058639,1901.9867932812851,0.17633333333333331,-0.5872476964609802
2022-06-10 21:30:00,0.0,0.066721861392435,15.258109111299596,1362.8409005439132,0.17633333333333331,-0.5307036328017023
2022-06-10 22:00:00,0.0,3.965973253870246e-05,12.58516301206966,1123.6600380684729,0.17599999999999996,-0.4965148825887706
2022-06-10 22:30:00,0.0,3.577829014767662e-05,7.526929498128728,673.9999482815821,0.17599999999999996,-0.4709147743610287
2022-06-10 23:00:00,0.0,0.0423498902350357,8.913073187776913,795.5804295768766,0.17666666666666664,-0.4403646898142463
2022-06-10 23:30:00,0.0,0.0404173354369643,8.220752683193567,733.2446122069799,0.17666666666666664,-0.3967828080375818
2022-06-11 00:00:00,0.0,0.0375298479325573,5.085921655956195,454.2827964459373,0.17733333333333332,-0.3412018395535373
2022-06-11 00:30:00,0.0,0.0353330715490597,4.095426070455315,365.8744356513632,0.17733333333333332,-0.2819065732542958
2022-06-11 01:00:00,0.0,3.168104669226165e-05,2.8892656691605993,258.4669346560899,0.17766666666666664,-0.2290984585034811
2022-06-11 01:30:00,0.0,3.191770297840187e-05,3.361760783265858,300.05342782829587,0.17766666666666664,-0.1900952448066819
2022-06-11 02:00:00,0.0,3.144557613994091e-05,3.118357033537781,278.30165101793796,0.17833333333333332,-0.1663110101724264
2022-06-11 02:30:00,0.0,3.090075487188714e-05,2.35847988962367,210.85588285221388,0.17833333333333332,-0.1530196559901465
2022-06-11 03:00:00,0.0,3.105575964844068e-05,1.7318462903553815,154.9715993235244,0.17866666666666664,-0.1432922033703714
2022-06-11 03:30:00,0.0,3.0940246868121084e-05,1.8344329443195284,163.7895472927815,0.17866666666666664,-0.133622234882109
2022-06-11 04:00:00,0.0,3.1289254423377296e-05,1.2305366794711523,110.09365786638908,0.17800000000000002,-0.125871223976851
2022-06-11 04:30:00,0.0,3.1719603457852996e-05,1.5082539129742547,134.52727174024275,0.17800000000000002,-0.1238115475041533
2022-06-11 05:00:00,0.0,3.1367349421886946e-05,1.525518105479787,136.21387182032467,0.17833333333333334,-0.1280850659910988
2022-06-11 05:30:00,0.0,3.036082423802096e-05,1.5944664729889952,142.13881430788314,0.17833333333333334,-0.1346240136763208
2022-06-11 06:00:00,0.0,2.9561549455001053e-05,1.3697475333391798,122.6346584396062,0.17800000000000002,-0.1380067568199627
2022-06-11 06:30:00,0.0,2.925931655439214e-05,2.5254375704160856,225.07232158137165,0.17800000000000002,-0.1360826421676519
2022-06-11 07:00:00,0.0,0.0299070878482307,3.635108478177504,324.69117077602635,0.17800000000000002,-0.1312166784415561
2022-06-11 07:30:00,0.0,3.3151868853285435e-05,6.409770642254145,572.5065185311837,0.17800000000000002,-0.1283486301921607
2022-06-11 08:00:00,0.0,3.363590425285845e-05,7.677432551516411,685.3546291329375,0.17800000000000002,-0.1330175723089047
2022-06-11 08:30:00,0.0,3.486373135510907e-05,9.911055585814358,885.0990093470019,0.17800000000000002,-0.1488821597381567
2022-06-11 09:00:00,0.0,0.0078284328186568,12.758654182643202,1139.213141225949,0.17766666666666667,-0.1733638063982119
2022-06-11 09:30:00,0.0,0.0077424095167832,11.134783598420167,993.9802243809528,0.17766666666666667,-0.1966309611435499
2022-06-11 10:00:00,0.8,3.0476424600834423e-05,6.886027243335771,614.9832268659909,0.17733333333333334,-0.2092958431965143
2022-06-11 10:30:00,0.6,3.2471247311145726e-05,4.315023163953016,384.9636269343304,0.17733333333333334,-0.2120493306797917
2022-06-11 11:00:00,0.0,0.019693862704465,7.899829884585774,705.0238755265378,0.17633333333333334,-0.215965537176913
2022-06-11 11:30:00,0.0,0.0215432280608213,14.773300761309084,1319.4555813467016,0.17633333333333334,-0.2346579791287595
2022-06-11 12:00:00,0.0,0.0851669481901624,21.051167628811186,1880.9360519628824,0.17600000000000002,-0.2781730372690524
2022-06-11 12:30:00,0.0,0.159839069258354,26.796388308220077,2396.6212784717964,0.17600000000000002,-0.3519633850198257
2022-06-11 13:00:00,0.0,0.1107180508284046,28.514657933884283,2549.998990735374,0.17699999999999996,-0.4577730764081898
2022-06-11 13:30:00,0.0,0.1347652361922785,27.481038585554792,2459.059202375219,0.17699999999999996,-0.5936005885813345
2022-06-11 14:00:00,0.0,0.2675375617909022,31.22548586707201,2794.269388905937,0.17666666666666664,-0.7508513714715821
2022-06-11 14:30:00,0.0,0.3382423601733044,32.36064287180707,2896.2168619127074,0.17666666666666664,-0.9102434579327604
2022-06-11 15:00:00,0.0,0.3920198103377239,30.722582942054096,2752.5855206811643,0.17566666666666664,-1.0447802723014747
2022-06-11 15:30:00,0.0,0.3223425471110392,30.629209823652975,2743.568536448976,0.17566666666666664,-1.1340080030677042
2022-06-11 16:00:00,0.0,0.4070866637461942,29.77328729111602,2666.77579732622,0.17400000000000002,-1.1792683253413918
2022-06-11 16:30:00,0.0,0.3295774919971427,28.862517518531817,2584.3540847704817,0.17400000000000002,-1.20336926805332
2022-06-11 17:00:00,0.0,0.1344013860988498,25.379449532036052,2274.844933086858,0.17166666666666663,-1.230944653525167
2022-06-11 17:30:00,0.0,0.3091233775225204,28.64437732534773,2562.95317449001,0.17166666666666663,-1.267091894836018
2022-06-11 18:00:00,0.0,0.2967266422487812,30.97850379604753,2770.0905927968292,0.17099999999999996,-1.2957657659646644
2022-06-11 18:30:00,0.0,0.3968856153729947,27.306624488639866,2444.5255972218715,0.17099999999999996,-1.2963206293749645
2022-06-11 19:00:00,0.0,0.3738535748030446,31.27166668472476,2795.5424952267103,0.17066666666666666,-1.2582998092542448
2022-06-11 19:30:00,0.0,0.268194365550258,30.104773960069828,2691.0921463804,0.17066666666666666,-1.184726671524189
2022-06-11 20:00:00,0.0,0.1056059236154075,29.741605160505035,2657.5999270278426,0.16866666666666666,-1.0895123777350644
2022-06-11 20:30:00,0.0,0.0932576034063576,25.853671865543703,2310.7930553935003,0.16866666666666666,-0.9923451242563452
2022-06-11 21:00:00,0.0,3.515368783130449e-05,24.592776199068854,2195.981996452476,0.16866666666666666,-0.9093935790400356
2022-06-11 21:30:00,0.0,3.482268077466148e-05,15.398077814441542,1377.3849981354244,0.16866666666666666,-0.8449469075859327
2022-06-11 22:00:00,0.0,3.359580809359443e-05,15.342730752244275,1369.4726251800223,0.16833333333333336,-0.7924633491029714
2022-06-11 22:30:00,0.0,3.1367349421886946e-05,11.072166899699978,989.4160228624736,0.16833333333333336,-0.7431520436371875
2022-06-11 23:00:00,0.0,0.0337016996979114,10.053640177177217,897.3832222742667,0.16866666666666666,-0.692538011358671
2022-06-11 23:30:00,0.0,2.9410165143584247e-05,7.844381313613768,700.2678912449724,0.16866666666666666,-0.6404197315526675
2022-06-12 00:00:00,0.0,2.7627954200229578e-05,6.03051630931339,538.2545604729587,0.17,-0.5875555208677551
2022-06-12 00:30:00,0.0,2.7010306342442157e-05,3.8917133876555767,347.85843319277194,0.17,-0.5333758443807927
2022-06-12 01:00:00,0.0,2.5903426022643787e-05,3.327276869216687,297.23885428700817,0.17066666666666666,-0.4759768521880914
2022-06-12 01:30:00,0.0,2.5939746154101555e-05,2.702798517237386,241.48436248334323,0.17066666666666666,-0.4138051747596737
2022-06-12 02:00:00,0.0,2.5903426022643787e-05,1.9810862582681643,177.29677730775933,0.17133333333333334,-0.3477733900825092
2022-06-12 02:30:00,0.0,2.562248294754593e-05,1.4779880885020094,132.2461054214144,0.17133333333333334,-0.2819605430404793
2022-06-12 03:00:00,0.0,2.5481452105946365e-05,1.2741391265489683,114.1992710021634,0.17133333333333334,-0.2219763733061759
2022-06-12 03:30:00,0.0,2.5272322163303384e-05,1.4271679544246547,127.56479571488929,0.17133333333333334,-0.1720219695953167
2022-06-12 04:00:00,0.0,2.4648293879291414e-05,1.613049884043675,143.9812442331733,0.17200000000000001,-0.1330353243023145
2022-06-12 04:30:00,0.0,2.4648293879291414e-05,0.4431399545869905,40.19371014479569,0.17200000000000001,-0.1034700383727759
2022-06-12 05:00:00,0.0,2.5202430447118047e-05,0.4431399545869905,39.77668201091187,0.17233333333333334,-0.0813864059370216
2022-06-12 05:30:00,0.0,2.6044719324839073e-05,0.5659246587303267,50.86389752170122,0.17233333333333334,-0.0654282657376121
2022-06-12 06:00:00,0.0,2.572792735869879e-05,1.0859325403397888,96.73668483577408,0.17233333333333334,-0.0543830886920026
2022-06-12 06:30:00,0.0,2.618656119674144e-05,1.359260774897145,121.10872974440082,0.17233333333333334,-0.046947315145275
2022-06-12 07:00:00,0.0,0.0010746721624805,1.947830655852915,174.0991755411443,0.17233333333333334,-0.0425128197375577
2022-06-12 07:30:00,0.0,0.0011119527121783,3.8295489181161178,342.0396023381187,0.17233333333333334,-0.0424372127247574
2022-06-12 08:00:00,0.0,0.0114427532531204,5.579980180274574,498.0973794910285,0.17166666666666666,-0.0508035855967937
2022-06-12 08:30:00,0.0,0.0116600061802822,7.535364702905563,672.767479687473,0.17166666666666666,-0.0735173131295012
2022-06-12 09:00:00,0.0,0.0102631597355506,10.26577934764332,916.4564385742076,0.17133333333333334,-0.1153335917540907
2022-06-12 09:30:00,0.0,0.0106161576692409,13.91892348847863,1242.9938922159909,0.17133333333333334,-0.1765777368554097
2022-06-12 10:00:00,0.0,0.0864646726963332,18.88147305479483,1686.003204511703,0.17066666666666666,-0.2524089262362905
2022-06-12 10:30:00,0.0,0.0984414033770275,22.381089150972052,1999.2290446656032,0.17066666666666666,-0.3347231907819551
2022-06-12 11:00:00,0.0,0.0397328925975188,23.04738373110618,2060.025937048163,0.17033333333333334,-0.4144449765259455
2022-06-12 11:30:00,0.0,0.1292419228207855,26.915463694189594,2406.45512402953,0.17033333333333334,-0.4838935481500154
2022-06-12 12:00:00,0.0,0.0190948617123052,28.011496342613967,2503.7159443442984,0.169,-0.5404877701493237
2022-06-12 12:30:00,0.0,0.1041860670810765,26.16229953737234,2339.976675154884,0.169,-0.5899448996945478
2022-06-12 13:00:00,0.0,0.0350431804161934,26.643714590085057,2382.5002086097293,0.168,-0.6446957912066037
2022-06-12 13:30:00,0.0,0.037147717963334,31.192468204871,2788.5971416781854,0.168,-0.7172396904900464
2022-06-12 14:00:00,0.0,0.110207103244464,29.894259830786897,2671.287270610913,0.167,-0.8125061417213103
2022-06-12 14:30:00,0.0,0.2423026645796029,26.9811105709344,2412.2174695667936,0.167,-0.9227308981095778
2022-06-12 15:00:00,0.0,0.3722472493213464,28.29168536230803,2530.0236097959387,0.16566666666666668,-1.02717510679498
2022-06-12 15:30:00,0.0,0.446854400805305,26.17898190344475,2343.5166006663176,0.16566666666666668,-1.098833419584584
2022-06-12 16:00:00,0.0,0.4180189782216508,28.586170812878745,2558.703634480576,0.165,-1.116800102390386
2022-06-12 16:30:00,0.0,0.2728945512682835,29.35788304238963,2625.2901105519863,0.165,-1.0765111715643614
2022-06-12 17:00:00,0.0,0.2083994870797985,25.422329883138794,2275.1125069525333,0.16433333333333336,-0.9903469813606084
2022-06-12 17:30:00,0.0,0.2259805734081512,23.181209622613476,2075.102050209601,0.16433333333333336,-0.8805384268114214
2022-06-12 18:00:00,0.0,0.1228919755318246,22.688495970558044,2029.030710942204,0.16266666666666668,-0.7723215044004951
2022-06-12 18:30:00,0.0,0.0704703118322007,26.478261159130415,2363.9626652476672,0.16266666666666668,-0.6879340029916413
2022-06-12 19:00:00,0.0,0.0653328592107714,22.381089150972052,1999.4212233158055,0.162,-0.6379885891924598
2022-06-12 19:30:00,0.0,0.0621185524254151,18.484390032482423,1651.7330777251498,0.162,-0.6162341504624694
2022-06-12 20:00:00,0.0,0.0351108442365805,16.24539894730738,1450.8995900216023,0.16166666666666668,-0.6057889566878483
2022-06-12 20:30:00,0.0,0.0206267372729067,10.20282789324329,912.5287064905727,0.16166666666666668,-0.590868782295954
2022-06-12 21:00:00,0.6,2.9146910777830966e-05,6.911619030288936,617.6619410597948,0.16166666666666668,-0.5625267112992242
2022-06-12 21:30:00,0.4,2.8921487481622617e-05,3.120654622778145,279.2847527835145,0.16166666666666668,-0.5179718110098184
2022-06-12 22:00:00,0.2,2.877237961025713e-05,2.1797844608482553,194.8499451971244,0.16266666666666668,-0.459428991293844
2022-06-12 22:30:00,0.0,2.8104307908220937e-05,0.5659246587303267,51.18764550085694,0.16266666666666668,-0.3934663179296592
2022-06-12 23:00:00,0.4,2.7191966871061615e-05,0.5309002062794108,47.656512583284155,0.16333333333333336,-0.3283459211333872
2022-06-12 23:30:00,0.2,2.7083732081437783e-05,0.0,0.0,0.16333333333333336,-0.2704435794741562
2022-06-13 00:00:00,0.0,2.6938456935766543e-05,3.536283381498862,315.74772836433175,0.165,-0.2228331765315429
2022-06-13 00:30:00,0.0,2.6650985973610524e-05,4.412887024225462,393.0595899337981,0.165,-0.1862163296011263
2022-06-13 01:00:00,1.6,2.6471892759141174e-05,3.244093965488178,289.2547988625447,0.168,-0.1602287582122002
2022-06-13 01:30:00,0.8,2.6544279676838223e-05,2.500064181449005,223.09223151867053,0.168,-0.1439024379667615
2022-06-13 02:00:00,0.8,2.6293655713524186e-05,2.177749009020682,194.30213322026435,0.17,-0.1358557061632231
2022-06-13 02:30:00,1.2,2.597470361453195e-05,2.818693449195104,251.45792656657176,0.17,-0.1344737222434336
2022-06-13 03:00:00,1.2,2.541114567201921e-05,2.481207514225531,221.21419443545813,0.17933333333333334,-0.1375448632651491
2022-06-13 03:30:00,0.8,2.4821185487419337e-05,2.101363069931488,187.43738603028405,0.17933333333333334,-0.1416122245052579
2022-06-13 04:00:00,0.8,2.4339818229124272e-05,2.1586722597251504,192.4167112577088,0.19733333333333336,-0.14247134848693
2022-06-13 04:30:00,1.0,2.4168032357686425e-05,2.120479312345531,189.18670558843783,0.19733333333333336,-0.1372043997263911
2022-06-13 05:00:00,0.4,2.389685171169485e-05,1.9863874483698132,176.9707635526319,0.20099999999999998,-0.1261057892077122
2022-06-13 05:30:00,0.2,2.3828417590123304e-05,1.9287198049853145,171.84770879986752,0.20099999999999998,-0.1124434455241644
2022-06-13 06:00:00,1.0,2.3795567379061236e-05,1.8130217904039432,161.8923921874543,0.20466666666666666,-0.0997860460051502
2022-06-13 06:30:00,0.6,0.0027619631839556,1.5216317242777413,135.95140567009727,0.20466666666666666,-0.0890481279871824
2022-06-13 07:00:00,1.0,0.0028607460788393,1.56066271181333,139.14147007397997,0.214,-0.0781733473708652
2022-06-13 07:30:00,0.2,2.269186560040832e-05,1.7936915004228386,159.88515798401505,0.214,-0.0650300326360097
2022-06-13 08:00:00,0.0,0.0027863222512618,1.56066271181333,139.21221512932993,0.22433333333333336,-0.0503205232587589
2022-06-13 08:30:00,0.4,2.3289952882876963e-05,2.005583279140283,178.60074946791798,0.22433333333333336,-0.0372044475330814
2022-06-13 09:00:00,0.4,0.002706983745042,1.8130217904039432,161.49869592572824,0.2313333333333333,-0.0285648030311203
2022-06-13 09:30:00,0.4,0.0027416569725502,1.4629809161277474,130.48755526360893,0.2313333333333333,-0.0255403701492816
2022-06-13 10:00:00,0.6,0.0001095430006004,1.3256387911335026,118.00640341836105,0.231,-0.0283489905855066
2022-06-13 10:30:00,1.0,0.0001106215429302,1.3453013340442557,119.84856767395968,0.231,-0.0370671729659671
2022-06-13 11:00:00,1.6,0.0064293139392865,1.754990180560645,156.12980528843875,0.23199999999999998,-0.050642147418065
2022-06-13 11:30:00,1.8,0.0110674838269908,1.4042043376636946,125.1525334896506,0.23199999999999998,-0.065566561617235
2022-06-13 12:00:00,2.4,0.0059226387299195,1.0885778751932618,97.26136288068024,0.236,-0.0766827463264829
2022-06-13 12:30:00,2.0,0.0117180648685989,1.3256387911335026,118.13516316336866,0.236,-0.0801134147603639
2022-06-13 13:00:00,1.0,0.0037641297878176,1.502095389152996,133.79649285885694,0.25933333333333336,-0.075852882694718
2022-06-13 13:30:00,2.0,2.4032825628468784e-05,1.2271134072639585,109.24905129952369,0.25933333333333336,-0.0679010693106004
2022-06-13 14:00:00,2.4,0.0004781233564872,1.009097485333976,89.92002296732927,0.283,-0.0618053530621343
2022-06-13 14:30:00,1.8,0.0004922646367727,0.9094195066358022,80.87284494373333,0.283,-0.0613312430885276
2022-06-13 15:00:00,1.2,0.0027955789100174,0.8093746406886115,72.28339717089355,0.289,-0.0666359492873149
2022-06-13 15:30:00,0.6,0.0027918003579521,0.8894399882127303,79.04477915020685,0.289,-0.0750065408710631
2022-06-13 16:00:00,0.4,0.0044082594421543,0.8694457684688702,77.05466498495225,0.294,-0.0832348864596508
2022-06-13 16:30:00,1.4,0.0043660771115264,0.9293843497009872,82.8436332595464,0.294,-0.0899771393284265
2022-06-13 17:00:00,2.2,0.0023152509456222,1.0488666712050938,93.42892015343295,0.287,-0.0966825124070431
2022-06-13 17:30:00,1.6,0.0023409538542433,0.6485315719725753,57.80345296582997,0.287,-0.1061804941788611
2022-06-13 18:00:00,0.4,0.0096143156025644,0.9293843497009872,82.75723827090555,0.283,-0.1194764891012048
2022-06-13 18:30:00,0.0,0.0089450896794281,1.0687295082061747,95.11665120946348,0.283,-0.1334181416264458
2022-06-13 19:00:00,0.8,2.2923596763138143e-05,1.4434027300226115,128.42510712635402,0.2953333333333333,-0.1420117498713284
2022-06-13 19:30:00,1.2,2.2857211376259688e-05,0.7089596254591007,63.45891150152228,0.2953333333333333,-0.1408976681232505
2022-06-13 20:00:00,0.4,2.2461861299539943e-05,1.0885778751932618,96.97578498275608,0.27799999999999997,-0.1306911830515277
2022-06-13 20:30:00,0.8,2.1906731267520072e-05,1.2468469223243794,110.75202942877362,0.27799999999999997,-0.1156912386539035
2022-06-13 21:00:00,1.2,2.187461352211544e-05,0.9692701132792956,86.1751845209967,0.2793333333333333,-0.0998184054958897
2022-06-13 21:30:00,1.4,2.1454166441399737e-05,0.40546043022124,36.29798486894274,0.2793333333333333,-0.0846985970213056
2022-06-13 22:00:00,2.4,2.110339745933009e-05,1.0289893387494071,91.59595384088168,0.28833333333333333,-0.0711983891120969
2022-06-13 22:30:00,3.0,2.100739016623664e-05,0.7692532365868473,68.23683911522565,0.28833333333333333,-0.0609906455770354
2022-06-13 23:00:00,2.8,0.0011593978867672,0.3239480206183971,29.177499427609632,0.2966666666666667,-0.0555838834194575
2022-06-13 23:30:00,2.2,2.0157952211327237e-05,0.1190811334792704,11.085244653924825,0.2966666666666667,-0.0545563843509317
2022-06-14 00:00:00,2.6,2.062780123516919e-05,-0.1385763771283758,-12.323537580951935,0.312,-0.0556760321883051
2022-06-14 00:30:00,2.8,2.022075087988744e-05,-0.199959384580264,-17.70339765318925,0.312,-0.0564955782944344
2022-06-14 01:00:00,2.2,1.9112698757016657e-05,0.4676546131164999,41.55855066652964,0.325,-0.0555728900659984
2022-06-14 01:30:00,2.2,1.9693911247200987e-05,-0.199959384580264,-17.907823266100614,0.325,-0.052723916187975
2022-06-14 02:00:00,2.4,1.920436059962202e-05,-0.1181466146522062,-10.295892845462388,0.32633333333333336,-0.0597007613841512
2022-06-14 02:30:00,1.6,1.9448536208447185e-05,-0.2204517216477484,-19.38832111118252,0.32633333333333336,-0.0666776065803274
2022-06-14 03:00:00,1.2,1.8811025299335736e-05,0.1055591185813317,9.275967226458851,0.3253333333333333,-0.0736544517765036
2022-06-14 03:30:00,0.8,1.893147890701779e-05,-0.3231497014958406,-28.55908057800621,0.3253333333333333,-0.0806312969726798
2022-06-14 04:00:00,1.4,1.899136979603452e-05,-0.1794827337566741,-15.744294609826316,0.32466666666666666,
2022-06-14 04:30:00,1.6,1.92346147380746e-05,-0.0569506520920679,-4.946728107907129,0.32466666666666666,
2022-06-14 05:00:00,1.8,1.914284338215976e-05,-0.1590217407302635,-14.178619312101585,0.3176666666666667,
2022-06-14 05:30:00,2.2,1.9022480913138412e-05,-0.0162308338355686,-1.455453146056738,0.3176666666666667,
2022-06-14 06:00:00,1.0,1.8961406393122513e-05,-0.2409597734801877,-21.3939808893135,0.321,
2022-06-14 06:30:00,1.2,1.9022480913138412e-05,-0.3025785038978281,-26.809271662066283,0.321,
2022-06-14 07:00:00,0.8,1.9082590150575e-05,0.0447332163198617,3.9018125042936833,0.3233333333333333,-0.1294692133459132
2022-06-14 07:30:00,1.2,1.9355992488328196e-05,-0.0569506520920679,-5.194318594814991,0.3233333333333333,-0.1364460585420894
2022-06-14 08:00:00,0.8,0.0005290132896692,-0.2614835686731951,-23.417141533126387,0.32066666666666666,-0.1434229037382656
2022-06-14 08:30:00,1.2,0.0005473825520535,-0.2409597734801877,-21.584188060748005,0.32066666666666666,-0.1503997489344418
2022-06-14 09:00:00,0.8,0.0012924172477611,-0.384958561218239,-34.41499897132339,0.32,-0.0595978776222842
2022-06-14 09:30:00,0.8,0.0048650937129485,-0.2614835686731951,-23.461264825969817,0.32,-0.0582051096675329
2022-06-14 10:00:00,0.8,0.0134409574617186,0.1864467075184834,16.61655295542252,0.321,-0.0568123417127817
2022-06-14 10:30:00,1.0,0.0150291228368339,1.0996459880322262,97.53402645836036,0.321,-0.0554195737580304
2022-06-14 11:00:00,1.4,0.0260565198238311,0.7854904874051186,69.975816276453,0.318,
2022-06-14 11:30:00,1.2,0.0252632510830994,1.021446562194839,90.93710942880094,0.318,-0.052634037848528
2022-06-14 12:00:00,0.8,0.033876977660505,1.6217171406976356,144.31622520608093,0.3036666666666667,-0.0512412698937767
2022-06-14 12:30:00,1.0,0.0381221863043161,2.1340531548311708,190.0298177476808,0.3036666666666667,-0.0498485019390255
2022-06-14 13:00:00,1.0,0.0354812658031359,1.812582783291166,161.63374117345236,0.3006666666666667,-0.0484557339842742
2022-06-14 13:30:00,0.8,0.0114520056456122,0.9822624775620372,87.63668361205865,0.3006666666666667,-0.047062966029523
2022-06-14 14:00:00,1.0,0.0075850983038439,0.4476652965032994,39.70062892085864,0.293,-0.0455311685319237
2022-06-14 14:30:00,1.0,0.0079645946858668,0.2670917640602931,23.703093701507708,0.293,-0.041732316346162
2022-06-14 15:00:00,0.8,0.0095363157457224,-0.0365830125985748,-3.433834584443858,0.29033333333333333,-0.0385658240909029
2022-06-14 15:30:00,0.8,0.0097833933109397,0.2066306413205366,18.36118908668641,0.29033333333333333,-0.0386022210989546
2022-06-14 16:00:00,0.6,2.7300506301294197e-05,1.041017475084949,92.51318631250922,0.306,-0.0424743752409582
2022-06-14 16:30:00,1.0,0.0065539267362329,1.021446562194839,90.85117544029832,0.306,-0.0486227334385597
2022-06-14 17:00:00,0.4,0.0407525677607098,2.3960195896115133,213.37790270734487,0.3036666666666667,-0.0543459122687428
2022-06-14 17:30:00,1.4,0.0396722524611723,2.284050829731165,203.73544926329552,0.3036666666666667,-0.0574319518830512
2022-06-14 18:00:00,0.6,0.0160735794253558,3.3840516085123435,301.6522512072093,0.295,-0.0573282993184908
2022-06-14 18:30:00,1.0,0.0142894131226869,2.6370844331262364,235.05304768377053,0.295,-0.0548870779055461
2022-06-14 19:00:00,0.6,0.0167326927503542,3.0767386563550168,274.41295649394965,0.2866666666666667,-0.0513355637172767
2022-06-14 19:30:00,0.4,0.0145375352426791,4.529344923255778,403.7591980973589,0.2866666666666667,-0.0482946764353193
2022-06-14 20:00:00,0.0,0.0150553476243295,5.262700005129693,469.3302797522439,0.2813333333333333,-0.0485911329008216
2022-06-14 20:30:00,0.0,0.0155227601079917,6.402433421865839,571.0793033711864,0.2813333333333333,-0.055655953525192
2022-06-14 21:00:00,0.0,0.0148573583029655,6.9324693332025555,618.2741641956806,0.2763333333333333,-0.0710938486975829
2022-06-14 21:30:00,0.4,0.0151748418737625,5.0768511119966035,452.7099024707883,0.2763333333333333,-0.0929947058723098
2022-06-14 22:00:00,0.0,0.0150043072698113,7.059569752467027,629.6089113550424,0.26899999999999996,-0.1170575178737902
2022-06-14 22:30:00,0.0,0.0194069375482528,7.280719808286666,649.7661383963195,0.26899999999999996,-0.1392261861301461
2022-06-14 23:00:00,0.0,0.0171651956257194,7.718257403201522,688.6985140549472,0.26466666666666666,-0.157376594130618
2022-06-14 23:30:00,0.0,0.0163978881198203,7.795734800227728,695.7070484536384,0.26466666666666666,-0.1717119637831847
2022-06-15 00:00:00,0.0,0.0222894641190057,7.978441985444941,711.8790435559047,0.26133333333333336,-0.1843461183932949
2022-06-15 00:30:00,0.0,0.0227701013528783,8.474163364174442,756.3632895206863,0.26133333333333336,-0.1975462821446521
2022-06-15 01:00:00,0.0,0.0236827359559991,7.780952449132497,694.6559231108396,0.2583333333333333,-0.2110644594629834
2022-06-15 01:30:00,0.0,0.0216762172244914,8.444344028636143,753.3685839437667,0.2583333333333333,-0.2214781190099483
2022-06-15 02:00:00,0.0,0.0208650017157879,8.129500447185105,725.6291557283961,0.25566666666666665,-0.2252610997424875
2022-06-15 02:30:00,0.0,0.0208379296847441,7.704655680969003,687.6115843278482,0.25566666666666665,-0.2225431516137189
2022-06-15 03:00:00,0.0,0.0276179114002946,8.204753706746809,732.2371297419418,0.25299999999999995,-0.2172392140977777
2022-06-15 03:30:00,0.0,0.0255550073060147,8.607998416363671,767.9617531506839,0.25299999999999995,-0.2137403178625589
2022-06-15 04:00:00,0.0,0.0343391310459101,8.622833605556135,769.7440572688396,0.25099999999999995,-0.2139903037007408
2022-06-15 04:30:00,0.0,0.0355772600848584,8.35471414751189,745.8509889148647,0.25099999999999995,-0.2170650180115785
2022-06-15 05:00:00,0.0,0.0321334674535832,9.254200257101427,825.7482013504646,0.24866666666666667,-0.2201934982773276
2022-06-15 05:30:00,0.0,0.0286846113373545,8.94744172787113,798.6062721339623,0.24866666666666667,-0.2202922452483245
2022-06-15 06:00:00,0.0,0.0184852250427332,8.94744172787113,798.5947094055424,0.247,-0.2159986447433233
2022-06-15 06:30:00,0.0,0.0202131552937245,9.254200257101427,826.0589987980195,0.247,-0.2091840235368723
2022-06-15 07:00:00,0.0,0.0588340999062685,10.731397044173049,957.907164955677,0.2456666666666667,-0.2044010380752589
2022-06-15 07:30:00,0.0,0.0591676859485653,11.062935614879146,987.543446251938,0.2456666666666667,-0.206703769049472
2022-06-15 08:00:00,0.0,0.0664939906653592,12.99870981915825,1160.1578942180922,0.24433333333333337,-0.2197002313086525
2022-06-15 08:30:00,0.0,0.0670583879429275,14.831244960847307,1324.1507497850575,0.24433333333333337,-0.2444685624112086
2022-06-15 09:00:00,0.0,0.0828227387428347,17.08790115510575,1525.5491050795122,0.24300000000000002,-0.2786647625447939
2022-06-15 09:30:00,0.0,0.0919247185591379,20.07467296885204,1792.1364573111173,0.24300000000000002,-0.3163228836736905
2022-06-15 10:00:00,0.0,0.0766853373440966,21.94282233139199,1959.4093446385632,0.2416666666666667,-0.3500765733408639
2022-06-15 10:30:00,0.0,0.0716728822845844,21.67509197638175,1936.1060124442893,0.2416666666666667,-0.3755919990310973
2022-06-15 11:00:00,0.0,0.0804701174046386,22.544208576816107,2013.489437757455,0.24033333333333337,-0.3945538537217276
2022-06-15 11:30:00,0.0,0.0507912739128339,23.761944887602493,2122.4003906838984,0.24033333333333337,-0.4126305059004119
2022-06-15 12:00:00,0.0,0.0607374108706531,25.30067730298226,2260.0672458558265,0.23900000000000002,-0.4340708875118763
2022-06-15 12:30:00,0.0,0.0622355320020924,24.69721739375831,2206.1246626990255,0.23900000000000002,-0.4587168479471993
2022-06-15 13:00:00,0.0,0.052960575537548,26.521632495916965,2368.7018311905463,0.2376666666666667,-0.484400610830554
2022-06-15 13:30:00,0.0,0.0062702899303823,25.53796947336576,2281.0739984360785,0.2376666666666667,-0.5108155408576406
2022-06-15 14:00:00,0.0,0.0222778202345888,27.28500771255123,2436.6240881017056,0.23666666666666666,-0.5394482758151115
2022-06-15 14:30:00,0.0,0.071806058371078,27.98257740054845,2499.877279214469,0.23666666666666666,-0.569862182410614
2022-06-15 15:00:00,0.0,0.0785631114527858,28.688122124082017,2562.9198305915343,0.236,-0.597910480475041
2022-06-15 15:30:00,0.0,0.0773289026965143,28.83864841524036,2576.524543887848,0.236,-0.6188503466421148
2022-06-15 16:00:00,0.0,0.0750692775660997,28.09039927529135,2511.27322817168,0.23433333333333337,-0.6311438533069935
2022-06-15 16:30:00,0.0,0.1256017154139245,30.636584840557767,2737.520816525483,0.23433333333333337,-0.6354663269949532
2022-06-15 17:00:00,0.0,0.0696021314766195,30.242448451434544,2702.5125291440145,0.233,-0.631014349552442
2022-06-15 17:30:00,0.0,0.0697290708845284,29.51486148969733,2637.505832408039,0.233,-0.6167230062839246
2022-06-15 18:00:00,0.0,0.0042699155449628,27.557976931161654,2462.1347714432854,0.2316666666666667,-0.5977038805451478
2022-06-15 18:30:00,0.0,0.0042749908018912,25.452684337228177,2273.830168307113,0.2316666666666667,-0.5864083403086341
2022-06-15 19:00:00,0.0,0.0139847682491726,22.442869348305415,2004.5865094937135,0.231,-0.5921712021264213
2022-06-15 19:30:00,0.0,0.0546657861615469,23.017354186954837,2055.3900955495587,0.231,-0.609837870864938
2022-06-15 20:00:00,0.0,0.0253157992649017,23.643650353642045,2111.4386674662856,0.22999999999999998,-0.6234665032287791
2022-06-15 20:30:00,0.0,0.0202146978976066,21.829757784127462,1949.6731109524649,0.22999999999999998,-0.6221375858762129
2022-06-15 21:00:00,0.0,0.0184585842455243,20.512497744927188,1831.793772603428,0.229,-0.6077711932882841
2022-06-15 21:30:00,0.0,2.854897244395146e-05,18.986520746529663,1694.6194801630295,0.229,-0.5869217163332782
2022-06-15 22:00:00,0.0,0.0130103210535416,15.779387238150932,1408.9490179195705,0.22799999999999998,-0.5604402423382913
2022-06-15 22:30:00,0.0,2.5833681681635627e-05,13.024652138423356,1163.0725465555993,0.22799999999999998,-0.5234321931455167
2022-06-15 23:00:00,0.0,0.0090924872642095,10.897585202853808,972.9821448150592,0.22833333333333336,-0.4722974930600824
2022-06-15 23:30:00,0.0,0.0091350831875943,9.830419559294288,877.9983022167555,0.22833333333333336,-0.4099872810043805
2022-06-16 00:00:00,0.0,2.4032825628468784e-05,8.778515439455758,783.6298963731633,0.22866666666666666,-0.3456180388393179
2022-06-16 00:30:00,0.0,2.4407976960880987e-05,7.351672914362987,656.7122687390514,0.22866666666666666,-0.2898831708709868
2022-06-16 01:00:00,0.0,2.4032825628468784e-05,7.442816569159863,664.315564412017,0.229,-0.250091733018634
2022-06-16 01:30:00,0.0,2.4339818229124272e-05,6.860897267175732,612.1972830667751,0.229,-0.2279468611254833
2022-06-16 02:00:00,0.0,2.4032825628468784e-05,5.9504162400112115,531.3280923402632,0.229,-0.2202641490733372
2022-06-16 02:30:00,0.0,2.3558714866712376e-05,4.812874447923217,429.76867249689303,0.229,-0.2212494486323742
2022-06-16 03:00:00,0.0,2.3458477494513853e-05,4.226979400101331,377.4695955617285,0.229,-0.2249099537203079
2022-06-16 03:30:00,0.0,2.3190552857802348e-05,3.955112162635978,352.85534138346566,0.229,-0.2263698797677322
2022-06-16 04:00:00,0.0,2.3123601439819645e-05,3.507726323182722,313.1287887472246,0.22866666666666666,-0.2221908055709162
2022-06-16 04:30:00,0.0,2.3558714866712376e-05,3.5770149751307785,319.12309874045945,0.22866666666666666,-0.2109097299026265
2022-06-16 05:00:00,0.0,2.366057221567176e-05,3.955112162635978,352.85534138346566,0.22833333333333336,-0.193390475023131
2022-06-16 05:30:00,0.0,2.386261680441744e-05,4.057365263439821,361.7836616085639,0.22833333333333336,-0.1715217555738385
2022-06-16 06:00:00,0.0,2.299012349826155e-05,3.386061875850052,302.4284899834363,0.22833333333333336,-0.1466029990236251
2022-06-16 06:30:00,0.0,2.376143814251221e-05,3.017891401798383,269.49655297200434,0.22833333333333336,-0.1199922884004387
2022-06-16 07:00:00,0.0,0.0026449378053797,3.818202524383185,340.8041567860262,0.22766666666666668,-0.0950876456411844
2022-06-16 07:30:00,0.0,0.0026635120953453,4.679999954138939,417.6805086750694,0.22766666666666668,-0.0777691986342366
2022-06-16 08:00:00,0.0,0.0065809126913242,5.158804099631018,460.3147380509388,0.22766666666666668,-0.0747922927132659
2022-06-16 08:30:00,0.0,0.0069867758162866,7.1991574586280915,642.7647272626187,0.22766666666666668,-0.0913859120393948
2022-06-16 09:00:00,0.0,0.0174438429216634,8.981229612096739,801.7263005569679,0.2273333333333333,-0.1292757857582046
2022-06-16 09:30:00,0.0,0.0178099237227237,10.872494822334096,970.6609838215916,0.2273333333333333,-0.1866339292187881
2022-06-16 10:00:00,0.0,0.0139052951456045,12.96871014128961,1157.669292792364,0.22666666666666666,-0.2603553800034735
2022-06-16 10:30:00,0.0,0.0150131417821725,17.171359671297083,1532.750786097527,0.22666666666666666,-0.3480878592769615
2022-06-16 11:00:00,0.0,0.0646220082878983,22.54695088371267,2013.3224990655513,0.22566666666666668,-0.4469411743061169
2022-06-16 11:30:00,0.0,0.1083803329748102,25.848148977464067,2310.429717397241,0.22566666666666668,-0.5499085991477219
2022-06-16 12:00:00,0.0,0.0971368773134834,30.605826894039552,2735.218272959291,0.22466666666666665,-0.6442308610710051
2022-06-16 12:30:00,0.0,0.0467005766601712,32.94121564601744,2944.546208551985,0.22466666666666665,-0.7141841581061728
2022-06-16 13:00:00,0.0,0.0289569494208535,31.22426768703979,2792.0463664875883,0.22399999999999998,-0.7472217580779635
2022-06-16 13:30:00,0.0,0.0831104503095368,31.876611710261336,2850.080575030783,0.22399999999999998,-0.7402950302894246
2022-06-16 14:00:00,0.0,0.0205420057438033,30.260000650260217,2705.00257989434,0.22233333333333336,-0.7023419117885734
2022-06-16 14:30:00,0.0,0.0731692692694349,28.913786650786477,2583.6770845719116,0.22233333333333336,-0.6504891650588931
2022-06-16 15:00:00,0.0,0.0781732776369724,28.8094051751799,2574.1729198396333,0.221,-0.6024416491063945
2022-06-16 15:30:00,0.0,0.0765089781688666,27.521530096338427,2459.558073024502,0.221,-0.5707434446812866
2022-06-16 16:00:00,0.0,0.0687696643741347,26.125039182406052,2334.0694100025003,0.22066666666666665,-0.5618502479843062
2022-06-16 16:30:00,0.0,0.0122438980731265,26.088214710700058,2330.525879543101,0.22066666666666665,-0.5772887272771153
2022-06-16 17:00:00,0.0,0.0256155249098371,25.420369546082338,2270.883804621431,0.21966666666666668,-0.6118926190954268
2022-06-16 17:30:00,0.0,0.0271545612741392,26.226158232263984,2342.845709455758,0.21966666666666668,-0.6502145367563076
2022-06-16 18:00:00,0.0,0.0604220812662423,28.116718276509935,2512.855809176222,0.2193333333333333,-0.6702593656336703
2022-06-16 18:30:00,0.0,0.0547421433748953,28.125547236072077,2512.982697479433,0.2193333333333333,-0.6578027691162832
2022-06-16 19:00:00,0.0,3.8648415040799214e-05,24.179862784768797,2160.751375159444,0.21833333333333335,-0.6173810867352295
2022-06-16 19:30:00,0.0,3.795069047326455e-05,26.409457918407853,2359.6436361890756,0.21833333333333335,-0.5664821303430475
2022-06-16 20:00:00,0.0,3.662332912531117e-05,24.799598964565764,2214.9974426532553,0.21666666666666667,-0.5215860298461201
2022-06-16 20:30:00,0.0,3.734850980499943e-05,22.507082277269955,2010.659053539801,0.21666666666666667,-0.4922432178607386
2022-06-16 21:00:00,0.0,3.3758057524395963e-05,18.69936018436891,1670.2853968029085,0.217,-0.4825201752994207
2022-06-16 21:30:00,0.0,3.4781661707364674e-05,14.992609420991617,1338.9771754117062,0.217,-0.4904529387016064
2022-06-16 22:00:00,0.0,3.3392474329447656e-05,13.045326084543422,1164.9219225400975,0.21666666666666667,-0.5059992101379102
2022-06-16 22:30:00,0.2,3.013207550573784e-05,10.00373641986151,893.0570093589894,0.21666666666666667,-0.5141159411616281
2022-06-16 23:00:00,0.0,0.0082001612207811,8.088189300853323,721.9039126641486,0.21666666666666667,-0.5028039820799084
2022-06-16 23:30:00,0.0,0.0077355521288132,6.968936595416152,621.8898524269886,0.21666666666666667,-0.4690618578168756
2022-06-17 00:00:00,0.0,0.0075502614594663,5.187539630125995,463.73161013082375,0.21733333333333335,-0.418384969597567
2022-06-17 00:30:00,0.0,0.0076162284728665,4.977451731776692,444.3563468382992,0.21733333333333335,-0.3602697251175381
2022-06-17 01:00:00,0.0,0.007207312963909,4.1882768056437145,374.27828856167326,0.21833333333333335,-0.3039445270988559
2022-06-17 01:30:00,0.0,2.6116273850256723e-05,3.9203323605478473,350.5654130072539,0.21833333333333335,-0.255638737837281
2022-06-17 02:00:00,0.0,2.5586480963000708e-05,3.987554218479461,356.00139742251,0.21866666666666665,-0.2172361261211185
2022-06-17 02:30:00,0.0,2.5342352952357383e-05,3.066357239296056,274.0939981775495,0.21866666666666665,-0.1872335548160072
2022-06-17 03:00:00,0.0,2.5657134418759616e-05,2.8050427543117857,250.64415781403017,0.219,-0.1635419408666546
2022-06-17 03:30:00,0.0,2.5168220573989084e-05,3.4623860033166367,308.77522801679294,0.219,-0.1450623309884439
2022-06-17 04:00:00,0.0,2.5376732589395176e-05,2.3462332264916768,209.60138975962843,0.2193333333333333,-0.1307877853280762
2022-06-17 04:30:00,0.0,2.5376732589395176e-05,2.3640201446706532,211.45465734268907,0.2193333333333333,-0.1189243509701967
2022-06-17 05:00:00,0.0,2.541114567201921e-05,2.2571274244616903,201.78682606230524,0.2193333333333333,-0.1078472449042461
2022-06-17 05:30:00,0.0,2.5481452105946365e-05,2.381795690485513,212.79179177707627,0.2193333333333333,-0.0975172005407204
2022-06-17 06:00:00,0.0,2.6293655713524186e-05,2.576581179253071,230.1146372122062,0.2193333333333333,-0.0894501376878215
2022-06-17 06:30:00,0.0,2.57626807481102e-05,3.5136351557157988,313.60296655225335,0.2193333333333333,-0.0849583241156227
2022-06-17 07:00:00,0.2,2.697436473519058e-05,3.7685014665280745,336.4022893719337,0.219,-0.0831229107715918
2022-06-17 07:30:00,2.0,2.6759424810277215e-05,1.7890990718887572,159.84166957027082,0.219,-0.0806746839217819
2022-06-17 08:00:00,2.8,0.003599515101723,1.2760121888769669,113.8955458660986,0.21866666666666665,-0.0744127658323673
2022-06-17 08:30:00,1.0,2.7627954200229578e-05,0.6964816022248858,62.276786948685974,0.21866666666666665,-0.0643161315227393
2022-06-17 09:00:00,0.4,0.0140725780917748,0.4687827240531756,41.79669058214248,0.22433333333333336,-0.0548569646395343
2022-06-17 09:30:00,0.0,0.0038745076610271,0.4687827240531756,41.894962353580745,0.22433333333333336,-0.053463021269856
2022-06-17 10:00:00,0.0,0.0148254748105806,2.310625201657657,206.24675493535617,0.24,-0.0666440143166294
2022-06-17 10:30:00,0.0,0.0159671905525893,4.47025100556566,398.4431507843386,0.24,-0.0953334094332088
2022-06-17 11:00:00,0.0,0.0258569587712666,4.7004105148256565,419.48595733293587,0.245,-0.1326941889298975
2022-06-17 11:30:00,0.0,0.0254296390071308,6.7247991649803005,600.4030200096026,0.245,-0.1675371118938861
2022-06-17 12:00:00,0.0,0.02417390499377,7.375135765012587,658.4441452810986,0.24366666666666667,-0.1912503096938129
2022-06-17 12:30:00,0.0,0.0247793512276015,8.2454745437112,736.165367169533,0.24366666666666667,-0.2013168949495655
2022-06-17 13:00:00,0.0,0.0291522189186022,10.774050784897176,961.666925028371,0.241,-0.1990694113724724
2022-06-17 13:30:00,0.0,0.0162923390565471,10.422875071479254,930.3583846786436,0.241,-0.1872375209266611
2022-06-17 14:00:00,0.0,0.0137022061707623,10.625937960113792,948.7731697333958,0.23933333333333331,-0.1710795435023053
2022-06-17 14:30:00,0.0,0.0138816949778758,11.792592991192135,1052.7299380275992,0.23933333333333331,-0.1588785340485055
2022-06-17 15:00:00,0.0,0.0084970441655729,11.438996690238683,1021.3189299569644,0.238,-0.1577407964087062
2022-06-17 15:30:00,0.0,0.0086077936234894,11.701279244740666,1045.0505269965508,0.238,-0.1686955788422488
2022-06-17 16:00:00,0.0,0.0079424686456202,11.054964661807364,986.8359157293664,0.2373333333333333,-0.1870820219094629
2022-06-17 16:30:00,0.0,0.0081303776735624,10.841153612322667,967.9584649815248,0.2373333333333333,-0.2071000924808383
2022-06-17 17:00:00,0.0,0.0122538876972927,12.743063380415112,1137.8734151320125,0.23666666666666666,-0.2249672882107908
2022-06-17 17:30:00,0.0,0.0120276108446937,12.79369005532516,1142.1008254568455,0.23666666666666666,-0.2391380931796077
2022-06-17 18:00:00,0.0,0.0154948069174402,12.103793406907736,1080.6267191026234,0.236,-0.2498481478804645
2022-06-17 18:30:00,0.0,0.0152268639396167,12.348137235136528,1102.8035169180555,0.236,-0.25871223353681
2022-06-17 19:00:00,0.0,0.0157685909902648,12.322499818395324,1100.0130338158087,0.23500000000000001,-0.2674925149351412
2022-06-17 19:30:00,0.0,0.0157319301612467,10.012892522450258,894.0697400116937,0.23500000000000001,-0.2768734137519009
2022-06-17 20:00:00,0.0,0.0055468146003279,7.87969142541957,703.7825336668994,0.23466666666666666,-0.2868002827890765
2022-06-17 20:30:00,0.0,0.0054763006926762,8.77904199298259,783.7667379959825,0.23466666666666666,-0.2974497787362458
2022-06-17 21:00:00,0.0,3.519499171295756e-05,7.300228312843659,651.5957417352025,0.23399999999999999,-0.3087082066307738
2022-06-17 21:30:00,1.0,3.404197166659722e-05,5.856163216676693,522.6986475752042,0.23399999999999999,-0.3185968948233177
2022-06-17 22:00:00,1.6,3.3392474329447656e-05,3.3596084898877088,300.0351429529651,0.2333333333333333,-0.3232602864644484
2022-06-17 22:30:00,0.2,3.303117294097335e-05,1.8797223826732936,167.9376154952174,0.2333333333333333,-0.3192398936636451
2022-06-17 23:00:00,0.0,3.187737162449441e-05,1.588671569644022,142.05821911263848,0.2356666666666667,-0.3057680913243821
2022-06-17 23:30:00,0.0,3.1329082352843475e-05,1.386770546355924,123.76288739317374,0.2356666666666667,-0.2848768460194849
2022-06-18 00:00:00,0.0,3.062997880469489e-05,0.630092413715826,56.575528830615944,0.24366666666666667,-0.2596798362812429
2022-06-18 00:30:00,0.0,2.994003747838271e-05,0.3678022178932303,33.09080870718084,0.24366666666666667,-0.2326621987281282
2022-06-18 01:00:00,0.0,2.978886092341215e-05,0.4617699230748597,41.137653011099054,0.243,-0.2050195509554514
2022-06-18 01:30:00,0.0,0.0024085082607139,0.5554117600382724,50.00039866245717,0.243,-0.1770365597668548
2022-06-18 02:00:00,0.0,2.8809982646216876e-05,0.5367093324874513,48.17891495866066,0.24166666666666667,-0.1493646167310977
2022-06-18 02:30:00,0.0,2.9183333930494853e-05,0.3301232838517843,29.766544501163533,0.24166666666666667,-0.1246115680900523
2022-06-18 03:00:00,0.0,2.9636675311373782e-05,0.5179939565151719,46.50710240536696,0.241,-0.1073655671189006
2022-06-18 03:30:00,0.8,2.9561549455001053e-05,0.1029357195160161,9.31951544270251,0.241,-0.1017495608524432
2022-06-18 04:00:00,0.6,2.959832938613145e-05,-0.1645682484271621,-14.717505666384907,0.24,-0.1083619148812241
2022-06-18 04:30:00,0.2,2.9485025759073216e-05,-0.3960044806639017,-35.10792631464254,0.24,-0.1232209365759844
2022-06-18 05:00:00,0.2,2.8921487481622617e-05,-0.4930315918885647,-43.90225504307463,0.24066666666666667,-0.1395757672416663
2022-06-18 05:30:00,0.0,2.851160658810513e-05,-0.3960044806639017,-35.491985974223006,0.24066666666666667,-0.1515930259212886
2022-06-18 06:00:00,0.0,2.814130076513904e-05,-0.4930315918885647,-43.85960667499585,0.244,-0.1572684016354116
2022-06-18 06:30:00,0.0,2.7774368397717875e-05,-0.3766413473743014,-33.762220644715974,0.244,-0.1580394204401897
2022-06-18 07:00:00,0.0,0.002124866552884,-0.6685761542355951,-59.42581892522113,0.24433333333333332,-0.1560300743560159
2022-06-18 07:30:00,0.0,0.0021555629015899,-1.0628805816616822,-94.40106902993654,0.24433333333333332,-0.152307983488635
2022-06-18 08:00:00,0.0,0.0055688226465286,-0.3766413473743014,-33.6193764851566,0.243,-0.1473058716946393
2022-06-18 08:30:00,0.0,0.005725680532316,0.1978304476609792,17.810334625860634,0.243,-0.1420674016088163
2022-06-18 09:00:00,0.0,0.0110786347038032,0.7973746900027031,71.10637347196936,0.242,-0.1396945763049364
2022-06-18 09:30:00,0.0,0.0115484327434771,1.9049028693431695,170.29691545960304,0.242,-0.1474544150267787
2022-06-18 10:00:00,0.0,3.653860858022648e-05,7.610951589540145,679.4331114551928,0.241,-0.1779834283328039
2022-06-18 10:30:00,0.0,0.0350355337970001,21.681136737042376,1936.4331268229043,0.241,-0.2455158187824667
2022-06-18 11:00:00,0.0,0.2011121106892518,26.62327808537733,2378.619779664854,0.23966666666666667,-0.3562181533140258
2022-06-18 11:30:00,0.0,0.2004466912305846,32.04228628648453,2865.0565527327703,0.23966666666666667,-0.5005857849725838
2022-06-18 12:00:00,0.0,0.2661231785761992,32.52369618180563,2911.4472196157058,0.2383333333333333,-0.657918136616199
2022-06-18 12:30:00,0.0,0.2914039933242958,33.866421688434784,3032.014042705953,0.2383333333333333,-0.8110368760163601
2022-06-18 13:00:00,0.0,0.294533451377128,33.226296973059284,2976.5106718052944,0.2373333333333333,-0.9575017226469664
2022-06-18 13:30:00,0.0,0.3244633612007505,34.9524628885777,3130.024778228913,0.2373333333333333,-1.1067426838630077
2022-06-18 14:00:00,0.0,0.4139198023213901,31.955016079068763,2864.2011947613855,0.236,-1.2657934015613952
2022-06-18 14:30:00,0.0,0.4388331141014995,32.71193951137024,2931.552352383886,0.236,-1.4268872653719908
2022-06-18 15:00:00,0.0,0.4156984739564338,32.15315332264153,2881.715920067178,0.2336666666666667,-1.569558545452197
2022-06-18 15:30:00,0.0,0.3675770627763787,29.275747257616946,2623.8078082013403,0.2336666666666667,-1.6751987402190232
2022-06-18 16:00:00,0.0,0.3509919678598302,30.628506079007195,2743.0023329070054,0.23066666666666666,-1.737156828160145
2022-06-18 16:30:00,0.0,0.3414476976617076,29.367608381373433,2630.8354344972586,0.23066666666666666,-1.7541892013370697
2022-06-18 17:00:00,0.0,0.1619042929324406,28.24550574990023,2529.7200842993943,0.2273333333333333,-1.7164849545771057
2022-06-18 17:30:00,0.0,0.2685993290074916,31.75614565450948,2841.220653619271,0.2273333333333333,-1.6061285828634626
2022-06-18 18:00:00,0.0,0.2107099648335535,31.13086135002622,2786.052207002133,0.22433333333333336,-1.4181574596243425
2022-06-18 18:30:00,0.0,0.2021676595085902,33.68208049591149,3009.5094906339514,0.22433333333333336,-1.1794387821293086
2022-06-18 19:00:00,0.0,0.0853860264301122,28.72949026972696,2566.5286160581336,0.22199999999999998,-0.9406422507756044
2022-06-18 19:30:00,0.0,0.0871370845059585,24.32686851338497,2172.1042154016586,0.22199999999999998,-0.7489143344340531
2022-06-18 20:00:00,0.0,0.0860346555339577,17.87544430773674,1596.6330631943044,0.2213333333333333,-0.6279801594943418
2022-06-18 20:30:00,0.0,0.0834618986111975,18.29524917506894,1634.225269478435,0.2213333333333333,-0.5754480813306406
2022-06-18 21:00:00,0.0,0.0423488542058612,16.284194623808197,1454.5394641795465,0.22199999999999998,-0.5695822119196067
2022-06-18 21:30:00,0.0,3.515368783130449e-05,14.503338828727433,1295.5981271562166,0.22199999999999998,-0.5799312681868839
2022-06-18 22:00:00,0.0,3.303117294097335e-05,11.522472162544611,1029.6316740584796,0.2213333333333333,-0.5797304355009341
2022-06-18 22:30:00,0.0,3.239131313461301e-05,11.49660844862684,1026.1834405074355,0.2213333333333333,-0.5557282312637192
2022-06-18 23:00:00,0.0,3.295032186546801e-05,7.698515661030664,688.272264942742,0.22166666666666668,-0.5111801375712229
2022-06-18 23:30:00,0.0,3.144557613994091e-05,9.164300386550034,817.3489954414687,0.22166666666666668,-0.4602538918182231
2022-06-19 00:00:00,0.0,2.9902966050348084e-05,5.454673966272736,487.96298273113854,0.22233333333333336,-0.4163843353805776
2022-06-19 00:30:00,0.0,2.9146910777830966e-05,5.206274508991151,465.3052305734014,0.22233333333333336,-0.3830347442849764
2022-06-19 01:00:00,0.0,2.8399713350494872e-05,4.351917727728817,388.9602483629141,0.22233333333333336,-0.354644785963957
2022-06-19 01:30:00,0.0,2.7774368397717875e-05,3.570587969995104,319.18164979916855,0.22233333333333336,-0.3249105210361541
2022-06-19 02:00:00,0.0,2.7445699734704247e-05,2.851898032095672,255.14470436182148,0.22266666666666665,-0.2922517908184992
2022-06-19 02:30:00,0.0,2.6902582937193505e-05,3.054314095735611,272.7961724245692,0.22266666666666665,-0.2581086306814458
2022-06-19 03:00:00,0.0,2.6258392924944224e-05,2.885735600340711,257.69374900806923,0.223,-0.2232535500174394
2022-06-19 03:30:00,0.0,2.6116273850256723e-05,3.071116446214766,274.03947870819644,0.223,-0.1876215928136977
2022-06-19 04:00:00,0.0,2.608118062092133e-05,2.1837361193830716,195.332929095212,0.22266666666666665,-0.1522366314773195
2022-06-19 04:30:00,0.0,2.6365696203895816e-05,1.729187621936278,155.3736487139531,0.22266666666666665,-0.1193255425413711
2022-06-19 05:00:00,0.0,2.618656119674144e-05,2.0620912552545207,184.2944647604673,0.22266666666666665,-0.0908294360054804
2022-06-19 05:30:00,0.0,2.586853706785997e-05,2.009793631886211,179.42356541505592,0.22266666666666665,-0.0678830070942836
2022-06-19 06:00:00,0.0,2.6650985973610524e-05,1.9399091959362695,173.25881853364845,0.223,-0.0514558588544421
2022-06-19 06:30:00,0.0,2.6579814711673224e-05,2.218393930584958,198.2205273259459,0.223,-0.0425183450010296
2022-06-19 07:00:00,0.0,2.781105680668246e-05,2.8010649439142785,250.42425648432263,0.22266666666666665,-0.0418098938204521
2022-06-19 07:30:00,0.0,2.9221308170873098e-05,4.028956294327119,360.1262235796266,0.22266666666666665,-0.050713544767095
2022-06-19 08:00:00,0.0,0.0075908801666248,7.064317113681242,630.6827361919221,0.22266666666666665,-0.0729884571680357
2022-06-19 08:30:00,0.0,0.0079957722345528,9.996299487816245,892.3168819045038,0.22266666666666665,-0.1150205787692803
2022-06-19 09:00:00,0.0,0.0122695757529958,13.580771273485404,1212.6894559655266,0.22233333333333336,-0.1832294249058875
2022-06-19 09:30:00,0.0,0.012537733558582,16.133878784999318,1440.9184287414362,0.22233333333333336,-0.2801749525953331
2022-06-19 10:00:00,0.0,0.0057084808042044,20.782732755828487,1856.7974109200456,0.2213333333333333,-0.401958176027005
2022-06-19 10:30:00,0.0,0.0062415104870719,24.598915423244865,2199.4024453500256,0.2213333333333333,-0.5378356703253995
2022-06-19 11:00:00,0.0,0.2240741340786446,31.291921636247732,2797.23560279852,0.2213333333333333,-0.6724618804421835
2022-06-19 11:30:00,0.0,0.2386866567203427,29.201034028408387,2614.470555275439,0.2213333333333333,-0.791893934213559
2022-06-19 12:00:00,0.0,0.1219877853333208,29.839687788387884,2670.754163970819,0.21999999999999997,-0.8913634918266847
2022-06-19 12:30:00,0.0,0.206489486094223,28.71253725149203,2571.1870428230623,0.21999999999999997,-0.9779783030372022
2022-06-19 13:00:00,0.0,0.2872550362915492,31.370994876339932,2808.580538537577,0.21833333333333335,-1.0629307279857787
2022-06-19 13:30:00,0.0,0.318098591603739,28.754120209675847,2576.2195583056423,0.21833333333333335,-1.148150706477649
2022-06-19 14:00:00,0.0,0.3426367613070911,29.529549500210273,2646.264658242406,0.21666666666666667,-1.2213402845614725
2022-06-19 14:30:00,0.0,0.4433949382017181,28.911821237791727,2590.2386579786107,0.21666666666666667,-1.2694928183441383
2022-06-19 15:00:00,0.0,0.23784687350802,28.353484823067596,2538.95677049487,0.21433333333333335,-1.3012867512729498
2022-06-19 15:30:00,0.0,0.2299229170727127,29.349129361719317,2626.6953347898548,0.21433333333333335,-1.352189631260022
2022-06-19 16:00:00,0.0,0.2081038637793469,27.320311579524244,2443.818314590442,0.21166666666666667,-1.4585591590117162
2022-06-19 16:30:00,0.0,0.2493943641089913,25.974954490007654,2324.087159237327,0.21166666666666667,-1.6216368470356677
2022-06-19 17:00:00,0.0,0.4209143894133159,27.86502014075854,2491.6493428947624,0.21,-1.7951976157845984
2022-06-19 17:30:00,0.0,0.3431033558263772,27.131646996917443,2427.359071114027,0.21,-1.9065001178100596
2022-06-19 18:00:00,0.0,0.3229841324596085,23.413308283337862,2098.8940072667374,0.209,-1.8942230701711424
2022-06-19 18:30:00,0.0,0.2978588072908348,31.63110471074033,2827.239308550003,0.209,-1.742873017035726
2022-06-19 19:00:00,0.0,0.1284412031195367,28.903533537345155,2583.932177085825,0.206,-1.4941561679519768
2022-06-19 19:30:00,0.0,0.2579114734787935,29.406605305955452,2625.058815632315,0.206,-1.22255781553274
2022-06-19 20:00:00,0.0,0.058498462032177,23.04854767840734,2059.0399610084787,0.20366666666666666,-0.990054857666903
2022-06-19 20:30:00,0.0,0.0449413457020614,16.687503943900406,1492.241738291202,0.20366666666666666,-0.817567407859633
2022-06-19 21:00:00,0.0,0.0313192982650495,14.256916716630244,1274.10885115612,0.20299999999999999,-0.6921823588160563
2022-06-19 21:30:00,0.0,0.0185110184317994,11.045673265448558,987.768982773483,0.20299999999999999,-0.5922413357307165
2022-06-19 22:00:00,0.0,3.117315308598607e-05,10.089487390901295,901.357500798752,0.20333333333333334,-0.5038842027524884
2022-06-19 22:30:00,0.0,0.0175357697021596,8.396916844889526,750.2167858082518,0.20333333333333334,-0.4236844063184327
2022-06-19 23:00:00,0.0,0.0268583186749485,7.254123209651375,647.9145754825742,0.20333333333333334,-0.3555945253447368
2022-06-19 23:30:00,0.0,0.020257086731831,5.9604614400327405,532.8539651129277,0.20333333333333334,-0.3062247255866561
2022-06-20 00:00:00,0.0,3.0978191427504694e-05,5.4135641616833645,483.38378311374424,0.204,-0.2788572402300973
2022-06-20 00:30:00,0.0,3.0208193578321032e-05,4.504950109524822,402.5612720001506,0.204,-0.2703415828731882
2022-06-20 01:00:00,0.0,3.013207550573784e-05,4.249196715550645,379.45042767856194,0.204,-0.2736067368323826
2022-06-20 01:30:00,0.0,2.9561549455001053e-05,3.95872326694682,353.4185982545442,0.204,-0.2818727868356115
2022-06-20 02:00:00,0.0,2.8883783507465197e-05,2.985270648549435,267.0273616919246,0.20366666666666666,-0.2897859698166399
2022-06-20 02:30:00,0.0,2.8734810665996177e-05,2.6984322747109704,241.21066390077985,0.20366666666666666,-0.2928499339774054
2022-06-20 03:00:00,0.0,2.814130076513904e-05,2.184944655626035,195.540199537198,0.20366666666666666,-0.2882733887363718
2022-06-20 03:30:00,0.0,2.79581500579373e-05,2.167663954472242,193.64733071730836,0.20366666666666666,-0.2762950270246723
2022-06-20 04:00:00,0.0,2.7774368397717875e-05,2.3228040814390867,207.3656017691096,0.20366666666666666,-0.2589134961321738
2022-06-20 04:30:00,0.0,2.7155854767812608e-05,1.7320990176648892,154.88960564017088,0.20366666666666666,-0.2370089889435593
2022-06-20 05:00:00,0.0,2.7264292631173747e-05,1.7145325473161157,153.4640226419317,0.20366666666666666,-0.210344342822637
2022-06-20 05:30:00,0.0,2.7083732081437783e-05,1.9594498283795512,175.30495391617345,0.20366666666666666,-0.180942995837114
2022-06-20 06:00:00,0.0,2.740935055048091e-05,2.011650480791509,179.64277963978373,0.20333333333333334,-0.1543298811643354
2022-06-20 06:30:00,0.0,2.6795163676127593e-05,1.9420276701169972,173.54014803928743,0.20333333333333334,-0.1362834399725344
2022-06-20 07:00:00,0.0,2.7554950680070244e-05,2.046396231830351,182.79953436057352,0.20333333333333334,-0.129682728527354
2022-06-20 07:30:00,0.0,2.8067349052283917e-05,2.3571622602766578,210.5135157684867,0.20333333333333334,-0.1348877824882543
2022-06-20 08:00:00,0.0,0.0019366843186568,3.4679295218524775,309.5098517219838,0.20299999999999999,-0.151590817118806
2022-06-20 08:30:00,0.0,0.0020006751834969,2.968478784486423,265.0582631222743,0.20299999999999999,-0.1802477961427649
2022-06-20 09:00:00,0.0,0.0062287622250065,5.103443227373595,455.52276251215005,0.20266666666666666,-0.2237746057886428
2022-06-20 09:30:00,0.0,0.0063478762881125,4.329364217510901,386.63897532548873,0.20266666666666666,-0.2885437446653894
2022-06-20 10:00:00,0.0,0.0184728054968863,6.324788813208567,564.5637444177548,0.20233333333333334,-0.3815395364437441
2022-06-20 10:30:00,0.0,0.0204441169706009,14.465926572533618,1291.9310085510883,0.20233333333333334,-0.5025536023418268
2022-06-20 11:00:00,0.0,0.1029426901768531,18.012293155988303,1608.664055858474,0.20199999999999999,-0.6361142996176117
2022-06-20 11:30:00,0.0,0.1107000790545588,24.10994004612066,2154.3960812400937,0.20199999999999999,-0.7534007867130784
2022-06-20 12:00:00,0.2,0.026618410733617,26.094254767587092,2331.853609556099,0.20166666666666666,-0.828095034118264
2022-06-20 12:30:00,0.0,0.0305157171220263,25.85742147708247,2311.1599601952807,0.20166666666666666,-0.8542389545098723
2022-06-20 13:00:00,0.0,0.216557241688818,27.516443811605953,2461.821527070122,0.20033333333333334,-0.8494810154827008
2022-06-20 13:30:00,0.0,0.1826900012832463,24.825956100422832,2219.0844369582464,0.20033333333333334,-0.8443763682135135
2022-06-20 14:00:00,0.0,0.2401906935443573,29.74177148809082,2654.9036551116956,0.19966666666666666,-0.8682692890872639
2022-06-20 14:30:00,0.4,0.17828345949395,14.59370632000622,1304.5609745610416,0.19966666666666666,-0.9340622231385172
2022-06-20 15:00:00,0.2,0.0234716261014279,15.577349022278767,1392.1596995928917,0.19866666666666666,-1.026454443602149
2022-06-20 15:30:00,0.0,3.752045360748856e-05,22.004955077356374,1966.219334891261,0.19866666666666666,-1.1106875157969982
2022-06-20 16:00:00,0.0,0.0864898173784829,23.98185611409521,2141.45338984489,0.19899999999999998,-1.1623201088344206
2022-06-20 16:30:00,0.0,0.1139573611434288,22.062433608778676,1970.4403869895775,0.19899999999999998,-1.1859375934584424
2022-06-20 17:00:00,0.0,0.0905242906533145,24.50107442796328,2191.2190802708055,0.19999999999999998,-1.2000420330363826
2022-06-20 17:30:00,0.0,0.0684718101221889,22.05285922689644,1970.6366109009584,0.19999999999999998,-1.2097500894230837
2022-06-20 18:00:00,0.0,0.1101067570105052,22.670793137613938,2025.7019830513764,0.20033333333333334,-1.200505754573078
2022-06-20 18:30:00,0.0,0.0563083235619241,24.645753036828793,2202.2481889906603,0.20033333333333334,-1.1542964015240709
2022-06-20 19:00:00,0.0,3.662332912531117e-05,23.335852710037173,2084.9164050796894,0.20066666666666666,-1.067381327459788
2022-06-20 19:30:00,0.4,3.4205635288323394e-05,16.666901003155857,1487.9459860903646,0.20066666666666666,-0.9554763510403024
2022-06-20 20:00:00,0.0,0.0092376617539801,10.915125776330578,975.3111501621509,0.19999999999999998,-0.8450343915369614
2022-06-20 20:30:00,0.0,0.0092935413097243,9.435726941941816,843.8974458482463,0.19999999999999998,-0.756874020644809
2022-06-20 21:00:00,0.0,3.0208193578321032e-05,9.61097562337665,858.943740125277,0.20099999999999998,-0.6937063572399682
2022-06-20 21:30:00,0.0,2.9033291171632532e-05,8.180937574894024,730.3518042095346,0.20099999999999998,-0.6416989525739899
2022-06-20 22:00:00,0.0,2.851160658810513e-05,5.811881421038444,519.1944584036553,0.20199999999999999,-0.5827646853758105
2022-06-20 22:30:00,0.0,2.7591435480352944e-05,5.19682554935733,464.242172480215,0.20199999999999999,-0.5064968298935194
2022-06-20 23:00:00,0.0,2.7627954200229578e-05,4.007340735093452,358.5251158708547,0.20266666666666666,-0.4154240657714013
2022-06-20 23:30:00,0.0,2.8067349052283917e-05,4.2009885454085785,375.54733176047273,0.20266666666666666,-0.323231507420518
2022-06-21 00:00:00,0.2,2.8067349052283917e-05,4.766815904812975,425.7503838351,0.20366666666666666,-0.2472876485507336
2022-06-21 00:30:00,1.0,0.0041736221143071,2.5116474781959837,224.49976525348868,0.20366666666666666,-0.1996677530708354
2022-06-21 01:00:00,0.4,0.0051624296845236,1.7648152883594377,157.7524539165261,0.204,-0.1825422130105974
2022-06-21 01:30:00,0.2,2.814130076513904e-05,1.605913207163587,143.06475196213538,0.204,-0.1896662456316895
2022-06-21 02:00:00,0.0,2.7300506301294197e-05,0.8337217714625988,74.82795136772874,0.20433333333333334,-0.2108502825833397
2022-06-21 02:30:00,0.0,2.711977650685282e-05,1.0875396360791014,96.85712033131608,0.20433333333333334,-0.2359669404853523
2022-06-21 03:00:00,0.2,2.6902582937193505e-05,0.4300046289871256,38.604178764533025,0.20666666666666667,-0.2567542286856784
2022-06-21 03:30:00,0.0,2.6223163795089992e-05,0.5591145987935277,50.06953366015222,0.20666666666666667,-0.2668445616706262
2022-06-21 04:00:00,0.0,2.541114567201921e-05,0.3002740820746244,26.824389985799577,0.20866666666666667,-0.2621449096235019
2022-06-21 04:30:00,0.0,2.5306633599255708e-05,0.3002740820746244,26.906599403627048,0.20866666666666667,-0.2423825448935396
2022-06-21 05:00:00,0.0,2.492425274865588e-05,0.0013781096976605,0.549354067201446,0.20966666666666667,-0.2118766438598359
2022-06-21 05:30:00,0.0,2.513267772622862e-05,0.1512415045623513,13.41446722139423,0.20966666666666667,-0.1778624635796785
2022-06-21 06:00:00,0.0,2.5306633599255708e-05,0.1885771088662848,16.638987023145756,0.21,-0.1470853621515789
2022-06-21 06:30:00,0.0,2.5481452105946365e-05,0.0013781096976605,0.026705022167582,0.21,-0.1228627491122534
2022-06-21 07:00:00,0.0,2.5306633599255708e-05,-0.2060610655816499,-18.170923846638157,0.21,-0.1049233984783643
2022-06-21 07:30:00,0.0,2.600969466871188e-05,0.0764143484786875,6.660483870189851,0.21,-0.092626344788241
2022-06-21 08:00:00,0.0,2.6544279676838223e-05,0.1885771088662848,16.87387574353516,0.21033333333333334,-0.0893808578218295
2022-06-21 08:30:00,0.0,2.7995008303509975e-05,0.5222889466940872,46.7799152788356,0.21033333333333334,-0.1052774197517941
2022-06-21 09:00:00,0.0,3.0208193578321032e-05,1.817579431016731,162.38762944173425,0.21033333333333334,-0.1563903998876377
2022-06-21 09:30:00,0.0,3.331269792334119e-05,6.740764717078923,601.6403249591478,0.21033333333333334,-0.2598646509945987
2022-06-21 10:00:00,0.0,0.0276976336426157,18.17513936590339,1623.2875793535889,0.21033333333333334,-0.4245859752909343
2022-06-21 10:30:00,0.0,0.0490466695144588,23.655258546496903,2114.090273123449,0.21033333333333334,-0.6412248174137006
2022-06-21 11:00:00,0.0,0.2601389655736292,27.106320829373026,2425.343525895382,0.21033333333333334,-0.8801825638177091
2022-06-21 11:30:00,0.0,0.2687010841277172,27.457521240153454,2457.4731841677017,0.21033333333333334,-1.1030370375350813
2022-06-21 12:00:00,0.0,0.3358825089410304,30.72754451391242,2749.3118894967297,0.20933333333333334,-1.2817184046551102
2022-06-21 12:30:00,0.0,0.308313945689007,30.4307523262184,2723.525509802997,0.20933333333333334,-1.411107509717955
2022-06-21 13:00:00,0.0,0.2194159741768421,28.729640380522326,2572.5446759409037,0.20766666666666667,-1.5070516539389904
2022-06-21 13:30:00,0.0,0.2523719628914277,29.2673760937479,2618.66798008651,0.20766666666666667,-1.5942928035396378
2022-06-21 14:00:00,0.0,0.1849375713696417,28.995090213386774,2593.1338012805627,0.206,-1.6937144121771102
2022-06-21 14:30:00,0.0,0.1333221769699792,26.91681191083025,2407.669303442802,0.206,-1.8143469641901375
2022-06-21 15:00:00,0.0,0.4036283928585031,25.82549743995146,2313.054506453977,0.20433333333333334,-1.949203055592328
2022-06-21 15:30:00,0.0,0.3919188928582182,28.804440337181973,2576.034479148227,0.20433333333333334,-2.0706629889939236
2022-06-21 16:00:00,0.0,0.3592896377655553,25.728240101208975,2304.8468106819155,0.20299999999999999,-2.1305249799874075
2022-06-21 16:30:00,0.0,0.3265435131721731,27.53427443426728,2463.5329732082273,0.20299999999999999,-2.0831281694252293
2022-06-21 17:00:00,0.0,0.223060189151699,25.97540738550915,2324.6957013698734,0.20133333333333334,-1.9294942178251224
2022-06-21 17:30:00,0.0,0.2483589324913817,28.278468365647036,2528.9695690188673,0.20133333333333334,-1.734885888329424
2022-06-21 18:00:00,0.0,0.182638538902472,26.596391541484323,2377.3421217800974,0.19933333333333333,-1.5829901110670366
2022-06-21 18:30:00,0.0,0.2556419207604041,25.06861268676104,2240.359910803649,0.19933333333333333,-1.506244199078168
2022-06-21 19:00:00,0.0,0.1901652605866016,25.292514313030516,2259.567105989595,0.19833333333333333,-1.4658809301198867
2022-06-21 19:30:00,0.0,0.1847615647658335,22.851311918154813,2043.2042561492929,0.19833333333333333,-1.398076052552718
2022-06-21 20:00:00,0.0,0.1743859762822222,23.59964264086647,2107.211972305567,0.19799999999999998,-1.2725477795461673
2022-06-21 20:30:00,0.0,0.1702152555255435,21.964873093071613,1961.062663999376,0.19799999999999998,-1.1077638694809475
2022-06-21 21:00:00,0.0,0.0903681897604826,16.456398920086333,1470.005112777352,0.19733333333333333,-0.9428862155693216
2022-06-21 21:30:00,0.0,0.0767828935744666,13.855580308407776,1237.5960346944617,0.19733333333333333,-0.8062685330091637
2022-06-21 22:00:00,0.0,0.0512444231264198,11.29043397663335,1008.1265584469984,0.19766666666666666,-0.7062329759248742
2022-06-21 22:30:00,0.0,0.0482428516007524,9.06329882350211,809.644880315586,0.19766666666666666,-0.6376911639991054
2022-06-21 23:00:00,0.0,0.0444517517953476,7.385233812200086,659.7905818221387,0.19666666666666666,-0.5901577708783912
2022-06-21 23:30:00,0.0,3.756351760627554e-05,7.196245451241134,642.6167085810382,0.19666666666666666,-0.5528887394252484
2022-06-22 00:00:00,0.0,3.8734359909475526e-05,5.896572477314638,526.4873143688646,0.19599999999999998,-0.5192905855315288
2022-06-22 00:30:00,0.0,0.0448656175275349,5.635564699151075,502.958483872412,0.19599999999999998,-0.4897625589660337
2022-06-22 01:00:00,0.0,0.0445575116408046,4.980598858042584,444.8970890950065,0.19599999999999998,-0.4692759461223766
2022-06-22 01:30:00,0.0,0.0469418166761742,4.838315566253672,431.95285938642144,0.19599999999999998,-0.4605923380718931
2022-06-22 02:00:00,0.0,0.045939638318591,4.599614000535326,410.60997388692385,0.19566666666666666,-0.4603250156430367
2022-06-22 02:30:00,0.0,0.0446469356074293,4.679400145518546,417.6416225845824,0.19566666666666666,-0.4619274944047664
2022-06-22 03:00:00,0.0,3.838583573054792e-05,3.8877899701370304,347.28846670482466,0.19533333333333333,-0.4608470696435572
2022-06-22 03:30:00,0.0,0.0611072964095414,4.051127059313385,361.85791698697176,0.19533333333333333,-0.4560278480593664
2022-06-22 04:00:00,0.0,3.821140429993432e-05,3.822192483766933,341.0523284672997,0.19533333333333333,-0.4481032862168896
2022-06-22 04:30:00,0.0,3.717706580626474e-05,3.7728950717620338,336.71009698049863,0.19533333333333333,-0.4378556359810681
2022-06-22 05:00:00,0.0,0.037697142370154,4.45544099260215,397.34185057932064,0.19499999999999998,-0.4263349325320519
2022-06-22 05:30:00,0.0,3.5653147602019764e-05,3.756443614660647,335.4156368060892,0.19499999999999998,-0.4156149379434121
2022-06-22 06:00:00,0.0,3.552828802827067e-05,3.607950625028823,322.39737277581725,0.19499999999999998,-0.4091912531948657
2022-06-22 06:30:00,0.0,3.611513670987334e-05,5.1848985716692475,462.584467846109,0.19499999999999998,-0.4111420798746719
2022-06-22 07:00:00,0.0,3.653860858022648e-05,6.033825780499485,538.3973127498629,0.19466666666666665,-0.4233396879290326
2022-06-22 07:30:00,0.0,3.6835678740633714e-05,7.036220848904657,628.1184635929645,0.19466666666666665,-0.4423835854183637
2022-06-22 08:00:00,0.0,3.679314618140097e-05,9.671727224248231,863.2972926371762,0.19499999999999998,-0.4599609357711303
2022-06-22 08:30:00,0.0,3.4987072144068906e-05,9.833527943610328,877.923769426204,0.19499999999999998,-0.4681617096767236
2022-06-22 09:00:00,0.0,0.0042749908018912,10.865898499219442,969.7693560050864,0.19466666666666665,-0.4665339188689982
2022-06-22 09:30:00,0.4,0.0041731979389338,8.12027998823762,724.6052396071328,0.19466666666666665,-0.4657359969466641
2022-06-22 10:00:00,0.0,0.0013427016976647,7.92081150896607,706.967820215094,0.19433333333333333,-0.48514315870189
2022-06-22 10:30:00,0.0,0.0013910599209416,9.685241929340632,864.7112410216666,0.19433333333333333,-0.5446206684399345
2022-06-22 11:00:00,0.0,0.0214409477488534,14.738653557022756,1316.3509500444054,0.19399999999999998,-0.6535003705523147
2022-06-22 11:30:00,0.0,0.0228790570977942,21.408098436701675,1912.7855195139648,0.19399999999999998,-0.8040672683465717
2022-06-22 12:00:00,0.0,0.0136887350309624,26.471041193396005,2365.8655511250786,0.19399999999999998,-0.9765110275322474
2022-06-22 12:30:00,0.0,0.1463784312485917,25.454544088050653,2275.5045046189393,0.19399999999999998,-1.1529865600606577
2022-06-22 13:00:00,0.0,0.2697325584096121,27.63720980956008,2470.843151444245,0.19333333333333333,-1.3284677756318894
2022-06-22 13:30:00,0.0,0.2821227989803863,27.96894149579133,2501.7268660682835,0.19333333333333333,-1.509609684052833
2022-06-22 14:00:00,0.0,0.1338262888789339,28.667586078270297,2564.888008638063,0.19299999999999998,-1.7048500882405142
2022-06-22 14:30:00,0.0,0.2721936265536474,31.6859696242449,2834.04129039418,0.19299999999999998,-1.9143258925786897
2022-06-22 15:00:00,0.0,0.2022703439167092,29.59512640629934,2648.7086832549217,0.19199999999999998,-2.124845253860733
2022-06-22 15:30:00,0.0,0.2235006492548977,30.441554146980263,2723.825704780188,0.19199999999999998,-2.313819305610233
2022-06-22 16:00:00,0.0,0.3797564718228559,25.49920264451627,2285.8141549093502,0.19033333333333333,-2.464898008568397
2022-06-22 16:30:00,0.0,0.3984568102842321,29.87337887199844,2672.875628163679,0.19033333333333333,-2.586842312586144
2022-06-22 17:00:00,0.0,0.3045098259685491,26.97553214779111,2415.9906622647172,0.18899999999999997,-2.713295187023763
2022-06-22 17:30:00,0.0,0.2619850758905041,27.824616821911647,2491.3198771312686,0.18899999999999997,-2.8712011712030248
2022-06-22 18:00:00,0.0,0.0784674118567438,25.167703282779197,2252.205384876896,0.18866666666666665,-3.0407565268570145
2022-06-22 18:30:00,0.0,0.0752764935711326,25.38300070424456,2270.7524377701116,0.18866666666666665,-3.1474632568543788
2022-06-22 19:00:00,0.0,0.292416799274064,26.610745052120592,2380.9300427495464,0.18733333333333332,-3.10134629490882
2022-06-22 19:30:00,0.0,0.278796197185238,30.376934803212464,2715.555811796496,0.18733333333333332,-2.856831647992437
2022-06-22 20:00:00,0.0,0.0704187025735912,24.652287713827572,2206.14018284089,0.18699999999999997,-2.4479083707065024
2022-06-22 20:30:00,0.0,0.0878905552532771,24.24121458863568,2168.3329210723914,0.18699999999999997,-1.971564296086228
2022-06-22 21:00:00,0.0,0.0477973562707209,20.22594482339019,1809.406524165118,0.18633333333333332,-1.5332867561153485
2022-06-22 21:30:00,0.0,0.0273528483679699,17.04892770087184,1524.1147449206687,0.18633333333333332,-1.1966085470037275
2022-06-22 22:00:00,0.0,0.0214054190568729,14.72701742347705,1315.5274391028715,0.18633333333333332,-0.968662752725594
2022-06-22 22:30:00,0.0,0.0175570142943141,12.7155053192921,1134.8176158454942,0.18633333333333332,-0.8200673964371231
2022-06-22 23:00:00,0.0,0.0217508792344085,9.167605520092454,819.1635722225105,0.18666666666666665,-0.7142863510912261
2022-06-22 23:30:00,0.0,0.0190571007808758,7.806246987221254,697.3578191221941,0.18666666666666665,-0.6257033661139797
2022-06-23 00:00:00,0.0,2.9372021514339375e-05,6.273873924357834,560.4300802151795,0.18799999999999997,-0.5428909136293255
2022-06-23 00:30:00,0.0,2.8659775033925233e-05,5.862021361109315,523.3446049353355,0.18799999999999997,-0.4648974655085552
2022-06-23 01:00:00,0.0,2.7591435480352944e-05,5.708018090762208,509.04070279243143,0.18866666666666665,-0.397531786989957
2022-06-23 01:30:00,0.0,2.8067349052283917e-05,4.332841837259297,386.5702409260276,0.18866666666666665,-0.3496288394911923
2022-06-23 02:00:00,1.2,2.821538850376113e-05,3.2103131253706207,286.7460305792977,0.18899999999999997,-0.3265416276935451
2022-06-23 02:30:00,0.0,2.6830936314465047e-05,2.8374022186984,252.82269556729952,0.18899999999999997,-0.3235626422272684
2022-06-23 03:00:00,0.0,2.5939746154101555e-05,2.751954165785818,245.2917605185042,0.18866666666666665,-0.3263452360639097
2022-06-23 03:30:00,0.0,2.5098535959493836e-05,1.812012922145121,161.9281698364522,0.18866666666666665,-0.3193492006671118
2022-06-23 04:00:00,0.0,0.0037678257246445,1.7765800432907184,158.63152847109976,0.18999999999999997,-0.2946928943941492
2022-06-23 04:30:00,0.0,2.495958328613873e-05,1.4017515830771348,125.09306051396273,0.18999999999999997,-0.3269120209641095
2022-06-23 05:00:00,0.0,2.4993588956392983e-05,1.4017515830771348,125.03965147177496,0.19066666666666665,-0.3591311475340699
2022-06-23 05:30:00,0.0,2.4785996285137452e-05,1.2214441776535074,108.66154421068708,0.19066666666666665,-0.3913502741040303
2022-06-23 06:00:00,0.0,2.492425274865588e-05,1.0763363162483224,95.91441385896977,0.19166666666666665,-0.4235694006739907
2022-06-23 06:30:00,0.0,2.4579650240962487e-05,0.7653900453224066,68.48817944701226,0.19166666666666665,
2022-06-23 07:00:00,0.0,2.5586480963000708e-05,0.9121608533471136,81.67874528724194,0.19166666666666665,-0.4880076538139114
2022-06-23 07:30:00,0.6,2.615140070619018e-05,1.0217211158092157,90.9946389403672,0.19166666666666665,-0.5202267803838718
2022-06-23 08:00:00,1.0,2.6471892759141174e-05,0.6178206864668067,55.21192341113791,0.19133333333333333,-0.5524459069538321
2022-06-23 08:30:00,0.2,2.6866742732449057e-05,0.7653900453224066,68.13588067948764,0.19133333333333333,-0.5846650335237925
2022-06-23 09:00:00,0.0,2.7518499793196832e-05,0.9304515715036744,82.94946402533401,0.19266666666666665,-0.8005656555728403
2022-06-23 09:30:00,0.2,2.9711932489174568e-05,1.758846497299414,156.83562602239795,0.19266666666666665,-0.7810639147085575
2022-06-23 10:00:00,0.0,0.0023757663140138,4.023617930742206,359.0629181799746,0.20766666666666667,-0.7615621738442747
2022-06-23 10:30:00,0.4,0.002363320941075,4.023617930742206,359.0003362541192,0.20766666666666667,-0.742060432979992
2022-06-23 11:00:00,0.0,0.0911945125707163,9.313143850948157,831.3541351397888,0.212,-0.7225586921157092
2022-06-23 11:30:00,0.0,0.0909752197844024,15.22822213572806,1359.5771340141905,0.212,-0.7030569512514264
2022-06-23 12:00:00,0.0,0.0410500697975652,15.377669106603564,1373.7799760677651,0.21433333333333335,-0.6835552103871436
2022-06-23 12:30:00,0.0,0.0618764886867031,24.777986983128407,2213.500030576776,0.21433333333333335,-0.6640534695228608
2022-06-23 13:00:00,0.0,0.1344116882050014,23.466610158085853,2097.033652921481,0.21466666666666667,-0.644551728658578
2022-06-23 13:30:00,0.0,0.0837733274043317,21.540826596934437,1924.616411535249,0.21466666666666667,-0.8475397865287699
2022-06-23 14:00:00,0.0,0.1185005022066241,19.5947852973021,1751.3872821816644,0.21333333333333335,-1.0870533110709917
2022-06-23 14:30:00,0.0,0.1655415900830669,26.67722159848562,2384.7200745562077,0.21333333333333335,-1.341954671875695
2022-06-23 15:00:00,0.0,0.1916189478201554,26.712163718281513,2388.715148973658,0.213,-1.5623416203378655
2022-06-23 15:30:00,0.0,0.1654581540470476,26.50212539767361,2369.735996616932,0.213,-1.6989397531768748
2022-06-23 16:00:00,0.0,0.1773880994875478,25.946300734403778,2319.804463826135,0.21133333333333335,-1.74544251637666
2022-06-23 16:30:00,0.0,0.2003952659506939,28.68847272610992,2563.6306592237347,0.21133333333333335,-1.7490841419903884
2022-06-23 17:00:00,0.0,0.2309981264487339,26.123464138066453,2334.75569860746,0.20866666666666667,-1.7740074496953535
2022-06-23 17:30:00,0.0,0.2206170707537449,24.79618756673407,2217.7154758148777,0.20866666666666667,-1.8515400061268097
2022-06-23 18:00:00,0.0,0.3099603332721846,25.706062241462337,2299.410227130398,0.207,-1.963406243735667
2022-06-23 18:30:00,0.0,0.2866774797839387,27.996027226531517,2502.6066632768157,0.207,-2.06363644411789
2022-06-23 19:00:00,0.0,0.2562314848787201,30.2978349586402,2705.7804432859593,0.20566666666666666,-2.1055480791525127
2022-06-23 19:30:00,0.0,0.2180959122412321,25.723900135160303,2299.4999750349193,0.20566666666666666,-2.052272430273727
2022-06-23 20:00:00,0.0,0.1271543530126366,26.956045846020835,2408.366029365484,0.204,-1.8850174894556984
2022-06-23 20:30:00,0.0,0.164931959728268,25.13159798788986,2245.685069653687,0.204,-1.620443940221774
2022-06-23 21:00:00,0.0,0.0548797406723347,22.09575694098394,1974.662488812756,0.20299999999999999,-1.315088677153731
2022-06-23 21:30:00,0.0,0.0600651601523674,18.806249888986365,1680.043100042126,0.20299999999999999,-1.0371516108008292
2022-06-23 22:00:00,0.0,0.036121150638743,16.673841288856256,1488.7402928543854,0.20166666666666666,-0.8286673386728088
2022-06-23 22:30:00,0.0,0.0510068256250012,13.602101480993648,1214.7454282999768,0.20166666666666666,-0.6941386071258407
2022-06-23 23:00:00,0.0,0.036504198749326,11.565185029929994,1033.2595997646133,0.20266666666666666,-0.6168841600937529
2022-06-23 23:30:00,0.0,0.0348353686876831,10.179437259611328,909.2164321456268,0.20266666666666666,-0.5778490653228711
2022-06-24 00:00:00,0.0,0.0463927096277345,9.34884068675708,834.5704560833001,0.20266666666666666,-0.562627189426654
2022-06-24 00:30:00,0.0,0.0319615488477114,8.441730986757813,753.7785998773023,0.20266666666666666,-0.5611098442484653
2022-06-24 01:00:00,0.0,0.0287493809916049,7.302359206707525,652.1209249132886,0.20299999999999999,-0.566479348462816
2022-06-24 01:30:00,0.0,0.039299018119706,6.858305826975788,611.7749598346641,0.20299999999999999,-0.5739564569233252
2022-06-24 02:00:00,0.0,0.0241195737624211,6.1491730215728335,548.950819019833,0.20266666666666666,-0.5782054230228773
2022-06-24 02:30:00,0.0,0.0146864828899038,5.234319682401635,467.2697860868425,0.20266666666666666,-0.5716910870962725
2022-06-24 03:00:00,0.6,0.0087891834300431,3.94613352369124,352.07567726094044,0.20199999999999999,-0.5475939610475268
2022-06-24 03:30:00,1.0,2.2036792762271363e-05,2.974539212156849,265.4412791270025,0.20199999999999999,-0.5056287271843307
2022-06-24 04:00:00,1.2,0.0058655601052598,2.301832815020929,205.65127628789972,0.20199999999999999,-0.4538673698876092
2022-06-24 04:30:00,1.4,0.0063400475970852,1.790846066270606,159.93867592176727,0.20199999999999999,-0.403333079105375
2022-06-24 05:00:00,1.8,2.0002751953599464e-05,1.1794267251372916,105.48065619547954,0.205,-0.360648517451651
2022-06-24 05:30:00,1.4,0.0027374482844105,0.850110226750491,75.8634079088613,0.205,-0.3257456271950448
2022-06-24 06:00:00,1.0,1.938755523578443e-05,0.9052738476574148,80.7234708892546,0.217,-0.2952044466869853
2022-06-24 06:30:00,0.8,1.941802761227712e-05,0.4981102914341501,44.24254801840191,0.217,-0.2663892684128968
2022-06-24 07:00:00,0.8,1.929523133403088e-05,0.3297605752772081,29.382886160968297,0.23066666666666666,-0.2393511129694835
2022-06-24 07:30:00,0.4,1.917414254085734e-05,0.2357767242112772,20.932823543896156,0.23066666666666666,-0.2175036635275903
2022-06-24 08:00:00,0.4,2.012660790849096e-05,0.1225611455216693,10.639457376817,0.248,-0.207543045209514
2022-06-24 08:30:00,0.4,2.1809250752999217e-05,-0.4121910406356158,-36.7218718111544,0.248,-0.2171441792890969
2022-06-24 09:00:00,0.0,2.2593081150686816e-05,0.198091125546657,17.358719910174738,0.252,-0.2512194839633649
2022-06-24 09:30:00,0.0,2.2560223421108573e-05,0.8132721346036409,72.19113347853632,0.252,-0.3103927498126751
2022-06-24 10:00:00,0.2,0.0068374659569392,0.4607898856395762,40.963704321506256,0.25299999999999995,-0.3930413151783205
2022-06-24 10:30:00,0.2,0.0069768131044564,0.310990019892702,27.719947983994928,0.25299999999999995,-0.4976778109289922
2022-06-24 11:00:00,0.0,0.0204026529163588,1.2702018581554635,112.67186864716196,0.25133333333333335,-0.6221475872989817
2022-06-24 11:30:00,0.0,0.0217488550875546,1.306427630928534,116.05911449340392,0.25133333333333335,-0.7612851140746681
2022-06-24 12:00:00,0.0,0.0337842636525276,3.7975329055283495,338.74707197093113,0.24766666666666667,-0.9082661268319674
2022-06-24 12:30:00,0.0,0.0341476719966791,6.468097903604414,577.2288485920569,0.24766666666666667,-1.0613391819696802
2022-06-24 13:00:00,0.0,0.04478579948065,10.15032818994673,905.641900480946,0.24433333333333332,-1.2279633728431685
2022-06-24 13:30:00,0.0,0.081510674061762,14.79006155778012,1320.12273514132,0.24433333333333332,-1.4131503882049987
2022-06-24 14:00:00,0.0,0.0681107658316841,19.01118460149416,1697.4601087709923,0.241,-1.59420264270677
2022-06-24 14:30:00,0.0,0.0766261841186386,24.187595210056926,2160.2012268155972,0.241,-1.712744017617426
2022-06-24 15:00:00,0.0,0.2381085732063496,27.205642739348686,2431.1654182338207,0.23866666666666667,-1.7131917758614292
2022-06-24 15:30:00,0.0,0.1705938609892868,25.62697211954171,2288.196529503386,0.23866666666666667,-1.599914628739472
2022-06-24 16:00:00,0.0,0.0237878243587208,20.15611215274318,1800.9130348514043,0.236,-1.4442454686534745
2022-06-24 16:30:00,0.0,0.024559261379175,23.32784202352169,2082.532407257096,0.236,-1.3259921377757693
2022-06-24 17:00:00,0.0,0.0318448063337059,21.25986396591829,1898.7386508159689,0.2333333333333333,-1.2765545499961417
2022-06-24 17:30:00,0.0,0.0961727281341815,19.79859867896767,1768.39215880549,0.2333333333333333,-1.27950551603946
2022-06-24 18:00:00,0.0,0.1042835133748991,20.115412247118968,1796.5939544134176,0.23233333333333336,-1.305835195514115
2022-06-24 18:30:00,0.0,0.0287643332026436,23.005828591266543,2053.793966701769,0.23233333333333336,-1.3361443154043862
2022-06-24 19:00:00,0.0,2.9864383502258776e-05,20.47016973160696,1828.8265083567144,0.2313333333333333,-1.3595892018338804
2022-06-24 19:30:00,0.0,3.0323396658217114e-05,20.115412247118968,1796.8860482009925,0.2313333333333333,-1.3647861884060617
2022-06-24 20:00:00,0.0,2.9978687075037876e-05,18.047292922333146,1612.4988873960797,0.22999999999999998,-1.3345727693252971
2022-06-24 20:30:00,0.0,2.8659775033925233e-05,17.332927016776477,1547.6980981007896,0.22999999999999998,-1.2522996702805134
2022-06-24 21:00:00,0.0,2.792132579120251e-05,14.77835595977595,1319.480150612149,0.22966666666666669,-1.117882884562896
2022-06-24 21:30:00,0.0,2.7083732081437783e-05,12.065376552225416,1077.4494139825624,0.22966666666666669,-0.9552110731521212
2022-06-24 22:00:00,0.0,2.6507359011527425e-05,10.324270580966104,921.7821463703856,0.229,-0.7982483700992636
2022-06-24 22:30:00,0.0,2.618656119674144e-05,8.835702498802124,788.7921409897373,0.229,-0.6702366960659226
2022-06-24 23:00:00,0.0,2.5691819406944564e-05,8.185806902579401,730.4561752170702,0.2293333333333333,-0.5769989027535449
2022-06-24 23:30:00,0.0,2.5376732589395176e-05,7.927749464414393,707.7071559450924,0.2293333333333333,-0.5141864963609163
2022-06-25 00:00:00,0.0,2.5098535959493836e-05,7.361945660889429,656.8847429745884,0.2293333333333333,-0.4754166073224419
2022-06-25 00:30:00,0.0,0.0102669191578894,6.707272116311518,598.4777435976802,0.2293333333333333,-0.4549225391805387
2022-06-25 01:00:00,0.0,0.0095782148512843,6.007237199007128,536.4596111901135,0.22966666666666669,-0.4471151628204537
2022-06-25 01:30:00,0.0,2.3390961103196077e-05,5.306046015539566,473.2254117035985,0.22966666666666669,-0.446187608260028
2022-06-25 02:00:00,0.0,2.2956842455476855e-05,4.861128129221774,433.7966116989623,0.22966666666666669,-0.446346024413575
2022-06-25 02:30:00,0.0,2.213377890361061e-05,3.7345703781116977,333.1465688213922,0.22966666666666669,-0.4427346685991074
2022-06-25 03:00:00,0.0,2.2101415206849497e-05,4.262530668018264,379.7427322078885,0.22966666666666669,-0.4327400284596945
2022-06-25 03:30:00,0.0,2.142254239945041e-05,3.917159491439661,349.25945869617226,0.22966666666666669,-0.4165568226927935
2022-06-25 04:00:00,0.0,2.0911709180219547e-05,3.2982725378237685,294.4304607620927,0.22966666666666669,-0.3957531438429342
2022-06-25 04:30:00,0.0,2.0565235285475636e-05,3.1966256004719384,284.9140125327168,0.22966666666666669,-0.3709041619035961
2022-06-25 05:00:00,0.0,1.9971589419418823e-05,2.630901676293741,234.7690554896902,0.22966666666666669,-0.3407824209273316
2022-06-25 05:30:00,0.0,1.9786526883859147e-05,2.90661710302544,259.1308092206392,0.22966666666666669,-0.3039114470020612
2022-06-25 06:00:00,0.0,1.941802761227712e-05,2.2823827377907313,203.5677322097166,0.22999999999999998,-0.2610515391644575
2022-06-25 06:30:00,0.0,1.963234950156774e-05,2.1064704534064913,187.97006495174705,0.22999999999999998,-0.2163157186159451
2022-06-25 07:00:00,0.0,1.984730477582378e-05,2.2648416302535095,201.98753662771935,0.22999999999999998,-0.1762756686014973
2022-06-25 07:30:00,0.0,1.9724746704263755e-05,2.3699224937396974,211.04693848333443,0.22999999999999998,-0.1492299277799156
2022-06-25 08:00:00,0.0,2.0439356277869107e-05,2.3699224937396974,211.16566929629437,0.22999999999999998,-0.1466904588996262
2022-06-25 08:30:00,0.0,2.1777238958862854e-05,2.71735497779849,242.1293413246078,0.22999999999999998,-0.1851227334899632
2022-06-25 09:00:00,0.0,2.4717075866233703e-05,5.227092536446942,466.6070340468268,0.22966666666666669,-0.2832079296769945
2022-06-25 09:30:00,0.0,2.711977650685282e-05,9.135140296557934,815.0429560631723,0.22966666666666669,-0.4526769564577881
2022-06-25 10:00:00,0.0,2.9636675311373782e-05,13.851666834361955,1236.1105962408997,0.22966666666666669,-0.6870810291161658
2022-06-25 10:30:00,0.0,3.561149629736711e-05,22.23620550788107,1985.684327673071,0.22966666666666669,-0.9571025478916172
2022-06-25 11:00:00,0.0,0.1422225556175867,24.47938184916039,2188.7652460213344,0.2293333333333333,-1.2190754298269924
2022-06-25 11:30:00,0.0,0.1447003217926682,28.279931466288996,2529.398751458016,0.2293333333333333,-1.4356654757600846
2022-06-25 12:00:00,0.0,0.0245334274391029,28.85579027308243,2580.729160412405,0.22833333333333336,-1.596688870897959
2022-06-25 12:30:00,0.0,0.0231383855535858,31.232914313595867,2792.252617731804,0.22833333333333336,-1.723026344105662
2022-06-25 13:00:00,0.0,0.0400921749516689,28.712447808314597,2568.2312591436357,0.22633333333333336,-1.8472432836966135
2022-06-25 13:30:00,0.0,0.0404093802063515,29.85620268262232,2670.438395856377,0.22633333333333336,-1.986009559849398
2022-06-25 14:00:00,0.0,0.0373439856092749,28.897871892723145,2585.6385754652674,0.225,-2.1271350703195098
2022-06-25 14:30:00,0.0,0.1544777855785532,27.01154573933392,2418.820287095712,0.225,-2.2390549533442927
2022-06-25 15:00:00,0.0,0.0854560666058762,31.808667007583743,2843.8489893198093,0.22366666666666668,-2.2924868021992717
2022-06-25 15:30:00,0.0,0.0970820109172401,31.257028990171204,2795.503121048432,0.22366666666666668,-2.2803005044055675
2022-06-25 16:00:00,0.0,0.1819443190335182,29.99635285181116,2683.353656621421,0.22166666666666668,-2.2295198583535596
2022-06-25 16:30:00,0.0,0.2844594521416405,28.729332956140524,2569.6947697674264,0.22166666666666668,-2.202443731212997
2022-06-25 17:00:00,0.0,0.1459719405648125,28.26289301087085,2527.9220155557723,0.219,-2.277919426118161
2022-06-25 17:30:00,0.0,0.1543755936497054,26.56360306708572,2376.717230870766,0.219,-2.5068678931339248
2022-06-25 18:00:00,0.0,0.2192831123544187,29.508296065495404,2637.662588878328,0.21666666666666667,-2.8617748855671135
2022-06-25 18:30:00,0.0,0.2154489300765565,29.02390559797331,2592.6466799705063,0.21666666666666667,-3.222957750156174
2022-06-25 19:00:00,0.0,0.0748965690558655,22.14870641098754,1983.6990436777016,0.21566666666666667,-3.427070899266291
2022-06-25 19:30:00,0.0,0.0716963689882776,28.973530030202284,2587.9387817037223,0.21566666666666667,-3.353814648756813
2022-06-25 20:00:00,0.0,4.041801506996202e-05,27.963763955871265,2497.276343538125,0.21366666666666667,-2.9940623924808967
2022-06-25 20:30:00,0.0,0.0715340350965215,25.25725600298691,2255.5173429908964,0.21366666666666667,-2.4546493172756407
2022-06-25 21:00:00,0.0,0.0628997310152368,19.683596947117746,1760.03140177529,0.21166666666666667,-1.8958145658510688
2022-06-25 21:30:00,0.0,0.0551381532985822,18.049797461710728,1612.0374865612716,0.21166666666666667,-1.4435474133916375
2022-06-25 22:00:00,0.0,0.0348798809392896,14.627113384822978,1305.808698318218,0.211,-1.13892464792865
2022-06-25 22:30:00,0.0,3.066923506111654e-05,11.350531209729969,1013.7714067331692,0.211,-0.9525045323430646
2022-06-25 23:00:00,0.0,3.0093290408167564e-05,9.549450356773727,852.5376517243025,0.211,-0.8330231077642015
2022-06-25 23:30:00,0.0,2.9071130245523226e-05,7.288259399868096,650.7582738779869,0.211,-0.742768981075665
2022-06-26 00:00:00,0.0,2.7554950680070244e-05,7.436213950542765,663.3260557704644,0.21166666666666667,-0.6642288086166741
2022-06-26 00:30:00,0.0,2.6866742732449057e-05,5.971689857965877,532.8741424909149,0.21166666666666667,-0.5919413310379765
2022-06-26 01:00:00,0.0,2.5657134418759616e-05,5.2194272431928646,465.6997421400866,0.212,-0.524518403562225
2022-06-26 01:30:00,0.0,2.5272322163303384e-05,4.053320494647516,361.99936354261195,0.212,-0.4613579404690001
2022-06-26 02:00:00,0.0,2.5657134418759616e-05,3.5194509803000176,314.37985012213954,0.21233333333333335,-0.4029523643574365
2022-06-26 02:30:00,0.0,2.5306633599255708e-05,3.620317718858237,322.90091166405915,0.21233333333333335,-0.3518309442410735
2022-06-26 03:00:00,0.0,2.451114486718893e-05,4.053320494647516,361.2492099250509,0.21266666666666667,-0.311268658563616
2022-06-26 03:30:00,0.0,2.4339818229124272e-05,2.7512412229883183,245.77982799153747,0.21266666666666667,-0.2821470350356792
2022-06-26 04:00:00,0.0,2.3626584162443343e-05,2.6645728685197336,237.6649311395908,0.21233333333333335,-0.261086407515634
2022-06-26 04:30:00,0.0,2.3323586791183698e-05,2.8031136357995696,250.11936178895212,0.21233333333333335,-0.2420749615919538
2022-06-26 05:00:00,0.0,2.3190552857802348e-05,2.8548901354629845,254.43486961093453,0.21266666666666667,-0.220285230587428
2022-06-26 05:30:00,0.0,2.2560223421108573e-05,2.2800000612065454,203.22929410451204,0.21266666666666667,-0.1947963201323356
2022-06-26 06:00:00,0.0,2.135818536518752e-05,2.612442534744417,232.72071791988847,0.21233333333333335,-0.1682529697448656
2022-06-26 06:30:00,0.0,2.148704350693933e-05,2.032471096149113,181.18149094754227,0.21233333333333335,-0.1446081665451376
2022-06-26 07:00:00,0.0,2.2167424405618382e-05,2.032471096149113,181.3393588158104,0.212,-0.127152354126668
2022-06-26 07:30:00,0.0,2.2890386407871472e-05,2.8548901354629845,254.40886193454853,0.212,-0.1175498338994005
2022-06-26 08:00:00,0.0,2.3390961103196077e-05,3.5867353048298374,319.5169501685639,0.212,-0.1156339551685365
2022-06-26 08:30:00,0.0,2.5376732589395176e-05,3.7542517772913793,334.7538411177702,0.212,-0.1202758117822226
2022-06-26 09:00:00,0.0,3.070852557616108e-05,6.855927157349754,611.6719190513968,0.21166666666666667,-0.1316215238721126
2022-06-26 09:30:00,0.0,3.404197166659722e-05,8.84767029010835,789.7300124170499,0.21166666666666667,-0.1540015219362348
2022-06-26 10:00:00,0.0,3.73056019335144e-05,14.06693541687117,1255.327879443668,0.21133333333333335,-0.1979066061889143
2022-06-26 10:30:00,0.0,4.2510649923411175e-05,19.867341759912552,1773.9012794367109,0.21133333333333335,-0.2787550180306383
2022-06-26 11:00:00,0.0,0.2498406503507019,25.365457859846323,2265.930107604928,0.21066666666666667,-0.4107078592361254
2022-06-26 11:30:00,0.0,0.1520906308974648,28.366733960489544,2535.4072454909174,0.21066666666666667,-0.5980388291053123
2022-06-26 12:00:00,0.0,0.2960549176407475,28.88462325091057,2583.055794159775,0.21,-0.832050050174906
2022-06-26 12:30:00,0.0,0.3149772089078153,27.81749477267212,2488.8996106396407,0.21,-1.10046321728305
2022-06-26 13:00:00,0.0,0.3406502607685918,27.73976327425269,2482.5027325783917,0.20833333333333334,-1.4035438671548848
2022-06-26 13:30:00,0.0,0.3642623703552076,29.514137840785175,2639.840469160056,0.20833333333333334,-1.7565137256305083
2022-06-26 14:00:00,0.0,0.3752977000592724,30.259428424147984,2704.8145663746477,0.206,-2.164558371185389
2022-06-26 14:30:00,0.0,0.3711079252615863,26.920381266590276,2408.02646764327,0.206,-2.591390590979041
2022-06-26 15:00:00,0.0,0.3693666301381568,26.84119453682092,2400.560566987816,0.204,-2.9665638080476073
2022-06-26 15:30:00,0.0,0.3601159779133309,27.609935282343997,2469.276294594164,0.204,-3.239269444382991
2022-06-26 16:00:00,0.0,0.5067347553489138,28.178622327330245,2518.7759201798513,0.20099999999999998,-3.4203115011023506
2022-06-26 16:30:00,0.0,0.5636885579236629,27.095885302751572,2422.070166507453,0.20099999999999998,-3.5573113590315115
2022-06-26 17:00:00,0.0,0.3697204235167549,25.374543440502023,2269.668426373667,0.19833333333333333,-3.672143597491842
2022-06-26 17:30:00,0.0,0.3557759810160449,22.95838198218408,2054.7962736629943,0.19833333333333333,-3.734856481063328
2022-06-26 18:00:00,0.0,0.2985639610606742,23.101947270767404,2067.691176129168,0.19566666666666666,-3.693215932056435
2022-06-26 18:30:00,0.0,0.3047342022888711,26.024080487976693,2325.955518677512,0.19566666666666666,-3.5134253867544727
2022-06-26 19:00:00,0.0,0.2578069449255328,25.000558297307155,2234.289015615253,0.19366666666666665,-3.197215551534683
2022-06-26 19:30:00,0.0,0.4087853866757447,24.53105365967982,2192.876700446424,0.19366666666666665,-2.779077569357341
2022-06-26 20:00:00,0.0,0.1706625806841191,23.831630357497673,2129.991696004449,0.19166666666666665,-2.315427001274898
2022-06-26 20:30:00,0.0,5.030226398317015e-05,22.65051958929696,2023.87071366164,0.19166666666666665,-1.8691652153967664
2022-06-26 21:00:00,0.0,4.662805878867662e-05,20.674447942690787,1846.762028755786,0.19099999999999998,-1.49142381947655
2022-06-26 21:30:00,0.0,0.0600601496280343,17.71558511588657,1582.2119044329734,0.19099999999999998,-1.2054044579584464
2022-06-26 22:00:00,0.0,0.078643440108411,15.086968435918587,1346.4388816796095,0.19099999999999998,-1.0022459333482183
2022-06-26 22:30:00,0.0,0.084263610168904,12.124470978911583,1082.2324628423876,0.19099999999999998,-0.8548942312600641
2022-06-26 23:00:00,0.0,0.0812613216679502,9.55772309754279,853.2371479483757,0.19033333333333333,-0.7392095599752002
2022-06-26 23:30:00,0.0,0.045222647970154,8.550575396868807,763.0423658006325,0.19033333333333333,-0.6440856133574024
2022-06-27 00:00:00,0.0,0.038643523845422,4.409438575563008,393.9401543109299,0.19166666666666665,-0.5673400035331151
2022-06-27 00:30:00,0.0,0.0507619965852067,3.837818926652746,342.7173037473673,0.19166666666666665,-0.5080987630741017
2022-06-27 01:00:00,0.0,0.0333380156221481,3.130145949834615,279.4641108641486,0.19199999999999998,-0.4639390908163071
2022-06-27 01:30:00,0.0,0.0316840086621373,2.2438862085808338,200.51191529864064,0.19199999999999998,-0.431726216899306
2022-06-27 02:00:00,0.0,3.051554658457701e-05,2.034050275001019,181.55307360356312,0.19266666666666665,-0.4086121914523816
2022-06-27 02:30:00,0.0,2.9675055420673333e-05,1.4279414658004843,127.85612870381829,0.19266666666666665,-0.391911491040172
2022-06-27 03:00:00,0.0,2.9636675311373782e-05,1.444499767766369,128.69637757887483,0.19266666666666665,-0.3780696561959038
2022-06-27 03:30:00,0.0,2.6759424810277215e-05,0.960188784040322,85.75176535712562,0.19266666666666665,-0.3618137367233024
2022-06-27 04:00:00,0.0,2.6471892759141174e-05,0.7232647549057152,64.5194058105324,0.19233333333333333,-0.3371318153224389
2022-06-27 04:30:00,0.0,2.608118062092133e-05,1.1281652200543748,100.15877139619782,0.19233333333333333,-0.3006549069516075
2022-06-27 05:00:00,0.0,2.7627954200229578e-05,-0.2105592559593267,-18.820924538831623,0.19266666666666665,-0.2547007253022713
2022-06-27 05:30:00,0.0,2.57626807481102e-05,0.1564547738010438,13.680775107172416,0.19266666666666665,-0.206222194998186
2022-06-27 06:00:00,0.0,2.4476273743114684e-05,-0.1578199423372119,-13.991416826220108,0.19266666666666665,-0.1623412552151392
2022-06-27 06:30:00,0.0,2.5202430447118047e-05,-0.0176874987764051,-1.642048060232161,0.19266666666666665,-0.1269965393056258
2022-06-27 07:00:00,0.0,2.6328952168670433e-05,0.1738070765895931,15.72564018345484,0.19266666666666665,-0.1008246017475431
2022-06-27 07:30:00,0.0,2.6544279676838223e-05,1.2784643303184966,114.3521516191144,0.19266666666666665,-0.0824508542456278
2022-06-27 08:00:00,0.0,2.668662221553466e-05,2.259961831099473,201.51765616754477,0.19266666666666665,-0.0695909809738935
2022-06-27 08:30:00,0.0,2.85863723630622e-05,2.292085172803448,204.5613114457884,0.19266666666666665,-0.0600739690061419
2022-06-27 09:00:00,0.0,3.1640917004144014e-05,3.455409285747269,308.29214169642415,0.19233333333333333,-0.052936069457529
2022-06-27 09:30:00,0.0,3.519499171295756e-05,5.861880548524769,523.431916482258,0.19233333333333333,-0.0495226871517021
2022-06-27 10:00:00,0.0,3.834218123900825e-05,10.17485842785397,908.5924670604168,0.19199999999999998,-0.0547547697803996
2022-06-27 10:30:00,0.0,4.451896348842178e-05,17.508735497499952,1564.229406541501,0.19199999999999998,-0.0782950652703795
2022-06-27 11:00:00,0.0,0.1496553698095353,23.401142469564743,2090.743067614259,0.19166666666666665,-0.1344502096840094
2022-06-27 11:30:00,0.0,0.2853542456069862,25.083523041537457,2243.765843397962,0.19166666666666665,-0.2399169161402496
2022-06-27 12:00:00,0.0,0.3338828318283755,23.909086474576903,2142.230403107505,0.19099999999999998,-0.4099151230757745
2022-06-27 12:30:00,0.0,0.358555580932924,25.540012336449067,2286.687910499552,0.19099999999999998,-0.6547382991520082
2022-06-27 13:00:00,0.0,0.3858473739200609,25.548270581195503,2286.5876530722976,0.18966666666666665,-0.9782498495600848
2022-06-27 13:30:00,0.0,0.3911411650419413,28.353811435707957,2536.2053588643557,0.18966666666666665,-1.3737094925436983
2022-06-27 14:00:00,0.0,0.4209820383121244,27.900005173531195,2495.411984061694,0.18766666666666665,-1.810047330784991
2022-06-27 14:30:00,0.0,0.4121815869237068,25.951141067071728,2322.9309695623906,0.18766666666666665,-2.2185171662058707
2022-06-27 15:00:00,0.0,0.5866076339016071,28.764893409165023,2572.414292275754,0.18566666666666665,-2.510008256171672
2022-06-27 15:30:00,0.0,0.6039389717988312,24.53811441833663,2196.130493636823,0.18566666666666665,-2.6309751915008226
2022-06-27 16:00:00,0.0,0.2111965762089029,22.07368037533529,1975.623288696994,0.18366666666666664,-2.6092714055308197
2022-06-27 16:30:00,0.0,0.4053047756668541,23.22762552933072,2077.5673417100606,0.18366666666666664,-2.5322821323511446
2022-06-27 17:00:00,0.0,0.5107165403618377,22.9310628635272,2051.417380419323,0.18133333333333332,-2.47068409885025
2022-06-27 17:30:00,0.0,0.6549035788303859,20.850941371020006,1868.7365239169255,0.18133333333333332,-2.4263446005825005
2022-06-27 18:00:00,0.0,0.4920705870427262,24.96659946301438,2234.110610069507,0.18066666666666664,-2.352814917556946
2022-06-27 18:30:00,0.0,0.3643859957282979,24.916397863785356,2229.2412129469285,0.18066666666666664,-2.211853456031411
2022-06-27 19:00:00,0.0,0.3790736346151097,23.3491591527866,2088.539793741151,0.17933333333333334,-2.0021450747309975
2022-06-27 19:30:00,0.0,0.2772041295974883,25.324779778946045,2262.5486708852973,0.17933333333333334,-1.747609841623451
2022-06-27 20:00:00,0.0,0.0744900320309052,19.638409983738057,1756.24680661745,0.17866666666666667,-1.4778155559097286
2022-06-27 20:30:00,0.0,4.989643776793145e-05,16.495778052589053,1475.1027531069592,0.17866666666666667,-1.2210635731906188
2022-06-27 21:00:00,0.0,4.755653741136507e-05,14.783024580348474,1320.651351796574,0.17899999999999996,-1.0018473025207653
2022-06-27 21:30:00,0.0,4.489792263814394e-05,12.05438617008856,1076.2146082841332,0.17899999999999996,-0.8337981684736973
2022-06-27 22:00:00,0.0,4.371738774576711e-05,8.892672905643499,794.2189619962214,0.17866666666666667,-0.7143614373418039
2022-06-27 22:30:00,0.0,4.357773870443802e-05,6.492792635068006,580.5165023444284,0.17866666666666667,-0.6281682206478842
2022-06-27 23:00:00,0.0,0.046492497501382,6.865042553442547,613.1294227527135,0.17833333333333334,-0.5565760220052862
2022-06-27 23:30:00,0.0,0.0392845572030788,4.260114042671611,380.8372878073234,0.17833333333333334,-0.4867858926758177
2022-06-28 00:00:00,0.0,0.0213036483608694,4.283840968308568,382.3154823383323,0.17900000000000002,-0.4159478169874193
2022-06-28 00:30:00,0.0,0.0307103067220067,4.253540644198328,379.34589800587736,0.17900000000000002,-0.3486718731011254
2022-06-28 01:00:00,0.0,3.5071174531835046e-05,2.389887931070804,213.3649019649574,0.18000000000000002,-0.2907864768471878
2022-06-28 01:30:00,0.0,3.5071174531835046e-05,2.2274952475411323,198.6924006523881,0.18000000000000002,-0.2452040162861142
2022-06-28 02:00:00,0.0,3.457533729690223e-05,1.982108947950879,176.72713764853572,0.18000000000000002,-0.2122256072880101
2022-06-28 02:30:00,0.0,3.469801230712109e-05,1.467955158247098,131.01245976919435,0.18000000000000002,-0.1915540879889035
2022-06-28 03:00:00,0.0,3.432914474509867e-05,1.3168637909625498,117.49973726443764,0.18000000000000002,-0.1829581469470923
2022-06-28 03:30:00,0.0,3.404197166659722e-05,1.350511794072807,120.41692649985175,0.18000000000000002,-0.1853952030946399
2022-06-28 04:00:00,0.0,3.391914214544388e-05,0.2875765537470336,26.133182977917393,0.18033333333333335,-0.1956645157045194
2022-06-28 04:30:00,0.0,3.383853668811971e-05,0.5312635472928252,47.39933731174799,0.18033333333333335,-0.2074269171865382
2022-06-28 05:00:00,0.0,3.211501208435781e-05,0.841382518525649,75.13223418374058,0.18033333333333335,-0.21199814522862
2022-06-28 05:30:00,0.0,3.1095386000272306e-05,0.252583632785709,22.645222410239253,0.18033333333333335,-0.2023578883593635
2022-06-28 06:00:00,0.0,3.1523934586024005e-05,0.374860527320656,33.42592926629727,0.18033333333333335,-0.1785040721284456
2022-06-28 06:30:00,0.0,3.195645334647196e-05,0.6695326899531339,59.726844582580185,0.18033333333333335,-0.1487473591620382
2022-06-28 07:00:00,0.0,3.2153923140210136e-05,1.2831743378340033,114.57871801624664,0.18000000000000002,-0.1246848842431284
2022-06-28 07:30:00,0.0,3.187737162449441e-05,1.9492256972280384,173.96465058429524,0.18000000000000002,-0.1151830826861392
2022-06-28 08:00:00,0.0,3.195645334647196e-05,2.162271197161329,192.976379926805,0.18033333333333335,-0.1264983625201604
2022-06-28 08:30:00,0.0,3.383853668811971e-05,2.341269717421206,208.87172913577407,0.18033333333333335,-0.1682444036596799
2022-06-28 09:00:00,0.0,3.645225234682258e-05,5.031186004896225,449.08632865328394,0.18000000000000002,-0.2563375513290127
2022-06-28 09:30:00,0.0,4.0643821461540775e-05,9.45405997046022,843.8803977654197,0.18000000000000002,-0.405036988351274
2022-06-28 10:00:00,0.0,0.027515003078272,13.684814255187996,1222.0685561857206,0.18000000000000002,-0.6123273047313782
2022-06-28 10:30:00,0.0,0.0278455844226246,16.357069636429944,1461.0040532062842,0.18000000000000002,-0.8528786565913038
2022-06-28 11:00:00,0.0,0.033289734230264,19.91098453034446,1778.822449099149,0.18000000000000002,-1.086153267794197
2022-06-28 11:30:00,0.0,0.0335725964334602,21.185547786304173,1893.363111671374,0.18000000000000002,-1.2718693035108852
2022-06-28 12:00:00,0.0,0.0621211797487245,23.52867669246122,2103.3536995459895,0.17866666666666667,-1.3820830580151022
2022-06-28 12:30:00,0.0,0.133020009553091,25.7787739549736,2305.44574602054,0.17866666666666667,-1.40968707762589
2022-06-28 13:00:00,0.0,0.0053661997137109,23.511194105348277,2101.705560941151,0.17733333333333334,-1.3757193402197323
2022-06-28 13:30:00,0.0,0.0645835180803244,19.86336093007617,1775.4320684278814,0.17733333333333334,-1.3299269081408596
2022-06-28 14:00:00,0.0,0.0179951029607823,19.528414506282655,1744.9610890139868,0.17633333333333334,-1.3376500854826838
2022-06-28 14:30:00,0.0,0.0181843051795093,19.98706614407005,1786.4223673242902,0.17633333333333334,-1.4548460933100658
2022-06-28 15:00:00,0.0,0.0017922970406694,18.889080213577948,1687.122152565423,0.17566666666666667,-1.699282345396106
2022-06-28 15:30:00,0.0,0.0020354395728924,22.46718919089015,2006.8696524477712,0.17566666666666667,-2.028051800528568
2022-06-28 16:00:00,0.0,0.3239438748195815,23.484957258552452,2100.5563414245003,0.17500000000000002,-2.336887983067114
2022-06-28 16:30:00,0.0,0.2701893010559879,24.7187410645977,2211.1624574823813,0.17500000000000002,-2.49560739209681
2022-06-28 17:00:00,0.0,0.2765343894514772,28.8236682014524,2576.9496812721177,0.17566666666666667,-2.415374072684505
2022-06-28 17:30:00,0.0,0.120156347423555,25.436506942400253,2273.7176523825156,0.17566666666666667,-2.1113215195597617
2022-06-28 18:00:00,0.2,4.437584262620107e-05,16.554745159363538,1479.6969113642358,0.17400000000000002,-1.7052789649008442
2022-06-28 18:30:00,0.0,0.0538765547389928,17.47723814428086,1562.1492105505206,0.17400000000000002,-1.3511667518849884
2022-06-28 19:00:00,0.8,0.0218418330803323,14.550355583473186,1300.6728240436707,0.17300000000000001,-1.1402093406366212
2022-06-28 19:30:00,0.2,4.0777784320328945e-05,9.505045485687331,849.8666535383378,0.17300000000000001,-1.063396349817241
2022-06-28 20:00:00,0.0,3.856076439439096e-05,13.99797148856972,1249.6819807661725,0.17300000000000001,-1.0471988142228796
2022-06-28 20:30:00,0.0,0.0233279974794798,14.219960290513312,1270.1119176891193,0.17300000000000001,-1.0173904575230803
2022-06-28 21:00:00,0.0,3.7779305572449985e-05,10.17303670536238,910.1228548108476,0.17500000000000002,-0.9415063637405529
2022-06-28 21:30:00,0.0,0.0156199262907862,9.74611893288275,871.1845024050934,0.17500000000000002,-0.8308865049464046
2022-06-28 22:00:00,0.0,3.4205635288323394e-05,10.235344066863451,913.9468009700332,0.17533333333333334,-0.7147485880168886
2022-06-28 22:30:00,0.0,3.400155713459838e-05,6.639067189812551,593.839930645466,0.17533333333333334,-0.614803206694607
2022-06-28 23:00:00,0.0,3.3191613558943914e-05,6.372368737796596,569.226904673212,0.17566666666666667,-0.5380259107340284
2022-06-28 23:30:00,0.0,0.0138479146720931,5.68776852795073,507.63412255366615,0.17566666666666667,-0.4821973259425405
2022-06-29 00:00:00,0.0,0.0193642631495228,5.5774617423275235,497.9956345794126,0.17666666666666667,-0.4418419757019422
2022-06-29 00:30:00,0.0,3.1329082352843475e-05,4.970138941512248,443.4715707637968,0.17666666666666667,-0.4105614282313275
2022-06-29 01:00:00,0.0,0.0178311780998874,4.789966191591572,427.17813333339075,0.17700000000000002,-0.3822417269565426
2022-06-29 01:30:00,0.0,0.0125483498724497,3.433067989413685,306.82326352793865,0.17700000000000002,-0.3525343084144599
2022-06-29 02:00:00,0.0,0.0120848676383892,3.0194627555253786,269.8433443810218,0.17733333333333334,-0.3197945511624499
2022-06-29 02:30:00,0.0,3.066923506111654e-05,3.621940308256169,323.1457154012813,0.17733333333333334,-0.2855439353419384
2022-06-29 03:00:00,0.0,2.959832938613145e-05,3.0354834465510496,271.0556719023496,0.17766666666666667,-0.2548877547900613
2022-06-29 03:30:00,0.0,0.0228595919294792,3.433067989413685,306.66713654994106,0.17766666666666667,-0.2352769632214838
2022-06-29 04:00:00,0.0,0.0265717753524368,4.165762606377199,372.20952822167135,0.17800000000000002,-0.2310470485304033
2022-06-29 04:30:00,0.0,2.9033291171632532e-05,3.6376230442544055,325.12440326854846,0.17800000000000002,-0.2368485329947028
2022-06-29 05:00:00,0.0,0.0124605994211931,2.550834598706315,227.9105823611852,0.17800000000000002,-0.2387823735586884
2022-06-29 05:30:00,0.0,2.814130076513904e-05,2.338179703034578,208.6109343493904,0.17800000000000002,-0.2258101242835101
2022-06-29 06:00:00,0.0,2.8921487481622617e-05,2.338179703034578,208.54815349015664,0.17766666666666667,-0.2007806138810177
2022-06-29 06:30:00,0.0,2.85863723630622e-05,3.2905821319489235,293.49621162940014,0.17766666666666667,-0.1786642942739193
2022-06-29 07:00:00,0.0,2.8846113638478657e-05,3.5591225708091576,317.71395107283547,0.17733333333333334,-0.1727567554553637
2022-06-29 07:30:00,1.6,0.0112916182566832,4.181149318899681,373.22936055569,0.17733333333333334,-0.1823243720103319
2022-06-29 08:00:00,0.4,2.6223163795089992e-05,2.1404281108236316,190.75070706168,0.17733333333333334,-0.1946377449274566
2022-06-29 08:30:00,0.0,2.6401061362963146e-05,1.3519723529541492,120.45048332116195,0.17733333333333334,-0.2007462986852375
2022-06-29 09:00:00,0.0,0.0059212895629969,0.4523058335175091,40.4995399714338,0.18033333333333335,-0.2099479427874106
2022-06-29 09:30:00,0.0,0.0067247847879768,6.387243578995867,570.0213785985741,0.18033333333333335,-0.2483272742736775
2022-06-29 10:00:00,0.0,0.0395703776398756,12.447394665459896,1111.5364396909124,0.18866666666666665,-0.342438022694496
2022-06-29 10:30:00,0.0,0.0357078181524387,17.121085035106724,1529.624596503316,0.18866666666666665,-0.5014874462096202
2022-06-29 11:00:00,0.0,0.089939364875114,22.000290609344155,1965.6539977539371,0.19099999999999998,-0.7086983946529545
2022-06-29 11:30:00,0.0,0.0941605616416322,23.610174536004536,2110.3179665941034,0.19099999999999998,-0.926705986457153
2022-06-29 12:00:00,0.0,0.1939789304299429,25.866379606625586,2313.031406087792,0.19099999999999998,-1.1187977855426727
2022-06-29 12:30:00,0.0,0.2176293820695886,25.373787504233064,2269.310726384244,0.19099999999999998,-1.2774146038927183
2022-06-29 13:00:00,0.0,0.2222667519325295,24.881195401840543,2225.5900466806957,0.18899999999999997,-1.4361868307312995
2022-06-29 13:30:00,0.0,0.2367783480771689,28.69693275110437,2567.0820911389537,0.18899999999999997,-1.6453305207964146
2022-06-29 14:00:00,0.0,0.3633849837058698,26.62494753315535,2385.156850421226,0.18833333333333332,-1.9213745680109904
2022-06-29 14:30:00,0.0,0.3631429843992224,28.902573454555323,2587.337405084698,0.18833333333333332,-2.216466642103333
2022-06-29 15:00:00,0.0,0.3698554039927716,28.728624829394203,2571.347958496064,0.18566666666666665,-2.4457967135885013
2022-06-29 15:30:00,0.0,0.3415915372937877,28.530218360402184,2553.2997842107843,0.18566666666666665,-2.552413285063771
2022-06-29 16:00:00,0.0,0.3168178300309498,31.171946862871067,2786.176836694887,0.18366666666666664,-2.539779790044575
2022-06-29 16:30:00,0.0,0.3264117122758341,29.028703851504797,2596.163529424753,0.18366666666666664,-2.441150276186707
2022-06-29 17:00:00,0.0,0.2766943751658243,30.602418134685724,2735.4208057613887,0.18266666666666664,-2.277900973792603
2022-06-29 17:30:00,0.0,0.2526405104305042,26.459269794776297,2367.114686213719,0.18266666666666664,-2.060849169791881
2022-06-29 18:00:00,0.0,0.1761467385330621,24.049515123834983,2151.956098265085,0.18166666666666664,-1.813967140166718
2022-06-29 18:30:00,0.0,0.0301177061847023,27.257497777971725,2435.0234548422836,0.18166666666666664,-1.573594758290923
2022-06-29 19:00:00,0.0,0.0855053684444416,22.310718069045016,1995.3604074052448,0.18033333333333332,-1.365288629796403
2022-06-29 19:30:00,0.0,0.2034687899856938,21.46545627619888,1918.225846964068,0.18033333333333332,-1.1924581535783096
2022-06-29 20:00:00,0.0,0.0494181499123151,19.915003899756123,1779.6676580053916,0.18033333333333332,-1.0463106527923265
2022-06-29 20:30:00,0.0,0.048397828933793,18.26270900687683,1631.6176972257929,0.18033333333333332,-0.9191604081847672
2022-06-29 21:00:00,0.0,3.636778521064745e-05,15.02492552196914,1342.2683932410398,0.17999999999999997,-0.8081523440532737
2022-06-29 21:30:00,0.0,3.628344353323172e-05,11.804776999669045,1054.9213678284168,0.17999999999999997,-0.7123705963077268
2022-06-29 22:00:00,0.0,3.41245826719415e-05,9.734649312524905,869.1826551983611,0.18033333333333332,-0.6305591749734022
2022-06-29 22:30:00,0.0,3.4987072144068906e-05,7.65816985848652,684.1053495761549,0.18033333333333332,-0.562312916354586
2022-06-29 23:00:00,0.0,3.56948303480287e-05,7.106084775243084,634.4656089859657,0.18033333333333332,-0.5093178082354187
2022-06-29 23:30:00,0.0,3.311050171962025e-05,5.999574122744589,535.4604278429221,0.18033333333333332,-0.473139047324074
2022-06-30 00:00:00,0.0,3.262987295419592e-05,4.474888322032099,399.8564257629876,0.18033333333333332,-0.4517212144768368
2022-06-30 00:30:00,0.0,3.1367349421886946e-05,4.149387174323265,370.389284824699,0.18033333333333332,-0.4390278366264812
2022-06-30 01:00:00,0.0,3.062997880469489e-05,3.0853408137686986,275.74676372009804,0.18066666666666664,-0.4278480024342957
2022-06-30 01:30:00,0.0,2.9523270520278577e-05,2.694223027897183,240.51670461717896,0.18066666666666664,-0.4125500746297585
2022-06-30 02:00:00,0.0,2.9183333930494853e-05,1.827495776661708,163.35389699235233,0.18033333333333332,-0.3906076871401309
2022-06-30 02:30:00,0.0,2.8996997763214526e-05,1.0548103890059504,94.67064629912656,0.18033333333333332,-0.3632650937452437
2022-06-30 03:00:00,0.0,2.929735908506126e-05,1.5381461071863376,137.34994013102084,0.18066666666666664,-0.3351172161244595
2022-06-30 03:30:00,0.0,2.9183333930494853e-05,1.0548103890059504,94.51698052921512,0.18066666666666664,-0.3121541701200005
2022-06-30 04:00:00,0.0,2.8959225565404393e-05,1.521030284811319,135.6920017806044,0.18066666666666664,-0.2988356970507351
2022-06-30 04:30:00,0.0,2.8846113638478657e-05,1.572345761228393,140.12175482180723,0.18066666666666664,-0.2954427368871996
2022-06-30 05:00:00,0.0,2.8031900533583182e-05,1.1764482407845516,105.20316956310442,0.17999999999999997,-0.2971941870383486
2022-06-30 05:30:00,0.0,2.7010306342442157e-05,1.6406175562464356,146.0792259141764,0.17999999999999997,-0.2963541854102218
2022-06-30 06:00:00,0.0,2.6830936314465047e-05,0.8976163368585597,80.44903304689868,0.18033333333333332,-0.2864646600544796
2022-06-30 06:30:00,0.0,2.6579814711673224e-05,1.3148023279035437,117.78058131797025,0.18033333333333332,-0.2655801844888328
2022-06-30 07:00:00,0.0,2.6293655713524186e-05,1.469618642459718,131.43248208649848,0.18033333333333332,-0.2365867538620581
2022-06-30 07:30:00,0.0,2.618656119674144e-05,1.92889762639705,172.2232339347307,0.18033333333333332,-0.2062809540440968
2022-06-30 08:00:00,0.0,2.7083732081437783e-05,2.280903488338087,203.899522677575,0.18066666666666664,-0.1855136616781502
2022-06-30 08:30:00,0.0,2.8734810665996177e-05,3.772799778803013,336.8694678488067,0.18066666666666664,-0.1895034409561561
2022-06-30 09:00:00,0.0,3.148553847931474e-05,6.412707267973581,572.6045927714628,0.18033333333333332,-0.2354919632592412
2022-06-30 09:30:00,0.0,3.4205635288323394e-05,10.68905649404332,954.1381320262371,0.18033333333333332,-0.3370237734940714
2022-06-30 10:00:00,0.0,3.536052203677899e-05,16.25841467085908,1451.5985834636608,0.17999999999999997,-0.497753230055839
2022-06-30 10:30:00,0.0,3.979356367009359e-05,20.887942815624484,1865.9186676555616,0.17999999999999997,-0.7084740164964299
2022-06-30 11:00:00,0.0,0.1469585686499672,25.94270120803079,2320.4507270028735,0.17899999999999996,-0.9491148359288416
2022-06-30 11:30:00,0.0,0.1450638404019014,27.017431513377893,2418.067679778608,0.17899999999999996,-1.1954159365236172
2022-06-30 12:00:00,0.0,0.246321521514039,28.271351272529717,2530.8763578974563,0.17833333333333332,-1.427120547143201
2022-06-30 12:30:00,0.0,0.1574561868413618,28.70638446618771,2571.2332054963617,0.17833333333333332,-1.6326140012266066
2022-06-30 13:00:00,0.0,0.1866316283589531,28.85855347341924,2584.743406558376,0.17699999999999996,-1.8086308649126164
2022-06-30 13:30:00,0.0,0.419304911637826,28.87454440641419,2585.296933574017,0.17699999999999996,-1.9574967721701295
2022-06-30 14:00:00,0.0,0.2964665001878555,28.79453867911037,2578.5925834959835,0.17433333333333334,-2.0804562193465443
2022-06-30 14:30:00,0.0,0.0493800399532325,26.06144626886954,2336.028949450862,0.17433333333333334,-2.168012739633535
2022-06-30 15:00:00,0.0,0.3236236138608291,27.545878354922547,2465.5827857175796,0.1743333333333333,-2.2036525072811335
2022-06-30 15:30:00,0.0,0.396485687700373,28.64217450831388,2562.9906068763057,0.1743333333333333,-2.191892329548707
2022-06-30 16:00:00,0.0,0.321884598579183,26.917699696882835,2407.8789609652717,0.17266666666666663,-2.1814263117442687
2022-06-30 16:30:00,0.0,0.2169797709997317,25.729904569056817,2302.067739298466,0.17266666666666663,-2.2359048968168787
2022-06-30 17:00:00,0.0,0.3381909253335998,24.22102008957469,2168.568365213284,0.17133333333333334,-2.359845244817922
2022-06-30 17:30:00,0.0,0.2914552650827509,26.289611395038246,2351.752276125278,0.17133333333333334,-2.459586222082503
2022-06-30 18:00:00,0.0,0.1998703195009374,26.230563438356555,2346.006421392914,0.17066666666666666,-2.4032444310455565
2022-06-30 18:30:00,0.0,0.1017953950799843,24.9556567460577,2230.6526364121364,0.17066666666666666,-2.135539266822748
2022-06-30 19:00:00,0.0,0.1454091563661243,22.034073486340645,1968.3264620625384,0.16966666666666672,-1.7307449225623677
2022-06-30 19:30:00,0.0,0.0743360030536633,17.17937090584643,1535.2329632357437,0.16966666666666672,-1.3305032711563347
2022-06-30 20:00:00,0.0,4.095934311956155e-05,13.242766219245562,1183.5224078737344,0.16933333333333334,-1.037541942347397
2022-06-30 20:30:00,0.0,3.8866250804398595e-05,14.28787132069738,1275.8979446521023,0.16933333333333334,-0.8665533946179208
2022-06-30 21:00:00,0.0,0.0320360870716077,12.67855953675394,1132.9402741400827,0.16933333333333334,-0.7729064727768518
2022-06-30 21:30:00,0.0,0.0398573207116738,11.026950182458004,985.1417364560236,0.16933333333333334,-0.7067136486557923
2022-06-30 22:00:00,0.0,0.0365746218008331,9.16949095801101,819.0912909392715,0.17,-0.6421490861665662
2022-06-30 22:30:00,0.0,0.0325991744027609,7.489694925954866,669.0815317539007,0.17,-0.5748303812342259
2022-06-30 23:00:00,0.0,0.02105482532626,5.800497668709347,518.446105315434,0.171,-0.5078316704610775
2022-06-30 23:30:00,0.0,0.0195378772617647,4.842444216407467,432.6648738063959,0.171,-0.4435453705904285
2022-07-01 00:00:00,0.0,3.187737162449441e-05,4.379953198553967,391.0049313750371,0.17166666666666666,-0.3835491152037088
2022-07-01 00:30:00,0.0,3.1640917004144014e-05,3.746894526650362,334.75123425973453,0.17166666666666666,-0.3306208335598866
2022-07-01 01:00:00,0.0,3.1798421662995925e-05,3.14850706824396,281.28594891014467,0.17200000000000001,-0.2887147950508174
2022-07-01 01:30:00,0.0,3.175980036542559e-05,3.0502653807084426,272.5454090817872,0.17200000000000001,-0.2606256693480139
2022-07-01 02:00:00,0.0,3.1523934586024005e-05,2.73687990856677,244.38349166797175,0.17200000000000001,-0.2454804147829759
2022-07-01 02:30:00,0.0,3.078563437100488e-05,2.4869669618594616,221.9783372143491,0.17200000000000001,-0.2384949109552765
2022-07-01 03:00:00,0.0,3.0476424600834423e-05,2.2516747544697835,200.96793472989788,0.17233333333333334,-0.2335663257394413
2022-07-01 03:30:00,0.0,3.0093290408167564e-05,1.843612154193751,164.94363519846578,0.17233333333333334,-0.2263425266878094
2022-07-01 04:00:00,0.0,2.994003747838271e-05,1.671789647975705,149.44081213729726,0.17200000000000001,-0.2147659057100329
2022-07-01 04:30:00,0.0,2.929735908506126e-05,1.9803032176494355,176.7344327321034,0.17200000000000001,-0.1975397673393051
2022-07-01 05:00:00,0.0,2.9523270520278577e-05,1.41202497240602,126.2860731719832,0.17233333333333334,-0.1738870625633522
2022-07-01 05:30:00,0.0,0.0139831621276059,1.3597753889460475,121.5667253576234,0.17233333333333334,-0.1456304222128211
2022-07-01 06:00:00,0.0,2.994003747838271e-05,1.550872042342947,138.59982876605412,0.17200000000000001,-0.1188191057683217
2022-07-01 06:30:00,0.0,3.0093290408167564e-05,1.9973421234320792,178.3464861024317,0.17200000000000001,-0.102700656225581
2022-07-01 07:00:00,0.0,0.0001390301231266,2.753461547582728,245.9775905305505,0.17200000000000001,-0.1068854731167621
2022-07-01 07:30:00,0.0,0.0001462665109182,3.954179948601267,353.12737399943273,0.17200000000000001,-0.1390767840278246
2022-07-01 08:00:00,0.0,0.0022219553462557,6.214866285367065,554.7781823602634,0.17133333333333334,-0.2046786664021767
2022-07-01 08:30:00,0.0,0.0022299041713949,7.817941305963347,698.1036801304115,0.17133333333333334,-0.3071233842112855
2022-07-01 09:00:00,0.0,0.0171682044515153,10.489111762475597,936.6822018578572,0.17066666666666666,-0.4466664796113999
2022-07-01 09:30:00,0.0,0.0181419136829715,15.248438471860725,1361.790367440179,0.17066666666666666,-0.6177133698518115
2022-07-01 10:00:00,0.0,0.0247946768519564,19.202439245800058,1715.7931789794495,0.17,-0.808229604155603
2022-07-01 10:30:00,0.0,0.0267981019307282,25.289379081197893,2260.1667018868056,0.17,-1.0034039509841195
2022-07-01 11:00:00,0.0,0.0442059792348588,27.244482537529205,2436.685866331763,0.16933333333333334,-1.1899263064725152
2022-07-01 11:30:00,0.0,0.0470800721917571,28.139567510270748,2519.3366967688507,0.16933333333333334,-1.3567712203459052
2022-07-01 12:00:00,0.0,0.3556384517982697,29.50851786334283,2640.761806265002,0.168,-1.4960714685533834
2022-07-01 12:30:00,0.0,0.4274174717306303,28.311730895281503,2534.503884530637,0.168,-1.610728432835172
2022-07-01 13:00:00,0.0,0.2817377128998621,26.57909921249532,2380.3789502398345,0.16633333333333336,-1.7231271863642417
2022-07-01 13:30:00,0.0,0.4757958314782273,26.80754990543761,2399.649896841119,0.16633333333333336,-1.8649681032614436
2022-07-01 14:00:00,0.0,0.2299086044068985,27.169142932072596,2430.8301786085285,0.16433333333333336,-2.0401186384602648
2022-07-01 14:30:00,0.0,0.3911708229294937,30.5683162085512,2733.8447157595474,0.16433333333333336,-2.1916748822794125
2022-07-01 15:00:00,0.0,0.4684717892753784,27.1942692032455,2435.014405910701,0.16366666666666668,-2.223968756657874
2022-07-01 15:30:00,0.0,0.3808355196487288,27.644326380919885,2473.133590290851,0.16366666666666668,-2.0798974082947677
2022-07-01 16:00:00,0.0,0.2328325163336413,26.076032249095466,2332.321174140237,0.162,-1.7985429613695871
2022-07-01 16:30:00,0.0,0.0217581450922668,22.465298087531647,2008.2491397470023,0.162,-1.4898707746413105
2022-07-01 17:00:00,0.0,0.1877702217467227,22.59513507235535,2019.4154058810927,0.16133333333333336,-1.2583881658505174
2022-07-01 17:30:00,0.0,0.2841365180846586,21.52626897454976,1924.0470622324349,0.16133333333333336,-1.1521146081678926
2022-07-01 18:00:00,0.0,0.3626686734960872,26.942414520105604,2404.912243184857,0.16066666666666668,-1.1599208420257947
2022-07-01 18:30:00,0.0,0.360756714245935,18.80859035629853,1682.6630183840628,0.16066666666666668,-1.2291357321614842
2022-07-01 19:00:00,0.0,0.1019597442956136,21.316862130673,1904.862560999245,0.161,-1.2872779550915605
2022-07-01 19:30:00,0.0,0.0511597795529835,24.17748056063095,2158.1683568251065,0.161,-1.2733114275781403
2022-07-01 20:00:00,0.0,4.132011947836208e-05,16.76660744602753,1498.0780340320848,0.16066666666666668,-1.1694047631612254
2022-07-01 20:30:00,0.0,0.0361231116329977,16.873473283297468,1506.9691474781828,0.16066666666666668,-1.0068830502963606
2022-07-01 21:00:00,0.0,0.1197865049825958,15.114375595353698,1350.2320814894697,0.15933333333333335,-0.8386422573569565
2022-07-01 21:30:00,0.0,0.0611547547418632,12.33272005590015,1101.591540946638,0.15933333333333335,-0.7037503769924405
2022-07-01 22:00:00,0.0,3.743441925524666e-05,10.322128979036982,921.6620048297804,0.15966666666666668,-0.6127631471363322
2022-07-01 22:30:00,0.0,0.0262588239695526,7.5518865840064064,674.5221307964863,0.15966666666666668,-0.5550689161967156
2022-07-01 23:00:00,0.0,0.0283683294358783,7.678200506556632,685.1128424126283,0.16066666666666668,-0.5124211328714066
2022-07-01 23:30:00,0.0,0.0161954646414395,3.9064784245456967,349.5241481458422,0.16066666666666668,-0.4689755498454845
2022-07-02 00:00:00,0.0,3.1995235324696024e-05,4.798157185424737,428.0137330285128,0.16166666666666668,-0.4174745553174052
2022-07-02 00:30:00,0.0,3.1719603457852996e-05,3.324240025648199,296.8445163198446,0.16166666666666668,-0.3609156922577265
2022-07-02 01:00:00,0.0,3.148553847931474e-05,2.5744217943581496,229.8117949624547,0.162,-0.3081522812767831
2022-07-02 01:30:00,0.0,3.117315308598607e-05,3.6511942305507183,325.5225939150034,0.162,-0.2668691423432135
2022-07-02 02:00:00,0.0,3.1289254423377296e-05,2.2175035098344025,198.1148567478043,0.16233333333333336,-0.2397182091337278
2022-07-02 02:30:00,0.0,3.062997880469489e-05,2.455956998358305,219.13778480385616,0.16233333333333336,-0.2249840005569879
2022-07-02 03:00:00,0.0,3.066923506111654e-05,2.080318774015251,185.5493752742096,0.16233333333333336,-0.2189432772655253
2022-07-02 03:30:00,0.0,2.9864383502258776e-05,1.786521692029754,159.63754109683163,0.16233333333333336,-0.2179013877260419
2022-07-02 04:00:00,0.0,2.9636675311373782e-05,1.4016000289013308,124.98796802933532,0.16266666666666668,-0.2194331992003945
2022-07-02 04:30:00,0.0,2.9636675311373782e-05,1.1360184361439565,101.51203968415612,0.16266666666666668,-0.2220508782303806
2022-07-02 05:00:00,0.0,2.925931655439214e-05,1.9597218129691456,174.52578928298388,0.16266666666666668,-0.2232769849433669
2022-07-02 05:30:00,0.0,2.814130076513904e-05,1.313359231613346,117.17045876704246,0.16266666666666668,-0.2184287216474132
2022-07-02 06:00:00,0.0,2.7554950680070244e-05,0.921675753944541,82.60167298045175,0.163,-0.2024138638961695
2022-07-02 06:30:00,0.0,2.7228112823298044e-05,0.7598026665450652,67.87736842940528,0.163,-0.1737624770938593
2022-07-02 07:00:00,0.0,2.7701093423267577e-05,1.1538044455924767,103.08775406884436,0.16333333333333336,-0.1375175089469521
2022-07-02 07:30:00,0.0,2.8659775033925233e-05,1.2070930168126417,107.74282871738352,0.16333333333333336,-0.1044033942332487
2022-07-02 08:00:00,0.0,0.0107417765611753,2.1832709428617094,194.9797328589537,0.163,-0.0866568421145131
2022-07-02 08:30:00,0.0,0.0111854552485257,3.5535034586614165,317.3663129983802,0.163,-0.0932970742244825
2022-07-02 09:00:00,0.0,0.0025095074155123,5.431508149406766,484.7851581484847,0.16266666666666668,-0.128030050266741
2022-07-02 09:30:00,0.0,0.0025622170282587,7.710571654959668,688.5967999603495,0.16266666666666668,-0.1911725047623499
2022-07-02 10:00:00,0.0,0.0002548001551872,9.525899783778186,850.508414938521,0.162,-0.283386197097656
2022-07-02 10:30:00,0.0,0.0002899065149859,17.382659058684567,1552.4963071849852,0.162,-0.4064847377280645
2022-07-02 11:00:00,0.0,0.1697299617140721,22.439608845006298,2004.7557322028945,0.16133333333333336,-0.5591734978310757
2022-07-02 11:30:00,0.0,0.1920177884456368,25.23699787773492,2256.021077022966,0.16133333333333336,-0.7319054404491919
2022-07-02 12:00:00,0.0,0.2731859230282502,27.56380717830841,2463.8935635622747,0.161,-0.9071056094107708
2022-07-02 12:30:00,0.0,0.2481558416122384,28.661742540654647,2561.203574373669,0.161,-1.0652335587712811
2022-07-02 13:00:00,0.0,0.3377674305433144,29.46150138617325,2632.9823117757965,0.159,-1.1902351158719051
2022-07-02 13:30:00,0.0,0.3558170409214889,29.9048796964317,2673.6209976498676,0.159,-1.2695791554644136
2022-07-02 14:00:00,0.0,0.3432136252158168,26.715263346875975,2390.081367993017,0.15733333333333335,-1.2927277347572923
2022-07-02 14:30:00,0.0,0.2720718153964118,27.251583084903697,2436.388594992705,0.15733333333333335,-1.2543605950513992
2022-07-02 15:00:00,0.0,0.1787383598317678,24.81986448259944,2217.9885061575865,0.156,-1.1604095959113294
2022-07-02 15:30:00,0.0,0.156534193380971,22.71156533801661,2029.081107646444,0.156,-1.0289594743803407
2022-07-02 16:00:00,0.0,0.122715403910461,19.71966506112723,1761.3234253201122,0.15566666666666668,-0.8837157873163557
2022-07-02 16:30:00,0.0,0.1090773544228036,16.367302146131266,1462.3933780653776,0.15566666666666668,-0.7457944160286823
2022-07-02 17:00:00,0.0,0.0290708612263001,15.176727227029126,1355.0757757192869,0.156,-0.629344578616667
2022-07-02 17:30:00,0.0,0.0254823565995434,12.26660881236358,1095.541240809695,0.156,-0.541322881817577
2022-07-02 18:00:00,0.0,3.404197166659722e-05,9.990212160443434,892.607460917902,0.15666666666666668,-0.4830128509828451
2022-07-02 18:30:00,0.0,3.387882363103905e-05,8.918791087873442,796.8505062399711,0.15666666666666668,-0.451368084458453
2022-07-02 19:00:00,0.0,0.0288080384053724,8.59015014578101,767.0370384871802,0.157,-0.4398085938305117
2022-07-02 19:30:00,0.0,0.0007192914746766,7.922278268315791,707.5071467494231,0.157,-0.4391882790568449
2022-07-02 20:00:00,0.0,3.2311510725841314e-05,6.688053532731843,597.1769626375641,0.157,-0.4397401710311786
2022-07-02 20:30:00,0.0,3.1095386000272306e-05,5.170566097983622,461.6200128578612,0.157,-0.4340610954026261
2022-07-02 21:00:00,0.0,0.0049656258358084,4.278148530314962,381.6509961275132,0.15666666666666668,-0.4196317879086543
2022-07-02 21:30:00,0.0,3.0093290408167564e-05,3.0433229884091215,271.6065367026174,0.15666666666666668,-0.3986665389682317
2022-07-02 22:00:00,0.0,2.975037960921708e-05,2.028698754909783,181.19583497444376,0.15733333333333335,-0.3750233565980588
2022-07-02 22:30:00,0.0,0.0030145004779973,1.6297051005939631,145.58924557250788,0.15733333333333335,-0.3510059682902292
2022-07-02 23:00:00,0.0,2.910900344618699e-05,1.224832782030584,109.56403070660302,0.158,-0.3270568126073337
2022-07-02 23:30:00,0.0,2.8883783507465197e-05,1.0825906953351223,96.8313312454163,0.158,-0.3038043865378548
2022-07-03 00:00:00,0.0,2.8846113638478657e-05,1.458013297854556,130.10544360989508,0.15866666666666668,-0.283202341437365
2022-07-03 00:30:00,0.0,2.8996997763214526e-05,1.0816600756745274,96.68362583026828,0.15866666666666668,-0.2672689134481678
2022-07-03 01:00:00,0.0,2.8959225565404393e-05,1.0996997750086102,98.4011076373623,0.15833333333333335,-0.2564987344787605
2022-07-03 01:30:00,0.0,2.9071130245523226e-05,1.2256446674038648,109.4529222484568,0.15833333333333335,-0.2500525818943024
2022-07-03 02:00:00,0.0,2.8996997763214526e-05,1.3688741251350651,122.39310323058486,0.15833333333333335,-0.2469747037766238
2022-07-03 02:30:00,0.0,2.8846113638478657e-05,1.351011412957117,120.58607092565197,0.15833333333333335,-0.2465941284191666
2022-07-03 03:00:00,0.0,2.8809982646216876e-05,1.0636084264303929,94.92445555427024,0.15833333333333335,-0.2479549213263257
2022-07-03 03:30:00,0.0,2.8659775033925233e-05,0.9369106749566048,83.59276167162734,0.15833333333333335,-0.2493344314331699
2022-07-03 04:00:00,0.0,2.854897244395146e-05,0.95504651061876,85.21288908999504,0.158,-0.2486585685031068
2022-07-03 04:30:00,0.0,2.847427479058182e-05,0.95504651061876,85.33336213997903,0.158,-0.244665063472733
2022-07-03 05:00:00,0.0,2.8623806350329834e-05,0.7000362334511764,62.70116404523459,0.158,-0.2376417328251224
2022-07-03 05:30:00,0.0,2.851160658810513e-05,0.7548833808460819,67.58696944529078,0.158,-0.2287709197348079
2022-07-03 06:00:00,0.0,2.851160658810513e-05,0.6450778434399514,57.832240189625274,0.158,-0.2188455461395656
2022-07-03 06:30:00,0.0,2.8363972230347037e-05,0.8096198243040063,72.48962070338233,0.158,-0.2080225956301385
2022-07-03 07:00:00,0.0,2.8399713350494872e-05,0.95504651061876,85.36005727838443,0.15766666666666668,-0.1967383705911931
2022-07-03 07:30:00,0.0,2.8363972230347037e-05,1.279443692307707,114.2854421113756,0.15766666666666668,-0.1864071905445463
2022-07-03 08:00:00,0.0,2.854897244395146e-05,1.3688741251350651,122.43252287164614,0.15766666666666668,-0.1790716624222257
2022-07-03 08:30:00,0.0,2.8697275808784963e-05,1.7941258349113791,160.19855662446972,0.15766666666666668,-0.1763128873687907
2022-07-03 09:00:00,0.0,0.0004751960062648,2.3166277896817573,206.7747748453457,0.15766666666666668,-0.1785199524369832
2022-07-03 09:30:00,0.0,0.0004739818344955,2.5229030978443348,225.2041217161644,0.15766666666666668,-0.1856095922604137
2022-07-03 10:00:00,0.0,0.0016411765788941,2.1782553846222115,194.56766827546153,0.15766666666666668,-0.1984809099664105
2022-07-03 10:30:00,0.0,0.0016968942705983,3.4161895352694316,304.9280790661426,0.15766666666666668,-0.218518234684296
2022-07-03 11:00:00,0.0,0.0055070477378827,4.4426160768047644,396.3729647781412,0.15666666666666668,-0.2447047125227349
2022-07-03 11:30:00,0.0,0.0055853278291815,4.217684418978329,376.42092571962263,0.15666666666666668,-0.2721632952884774
2022-07-03 12:00:00,0.0,0.0045256410749294,4.697548618189442,419.3257840217598,0.15666666666666668,-0.2947939330209685
2022-07-03 12:30:00,0.0,0.0045315182453234,4.249925522385365,379.48638249211666,0.15666666666666668,-0.3091293692117739
2022-07-03 13:00:00,0.0,0.0012805423355465,3.565105912438927,318.3838599506432,0.15633333333333335,-0.3153914677968028
2022-07-03 13:30:00,0.0,0.0012772924264784,3.299821440269564,294.403972892425,0.15633333333333335,-0.3156767781246286
2022-07-03 14:00:00,0.0,0.0027881626281735,3.3663761466747175,300.64045685123585,0.15633333333333335,-0.3118016350341775
2022-07-03 14:30:00,0.0,0.0027598112258127,2.5229030978443348,225.3835868040081,0.15633333333333335,-0.3045993216755473
2022-07-03 15:00:00,0.2,0.0042074715721861,2.160910195655925,192.81053504069016,0.15666666666666668,-0.2947217909446574
2022-07-03 15:30:00,0.2,0.0002176189097636,1.1177275434806755,99.9982401581496,0.15666666666666668,-0.2837933137445821
2022-07-03 16:00:00,0.4,0.0049572091294666,1.4045646168924162,125.34376675309792,0.158,-0.2744609049607046
2022-07-03 16:30:00,0.0,0.0050020186817118,0.9731702617985528,86.93899804842535,0.158,-0.2689466538413403
2022-07-03 17:00:00,0.2,0.0063189806289977,0.5900076683491927,52.87303475679335,0.15866666666666668,-0.2672679788772584
2022-07-03 17:30:00,0.2,0.0062146788361528,1.2256446674038648,109.18596800634992,0.15866666666666668,-0.2667040307165688
2022-07-03 18:00:00,0.4,0.0008719589828295,0.6450778434399514,57.617335214557166,0.16033333333333336,-0.2633710816464625
2022-07-03 18:30:00,0.4,0.0008685599386905,0.2385984223143657,21.253016860138136,0.16033333333333336,-0.2549760364427806
2022-07-03 19:00:00,0.6,2.8846113638478657e-05,0.4795297739510843,42.88341986552125,0.16633333333333333,-0.242288080589211
2022-07-03 19:30:00,0.2,2.8959225565404393e-05,0.0705278430494405,6.3220929596404005,0.16633333333333333,-0.2280795560014643
2022-07-03 20:00:00,0.0,2.8921487481622617e-05,-0.0421063467870897,-3.6839093831908,0.17366666666666666,-0.2151269150979476
2022-07-03 20:30:00,0.0,2.8809982646216876e-05,0.2572082677238639,22.8880373988422,0.17366666666666666,-0.2053022616085988
2022-07-03 21:00:00,0.0,2.8734810665996177e-05,-0.0233011096928178,-2.059071262551848,0.17733333333333334,-0.199679808387087
2022-07-03 21:30:00,0.0,2.8734810665996177e-05,-0.0421063467870897,-3.6839093831908,0.17733333333333334,-0.1983674277375517
2022-07-03 22:00:00,0.0,2.8697275808784963e-05,-0.0045090506323488,-0.2299362583396527,0.18066666666666667,-0.1999870398335783
2022-07-03 22:30:00,0.0,2.8734810665996177e-05,0.0705278430494405,6.308390965476523,0.18066666666666667,-0.2019773614443884
2022-07-03 23:00:00,0.0,2.877237961025713e-05,-0.0233011096928178,-2.0453396413496296,0.18266666666666667,-0.2019676089787728
2022-07-03 23:30:00,0.0,2.851160658810513e-05,0.1266682132251777,11.18590840468164,0.18266666666666667,-0.1989894552099904
2022-07-04 00:00:00,0.2,2.832677525430342e-05,0.3664852512744259,32.94822396086951,0.18400000000000002,-0.1936285221629139
2022-07-04 00:30:00,0.0,2.821538850376113e-05,0.5180008453775088,46.49492438797623,0.18400000000000002,-0.1873839284447752
2022-07-04 01:00:00,0.0,2.79581500579373e-05,0.7062087283402115,63.03155808635222,0.18466666666666667,-0.1817545806789683
2022-07-04 01:30:00,0.0,2.7591435480352944e-05,0.347485839810392,31.265010757191643,0.18466666666666667,-0.1775416438479016
2022-07-04 02:00:00,0.0,2.781105680668246e-05,0.4612820995009663,41.29147532859923,0.18499999999999997,-0.1748566815012302
2022-07-04 02:30:00,0.0,2.7701093423267577e-05,0.347485839810392,31.182349861522503,0.18499999999999997,-0.1735431328650556
2022-07-04 03:00:00,0.0,2.7774368397717875e-05,0.5557473112129139,49.56375122269832,0.18466666666666667,-0.1731478273902302
2022-07-04 03:30:00,0.0,2.7701093423267577e-05,0.3664852512744259,32.920700023350875,0.18466666666666667,-0.1724593608927269
2022-07-04 04:00:00,0.0,2.7300506301294197e-05,0.4044439651227985,36.24223149122592,0.18499999999999997,-0.1696096669973647
2022-07-04 04:30:00,0.2,2.7445699734704247e-05,0.5180008453775088,46.19199379722705,0.18499999999999997,-0.1630855234548097
2022-07-04 05:00:00,0.0,2.7300506301294197e-05,0.4044439651227985,36.15934707146298,0.18533333333333335,-0.152762068471242
2022-07-04 05:30:00,0.0,2.7155854767812608e-05,0.5557473112129139,49.63284024359028,0.18533333333333335,-0.1399961323072258
2022-07-04 06:00:00,0.0,2.7228112823298044e-05,0.3664852512744259,32.7826337671214,0.18566666666666665,-0.126872588439672
2022-07-04 06:30:00,0.0,2.7336753840218357e-05,0.2904071167460595,25.959450434953972,0.18566666666666665,-0.1154597640384976
2022-07-04 07:00:00,0.0,2.7518499793196832e-05,0.4234033124019518,37.88048671910546,0.18566666666666665,-0.1074802102295954
2022-07-04 07:30:00,0.0,2.7445699734704247e-05,0.4991078251330921,44.64256654230426,0.18566666666666665,-0.1042230574932549
2022-07-04 08:00:00,0.0,0.0052706704489223,0.5934411575444051,53.10986795501616,0.18533333333333335,-0.1066155453890132
2022-07-04 08:30:00,0.0,0.0053679702835204,0.8931184872142659,79.8642084736392,0.18533333333333335,-0.115315875207039
2022-07-04 09:00:00,0.0,0.0062002911268729,1.50097384043063,133.7974493478535,0.18466666666666667,-0.1303336392261887
2022-07-04 09:30:00,0.0,0.0061526770636258,1.9884747524015975,177.33706557996513,0.18466666666666667,-0.150341015901865
2022-07-04 10:00:00,0.0,0.0139461408401574,2.2733534041538763,202.9870726380118,0.18366666666666664,-0.1726953239879464
2022-07-04 10:30:00,0.0,0.0139642086732131,2.851856068582692,254.50055255463928,0.18366666666666664,-0.1944283981632089
2022-07-04 11:00:00,0.0,0.0064890860556357,3.0420611402279985,271.3513738869701,0.18299999999999997,-0.2136012278439393
2022-07-04 11:30:00,0.0,0.0065058872256732,3.05928880844844,272.68118805272206,0.18299999999999997,-0.2306355976287113
2022-07-04 12:00:00,0.0,0.0049320935975852,2.834500575496409,252.93687275838147,0.18233333333333332,-0.2489508991658612
2022-07-04 12:30:00,0.0,0.0050710739888002,3.110908592698822,277.5809113390852,0.18233333333333332,-0.27329841929132
2022-07-04 13:00:00,0.0,0.0178681103344355,4.355310720973491,388.68184123098393,0.18166666666666664,-0.3056043256037491
2022-07-04 13:30:00,0.0,0.0187200700472443,5.95588275930917,531.6973329233466,0.18166666666666664,-0.3416267573658069
2022-07-04 14:00:00,0.0,0.008091764127084,7.370514132595391,657.5941947454634,0.18133333333333335,-0.3724799877742966
2022-07-04 14:30:00,0.0,0.0079253673508343,6.465521148290832,577.0749511211293,0.18133333333333335,-0.3905836897371579
2022-07-04 15:00:00,0.0,0.0221900342158895,5.18256478169947,462.8362481900799,0.18033333333333332,-0.3945288733156361
2022-07-04 15:30:00,0.0,0.022488652767966,6.996724599546318,624.5143588189311,0.18033333333333332,-0.3884511676283292
2022-07-04 16:00:00,0.0,0.0057298685338549,8.263819370821965,737.6373520598667,0.18066666666666667,-0.3776237187923329
2022-07-04 16:30:00,0.0,0.0057370535695582,7.886235929580448,704.0606019301575,0.18066666666666667,-0.3650687789380315
2022-07-04 17:00:00,0.0,3.195645334647196e-05,8.220486646856621,733.7641993874607,0.18033333333333332,-0.3509724936001061
2022-07-04 17:30:00,0.0,3.113345954710823e-05,6.033664475781863,538.5401528462426,0.18033333333333332,-0.3337503118799335
2022-07-04 18:00:00,0.0,0.0021212698268249,4.453871960681636,397.6513881076486,0.18099999999999997,-0.3118864952218629
2022-07-04 18:30:00,0.6,0.002110656756906,3.2652026684532465,291.4829108563408,0.18099999999999997,-0.2857681465531599
2022-07-04 19:00:00,1.2,3.0399844855890523e-05,2.291061490151141,204.503116568594,0.18333333333333335,-0.2581864666179274
2022-07-04 19:30:00,1.0,3.0438899716606223e-05,1.7367743856833886,155.11840799228733,0.18333333333333335,-0.2331799313701876
2022-07-04 20:00:00,0.4,3.0438899716606223e-05,1.1341954348533754,101.49279951533134,0.19333333333333336,-0.2143827533141021
2022-07-04 20:30:00,1.6,3.0208193578321032e-05,1.1526517500588502,102.99281369421362,0.19333333333333336,-0.2037201891415331
2022-07-04 21:00:00,2.4,3.013207550573784e-05,0.8744853160548476,78.02210996087253,0.19766666666666666,-0.2005754666673111
2022-07-04 21:30:00,2.4,2.9711932489174568e-05,0.9303465468928528,83.03951588818768,0.19766666666666666,-0.2016842179370886
2022-07-04 22:00:00,1.2,2.9033291171632532e-05,0.7811272029236295,69.76495680061433,0.20833333333333334,-0.2023134225816792
2022-07-04 22:30:00,0.2,2.8734810665996177e-05,0.4802015838913312,42.870935187325315,0.20833333333333334,-0.1986454104028925
2022-07-04 23:00:00,0.0,2.8252483396265985e-05,0.6310825596738449,56.5541950719497,0.22133333333333335,-0.1899580161810872
2022-07-04 23:30:00,0.0,2.7701093423267577e-05,0.8185089843577258,73.04928231700355,0.22133333333333335,-0.1788654524604347
2022-07-05 00:00:00,0.0,2.7191966871061615e-05,0.2174400432195218,19.583092342084072,0.2273333333333333,-0.16938007866169
2022-07-05 00:30:00,0.0,2.697436473519058e-05,0.1421157069581728,12.63553945757637,0.2273333333333333,-0.1643913817140633
2022-07-05 01:00:00,0.0,2.6650985973610524e-05,0.2174400432195218,19.29494630785136,0.22866666666666666,-0.1642656386110442
2022-07-05 01:30:00,0.0,2.579746768048764e-05,0.0097879168456123,1.0085945211261564,0.22866666666666666,-0.1669296444672565
2022-07-05 02:00:00,0.0,2.506306392233109e-05,0.4607991684439497,40.9237428298477,0.2283333333333333,-0.1687831739479215
2022-07-05 02:30:00,0.0,2.4544708661653435e-05,0.0854836194312012,7.549285265850127,0.2283333333333333,-0.1658430321804352
2022-07-05 03:00:00,0.0,2.406591359982391e-05,0.3674593037537144,32.70948040081882,0.22899999999999998,-0.1551151401984989
2022-07-05 03:30:00,0.0,2.3931122324087595e-05,0.4048340045466326,35.67496886186172,0.22899999999999998,-0.1361879362649018
2022-07-05 04:00:00,0.0,2.4032825628468784e-05,-0.1231957863842702,-10.910587564511587,0.22899999999999998,-0.1119546860955275
2022-07-05 04:30:00,0.0,2.3558714866712376e-05,-0.0281401594155312,-2.865089915470749,0.22899999999999998,-0.0871198305881382
2022-07-05 05:00:00,0.0,2.3424701532556037e-05,-0.2568431791355512,-22.62677422042188,0.22866666666666666,-0.0654296375349374
2022-07-05 05:30:00,0.0,2.3390961103196077e-05,-0.0851330617314257,-7.746565017203871,0.22866666666666666,-0.0482720061674932
2022-07-05 06:00:00,0.0,2.309017886238001e-05,-0.1231957863842702,-11.1047283783735,0.22899999999999998,-0.035461773342953
2022-07-05 06:30:00,0.0,2.3289952882876963e-05,-0.3335141392534331,-29.86303921406651,0.22899999999999998,-0.0264721067730175
2022-07-05 07:00:00,0.0,2.3424701532556037e-05,-0.275990302065125,-24.543983348135686,0.22866666666666666,-0.020820115495101
2022-07-05 07:30:00,0.0,2.4339818229124272e-05,-0.275990302065125,-24.724900468925917,0.22866666666666666,-0.0182478889173127
2022-07-05 08:00:00,0.0,2.6579814711673224e-05,-0.2377097620838733,-21.375450378633214,0.2283333333333333,-0.0196845925069542
2022-07-05 08:30:00,0.0,2.9523270520278577e-05,5.460433975240221,487.0738945393989,0.2283333333333333,-0.0288583780874947
2022-07-05 09:00:00,0.0,0.0193917595070085,11.407920738327958,1018.3046980737278,0.22766666666666668,-0.0533938555216178
2022-07-05 09:30:00,0.0,0.0165723626324278,13.711155978041369,1223.639671715671,0.22766666666666668,-0.1036822062823225
2022-07-05 10:00:00,0.0,3.387882363103905e-05,18.867354607815745,1684.452529812061,0.227,-0.1885859566775196
2022-07-05 10:30:00,0.0,3.586361836441259e-05,25.92923167610831,2316.1411316907624,0.227,-0.3097825983062584
2022-07-05 11:00:00,0.0,0.1853434928178326,28.72724288859944,2567.670115143199,0.22599999999999998,-0.4588025171987191
2022-07-05 11:30:00,0.0,0.1677226998994447,29.394280284689582,2630.132237357467,0.22599999999999998,-0.619980997431485
2022-07-05 12:00:00,0.0,0.2671585643009138,29.666892274229976,2656.4176595515405,0.22433333333333336,-0.7784860122536866
2022-07-05 12:30:00,0.0,0.2068613927390862,31.072900143361924,2781.611509328362,0.22433333333333336,-0.9295093902096412
2022-07-05 13:00:00,0.0,0.2208949732196569,31.153025800444723,2789.022808338448,0.22266666666666665,-1.0824724593205748
2022-07-05 13:30:00,0.0,0.2946619428841763,29.011814092056294,2599.408905624445,0.22266666666666665,-1.2523023475149009
2022-07-05 14:00:00,0.0,0.418968855652987,31.40064640224215,2810.8778222364153,0.22133333333333335,-1.438939887243236
2022-07-05 14:30:00,0.0,0.3400079040511249,31.120990138662545,2787.1054763475972,0.22133333333333335,-1.615593570476846
2022-07-05 15:00:00,0.0,0.3330648206370281,29.070202697014643,2604.9269829137497,0.218,-1.7448225764818304
2022-07-05 15:30:00,0.0,0.4011740032824619,28.861359904060933,2584.3768600182466,0.218,-1.804622544974852
2022-07-05 16:00:00,0.0,0.3981702285291201,28.844614902359663,2582.4902798612575,0.215,-1.7897929467687412
2022-07-05 16:30:00,0.0,0.3564374231377373,29.847828010199244,2670.793939273608,0.215,-1.6942252541323022
2022-07-05 17:00:00,0.0,0.3165848173676789,28.170162818539012,2522.572707989406,0.21133333333333335,-1.5112488100522803
2022-07-05 17:30:00,0.0,0.2103982166008721,30.22410084027228,2704.0917755145883,0.21133333333333335,-1.2554446000653623
2022-07-05 18:00:00,0.0,0.2742900248746014,27.68393865101115,2478.795926672314,0.21,-0.9701957475635165
2022-07-05 18:30:00,0.0,0.2633345261026514,29.765663778402605,2661.5028833080964,0.21,-0.7057323002457588
2022-07-05 19:00:00,0.0,0.0056555865545804,25.75995572658051,2302.777673281729,0.209,-0.493318327078145
2022-07-05 19:30:00,0.0,0.0055763450198208,22.89609489984907,2045.604622276564,0.209,-0.3401800959875067
2022-07-05 20:00:00,0.0,0.004926532748598,20.318476735688048,1814.3718044169495,0.209,-0.2397257720766028
2022-07-05 20:30:00,0.0,0.0046367460388393,18.982473921610897,1695.6039928447644,0.209,-0.1803823363551223
2022-07-05 21:00:00,0.0,3.842952129922892e-05,17.8157912217565,1591.2475071798842,0.209,-0.1484428684866623
2022-07-05 21:30:00,0.0,3.721987992815649e-05,16.988638315212032,1516.7486935638017,0.209,-0.1301128969572853
2022-07-05 22:00:00,0.0,3.383853668811971e-05,12.435606470607263,1111.090601018479,0.20933333333333334,-0.1150393813810609
2022-07-05 22:30:00,0.0,0.0267519461069234,11.626238526781425,1037.822727624181,0.20933333333333334,-0.0983517354596547
2022-07-05 23:00:00,0.0,0.0340527574254677,9.07139489761876,810.480656813139,0.21,-0.0332339216393662
2022-07-05 23:30:00,0.0,3.00173708846954e-05,7.943294446150531,709.5573095237514,0.21,-0.0376094651912377
2022-07-06 00:00:00,0.0,2.9221308170873098e-05,6.841094822721158,610.6164081686284,0.21,-0.0419850087431092
2022-07-06 00:30:00,0.0,2.843697704639137e-05,5.614052674390388,500.9171230273637,0.21,-0.0463605522949807
2022-07-06 01:00:00,0.0,2.7554950680070244e-05,4.777205571058429,426.5395949789739,0.21033333333333334,
2022-07-06 01:30:00,0.0,2.6866742732449057e-05,4.173504144808971,372.7665236145472,0.21033333333333334,
2022-07-06 02:00:00,0.0,2.643646021215821e-05,3.638724998773969,324.93646774929914,0.21066666666666667,
2022-07-06 02:30:00,0.0,2.608118062092133e-05,3.093681968417942,276.31443121715336,0.21066666666666667,
2022-07-06 03:00:00,0.0,2.562248294754593e-05,2.7412637258127788,245.17995655676333,0.211,
2022-07-06 03:30:00,0.0,2.5236673719742934e-05,3.043606541929577,271.627111560251,0.211,
2022-07-06 04:00:00,0.0,2.506306392233109e-05,2.5378720382975852,226.69621603776753,0.211,
2022-07-06 04:30:00,0.0,2.506306392233109e-05,2.639753044598227,235.3777755268098,0.211,
2022-07-06 05:00:00,0.0,2.4993588956392983e-05,1.9012185400605637,169.703751505667,0.211,
2022-07-06 05:30:00,0.0,2.492425274865588e-05,2.247168749975577,200.6360788815476,0.211,
2022-07-06 06:00:00,0.0,2.468334191378207e-05,2.367238335057707,211.02865709214169,0.211,
2022-07-06 06:30:00,0.0,2.4544708661653435e-05,1.9360089730093577,172.9152264325744,0.211,
2022-07-06 07:00:00,0.0,2.4717075866233703e-05,2.1955509480820554,195.94746739109985,0.211,
2022-07-06 07:30:00,0.0,2.5202430447118047e-05,2.4697439854847167,220.52080081438868,0.211,
2022-07-06 08:00:00,0.0,2.597470361453195e-05,3.5568144902437817,317.4692934120274,0.21066666666666667,
2022-07-06 08:30:00,0.0,2.8846113638478657e-05,3.7367068127733902,333.641615033839,0.21066666666666667,
2022-07-06 09:00:00,0.0,0.0118384983944354,7.103845423774277,633.848365433725,0.21033333333333334,-0.093811827573078
2022-07-06 09:30:00,0.0,0.0127077240678564,12.116636063463696,1081.540394995415,0.21033333333333334,-0.0892719196865013
2022-07-06 10:00:00,0.0,0.0234207603042123,16.433434370250467,1467.335760628041,0.209,-0.0847320117999247
2022-07-06 10:30:00,0.0,0.024260722172366,19.9806307880028,1783.9525049831525,0.209,-0.080192103913348
2022-07-06 11:00:00,0.0,0.0298972414617791,21.613897656470495,1930.925468919498,0.20733333333333334,
2022-07-06 11:30:00,0.0,0.0305240254607281,22.511348877855777,2011.0910367749875,0.20733333333333334,
2022-07-06 12:00:00,0.0,0.047945406992306,23.731806670041493,2120.638116196812,0.20633333333333334,-0.0665723802536179
2022-07-06 12:30:00,0.0,0.0965699118890231,26.34723057000332,2354.1973018709086,0.20633333333333334,-0.0620324723670412
2022-07-06 13:00:00,0.0,0.051650168313326,25.797245825640992,2305.8902739958926,0.205,-0.0574925644804645
2022-07-06 13:30:00,0.0,0.0504562397957061,25.867443487046796,2311.4989264329133,0.205,-0.0529526565938878
2022-07-06 14:00:00,0.0,0.0230932038866416,24.62334737050511,2199.547559695682,0.204,-0.0484127487073111
2022-07-06 14:30:00,0.0,0.0247577261110716,23.99748025772233,2144.723480490488,0.204,-0.0476713494832886
2022-07-06 15:00:00,0.0,0.1822180248895319,27.23289847201653,2433.2686355801216,0.20333333333333334,-0.0465246157303979
2022-07-06 15:30:00,0.0,0.1584705390160974,26.641407232243143,2381.069475070776,0.20333333333333334,-0.0439161868905628
2022-07-06 16:00:00,0.0,0.0990147188269076,26.925204605596235,2407.094996881185,0.20166666666666666,-0.0400212525773363
2022-07-06 16:30:00,0.0,0.1388510794723829,26.624153042956937,2380.362488570622,0.20166666666666666,-0.0363343993706433
2022-07-06 17:00:00,0.0,0.0949235919703609,27.122013521734484,2424.126195757225,0.20099999999999998,-0.0339015846262255
2022-07-06 17:30:00,0.0,0.1435842066743902,24.352297928052906,2178.811012484959,0.20099999999999998,-0.0323134770635178
2022-07-06 18:00:00,0.0,0.211550808563635,25.533059335596704,2284.0600212763165,0.19999999999999998,-0.0305286518225258
2022-07-06 18:30:00,0.0,0.1388854403082344,29.23618409096237,2611.9132235007137,0.19999999999999998,-0.0279983823844647
2022-07-06 19:00:00,0.0,0.0123415439566317,27.64858145896698,2470.900267144899,0.19833333333333333,-0.024848903212802
2022-07-06 19:30:00,0.0,0.0128475839236803,24.088726779488184,2153.6156804603684,0.19833333333333333,-0.0350400278042324
2022-07-06 20:00:00,0.0,4.357773870443802e-05,25.691751030611243,2295.8120425792,0.19766666666666666,-0.0452311523956627
2022-07-06 20:30:00,0.0,4.100291423138871e-05,25.20514332372445,2250.7749983910253,0.19766666666666666,-0.0554222769870931
2022-07-06 21:00:00,0.0,3.970431208349552e-05,20.952607271288635,1871.0194905657447,0.19666666666666666,-0.0656134015785235
2022-07-06 21:30:00,0.0,3.752045360748856e-05,18.131938369496854,1618.6081654474049,0.19666666666666666,
2022-07-06 22:00:00,0.0,3.603117163951886e-05,13.16835534533431,1175.8857109708,0.19699999999999998,
2022-07-06 22:30:00,0.0,3.461619743987309e-05,11.565634914160574,1032.318129962778,0.19699999999999998,
2022-07-06 23:00:00,0.0,0.011442714518646,8.81384201325368,786.5767989474905,0.19766666666666666,
2022-07-06 23:30:00,0.0,3.367603199451579e-05,6.987349390836329,623.9491744499587,0.19766666666666666,
2022-07-07 00:00:00,0.0,3.400155713459838e-05,5.515143758841355,492.4902915511782,0.19799999999999998,
2022-07-07 00:30:00,0.0,3.3392474329447656e-05,5.1200535240320315,457.1738054589928,0.19799999999999998,
2022-07-07 01:00:00,0.0,3.2510446819210245e-05,4.344845374380404,387.63930709179886,0.19833333333333333,
2022-07-07 01:30:00,0.0,3.187737162449441e-05,3.369849632711246,300.8104528660296,0.19833333333333333,
2022-07-07 02:00:00,0.0,3.239131313461301e-05,2.861203664374228,255.45120739163627,0.19833333333333333,
2022-07-07 02:30:00,0.0,3.271019973049637e-05,2.595025278141428,231.72001015952256,0.19833333333333333,
2022-07-07 03:00:00,0.0,3.2471247311145726e-05,2.943868155738572,262.3988779228119,0.19833333333333333,
2022-07-07 03:30:00,0.0,3.1995235324696024e-05,2.6451271647824495,236.2211524651156,0.19833333333333333,
2022-07-07 04:00:00,0.0,3.219286580736566e-05,2.477769748995055,221.15628529009703,0.19833333333333333,
2022-07-07 04:30:00,0.0,3.211501208435781e-05,2.460978612842659,219.71903510671953,0.19833333333333333,
2022-07-07 05:00:00,0.0,3.29899059323388e-05,1.5561678447837626,138.93590458121025,0.19833333333333333,
2022-07-07 05:30:00,0.0,3.070852557616108e-05,1.8324552562411989,163.34855611087576,0.19833333333333333,
2022-07-07 06:00:00,0.0,3.0284443149030228e-05,1.2595327249374937,112.53999995428066,0.19833333333333333,
2022-07-07 06:30:00,0.0,3.101775059832205e-05,1.0481881528685328,93.81636870362117,0.19833333333333333,
2022-07-07 07:00:00,0.0,3.223346470019411e-05,1.8667970516183592,166.60948962386922,0.19833333333333333,
2022-07-07 07:30:00,0.0,3.1289254423377296e-05,2.595025278141428,231.51909492410005,0.19833333333333333,
2022-07-07 08:00:00,0.0,3.113345954710823e-05,3.239462894162596,288.9374073021732,0.19799999999999998,
2022-07-07 08:30:00,0.0,3.4286814121211164e-05,2.444177345352032,218.2305618804682,0.19799999999999998,
2022-07-07 09:00:00,0.0,3.469801230712109e-05,5.800537461195982,517.5999962080168,0.19799999999999998,
2022-07-07 09:30:00,0.0,3.743441925524666e-05,8.664407780902344,773.3387567971213,0.19799999999999998,
2022-07-07 10:00:00,0.0,4.10939356366709e-05,14.388329249758918,1284.3301273926074,0.19766666666666666,
2022-07-07 10:30:00,0.0,4.609456319267253e-05,24.60887027515015,2198.405028062235,0.19766666666666666,
2022-07-07 11:00:00,0.0,0.056842059387941,25.86903222028878,2312.8861063532195,0.19666666666666666,
2022-07-07 11:30:00,0.0,0.1539735037087843,27.805982049285277,2489.342372358806,0.19666666666666666,
2022-07-07 12:00:00,0.0,0.2307085512481463,29.46906395585639,2637.62259056925,0.19399999999999998,
2022-07-07 12:30:00,0.0,0.168883848518607,28.799084904475837,2578.111357750809,0.19399999999999998,
2022-07-07 13:00:00,0.0,0.2421507679465885,27.188577688091037,2435.413817692814,0.19233333333333333,
2022-07-07 13:30:00,0.0,0.2531577811040689,28.774700967270803,2576.913818960718,0.19233333333333333,
2022-07-07 14:00:00,0.0,0.5290875624943144,28.35834047620774,2540.8438667659307,0.19133333333333333,
2022-07-07 14:30:00,0.0,0.4350550415387091,29.78084236782614,2666.2562743432354,0.19133333333333333,
2022-07-07 15:00:00,0.0,0.2663262276481425,28.489338646861047,2548.9513646012156,0.19066666666666665,
2022-07-07 15:30:00,0.0,0.2654575955981552,26.2644859197653,2347.7630187202676,0.19066666666666665,
2022-07-07 16:00:00,0.0,0.1589314123674736,24.900724087661164,2225.6890630082225,0.18966666666666665,
2022-07-07 16:30:00,0.0,0.2834385062316485,25.67004656676113,2295.563753535928,0.18966666666666665,
2022-07-07 17:00:00,0.0,0.3820614342984108,26.058577481241585,2330.2148032754058,0.18899999999999997,
2022-07-07 17:30:00,0.0,0.5676976090400327,27.33948153163908,2444.975625159087,0.18899999999999997,
2022-07-07 18:00:00,0.0,0.4441629524662446,26.54615262385117,2374.9011162849947,0.18699999999999997,
2022-07-07 18:30:00,0.0,0.3295071464154424,28.456621486378072,2543.8218405396246,0.18699999999999997,
2022-07-07 19:00:00,0.0,0.1167149011441969,24.79481155467303,2216.0288635015263,0.18666666666666665,
2022-07-07 19:30:00,0.0,0.0855200580465179,24.395429061832168,2178.1795310963007,0.18666666666666665,
2022-07-07 20:00:00,0.0,5.070769872564525e-05,26.65665493564175,2378.332602435539,0.18633333333333332,
2022-07-07 20:30:00,0.0,4.677322702774806e-05,21.101629014991804,1885.618364077232,0.18633333333333332,
2022-07-07 21:00:00,0.0,4.381194643932356e-05,19.20229108228344,1715.8500016505927,0.18633333333333332,
2022-07-07 21:30:00,0.0,4.127444219376738e-05,15.736961529892548,1405.9864991753818,0.18633333333333332,
2022-07-07 22:00:00,0.0,4.0372945814983454e-05,13.85755649803715,1237.2125201237486,0.18533333333333332,
2022-07-07 22:30:00,0.0,3.921747894829718e-05,10.680225626696798,953.8913741232416,0.18533333333333332,
2022-07-07 23:00:00,0.0,3.838583573054792e-05,8.363696848510857,746.6328813301627,0.18633333333333332,
2022-07-07 23:30:00,0.0,0.032800711244084,6.727658638517325,600.9326942535778,0.18633333333333332,
2022-07-08 00:00:00,0.0,0.0346327933268321,5.709087434272974,509.591816478063,0.18699999999999997,
2022-07-08 00:30:00,0.0,0.0317484145606604,5.292752968553705,472.0121227316856,0.18699999999999997,
2022-07-08 01:00:00,0.0,0.0312315887461549,5.067258030209872,451.8581602482779,0.18733333333333332,
2022-07-08 01:30:00,0.0,0.0297180069461253,4.209581187054464,375.7199685713101,0.18733333333333332,
2022-07-08 02:00:00,0.0,0.0289029406115801,3.002903314814218,267.983562655304,0.18733333333333332,
2022-07-08 02:30:00,0.0,0.0255312244222854,2.905409179173381,259.34627319491904,0.18733333333333332,
2022-07-08 03:00:00,0.0,0.0429724855661855,2.61087468504362,233.10494738102028,0.18766666666666665,
2022-07-08 03:30:00,0.0,0.0300841413481716,2.0291019287424867,181.1284998505441,0.18766666666666665,
2022-07-08 04:00:00,0.0,3.9175080635699856e-05,1.8098652010847027,161.66800877736202,0.18766666666666665,
2022-07-08 04:30:00,0.0,0.056466643290389,-0.1737985699744054,-15.20079062572982,0.18766666666666665,
2022-07-08 05:00:00,0.0,0.0372497330917339,4.595621208079833,410.0153160311093,0.18733333333333332,
2022-07-08 05:30:00,0.0,0.0601549691372661,3.229083451594829,288.0950370998813,0.18733333333333332,
2022-07-08 06:00:00,0.0,0.0548431213239464,1.2280759907934389,109.70756722938438,0.18699999999999997,
2022-07-08 06:30:00,0.0,0.0780239039515631,3.5013148766160596,312.5290291108919,0.18699999999999997,
2022-07-08 07:00:00,0.0,0.0844226133828384,6.061323277275675,540.4403668479844,0.18666666666666665,
2022-07-08 07:30:00,0.0,0.0576028848084487,7.859279011527276,701.0170348410394,0.18666666666666665,
2022-07-08 08:00:00,0.0,0.0997330606455445,7.941647196915592,709.0022507387172,0.18599999999999997,
2022-07-08 08:30:00,0.0,0.0827708423850705,9.072414022904958,809.7249445642426,0.18599999999999997,
2022-07-08 09:00:00,0.0,3.834218123900825e-05,12.255098965115154,1093.8573673982942,0.18566666666666665,
2022-07-08 09:30:00,0.0,3.6878242607111736e-05,11.56447909728014,1031.9279799402927,0.18566666666666665,
2022-07-08 10:00:00,0.0,0.0010226482521515,11.881263436299504,1060.7480005579832,0.18499999999999997,
2022-07-08 10:30:00,0.0,0.0012122968757244,13.653225212716556,1219.214381067752,0.18499999999999997,
2022-07-08 11:00:00,0.0,0.3622460497554011,24.779266551714215,2214.402426719141,0.18466666666666667,
2022-07-08 11:30:00,0.0,0.3891370473821351,27.76288012760639,2483.108000177755,0.18466666666666667,
2022-07-08 12:00:00,0.0,0.3656542203498646,28.129180908649506,2517.940861097201,0.18333333333333335,
2022-07-08 12:30:00,0.0,0.4881872040817843,28.492780696392508,2552.0420676505883,0.18333333333333335,
2022-07-08 13:00:00,0.0,0.4148043347239983,28.48472960020574,2551.760824240882,0.18166666666666667,
2022-07-08 13:30:00,0.0,0.3984111650704282,27.1048094314387,2426.564076700328,0.18166666666666667,
2022-07-08 14:00:00,0.0,0.2492906571358035,27.154476171597192,2429.706890269614,0.18000000000000002,
2022-07-08 14:30:00,0.0,0.2594142060331426,27.582797516134853,2466.526603652372,0.18000000000000002,
2022-07-08 15:00:00,0.0,0.2639907788257069,27.451408912279923,2455.6661115553607,0.17900000000000002,
2022-07-08 15:30:00,0.0,0.2900533922130452,25.358721551455886,2269.3988569244766,0.17900000000000002,
2022-07-08 16:00:00,0.0,0.5226639959156211,25.26408686600116,2261.1439481164807,0.17866666666666667,
2022-07-08 16:30:00,0.0,0.4650107858280273,23.722588441733055,2125.691082704468,0.17866666666666667,
2022-07-08 17:00:00,0.0,0.5525925545731357,28.129180908649506,2517.101865742484,0.17766666666666667,
2022-07-08 17:30:00,0.0,0.548698770178332,29.069075080909883,2600.4188928448143,0.17766666666666667,
2022-07-08 18:00:00,0.0,0.2646743485279558,27.005321946743724,2416.886909169103,0.17600000000000002,
2022-07-08 18:30:00,0.0,0.2962120346391154,27.369110151924456,2447.5179619803894,0.17600000000000002,
2022-07-08 19:00:00,0.0,0.1940424699750321,32.5540859263684,2905.85658220502,0.17600000000000002,
2022-07-08 19:30:00,0.0,0.1726261211271246,22.89513985074745,2048.4532429859237,0.17600000000000002,
2022-07-08 20:00:00,0.0,0.182603007593616,21.342116010748686,1908.45356863477,0.17566666666666667,
2022-07-08 20:30:00,0.0,0.1607018900932694,23.935922783846117,2137.5342581062414,0.17566666666666667,
2022-07-08 21:00:00,0.0,0.0718633495494882,19.86622793827964,1774.2165649669366,0.17500000000000002,
2022-07-08 21:30:00,0.0,0.0650926470744782,15.207518884181791,1358.1851529636187,0.17500000000000002,
2022-07-08 22:00:00,0.0,0.0385380384999542,12.589239665583356,1123.6359779453323,0.17500000000000002,
2022-07-08 22:30:00,0.0,3.586361836441259e-05,9.5318029245431,850.6763059919429,0.17500000000000002,
2022-07-08 23:00:00,0.0,0.0334442254756788,8.092086127193856,722.3300737752832,0.17633333333333334,
2022-07-08 23:30:00,0.0,3.383853668811971e-05,6.452656468131521,575.8417410536009,0.17633333333333334,
2022-07-09 00:00:00,0.0,3.3432409920585494e-05,4.331502194385393,386.62482147564066,0.17700000000000002,
2022-07-09 00:30:00,0.0,3.327119776282683e-05,4.16334784607944,371.4576875978306,0.17700000000000002,
2022-07-09 01:00:00,0.0,0.0257528885680525,3.370518877172278,300.8385793435413,0.17733333333333334,
2022-07-09 01:30:00,0.0,0.0233604766122983,3.370518877172278,300.40431927699285,0.17733333333333334,
2022-07-09 02:00:00,0.0,0.0330545031417906,2.3757122546891027,212.00252637253976,0.17733333333333334,
2022-07-09 02:30:00,0.0,0.0227750492739728,2.6034561698622793,231.84506568428975,0.17733333333333334,
2022-07-09 03:00:00,0.0,0.0242136346101554,1.997460895891522,178.1332694949717,0.17733333333333334,
2022-07-09 03:30:00,0.0,0.0220798087587343,1.496174641279992,133.83476532120906,0.17733333333333334,
2022-07-09 04:00:00,0.0,0.0235689269701817,1.3439876410273754,119.8509627026534,0.17766666666666667,
2022-07-09 04:30:00,0.0,3.235220977632475e-05,1.1909493631721615,106.3055032475977,0.17766666666666667,
2022-07-09 05:00:00,0.0,3.262987295419592e-05,2.1790077622890665,194.2792645451348,0.17733333333333334,
2022-07-09 05:30:00,0.0,3.117315308598607e-05,1.3439876410273754,119.77494751113306,0.17733333333333334,
2022-07-09 06:00:00,0.0,0.0255379678089156,0.2718230215926209,24.15937009482728,0.17733333333333334,
2022-07-09 06:30:00,0.0,3.259057729906609e-05,1.7646626105744037,157.11978361001454,0.17733333333333334,
2022-07-09 07:00:00,0.0,0.0003500373318685,3.5434013898655627,316.0468518629043,0.17700000000000002,
2022-07-09 07:30:00,0.0,0.0003602780972362,4.875062855257622,435.0360255103119,0.17700000000000002,
2022-07-09 08:00:00,0.0,0.0037032687710591,7.968476607808431,711.2027666657243,0.17666666666666667,
2022-07-09 08:30:00,0.0,0.0039848097519388,9.1981514015968,820.8302140647071,0.17666666666666667,
2022-07-09 09:00:00,0.0,0.0047734578725153,14.514160300306846,1295.683320790898,0.17566666666666667,
2022-07-09 09:30:00,0.0,0.1005056039078167,17.82288920400521,1591.5861506711678,0.17566666666666667,
2022-07-09 10:00:00,0.0,0.1099573618323365,21.63128160532221,1932.101686100008,0.17466666666666666,
2022-07-09 10:30:00,0.0,0.2193778589381051,25.924988873184812,2316.8035799254963,0.17466666666666666,
2022-07-09 11:00:00,0.0,0.4214350843306592,27.30091550673022,2442.5048105761566,0.17366666666666666,
2022-07-09 11:30:00,0.0,0.4430348204463873,27.154501970636247,2430.5781300796793,0.17366666666666666,
2022-07-09 12:00:00,0.0,0.4852914162992294,27.809910676357635,2490.3820617355973,0.17266666666666666,
2022-07-09 12:30:00,0.0,0.4977231810058044,28.7335268895731,2572.68481132195,0.17266666666666666,
2022-07-09 13:00:00,0.0,0.4497024257741309,28.472521509357765,2550.205281882298,0.17066666666666666,
2022-07-09 13:30:00,0.0,0.59227838833002,27.28466923006355,2443.112883452682,0.17066666666666666,
2022-07-09 14:00:00,0.0,0.5274378477694845,27.640836100316267,2474.7616756486686,0.16933333333333334,
2022-07-09 14:30:00,0.0,0.4390904138437393,27.970392912824742,2502.531163111028,0.16933333333333334,
2022-07-09 15:00:00,0.0,0.147534329016657,27.040316639169305,2417.802058683835,0.16933333333333334,
2022-07-09 15:30:00,0.0,0.1479845366458404,24.62793962136053,2201.860120414348,0.16933333333333334,
2022-07-09 16:00:00,0.0,0.3723795081105722,27.317156329048363,2441.1822917417157,0.16766666666666666,
2022-07-09 16:30:00,0.0,0.4182589651676587,24.893712146511028,2226.349299914707,0.16766666666666666,
2022-07-09 17:00:00,0.0,0.4604100794096047,25.707123065326915,2298.868810058196,0.16766666666666666,
2022-07-09 17:30:00,0.0,0.4529870204845354,29.96478524503983,2676.927979249968,0.16766666666666666,
2022-07-09 18:00:00,0.0,0.2188770732873645,22.50611249957523,2015.9354678915615,0.16566666666666666,
2022-07-09 18:30:00,0.0,0.4645430000995438,26.65498046903058,2383.333354828935,0.16566666666666666,
2022-07-09 19:00:00,0.0,0.3172268578118652,27.18707670722861,2430.179355659338,0.16433333333333333,
2022-07-09 19:30:00,0.0,0.2681279864107034,25.310681423550296,2263.02918298069,0.16433333333333333,
2022-07-09 20:00:00,0.0,0.1030882502522576,22.695128354039763,2027.546601292792,0.16466666666666666,
2022-07-09 20:30:00,0.0,0.100417456010377,17.974369573004893,1604.5505655168158,0.16466666666666666,
2022-07-09 21:00:00,0.0,4.260172388202845e-05,14.503094522680795,1294.657209499266,0.16366666666666665,
2022-07-09 21:30:00,0.0,0.063185467249234,11.451223795105328,1022.1780208217862,0.16366666666666665,
2022-07-09 22:00:00,0.0,0.0691360110752008,9.687085442894396,864.898403464364,0.16433333333333333,
2022-07-09 22:30:00,0.0,3.666573640149513e-05,7.968476607808431,710.9663672311041,0.16433333333333333,
2022-07-09 23:00:00,0.0,3.511241543644672e-05,5.657253318922832,504.9610438002991,0.165,
2022-07-09 23:30:00,0.0,3.396117416792823e-05,4.755151614339913,424.45894707873975,0.165,
2022-07-10 00:00:00,0.0,3.279065826222133e-05,3.914572405976553,348.6583937222583,0.16533333333333333,
2022-07-10 00:30:00,0.0,3.144557613994091e-05,3.0015929083722797,267.3648750402867,0.16533333333333333,
2022-07-10 01:00:00,0.0,3.0476424600834423e-05,1.9111364067804888,170.52618769467873,0.16566666666666666,
2022-07-10 01:30:00,0.0,0.0246854556511268,1.6647099241714072,148.76802594429833,0.16566666666666666,
2022-07-10 02:00:00,0.0,3.168104669226165e-05,1.4991905074533225,133.48537090602383,0.16633333333333333,
2022-07-10 02:30:00,0.0,2.959832938613145e-05,0.8609226430798872,76.61159183248658,0.16633333333333333,
2022-07-10 03:00:00,0.0,2.8996997763214526e-05,1.047225541053409,93.07861669134158,0.16666666666666666,
2022-07-10 03:30:00,0.0,2.8883783507465197e-05,0.0676457977588253,6.180176566254374,0.16666666666666666,
2022-07-10 04:00:00,0.0,2.8252483396265985e-05,0.2420927285570156,21.313819606766614,0.167,
2022-07-10 04:30:00,0.0,2.8252483396265985e-05,0.2768467678647967,24.764904567586623,0.167,
2022-07-10 05:00:00,0.0,0.0238793804749583,0.5704614078173866,50.58528375136815,0.16666666666666666,
2022-07-10 05:30:00,0.0,2.877237961025713e-05,-0.0551447598709785,-4.826157360941867,0.16666666666666666,
2022-07-10 06:00:00,0.0,2.8363972230347037e-05,0.3808406836124671,33.74769781926649,0.167,
2022-07-10 06:30:00,0.0,3.0399844855890523e-05,0.5532780468389386,49.15264499543855,0.167,
2022-07-10 07:00:00,0.0,3.113345954710823e-05,1.9274867825539677,171.6662867363264,0.167,
2022-07-10 07:30:00,0.0,3.4165093201904455e-05,3.9754196495115552,354.45270260578997,0.167,
2022-07-10 08:00:00,0.0,0.0034926954622851,6.408095528711399,571.7478094099902,0.16633333333333333,
2022-07-10 08:30:00,0.0,0.0035333241750987,10.240669531115294,913.9840027646892,0.16633333333333333,
2022-07-10 09:00:00,0.0,0.0866862811207505,13.20537305551798,1178.7489194128543,0.16533333333333333,
2022-07-10 09:30:00,0.0,0.0115204304044977,17.252589386650076,1540.1135795839143,0.16533333333333333,
2022-07-10 10:00:00,0.0,4.050824563260603e-05,19.146965527642937,1709.9857440334065,0.165,
2022-07-10 10:30:00,0.0,0.0641844770722281,23.995013306570172,2144.8322095089857,0.165,
2022-07-10 11:00:00,0.0,0.1145638872380442,24.422274473194044,2182.574126253835,0.16366666666666665,
2022-07-10 11:30:00,0.0,0.1199413010781537,24.75275472678085,2213.103344135322,0.16366666666666665,
2022-07-10 12:00:00,0.0,0.1407299400617056,25.90338418643549,2315.4801926372716,0.16266666666666665,
2022-07-10 12:30:00,0.0,0.3415719285414291,25.8044554764264,2307.398349526907,0.16266666666666665,
2022-07-10 13:00:00,0.0,0.401042838225688,26.500755135805047,2369.967650221118,0.16166666666666665,
2022-07-10 13:30:00,0.0,0.4930065945860786,26.8249152275193,2399.1421306130565,0.16166666666666665,
2022-07-10 14:00:00,0.0,0.4772031981417107,28.71005062146339,2568.2547505793814,0.16033333333333333,
2022-07-10 14:30:00,0.0,0.4398684383410606,28.249433141673418,2526.635401656592,0.16033333333333333,
2022-07-10 15:00:00,0.0,0.3505391886557276,26.687416443871705,2387.186973205013,0.16033333333333333,
2022-07-10 15:30:00,0.0,0.2548519495138677,24.820249616644492,2218.93541832815,0.16033333333333333,
2022-07-10 16:00:00,0.0,0.2351114147314076,26.207107086366403,2342.122264603895,0.159,
2022-07-10 16:30:00,0.0,0.238425280336334,25.198063808819047,2252.1510107851136,0.159,
2022-07-10 17:00:00,0.0,0.3031214701259614,25.464856232724888,2276.4439721253907,0.158,
2022-07-10 17:30:00,0.0,0.3792877608599506,27.418893626869625,2448.9885825927217,0.158,
2022-07-10 18:00:00,0.0,0.3804116503144209,28.865231339675685,2578.3722272538225,0.15666666666666668,
2022-07-10 18:30:00,0.0,0.3763923906075392,24.946534197433685,2231.444635754393,0.15666666666666668,
2022-07-10 19:00:00,0.0,0.3386724594040509,25.70531678411597,2299.029778324644,0.15566666666666668,
2022-07-10 19:30:00,0.0,0.4156568028941169,28.671180099776667,2561.1414137633296,0.15566666666666668,
2022-07-10 20:00:00,0.0,0.1117380074596739,23.328930100153663,2085.5939210142215,0.156,
2022-07-10 20:30:00,0.0,0.1084015363624785,23.41600241935277,2091.83815128814,0.156,
2022-07-10 21:00:00,0.0,0.1001718641643646,21.676767705883577,1935.784800606869,0.15533333333333335,
2022-07-10 21:30:00,0.0,0.0966970989768597,16.102596270632056,1438.7804962871314,0.15533333333333335,
2022-07-10 22:00:00,0.0,0.0952036337001401,12.30019074549156,1098.1436044897073,0.15466666666666667,
2022-07-10 22:30:00,0.0,0.0644052836911404,7.85482735090278,701.4925259149852,0.15466666666666667,
2022-07-10 23:00:00,0.0,0.0610953428046742,7.801463900716589,695.8546997155711,0.15533333333333335,
2022-07-10 23:30:00,0.0,3.847323793770416e-05,6.727944607031886,599.9183012116183,0.15533333333333335,
2022-07-11 00:00:00,0.0,3.756351760627554e-05,5.700193146560504,508.53384245240807,0.156,
2022-07-11 00:30:00,0.0,0.0473895669575946,4.71662069524982,420.6065739321552,0.156,
2022-07-11 01:00:00,0.0,0.0575855435532784,3.9602337747925103,353.57281053519927,0.15633333333333335,
2022-07-11 01:30:00,0.0,3.851698563857494e-05,4.0367758632487885,359.670806293313,0.15633333333333335,
2022-07-11 02:00:00,0.0,3.641000309885901e-05,3.340373864675016,297.68658998748475,0.15666666666666668,
2022-07-11 02:30:00,0.0,3.615716633737405e-05,3.15173953229144,280.9628586318848,0.15666666666666668,
2022-07-11 03:00:00,0.0,3.624131975377748e-05,1.7944502059777183,160.04421689691878,0.15666666666666668,
2022-07-11 03:30:00,0.0,3.4987072144068906e-05,2.9300571363748635,261.2508536609696,0.15666666666666668,
2022-07-11 04:00:00,0.0,3.586361836441259e-05,2.5620161641461445,228.4993919128577,0.15666666666666668,
2022-07-11 04:30:00,0.0,3.323138986250876e-05,0.8853117581038846,78.88680510036167,0.15666666666666668,
2022-07-11 05:00:00,0.0,3.3432409920585494e-05,1.4276981214820803,127.05231079435907,0.15633333333333335,
2022-07-11 05:30:00,0.0,3.666573640149513e-05,1.004884321761965,89.39113173631459,0.15633333333333335,
2022-07-11 06:00:00,0.0,3.5905459563835916e-05,0.1213787894786675,10.78565440546309,0.15633333333333335,
2022-07-11 06:30:00,0.0,0.0478733227837363,1.7613105339977635,157.12065987156825,0.15633333333333335,
2022-07-11 07:00:00,0.0,3.469801230712109e-05,2.400472750079292,214.10245549561745,0.15633333333333335,
2022-07-11 07:30:00,0.0,0.0490641304112543,3.183266342083533,284.0559116840928,0.15633333333333335,
2022-07-11 08:00:00,0.0,0.0720217230126137,6.158588743439667,548.9633841633718,0.156,
2022-07-11 08:30:00,0.0,0.0534365383600826,7.206146939680179,642.925407429677,0.156,
2022-07-11 09:00:00,0.0,0.0559829829182032,8.54902225157985,762.5929640393583,0.15566666666666668,
2022-07-11 09:30:00,0.0,0.0572015111080509,9.773300848255554,872.2800731418913,0.15566666666666668,
2022-07-11 10:00:00,0.0,0.0644478557206239,14.014615328414484,1250.660265055797,0.155,
2022-07-11 10:30:00,0.0,0.0748463706399902,20.12998518556642,1797.1373021682512,0.155,
2022-07-11 11:00:00,0.0,0.341851334699568,24.527168632331986,2192.349092497084,0.15466666666666667,
2022-07-11 11:30:00,0.0,0.370929068250453,28.028136377013276,2505.829648072636,0.15466666666666667,
2022-07-11 12:00:00,0.0,0.4304659249253346,27.24340102736501,2438.0770267903445,0.15333333333333335,
2022-07-11 12:30:00,0.0,0.3277401806497682,27.900874240652097,2495.9408704197813,0.15333333333333335,
2022-07-11 13:00:00,0.0,0.4704415866714477,27.621330494609055,2470.9114999777476,0.152,
2022-07-11 13:30:00,0.0,0.4718373460297713,24.23535769315234,2171.1592504116343,0.152,
2022-07-11 14:00:00,0.0,0.5117211342738741,27.789248416216125,2484.9428506587733,0.15,
2022-07-11 14:30:00,0.0,0.5376721051585955,25.189620856957227,2254.6091670032297,0.15,
2022-07-11 15:00:00,0.0,0.6528117519826799,26.870627602039807,2403.118048025533,0.149,
2022-07-11 15:30:00,0.0,0.5499724328916926,25.198051924562073,2254.7363182899853,0.149,
2022-07-11 16:00:00,0.0,0.5336661627382119,26.10796851887254,2334.4208046940676,0.14666666666666667,
2022-07-11 16:30:00,0.0,0.5674675228882529,25.58422642853043,2286.2428754820253,0.14666666666666667,
2022-07-11 17:00:00,0.0,0.5363051030233659,24.381498887010892,2180.391753123232,0.14466666666666667,
2022-07-11 17:30:00,0.0,0.3973570340175295,32.932328114826404,2937.8810597349907,0.14466666666666667,
2022-07-11 18:00:00,0.0,0.5149986490125575,21.159460249579908,1895.0755558891765,0.144,
2022-07-11 18:30:00,0.0,0.48251529907814,36.65906822282155,3267.7479343544346,0.144,
2022-07-11 19:00:00,0.0,0.4309543335090749,22.800337117252536,2039.5213742636815,0.14266666666666666,
2022-07-11 19:30:00,0.0,0.4300979682621959,25.508923586662437,2278.9883347552172,0.14266666666666666,
2022-07-11 20:00:00,0.0,0.1843310217186914,23.69830089502488,2117.649278718035,0.142,
2022-07-11 20:30:00,0.0,0.2107266820653873,24.595557298121673,2196.518380471563,0.142,
2022-07-11 21:00:00,0.0,0.1660098192081179,23.654706738537563,2111.8979170746097,0.142,
2022-07-11 21:30:00,0.0,0.1621394542078938,23.64598276729254,2107.843455282843,0.142,
2022-07-11 22:00:00,0.0,0.1595677367583353,16.364418282637786,1459.894607832225,0.142,
2022-07-11 22:30:00,0.0,0.1082727837537571,12.95144510555227,1155.3643276760563,0.142,
2022-07-11 23:00:00,0.0,0.1807519912328856,10.58470068543848,944.0931594221285,0.142,
2022-07-11 23:30:00,0.0,0.1763645831049498,9.32774475837178,832.0034197106081,0.142,
2022-07-12 00:00:00,0.0,0.1502996547025281,7.466659247585795,666.1536522625216,0.14166666666666666,
2022-07-12 00:30:00,0.0,0.1734158017931913,7.248102992854581,646.3759620847236,0.14166666666666666,
2022-07-12 01:00:00,0.0,0.171183111532331,6.638814672010738,591.8187815622133,0.142,
2022-07-12 01:30:00,0.0,0.1704649334664963,5.541760309901525,494.0822562946027,0.142,
2022-07-12 02:00:00,0.0,0.1443254621295391,5.191318754620514,462.955162335335,0.142,
2022-07-12 02:30:00,0.0,0.1671211388406714,4.74726457891737,423.4881865994737,0.142,
2022-07-12 03:00:00,0.0,0.1657387163785926,4.74726457891737,423.5920774713737,0.14166666666666666,
2022-07-12 03:30:00,0.0,0.1607867530531848,4.265978633167824,380.33581844293315,0.14166666666666666,
2022-07-12 04:00:00,0.0,0.1609861582737767,3.822735435047839,340.854489880895,0.14166666666666666,
2022-07-12 04:30:00,0.0,0.1331995490896239,4.205248118341028,374.8017766428892,0.14166666666666666,
2022-07-12 05:00:00,0.0,0.1556874127487308,3.026074407226914,269.6016217246249,0.14166666666666666,
2022-07-12 05:30:00,0.0,0.1268125478263629,3.544113222250614,315.96765524075795,0.14166666666666666,
2022-07-12 06:00:00,0.0,4.8495168331721855e-05,4.82174652292746,429.8427573273448,0.14033333333333334,
2022-07-12 06:30:00,0.0,0.0739522030567454,5.206004578341039,464.1408628374073,0.14033333333333334,
2022-07-12 07:00:00,0.0,4.218798386732919e-05,6.130945033389328,546.5083961664459,0.14033333333333334,
2022-07-12 07:30:00,0.0,4.0777784320328945e-05,7.165737640310545,639.0349061618897,0.14033333333333334,
2022-07-12 08:00:00,0.0,0.0539155149629811,11.135621556475687,993.64617094537,0.141,
2022-07-12 08:30:00,0.0,0.0595633263809702,13.926208873004205,1242.9724072567412,0.141,
2022-07-12 09:00:00,0.0,0.0099062380828598,17.313610838868318,1545.9100598600949,0.13999999999999999,
2022-07-12 09:30:00,0.0,0.0110780760966207,19.481227286804536,1740.1766085425538,0.13999999999999999,
2022-07-12 10:00:00,0.0,0.2956069566163724,23.305288526784405,2082.155953703536,0.13899999999999998,
2022-07-12 10:30:00,0.0,0.3291702965735498,25.92665202071605,2317.424194866544,0.13899999999999998,
2022-07-12 11:00:00,0.0,0.4625755368891054,27.15544521698968,2429.224796108689,0.13733333333333334,
2022-07-12 11:30:00,0.0,0.47683629195222,27.76622462787199,2484.7680998933283,0.13733333333333334,
2022-07-12 12:00:00,0.0,0.7082294104960128,27.163531990038628,2431.5541576762207,0.13633333333333333,
2022-07-12 12:30:00,0.0,0.5718446127360458,28.116371000445163,2515.8006331894408,0.13633333333333333,
2022-07-12 13:00:00,0.0,0.6206454437261021,29.884727229973045,2672.818378501732,0.13466666666666666,
2022-07-12 13:30:00,0.0,0.6313695070362386,27.670294274611283,2475.1221195323515,0.13466666666666666,
2022-07-12 14:00:00,0.0,0.8003799430019019,26.78197545321338,2395.7252837427627,0.13366666666666666,
2022-07-12 14:30:00,0.0,0.696366758697659,27.42963902605117,2453.5661850862434,0.13366666666666666,
2022-07-12 15:00:00,0.0,0.6439581974223549,26.659559356539933,2384.7857233889413,0.132,
2022-07-12 15:30:00,0.0,0.6553525000274941,29.25307215596253,2615.357386234009,0.132,
2022-07-12 16:00:00,0.0,0.6814386300647964,26.356246384868133,2356.309647237922,0.13066666666666668,
2022-07-12 16:30:00,0.0,0.8282686383674484,24.80951294882281,2218.1114629425197,0.13066666666666668,
2022-07-12 17:00:00,0.0,0.4190164328380225,22.300241828443983,1996.628038179518,0.12933333333333333,
2022-07-12 17:30:00,0.0,0.624794302292479,23.550796886577864,2106.793043586715,0.12933333333333333,
2022-07-12 18:00:00,0.0,0.5666702629110094,26.47944475031484,2365.6560740099576,0.12866666666666668,
2022-07-12 18:30:00,0.0,0.556980099368675,23.38435101073908,2091.6021477480513,0.12866666666666668,
2022-07-12 19:00:00,0.0,0.6849384067786758,24.037773831358052,2149.2732179421937,0.12766666666666668,
2022-07-12 19:30:00,0.0,0.4999975804017088,24.664743886634284,2205.881107236606,0.12766666666666668,
2022-07-12 20:00:00,0.0,0.2201694786840186,25.35885685882948,2266.475094720651,0.126,
2022-07-12 20:30:00,0.0,0.2108265453366155,22.881199329532244,2046.5215201579124,0.126,
2022-07-12 21:00:00,0.0,0.1228567664887988,19.03574583167222,1703.137920821283,0.12566666666666668,
2022-07-12 21:30:00,0.0,0.1000350737098493,17.698501450315053,1580.7939214395644,0.12566666666666668,
2022-07-12 22:00:00,0.0,0.0901355976306584,16.479916763054483,1470.8444599326992,0.12533333333333332,
2022-07-12 22:30:00,0.0,0.0815794428754086,12.232623423361185,1091.800588676599,0.12533333333333332,
2022-07-12 23:00:00,0.0,0.1190918908150096,11.256627917250634,1004.1469549022912,0.12466666666666666,
2022-07-12 23:30:00,0.0,0.1071713578643377,10.051028594725375,896.4544164650276,0.12466666666666666,
2022-07-13 00:00:00,0.0,0.1080638265222819,7.194018892703914,642.2558644770818,0.12533333333333332,
2022-07-13 00:30:00,0.0,0.1017819172221253,5.730649321057517,511.60317441832655,0.12533333333333332,
2022-07-13 01:00:00,0.0,0.0962464420211057,6.2028010707509305,553.1405549916055,0.12566666666666668,
2022-07-13 01:30:00,0.0,0.0975076238906755,4.553506897836131,406.83218838251224,0.12566666666666668,
2022-07-13 02:00:00,0.0,0.0930156935313159,4.6733879585093865,416.77344445373194,0.12633333333333333,
2022-07-13 02:30:00,0.0,0.0875938355491627,4.970936927831271,443.3548437638246,0.12633333333333333,
2022-07-13 03:00:00,0.0,0.061068000110595,2.369643964981862,211.84879622739768,0.12633333333333333,
2022-07-13 03:30:00,0.0,0.0872040587068897,4.206045074749746,374.6130322778152,0.12633333333333333,
2022-07-13 04:00:00,0.0,0.0795341760961243,3.0427096159706895,271.4535610229081,0.12633333333333333,
2022-07-13 04:30:00,0.0,0.0762815834916518,2.7082021778121055,241.3935049350608,0.12633333333333333,
2022-07-13 05:00:00,0.0,0.0568183481148373,1.9611465208302432,174.95125123551028,0.12633333333333333,
2022-07-13 05:30:00,0.0,0.0653072772777858,1.8125980540384177,161.77853974827693,0.12633333333333333,
2022-07-13 06:00:00,0.0,0.0881589883751519,3.3262953399347124,296.31087142804313,0.12633333333333333,
2022-07-13 06:30:00,0.0,0.0501984199104071,2.3209407495894556,206.9867459021467,0.12633333333333333,
2022-07-13 07:00:00,0.0,0.0356975555734437,3.1848591901131797,284.4415538170079,0.12566666666666668,
2022-07-13 07:30:00,0.0,0.0303397934465286,3.373283710885929,301.07523059924006,0.12566666666666668,
2022-07-13 08:00:00,0.0,3.548673107177264e-05,4.372746103748082,390.2318435380909,0.12633333333333333,
2022-07-13 08:30:00,0.0,3.6835678740633714e-05,6.681550851343591,595.4412703093776,0.12633333333333333,
2022-07-13 09:00:00,0.0,3.756351760627554e-05,7.248904400206782,646.8479290030828,0.12666666666666668,
2022-07-13 09:30:00,0.0,3.9439148086964545e-05,8.903447506111329,794.158123527221,0.12666666666666668,
2022-07-13 10:00:00,0.0,0.0436377244921455,12.49054397073663,1114.595929699415,0.126,
2022-07-13 10:30:00,0.0,0.0554187665657416,18.74335501664193,1673.4626833590353,0.126,
2022-07-13 11:00:00,0.0,0.2213677846839696,22.81100090904541,2037.6750348026524,0.12533333333333332,
2022-07-13 11:30:00,0.0,0.2439358920166977,26.660478135898728,2382.2640791854787,0.12533333333333332,
2022-07-13 12:00:00,0.0,0.2855639781706126,26.709482719651447,2389.025771324601,0.124,
2022-07-13 12:30:00,0.0,0.3416891097797385,28.692812583810525,2566.449151613839,0.124,
2022-07-13 13:00:00,0.0,0.1752868824156654,28.38617954280544,2537.83455501358,0.123,
2022-07-13 13:30:00,0.6,0.0846316746218982,25.719618040664248,2298.6069205856825,0.123,
2022-07-13 14:00:00,0.2,0.0287006705842802,19.702984601298596,1758.9863628552234,0.11933333333333333,
2022-07-13 14:30:00,0.0,0.0588850438243389,22.265114480159767,1990.014965581869,0.11933333333333333,
2022-07-13 15:00:00,0.0,0.2239416068273088,26.929383429248418,2406.5017572012302,0.122,
2022-07-13 15:30:00,0.0,0.2114290350877357,25.611118663164525,2289.4927149951977,0.122,
2022-07-13 16:00:00,0.0,0.4167473254947687,27.815048943152327,2488.275505767612,0.122,
2022-07-13 16:30:00,0.0,0.4737512702135543,26.051889755130905,2331.8563808981544,0.122,
2022-07-13 17:00:00,0.0,0.5523904460177437,25.836181797870772,2312.386340229219,0.12166666666666666,
2022-07-13 17:30:00,0.0,0.5459477124890699,27.599150140948677,2469.7043575806915,0.12166666666666666,
2022-07-13 18:00:00,0.0,0.586759908758419,26.414695328298876,2365.85567892705,0.12066666666666666,
2022-07-13 18:30:00,0.0,0.4578436597893568,26.217147348265932,2347.371794586636,0.12066666666666666,
2022-07-13 19:00:00,0.0,0.542436389383219,25.081685063018806,2245.9833689172233,0.12,
2022-07-13 19:30:00,0.0,0.3976114181252349,25.334553110865414,2267.159679979701,0.12,
2022-07-13 20:00:00,0.0,0.1275212877172078,25.25041788928864,2258.351631289046,0.11866666666666666,
2022-07-13 20:30:00,0.0,5.764168374072009e-05,25.769609585879653,2303.022268759199,0.11866666666666666,
2022-07-13 21:00:00,0.0,0.0516934555341332,22.373049097782,1999.6639761807448,0.11866666666666666,
2022-07-13 21:30:00,0.0,0.0390998539419323,17.41611984720376,1555.279984304135,0.11866666666666666,
2022-07-13 22:00:00,0.0,0.0335407127920845,13.477428590717766,1202.7986518827122,0.11699999999999999,
2022-07-13 22:30:00,0.0,4.154705277411804e-05,9.342175762608733,834.2992655330561,0.11699999999999999,
2022-07-13 23:00:00,0.0,4.032978325072914e-05,8.471684015760147,755.800869029165,0.11733333333333333,
2022-07-13 23:30:00,0.0,3.965973253870246e-05,6.060517255271493,540.7600488986399,0.11733333333333333,
2022-07-14 00:00:00,0.0,0.0205021322236242,5.860965376962294,522.7373588211681,0.118,
2022-07-14 00:30:00,0.0,0.0185214343673205,3.962624129555048,354.0184543888605,0.118,
2022-07-14 01:00:00,0.0,0.0161528001772739,4.388650012031638,391.11601358119896,0.11866666666666666,
2022-07-14 01:30:00,0.0,0.0153168376332968,2.9006340143585856,258.86931301888006,0.11866666666666666,
2022-07-14 02:00:00,0.0,3.3432409920585494e-05,1.9290012195813409,171.88078917862444,0.11933333333333333,
2022-07-14 02:30:00,0.0,0.012942304160529,1.846474487922671,164.70662187304862,0.11933333333333333,
2022-07-14 03:00:00,0.0,0.0132339846615936,0.8019707413826296,72.09629217304543,0.12,
2022-07-14 03:30:00,0.0,3.140724455409311e-05,1.0923633468804912,97.19193352864076,0.12,
2022-07-14 04:00:00,0.0,3.0940246868121084e-05,0.956094153086941,85.10666714446951,0.12033333333333333,
2022-07-14 04:30:00,0.0,2.9675055420673333e-05,0.6124009612516925,54.51686477600367,0.12033333333333333,
2022-07-14 05:00:00,0.0,2.959832938613145e-05,0.4910707833991003,43.48346384210632,0.12033333333333333,
2022-07-14 05:30:00,0.0,2.9485025759073216e-05,-0.1061435234723784,-9.244137344812176,0.12033333333333333,
2022-07-14 06:00:00,0.0,0.0091973920104793,-0.3022405958221243,-26.8243157481586,0.12066666666666666,
2022-07-14 06:30:00,0.0,0.0117350230417556,0.10615595745018,9.589894492375418,0.12066666666666666,
2022-07-14 07:00:00,0.0,0.0133990056260461,1.4971355755898268,133.34411182264603,0.12066666666666666,
2022-07-14 07:30:00,0.0,0.0178020322228861,2.964222440129782,264.4665665046624,0.12066666666666666,
2022-07-14 08:00:00,0.0,0.0211474072916107,4.267572640518747,380.94183724554296,0.12066666666666666,
2022-07-14 08:30:00,0.0,3.2510446819210245e-05,5.889670087362748,525.5629155788021,0.12066666666666666,
2022-07-14 09:00:00,0.0,3.3798281318612486e-05,8.274238449337982,738.5924398111218,0.12066666666666666,
2022-07-14 09:30:00,0.0,3.603117163951886e-05,10.265011707198694,916.278710045844,0.12066666666666666,
2022-07-14 10:00:00,0.0,4.489792263814394e-05,12.850379232193834,1146.795270099589,0.12,
2022-07-14 10:30:00,0.0,0.1684520286128405,19.50220340898724,1743.6432986899383,0.12,
2022-07-14 11:00:00,0.0,0.4301993883932771,27.69615154710381,2474.819507701933,0.12,
2022-07-14 11:30:00,0.0,0.4440124086898627,28.53673743883676,2552.880913310296,0.12,
2022-07-14 12:00:00,0.0,0.6886187773066428,29.285955218546764,2618.896869794032,0.119,
2022-07-14 12:30:00,0.0,0.6154699262001089,28.56032098435016,2555.4590294698864,0.119,
2022-07-14 13:00:00,0.0,0.6315131536303044,27.18154874367374,2433.2194662822017,0.11766666666666666,
2022-07-14 13:30:00,0.0,0.5259393961140182,28.022987024546588,2506.8168085167035,0.11766666666666666,
2022-07-14 14:00:00,0.0,0.5485834793960652,27.568011001521363,2465.212199543971,0.11599999999999999,
2022-07-14 14:30:00,0.0,0.5793351899997657,27.342949505149985,2445.3681958970888,0.11599999999999999,
2022-07-14 15:00:00,0.0,0.5914398072709353,27.76808301188383,2482.549239106858,0.11599999999999999,
2022-07-14 15:30:00,0.0,0.7479504456639676,27.367113236109287,2447.647663873739,0.11599999999999999,
2022-07-14 16:00:00,0.0,0.6057121305564002,26.800114057121057,2396.344442273326,0.11433333333333334,
2022-07-14 16:30:00,0.0,0.8889160147955449,25.96166219848737,2320.9707770576224,0.11433333333333334,
2022-07-14 17:00:00,0.0,0.7059038116407644,23.324648979326085,2086.863042885691,0.11333333333333334,
2022-07-14 17:30:00,0.0,0.6951613005586895,25.116385978530836,2245.1459427680447,0.11333333333333334,
2022-07-14 18:00:00,0.0,0.6718046717750571,21.87697679539423,1957.8026098564137,0.11333333333333334,
2022-07-14 18:30:00,0.0,0.6993392789028654,30.03951613118964,2681.517049071922,0.11333333333333334,
2022-07-14 19:00:00,0.0,0.646200533622379,25.234478246837327,2255.0886770743564,0.112,
2022-07-14 19:30:00,0.0,0.6517197486069378,25.561865300213903,2283.475669365408,0.112,
2022-07-14 20:00:00,0.0,0.2135675634348079,25.42783276375691,2270.3072954256104,0.11066666666666668,
2022-07-14 20:30:00,0.0,0.2012284326487514,22.35596023809146,1997.2159536791935,0.11066666666666668,
2022-07-14 21:00:00,0.0,5.813503717256439e-05,20.9489257209,1870.937851479549,0.11033333333333334,
2022-07-14 21:30:00,0.0,0.0880701557771083,19.66551550909512,1754.7052362799288,0.11033333333333334,
2022-07-14 22:00:00,0.0,0.1156727889445316,15.883569714970388,1417.098359061437,0.10966666666666668,
2022-07-14 22:30:00,0.0,0.1069873982964231,11.70217973032628,1044.2778101337003,0.10966666666666668,
2022-07-14 23:00:00,0.0,0.1035472829585505,8.49882652050945,759.0734708864351,0.10866666666666668,
2022-07-14 23:30:00,0.0,0.0993357216597903,7.73927688623092,690.5805192239513,0.10866666666666668,
2022-07-15 00:00:00,0.0,0.0941609071991285,6.59922036305052,588.8101358991194,0.109,
2022-07-15 00:30:00,0.0,0.0904697735246157,5.7754823172817185,515.2604579546545,0.109,
2022-07-15 01:00:00,0.0,0.05969018281717,4.913265939638827,438.4627665639947,0.11,
2022-07-15 01:30:00,0.0,3.935038771034967e-05,3.5153753839048703,314.190011201476,0.11,
2022-07-15 02:00:00,0.0,3.704881103455631e-05,3.2179436543579087,287.2837865330694,0.11033333333333334,
2022-07-15 02:30:00,0.0,3.670817500645024e-05,3.0917654261769547,275.6835709762886,0.11033333333333334,
2022-07-15 03:00:00,0.0,3.582180858518088e-05,3.5465028923474575,316.0307507614872,0.11066666666666668,
2022-07-15 03:30:00,0.0,3.482268077466148e-05,2.709794862174133,241.43972836487987,0.11066666666666668,
2022-07-15 04:00:00,0.0,3.4286814121211164e-05,1.9627393738049148,174.87061322069263,0.111,
2022-07-15 04:30:00,0.0,3.3392474329447656e-05,1.5481104343964205,138.28725560624775,0.111,
2022-07-15 05:00:00,0.0,0.0365146489846992,1.2118392796684347,108.20807514849268,0.11066666666666668,
2022-07-15 05:30:00,0.0,0.0340770088145759,1.0080719760583845,90.04218167690676,0.11066666666666668,
2022-07-15 06:00:00,0.0,0.0326190398778161,0.9910223790180516,88.37951650321588,0.11099999999999999,
2022-07-15 06:30:00,0.0,0.0324800950315683,0.6650306821544993,59.72691295635161,0.11099999999999999,
2022-07-15 07:00:00,0.0,0.0326898232259339,2.322533456347984,207.06935508983187,0.11133333333333333,
2022-07-15 07:30:00,0.0,0.0290747223746067,2.8217415449334218,251.96705160193997,0.11133333333333333,
2022-07-15 08:00:00,0.0,3.311050171962025e-05,3.577596267290544,319.25381470351607,0.11133333333333333,
2022-07-15 08:30:00,0.0,3.486373135510907e-05,4.13154438702727,369.0344650509431,0.11133333333333333,
2022-07-15 09:00:00,0.0,3.970431208349552e-05,6.65520043198678,593.9687267800405,0.11133333333333333,
2022-07-15 09:30:00,0.0,4.2417757719352605e-05,8.008720602595636,714.4699448139329,0.11133333333333333,
2022-07-15 10:00:00,0.0,5.030226398317015e-05,11.928680814303224,1064.659741249533,0.11133333333333333,
2022-07-15 10:30:00,0.0,0.1072435884876672,18.558204100180436,1658.0925446547358,0.11133333333333333,
2022-07-15 11:00:00,0.0,0.3333555495775957,25.142622015686168,2245.23142085404,0.11099999999999999,
2022-07-15 11:30:00,0.0,0.3563778779920083,25.77975773733234,2306.779535548412,0.11099999999999999,
2022-07-15 12:00:00,0.0,0.4061710964994093,26.36721778071632,2358.2044937250153,0.11,
2022-07-15 12:30:00,0.0,0.5759346045978289,26.735805093566142,2390.678080945863,0.11,
2022-07-15 13:00:00,0.0,0.6131887285631082,26.825472103097695,2399.3398716520182,0.10866666666666668,-2.4707188051560927
2022-07-15 13:30:00,0.0,0.7891043171367127,27.08537131495096,2422.441301454325,0.10866666666666668,-2.480909929747523
2022-07-15 14:00:00,0.0,0.6579494161829162,25.771430868263675,2304.668474986014,0.10833333333333334,-2.4911010543389533
2022-07-15 14:30:00,0.0,0.6829154575286497,25.696422081294056,2298.5831797652927,0.10833333333333334,-2.5012921789303837
2022-07-15 15:00:00,0.0,0.8627330718817333,25.252229865683766,2258.288952943984,0.10833333333333334,-2.511483303521814
2022-07-15 15:30:00,0.0,0.8420101395561179,25.210103871919863,2254.124483571476,0.10833333333333334,-3.0208269251402564
2022-07-15 16:00:00,0.0,0.8169797280689902,24.23894614605934,2166.988310339755,0.10733333333333334,-3.486432380663891
2022-07-15 16:30:00,0.0,0.8081656502629705,25.587862346932088,2286.265156416994,0.10733333333333334,-3.800790828734363
2022-07-15 17:00:00,0.0,0.6388940472156216,22.311882340108028,1996.084928684256,0.107,-3.770357689513681
2022-07-15 17:30:00,0.0,0.7756562274649456,28.27751102746985,2524.333970199898,0.107,-3.7399245502929985
2022-07-15 18:00:00,0.0,0.7371292613737054,25.17637531344124,2249.539646689893,0.10633333333333334,-3.709491411072316
2022-07-15 18:30:00,0.0,0.7363842774879955,28.49834290894666,2544.0369541237205,0.10633333333333334,-3.6790582718516336
2022-07-15 19:00:00,0.0,0.5102025462894527,24.075042519437417,2151.3939734493383,0.10566666666666667,
2022-07-15 19:30:00,0.0,0.4956156619520876,25.30273030220167,2259.631579173903,0.10566666666666667,
2022-07-15 20:00:00,0.0,0.2176239937119573,24.93109988789921,2226.455988322316,0.10433333333333333,
2022-07-15 20:30:00,0.0,0.2078505515843588,22.203787496519205,1983.6099610786905,0.10433333333333333,
2022-07-15 21:00:00,0.0,0.1240750777083298,23.175865495077055,2068.483875918379,0.10366666666666667,
2022-07-15 21:30:00,0.0,0.1259711794047053,14.493727214686642,1294.8708482895015,0.10366666666666667,
2022-07-15 22:00:00,0.0,0.1262274192295271,14.38364296784926,1282.3945506101024,0.103,
2022-07-15 22:30:00,0.0,0.0924107507603445,9.71326220315785,868.1152846912707,0.103,
2022-07-15 23:00:00,0.0,0.092935637223859,5.616640513686549,502.37541620620607,0.10166666666666667,
2022-07-15 23:30:00,0.0,0.0845828446102678,8.035456278148871,717.4785205369593,0.10166666666666667,
2022-07-16 00:00:00,0.0,0.0816346104373102,4.480719192346735,400.5591060191688,0.10166666666666667,
2022-07-16 00:30:00,0.0,0.0816397545478205,6.739775706973736,601.022984094646,0.10166666666666667,
2022-07-16 01:00:00,0.0,0.0935552974791617,6.191001417568891,551.9184618078327,0.10133333333333333,
2022-07-16 01:30:00,0.0,0.1036546922679536,5.89126787468223,525.0422655620965,0.10133333333333333,
2022-07-16 02:00:00,0.0,0.1029900209669786,2.4044544764391005,214.68518334042992,0.102,
2022-07-16 02:30:00,0.0,0.0872828719314832,2.7266110381654074,243.99661988415136,0.102,
2022-07-16 03:00:00,0.0,4.4612533458376417e-05,3.795098598484909,338.4664930594121,0.10233333333333333,
2022-07-16 03:30:00,0.0,0.0691540789796228,4.450592434682173,396.7054096189708,0.10233333333333333,
2022-07-16 04:00:00,0.0,0.0742642934631115,2.0949114098860457,186.91741957580624,0.10233333333333333,
2022-07-16 04:30:00,0.0,0.0886267423162444,0.1781463831947758,15.732194122447506,0.10233333333333333,
2022-07-16 05:00:00,0.0,4.775297734356797e-05,2.806572897178447,250.08912350703105,0.10233333333333333,
2022-07-16 05:30:00,0.0,0.0695368517898755,1.9635357999495504,175.2040641169969,0.10233333333333333,
2022-07-16 06:00:00,0.0,4.082312813270674e-05,2.2745410856204655,203.05328595564308,0.10233333333333333,
2022-07-16 06:30:00,0.0,0.0553693797342407,2.4044544764391005,214.52583143619955,0.10233333333333333,
2022-07-16 07:00:00,0.0,3.9175080635699856e-05,2.4691842981817045,220.61458424969567,0.102,
2022-07-16 07:30:00,0.0,3.899842064330296e-05,2.662476546727236,237.78738082677663,0.102,
2022-07-16 08:00:00,0.0,0.0453043331090503,4.735534874516238,422.13864643156785,0.10233333333333333,
2022-07-16 08:30:00,0.0,4.1638800712387125e-05,5.544953858306911,494.717491053298,0.10233333333333333,
2022-07-16 09:00:00,0.0,0.0867182945014913,8.736484706841988,779.6567912335097,0.10266666666666667,
2022-07-16 09:30:00,0.0,0.1284584350058971,8.605566535656795,768.0267368482064,0.10266666666666667,
2022-07-16 10:00:00,0.0,0.093346782941915,13.035857747102634,1163.195964059339,0.10233333333333333,
2022-07-16 10:30:00,0.0,0.1059983853635476,21.34829182194843,1906.5499236881456,0.10233333333333333,
2022-07-16 11:00:00,0.0,0.4307638238979639,25.496713803443143,2278.2938274651992,0.10233333333333333,
2022-07-16 11:30:00,0.0,0.4513213684567961,27.328683695436187,2443.2338671311904,0.10233333333333333,
2022-07-16 12:00:00,0.0,0.5204394222741155,28.25472586513066,2525.590617737829,0.10133333333333333,
2022-07-16 12:30:00,0.0,0.3773900512356822,26.858957270503677,2402.249032203233,0.10133333333333333,
2022-07-16 13:00:00,0.0,0.5717484890928396,26.28583442012517,2351.2442223967446,0.10099999999999999,
2022-07-16 13:30:00,0.0,0.5774714351916244,29.45026393483121,2633.0461805074074,0.10099999999999999,
2022-07-16 14:00:00,0.0,0.5656829689102675,29.12489973704056,2602.918885817488,0.10099999999999999,
2022-07-16 14:30:00,0.0,0.5926993593940665,28.28634901979124,2529.162488252746,0.10099999999999999,
2022-07-16 15:00:00,0.0,0.4315402246590982,28.19141881313669,2519.4649377273,0.10133333333333333,
2022-07-16 15:30:00,0.0,0.5716798703998236,24.07593824474971,2154.127529682491,0.10133333333333333,
2022-07-16 16:00:00,0.0,0.2271137821975929,26.499516154792538,2369.011157581219,0.10099999999999999,
2022-07-16 16:30:00,0.0,0.2369639214282877,25.08439855040452,2241.758706470122,0.10099999999999999,
2022-07-16 17:00:00,0.0,0.4080934800990496,25.630555450053457,2291.0463288160527,0.10066666666666667,
2022-07-16 17:30:00,0.0,0.2426258728684646,25.588771346945094,2286.8687959495755,0.10066666666666667,
2022-07-16 18:00:00,0.0,0.461938266875438,24.872600870466496,2223.9981363847814,0.09999999999999999,
2022-07-16 18:30:00,0.0,0.2932808076596605,24.08457976225283,2151.4932271912894,0.09999999999999999,
2022-07-16 19:00:00,0.0,0.0038829045571743,22.258749608126298,1987.8929955331696,0.09999999999999999,
2022-07-16 19:30:00,0.0,0.1836738529205219,18.152767187183315,1621.7822686496083,0.09999999999999999,
2022-07-16 20:00:00,0.0,5.6602117476657496e-05,19.532791379000933,1743.5922024408956,0.09933333333333333,
2022-07-16 20:30:00,0.0,5.392602185468527e-05,15.662448084350688,1398.542706296708,0.09933333333333333,
2022-07-16 21:00:00,0.0,5.1528025877622695e-05,12.60922658461122,1126.0743801343665,0.09833333333333333,
2022-07-16 21:30:00,0.0,0.0819008866718065,11.296098823269528,1007.9387045204652,0.09833333333333333,
2022-07-16 22:00:00,0.0,4.711567533740189e-05,9.035537738628934,806.5691688373489,0.09733333333333333,
2022-07-16 22:30:00,0.0,4.662805878867662e-05,8.631794067301014,769.7316023347204,0.09733333333333333,
2022-07-16 23:00:00,0.0,4.428256051936826e-05,5.29715709212781,472.6958813118012,0.09733333333333333,
2022-07-16 23:30:00,0.0,0.0461599449732417,5.135692908834789,458.1614502775741,0.09733333333333333,
2022-07-17 00:00:00,0.0,0.0324584560959869,2.855236983362997,255.0603431940354,0.09733333333333333,
2022-07-17 00:30:00,0.0,0.0321974427318715,2.6793203122304527,239.41510283596045,0.09733333333333333,
2022-07-17 01:00:00,0.0,0.0337785487805684,2.727407381528536,243.10184337936155,0.09766666666666667,
2022-07-17 01:30:00,0.0,4.2832832441197584e-05,1.8984094787815728,169.4852242886516,0.09766666666666667,
2022-07-17 02:00:00,0.0,0.0278817904898211,1.5831048394731266,141.07519840315734,0.09799999999999999,
2022-07-17 02:30:00,0.0,0.0251989189449631,1.8984094787815728,169.34825792801092,0.09799999999999999,
2022-07-17 03:00:00,0.0,0.0238315003821196,1.1287148871478372,100.81946896541524,0.09799999999999999,
2022-07-17 03:30:00,0.0,0.0237966110366621,0.769993270714873,68.57978726419991,0.09799999999999999,
2022-07-17 04:00:00,0.0,0.0250192341897623,0.4934628381813714,44.119758166020894,0.09866666666666667,
2022-07-17 04:30:00,0.0,0.0253163006773373,0.4760854585826076,42.55451370625634,0.09866666666666667,
2022-07-17 05:00:00,0.0,3.992767215826984e-05,0.5108290470253193,45.49055889010296,0.09899999999999999,
2022-07-17 05:30:00,0.0,3.970431208349552e-05,0.002609889841922,0.2971096101429883,0.09899999999999999,
2022-07-17 06:00:00,0.0,3.899842064330296e-05,0.1789440623353674,16.036071710834836,0.09899999999999999,
2022-07-17 06:30:00,0.0,3.9439148086964545e-05,0.5281841022780551,47.29848487648682,0.09899999999999999,
2022-07-17 07:00:00,0.0,3.9175080635699856e-05,1.415690476226131,126.15476991672492,0.09899999999999999,
2022-07-17 07:30:00,0.0,3.948357461039692e-05,2.6793203122304527,238.4689252447361,0.09899999999999999,
2022-07-17 08:00:00,0.0,0.0577401161836066,5.136490772546819,458.3636867350939,0.09899999999999999,
2022-07-17 08:30:00,0.0,0.0082086163138669,8.170395778593923,729.1101813013037,0.09899999999999999,
2022-07-17 09:00:00,0.0,0.0001165272808821,11.441383423861488,1020.6203083315106,0.09933333333333333,
2022-07-17 09:30:00,0.0,0.0001171818270975,11.549325322770091,1030.463966358696,0.09933333333333333,
2022-07-17 10:00:00,0.0,0.071125854421856,12.818261042736438,1144.616713989924,0.09899999999999999,
2022-07-17 10:30:00,0.0,0.0762903572215597,17.358535088023327,1549.058232338777,0.09899999999999999,
2022-07-17 11:00:00,0.0,0.1526410391183268,19.916602889519204,1778.607315060916,0.09933333333333333,
2022-07-17 11:30:00,0.0,0.1628450931925836,24.128658568493712,2154.943430566758,0.09933333333333333,
2022-07-17 12:00:00,0.0,0.2871487282734296,27.216643949309276,2430.881592836071,0.09899999999999999,
2022-07-17 12:30:00,0.0,0.3198264554931593,25.939511339716542,2318.446476225394,0.09899999999999999,
2022-07-17 13:00:00,0.0,0.438949543291378,28.160667795862555,2517.2633089128826,0.09866666666666667,
2022-07-17 13:30:00,0.0,0.4021517540490742,25.88969561185192,2315.409606770963,0.09866666666666667,
2022-07-17 14:00:00,0.0,0.2498838483344091,28.821825027977077,2576.074608580934,0.09933333333333333,
2022-07-17 14:30:00,0.0,0.4280468108619641,27.143883953112347,2427.440115870426,0.09933333333333333,
2022-07-17 15:00:00,0.0,0.4929874104176679,31.22719409863076,2789.6631991329687,0.09999999999999999,
2022-07-17 15:30:00,0.0,0.5423340325273835,25.279299452762817,2262.0588034177817,0.09999999999999999,
2022-07-17 16:00:00,0.0,0.372465588982349,25.96439935303657,2322.6830538966506,0.09933333333333333,
2022-07-17 16:30:00,0.0,0.3877834101074343,29.935392857755986,2675.123762673409,0.09933333333333333,
2022-07-17 17:00:00,0.0,0.4635983877777735,26.229054203700297,2345.910174059455,0.09933333333333333,
2022-07-17 17:30:00,0.0,0.3925794140108464,28.586704608347716,2554.489093282787,0.09933333333333333,
2022-07-17 18:00:00,0.0,0.4397537776340319,26.030702891393847,2327.5802011595592,0.09933333333333333,
2022-07-17 18:30:00,0.0,0.4099270391828727,22.024778501977416,1972.8546758491673,0.09933333333333333,
2022-07-17 19:00:00,0.0,0.2735632497423969,25.631464833822537,2291.485816934466,0.09899999999999999,
2022-07-17 19:30:00,0.0,0.2647782337607859,27.34572504267541,2442.365439545362,0.09899999999999999,
2022-07-17 20:00:00,0.0,0.1463697745545226,23.380022403557824,2089.745619954242,0.09799999999999999,
2022-07-17 20:30:00,0.0,0.0051419963444562,20.512523836937035,1833.0147251497456,0.09799999999999999,
2022-07-17 21:00:00,0.0,4.570984718927558e-05,16.536119171452693,1476.6071878771936,0.09699999999999999,
2022-07-17 21:30:00,0.0,0.0327551113069339,13.139658076247802,1173.1372285979714,0.09699999999999999,
2022-07-17 22:00:00,0.0,0.0276337362144292,11.272772795706478,1005.7429968785916,0.09566666666666666,
2022-07-17 22:30:00,0.0,0.0263951955303552,9.02340036274934,804.4653353241141,0.09566666666666666,
2022-07-17 23:00:00,0.0,0.0337691815189331,6.990512027211041,623.5887491128246,0.09499999999999999,
2022-07-17 23:30:00,0.0,0.0315085683653569,5.2246728641487215,466.40516379703814,0.09499999999999999,
2022-07-18 00:00:00,0.0,0.028296832228196,4.4241712174507715,395.03017465941053,0.09499999999999999,
2022-07-18 00:30:00,0.0,0.0176878893196027,3.559948978473039,317.65443509395334,0.09499999999999999,
2022-07-18 01:00:00,0.0,0.0226365338419156,2.861966293565628,255.262706603927,0.09533333333333333,
2022-07-18 01:30:00,0.0,0.0226023293716238,2.4575152651482868,219.3334030650889,0.09533333333333333,
2022-07-18 02:00:00,0.0,3.552828802827067e-05,2.211996827227693,197.1374565857331,0.09566666666666666,
2022-07-18 02:30:00,0.0,0.0130338878273808,2.0966739966517545,186.67024286041752,0.09566666666666666,
2022-07-18 03:00:00,0.0,0.0130737536524584,0.9849230484062044,87.86048696432584,0.09599999999999999,
2022-07-18 03:30:00,0.0,3.4657089110898426e-05,1.0878774959854576,97.01970819296426,0.09599999999999999,
2022-07-18 04:00:00,0.0,3.359580809359443e-05,1.0707454237533511,95.2847789942647,0.09566666666666666,
2022-07-18 04:30:00,0.0,3.2830114591837195e-05,0.6040506528527089,53.69402939997292,0.09566666666666666,
2022-07-18 05:00:00,0.0,3.175980036542559e-05,0.7258183998616661,64.45587236343519,0.09633333333333333,
2022-07-18 05:30:00,0.0,3.1367349421886946e-05,0.0758791588101676,6.810955013502337,0.09633333333333333,
2022-07-18 06:00:00,0.0,3.211501208435781e-05,0.0224874418152812,1.8851058574391053,0.09633333333333333,
2022-07-18 06:30:00,0.0,3.239131313461301e-05,0.0758791588101676,6.797953743688542,0.09633333333333333,
2022-07-18 07:00:00,0.0,3.160242476783036e-05,0.5167370278263694,46.24201605350668,0.09633333333333333,
2022-07-18 07:30:00,0.0,3.203566683225232e-05,1.5127232073755976,134.5688359657071,0.09633333333333333,
2022-07-18 08:00:00,0.0,3.441051549534346e-05,1.546427738402684,137.97260464138117,0.09666666666666666,
2022-07-18 08:30:00,0.0,3.834218123900825e-05,5.011052288278289,446.93082109922,0.09666666666666666,
2022-07-18 09:00:00,0.0,3.717706580626474e-05,9.150003237724004,816.4473638355383,0.09699999999999999,
2022-07-18 09:30:00,0.0,3.877829253423758e-05,13.235353509978667,1180.7822509942655,0.09699999999999999,-1.670471083286593
2022-07-18 10:00:00,0.0,0.0088451007665043,13.418571445261026,1197.2159355373044,0.09633333333333333,-1.6400379440659103
2022-07-18 10:30:00,0.0,0.0090333417932053,16.259803180334128,1451.1361005696494,0.09633333333333333,-1.609604804845228
2022-07-18 11:00:00,0.0,0.0043314116097183,15.984438142545782,1426.7407097800974,0.09633333333333333,-1.5791716656245456
2022-07-18 11:30:00,0.0,0.0045856495586615,15.004046407775688,1338.8428356687373,0.09633333333333333,-1.5487385264038636
2022-07-18 12:00:00,0.0,0.1089691159538021,21.121284180680757,1885.9245814302735,0.09599999999999999,-1.7844742397274582
2022-07-18 12:30:00,0.0,0.1999797739053785,23.83968493377485,2129.1356927349184,0.09599999999999999,-2.073499295473719
2022-07-18 13:00:00,0.0,0.1428690899102821,24.749730531801344,2210.7824838494803,0.09566666666666666,-2.4279283519041712
2022-07-18 13:30:00,0.0,0.0462628656166409,27.8292239448938,2487.7557480959003,0.09566666666666666,-2.3838860333542797
2022-07-18 14:00:00,0.0,0.2413947388713688,27.90954666863279,2495.6384703734025,0.09633333333333333,-2.339843714804388
2022-07-18 14:30:00,0.0,0.3743518692726685,27.271363627178967,2441.2675080327845,0.09633333333333333,-2.295801396254496
2022-07-18 15:00:00,0.0,0.1833656498058021,27.441825876416583,2454.2776368770756,0.09766666666666667,-2.2517590777046044
2022-07-18 15:30:00,0.0,0.117002577505447,30.862660726140685,2754.481724808018,0.09766666666666667,
2022-07-18 16:00:00,0.0,0.0172936808530468,22.052730608738404,1969.7716513340424,0.09633333333333333,
2022-07-18 16:30:00,1.4,0.0925918388585772,18.691314418199845,1668.837118621769,0.09633333333333333,
2022-07-18 17:00:00,0.0,0.0217741392909188,14.98219922597838,1337.6269750166707,0.09499999999999999,
2022-07-18 17:30:00,0.0,4.082312813270674e-05,19.929302196644542,1778.0880492145643,0.09499999999999999,
2022-07-18 18:00:00,0.2,0.0151379877068492,11.576830692091884,1033.5288429804734,0.09699999999999999,
2022-07-18 18:30:00,0.0,0.0652805255080377,14.79596047285066,1320.9559903539734,0.09699999999999999,
2022-07-18 19:00:00,0.0,0.0327440885569208,19.45618199425772,1736.290448344802,0.09866666666666667,
2022-07-18 19:30:00,0.0,0.200364917370804,24.3965614925185,2177.8102056520315,0.09866666666666667,
2022-07-18 20:00:00,0.0,4.7999675281042e-05,24.65524725200481,2201.769373212715,0.09933333333333333,
2022-07-18 20:30:00,0.0,4.4849951911232046e-05,22.91066831475602,2045.566120124216,0.09933333333333333,
2022-07-18 21:00:00,0.0,0.0452373025209057,20.45386587423524,1826.2569179734007,0.09933333333333333,
2022-07-18 21:30:00,0.0,0.0559678159310688,16.783689733660513,1498.5226921234332,0.09933333333333333,
2022-07-18 22:00:00,0.0,0.0562643994125998,11.98426210705493,1069.9347719728196,0.09833333333333333,
2022-07-18 22:30:00,0.0,0.0622763359751356,8.360536730036289,746.3801446568348,0.09833333333333333,
2022-07-18 23:00:00,0.0,0.0945540868153009,9.831310018078677,876.9631279609896,0.09899999999999999,
2022-07-18 23:30:00,0.0,0.0716202095204153,6.73242904999956,600.8701591753663,0.09899999999999999,
2022-07-19 00:00:00,0.0,0.0705659512199112,6.142060362396668,548.0621110220942,0.09899999999999999,
2022-07-19 00:30:00,0.0,0.0777637407219451,4.898740780138287,437.3299610056536,0.09899999999999999,
2022-07-19 01:00:00,0.0,0.0995115578262921,4.671044281289857,416.5027372270626,0.09966666666666667,
2022-07-19 01:30:00,0.0,0.0545709962944505,4.241148330099749,378.27453783440865,0.09966666666666667,
2022-07-19 02:00:00,0.0,0.0972516064661414,3.9300918763890618,350.29717321970264,0.09966666666666667,
2022-07-19 02:30:00,0.0,0.0425565503847297,4.25661285641424,379.5372308595246,0.09966666666666667,
2022-07-19 03:00:00,0.0,0.0441315421451884,2.9436067803445978,262.1157941705423,0.09966666666666667,
2022-07-19 03:30:00,0.0,3.709153135362674e-05,3.1050657218502766,277.06015645725364,0.09966666666666667,
2022-07-19 04:00:00,0.0,3.7779305572449985e-05,3.8361109328648086,341.9590295940813,0.09966666666666667,
2022-07-19 04:30:00,0.0,3.556987643811817e-05,2.992141946993033,266.6884614635295,0.09966666666666667,
2022-07-19 05:00:00,0.0,3.904253920677047e-05,-0.0281103721619022,-2.3565026423455437,0.09966666666666667,
2022-07-19 05:30:00,0.0,0.0372877135237305,1.904375690524595,169.74637767789525,0.09966666666666667,
2022-07-19 06:00:00,0.0,0.0447957321424034,2.3545223879847152,209.98934306678308,0.09999999999999999,
2022-07-19 06:30:00,0.0,3.4781661707364674e-05,3.457051568944543,308.1827241393352,0.09999999999999999,
2022-07-19 07:00:00,0.0,3.662332912531117e-05,4.883616508541751,435.2639933985164,0.09999999999999999,-1.2408839419559003
2022-07-19 07:30:00,0.0,3.7909152495902515e-05,6.886385097565625,614.0830340056305,0.09999999999999999,-1.245259485507772
2022-07-19 08:00:00,0.0,0.0052561730698187,10.18179317261192,908.116366480996,0.09999999999999999,-1.2496350290596434
2022-07-19 08:30:00,0.0,0.094985062358414,15.401828718966,1374.592065632003,0.09999999999999999,-1.254010572611515
2022-07-19 09:00:00,0.0,0.102494787366326,16.857844325121828,1504.950690471088,0.09999999999999999,
2022-07-19 09:30:00,0.0,0.109106359280907,19.475530285719316,1738.7016841195216,0.09999999999999999,
2022-07-19 10:00:00,0.0,0.1926285197321425,22.465711100449116,2005.552129556744,0.09933333333333333,
2022-07-19 10:30:00,0.0,0.3064302408788649,25.003542740683255,2233.7287726799805,0.09933333333333333,
2022-07-19 11:00:00,0.0,0.4140739842074659,29.55767835485073,2642.020086316778,0.09899999999999999,
2022-07-19 11:30:00,0.0,0.4980891865640668,29.878578898334556,2672.3479130374135,0.09899999999999999,
2022-07-19 12:00:00,0.0,0.5365385529410391,30.23624175015761,2705.3352429617075,0.09566666666666668,
2022-07-19 12:30:00,0.0,0.5472403204141751,30.798817346431072,2755.075312971897,0.09566666666666668,-1.238785751057095
2022-07-19 13:00:00,0.0,0.3402026429455618,28.95742755266371,2590.1677852832627,0.09499999999999999,-1.1947434325072033
2022-07-19 13:30:00,0.0,0.356143033124834,27.59623572125134,2468.275440223177,0.09499999999999999,-1.1507011139573116
2022-07-19 14:00:00,0.0,0.5850327750388332,29.777047722614657,2661.90102425009,0.09499999999999999,-1.1066587954074198
2022-07-19 14:30:00,0.0,0.5205329076819979,27.69413886909137,2474.209233894134,0.09499999999999999,-1.062616476857528
2022-07-19 15:00:00,0.0,0.4883411216936764,26.145412441402488,2337.405735602317,0.09599999999999999,-0.968695488764123
2022-07-19 15:30:00,0.0,0.5058177961189388,25.81595756298101,2307.889808224792,0.09599999999999999,-0.925234180984246
2022-07-19 16:00:00,0.0,0.6225864540255523,26.6311517909571,2380.6320084342756,0.09566666666666666,-0.918933450620862
2022-07-19 16:30:00,0.0,0.6655012460439962,26.955002504247464,2409.0762166449676,0.09566666666666666,-0.9323016095257546
2022-07-19 17:00:00,0.0,0.538066826024884,27.103737083137123,2421.84306879574,0.09533333333333333,-0.9531348053275366
2022-07-19 17:30:00,0.0,0.7489226501760168,26.61448469311445,2378.3227528605375,0.09533333333333333,-0.9779839533954824
2022-07-19 18:00:00,0.0,0.603585487013776,31.11215025830527,2776.8450643016886,0.09466666666666668,-1.0090204381250278
2022-07-19 18:30:00,0.0,0.5824110895704477,39.36458853227725,3507.4755443627437,0.09466666666666668,-1.0488301421892785
2022-07-19 19:00:00,0.0,0.5684110970950547,27.40803580146211,2447.8999653901474,0.09433333333333334,-1.0976282885830098
2022-07-19 19:30:00,0.0,0.5290766524300459,23.54825275871716,2105.533707258985,0.09433333333333334,-1.1523454139398357
2022-07-19 20:00:00,0.0,0.1654528954310341,23.521512235611706,2101.090812365213,0.09266666666666667,-1.2052373259465186
2022-07-19 20:30:00,0.0,0.1860479933045198,25.951398677491685,2315.570960625766,0.09266666666666667,-1.245612443059672
2022-07-19 21:00:00,0.0,0.1459149247595824,19.768918178665583,1765.185589805196,0.09266666666666667,-1.2674735263016566
2022-07-19 21:30:00,0.0,0.0892859525781474,15.565270856781156,1389.5697938322646,0.09266666666666667,-1.274518412229457
2022-07-19 22:00:00,0.0,4.5806865832715794e-05,11.939938138443017,1066.0884906984734,0.09066666666666667,-1.2742752808395823
2022-07-19 22:30:00,0.0,4.532696452367813e-05,9.926382095879282,885.9862760704162,0.09066666666666667,-1.2694375575026506
2022-07-19 23:00:00,0.0,0.0986494268536564,8.604329476650497,767.7832108098436,0.09000000000000001,-1.2583861161633865
2022-07-19 23:30:00,0.0,0.0625955915023514,8.43005898151181,751.859530043168,0.09000000000000001,-1.2409785899625314
2022-07-20 00:00:00,0.0,0.0406238580247478,6.144572721394854,548.4261468242304,0.09000000000000001,-1.2188819908004591
2022-07-20 00:30:00,0.0,3.726272530589475e-05,5.716557078145042,509.94645080978825,0.09000000000000001,-1.1919930363057527
2022-07-20 01:00:00,0.0,0.0373694403888919,4.346988796818634,387.8978481344914,0.09100000000000001,-1.1582784424715755
2022-07-20 01:30:00,0.0,0.0315758963691507,4.284590856239735,382.286595761702,0.09100000000000001,-1.1157463829479122
2022-07-20 02:00:00,0.0,0.0412830489154656,4.284590856239735,381.89062873640546,0.09100000000000001,-1.062914285061005
2022-07-20 02:30:00,0.0,0.0387367719870116,2.7939163093340893,249.41313970168815,0.09100000000000001,-0.9996966037461504
2022-07-20 03:00:00,0.0,0.0367126584378157,2.9907369755860707,266.5908574928791,0.09166666666666667,-0.929790645903508
2022-07-20 03:30:00,0.0,0.035799881817501,2.429441717156461,216.65234307456072,0.09166666666666667,-0.8607959010131085
2022-07-20 04:00:00,0.0,0.0341133248860603,2.628835698592987,234.24209358197996,0.09133333333333334,-0.8003971384274401
2022-07-20 04:30:00,0.0,0.0376536615635837,2.0432261884376155,182.02037168049145,0.09133333333333334,-0.7519025870236762
2022-07-20 05:00:00,0.0,0.0227965324936886,1.5312181216794165,136.4559431848913,0.09133333333333334,-0.7126230732146741
2022-07-20 05:30:00,0.0,0.0212418923704041,1.2367870834154762,110.38424634431212,0.09133333333333334,-0.6756726231274358
2022-07-20 06:00:00,0.0,0.0208158016553118,1.0270267265564696,91.78815886650676,0.09133333333333334,-0.6344335632239755
2022-07-20 06:30:00,0.0,3.0169341397881233e-05,1.167046043526349,104.02581012554748,0.09133333333333334,-0.5868275399014484
2022-07-20 07:00:00,0.0,3.1095386000272306e-05,1.924605390941711,171.52411504925544,0.09166666666666667,-0.5351458889154497
2022-07-20 07:30:00,0.0,3.0438899716606223e-05,3.202414638618594,285.7501641812773,0.09166666666666667,-0.4806813504041696
2022-07-20 08:00:00,0.0,3.0978191427504694e-05,4.331402007044306,386.0014716617952,0.09166666666666667,-0.4197151384130012
2022-07-20 08:30:00,0.0,3.235220977632475e-05,4.887287155235594,436.1416846319355,0.09166666666666667,-0.3478844986630874
2022-07-20 09:00:00,0.0,3.4657089110898426e-05,6.334456395943273,564.6648227820772,0.09166666666666667,-0.2695039137317583
2022-07-20 09:30:00,0.0,3.7779305572449985e-05,8.4568047087927,754.3829417432428,0.09166666666666667,-0.1999145543306704
2022-07-20 10:00:00,0.0,4.1048409660363565e-05,10.836672397230824,966.74608308823,0.09133333333333334,-0.1560587230174314
2022-07-20 10:30:00,0.0,4.879212453260266e-05,18.06761226553941,1612.438424876698,0.09133333333333334,-0.1452884054533557
2022-07-20 11:00:00,0.0,0.1702946626051987,22.20710546086312,1983.1757870020847,0.09133333333333334,-0.1642796704575201
2022-07-20 11:30:00,0.0,0.3079377442235742,26.89428572093004,2402.0823307785427,0.09133333333333334,-0.2072541581662563
2022-07-20 12:00:00,0.0,0.4517460737722216,28.476791513796417,2544.036285439998,0.09100000000000001,-0.2725913755405958
2022-07-20 12:30:00,0.0,0.5667123501003271,28.662991822420743,2561.5787984037065,0.09100000000000001,-0.3597026159942541
2022-07-20 13:00:00,0.0,0.5702639462131752,28.56593067813296,2551.960208223915,0.09000000000000001,-0.4597238783438349
2022-07-20 13:30:00,0.0,0.6131021914845416,27.460653212144635,2453.5752318729305,0.09000000000000001,-0.5533554022862585
2022-07-20 14:00:00,0.0,0.6092107014719473,26.35504986558402,2354.832142786261,0.09066666666666667,-0.6233899567956892
2022-07-20 14:30:00,0.0,0.6279691861384987,29.75803176462574,2656.9367982859067,0.09066666666666667,-0.6695106774359422
2022-07-20 15:00:00,0.0,0.5373987109347818,24.672764442966592,2204.635150309758,0.09133333333333334,-0.7071801634614308
2022-07-20 15:30:00,0.0,0.6804298185713308,27.35288927965922,2443.4612730929007,0.09133333333333334,-0.7520913000074433
2022-07-20 16:00:00,0.0,0.7584922964549237,25.396291748794248,2268.6774843442854,0.09100000000000001,-0.8077667860621424
2022-07-20 16:30:00,0.0,0.672422582148685,26.031951574832725,2324.677090590951,0.09100000000000001,-0.8663248812288628
2022-07-20 17:00:00,0.0,0.6447352643577402,23.280742919948658,2080.1026489957003,0.09066666666666667,-0.918408431828697
2022-07-20 17:30:00,0.0,0.6802238857208545,26.53266110975754,2368.623948938588,0.09066666666666667,-0.962913882433545
2022-07-20 18:00:00,0.0,0.6561753492412123,24.222421220486844,2163.017388560536,0.09000000000000001,-1.0096292958318769
2022-07-20 18:30:00,0.0,0.6355946633720743,25.543091682099828,2280.279663426186,0.09000000000000001,-1.0741400321111976
2022-07-20 19:00:00,0.0,0.3883420847302866,23.479708280564463,2096.525277020235,0.08966666666666667,-1.1679346719670762
2022-07-20 19:30:00,0.0,0.2176010136950225,25.963647251850897,2316.4856625992793,0.08966666666666667,-1.287069019976934
2022-07-20 20:00:00,0.0,0.1752297674422281,24.891899459219463,2221.368235933351,0.08866666666666667,-1.4068916482109746
2022-07-20 20:30:00,0.0,0.172209446625648,21.277176574127697,1898.637003618653,0.08866666666666667,-1.4921491888540948
2022-07-20 21:00:00,0.0,0.1091284645682207,19.33256764602994,1725.2450701729097,0.08766666666666667,-1.5188424573353294
2022-07-20 21:30:00,0.0,0.1065341710083533,14.397578916095872,1285.1925079752405,0.08766666666666667,-1.489352845848291
2022-07-20 22:00:00,0.0,0.1048282562638383,11.547411725401664,1030.202847191078,0.08633333333333333,-1.4275912845973835
2022-07-20 22:30:00,0.0,0.1000702949083151,9.445971388780144,842.5972001444222,0.08633333333333333,-1.3598445590907386
2022-07-20 23:00:00,0.0,5.137288194344144e-05,7.797999210799865,695.8100632245779,0.085,-1.2983977702467269
2022-07-20 23:30:00,0.0,5.055599251456459e-05,6.334456395943273,565.214507026167,0.085,-1.2403993590838378
2022-07-21 00:00:00,0.0,4.8593347224519625e-05,6.90436369606655,615.7318780683898,0.08466666666666667,-1.180562656411596
2022-07-21 00:30:00,0.0,0.089687567945352,5.026445593809677,448.0655687752906,0.08466666666666667,-1.1229188596140125
2022-07-21 01:00:00,0.0,4.9193106149863064e-05,4.654728868173453,415.31295468468625,0.08466666666666667,-1.0795424239991955
2022-07-21 01:30:00,0.0,4.4612533458376417e-05,3.655518809624944,325.8341811233393,0.08466666666666667,-1.0614073910419046
2022-07-21 02:00:00,0.0,0.0838340740542234,3.6877825852952455,328.85221519054176,0.085,-1.0731600002069164
2022-07-21 02:30:00,0.0,0.0684648165865907,3.9765227342167497,354.50592380972887,0.085,-1.111350955703322
2022-07-21 03:00:00,0.0,4.159291153363659e-05,3.784354841407136,337.45677392652175,0.085,-1.1612665027262357
2022-07-21 03:30:00,0.0,0.0576796407579948,3.800418404502172,338.89211286341555,0.085,-1.1986758376208169
2022-07-21 04:00:00,0.0,0.0753004338967736,3.298173029001148,294.0647485377526,0.08466666666666667,-1.201615463297386
2022-07-21 04:30:00,0.0,0.0861584372463058,2.4855853689543013,221.67623983564303,0.08466666666666667,-1.162119465180119
2022-07-21 05:00:00,0.0,0.0692119938874691,2.5360193947285627,226.25717518870255,0.08466666666666667,-1.0875470665888736
2022-07-21 05:30:00,0.0,0.0483326236057912,1.8386969203579355,163.9740423943175,0.08466666666666667,-0.9947568635856512
2022-07-21 06:00:00,0.0,3.662332912531117e-05,1.211531396961286,107.98717215021225,0.08466666666666667,-0.9025322838651187
2022-07-21 06:30:00,0.0,3.649629532168442e-05,1.821467564954793,162.29410703962088,0.08466666666666667,-0.8227700597503766
2022-07-21 07:00:00,0.0,3.5653147602019764e-05,3.542306023787717,315.6188524745442,0.085,-0.754491558440659
2022-07-21 07:30:00,0.0,3.926175095070809e-05,3.1342375957068582,279.65235997813545,0.085,-0.6869241070906389
2022-07-21 08:00:00,0.0,3.834218123900825e-05,7.306124593641412,651.6085702034559,0.085,-0.6093762716072711
2022-07-21 08:30:00,0.0,3.842952129922892e-05,8.425736984543116,751.5439852417624,0.085,-0.5188089777330016
2022-07-21 09:00:00,0.0,4.0913907542550583e-05,8.205043882475898,731.89313766626,0.08533333333333333,-0.4217091928074391
2022-07-21 09:30:00,0.0,4.696786173609869e-05,7.800979501097443,696.0075963174744,0.08533333333333333,-0.3318726466496192
2022-07-21 10:00:00,0.0,0.1304691221177678,11.087195794011652,988.81654331939,0.085,-0.2639851566788079
2022-07-21 10:30:00,0.0,0.1417295007231344,18.49909240005241,1650.5557267481745,0.085,-0.2257963943647035
2022-07-21 11:00:00,0.0,0.5370156996659465,23.615383771631425,2107.656657124573,0.085,-0.2166009090645926
2022-07-21 11:30:00,0.0,0.4571061122159265,26.444914942575675,2361.5528421448266,0.085,-0.2342997110441284
2022-07-21 12:00:00,0.0,0.609741027527074,27.1325781023682,2422.896794681811,0.08466666666666667,-0.2818905140316133
2022-07-21 12:30:00,0.0,0.6487324587866289,27.518767562622784,2458.637661708986,0.08466666666666667,-0.3633302636576979
2022-07-21 13:00:00,0.0,0.6301608119893184,27.727371877116965,2476.7681015687026,0.084,-0.4704526361981505
2022-07-21 13:30:00,0.0,0.6483887351823515,27.47693922181724,2454.533204943847,0.084,-0.5779377831471934
2022-07-21 14:00:00,0.0,0.6203545355997477,25.972242410661156,2319.511681777142,0.08466666666666667,-0.6599139375503098
2022-07-21 14:30:00,0.0,0.7516599565042896,26.963701025408184,2407.7644321682187,0.08466666666666667,-0.7132611662349252
2022-07-21 15:00:00,0.0,0.6974898020656557,26.41069781472387,2357.189730904199,0.08600000000000001,-0.7559973202715315
2022-07-21 15:30:00,0.0,0.7106456173517749,26.63266957305503,2378.6723910254136,0.08600000000000001,-0.8002107334641868
2022-07-21 16:00:00,0.0,0.7614567550144852,23.295887298689244,2081.720648363355,0.08600000000000001,-0.836795239512635
2022-07-21 16:30:00,0.0,0.7301524403262563,23.51521930308093,2099.126479530045,0.08600000000000001,-0.8524865182143603
2022-07-21 17:00:00,0.0,0.7170548784832347,24.729250655733228,2207.9562858108393,0.08566666666666667,-0.8536525481638697
2022-07-21 17:30:00,0.0,0.728305313192397,24.22962904219519,2163.588150408682,0.08566666666666667,-0.8670753093360586
2022-07-21 18:00:00,0.0,0.6596558700348877,25.721086709757692,2295.5699154276285,0.08366666666666667,-0.9207565359436372
2022-07-21 18:30:00,0.0,0.6859893186315359,23.95967895479961,2138.8582432572107,0.08366666666666667,-1.024934241140074
2022-07-21 19:00:00,0.0,0.4911313326284272,25.43363259084313,2269.2084559656887,0.084,-1.1661209689719858
2022-07-21 19:30:00,0.0,0.489623868287329,22.75198956981342,2031.2444537996237,0.084,-1.3161914562165211
2022-07-21 20:00:00,0.0,0.3967103338328144,22.08829739797465,1972.0760033754527,0.083,-1.4490562748639058
2022-07-21 20:30:00,0.0,0.3712866097179236,22.08829739797465,1971.485339878,0.083,-1.5519416252873044
2022-07-21 21:00:00,0.0,0.1249216747520073,19.96295126188969,1781.3162417108565,0.08133333333333333,-1.6241251931490002
2022-07-21 21:30:00,0.0,5.616899001265824e-05,17.77245634773319,1584.9154515768344,0.08133333333333333,-1.6682172241817133
2022-07-21 22:00:00,0.0,5.225089957455206e-05,12.752335908020958,1137.5597117444167,0.08133333333333333,-1.682597693516121
2022-07-21 22:30:00,0.0,4.934261508920132e-05,10.241635299682098,914.1030956620424,0.08133333333333333,-1.660346104254028
2022-07-21 23:00:00,0.0,0.1193537574367433,10.085504983961574,899.3992870878061,0.08,-1.596338711443089
2022-07-21 23:30:00,0.0,0.1164791544315193,7.730774037147502,689.6771152706638,0.08,-1.4970960906013002
2022-07-22 00:00:00,0.0,0.1108715175320263,6.229134752160765,555.8117653710151,0.079,-1.3820105581632292
2022-07-22 00:30:00,0.0,0.1053020799110442,6.079387299117905,542.3022317357139,0.079,-1.2731038170084157
2022-07-22 01:00:00,0.0,0.070646493710173,5.180088414330734,462.2915568823312,0.079,-1.183797139580683
2022-07-22 01:30:00,0.0,0.0689673366841964,4.946985524702217,441.12935934945193,0.079,-1.1168227462366138
2022-07-22 02:00:00,0.0,0.0931294707812161,4.837561618529954,430.914235863151,0.07933333333333333,-1.0686849714662214
2022-07-22 02:30:00,0.0,0.0638630557512932,3.784916601601602,337.69402726279884,0.07933333333333333,-1.0332721974493777
2022-07-22 03:00:00,0.0,0.061607334492002,3.1441475381819295,280.38326375424344,0.07933333333333333,-1.004033496022867
2022-07-22 03:30:00,0.0,0.0543217511774441,2.9440258129551067,262.5789490079476,0.07933333333333333,-0.9779123862326632
2022-07-22 04:00:00,0.0,4.100291423138871e-05,2.927284482730265,260.6923795717647,0.07933333333333333,-0.9582970429464066
2022-07-22 04:30:00,0.0,0.0334872300868651,3.0609365144193124,272.7606875043163,0.07933333333333333,-0.9509507550757365
2022-07-22 05:00:00,0.0,0.0306045509366485,2.60728334096041,232.2662051505892,0.07966666666666666,-0.955769711506706
2022-07-22 05:30:00,0.0,3.74774208217219e-05,2.352034545154265,209.3711097380773,0.07966666666666666,-0.9644585581066364
2022-07-22 06:00:00,0.0,3.632559868713831e-05,3.0609365144193124,272.29047885634174,0.07966666666666666,-0.9662692690345268
2022-07-22 06:30:00,0.0,3.515368783130449e-05,2.674956904228796,237.96685686970972,0.07966666666666666,-0.9536869283270686
2022-07-22 07:00:00,0.0,3.449201241240149e-05,2.180557747226701,194.2951594759791,0.08,-0.9228906145324272
2022-07-22 07:30:00,0.0,3.556987643811817e-05,3.930755015823119,350.4180596058895,0.08,-0.8716305681491782
2022-07-22 08:00:00,0.0,3.5071174531835046e-05,5.595044882456834,498.92398153317146,0.08,-0.7983056843569131
2022-07-22 08:30:00,0.0,3.561149629736711e-05,6.5854894965157555,587.0694765175625,0.08,-0.7035822079761124
2022-07-22 09:00:00,0.0,3.7606612811760686e-05,7.0105116150361,625.2427599463123,0.08,-0.5938784927939464
2022-07-22 09:30:00,0.0,3.988293852646097e-05,8.626100839339609,769.2056151752247,0.08,-0.483167827885908
2022-07-22 10:00:00,0.0,4.287953230395473e-05,11.031882679873814,984.092472677063,0.08,-0.389075949970034
2022-07-22 10:30:00,0.0,0.0534358550391085,17.94230329222581,1600.5604587991277,0.08,-0.3262254959182323
2022-07-22 11:00:00,0.0,0.2707134109490309,20.98669251027199,1872.7347544732547,0.07966666666666666,-0.3049600392961562
2022-07-22 11:30:00,0.0,0.2997379006526958,25.26438201596516,2255.0834321093394,0.07966666666666666,-0.3368312829248246
2022-07-22 12:00:00,0.0,0.4465399943490056,26.979331085648656,2408.8497427796897,0.07966666666666666,-0.4354116351144924
2022-07-22 12:30:00,0.0,0.3360743399278009,27.30312600361503,2437.324937253987,0.07966666666666666,-0.603519821255291
2022-07-22 13:00:00,1.0,0.054526702558742,16.764072137546496,1495.996109225237,0.07966666666666666,-0.8179282341601171
2022-07-22 13:30:00,0.0,0.0725991639615821,16.676936842848583,1487.984069275444,0.07966666666666666,-1.0329457885970983
2022-07-22 14:00:00,3.6,0.0155688440428988,17.239748572146286,1538.3642819036506,0.08066666666666666,-1.204192137521384
2022-07-22 14:30:00,0.0,4.20050851154114e-05,10.398143183653843,927.3261002141488,0.08066666666666666,-1.3099114240132077
2022-07-22 15:00:00,0.0,0.004964791202749,9.671728686754896,862.0947234171188,0.11933333333333333,-1.3548864011191264
2022-07-22 15:30:00,0.2,0.0050602526978583,7.942054288911652,708.1003443466527,0.11933333333333333,-1.3604221435086896
2022-07-22 16:00:00,0.0,0.0188491942564413,11.67877635265438,1041.1619794960243,0.13,-1.345915621715427
2022-07-22 16:30:00,0.0,3.829855783190538e-05,10.877812727634366,970.7023135341452,0.13,-1.3097736700641849
2022-07-22 17:00:00,8.6,0.0170971805859895,7.998464851601457,713.6015148237943,0.14166666666666666,-1.2286779600992277
2022-07-22 17:30:00,0.0,3.3758057524395963e-05,5.838208285887916,520.9238557941064,0.14166666666666666,-1.0852794183119905
2022-07-22 18:00:00,0.0,3.473896702563498e-05,3.914587529189705,349.2307794069469,0.18433333333333335,-0.900259650066427
2022-07-22 18:30:00,0.0,3.653860858022648e-05,3.930755015823119,350.38110533954466,0.18433333333333335,-0.7314299215669197
2022-07-22 19:00:00,0.0,0.0336485969376389,7.242470646843933,645.3315487304632,0.18633333333333332,-0.6356044253978562
2022-07-22 19:30:00,0.0,0.0316050123594637,8.06883327381352,719.4672593165059,0.18633333333333332,-0.6285918977026052
2022-07-22 20:00:00,0.0,3.598923620581269e-05,6.791421864487628,605.5341151849271,0.18799999999999997,-0.6794139835445813
2022-07-22 20:30:00,0.0,0.0066867537109275,5.5339390453795065,493.53408013802,0.18799999999999997,-0.7409170008369258
2022-07-22 21:00:00,0.0,3.6073138475722e-05,5.442041327785621,485.2385414241206,0.18999999999999997,-0.784654909191727
2022-07-22 21:30:00,0.0,3.5236327077905795e-05,4.853218878570824,432.78628462046146,0.18999999999999997,-0.8091463142183976
2022-07-22 22:00:00,0.0,3.400155713459838e-05,3.6219928634004863,322.9157910224517,0.19133333333333333,-0.8235341263061233
2022-07-22 22:30:00,0.0,3.3151868853285435e-05,2.9607571635608165,263.9106826964723,0.19133333333333333,-0.8316009769241361
2022-07-22 23:00:00,0.0,0.0047275271770254,2.6242171130510625,234.08303453596048,0.19233333333333333,-0.8306326382722559
2022-07-22 23:30:00,0.0,0.0044979785389793,2.283570878502875,203.66391634416937,0.19233333333333333,-0.8182539079129757
2022-07-23 00:00:00,0.0,3.125105186669438e-05,2.124402856793376,189.36704019321184,0.19299999999999998,-0.796380508511924
2022-07-23 00:30:00,0.0,3.086287479687379e-05,1.8089303651209552,161.27627152690044,0.19299999999999998,-0.7699023927601993
2022-07-23 01:00:00,0.0,3.066923506111654e-05,1.7736542202701793,157.86439762407358,0.19333333333333333,-0.743744503624936
2022-07-23 01:30:00,0.0,0.0038618166944868,1.6143496748458055,143.8557529651231,0.19333333333333333,-0.7213460198446947
2022-07-23 02:00:00,0.0,2.9675055420673333e-05,1.2029856175062696,107.20216678588667,0.19366666666666665,-0.7045878634435353
2022-07-23 02:30:00,0.0,2.9071130245523226e-05,1.1308081144834303,100.88656963571776,0.19366666666666665,-0.6939694190754865
2022-07-23 03:00:00,0.0,2.9372021514339375e-05,0.7120323476257957,63.5223290492765,0.19433333333333333,-0.6887031139635948
2022-07-23 03:30:00,0.0,2.8959225565404393e-05,1.221000208678769,108.58675678335042,0.19433333333333333,-0.6869745123093993
2022-07-23 04:00:00,0.0,2.8363972230347037e-05,0.8766704043278235,77.89517777817099,0.19433333333333333,-0.6862642448332128
2022-07-23 04:30:00,0.0,2.7701093423267577e-05,0.9677065521365228,86.23942549700156,0.19433333333333333,-0.6841581939930443
2022-07-23 05:00:00,0.0,2.8067349052283917e-05,0.4539231247831278,40.34905183732248,0.19499999999999998,-0.6796652616676179
2022-07-23 05:30:00,0.0,2.7554950680070244e-05,0.4539231247831278,40.48282230798326,0.19499999999999998,-0.6731226080071641
2022-07-23 06:00:00,0.0,2.6938456935766543e-05,0.4539231247831278,40.335636043086446,0.19533333333333333,-0.6637831800865912
2022-07-23 06:30:00,0.0,2.6650985973610524e-05,0.3611404799762579,32.2495920674107,0.19533333333333333,-0.6478894471778044
2022-07-23 07:00:00,0.0,2.6759424810277215e-05,0.3239378656755465,28.67182030759614,0.19533333333333333,-0.6196982827033851
2022-07-23 07:30:00,0.0,2.6866742732449057e-05,0.155887213532472,13.837657228076884,0.19533333333333333,-0.5740473968081554
2022-07-23 08:00:00,0.0,2.7482082813501057e-05,0.1933225995352237,17.22142358761691,0.19566666666666666,-0.5087056737352188
2022-07-23 08:30:00,0.0,2.8399713350494872e-05,0.0808596686921581,7.204214032276114,0.19566666666666666,-0.4268102781594745
2022-07-23 09:00:00,0.0,3.0284443149030228e-05,0.0056219314694656,0.4847786660531947,0.19533333333333333,-0.3384515624129493
2022-07-23 09:30:00,0.0,3.267083954047346e-05,0.7120323476257957,63.48254229969651,0.19533333333333333,-0.2582395778432267
2022-07-23 10:00:00,0.0,3.552828802827067e-05,4.399586296957637,391.967945566637,0.19499999999999998,-0.1984710566503128
2022-07-23 10:30:00,0.0,4.11394921498486e-05,14.64409980608654,1306.1240429058914,0.19499999999999998,-0.1633083311800916
2022-07-23 11:00:00,0.0,0.1369008526822374,22.66486890179524,2022.2975852951704,0.19399999999999998,-0.1492836564493212
2022-07-23 11:30:00,0.0,0.154721051275346,28.32113688211099,2528.332707554364,0.19399999999999998,-0.1506311491227774
2022-07-23 12:00:00,0.0,0.1894719748130174,31.070703051973418,2775.3364870674227,0.19199999999999998,-0.1632427823458463
2022-07-23 12:30:00,0.0,0.193588934713928,29.46841122280309,2632.866752573257,0.19199999999999998,-0.1846427199853829
2022-07-23 13:00:00,0.0,0.0438744747644799,31.90877795355676,2849.9978120343144,0.18966666666666665,-0.2128724813573937
2022-07-23 13:30:00,0.0,0.0420916161810195,29.23773674551008,2612.0412205767075,0.18966666666666665,-0.24625368228198
2022-07-23 14:00:00,0.0,0.0459167633076714,29.80430904758334,2662.691692257672,0.18766666666666665,-0.281349882667693
2022-07-23 14:30:00,0.0,0.0437263419262722,29.583356858003455,2641.96684714551,0.18766666666666665,-0.3109754618896739
2022-07-23 15:00:00,0.0,0.0399889828167398,28.93129338437114,2583.450809851335,0.18533333333333332,-0.3310907665961675
2022-07-23 15:30:00,0.0,0.2305124770976531,27.949714285471348,2498.7067786257317,0.18533333333333332,-0.3538368593388512
2022-07-23 16:00:00,0.0,0.5444839458947611,29.68167579586944,2652.2124568149793,0.18366666666666664,-0.4064099529920564
2022-07-23 16:30:00,0.0,0.5432489709197902,27.24131479475243,2434.922042320579,0.18366666666666664,-0.5088842391999806
2022-07-23 17:00:00,0.0,0.2005258819738588,29.3119966393012,2617.623255756793,0.17933333333333334,-0.6534632929055818
2022-07-23 17:30:00,0.0,0.1467976059704012,26.922153633356142,2403.0704670642776,0.17933333333333334,-0.8060371226274665
2022-07-23 18:00:00,2.0,0.0762216679823568,23.19375883622592,2068.7648528712293,0.17866666666666667,-0.9257994336431142
2022-07-23 18:30:00,0.0,0.0814063075454628,17.067508862008093,1522.4416725755796,0.17866666666666667,-0.9881799402213682
2022-07-23 19:00:00,0.0,0.1448978457230906,17.96258722584114,1602.2276246033225,0.18800000000000003,-0.9995816695012932
2022-07-23 19:30:00,0.0,0.2095280275016954,20.750656656069307,1852.431253039956,0.18800000000000003,-0.9935818230580724
2022-07-23 20:00:00,0.0,0.001265426567241,22.87341305361013,2041.473037217168,0.18766666666666665,-1.005621598146322
2022-07-23 20:30:00,0.0,0.0436019317828136,22.636353255826535,2018.651280244669,0.18766666666666665,-1.0440257183033153
2022-07-23 21:00:00,0.0,0.0240501511525764,16.540075326156927,1475.7333670892444,0.18733333333333335,-1.0846553960857452
2022-07-23 21:30:00,0.0,0.0206015663049722,15.313815181199072,1365.0120993245455,0.18733333333333335,-1.0946504676873496
2022-07-23 22:00:00,0.0,0.0277357483956018,10.342944887218708,923.0665300629836,0.18800000000000003,-1.0610377190228455
2022-07-23 22:30:00,0.0,0.0440953268247767,8.336850179311117,743.8221967485802,0.18800000000000003,-0.9987544146230658
2022-07-23 23:00:00,0.0,0.0403062266270021,7.724925551618698,688.5266705973087,0.18899999999999997,-0.9359210023821304
2022-07-23 23:30:00,0.0,3.73056019335144e-05,7.188437684597817,640.6384531955272,0.18899999999999997,-0.8928403650929686
2022-07-24 00:00:00,0.0,0.024109603667242,5.8892510548542285,525.3628480646927,0.18966666666666665,-0.8715763083004796
2022-07-24 00:30:00,0.0,0.0251274318855179,5.233277295629803,466.71104073594626,0.18966666666666665,-0.8613185186036073
2022-07-24 01:00:00,0.0,0.0229089040766816,5.609909111042531,500.23424454990936,0.18966666666666665,-0.850712655851328
2022-07-24 01:30:00,0.0,0.0178303077293208,5.074905241357398,452.47462379926463,0.18966666666666665,-0.8345749317818744
2022-07-24 02:00:00,0.0,0.0166464952790753,4.995395378803274,445.2966119349719,0.18966666666666665,-0.8122199567098611
2022-07-24 02:30:00,0.0,0.0188919180339823,3.875226602655364,345.53962573102694,0.18966666666666665,-0.7841657372176748
2022-07-24 03:00:00,0.0,0.017439405555974,3.306700209792163,294.79589649721294,0.18966666666666665,-0.7520643997056186
2022-07-24 03:30:00,0.0,0.0178638159074391,3.069239523341812,273.82165913608804,0.18966666666666665,-0.7198429148484701
2022-07-24 04:00:00,0.0,0.0172903605288557,3.272899447705799,291.83926471292676,0.18966666666666665,-0.6923533088652305
2022-07-24 04:30:00,0.0,0.0155748599285419,2.79537762031312,249.29339951341723,0.18966666666666665,-0.6722303238030449
2022-07-24 05:00:00,0.0,0.0162446227772798,2.915521225805707,259.7840229513923,0.18966666666666665,-0.6584441884733784
2022-07-24 05:30:00,0.0,0.0152791785914176,2.915521225805707,259.97544307580347,0.18966666666666665,-0.6477080937516764
2022-07-24 06:00:00,0.0,2.9561549455001053e-05,2.2219191954712216,198.14295802123033,0.18966666666666665,-0.6361067986335424
2022-07-24 06:30:00,0.0,2.8697275808784963e-05,2.8983893464689143,258.1892954729895,0.18966666666666665,-0.6191344844524242
2022-07-24 07:00:00,0.0,2.877237961025713e-05,2.9326426496629217,261.5303956650219,0.18899999999999997,-0.5917232450625373
2022-07-24 07:30:00,0.0,2.9675055420673333e-05,2.881246995891025,257.3051328793154,0.18899999999999997,-0.7329604306370434
2022-07-24 08:00:00,0.0,2.9711932489174568e-05,4.723422921904109,421.00565229608503,0.18899999999999997,-0.8741976162115497
2022-07-24 08:30:00,0.0,3.1367349421886946e-05,5.233277295629803,466.4687864751485,0.18899999999999997,-1.0154348017860555
2022-07-24 09:00:00,0.0,3.391914214544388e-05,6.576308117917994,586.5017092693574,0.18833333333333332,-0.9720294385293352
2022-07-24 09:30:00,0.0,3.812437519196803e-05,10.99852295131499,980.8357253637477,0.18833333333333332,-0.9453044624356048
2022-07-24 10:00:00,0.0,4.428256051936826e-05,15.232228750334937,1358.5133078088268,0.18800000000000003,-0.9185794863418744
2022-07-24 10:30:00,0.0,5.1631590601909576e-05,24.16377590603984,2156.191407790469,0.18800000000000003,-0.8918545102481438
2022-07-24 11:00:00,0.0,0.146476422559036,29.370024185874023,2622.8951955644357,0.18633333333333332,
2022-07-24 11:30:00,0.0,0.3003469145337915,32.07116234197736,2866.346987695021,0.18633333333333332,
2022-07-24 12:00:00,0.0,0.3544676559805327,30.245131323862807,2704.21982244556,0.18433333333333332,
2022-07-24 12:30:00,0.0,0.357146737281439,33.391396908321944,2982.2727854146056,0.18433333333333332,
2022-07-24 13:00:00,0.0,0.3961025264583735,32.21331181051135,2877.9864507495085,0.18233333333333332,
2022-07-24 13:30:00,0.0,0.3845753313028541,31.53073307616784,2819.037776405594,0.18233333333333332,
2022-07-24 14:00:00,0.0,0.4033405332991074,31.145927680786876,2783.8587918585217,0.17899999999999996,-0.7047796775920303
2022-07-24 14:30:00,0.0,0.4238105936447648,29.652352359240957,2650.592733009463,0.17899999999999996,-0.6780547014982998
2022-07-24 15:00:00,0.0,0.2266967576551511,31.58661833749623,2822.000499285607,0.17533333333333334,-0.6513297254045693
2022-07-24 15:30:00,0.0,0.2144343694150523,32.71573347767208,2921.502534786316,0.17533333333333334,-0.6246047493108388
2022-07-24 16:00:00,0.0,0.2477135519928559,30.31057676919826,2708.5868381007717,0.17299999999999996,-0.5978797732171083
2022-07-24 16:30:00,0.0,0.2389309374534966,29.127967388459,2601.464547836372,0.17299999999999996,-0.6703513669961882
2022-07-24 17:00:00,0.0,0.2825630114391618,27.89981506702279,2493.0865638361956,0.1723333333333333,-0.7226692732827037
2022-07-24 17:30:00,0.0,0.3510863159612104,30.62032090760389,2734.939460999448,0.1723333333333333,-0.7782460581460733
2022-07-24 18:00:00,0.0,0.2797969625501333,31.162017195398217,2781.798464566429,0.1703333333333333,-0.8484198148549041
2022-07-24 18:30:00,0.0,0.2481724598178129,30.912076120141805,2760.510320108274,0.1703333333333333,-0.9294994696288236
2022-07-24 19:00:00,0.0,0.1847221920292132,27.831159564349548,2486.130372794428,0.1683333333333333,-1.0161958817145156
2022-07-24 19:30:00,0.0,0.0682921697788772,27.00838755393115,2412.079069357675,0.1683333333333333,-1.107028683493252
2022-07-24 20:00:00,0.0,5.250970629162468e-05,24.71755037221097,2206.589527063474,0.16766666666666666,-1.196368536353892
2022-07-24 20:30:00,0.0,5.02511739356622e-05,22.45987309668188,2004.492136979445,0.16766666666666666,-1.270744465662026
2022-07-24 21:00:00,0.0,4.8445076254188e-05,20.8064495410509,1855.653141892308,0.16733333333333333,-1.3157108342492132
2022-07-24 21:30:00,0.0,4.740795532632099e-05,15.807321303795147,1409.7829830129083,0.16733333333333333,-1.323105327739595
2022-07-24 22:00:00,0.0,4.566138173833106e-05,13.18026458970073,1174.839226153841,0.166,-1.2931262110758963
2022-07-24 22:30:00,0.0,0.0303011984337739,10.655936394526725,949.891871135242,0.166,-1.233433922282393
2022-07-24 23:00:00,0.0,0.029204018304727,8.92823863489837,795.6617294631266,0.16666666666666666,-1.156671987360562
2022-07-24 23:30:00,0.0,0.0270346478551315,6.666732839771786,594.7805004574678,0.16666666666666666,-1.0762965359364738
2022-07-25 00:00:00,0.0,4.4094359420259534e-05,4.039976201647895,359.972076338792,0.16666666666666666,-1.0027030445865937
2022-07-25 00:30:00,0.0,4.329726832991097e-05,3.656462700060508,325.83864826520335,0.16666666666666666,-0.941707055258622
2022-07-25 01:00:00,0.0,4.348347631312602e-05,2.634307200072732,234.8927636824775,0.16666666666666666,-0.8957856508511592
2022-07-25 01:30:00,0.0,4.278616268228681e-05,1.8547539343664765,165.34631191936748,0.16666666666666666,-0.8661662186610911
2022-07-25 02:00:00,0.0,4.2510649923411175e-05,1.7392118965878876,155.0975876424516,0.16666666666666666,-0.8537365373848986
2022-07-25 02:30:00,0.0,4.191285371403597e-05,1.7557476035713475,156.4747332748501,0.16666666666666666,-0.8576086522443268
2022-07-25 03:00:00,0.0,4.032978325072914e-05,1.1540949559093328,103.14743169361732,0.16666666666666666,-0.8724466686129038
2022-07-25 03:30:00,0.0,3.8822256168481984e-05,1.255293053464162,111.7582843635642,0.16666666666666666,-0.8877511471575851
2022-07-25 04:00:00,0.0,3.842952129922892e-05,0.5215827650557491,46.75675273921944,0.167,-0.8920877833369891
2022-07-25 04:30:00,0.0,0.0158311375230438,0.7283415476910936,64.92063711469791,0.167,-0.8801220301632654
2022-07-25 05:00:00,0.0,0.0151600934046577,0.4523104029907198,40.61971240517875,0.16666666666666666,-0.8557914221595493
2022-07-25 05:30:00,0.0,3.692083777532704e-05,-0.0376477624966345,-3.1208189762948617,0.16666666666666666,-0.8280391332848427
2022-07-25 06:00:00,0.0,0.0117395975371963,0.9335352608773916,82.97073890845033,0.167,-0.803357567594285
2022-07-25 06:30:00,0.0,0.0100944119237375,0.3306543338104999,29.248428737032985,0.167,-0.7821907661023234
2022-07-25 07:00:00,0.0,0.0095741640550818,-0.0376477624966345,-3.1984531639504183,0.16666666666666666,-0.7613495146663831
2022-07-25 07:30:00,0.0,3.461619743987309e-05,0.2608892924742073,23.45631519477374,0.16666666666666666,-0.7387806812308292
2022-07-25 08:00:00,0.0,0.0135218254433687,0.7111718198079129,63.6039549074855,0.167,-0.715955424458488
2022-07-25 08:30:00,0.0,0.0003635085509562,1.3561177131121118,121.05778978727822,0.167,-0.6960764719007004
2022-07-25 09:00:00,0.0,0.0136984136047706,2.5058909177836375,223.5282722704334,0.16633333333333333,-0.6809339666062736
2022-07-25 09:30:00,0.0,0.0140851381162262,4.4184146890893,394.1055006198443,0.16633333333333333,-0.6703608254163923
2022-07-25 10:00:00,0.0,0.0180697709221983,7.969873131839298,710.9501822768514,0.16633333333333333,-0.663769059736494
2022-07-25 10:30:00,0.0,0.025470335215486,13.384479499449146,1194.002446043701,0.16633333333333333,-0.6594420265210963
2022-07-25 11:00:00,0.0,0.1343662350911038,20.60775106350933,1839.099755774768,0.16633333333333333,-0.6518595612670968
2022-07-25 11:30:00,0.0,0.1424122002727684,24.8188981225945,2215.3294604348157,0.16633333333333333,-0.6338323127899725
2022-07-25 12:00:00,0.0,0.217439664864751,26.2537920662095,2344.8070322741805,0.16566666666666666,-0.6052663128593836
2022-07-25 12:30:00,0.0,0.2026619157096644,26.42600300429679,2360.21752514427,0.16566666666666666,-0.57820925371442
2022-07-25 13:00:00,0.0,0.2551503090170156,29.709609929051304,2652.025374021317,0.164,-0.5686821265564251
2022-07-25 13:30:00,0.0,0.3701149840774133,29.37927426573868,2623.011454736951,0.164,-0.5820335130834318
2022-07-25 14:00:00,0.0,0.4441654903849959,28.34363440935251,2533.3151409717925,0.162,-0.6080999267137351
2022-07-25 14:30:00,0.0,0.4528102480226821,31.411890924976987,2804.050829621256,0.162,-0.6313209168835068
2022-07-25 15:00:00,0.0,0.1320583585992652,26.146869754666227,2338.0611620689183,0.16033333333333333,-0.6445451185582314
2022-07-25 15:30:00,0.0,0.1148676545857458,25.60857302315951,2289.4188215652844,0.16033333333333333,-0.6536060944710572
2022-07-25 16:00:00,0.0,0.4059154851997855,30.560169104230415,2728.995837876879,0.15966666666666665,-0.6703004191361566
2022-07-25 16:30:00,0.0,0.4753148302640951,28.94581768046166,2585.6667201170744,0.15966666666666665,-0.70039006005738
2022-07-25 17:00:00,0.0,0.2958487078542613,26.294851596678743,2349.166460333063,0.15733333333333333,-0.7366901739425286
2022-07-25 17:30:00,0.0,0.2125453096936135,28.38295906217968,2532.254994704662,0.15733333333333333,-0.7637194492739798
2022-07-25 18:00:00,0.0,0.0486793317287291,23.109087398667757,2062.0224891584685,0.15733333333333333,-0.7700040711325703
2022-07-25 18:30:00,0.0,0.0295756182384674,21.053548141443088,1878.9680043771075,0.15733333333333333,-0.7557876111190844
2022-07-25 19:00:00,0.0,0.0290571822222628,18.292385130440252,1632.547057682121,0.15733333333333333,-0.7297435782164573
2022-07-25 19:30:00,0.0,0.0311956407274381,15.491175167859428,1382.7604407376757,0.15733333333333333,-0.7013088710350286
2022-07-25 20:00:00,0.0,0.0312934489325609,12.975024729481069,1157.8813717859089,0.15666666666666665,-0.6772205231586186
2022-07-25 20:30:00,0.0,4.1503133350895544e-05,11.068863692042044,987.03720051366,0.15666666666666665,-0.6619917934751355
2022-07-25 21:00:00,0.0,4.1503133350895544e-05,8.1296186040505,725.2645193522327,0.15666666666666665,-0.6580352470353452
2022-07-25 21:30:00,0.0,4.100291423138871e-05,6.772214148450647,604.0213449627188,0.15666666666666665,-0.6647267536571799
2022-07-25 22:00:00,0.0,4.0643821461540775e-05,5.190020860917875,462.83788687583257,0.157,-0.6782984958153861
2022-07-25 22:30:00,0.0,3.992767215826984e-05,4.252516232653507,379.4080731299922,0.157,-0.6934660789849716
2022-07-25 23:00:00,0.0,3.948357461039692e-05,3.56364521678447,317.85659751681226,0.157,-0.7059440087835497
2022-07-25 23:30:00,0.0,3.9748922463591833e-05,2.8893827960720784,257.7473477477205,0.157,-0.7140344174040076
2022-07-26 00:00:00,0.0,3.926175095070809e-05,2.4662320196378937,220.05993117743472,0.15733333333333333,-0.7179780011524886
2022-07-26 00:30:00,0.0,3.842952129922892e-05,2.319952618958687,207.1129222828686,0.15733333333333333,-0.7181293876535825
2022-07-26 01:00:00,0.0,3.799406494841691e-05,1.876428152484404,167.31026661672473,0.15733333333333333,-0.7146610570993468
2022-07-26 01:30:00,0.0,0.0189310224044003,1.0527978973141974,94.05216744528138,0.15733333333333333,-0.7092044147779455
2022-07-26 02:00:00,0.0,3.821140429993432e-05,1.6603121868401194,148.07591864391298,0.157,-0.7053855237539707
2022-07-26 02:30:00,0.0,3.829855783190538e-05,1.307570303554601,116.5596533785412,0.157,-0.7063232059489766
2022-07-26 03:00:00,0.0,3.816787418939945e-05,0.9844545863153664,88.09877858106829,0.15733333333333333,-0.7119442075383797
2022-07-26 03:30:00,0.0,3.769289681728121e-05,0.9502184651366123,84.82435247798242,0.15733333333333333,-0.7198302655697358
2022-07-26 04:00:00,0.0,3.795069047326455e-05,0.7611449488990686,68.22647309580324,0.15666666666666665,-0.7282807221358035
2022-07-26 04:30:00,0.0,3.7649739217570726e-05,0.622804490007503,55.65134316014776,0.15666666666666665,-0.7373100383632425
2022-07-26 05:00:00,0.0,3.662332912531117e-05,1.0527978973141974,93.75855408116982,0.157,-0.7466744411801782
2022-07-26 05:30:00,0.0,3.649629532168442e-05,0.6054621389998092,53.90857130862564,0.157,-0.7540824903447582
2022-07-26 06:00:00,0.0,3.649629532168442e-05,0.4663215011794427,41.68508664571167,0.15666666666666665,-0.7557174868002224
2022-07-26 06:30:00,0.0,3.666573640149513e-05,0.5185832128074347,46.327998221737225,0.15666666666666665,-0.7479058757227272
2022-07-26 07:00:00,0.0,3.679314618140097e-05,1.307570303554601,116.71189495511535,0.156,-0.7284381709814771
2022-07-26 07:30:00,0.0,3.726272530589475e-05,1.810111345648029,161.52277354556364,0.156,-0.6973170918133436
2022-07-26 08:00:00,0.0,0.0005195403595519,3.57859952646547,319.3243123313268,0.156,-0.6563114675263683
2022-07-26 08:30:00,0.0,0.0005313699471067,6.198185733825532,552.8010847272483,0.156,-0.6064127198450844
2022-07-26 09:00:00,0.0,0.0177439096856852,8.526512254678407,760.6638950199754,0.15566666666666665,-0.5454450037785679
2022-07-26 09:30:00,0.0,0.0179218362087845,12.315988122462263,1098.4622095437414,0.15566666666666665,-0.4709445235566402
2022-07-26 10:00:00,0.0,0.0248373717190093,16.513438709735432,1473.2215826850552,0.155,-0.3890289264256507
2022-07-26 10:30:00,0.0,0.0271900547714925,21.66349214133118,1933.3863516453496,0.155,-0.3202425588431055
2022-07-26 11:00:00,0.0,0.1779980242789749,26.916558171058327,2402.2012023216776,0.154,-0.2925758970000629
2022-07-26 11:30:00,0.0,0.2462773544865627,28.29077896040273,2527.2145536140806,0.154,-0.3252301341553016
2022-07-26 12:00:00,0.0,0.3674459893945613,29.41133671508987,2628.129350523247,0.153,-0.4161383759005829
2022-07-26 12:30:00,0.0,0.404945912843249,32.216877392788305,2877.7671264308055,0.153,-0.5415994655169457
2022-07-26 13:00:00,0.0,0.4096824444828813,29.496509934096576,2637.242392405257,0.152,-0.6689910451236717
2022-07-26 13:30:00,0.0,0.351324717161197,29.78965412507225,2662.751169316899,0.152,-0.7763492344051024
2022-07-26 14:00:00,0.0,0.3154036466681826,30.878091432574458,2758.84526003947,0.151,-0.8629160727828228
2022-07-26 14:30:00,0.0,0.2894252928702399,28.83459563581291,2578.020409583291,0.151,-0.9399003873867988
2022-07-26 15:00:00,0.0,0.3427339082940335,26.45788385620572,2365.2462379015924,0.15033333333333335,-1.0135929344269805
2022-07-26 15:30:00,0.0,0.4182500119248899,30.104071061172014,2690.0062133389183,0.15033333333333335,-1.080115570569518
2022-07-26 16:00:00,0.0,0.4696770648870398,27.298156662666617,2440.470036318331,0.14866666666666667,-1.1324271034050275
2022-07-26 16:30:00,0.0,0.4501529349122216,31.133572386824675,2780.3192024632435,0.14866666666666667,-1.1680922623636327
2022-07-26 17:00:00,0.0,0.4138449217996956,27.516017331872455,2459.2998310751727,0.14733333333333334,-1.19214303533385
2022-07-26 17:30:00,0.0,0.4034306107716785,25.6443427953257,2293.331095500984,0.14733333333333334,-1.2149329343630535
2022-07-26 18:00:00,0.0,0.4313279895259513,29.735780128061663,2656.2174759897084,0.1456666666666667,-1.2462182306689435
2022-07-26 18:30:00,0.0,0.3892446229744998,28.606757700003687,2554.9189557859313,0.1456666666666667,-1.2901673310874904
2022-07-26 19:00:00,0.0,0.3725147942316223,27.668743271458236,2471.8040292059623,0.14500000000000002,-1.3463345975473302
2022-07-26 19:30:00,0.0,0.3060133972178854,26.54832983915003,2371.323417480679,0.14500000000000002,-1.413855577224336
2022-07-26 20:00:00,0.0,0.168112378980287,26.094361553350264,2329.744699149147,0.1446666666666667,-1.4914067738088412
2022-07-26 20:30:00,0.0,0.1436761113591192,28.39369276676197,2532.090025116123,0.1446666666666667,-1.5725896959513688
2022-07-26 21:00:00,0.0,0.0460446098296915,20.389339578769192,1819.808059907482,0.14500000000000002,-1.643910805395038
2022-07-26 21:30:00,0.0,4.395203327120259e-05,15.477081066542564,1381.2078358410088,0.14500000000000002,-1.6895812115422824
2022-07-26 22:00:00,0.0,0.0276962783326066,11.664237229070856,1040.641827702398,0.14433333333333334,-1.6998798969212248
2022-07-26 22:30:00,0.0,0.0265980488122587,9.166212938320603,817.6991729310698,0.14433333333333334,-1.6766527935532478
2022-07-26 23:00:00,0.0,0.0258847353581103,6.65034477784317,593.6654849201617,0.14500000000000002,-1.6318576145392465
2022-07-26 23:30:00,0.0,0.0331366428049798,5.36067018436368,478.25996045499255,0.14500000000000002,-1.5804204195523242
2022-07-27 00:00:00,0.0,0.0309408607205219,4.304500705198905,384.3334996093115,0.146,-1.533093017393423
2022-07-27 00:30:00,0.0,0.0272434969883797,3.8112099100716303,340.00287828395903,0.146,-1.4938695252855214
2022-07-27 01:00:00,0.0,0.0184564113120648,2.733613299294712,244.18509101031628,0.14633333333333334,-1.461414132773152
2022-07-27 01:30:00,0.0,0.0159916506105354,2.685108180487008,239.40918734172504,0.14633333333333334,-1.4321333816104116
2022-07-27 02:00:00,0.0,0.0153995491793199,1.930582209535748,172.26451613122097,0.14666666666666667,-1.4039112997199887
2022-07-27 02:30:00,0.0,0.0162530695444022,1.3253683254474795,118.34434164138015,0.14666666666666667,-1.3789116767368144
2022-07-27 03:00:00,0.0,3.704881103455631e-05,1.0520326538981382,93.93784764901515,0.147,-1.3623032487308138
2022-07-27 03:30:00,0.0,3.586361836441259e-05,1.4440984083873298,128.64653528846517,0.147,-1.357153549192811
2022-07-27 04:00:00,0.0,0.011874082407466,0.793265379457213,70.96175643500021,0.14666666666666667,-1.360924787744046
2022-07-27 04:30:00,0.0,0.0161461520371542,0.566987085519668,50.77392724604165,0.14666666666666667,-1.3673719631369443
2022-07-27 05:00:00,0.0,3.5071174531835046e-05,0.3035218095114018,27.226023587478473,0.14666666666666667,-1.3709445017496626
2022-07-27 05:30:00,0.0,3.461619743987309e-05,0.0730827350399647,6.849647550505309,0.14666666666666667,-1.368853439330001
2022-07-27 06:00:00,0.0,3.4657089110898426e-05,0.0196227147085886,1.853055410271768,0.147,-1.3602524888577985
2022-07-27 06:30:00,0.0,3.4205635288323394e-05,-0.1234604795013633,-10.86239428844515,0.147,-1.3449572465628974
2022-07-27 07:00:00,0.0,3.469801230712109e-05,1.1890426394577918,106.01201462924406,0.147,-1.322672527393514
2022-07-27 07:30:00,0.0,3.482268077466148e-05,1.359343788810918,121.46818546753212,0.147,-1.29147837446365
2022-07-27 08:00:00,0.0,3.5236327077905795e-05,2.3104070457864094,206.25045860665855,0.14666666666666667,-1.2454115733438114
2022-07-27 08:30:00,0.0,3.536052203677899e-05,2.701285905672433,241.0889995163384,0.14666666666666667,-1.1731192309947192
2022-07-27 09:00:00,0.0,3.78225567148035e-05,3.7177615024126487,331.84375413064936,0.14633333333333334,-1.0609873808316903
2022-07-27 09:30:00,0.0,4.1048409660363565e-05,7.086882409171763,632.0920434175548,0.14633333333333334,-0.9032507927164922
2022-07-27 10:00:00,0.0,4.456473885987298e-05,12.561414388029045,1120.3948255451471,0.146,-0.7153040624410535
2022-07-27 10:30:00,0.0,5.297895826524656e-05,21.59325585899211,1926.8677312153268,0.146,-0.5378470937463873
2022-07-27 11:00:00,0.0,0.159820167307328,26.056653047313517,2329.438245877262,0.14566666666666667,-0.4222720829185974
2022-07-27 11:30:00,0.0,0.2978399547541107,28.74422715598659,2570.637732422468,0.14566666666666667,-0.4049356408993292
2022-07-27 12:00:00,0.0,0.3337258211118702,30.046731556471514,2687.149720388361,0.1436666666666667,-0.488684434353667
2022-07-27 12:30:00,0.0,0.3492344888773273,28.395372305685775,2539.619406914543,0.1436666666666667,-0.6437414217644444
2022-07-27 13:00:00,0.0,0.4059595798017266,30.864224893039435,2758.4171197154424,0.14200000000000002,-0.827151773015012
2022-07-27 13:30:00,0.0,0.5496189648751773,30.78077246183704,2749.745925540747,0.14200000000000002,-1.007496342559357
2022-07-27 14:00:00,0.0,0.5570291518609188,30.31555465549399,2708.729524788658,0.1406666666666667,-1.1746383266268892
2022-07-27 14:30:00,0.0,0.614921178973408,28.275882645551498,2526.750735214894,0.1406666666666667,-1.3287546940792938
2022-07-27 15:00:00,0.0,0.6802388129020447,29.54372937128047,2639.804488160866,0.138,-1.466669557562075
2022-07-27 15:30:00,0.0,0.6514640801629447,28.964964178810423,2587.1208064275834,0.138,-1.5822401870983327
2022-07-27 16:00:00,0.0,0.7430898701301359,27.46367625593011,2454.3378137277064,0.13566666666666669,-1.67526243477391
2022-07-27 16:30:00,0.0,0.761778664824079,27.398762040718054,2447.69765578,0.13566666666666669,-1.7541611647317616
2022-07-27 17:00:00,0.0,0.7168390979038487,29.90793203032098,2669.6640269113605,0.13433333333333333,-1.8300145881900367
2022-07-27 17:30:00,0.0,0.6421962357515533,34.85228942481528,3108.156568345726,0.13433333333333333,-1.9104301190117412
2022-07-27 18:00:00,0.0,0.5468487147568176,29.20039751014941,2606.0431569239845,0.13333333333333333,-1.998278301248548
2022-07-27 18:30:00,0.0,0.5292327729444184,28.87836189990274,2577.181010737396,0.13333333333333333,-2.0926953204348986
2022-07-27 19:00:00,0.0,0.2299718453248615,28.941360181139625,2582.2190613518724,0.13233333333333333,-2.190232278370879
2022-07-27 19:30:00,0.0,0.0687395799044625,23.753629137801735,2121.1172416760196,0.13233333333333333,-2.286761003631603
2022-07-27 20:00:00,0.0,0.0083387922910375,23.285680533204783,2078.626043705143,0.13166666666666668,-2.377841393655849
2022-07-27 20:30:00,0.0,0.0078532985582118,22.00665868237216,1964.30400378152,0.13166666666666668,-2.45585882794095
2022-07-27 21:00:00,0.0,5.2771351588549656e-05,18.298215723471948,1632.947549825619,0.132,-2.509305773300434
2022-07-27 21:30:00,0.0,5.070769872564525e-05,14.187132865181772,1265.5828282732914,0.132,-2.5291353265342944
2022-07-27 22:00:00,0.0,4.9746028364174434e-05,11.22218765297064,1001.3076884879612,0.13266666666666668,-2.516013138436951
2022-07-27 22:30:00,0.0,0.0438130318101658,10.06741899861646,897.817365149767,0.13266666666666668,-2.479948203220601
2022-07-27 23:00:00,0.0,0.0405405142006536,7.170208559282493,639.6747499726944,0.13266666666666668,-2.4336162547410902
2022-07-27 23:30:00,0.0,0.0382680989661344,6.025352681753784,537.2650514316831,0.13266666666666668,-2.3868459700366893
2022-07-28 00:00:00,0.0,0.0514412211790704,5.169707683646696,461.10361666749816,0.13233333333333333,-2.345475207709528
2022-07-28 00:30:00,0.0,0.0336487769381365,4.337046163114363,386.49022494361134,0.13233333333333333,-2.312363521935135
2022-07-28 01:00:00,0.0,4.260172388202845e-05,3.684568462704128,328.5640400362259,0.133,-2.288061200923233
2022-07-28 01:30:00,0.0,0.0282165434056235,3.368531025845412,300.2842620277075,0.133,-2.271053347757522
2022-07-28 02:00:00,0.0,0.0264604268291569,2.3821137961816174,212.72209069937657,0.13366666666666668,-2.258613238728477
2022-07-28 02:30:00,0.0,0.0252866863305984,2.415013137704071,215.3631859553364,0.13366666666666668,-2.248322063653702
2022-07-28 03:00:00,0.0,0.0227471560673007,1.749491273658236,156.03760753895384,0.13366666666666668,-2.239250258889967
2022-07-28 03:30:00,0.0,0.0212095300316322,1.4446865104075872,128.97060013194536,0.13366666666666668,-2.231967278670748
2022-07-28 04:00:00,0.0,0.0203493822260263,1.3423275863692712,119.90232489712014,0.13366666666666668,-2.227370430392575
2022-07-28 04:30:00,0.0,0.0189057573577569,1.1364530330548182,101.25336869792416,0.13366666666666668,-2.2253100715268737
2022-07-28 05:00:00,0.0,0.0180329906785474,0.8595128195308596,76.82152614617772,0.134,-2.2243431611811713
2022-07-28 05:30:00,0.0,0.0172700397645538,0.9463598091831312,84.33485978618052,0.134,-2.2226200845576
2022-07-28 06:00:00,0.0,0.0164532408288828,0.2792334733519049,25.102341397813504,0.13433333333333333,-2.2185110009979367
2022-07-28 06:30:00,0.0,0.0163409349836933,0.421055579852688,37.73178393816863,0.13433333333333333,-2.2101797572021007
2022-07-28 07:00:00,0.0,0.0155832312066847,0.9810210790789032,87.41855174974779,0.134,-2.1945237033919605
2022-07-28 07:30:00,0.0,0.0155776095136194,1.5296944736586036,136.42533762391372,0.134,-2.1656323681949945
2022-07-28 08:00:00,0.0,0.0155986170370005,2.3326916868153935,208.05758591534092,0.134,-2.1132425995515436
2022-07-28 08:30:00,0.0,0.0163217522054955,2.9684475794419933,264.92557634221026,0.134,-2.02344279204105
2022-07-28 09:00:00,0.0,4.2510649923411175e-05,3.463712922666086,309.1432793176202,0.134,-1.8834286611561843
2022-07-28 09:30:00,0.0,4.6336447100012454e-05,7.313819891879062,652.4166266344902,0.134,-1.690422711136618
2022-07-28 10:00:00,0.0,5.014907667127019e-05,10.978423954131507,979.291046835561,0.13333333333333333,-1.4627401843447916
2022-07-28 10:30:00,0.0,5.742076975340949e-05,19.918002917991306,1777.0011082363364,0.13333333333333333,-1.2467479453829822
2022-07-28 11:00:00,0.0,0.1747450199249016,26.47751449963791,2364.147151867838,0.13233333333333333,-1.1075125975060855
2022-07-28 11:30:00,0.0,0.1852708324918396,28.2033503044181,2520.2853774506875,0.13233333333333333,-1.0976554543715156
2022-07-28 12:00:00,0.0,0.2295022105819827,28.79449436910367,2571.7996011807154,0.131,-1.22234766962448
2022-07-28 12:30:00,0.0,0.2256957216415683,27.507329675223115,2457.159194483602,0.131,-1.4329923636262345
2022-07-28 13:00:00,0.0,0.4605819524708146,28.507788290818425,2545.909344796809,0.12933333333333333,-1.660638695720238
2022-07-28 13:30:00,0.0,0.4844445902016592,27.27036797869084,2437.5966155442698,0.12933333333333333,-1.859417591757212
2022-07-28 14:00:00,0.0,0.5451507856320336,26.80119666868964,2395.254886048495,0.12833333333333333,-2.020694825016242
2022-07-28 14:30:00,0.0,0.542083312710393,27.670080681945027,2471.735461784948,0.12833333333333333,-2.1549629039801146
2022-07-28 15:00:00,0.0,0.7061581169166752,25.98360040272244,2321.7324291125574,0.125,-2.270751560704024
2022-07-28 15:30:00,0.0,0.5299590434909828,25.628807852708967,2289.3583467718563,0.125,-2.3700879606057668
2022-07-28 16:00:00,0.0,0.3207092342315808,25.53543797620228,2281.072202766206,0.12366666666666666,-2.454290693877684
2022-07-28 16:30:00,0.0,0.3526313941378924,25.933080286260907,2316.2720080611393,0.12366666666666666,-2.527471097858301
2022-07-28 17:00:00,0.0,0.6677398267991842,25.296917127488378,2258.887142011173,0.12266666666666666,-2.5948772074525235
2022-07-28 17:30:00,0.0,0.640398713524293,26.36078112439232,2352.792322185182,0.12266666666666666,-2.660586325406574
2022-07-28 18:00:00,0.0,0.6602424910117451,22.267905034806088,1989.9924855132135,0.122,-2.7275063736639917
2022-07-28 18:30:00,0.0,0.3980068916333634,28.187275274248034,2515.207708287683,0.122,-2.799236491414037
2022-07-28 19:00:00,0.0,0.5343219044522175,28.25154403858636,2519.9888996306004,0.12133333333333333,-2.881902294402475
2022-07-28 19:30:00,0.0,0.3434588166089928,24.486988680820108,2186.0261619611865,0.12133333333333333,-2.9834978216690136
2022-07-28 20:00:00,0.0,0.2449995491842656,24.721102500961617,2206.441159354551,0.12033333333333333,-3.107453838214043
2022-07-28 20:30:00,0.0,0.0139226445011157,22.504947250341896,2008.4539816382817,0.12033333333333333,-3.2426167247001993
2022-07-28 21:00:00,0.0,0.1066595933002595,22.61391341161563,2016.657295384902,0.12,-3.3610592088952544
2022-07-28 21:30:00,0.0,0.0971448499147444,16.61086016340043,1482.3657847163352,0.12,-3.43220661825935
2022-07-28 22:00:00,0.0,0.1227044802994248,14.731722700446385,1313.467623641979,0.12066666666666666,-3.4431780800513816
2022-07-28 22:30:00,0.0,0.1162084707519109,11.224827797184442,1000.6325360895336,0.12066666666666666,-3.406167604734156
2022-07-28 23:00:00,0.0,0.1045119897910155,8.936755084939788,797.2255027535836,0.12066666666666666,-3.3476557492206327
2022-07-28 23:30:00,0.0,0.0960427535544261,7.466202719600272,665.9500831017276,0.12066666666666666,-3.2914711222374944
2022-07-29 00:00:00,0.0,0.0615448718325651,6.82510847305113,608.3786623017289,0.12,-3.2487373103871016
2022-07-29 00:30:00,0.0,0.0821922921091813,5.770110936817352,514.2021832624987,0.12,-3.2184126778235056
2022-07-29 01:00:00,0.0,0.0567360863317754,5.025163844746263,448.2641589520963,0.12,-3.19421609504301
2022-07-29 01:30:00,0.0,0.0795771061640482,4.058506962290283,361.7016048913752,0.12,-3.1714540832886655
2022-07-29 02:00:00,0.0,0.0538255882518091,3.4911405906781368,311.5709014385212,0.12,-3.1498292627476507
2022-07-29 02:30:00,0.0,4.3344266036965424e-05,3.5388560134993607,315.6153399498652,0.12,-3.132290889822651
2022-07-29 03:00:00,0.0,0.0513758587119922,2.8633887814875947,255.21751917455936,0.12033333333333333,-3.121959708866866
2022-07-29 03:30:00,0.0,3.983823569405072e-05,2.6345760517997188,235.30613333748684,0.12033333333333333,-3.119566879370469
2022-07-29 04:00:00,0.0,4.073247111652964e-05,2.568855446125912,229.0238167613227,0.12033333333333333,-3.12338262538152
2022-07-29 04:30:00,0.0,4.019484801603504e-05,1.0820655448453345,96.69567963821972,0.12033333333333333,-3.131217523722438
2022-07-29 05:00:00,0.0,3.8954333049748784e-05,1.9534625671787824,174.22698419277668,0.12033333333333333,-3.1414834728837135
2022-07-29 05:30:00,0.0,3.739144891428285e-05,2.370758772519429,211.20914362760985,0.12033333333333333,-3.151587370271614
2022-07-29 06:00:00,0.0,3.5277693922599674e-05,1.9534625671787824,174.26498484351052,0.12066666666666666,-3.1561347247452134
2022-07-29 06:30:00,0.0,3.5947332179102164e-05,1.272372198326411,113.46546039834342,0.12066666666666666,-3.148395153399969
2022-07-29 07:00:00,0.0,3.511241543644672e-05,1.7339537181183184,154.67844672526556,0.12033333333333333,-3.123966736632605
2022-07-29 07:30:00,0.0,3.577829014767662e-05,2.568855446125912,229.1239530689697,0.12033333333333333,-3.081622991776757
2022-07-29 08:00:00,0.0,3.696346423972096e-05,3.3954678875645503,302.8876971796175,0.12066666666666666,-3.0189648140427896
2022-07-29 08:30:00,0.0,3.825496551648326e-05,5.370192939602424,478.8430775340545,0.12066666666666666,-2.9278428968539023
2022-07-29 09:00:00,0.0,4.182074367647945e-05,6.582731484486818,587.0549424286669,0.12033333333333333,-2.7967975890238734
2022-07-29 09:30:00,0.0,4.575834189264077e-05,9.463129347021187,843.837808189286,0.12033333333333333,-2.6225587247522775
2022-07-29 10:00:00,0.0,5.199275106174824e-05,12.676360669157688,1130.6583874379166,0.11966666666666666,-2.4248259242028563
2022-07-29 10:30:00,0.0,5.8910939796128936e-05,19.634968654163263,1751.9292070333747,0.11966666666666666,-2.252518406461069
2022-07-29 11:00:00,0.0,0.165939165021747,27.138831313824593,2422.36350998266,0.11866666666666666,-2.168894571718082
2022-07-29 11:30:00,0.0,0.1753055914217697,28.868035779988528,2578.7834166312255,0.11866666666666666,-2.2165268046954374
2022-07-29 12:00:00,0.0,0.221328745600004,27.87692087202969,2490.870021526204,0.11766666666666666,-2.385996813217917
2022-07-29 12:30:00,0.0,0.4253996300751395,28.73222325987732,2566.7581078594976,0.11766666666666666,-2.6177499621822173
2022-07-29 13:00:00,0.0,0.4362173181660551,29.21785501938845,2609.329064118035,0.11699999999999999,-2.840590028196317
2022-07-29 13:30:00,0.0,0.4677660836815051,27.48466853636505,2455.3576563002193,0.11699999999999999,-3.016287536953944
2022-07-29 14:00:00,0.0,0.5225372391596889,28.72422279934484,2564.9944957176326,0.11633333333333333,-3.1529943016695636
2022-07-29 14:30:00,0.0,0.7285486452569537,29.24953678069275,2611.588718115886,0.11633333333333333,-3.279993784388548
2022-07-29 15:00:00,0.0,0.7450069970415181,28.612081595256193,2555.142241153027,0.114,-3.412201145017108
2022-07-29 15:30:00,0.0,0.4696809666695797,26.34726950993508,2352.578058947326,0.114,-3.5383851090253935
2022-07-29 16:00:00,0.0,0.2578915776552819,25.362390433739854,2264.0303098433296,0.11233333333333334,-3.6400724941329026
2022-07-29 16:30:00,0.0,0.0251699272628557,23.693302982794783,2114.819194481794,0.11233333333333334,-3.718435002315319
2022-07-29 17:00:00,0.0,0.5836451594038227,30.585882978356093,2729.459671622922,0.11166666666666668,-3.800204684199231
2022-07-29 17:30:00,0.0,0.2779266050706445,29.194080663478346,2606.4616559135184,0.11166666666666668,-3.9160142904625546
2022-07-29 18:00:00,0.0,0.3788030586670901,35.69125540105909,3182.7312494871258,0.11133333333333334,-4.071371879631372
2022-07-29 18:30:00,0.0,0.3709013876479419,25.857422724387515,2307.4499584831447,0.11133333333333334,-4.236286413358117
2022-07-29 19:00:00,0.2,0.0237352289173549,22.92095214820981,2044.164924710269,0.111,-4.361388983031778
2022-07-29 19:30:00,0.2,0.0208406572633177,13.862072980565314,1236.4651332086723,0.111,-4.406859339161182
2022-07-29 20:00:00,7.6,0.0115677213435319,10.9287197472392,974.4874676964567,0.113,-4.363962128787115
2022-07-29 20:30:00,0.0,3.988293852646097e-05,9.476166041833984,844.4366566334702,0.113,-4.256897977019402
2022-07-29 21:00:00,0.0,0.0102808543653316,6.077452709296258,542.4505484458409,0.16766666666666666,-4.125724286363756
2022-07-29 21:30:00,0.0,0.0107545643245219,5.4892555213987695,489.2494009619804,0.16766666666666666,-4.004063867584572
2022-07-29 22:00:00,0.0,0.0083195641273125,4.797922979594294,427.57231202600974,0.17366666666666666,-3.907698943041743
2022-07-29 22:30:00,0.0,3.7779305572449985e-05,4.461378528516859,397.3320640457608,0.17366666666666666,-3.8375842858927407
2022-07-29 23:00:00,0.0,0.0072606933366368,2.7818845671124843,248.1463088354977,0.17600000000000002,-3.788389378352794
2022-07-29 23:30:00,0.0,3.700612199468409e-05,2.6673784323720633,237.8148854882698,0.17600000000000002,-3.7542653013948257
2022-07-30 00:00:00,0.0,0.0063569388627756,2.07326551628292,185.04820368652452,0.17700000000000002,-3.73058295073995
2022-07-30 00:30:00,0.0,3.6073138475722e-05,1.6830147416708885,150.2208755101132,0.17700000000000002,-3.7141707864652087
2022-07-30 01:00:00,0.0,3.5947332179102164e-05,1.3736927312280471,122.67643581806384,0.17700000000000002,-3.703056704204138
2022-07-30 01:30:00,0.0,3.540371153436868e-05,1.4427330850218492,128.57395071768076,0.17700000000000002,-3.6957352717046663
2022-07-30 02:00:00,0.0,3.515368783130449e-05,1.2177119897050244,108.54796674280384,0.17666666666666667,-3.690637539642633
2022-07-30 02:30:00,0.0,3.4657089110898426e-05,0.867861571066096,77.57964889021216,0.17666666666666667,-3.686719363186632
2022-07-30 03:00:00,0.0,3.4165093201904455e-05,0.938192289431605,83.75852622864367,0.17700000000000002,-3.684279538170751
2022-07-30 03:30:00,0.0,3.4165093201904455e-05,0.4062102431108308,36.393709137884855,0.17700000000000002,-3.684391635340636
2022-07-30 04:00:00,0.0,3.3716191316882116e-05,0.298546109394591,26.71076131758848,0.17633333333333334,-3.687496393385693
2022-07-30 04:30:00,0.0,3.331269792334119e-05,0.3882960470075431,34.68833419819018,0.17633333333333334,-3.6929534617613577
2022-07-30 05:00:00,0.0,3.3798281318612486e-05,0.172391646477067,15.415391002106064,0.17633333333333334,-3.699454426990681
2022-07-30 05:30:00,0.0,3.2311510725841314e-05,0.280560197435244,25.117336987183837,0.17633333333333334,-3.7047916399921417
2022-07-30 06:00:00,0.0,3.271019973049637e-05,0.2084961640560341,18.613995380793178,0.17600000000000002,-3.7053015418846167
2022-07-30 06:30:00,0.0,3.1995235324696024e-05,-0.0817078784378035,-7.268873144761448,0.17600000000000002,-3.6970309854140138
2022-07-30 07:00:00,0.0,3.355407484649961e-05,-0.1182051200000663,-10.34267727943339,0.17600000000000002,-3.678651716793064
2022-07-30 07:30:00,0.0,3.453450868479409e-05,-0.1182051200000663,-10.289701533823877,0.17600000000000002,-3.653120958500998
2022-07-30 08:00:00,0.0,0.0003164409144857,0.5847015484143199,52.41574940252995,0.17566666666666667,-3.624312232095035
2022-07-30 08:30:00,0.0,0.000338105284451,1.631702508596196,145.59832403167445,0.17566666666666667,-3.5888785454924528
2022-07-30 09:00:00,0.0,3.803747056451597e-05,3.3412736028997583,297.9223055723373,0.17500000000000002,-3.5299835264784014
2022-07-30 09:30:00,0.0,3.904253920677047e-05,4.446585313110813,396.68530807171754,0.17500000000000002,-3.4236438118571173
2022-07-30 10:00:00,0.0,4.127444219376738e-05,7.8369712670484,698.8569501231518,0.17433333333333334,-3.261204663633982
2022-07-30 10:30:00,0.0,4.7311103441097886e-05,15.986801358456097,1425.7346289328118,0.17433333333333334,-3.0730807435737506
2022-07-30 11:00:00,0.0,0.1517034894714407,25.237328892087255,2252.051944675414,0.17366666666666666,-2.9273268519608044
2022-07-30 11:30:00,0.0,0.1674027902466953,29.854603045858795,2664.5440977535036,0.17366666666666666,-2.892119359437161
2022-07-30 12:00:00,0.0,0.3424557433452184,29.15708796755433,2606.32035902994,0.17233333333333334,-2.9880932737816677
2022-07-30 12:30:00,0.0,0.1947938679461983,28.12495614225531,2512.4736845391217,0.17233333333333334,-3.174396621180944
2022-07-30 13:00:00,0.0,0.0429123134853866,27.427452768575563,2449.5509281266527,0.17033333333333334,-3.3826702865978855
2022-07-30 13:30:00,0.0,0.0433066384275032,30.52722009111525,2726.4950026078627,0.17033333333333334,-3.562541234531741
2022-07-30 14:00:00,0.0,0.0320934006092648,29.546655712441783,2638.5489230355743,0.16866666666666666,-3.6929482321080767
2022-07-30 14:30:00,0.2,0.2717952202132108,24.30155663719787,2167.8061526688925,0.16866666666666666,-3.763558892837689
2022-07-30 15:00:00,0.0,0.1717267199777302,21.577053212451226,1925.1705052337832,0.16833333333333333,-3.7682179190252327
2022-07-30 15:30:00,0.0,0.380489361166595,26.987418354496423,2407.8223011429795,0.16833333333333333,-3.719963988119152
2022-07-30 16:00:00,0.0,0.4246809671425299,27.62540591964736,2467.2354334742463,0.16966666666666666,-3.654652493106179
2022-07-30 16:30:00,0.0,0.3299930170448754,25.616662450492115,2289.941280735725,0.16966666666666666,-3.6098927779023247
2022-07-30 17:00:00,0.0,0.4055291726181119,25.924739696462048,2317.645591475591,0.16666666666666666,-3.6042157475009744
2022-07-30 17:30:00,0.0,0.4619201742209359,31.596367332058488,2820.9810984352357,0.16666666666666666,-3.635684648924516
2022-07-30 18:00:00,0.0,0.365951187202799,25.74527525751305,2301.9094899622164,0.16366666666666665,-3.69065472393624
2022-07-30 18:30:00,0.0,0.4062679828395355,29.443592118772735,2627.9764357137224,0.16366666666666665,-3.750559487823212
2022-07-30 19:00:00,0.0,0.226828006617239,23.4361248496064,2091.8247003193037,0.16266666666666665,-3.798576295865238
2022-07-30 19:30:00,0.0,0.1066883104393827,21.717906823504705,1937.6408276608431,0.16266666666666665,-3.82721602650431
2022-07-30 20:00:00,0.0,0.150106392589769,18.0121689944697,1606.4839976207168,0.16233333333333333,-3.8393484562622895
2022-07-30 20:30:00,0.0,0.1567806676388797,17.30717014360254,1543.8805605502562,0.16233333333333333,-3.840739509687088
2022-07-30 21:00:00,0.0,0.0465941767465391,16.535505485456774,1474.8530749943543,0.162,-3.83321899014456
2022-07-30 21:30:00,0.0,4.456473885987298e-05,13.774524062632118,1228.6726055973404,0.162,-3.8148954018266226
2022-07-30 22:00:00,0.0,0.0302890457391785,11.090037024907708,989.013717267302,0.16133333333333333,-3.784178966591579
2022-07-30 22:30:00,0.0,0.0396165957991815,8.262435234386478,737.1158460295064,0.16133333333333333,-3.742723456664742
2022-07-30 23:00:00,0.0,0.0373931797636588,7.208675964692136,642.844739058559,0.162,-3.6960340545390458
2022-07-30 23:30:00,0.0,0.0239560291033342,5.525971099573809,492.8099289853895,0.162,-3.651463962673777
2022-07-31 00:00:00,0.0,0.0226495541562036,4.4617236828661975,398.34834539828034,0.162,-3.614101712466899
2022-07-31 00:30:00,0.0,0.0203981837969952,3.990608976783051,355.9485221523455,0.162,-3.5841897349334144
2022-07-31 01:00:00,0.0,0.0187776534496127,3.720159364270587,331.79275009292513,0.16166666666666665,-3.559062893886851
2022-07-31 01:30:00,0.0,0.0176271583039164,2.9915620739912616,266.88544604934714,0.16166666666666665,-3.5372351074547432
2022-07-31 02:00:00,0.0,0.0181366346168367,2.9915620739912616,266.60997182154637,0.16166666666666665,-3.5198090918466
2022-07-31 02:30:00,0.0,0.0164385024849206,2.578483086089152,229.761114318405,0.16166666666666665,-3.5084044373275853
2022-07-31 03:00:00,0.0,0.0218248347844784,2.226708437144124,198.57093864146924,0.16166666666666665,-3.503178353152398
2022-07-31 03:30:00,0.0,0.0222403832766057,1.989690634750144,177.30425433532676,0.16166666666666665,-3.503139582063627
2022-07-31 04:00:00,0.0,0.0201092520334722,1.9215965473512395,171.47649092309152,0.16166666666666665,-3.5070334117084436
2022-07-31 04:30:00,0.0,0.0139143953353427,1.7162999328675126,153.03229807476973,0.16166666666666665,-3.513084263743709
2022-07-31 05:00:00,0.0,0.0186668199310172,1.4921529519443335,133.13578831902208,0.16166666666666665,-3.5186151931040355
2022-07-31 05:30:00,0.0,0.0183419873850324,1.4228147113841725,126.98000676493162,0.16166666666666665,-3.520732676660115
2022-07-31 06:00:00,0.0,0.0179112019059199,0.8616819190871036,77.12523607531756,0.16133333333333333,-3.51729758223906
2022-07-31 06:30:00,0.0,0.0128684797396835,1.0030518183596528,89.89504767893386,0.16133333333333333,-3.5069448277264
2022-07-31 07:00:00,0.0,0.0126941173580434,1.3880796735911871,124.17238365381364,0.16133333333333333,-3.488158998171035
2022-07-31 07:30:00,0.0,3.445124818432026e-05,2.361242971605478,210.75557551758465,0.16133333333333333,-3.4584213684213565
2022-07-31 08:00:00,0.0,0.0137849116939816,3.704170306185097,330.57208597656694,0.161,-3.4138446767533868
2022-07-31 08:30:00,0.0,0.016626323053672,5.381515430031822,480.06042803219026,0.161,-3.349443342783218
2022-07-31 09:00:00,0.0,3.983823569405072e-05,6.925040159890489,617.8015575497117,0.16,-3.260112700599388
2022-07-31 09:30:00,0.0,4.357773870443802e-05,11.151392850228111,994.7876767032056,0.16,-3.143442471390931
2022-07-31 10:00:00,0.0,4.745745403442763e-05,15.871685308058623,1415.4668696795438,0.15966666666666665,-3.0074283946330027
2022-07-31 10:30:00,0.0,5.3450333333990725e-05,22.962838110241375,2048.6828512424304,0.15966666666666665,-2.881130586795503
2022-07-31 11:00:00,0.0,0.1510701551813174,29.398856549575896,2626.228860258945,0.15866666666666665,-2.81299865668895
2022-07-31 11:30:00,0.0,0.1652829738597629,28.868638494602635,2581.3048617958502,0.15866666666666665,-2.8444300195563694
2022-07-31 12:00:00,0.0,0.3977111059575186,31.48965858333369,2813.7318670348586,0.15766666666666665,-2.976643333245845
2022-07-31 12:30:00,0.0,0.4278024472946182,32.221570667039046,2879.6734320956148,0.15766666666666665,-3.1659599805468224
2022-07-31 13:00:00,0.0,0.43415345545941,29.986834213480176,2679.9192008033724,0.15566666666666668,-3.353283112297838
2022-07-31 13:30:00,0.0,0.565700422952798,29.15050835947981,2605.625914793924,0.15566666666666668,-3.499005575796135
2022-07-31 14:00:00,0.0,0.6833917181114244,28.876713892631933,2581.6478634708265,0.15433333333333335,-3.597057053252937
2022-07-31 14:30:00,0.0,0.7074261691531181,28.39801875586061,2539.057919806221,0.15433333333333335,-3.665736122971527
2022-07-31 15:00:00,0.0,0.6813915479115663,30.00263220814991,2680.9750125807623,0.15133333333333335,-3.729633071165239
2022-07-31 15:30:00,0.0,0.7111083909755544,28.136446008509843,2513.3552970563346,0.15133333333333335,-3.8069724738556703
2022-07-31 16:00:00,0.0,0.7086860097395552,28.70685657090378,2564.3277498315824,0.14966666666666667,-3.9050612079432736
2022-07-31 16:30:00,0.0,0.6407568973387326,33.7154492446707,3007.601676246853,0.14966666666666667,-4.018735233846335
2022-07-31 17:00:00,0.0,0.7336175925615265,32.25185190513126,2877.3687085139104,0.14833333333333334,-4.131380925539512
2022-07-31 17:30:00,0.0,0.6338715394390607,29.5743690872648,2641.6435970634784,0.14833333333333334,-4.223564974006169
2022-07-31 18:00:00,0.0,0.578723559013519,28.98963329114114,2590.288780243621,0.14733333333333334,-4.285912397062973
2022-07-31 18:30:00,0.0,0.4764337260064906,31.01931230859209,2769.4325503379223,0.14733333333333334,-4.323610547634124
2022-07-31 19:00:00,0.0,0.4528086983420852,28.24287683268209,2522.811836039073,0.14633333333333334,-4.348121579826004
2022-07-31 19:30:00,0.0,0.4150398141635015,27.988699933918095,2498.636154141308,0.14633333333333334,-4.366232861035646
2022-07-31 20:00:00,0.0,0.3362169385071661,25.205165298468675,2249.978393223744,0.14566666666666667,-4.376711425541782
2022-07-31 20:30:00,0.0,0.2339534055349859,24.855204259353258,2216.7711935778175,0.14566666666666667,-4.374330069341106
2022-07-31 21:00:00,0.0,0.0832718286896272,19.36957322856892,1727.7572445667909,0.146,-4.355095452886809
2022-07-31 21:30:00,0.0,5.009806949518672e-05,15.231631345278696,1358.3884745316518,0.146,-4.319099144805057
2022-07-31 22:00:00,0.0,4.934261508920132e-05,13.556449613218192,1208.270707403318,0.14666666666666667,-4.270775347453407
2022-07-31 22:30:00,0.0,4.819712144822785e-05,10.120485099517923,901.8999489935668,0.14666666666666667,-4.217599870364466
2022-07-31 23:00:00,0.0,4.839501247742243e-05,7.89785998426253,703.8154300163214,0.14633333333333334,-4.168169903130584
2022-07-31 23:30:00,0.0,4.740795532632099e-05,5.756373544378482,513.7842451649213,0.14633333333333334,-4.129593879970052
2022-08-01 00:00:00,0.0,0.0265705237101485,4.636626577332269,413.59412715950646,0.14666666666666667,-4.104394525227034
2022-08-01 00:30:00,0.0,0.026692822012222,3.4687631668419603,309.63706666121846,0.14666666666666667,-4.088757974863515
2022-08-01 01:00:00,0.0,0.023508406222137,3.8736893071061655,345.55912143479253,0.146,-4.074331376174226
2022-08-01 01:30:00,0.0,0.0209455666025501,2.818206172957095,251.54970666025272,0.146,-4.0533663996291205
2022-08-01 02:00:00,0.0,0.0202045148140767,2.2670248704035667,202.17029218226247,0.146,-4.023830538823487
2022-08-01 02:30:00,0.0,0.0209259990281073,1.7547590738512524,156.7367159711126,0.146,-3.9905024784258263
2022-08-01 03:00:00,0.0,4.0777784320328945e-05,1.0108882100954208,90.350706665597,0.146,-3.9612496483873536
2022-08-01 03:30:00,0.0,4.1638800712387125e-05,0.7698859212505057,68.96098519810535,0.146,-3.941790217475623
2022-08-01 04:00:00,0.0,4.10939356366709e-05,0.5092704287974062,45.404179650185974,0.146,-3.93295361673456
2022-08-01 04:30:00,0.0,3.988293852646097e-05,0.2284815655504547,20.85426566119395,0.146,-3.932013979003863
2022-08-01 05:00:00,0.0,3.961703941799172e-05,0.7352817341588624,65.76612238892602,0.14633333333333334,-3.93675808069797
2022-08-01 05:30:00,0.0,4.050824563260603e-05,0.2108347309881767,18.727572893180703,0.14633333333333334,-3.9481174504404737
2022-08-01 06:00:00,0.0,4.028477412003767e-05,-0.001835882018625,0.1631218929670676,0.146,-3.9674528910319022
2022-08-01 06:30:00,0.0,3.891027643412545e-05,-0.1088065147983313,-9.392457011011745,0.146,-3.9907982868739937
2022-08-01 07:00:00,0.0,3.816787418939945e-05,0.2989534466948233,26.78470535934581,0.14533333333333334,-4.007540109623438
2022-08-01 07:30:00,0.0,3.7779305572449985e-05,0.1755062982316444,16.0961661527799,0.14533333333333334,-4.005828596609063
2022-08-01 08:00:00,0.0,3.838583573054792e-05,1.5874617686453298,141.953212466869,0.14533333333333334,-3.978311858199794
2022-08-01 08:30:00,0.0,3.9439148086964545e-05,2.818206172957095,251.8441860238912,0.14533333333333334,-3.9226878462007777
2022-08-01 09:00:00,0.0,4.127444219376738e-05,4.470509181667364,398.92487904793944,0.14566666666666667,-3.8387242475397865
2022-08-01 09:30:00,0.0,4.518435943116703e-05,9.69420560360491,864.5261795347432,0.14566666666666667,-3.727991485393924
2022-08-01 10:00:00,0.0,4.8097303501445835e-05,14.358354089260972,1280.7937276873274,0.145,-3.6020516303880794
2022-08-01 10:30:00,0.0,5.424210645149853e-05,21.186096870110873,1890.1904232864483,0.145,-3.4944243105376978
2022-08-01 11:00:00,0.0,0.1435328161005073,26.266531653919017,2345.5755873848852,0.144,-3.455758038222489
2022-08-01 11:30:00,0.0,0.1558032731932805,28.047750874792527,2505.6796323879144,0.144,-3.520539569780822
2022-08-01 12:00:00,0.0,0.3840715795534608,30.043788037954148,2684.529397930717,0.14333333333333334,-3.673932739834336
2022-08-01 12:30:00,0.0,0.5614657541365512,31.19757774211907,2786.461300598148,0.14333333333333334,-3.8601136269828897
2022-08-01 13:00:00,0.0,0.6162140187333045,29.20803399227036,2609.5319886842367,0.14233333333333334,-4.025680452022866
2022-08-01 13:30:00,0.0,0.6323837867070419,27.903792028376316,2493.613001919344,0.14233333333333334,-4.150549850406219
2022-08-01 14:00:00,0.0,0.8008435679838998,29.32493462101905,2620.480140653223,0.141,-4.242278758562982
2022-08-01 14:30:00,0.0,0.9588450821203598,28.492955097090437,2545.141946898722,0.141,-4.314003791389187
2022-08-01 15:00:00,0.0,0.8758878078194716,27.30746651466288,2440.082095119109,0.13833333333333334,-4.372943061058956
2022-08-01 15:30:00,0.0,0.8723106867536721,27.234438601183232,2432.4330142307645,0.13833333333333334,-4.423140049351568
2022-08-01 16:00:00,0.0,0.8227434479595016,27.193819788861145,2428.8554710373473,0.13633333333333333,-4.469850285675512
2022-08-01 16:30:00,0.0,0.8798298264596016,27.43702248898889,2449.880285517782,0.13633333333333333,-4.517775114789382
2022-08-01 17:00:00,0.0,0.8042464333219602,30.174108949282832,2691.375488745197,0.13433333333333333,-4.56747605267025
2022-08-01 17:30:00,0.0,0.9430271795435896,27.983821225296698,2497.715272687932,0.13433333333333333,-4.6163425581942805
2022-08-01 18:00:00,0.0,0.6813247790461564,24.742017481204837,2210.75143539143,0.13399999999999998,-4.662276628441168
2022-08-01 18:30:00,0.0,0.4587685427083528,28.239043592842098,2520.656126618117,0.13399999999999998,-4.704832025692299
2022-08-01 19:00:00,0.0,0.6674836786067814,26.87581154962707,2399.4163423959963,0.13266666666666665,-4.7441157617955305
2022-08-01 19:30:00,0.0,0.7749406162183614,27.646816489263237,2467.322150088134,0.13266666666666665,-4.780510752913697
2022-08-01 20:00:00,0.0,0.7339410062817918,28.0078045835484,2498.039680398409,0.13199999999999998,-4.814369841058722
2022-08-01 20:30:00,0.0,0.6752777791335527,23.058092371077084,2058.142784408476,0.13199999999999998,-4.8446295817966325
2022-08-01 21:00:00,0.0,0.2268749135061034,18.785198601839976,1676.2354018124056,0.13166666666666665,-4.869945834514393
2022-08-01 21:30:00,0.0,0.1911427222056783,15.017944365247528,1339.2191056497084,0.13166666666666665,-4.8941710696345515
2022-08-01 22:00:00,0.0,0.2240772234163367,12.862309210545089,1146.8829435753464,0.13133333333333333,-4.928369330531747
2022-08-01 22:30:00,0.0,0.2215767950854126,9.745148044232876,869.3378238289381,0.13133333333333333,-4.9807351290640725
2022-08-01 23:00:00,0.0,0.0733210782902861,10.01127499066462,892.4442704273837,0.131,-5.04124121493029
2022-08-01 23:30:00,0.0,0.0763872887621571,6.446626809093867,575.876417301659,0.131,-5.080592921482525
2022-08-02 00:00:00,0.0,0.0400446864989193,8.017368110432281,713.7953444672875,0.13033333333333333,-5.070977072973753
2022-08-02 00:30:00,0.0,0.0402311715872686,4.222892024643813,376.53147603169015,0.13033333333333333,-5.009448945576348
2022-08-02 01:00:00,0.0,4.059859886703179e-05,3.8650889277203446,344.6143464805642,0.13033333333333333,-4.919948060847892
2022-08-02 01:30:00,0.0,4.050824563260603e-05,3.1356938556188507,279.39145014975463,0.13033333333333333,-4.834197491025697
2022-08-02 02:00:00,0.0,3.983823569405072e-05,2.5513963085778877,227.5269319176987,0.13066666666666668,-4.771508821297473
2022-08-02 02:30:00,0.0,3.952803201248042e-05,2.1216642461222044,189.06494318102176,0.13066666666666668,-4.731766583967368
2022-08-02 03:00:00,0.0,0.032473850605712,2.088330669076386,186.35202924015584,0.13066666666666668,-4.7022319053771175
2022-08-02 03:30:00,0.0,0.0337379991566063,2.1216642461222044,188.93761693239043,0.13066666666666668,-4.672388649540678
2022-08-02 04:00:00,0.0,0.0947694919240411,1.2931596706242183,115.07431893179674,0.13033333333333333,-4.646768714524753
2022-08-02 04:30:00,0.0,0.0969482507981327,1.6343447130687676,145.5723828355811,0.13033333333333333,-4.642967139749381
2022-08-02 05:00:00,0.0,0.0717935893999079,2.1216642461222044,188.745439748341,0.13066666666666668,-4.6733727250511885
2022-08-02 05:30:00,0.0,3.6073138475722e-05,1.7020756541788993,151.8415125172415,0.13066666666666668,-4.728974758241702
2022-08-02 06:00:00,0.0,0.0339054654526395,1.7358786849654602,154.77251129230223,0.13,-4.783566695107851
2022-08-02 06:30:00,0.0,0.0497592735158413,1.15548567052915,103.13600240156968,0.13,-4.8130609790670436
2022-08-02 07:00:00,0.0,0.0340925327085366,1.8370395036383895,163.6835611152394,0.13033333333333333,-4.809399301976444
2022-08-02 07:30:00,0.0,0.0332754429871125,2.386900015309079,213.1034275676643,0.13033333333333333,-4.779418385872547
2022-08-02 08:00:00,0.0,3.519499171295756e-05,4.14548838815163,369.71027246268943,0.13,-4.735412831189293
2022-08-02 08:30:00,0.0,3.709153135362674e-05,7.105904706288414,633.5968033060867,0.13,-4.686883732090128
2022-08-02 09:00:00,0.0,3.5445205572522415e-05,9.375224278984057,835.9940322858719,0.12966666666666668,-4.63730292576267
2022-08-02 09:30:00,0.0,3.921747894829718e-05,11.260211904096344,1004.2073107601112,0.12966666666666668,-4.586843601449529
2022-08-02 10:00:00,0.0,0.0101792986980769,15.442911237275316,1377.3782488747222,0.12933333333333333,-4.540416638502154
2022-08-02 10:30:00,0.0,0.0879234584611683,18.04105518640944,1609.0443189368198,0.12933333333333333,-4.51403848712715
2022-08-02 11:00:00,0.0,0.0902064672081132,23.75040616897973,2118.534833175245,0.12866666666666668,-4.529410178147092
2022-08-02 11:30:00,0.0,0.0992337672610405,24.112178939062996,2151.884083704829,0.12866666666666668,-4.597178295271987
2022-08-02 12:00:00,0.0,0.2641079071623836,26.30826845210848,2348.083218338787,0.12733333333333333,-4.70621790926561
2022-08-02 12:30:00,0.0,0.2653389087779235,28.798363575390503,2571.2582085479794,0.12733333333333333,-4.831962592327182
2022-08-02 13:00:00,0.0,0.5609214655807211,30.466279165654644,2720.2479593674443,0.126,-4.952418642122794
2022-08-02 13:30:00,0.0,0.5412549775624536,29.210628047825352,2607.165904780145,0.126,-5.054679327107956
2022-08-02 14:00:00,0.0,0.3195891792159436,27.817532943131464,2483.5636682726044,0.12533333333333332,-5.133311909492505
2022-08-02 14:30:00,0.0,0.3199904719408473,27.45893679468701,2451.6098285111952,0.12533333333333332,-5.189281168505403
2022-08-02 15:00:00,0.0,0.4113240127928173,28.885855790342628,2578.1456450444066,0.12466666666666666,-5.229416940775067
2022-08-02 15:30:00,0.0,0.3322434020683744,24.24380803029801,2165.644439875361,0.12466666666666666,-5.263946547602227
2022-08-02 16:00:00,0.0,0.4512073926614495,28.7186923344973,2564.0398299305607,0.12333333333333334,-5.302628966704633
2022-08-02 16:30:00,0.0,0.1794429366866761,29.64304932593672,2646.2231241465342,0.12333333333333334,-5.350194594634979
2022-08-02 17:00:00,0.0,0.3286670883549054,27.31147284061813,2438.864791776078,0.12233333333333334,-5.403752045323394
2022-08-02 17:30:00,0.0,0.3219788556663397,28.52696118718669,2546.9000847196085,0.12233333333333334,-5.456396258291763
2022-08-02 18:00:00,0.0,0.3787927773885822,24.94805801126011,2228.219008734019,0.12166666666666666,-5.504394083084899
2022-08-02 18:30:00,0.0,0.5253380105223113,27.377067773572577,2443.739251294512,0.12166666666666666,-5.549859138639504
2022-08-02 19:00:00,0.0,0.3486621853277044,26.66719709580496,2379.3051920492726,0.12,-5.597687660778268
2022-08-02 19:30:00,0.0,0.1965553848198674,25.56508230108946,2280.8257644681576,0.12,-5.651945442498669
2022-08-02 20:00:00,0.0,0.1759152622554227,26.09833055568884,2327.569889741569,0.11966666666666666,-5.712813463970041
2022-08-02 20:30:00,0.0,0.1576696749957921,22.665147679479947,2022.0317116007195,0.11966666666666666,-5.772648609006152
2022-08-02 21:00:00,0.0,0.054751784933615,16.336237483199092,1458.3865176179777,0.11933333333333333,-5.8159834967155986
2022-08-02 21:30:00,0.0,4.357773870443802e-05,11.845060349912652,1056.8576939031198,0.11933333333333333,-5.8286120374617
2022-08-02 22:00:00,0.0,4.228057628388336e-05,9.712185081838683,866.2968471373524,0.118,-5.808866119067493
2022-08-02 22:30:00,0.0,4.132011947836208e-05,7.384990373881158,658.7052177807877,0.118,-5.768430370633036
2022-08-02 23:00:00,0.0,3.904253920677047e-05,7.343290542659405,654.525107243798,0.11866666666666666,-5.72172800388763
2022-08-02 23:30:00,0.0,3.696346423972096e-05,4.895218398859974,436.68014788626454,0.11866666666666666,-5.675822930805451
2022-08-03 00:00:00,0.0,3.552828802827067e-05,3.5655011245425836,318.29045487480397,0.11966666666666666,-5.6300970384615905
2022-08-03 00:30:00,0.0,3.5071174531835046e-05,4.323823939879729,385.0834702866095,0.11966666666666666,-5.5826870015128405
2022-08-03 01:00:00,0.0,3.486373135510907e-05,3.356595889318907,299.34488585524883,0.12,-5.535184761048397
2022-08-03 01:30:00,0.0,3.473896702563498e-05,2.9504576838255003,262.6045015260928,0.12,-5.492184375092052
2022-08-03 02:00:00,0.0,3.519499171295756e-05,2.035654270840443,181.48349176652997,0.12033333333333333,-5.4583399917184705
2022-08-03 02:30:00,0.0,3.457533729690223e-05,1.9000456199035765,169.27876743802642,0.12033333333333333,-5.435781576428015
2022-08-03 03:00:00,0.0,3.331269792334119e-05,2.4552019768624223,218.52542936731115,0.12066666666666666,-5.422788042554705
2022-08-03 03:30:00,0.0,3.3151868853285435e-05,1.797900102691559,159.79170224933543,0.12066666666666666,-5.41503180117458
2022-08-03 04:00:00,0.0,3.311050171962025e-05,1.506412169429486,133.99389185550055,0.12033333333333333,-5.409515306807278
2022-08-03 04:30:00,0.0,3.363590425285845e-05,0.4161779406159485,37.001573809328896,0.12033333333333333,-5.407556835353498
2022-08-03 05:00:00,0.0,3.387882363103905e-05,1.054522665245426,93.62019934185209,0.12,-5.4132158707186235
2022-08-03 05:30:00,0.0,3.582180858518088e-05,0.8434058294768739,75.32100075250285,0.12,-5.429073209455084
2022-08-03 06:00:00,0.0,3.611513670987334e-05,0.3263157734443144,28.815395831543547,0.12,-5.453786437535348
2022-08-03 06:30:00,0.0,3.577829014767662e-05,0.3263157734443144,28.974444993297517,0.12,-5.48225334004614
2022-08-03 07:00:00,0.0,3.486373135510907e-05,1.5236444012291908,135.75296188865204,0.11966666666666666,-5.506571692555861
2022-08-03 07:30:00,0.0,3.511241543644672e-05,2.6047025965247124,232.0990763255951,0.11966666666666666,-5.517394985899393
2022-08-03 08:00:00,0.0,3.5445205572522415e-05,2.3216353290192155,206.8067132321492,0.11966666666666666,-5.505881003464044
2022-08-03 08:30:00,0.0,3.515368783130449e-05,3.5655011245425836,318.10882173227805,0.11966666666666666,-5.466449309625592
2022-08-03 09:00:00,0.0,3.821140429993432e-05,7.34320178013783,654.412323348989,0.11933333333333333,-5.400790464550844
2022-08-03 09:30:00,0.0,4.177665065286426e-05,12.259668635508271,1093.2808030257088,0.11933333333333333,-5.322905093786255
2022-08-03 10:00:00,0.0,0.022916890191793,21.192834480916744,1889.8889876732533,0.119,-5.262926328891728
2022-08-03 10:30:00,0.0,0.16856890393815,25.38766604629789,2265.1971842285816,0.119,-5.263519172539411
2022-08-03 11:00:00,0.0,0.2251486935006928,30.52587720218617,2724.7731525032136,0.11766666666666666,-5.360701726404521
2022-08-03 11:30:00,0.0,0.3758676289228444,29.33620167997936,2620.3049873441596,0.11766666666666666,-5.5541762297719774
2022-08-03 12:00:00,0.0,0.2997592441812534,30.06430709973413,2683.9772000272687,0.11633333333333333,-5.79453643698059
2022-08-03 12:30:00,0.0,0.1570156078507393,29.00030717274616,2588.5903359528793,0.11633333333333333,-6.008113672951861
2022-08-03 13:00:00,0.0,0.1573229768261548,25.3617139955599,2262.20614116444,0.11533333333333333,-6.140736812944692
2022-08-03 13:30:00,0.0,0.1528841921138355,21.806739002609035,1944.7194718536075,0.11533333333333333,-6.1824810021626595
2022-08-03 14:00:00,0.0,0.1527073746743556,20.66624876043218,1843.5359840690724,0.11466666666666665,-6.159847641817034
2022-08-03 14:30:00,0.0,0.283315736834984,21.552817299776827,1921.8408848830336,0.11466666666666665,-6.11201414385111
2022-08-03 15:00:00,0.0,0.1949410273012796,22.56876259714645,2013.425825369929,0.11433333333333333,-6.071642309948492
2022-08-03 15:30:00,0.0,0.3491998873681675,24.716883697548603,2206.2067788371296,0.11433333333333333,-6.056757374614813
2022-08-03 16:00:00,0.0,0.376323593183701,24.88331624765364,2221.9492827834515,0.11499999999999999,-6.070430835519994
2022-08-03 16:30:00,0.0,0.3875474018624738,28.44355637223731,2537.4500310645585,0.11499999999999999,-6.105790561751928
2022-08-03 17:00:00,0.0,0.7242319903058683,27.60890505154889,2464.0118358739255,0.11333333333333333,-6.153618833135
2022-08-03 17:30:00,0.0,0.6421052605730996,25.80950735620385,2304.3714681343,0.11333333333333333,-6.206178654403241
2022-08-03 18:00:00,0.0,0.445140379119782,24.23163731309587,2163.5655700200136,0.11066666666666665,-6.255128823301588
2022-08-03 18:30:00,0.0,0.4040829618300475,25.73231246607225,2295.8226786897326,0.11066666666666665,-6.291276617273923
2022-08-03 19:00:00,0.0,0.3094968995673026,23.66929811567189,2111.3634227579105,0.10999999999999999,-6.310778484088262
2022-08-03 19:30:00,0.0,0.1687685316649508,20.695144664323937,1845.103821857216,0.10999999999999999,-6.319587991972048
2022-08-03 20:00:00,0.0,5.546857407997595e-05,18.41782206476766,1642.4157006674654,0.11033333333333332,-6.327879360510898
2022-08-03 20:30:00,0.0,0.1005829947037271,14.150469042119244,1261.8006722443918,0.11033333333333332,-6.3390655133626215
2022-08-03 21:00:00,0.0,4.874395895996382e-05,12.739215147978182,1135.1284140681214,0.10899999999999999,-6.345239065655961
2022-08-03 21:30:00,0.0,4.672412775595169e-05,9.582722090548712,854.0911030024823,0.10899999999999999,-6.334384184209349
2022-08-03 22:00:00,0.0,4.466035765302329e-05,7.159650337589617,638.0363992700136,0.10799999999999998,-6.302529523621789
2022-08-03 22:30:00,0.0,4.362491475530173e-05,6.9036529252437475,614.8819613932803,0.10799999999999998,-6.258546472450621
2022-08-03 23:00:00,0.0,4.204932231105377e-05,5.001797099349688,445.8837541559664,0.10899999999999999,-6.216601066592934
2022-08-03 23:30:00,0.0,4.046311501241313e-05,3.064768226702522,273.6378511550758,0.10899999999999999,-6.1844532630041975
2022-08-04 00:00:00,0.0,3.869228691623249e-05,3.883142377115467,345.634769036012,0.10899999999999999,-6.1596769387359815
2022-08-04 00:30:00,0.0,3.752045360748856e-05,3.4634606141791164,308.49119584346374,0.10899999999999999,-6.135684003874923
2022-08-04 01:00:00,0.0,3.641000309885901e-05,3.1692269705434324,282.1873153786863,0.10999999999999999,-6.108452451868071
2022-08-04 01:30:00,0.0,3.519499171295756e-05,3.202071472850767,284.75674321200506,0.10999999999999999,-6.077191120966647
2022-08-04 02:00:00,0.0,3.4657089110898426e-05,2.3691975801880174,210.79175356000127,0.10966666666666665,-6.042232742354761
2022-08-04 02:30:00,0.0,3.391914214544388e-05,2.3522841149459217,209.44621472540337,0.10966666666666665,-6.005298741089818
2022-08-04 03:00:00,0.0,3.3758057524395963e-05,1.5628776946269662,139.06195271219354,0.10999999999999999,-5.970513748507885
2022-08-04 03:30:00,0.0,3.469801230712109e-05,1.840021607290292,163.4983462557999,0.10999999999999999,-5.942390859448442
2022-08-04 04:00:00,0.0,3.331269792334119e-05,2.318426276083565,206.0627475959388,0.10966666666666665,-5.922134864003443
2022-08-04 04:30:00,0.0,3.2869602527692825e-05,0.9822623647056616,87.41590416938317,0.10966666666666665,-5.906650238672751
2022-08-04 05:00:00,0.0,0.0401338164398579,2.6718963744377895,237.4549337243406,0.11033333333333332,-5.891212932153516
2022-08-04 05:30:00,0.0,0.0472778933191597,1.7364194851073391,154.47527208826563,0.11033333333333332,-5.87265735900307
2022-08-04 06:00:00,0.0,0.0505591121838656,0.4615956079685042,40.94745083254037,0.10999999999999999,-5.849828004071934
2022-08-04 06:30:00,0.0,0.0444613401242045,1.3707058702317694,121.8162117961683,0.10999999999999999,-5.822645345497689
2022-08-04 07:00:00,0.0,0.0469757754465028,2.3014818716969305,205.07220289283052,0.10966666666666665,-5.794593416977114
2022-08-04 07:30:00,0.0,0.0575622894795314,-0.2176315751279724,-19.253690170583717,0.10966666666666665,-5.777864127833165
2022-08-04 08:00:00,0.0,0.3873157222559552,11.18194030715878,996.4884694497672,0.10933333333333332,-5.790891377966702
2022-08-04 08:30:00,0.0,0.4182963516308913,16.567544532821614,1476.8671676492152,0.10933333333333332,-5.843081483890887
2022-08-04 09:00:00,0.0,0.3320350600498706,20.612754294270676,1837.7526559102057,0.10899999999999999,-5.920489200083034
2022-08-04 09:30:00,0.0,0.2936200879651462,23.55420907298431,2100.375318121713,0.10899999999999999,-5.990799577286227
2022-08-04 10:00:00,0.0,0.1625866978033521,22.883794612221088,2040.46648308274,0.10699999999999998,-6.023734772612292
2022-08-04 10:30:00,0.0,0.0118221737159221,25.0068931662238,2229.5961675165818,0.10699999999999998,-6.00527169296278
2022-08-04 11:00:00,0.0,0.2028271315841894,24.59913100856086,2194.233656036468,0.10599999999999998,-5.9291482417997035
2022-08-04 11:30:00,0.0,0.2099703493648931,27.582162430162924,2460.303896266976,0.10599999999999998,-5.76874385236848
2022-08-04 12:00:00,0.0,0.216514558693183,28.46006851620986,2538.775229536991,0.10499999999999998,-5.456281457523379
2022-08-04 12:30:00,0.0,0.1992753156075489,27.531996167488625,2455.6855594670214,0.10499999999999998,-4.9087570119595165
2022-08-04 13:00:00,0.0,0.1236119487173482,25.337074088141783,2260.136533492948,0.10466666666666664,-4.10354194043942
2022-08-04 13:30:00,0.0,0.1903487100074657,23.142152008794945,2064.587507518874,0.10466666666666664,-3.1359815055192644
2022-08-04 14:00:00,0.0,0.0537801898250113,26.30348736472968,2345.9268517185797,0.11299999999999999,-2.185619775857109
2022-08-04 14:30:00,0.0,0.0324441295101614,19.151579986343016,1706.9964050304131,0.11299999999999999,-1.4124799579286875
2022-08-04 15:00:00,0.0,0.0529897846163583,21.06913079312758,1879.040833611618,0.11299999999999999,-0.880004658022854
2022-08-04 15:30:00,0.0,4.123069674470341e-05,23.73611937518132,2116.5653669839726,0.11299999999999999,-0.5597826947280494
2022-08-04 16:00:00,0.0,0.1057151192791909,16.98731676741756,1515.8105226811572,0.11333333333333333,-0.3851204799465348
2022-08-04 16:30:00,0.0,0.0304587590569433,23.499490050784257,2095.2794624886383,0.11333333333333333,-0.2952492068513537
2022-08-04 17:00:00,0.0,0.1014177695750025,23.43556547287007,2090.265736788337,0.11299999999999999,-0.2491686443886482
2022-08-04 17:30:00,0.0,0.1567867386954999,20.367930726924538,1816.8511025844912,0.11299999999999999,-0.2227530799372535
2022-08-04 18:00:00,0.0,0.0116461927197506,22.77259978563821,2030.3802533366447,0.11266666666666665,-0.204390033970146
2022-08-04 18:30:00,0.0,0.0901074644793824,18.30235735859186,1632.5730889392914,0.11266666666666665,-0.2017536903920254
2022-08-04 19:00:00,0.0,0.1140000918624917,21.777727446627928,1941.5000321918371,0.11199999999999999,-0.1991173468139048
2022-08-04 19:30:00,0.2,0.1074379668111917,17.508201206669465,1561.358967707279,0.11199999999999999,-0.1964810032357842
2022-08-04 20:00:00,0.0,0.0249432485094857,11.483432181625224,1023.9534813696156,0.11133333333333333,-0.1938446596576636
2022-08-04 20:30:00,0.0,0.0208544393830301,10.839436439032912,966.5460115771352,0.11133333333333333,
2022-08-04 21:00:00,0.0,3.051554658457701e-05,9.657794374628812,860.858434687237,0.11233333333333333,
2022-08-04 21:30:00,0.0,3.1367349421886946e-05,9.472087008942095,844.6654522332292,0.11233333333333333,
2022-08-04 22:00:00,0.0,0.0393986943226283,8.704546312240495,776.3204145322776,0.11299999999999999,
2022-08-04 22:30:00,0.0,0.0604489338756058,10.609096496354908,945.2778542450768,0.11299999999999999,
2022-08-04 23:00:00,0.0,0.0399719262300454,6.442515200014749,574.455331623553,0.11333333333333333,-5.704936206864791
2022-08-04 23:30:00,0.0,0.0384716603029058,6.310121053563517,562.4605621207668,0.11333333333333333,-5.566790929838694
2022-08-05 00:00:00,0.0,0.0374980269168604,4.929252335031252,439.2874514777044,0.11333333333333333,-5.428645652812598
2022-08-05 00:30:00,0.0,0.0361832902265833,4.376715617996255,390.0116102480145,0.11333333333333333,-5.290500375786502
2022-08-05 01:00:00,0.0,0.0338007673047229,5.670346743581728,504.58179971058667,0.11366666666666665,
2022-08-05 01:30:00,0.0,0.0247587813621535,3.9269213996341383,349.7971442610729,0.11366666666666665,
2022-08-05 02:00:00,0.0,0.024711968889196,2.156344947781057,192.0496798776764,0.11333333333333333,
2022-08-05 02:30:00,0.0,0.0249954764807016,4.104469446190482,365.3293930215795,0.11333333333333333,
2022-08-05 03:00:00,0.0,0.0224448904278706,2.9048935944343723,258.94386219618355,0.11333333333333333,
2022-08-05 03:30:00,0.0,2.814130076513904e-05,2.2767867942742477,202.9098991254982,0.11333333333333333,
2022-08-05 04:00:00,0.0,2.5236673719742934e-05,2.396708388338354,213.4835921086337,0.11299999999999999,
2022-08-05 04:30:00,0.0,0.0188919017525777,1.4931958120661464,132.9796799809635,0.11299999999999999,
2022-08-05 05:00:00,0.0,0.0287908463247093,2.635012609544909,234.6082940469183,0.11333333333333333,
2022-08-05 05:30:00,0.0,0.0266161254185005,1.5108534055833358,134.3373091918901,0.11333333333333333,
2022-08-05 06:00:00,0.0,0.029215642872095,0.9761031879594478,86.70147175381672,0.11333333333333333,
2022-08-05 06:30:00,0.0,0.0293699066053321,1.966014681477242,174.86808086366247,0.11333333333333333,
2022-08-05 07:00:00,0.0,0.0296715065348583,1.1733962266465163,104.25874430852404,0.11333333333333333,
2022-08-05 07:30:00,0.0,0.0325513537101357,4.614811474236544,410.83739939521774,0.11333333333333333,
2022-08-05 08:00:00,0.0,0.0506698704938054,6.571270296455708,585.2446312165862,0.11333333333333333,
2022-08-05 08:30:00,0.0,2.9033291171632532e-05,8.560578504590616,762.8460212478215,0.11333333333333333,
2022-08-05 09:00:00,0.0,2.8921487481622617e-05,7.93058341622498,706.5369951794781,0.11299999999999999,
2022-08-05 09:30:00,0.0,3.0323396658217114e-05,8.296140211587664,739.1154159032284,0.11299999999999999,
2022-08-05 10:00:00,0.0,0.0281269616657869,10.247078449367478,912.9200848007158,0.11266666666666665,
2022-08-05 10:30:00,0.0,0.0576400736720864,12.84890984060826,1145.3211123265812,0.11266666666666665,
2022-08-05 11:00:00,0.0,0.176505449017712,19.531463229361027,1740.944040271637,0.11266666666666665,
2022-08-05 11:30:00,0.0,0.2307011951415196,23.20894710297049,2069.17978222869,0.11266666666666665,
2022-08-05 12:00:00,0.0,0.3238287382643036,25.63350029890817,2285.4782734278174,0.11266666666666665,
2022-08-05 12:30:00,0.0,0.2884091555505099,26.44580831712298,2357.9287761052187,0.11266666666666665,-0.1595721931420956
2022-08-05 13:00:00,0.0,0.3425036641806832,28.59666181787522,2549.067273430132,0.11199999999999999,-0.156935849563975
2022-08-05 13:30:00,0.0,0.3003567205003579,28.214089315212636,2516.1330801110576,0.11199999999999999,-0.1542995059858544
2022-08-05 14:00:00,0.0,0.3594559622745391,28.24747395987261,2518.6872331724003,0.11099999999999999,-0.1516631624077338
2022-08-05 14:30:00,0.0,0.4283987156757686,27.55851697526735,2458.41559932027,0.11099999999999999,-0.1490268188296132
2022-08-05 15:00:00,0.0,0.3371448378792934,30.12260862376423,2685.8522430092103,0.11133333333333333,-0.1648286811867314
2022-08-05 15:30:00,0.0,0.2448902784079637,27.921005484474293,2490.031401612898,0.11133333333333333,-0.1812182680495954
2022-08-05 16:00:00,0.0,0.3577361005183264,26.24621663321584,2341.3517173226332,0.11033333333333332,-0.1950466529563126
2022-08-05 16:30:00,0.0,0.3764995694856325,26.566888603092227,2370.285952018872,0.11033333333333332,-0.2066518526540331
2022-08-05 17:00:00,0.0,0.3445461533553557,27.778017179174753,2476.997024250365,0.11,-0.2172358307589336
2022-08-05 17:30:00,0.0,0.2076499461404364,29.85662595079233,2661.460422783898,0.11,-0.2258270572996727
2022-08-05 18:00:00,0.0,0.0999514085695698,23.19964978340647,2068.673188752639,0.10933333333333334,-0.2286447179185588
2022-08-05 18:30:00,0.0,0.0908493849857402,22.97592025958726,2048.543638589743,0.10933333333333334,-0.2214450863108727
2022-08-05 19:00:00,0.0,0.0290205504364323,17.33009772072667,1544.879448385097,0.10733333333333334,-0.2032829769774308
2022-08-05 19:30:00,0.0,3.9394752450770456e-05,14.752596427071447,1315.074747524804,0.10733333333333334,-0.1781063864176803
2022-08-05 20:00:00,0.0,3.709153135362674e-05,19.25654397754342,1716.6062259072914,0.10866666666666668,-0.1517285383587809
2022-08-05 20:30:00,0.0,3.494592704299067e-05,17.533517499772675,1562.9383910619797,0.10866666666666668,-0.1270599330463485
2022-08-05 21:00:00,0.0,3.4286814121211164e-05,14.729567173919085,1312.7087000794218,0.10833333333333334,-0.1265546370305335
2022-08-05 21:30:00,0.0,3.441051549534346e-05,11.230868868947136,1001.251375381414,0.10833333333333334,-0.1260493410147185
2022-08-05 22:00:00,0.0,3.3392474329447656e-05,9.623397665960836,857.6336558768692,0.10766666666666667,-0.1255440449989034
2022-08-05 22:30:00,0.0,3.311050171962025e-05,7.646404901908323,681.235384961952,0.10766666666666667,-0.1250387489830884
2022-08-05 23:00:00,0.0,0.0275996880400813,5.86788194713888,523.046618414944,0.108,
2022-08-05 23:30:00,0.0,0.0241563296864935,5.685588808552801,506.35325258836065,0.108,
2022-08-06 00:00:00,0.0,0.0205239980191776,5.989653216340744,533.2423281497225,0.10833333333333332,
2022-08-06 00:30:00,0.0,0.0255261601862679,4.758418073353034,423.7178315038527,0.10833333333333332,
2022-08-06 01:00:00,0.0,0.0170894880265346,4.32538575174683,384.9254683515817,0.10866666666666665,
2022-08-06 01:30:00,0.0,0.0221407943580007,3.489153800834477,310.61796275315305,0.10866666666666665,
2022-08-06 02:00:00,0.0,0.0219164983899192,3.3055199705066936,294.199380277859,0.10866666666666665,
2022-08-06 02:30:00,0.0,0.0137202141178265,2.9346267110565387,261.03838459471245,0.10866666666666665,
2022-08-06 03:00:00,0.0,0.0127996951402398,2.678906761479868,238.3199441711696,0.10899999999999999,
2022-08-06 03:30:00,0.0,0.0121352381542864,2.1428736899482357,190.4470990215232,0.10899999999999999,
2022-08-06 04:00:00,0.0,0.0114700319767193,2.090446277995684,185.99517654130017,0.10899999999999999,
2022-08-06 04:30:00,0.0,0.0108461933308105,1.897357729657535,168.4237792091675,0.10899999999999999,
2022-08-06 05:00:00,0.0,0.0099391832231667,2.020388222007065,179.67303839710505,0.10866666666666665,
2022-08-06 05:30:00,0.0,0.0092633851094972,1.7206426213950343,152.67664184371503,0.10866666666666665,
2022-08-06 06:00:00,0.0,0.0086011245392117,1.524936154811571,135.46895178104916,0.10866666666666665,
2022-08-06 06:30:00,0.0,0.0084793228106178,1.3098337223952272,116.36027450333624,0.10866666666666665,
2022-08-06 07:00:00,0.0,2.406591359982391e-05,1.4534228397657774,129.14639383688709,0.10899999999999999,-0.731706233925324
2022-08-06 07:30:00,0.0,0.0082194755250457,1.9852925258603928,176.08346233220465,0.10899999999999999,-0.5935609568992276
2022-08-06 08:00:00,0.0,2.4476273743114684e-05,2.3342637346426116,207.62126950200087,0.10899999999999999,-0.4554156798731313
2022-08-06 08:30:00,0.0,2.492425274865588e-05,3.086946986268306,274.5582238931943,0.10899999999999999,-0.317270402847035
2022-08-06 09:00:00,0.0,2.7701093423267577e-05,3.505788850845457,312.029346081744,0.10866666666666665,
2022-08-06 09:30:00,0.0,3.140724455409311e-05,6.921285455994789,616.3690873234066,0.10866666666666665,
2022-08-06 10:00:00,0.0,3.461619743987309e-05,11.095864557606422,988.7061396522056,0.10866666666666665,
2022-08-06 10:30:00,0.0,4.223426494553336e-05,17.207963614231385,1532.7733381969124,0.10866666666666665,
2022-08-06 11:00:00,0.0,0.161366940831411,24.285109243614205,2164.927309774286,0.10866666666666665,
2022-08-06 11:30:00,0.0,0.1802971650753872,27.947632426405697,2492.8018366941615,0.10866666666666665,
2022-08-06 12:00:00,0.0,0.3564985617073909,30.41725375050907,2712.3873056539865,0.10833333333333332,
2022-08-06 12:30:00,0.0,0.3932904741129279,28.34529836837224,2529.934214950492,0.10833333333333332,
2022-08-06 13:00:00,0.0,0.4253724222704955,30.263319064865957,2699.656988675155,0.10799999999999998,-0.1204910848407532
2022-08-06 13:30:00,0.0,0.4338008972551976,30.311979414153804,2703.7666250740845,0.10799999999999998,-0.1199857888249381
2022-08-06 14:00:00,0.0,0.4211428297705756,30.14146758537498,2688.341936278504,0.10766666666666667,-0.1194804928091231
2022-08-06 14:30:00,0.0,0.4411587331510283,27.05602825855696,2413.3436208380526,0.10766666666666667,-0.1189751967933081
2022-08-06 15:00:00,0.0,0.471847413087591,26.882665507099265,2398.174512298556,0.108,-0.1184699007774931
2022-08-06 15:30:00,0.0,0.5013704086377451,26.638898222267077,2375.4410973000786,0.108,-0.1179100042926551
2022-08-06 16:00:00,0.0,0.4758540695792725,25.004836823676488,2229.612363814621,0.107,-0.121576710951965
2022-08-06 16:30:00,0.0,0.5165079899776299,23.860681505697425,2127.441663445065,0.107,-0.1304705160965953
2022-08-06 17:00:00,0.0,0.5675000391228203,25.068065565448407,2234.034191020589,0.10666666666666667,-0.1422496027461222
2022-08-06 17:30:00,0.0,0.5997330918662439,24.128723087742333,2150.8734239975315,0.10666666666666667,-0.1539156691806297
2022-08-06 18:00:00,0.0,0.4284624693595055,26.01510611408445,2318.085029721255,0.106,-0.1646666966198874
2022-08-06 18:30:00,0.0,0.4352362116232376,24.25755116135419,2161.435080981849,0.106,-0.1764108904492681
2022-08-06 19:00:00,0.0,0.2182467459289886,21.830525763956594,1946.0397979171644,0.10566666666666667,-0.191556967810148
2022-08-06 19:30:00,0.0,0.3433948360538841,22.933245698289255,2043.8020308433188,0.10566666666666667,-0.2100913314068957
2022-08-06 20:00:00,0.0,0.162801865029797,20.957056336017512,1867.0436692181504,0.105,-0.2283535592076068
2022-08-06 20:30:00,0.0,0.1465574990864212,19.96336648462004,1778.8913558136037,0.105,-0.2406821351871791
2022-08-06 21:00:00,0.0,0.0903969398090557,15.089066761488445,1344.2031402141197,0.10433333333333333,-0.2430701538914684
2022-08-06 21:30:00,0.0,4.599922636477037e-05,10.992031130943564,980.1400349124474,0.10433333333333333,-0.2356892900319779
2022-08-06 22:00:00,0.0,0.0763541546639666,7.709896926480567,686.7895748552379,0.103,-0.2214403149224895
2022-08-06 22:30:00,0.0,0.0704495574345949,7.652175739099956,681.4805959108744,0.103,-0.2023874588657144
2022-08-06 23:00:00,0.0,4.159291153363659e-05,7.361923875649834,655.639214710937,0.10266666666666667,-0.1791251258209383
2022-08-06 23:30:00,0.0,4.2510649923411175e-05,3.885729615326029,346.110564912669,0.10266666666666667,-0.153899392682506
2022-08-07 00:00:00,0.0,4.532696452367813e-05,4.643103509258417,412.88694519552206,0.103,-0.1320937535766575
2022-08-07 00:30:00,0.0,0.0700917343271726,6.884308169551976,612.3456773924532,0.103,-0.1186197564069013
2022-08-07 01:00:00,0.0,0.0658481593913658,2.5461563419990485,226.2530603289988,0.103,-0.1132997144737913
2022-08-07 01:30:00,0.0,0.0817245751014438,3.6558741187785375,325.2007396470912,0.103,-0.1110977364369437
2022-08-07 02:00:00,0.0,0.0770879217239938,3.080868127064013,273.5604106853542,0.10266666666666667,-0.1070574102722418
2022-08-07 02:30:00,0.0,0.0796298884945819,3.487964591531572,309.920838316299,0.10266666666666667,-0.1005235043631944
2022-08-07 03:00:00,0.0,0.0651843139952572,3.97219595772136,353.2496732887534,0.103,-0.09412376795165
2022-08-07 03:30:00,0.0,0.0753466158830554,1.5894527403352638,141.0160273125555,0.103,-0.088998400181021
2022-08-07 04:00:00,0.0,0.0685845060531175,3.7227608700693824,330.8618204276084,0.10233333333333333,-0.0952617081772879
2022-08-07 04:30:00,0.0,0.0709103622740553,3.403635288745408,302.3222023873902,0.10233333333333333,-0.1015250161735548
2022-08-07 05:00:00,0.0,0.0615986621730492,2.961015250601673,263.2877474475013,0.10233333333333333,-0.1077883241698217
2022-08-07 05:30:00,0.0,0.0607175263907712,2.5635656285199717,227.5371277897774,0.10233333333333333,-0.1140516321660886
2022-08-07 06:00:00,0.0,0.0483363875638163,2.7716347532115373,245.9446064219183,0.10233333333333333,
2022-08-07 06:30:00,0.0,0.0509912735284368,1.7870419106342954,158.33707249682698,0.10233333333333333,
2022-08-07 07:00:00,0.0,0.0337257135355995,2.5113051237904833,222.65941719005733,0.10266666666666667,
2022-08-07 07:30:00,0.0,0.0334968515619345,2.9094927516543456,258.60858355583713,0.10266666666666667,
2022-08-07 08:00:00,0.0,0.0343313973505988,4.252281227473244,377.7735712934516,0.10266666666666667,
2022-08-07 08:30:00,0.0,0.0419918846691189,6.155940485579603,547.5519788652335,0.10266666666666667,
2022-08-07 09:00:00,0.0,0.0587709730964991,7.0189327061104425,624.6657479564154,0.10233333333333333,-0.2018750729967264
2022-08-07 09:30:00,0.0,0.0862081223298498,7.301188760314447,649.6716339625983,0.10233333333333333,-0.2013626871277384
2022-08-07 10:00:00,0.0,0.0926770729967814,10.314443175175848,918.1536071530692,0.10233333333333333,-0.2008503012587504
2022-08-07 10:30:00,0.0,0.1121843522080573,14.854794686405793,1323.1811547698885,0.10233333333333333,-0.2003379153897623
2022-08-07 11:00:00,0.0,0.2329518954215525,22.68309840128379,2020.7675856911096,0.10233333333333333,
2022-08-07 11:30:00,0.0,0.3556286405220298,26.628439622678588,2373.240279851134,0.10233333333333333,
2022-08-07 12:00:00,0.0,0.4353956974552735,28.37241993129352,2529.0938694302604,0.10066666666666667,
2022-08-07 12:30:00,0.0,0.342616906214542,27.651180236835486,2464.9941420163486,0.10066666666666667,
2022-08-07 13:00:00,0.0,0.4778057832103297,25.619367086709367,2283.1650062627555,0.10066666666666667,
2022-08-07 13:30:00,0.0,0.3724987624502163,25.556137498655133,2277.172874899172,0.10066666666666667,
2022-08-07 14:00:00,0.0,0.5410301163348309,25.120221204346823,2239.051411501166,0.10099999999999999,
2022-08-07 14:30:00,0.0,0.5428834676577284,26.229183180480344,2336.7748744995056,0.10099999999999999,
2022-08-07 15:00:00,0.0,0.7121028260316333,25.074575294951075,2234.8093441763285,0.10166666666666667,
2022-08-07 15:30:00,0.0,0.6004056952446036,25.40222025477533,2262.904162210282,0.10166666666666667,
2022-08-07 16:00:00,0.0,0.69952884084369,23.190872874113595,2065.98216439792,0.10066666666666667,
2022-08-07 16:30:00,0.0,0.720981742982615,23.3904485822531,2084.358738434715,0.10066666666666667,
2022-08-07 17:00:00,0.0,0.69194128949596,24.021238751665276,2139.9311264273024,0.10099999999999999,
2022-08-07 17:30:00,0.0,0.6955780224039123,24.0305862054731,2140.6461421734057,0.10099999999999999,
2022-08-07 18:00:00,0.0,0.6244046943082774,21.92479853898128,1953.311938118536,0.10033333333333333,
2022-08-07 18:30:00,0.0,0.4883228699588611,20.781477981707212,1851.553956658003,0.10033333333333333,
2022-08-07 19:00:00,0.0,0.5863081655411126,20.831843205154847,1856.034084057674,0.10033333333333333,
2022-08-07 19:30:00,0.0,0.5607224772712529,21.91498903712649,1951.9840668765385,0.10033333333333333,
2022-08-07 20:00:00,0.0,0.5015866433272396,23.343012582011458,2078.178005540726,0.09899999999999999,
2022-08-07 20:30:00,0.0,0.3367320907147972,17.845148485293585,1589.440947075222,0.09899999999999999,
2022-08-07 21:00:00,0.0,0.165759043175284,14.890045159686222,1325.5346476882578,0.09833333333333333,
2022-08-07 21:30:00,0.0,0.1622780072528383,11.475582856079868,1021.793859539184,0.09833333333333333,
2022-08-07 22:00:00,0.0,0.1595758495323833,9.77263379526068,869.5084367485448,0.09733333333333333,
2022-08-07 22:30:00,0.0,0.1809301295796599,8.304839064248943,739.0802249889131,0.09733333333333333,
2022-08-07 23:00:00,0.0,0.1773799838026344,7.1232277793378245,633.7869882675272,0.09633333333333333,
2022-08-07 23:30:00,0.0,0.1011854248763875,6.461583835414666,574.7508197345787,0.09633333333333333,
2022-08-08 00:00:00,0.0,0.1435009586508004,4.330130540904928,385.66973114187897,0.09599999999999999,
2022-08-08 00:30:00,0.0,0.1449062675911504,3.027453434141948,269.54964969026577,0.09599999999999999,
2022-08-08 01:00:00,0.0,0.1377772203771601,2.916140891985706,259.79993368097666,0.09599999999999999,
2022-08-08 01:30:00,0.0,0.1636404399393349,3.027453434141948,269.1987505999233,0.09599999999999999,
2022-08-08 02:00:00,0.0,0.1589371708876069,2.4177946262492074,215.11148368620067,0.09566666666666666,
2022-08-08 02:30:00,0.0,0.1569627761328909,1.926874960634986,171.5561284728618,0.09566666666666666,
2022-08-08 03:00:00,0.0,0.085365956552265,1.7944781005409192,159.69953060777357,0.09599999999999999,
2022-08-08 03:30:00,0.0,4.5806865832715794e-05,3.810022346573162,339.27500642894495,0.09599999999999999,
2022-08-08 04:00:00,0.0,4.297302229092685e-05,2.369091696625386,210.6062228373256,0.09599999999999999,
2022-08-08 04:30:00,0.0,4.1638800712387125e-05,1.5612407103114063,139.2774469198449,0.09599999999999999,
2022-08-08 05:00:00,0.0,4.032978325072914e-05,1.0887278445485715,96.5556721291407,0.09566666666666666,
2022-08-08 05:30:00,0.0,0.0505145522483446,2.1734216843577596,193.156248354667,0.09566666666666666,
2022-08-08 06:00:00,0.0,0.0533974336240216,-0.0054629112447392,-0.5128296330240911,0.09566666666666666,
2022-08-08 06:30:00,0.0,3.965973253870246e-05,-0.1298281851234135,-11.570130237639608,0.09566666666666666,
2022-08-08 07:00:00,0.0,3.851698563857494e-05,2.1078903849079724,187.73198153631563,0.09633333333333333,-0.2581077160802274
2022-08-08 07:30:00,0.0,3.8954333049748784e-05,1.2753328404832798,113.6941876954288,0.09633333333333333,-0.2643710240764943
2022-08-08 08:00:00,0.0,0.0862043577933621,4.766431753192186,424.5160089468118,0.09633333333333333,-0.2706343320727612
2022-08-08 08:30:00,0.0,0.0852390424788147,4.616726701940049,411.40904521060594,0.09633333333333333,-0.2768976400690282
2022-08-08 09:00:00,0.0,0.1341441601474271,5.605347216524178,499.38533762657624,0.09633333333333333,
2022-08-08 09:30:00,0.0,0.1598999977699368,7.800491749456352,694.6028701937303,0.09633333333333333,
2022-08-08 10:00:00,0.0,0.1646235234306453,10.536576213621675,938.9454333287308,0.09666666666666666,
2022-08-08 10:30:00,0.0,0.1806051806081881,15.249808999701791,1359.2681422223484,0.09666666666666666,
2022-08-08 11:00:00,0.0,0.4231700738171169,21.856372985212737,1948.1085326235136,0.09633333333333333,
2022-08-08 11:30:00,0.0,0.5510306044836797,24.01487652247707,2141.387527837524,0.09633333333333333,
2022-08-08 12:00:00,0.0,0.513611365340574,25.187100886957953,2244.829938728782,0.09599999999999999,
2022-08-08 12:30:00,0.0,0.5287581457368212,24.11012699202738,2149.9637679799566,0.09599999999999999,
2022-08-08 13:00:00,0.0,0.5613775534796731,21.920082471352003,1954.6389718781743,0.09633333333333333,
2022-08-08 13:30:00,0.0,0.7595323740274501,24.94147226840291,2223.5341215721473,0.09633333333333333,
2022-08-08 14:00:00,0.0,0.6151892193943618,22.010930945698547,1962.289984605526,0.09699999999999999,
2022-08-08 14:30:00,0.0,0.7973313735598264,21.983696733826232,1959.9112468886483,0.09699999999999999,
2022-08-08 15:00:00,0.0,0.7923292186021778,23.08639772279734,2057.670673927465,0.09733333333333333,
2022-08-08 15:30:00,0.0,0.690400551838933,24.394672823625164,2173.7184686679743,0.09733333333333333,
2022-08-08 16:00:00,0.0,0.8551790256029921,21.901889496601015,1952.1755109581125,0.09766666666666667,-0.1803548664992294
2022-08-08 16:30:00,0.0,0.802538081162216,25.75798187113377,2294.700060348527,0.09766666666666667,-0.1798424806302413
2022-08-08 17:00:00,0.0,0.7105979388704082,23.675524419344427,2110.4516146547344,0.09800000000000002,-0.1793300947612533
2022-08-08 17:30:00,0.0,0.6081305494653847,25.74963719958132,2293.9691743298245,0.09800000000000002,-0.1788177088922653
2022-08-08 18:00:00,0.0,0.5463206521595121,23.771501107239654,2117.5586028236157,0.09766666666666668,-0.1783053230232773
2022-08-08 18:30:00,0.0,0.5145478276389621,20.59905710462349,1836.3368619890352,0.09766666666666668,-0.1860765240300077
2022-08-08 19:00:00,0.0,0.4076951937523517,21.14915781382269,1884.5784616283936,0.09666666666666668,-0.1994108053511732
2022-08-08 19:30:00,0.0,0.3666134477329636,19.48587114057865,1736.3678350696389,0.09666666666666668,-0.2255489644248775
2022-08-08 20:00:00,0.0,0.1136188153812625,16.081141238502646,1433.7592132329112,0.09633333333333334,-0.2619036889597472
2022-08-08 20:30:00,0.0,0.0934602932260493,15.3036712896287,1363.7966591885788,0.09633333333333334,-0.2965845444094104
2022-08-08 21:00:00,0.0,0.0846282856407551,12.294621966965693,1095.2452484910316,0.09600000000000002,-0.3172390507887738
2022-08-08 21:30:00,0.0,0.0660585303301612,9.198129115811204,819.3248096223579,0.09600000000000002,-0.3199549833742359
2022-08-08 22:00:00,0.0,4.362491475530173e-05,7.021902334619545,625.4530010166416,0.09400000000000001,-0.3101792991814082
2022-08-08 22:30:00,0.0,4.232498636734754e-05,6.701986625214008,596.267551540146,0.09400000000000001,-0.2962099292418823
2022-08-08 23:00:00,0.0,0.0363541995898183,4.6467297610852505,413.98330280286126,0.09366666666666668,-0.283160948065295
2022-08-08 23:30:00,0.0,0.0340428181651473,4.586692455780261,408.4235115988054,0.09366666666666668,-0.2729621321251209
2022-08-09 00:00:00,0.0,0.0321701473871147,3.697682582104345,329.34895474639757,0.09333333333333334,-0.2672507318470572
2022-08-09 00:30:00,0.0,3.821140429993432e-05,3.1435345079822747,279.88198622474727,0.09333333333333334,-0.2668631779661343
2022-08-09 01:00:00,0.0,0.0272410428018664,2.8219195341013683,251.36409535895567,0.09300000000000001,-0.2685394973293634
2022-08-09 01:30:00,0.0,0.0325585449463692,2.6922335275939515,239.86228342506905,0.09300000000000001,-0.265178602911724
2022-08-09 02:00:00,0.0,0.0299316164657645,1.8844514503526857,168.0842156492302,0.09333333333333334,-0.2510179504022027
2022-08-09 02:30:00,0.0,0.0277534667413103,2.0012997992315045,178.13054923512237,0.09333333333333334,-0.2258614926848508
2022-08-09 03:00:00,0.0,0.0265239039141765,1.5985975497372236,142.5051700519933,0.09366666666666668,-0.1944156393598432
2022-08-09 03:30:00,0.0,0.0252020458680865,1.1899030877148913,106.00201433377435,0.09366666666666668,-0.1631359831183988
2022-08-09 04:00:00,0.0,0.0234901347282011,0.9659474768595246,86.19990081143501,0.09400000000000001,-0.1375484842497588
2022-08-09 04:30:00,0.0,3.148553847931474e-05,0.9486435918586296,84.58930769752794,0.09400000000000001,-0.1202228620879748
2022-08-09 05:00:00,0.0,0.0147441866766789,0.5651406809905449,50.41865304288271,0.09399999999999999,-0.1097120575544048
2022-08-09 05:30:00,0.0,3.0438899716606223e-05,0.5475790746954107,48.56087060991564,0.09399999999999999,-0.1363493913472154
2022-08-09 06:00:00,0.0,3.00173708846954e-05,0.1404752871495022,12.848458433687792,0.09399999999999999,-0.162986725140026
2022-08-09 06:30:00,0.0,3.005453953235084e-05,-0.0025819955427825,-0.2986378218399493,0.09399999999999999,-0.1896240589328366
2022-08-09 07:00:00,0.0,3.013207550573784e-05,-0.2005401854913769,-17.929380785822627,0.09399999999999999,-0.2162613927256472
2022-08-09 07:30:00,0.0,3.0284443149030228e-05,0.1226347420827987,11.032395027085878,0.09399999999999999,-0.2428987265184578
2022-08-09 08:00:00,0.0,3.078563437100488e-05,1.0177932005825228,90.61165031190043,0.09433333333333332,-0.2695360603112684
2022-08-09 08:30:00,0.0,3.1367349421886946e-05,1.1899030877148913,106.06659244040031,0.09433333333333332,-0.296173394104079
2022-08-09 09:00:00,0.0,3.327119776282683e-05,1.3950128500093255,124.36653418466244,0.09533333333333333,-0.2936104427073461
2022-08-09 09:30:00,0.0,3.773608560441656e-05,3.0955262702010287,276.03921811681033,0.09533333333333333,-0.29101095617281
2022-08-09 10:00:00,0.0,4.050824563260603e-05,5.740116113445456,511.44254305047536,0.09499999999999999,-0.2884114696382738
2022-08-09 10:30:00,0.0,4.894307090417464e-05,10.803894417913607,962.7252375388804,0.09499999999999999,-0.2858119831037377
2022-08-09 11:00:00,0.0,0.0995268973051454,16.715999626081363,1489.8530773917569,0.09499999999999999,
2022-08-09 11:30:00,0.0,0.2051767369007274,20.72515355784591,1846.4270929155912,0.09499999999999999,
2022-08-09 12:00:00,0.0,0.2814106162342707,23.224484746882553,2069.9942249022392,0.09466666666666666,
2022-08-09 12:30:00,0.0,0.3093563672829612,23.269097383978593,2074.83913543072,0.09466666666666666,
2022-08-09 13:00:00,0.0,0.3298183728204132,20.866905714691715,1859.9915272352057,0.09400000000000001,
2022-08-09 13:30:00,0.0,0.3466049908273221,22.240406643927464,1982.8715728993984,0.09400000000000001,
2022-08-09 14:00:00,0.0,0.5842182769541053,22.477179347925233,2003.071983510454,0.09533333333333334,
2022-08-09 14:30:00,0.0,0.8026062348798038,23.61553477501139,2104.052834741042,0.09533333333333334,
2022-08-09 15:00:00,0.0,0.7720119619316321,24.500386830372257,2182.8246104833856,0.09600000000000002,
2022-08-09 15:30:00,0.0,0.8585889852292348,20.277815628209655,1807.6605302329133,0.09600000000000002,
2022-08-09 16:00:00,0.0,0.6974999883406904,21.587073908735125,1923.7402280843685,0.09633333333333334,
2022-08-09 16:30:00,0.0,0.5928529143735576,21.186431382484987,1887.74622189545,0.09633333333333334,-0.2546181446893036
2022-08-09 17:00:00,0.0,0.532751810752837,21.772129513167904,1940.1259849507603,0.09500000000000001,-0.2520186581547675
2022-08-09 17:30:00,0.0,0.5328647506257456,22.65843155358321,2018.4594688847608,0.09500000000000001,-0.2494191716202313
2022-08-09 18:00:00,0.0,0.4808459077185055,21.836708488538612,1945.5624474659185,0.09466666666666668,-0.2468196850856951
2022-08-09 18:30:00,0.0,0.1854756357203067,17.933004829319742,1597.5562313683106,0.09466666666666668,-0.2442201985511589
2022-08-09 19:00:00,0.0,0.1531165568066533,13.497054087107925,1202.9055408500749,0.09400000000000001,-0.2948222415687469
2022-08-09 19:30:00,0.0,0.139116773999194,12.355484558371897,1100.1851276023008,0.09400000000000001,-0.3248936375279981
2022-08-09 20:00:00,0.0,0.0877303861571237,8.978612951340123,799.8683025236077,0.09433333333333334,-0.3317264189480653
2022-08-09 20:30:00,0.0,5.3661489013402654e-05,7.718665671081367,687.4631174159492,0.09433333333333334,-0.324239480789233
2022-08-09 21:00:00,0.0,5.2771351588549656e-05,5.725501538462121,510.1359624281766,0.09300000000000001,-0.3156464449127013
2022-08-09 21:30:00,0.0,5.1528025877622695e-05,5.209359813234248,463.9317710050632,0.09300000000000001,-0.3149773764378957
2022-08-09 22:00:00,0.0,4.9998260596644535e-05,4.865151593856026,433.0488875631286,0.09233333333333334,-0.3218299548438382
2022-08-09 22:30:00,0.0,0.053966180521945,4.333387666189079,385.8648892813877,0.09233333333333334,-0.327456203161779
2022-08-09 23:00:00,0.0,0.0587849522919147,3.159519080846336,281.4356338462725,0.09133333333333334,-0.3228107278968896
2022-08-09 23:30:00,0.0,0.0597632829533623,2.90266935756316,258.4802865942697,0.09133333333333334,-0.3069785738996763
2022-08-10 00:00:00,0.0,4.745745403442763e-05,2.7049353664223,240.716307909413,0.09100000000000001,-0.2867214685441542
2022-08-10 00:30:00,0.0,0.0518182414579689,3.096511416465581,275.6365493979179,0.09100000000000001,-0.2682735983742222
2022-08-10 01:00:00,0.0,0.0525825713485899,2.424214836276341,215.73100069092936,0.09100000000000001,-0.2522252307939004
2022-08-10 01:30:00,0.0,0.0528394460515171,2.440806301552025,217.27791616801667,0.09100000000000001,-0.2361920391481176
2022-08-10 02:00:00,0.0,0.0508650696328981,2.190888435983968,195.3539740816438,0.09100000000000001,-0.2189860155852656
2022-08-10 02:30:00,0.0,0.0501285981422987,1.650067594157805,146.92753212316774,0.09100000000000001,-0.2013986124007447
2022-08-10 03:00:00,0.0,0.050588053872229,1.650067594157805,146.9404964567069,0.09066666666666667,-0.1857886341497415
2022-08-10 03:30:00,0.0,0.0500935943044397,1.1505873610478652,102.46879792198564,0.09066666666666667,-0.1758065816902085
2022-08-10 04:00:00,0.0,0.0470667408912233,1.564597173282183,139.0160636863606,0.09100000000000001,-0.1738032266759028
2022-08-10 04:30:00,0.0,0.047289083566407,1.2200257354244213,108.58129542915552,0.09100000000000001,-0.1769082475432045
2022-08-10 05:00:00,0.0,0.0611952697970643,1.3411197500164247,119.34861724940366,0.09100000000000001,-0.1772962113058006
2022-08-10 05:30:00,0.0,0.059335915398989,1.1332001218957817,100.78419832782244,0.09100000000000001,-0.1680600003552878
2022-08-10 06:00:00,0.0,0.046719852610432,0.2672937053259799,23.952425148044433,0.09100000000000001,-0.1485328676541607
2022-08-10 06:30:00,0.0,3.970431208349552e-05,0.6771878985562334,60.23971472105206,0.09100000000000001,-0.1233188108822088
2022-08-10 07:00:00,0.0,3.979356367009359e-05,0.7125389439212773,63.55601095163383,0.09100000000000001,-0.097377271817259
2022-08-10 07:30:00,0.0,4.055340692075748e-05,0.446273575082599,39.58323048802241,0.09100000000000001,-0.1577927840738223
2022-08-10 08:00:00,0.0,4.068718853140495e-05,1.4272884319443837,127.19087722457915,0.09100000000000001,-0.2182082963303857
2022-08-10 08:30:00,0.0,4.127444219376738e-05,4.052328182407325,361.0160784837672,0.09100000000000001,-0.2786238085869491
2022-08-10 09:00:00,0.0,0.0140217560279504,6.843521886417073,609.679472179656,0.09100000000000001,-0.3229706455030477
2022-08-10 09:30:00,0.0,0.0148382351064712,11.93184791815452,1063.0189078578107,0.09100000000000001,-0.3184850878443165
2022-08-10 10:00:00,0.0,0.0024938275829226,14.128808935777622,1258.7954958199653,0.09166666666666667,-0.3139995301855852
2022-08-10 10:30:00,0.0,0.002817757571835,18.31867311549176,1632.5709282484963,0.09166666666666667,-0.309513972526854
2022-08-10 11:00:00,0.0,0.0681943876971642,22.790257168279116,2031.17296047018,0.09133333333333334,
2022-08-10 11:30:00,0.0,0.0710035733517137,22.908672274781633,2042.352806873291,0.09133333333333334,
2022-08-10 12:00:00,0.0,0.0868818536194755,24.717746393699283,2203.0978793214717,0.09233333333333334,
2022-08-10 12:30:00,0.0,0.0938829458614563,25.325105716365055,2257.323137822058,0.09233333333333334,
2022-08-10 13:00:00,0.0,0.2340940964000942,25.21291616175233,2246.8316933210685,0.09300000000000001,
2022-08-10 13:30:00,0.0,0.4111163903592619,22.80849586556955,2033.1523722037032,0.09300000000000001,
2022-08-10 14:00:00,0.0,0.295450826901417,24.013542876619173,2139.729708538047,0.09333333333333334,
2022-08-10 14:30:00,0.0,0.3079475205738095,21.905610639292423,1952.519762242049,0.09333333333333334,-0.2736295112570041
2022-08-10 15:00:00,0.0,0.5412507039443738,23.09022382750704,2058.0684003224924,0.09333333333333334,-0.2691439535982728
2022-08-10 15:30:00,0.0,0.614873943275635,21.84970882267563,1946.7399839862208,0.09333333333333334,-0.2646583959395416
2022-08-10 16:00:00,0.0,0.1215182956075412,15.81868282354165,1409.6734840139502,0.09300000000000001,-0.2601728382808104
2022-08-10 16:30:00,0.0,6.230346701587582e-05,14.983656896187656,1334.9973894840105,0.09300000000000001,-0.2556872806220791
2022-08-10 17:00:00,0.0,0.0453853570720234,18.823806891719613,1677.331610276186,0.09233333333333334,-0.2309588166327984
2022-08-10 17:30:00,0.0,0.0445218412618105,18.09432978972202,1612.307391851115,0.09233333333333334,-0.2027410208956849
2022-08-10 18:00:00,0.0,0.0144812076125681,16.920958235045223,1507.494493551275,0.09233333333333334,-0.1907523005881714
2022-08-10 18:30:00,0.0,0.0143746952830955,13.61274367387269,1212.4426351015495,0.09233333333333334,-0.1990101725239843
2022-08-10 19:00:00,0.0,0.1639100785028096,13.508611008423946,1203.1962214132718,0.09266666666666667,-0.2209357112883016
2022-08-10 19:30:00,0.0,0.0051779232621214,11.009082793826536,980.5542561315352,0.09266666666666667,-0.2505269397694059
2022-08-10 20:00:00,0.0,5.92452380392292e-05,8.262788322271371,736.0077370199984,0.09200000000000001,-0.2856467200066849
2022-08-10 20:30:00,0.0,5.68758933502975e-05,7.852141070914283,699.3390574010791,0.09200000000000001,-0.3230893107633193
2022-08-10 21:00:00,0.0,5.434841106388849e-05,6.253758370055584,557.0647172004316,0.09133333333333334,-0.3551703243710358
2022-08-10 21:30:00,0.0,5.360866080615109e-05,5.413913993965332,482.4456831841547,0.09133333333333334,-0.3731657257728883
2022-08-10 22:00:00,0.0,5.2094630059039074e-05,4.099286516266453,365.39762162732785,0.09066666666666667,-0.3734879760925783
2022-08-10 22:30:00,0.0,5.075903399214024e-05,4.809869691685871,428.12888738132153,0.09066666666666667,-0.3597080826892075
2022-08-10 23:00:00,0.0,5.055599251456459e-05,5.458717870461181,486.0045008998335,0.09000000000000001,-0.3390393208435124
2022-08-10 23:30:00,0.0,5.045356679417191e-05,2.4905214558318756,221.95013363889424,0.09000000000000001,-0.3174389578033896
2022-08-11 00:00:00,0.0,5.250970629162468e-05,1.1944182191431312,106.61393308351376,0.08966666666666667,-0.2975657652434617
2022-08-11 00:30:00,0.0,4.8495168331721855e-05,3.613486658675028,321.8873870456766,0.08966666666666667,-0.2798850249108518
2022-08-11 01:00:00,0.0,4.662805878867662e-05,2.780529672321936,247.6747887677564,0.08966666666666667,-0.264882872916072
2022-08-11 01:30:00,0.0,0.0743555079288792,2.912830957694067,259.52327994505464,0.08966666666666667,-0.2544917086695066
2022-08-11 02:00:00,0.0,4.672412775595169e-05,3.7259224664171984,331.5192303853564,0.08966666666666667,-0.2509130796760937
2022-08-11 02:30:00,0.0,4.984556796021151e-05,1.8192504296198984,161.96963864042814,0.08966666666666667,-0.2530869134282794
2022-08-11 03:00:00,0.0,0.0616944646225206,1.6988637964897524,151.5122971625132,0.08966666666666667,-0.2552608557324043
2022-08-11 03:30:00,0.0,4.4991950776559795e-05,1.1064968349727549,98.98092473256726,0.08966666666666667,-0.2507336466261745
2022-08-11 04:00:00,0.0,4.628760623981973e-05,1.1416994020848423,101.61491169795764,0.08966666666666667,-0.2374968843888449
2022-08-11 04:30:00,0.0,0.0612001530050054,1.1416994020848423,101.66775685725804,0.08966666666666667,-0.2205858119734232
2022-08-11 05:00:00,0.0,0.067027788837419,1.2820573282252223,114.19469165890568,0.08966666666666667,-0.2098045221249266
2022-08-11 05:30:00,0.0,0.0934543990186305,0.8410168779945045,74.7640904576409,0.08966666666666667,-0.214261209215763
2022-08-11 06:00:00,0.0,0.0585339110412912,3.011648985185778,268.0221563888211,0.08966666666666667,-0.2567754817336452
2022-08-11 06:30:00,0.0,0.0429342993664559,3.885778149814567,345.8970094410173,0.08966666666666667,-0.2992897542515272
2022-08-11 07:00:00,0.0,0.074170877555496,1.9732647141639237,175.88694972437048,0.08966666666666667,-0.3418040267694093
2022-08-11 07:30:00,0.0,0.0628130991600546,2.9622834467902983,263.91713910072247,0.08966666666666667,-0.3843182992872914
2022-08-11 08:00:00,0.0,5.040239520669945e-05,6.882043010823557,613.2457218722615,0.08966666666666667,-0.4268325718051736
2022-08-11 08:30:00,0.0,0.105317749514112,10.194744528195685,908.0586332113412,0.08966666666666667,-0.4693468443230557
2022-08-11 09:00:00,0.0,0.107686346011676,11.612910058814894,1034.7206093570333,0.09000000000000001,-0.3475740357006912
2022-08-11 09:30:00,0.0,0.1079112048690627,13.304917809610709,1185.345335610445,0.09000000000000001,-0.3354399887121749
2022-08-11 10:00:00,0.0,0.0018715032206585,15.299044241692846,1363.3274830304488,0.09000000000000001,-0.3233059417236585
2022-08-11 10:30:00,0.0,0.1409835852163882,19.958701370065437,1778.674998556938,0.09000000000000001,-0.3111718947351422
2022-08-11 11:00:00,0.0,0.3661692298586068,23.332615245973308,2079.5346265914427,0.09033333333333333,
2022-08-11 11:30:00,0.0,0.36504181491472,26.29535373289765,2343.5588463407,0.09033333333333333,
2022-08-11 12:00:00,0.0,0.495849468122694,25.180445399586876,2244.1572129948154,0.09133333333333334,
2022-08-11 12:30:00,0.0,0.53847687098333,23.885094387718564,2128.9210661472152,0.09133333333333334,
2022-08-11 13:00:00,0.0,0.3721190646682755,23.91208907717847,2130.776064869687,0.09100000000000001,-0.2505016597925605
2022-08-11 13:30:00,0.0,0.4052535031153564,23.259644087473713,2072.807859851058,0.09100000000000001,-0.2383676128040442
2022-08-11 14:00:00,0.0,0.562582785594652,24.820397165202134,2211.245724135871,0.09166666666666667,-0.2262335658155279
2022-08-11 14:30:00,0.0,0.6095859442107495,23.35083914900753,2080.195684924579,0.09166666666666667,-0.2140995188270116
2022-08-11 15:00:00,0.0,0.6477399017091622,22.81924727106392,2033.1451828296952,0.09133333333333334,-0.2019654718384952
2022-08-11 15:30:00,0.0,0.7089974242338016,21.641399765241314,1928.4543940122016,0.09133333333333334,-0.2365762554815627
2022-08-11 16:00:00,0.0,0.7439056734183235,22.08455199007295,1967.975755104464,0.09166666666666667,-0.2523944308138105
2022-08-11 16:30:00,0.0,0.6399551656978311,24.046818474796783,2142.0154029157266,0.09166666666666667,-0.2562619298159204
2022-08-11 17:00:00,0.0,0.7344803667326305,22.689955842514983,2021.771308276448,0.09166666666666667,-0.2672163791390913
2022-08-11 17:30:00,0.0,0.5811977037219525,20.429783343347673,1820.3354381328863,0.09166666666666667,-0.3022056433302419
2022-08-11 18:00:00,0.0,0.5281681896803898,19.929077061443344,1775.650195079497,0.09200000000000001,-0.3636303826970156
2022-08-11 18:30:00,0.0,0.576495055144212,20.837589671100694,1856.1567072728365,0.09200000000000001,-0.4381242229920749
2022-08-11 19:00:00,0.0,0.1940690213900415,15.665032477596649,1396.1411110080849,0.09100000000000001,-0.506049697383261
2022-08-11 19:30:00,0.0,0.1466383086691641,12.913586151634709,1150.326678113582,0.09100000000000001,-0.5537647573168732
2022-08-11 20:00:00,0.0,0.1276807847260279,11.05044944048352,984.2903862231047,0.09000000000000001,-0.5794596314265842
2022-08-11 20:30:00,0.0,5.318917135696235e-05,10.999986403204831,979.5759781379836,0.09000000000000001,-0.5894336997019285
2022-08-11 21:00:00,0.0,5.168125370113112e-05,8.411678832274015,749.5029961335314,0.08966666666666667,-0.5899855485998318
2022-08-11 21:30:00,0.0,4.824707301932508e-05,7.5228389466044066,669.9568343345795,0.08966666666666667,-0.5827552949480228
2022-08-11 22:00:00,0.0,4.745745403442763e-05,6.300790759725731,561.08409198732,0.08766666666666667,-0.5667820712998234
2022-08-11 22:30:00,0.0,0.0604166727640186,5.331337837163494,474.97951665891605,0.08766666666666667,-0.5425727865341288
2022-08-11 23:00:00,0.0,0.0739892403486896,4.155494694964891,370.4285902991511,0.08733333333333333,-0.5118611168409378
2022-08-11 23:30:00,0.0,0.0746196372067791,5.1488152900983595,458.40507911324926,0.08733333333333333,-0.4749462218797032
2022-08-12 00:00:00,0.0,0.0755239673305446,4.855568551103016,432.61173525431906,0.08666666666666667,-0.4326151771921178
2022-08-12 00:30:00,0.0,0.0455277124854302,3.449688655599936,307.38430831370147,0.08666666666666667,-0.3911496258504131
2022-08-12 01:00:00,0.0,0.0455300672157682,3.120256933670239,277.8926484082338,0.08700000000000001,-0.360383494511894
2022-08-12 01:30:00,0.0,3.948357461039692e-05,4.06525657555065,361.8430144613253,0.08700000000000001,-0.3434940403298846
2022-08-12 02:00:00,0.0,3.877829253423758e-05,2.279356008488123,202.95451393570397,0.08700000000000001,-0.3312775186825716
2022-08-12 02:30:00,0.0,3.825496551648326e-05,2.601886768772692,231.72361517726836,0.08700000000000001,-0.3096702182839866
2022-08-12 03:00:00,0.0,3.979356367009359e-05,2.245186759193712,200.0576320994462,0.08700000000000001,-0.2723090581135695
2022-08-12 03:30:00,0.0,3.877829253423758e-05,1.2885706905589385,114.78314100768132,0.08700000000000001,-0.2256687342454573
2022-08-12 04:00:00,0.0,3.988293852646097e-05,2.6187590919324277,233.0232217219367,0.08700000000000001,-0.1846586725987818
2022-08-12 04:30:00,0.0,4.100291423138871e-05,1.7275204567793512,153.8296341153365,0.08700000000000001,-0.163681965853817
2022-08-12 05:00:00,0.0,3.952803201248042e-05,1.535247314854302,136.9925472506738,0.08733333333333333,-0.16796607511122
2022-08-12 05:30:00,0.0,3.930605387418525e-05,1.464994635236405,130.79480438916227,0.08733333333333333,-0.1900710417272103
2022-08-12 06:00:00,0.0,3.834218123900825e-05,1.605320590682436,143.05625985519313,0.08733333333333333,-0.2144256059938968
2022-08-12 06:30:00,0.0,0.0287806711276403,2.0564994362635725,183.13252120867477,0.08733333333333333,-0.2260814805381634
2022-08-12 07:00:00,0.0,0.040678155871869,1.535247314854302,136.8745577471287,0.08700000000000001,-0.2172142648577026
2022-08-12 07:30:00,0.0,0.0286368565616571,1.6402902984639232,146.45509506746325,0.08700000000000001,-0.1889443719938983
2022-08-12 08:00:00,0.0,0.0395089702057812,2.8036853540195645,249.9491658478078,0.08766666666666667,-0.1497012105211817
2022-08-12 08:30:00,0.0,0.0272042507905671,3.742933943605797,333.75421199519104,0.08766666666666667,-0.1115423324081294
2022-08-12 09:00:00,0.0,3.860457419765026e-05,4.2409970798734,378.0907530676424,0.08766666666666667,-0.0853852165678635
2022-08-12 09:30:00,0.0,4.274146575667647e-05,4.980036962086555,443.7744403916926,0.08766666666666667,-0.0768496089938296
2022-08-12 10:00:00,0.0,4.667710141974349e-05,6.684036509106391,595.4528945157188,0.08766666666666667,-0.0850040648328419
2022-08-12 10:30:00,0.0,5.329443617329002e-05,12.215959181407673,1088.4370939699695,0.08766666666666667,-0.1045582819489168
2022-08-12 11:00:00,0.0,0.0920343533979047,17.008225155827773,1515.277369936239,0.08733333333333333,-0.1291076890315279
2022-08-12 11:30:00,0.0,0.2774846722068538,21.07452862081732,1878.3118036776311,0.08733333333333333,-0.1527297301876195
2022-08-12 12:00:00,0.0,0.3841606600607741,21.490369852029264,1915.0064031909203,0.08733333333333333,-0.1701358548832977
2022-08-12 12:30:00,0.0,0.4011579056136353,22.956427200954305,2044.7236498573184,0.08733333333333333,-0.1779498385896644
2022-08-12 13:00:00,0.0,0.4571304765713434,19.72106780593568,1757.207968131701,0.08733333333333333,-0.1776861343945643
2022-08-12 13:30:00,0.0,0.6552977164759098,21.23942464655571,1892.1929516203888,0.08733333333333333,-0.1768843270711849
2022-08-12 14:00:00,0.0,0.6562583201488158,21.181300314540895,1887.247832051046,0.08833333333333333,-0.1851302264406151
2022-08-12 14:30:00,0.0,0.6697122232285544,19.539851381189564,1741.0966767177115,0.08833333333333333,-0.2084246627278073
2022-08-12 15:00:00,0.0,0.6756822696256741,21.615283462038096,1925.1070558871347,0.09000000000000001,-0.2479645382261546
2022-08-12 15:30:00,0.0,0.6529351718203256,18.858017806221703,1679.7871434394433,0.09000000000000001,-0.3027226689850336
2022-08-12 16:00:00,0.0,0.4337103606262737,17.265772564991295,1538.233473866508,0.09000000000000001,-0.3698120033365193
2022-08-12 16:30:00,0.0,0.3980419720991909,17.595878762990054,1567.239465515286,0.09000000000000001,-0.441894427541555
2022-08-12 17:00:00,0.0,6.748067232976398e-05,15.804633979349706,1407.8393246687522,0.08900000000000001,-0.5073812856916794
2022-08-12 17:30:00,0.0,0.2097855716019726,13.294717099376967,1184.3822946387722,0.08900000000000001,-0.5561645435357361
2022-08-12 18:00:00,0.0,0.0104643190596407,16.136769504227935,1437.5191925247236,0.08833333333333333,-0.5858339191456277
2022-08-12 18:30:00,0.0,0.0098743124874219,14.050143733466976,1251.698781101844,0.08833333333333333,-0.6021596866027251
2022-08-12 19:00:00,0.0,6.213129012402995e-05,10.67870216303491,951.19241177522,0.08800000000000001,-0.6139253714855841
2022-08-12 19:30:00,0.0,0.1666917355688253,10.106159619477674,899.9835622750114,0.08800000000000001,-0.6272422591416587
2022-08-12 20:00:00,0.0,0.1862866060733218,7.947011519758762,707.7830680216971,0.08733333333333333,-0.6433507223990295
2022-08-12 20:30:00,0.0,0.1710831094027669,7.365095781843198,655.8736281292589,0.08733333333333333,-0.6600502482883773
2022-08-12 21:00:00,0.0,0.1427332467030547,6.713333012806318,598.0243922302508,0.08600000000000001,-0.6741624660469764
2022-08-12 21:30:00,0.0,0.0889122192810839,5.927108364778544,527.9353771219863,0.08600000000000001,-0.6818634650089653
2022-08-12 22:00:00,0.0,4.834497702000175e-05,6.654711405358364,592.5174199416165,0.08466666666666667,-0.6774381196339396
2022-08-12 22:30:00,0.0,0.1083464222134699,5.057560019719671,450.38278892470754,0.08466666666666667,-0.6554348236174073
2022-08-12 23:00:00,0.0,0.1065631735373459,4.447312744395484,396.2943433809568,0.08433333333333333,-0.6170945955153855
2022-08-12 23:30:00,0.0,0.1047689430428857,4.0812776144170435,363.4652027076302,0.08433333333333333,-0.5733593175122599
2022-08-13 00:00:00,0.0,0.070325666229902,3.772931472050924,336.3835935544837,0.08433333333333333,-0.5379371636873456
2022-08-13 00:30:00,0.0,0.0678792446076957,3.887355333477598,346.62156262986827,0.08433333333333333,-0.5158430749971992
2022-08-13 01:00:00,0.0,4.301786220239421e-05,3.39369070976553,302.2883903161859,0.08433333333333333,-0.4991319633091968
2022-08-13 01:30:00,0.0,4.0777784320328945e-05,3.8547096545158146,343.3747881486816,0.08433333333333333,-0.4746817402033648
2022-08-13 02:00:00,0.0,4.055340692075748e-05,3.327214462948813,296.437646738019,0.08433333333333333,-0.4368414837177692
2022-08-13 02:30:00,0.0,4.1730670283170366e-05,2.3107247206928108,206.0084924685964,0.08433333333333333,-0.3939943105339651
2022-08-13 03:00:00,0.0,0.1299108549529779,-0.0668397808530722,-6.06118859337656,0.08433333333333333,-0.3641494323747944
2022-08-13 03:30:00,0.0,0.1192650855028276,1.5232116058394292,135.79328229505373,0.08433333333333333,-0.3627669242885998
2022-08-13 04:00:00,0.0,4.451896348842178e-05,3.559201286688816,316.77065076691224,0.08466666666666667,-0.3914554182807074
2022-08-13 04:30:00,0.0,4.475609477267896e-05,1.7354236680817612,154.72608206652598,0.08466666666666667,-0.436332819498248
2022-08-13 05:00:00,0.0,4.3438351331317256e-05,3.6580458088301895,325.7212451670581,0.08466666666666667,-0.4771546595615336
2022-08-13 05:30:00,0.0,3.961703941799172e-05,2.9924626870314928,266.3665018983943,0.08466666666666667,-0.4989243204121965
2022-08-13 06:00:00,0.0,3.8822256168481984e-05,2.2416246952957293,199.69041100676492,0.08466666666666667,-0.4971115390380424
2022-08-13 06:30:00,0.0,3.743441925524666e-05,2.6195678480464237,233.39586710077896,0.08466666666666667,-0.4748049919516856
2022-08-13 07:00:00,0.0,3.713428294613371e-05,2.0332853017436388,181.4553885817035,0.08466666666666667,-0.4364229194346254
2022-08-13 07:30:00,0.0,3.721987992815649e-05,2.207010055832598,196.8201082053151,0.08466666666666667,-0.3837638848086898
2022-08-13 08:00:00,0.0,3.666573640149513e-05,5.4896035861612145,489.0307707602744,0.08466666666666667,-0.3173679042242419
2022-08-13 08:30:00,0.0,3.825496551648326e-05,6.506041229925543,579.8355237674461,0.08466666666666667,-0.2412443910636823
2022-08-13 09:00:00,0.0,3.979356367009359e-05,6.341531156761572,565.1165126073638,0.08466666666666667,-0.165329684745536
2022-08-13 09:30:00,0.0,4.5614963145202326e-05,6.1911854908791675,551.6151176581479,0.08466666666666667,-0.1018669585722882
2022-08-13 10:00:00,0.0,0.1001099009504908,9.174685788179302,817.4802424591293,0.08466666666666667,-0.0590206098448363
2022-08-13 10:30:00,0.0,0.1133965000888993,15.965410987617291,1422.135728384167,0.08466666666666667,-0.0388080492878998
2022-08-13 11:00:00,0.0,0.4044063935918525,21.38965489613695,1905.7617194491847,0.08466666666666667,-0.0415798743029932
2022-08-13 11:30:00,0.0,0.4194516960769308,23.586454526334176,2102.4751804458992,0.08466666666666667,-0.0708801322274356
2022-08-13 12:00:00,0.0,0.2100796795266971,23.167140850788023,2065.010983843921,0.085,-0.1309639010600795
2022-08-13 12:30:00,0.0,0.3596223667997287,24.458896147746923,2179.7498500356096,0.085,-0.2176729608898616
2022-08-13 13:00:00,0.0,0.4008657673576253,21.845825071634085,1946.4720626499336,0.08533333333333333,-0.3132112052615546
2022-08-13 13:30:00,0.0,0.3579069432209945,23.082796214571083,2056.644518696287,0.08533333333333333,-0.3924820699551968
2022-08-13 14:00:00,0.0,0.3456224692160872,18.79166107811059,1674.487636257749,0.08666666666666667,-0.436036190124271
2022-08-13 14:30:00,0.0,0.3008747978480264,17.716056878363297,1578.354221965195,0.08666666666666667,-0.4391917205499407
2022-08-13 15:00:00,0.0,0.5075268943674041,18.68750886909437,1665.1637151557568,0.08600000000000001,-0.4117284836119589
2022-08-13 15:30:00,0.0,0.4106205427611487,21.555222007348632,1920.1394689385895,0.08600000000000001,-0.3687234481282198
2022-08-13 16:00:00,0.0,0.4782932267395112,18.624885032387017,1659.5186057341152,0.08666666666666667,-0.321622635027479
2022-08-13 16:30:00,0.0,0.4834049342123637,23.780781929114212,2117.561318112244,0.08666666666666667,-0.2792968877936519
2022-08-13 17:00:00,0.0,0.2587261859501156,19.96012135956985,1778.560285378668,0.08700000000000001,-0.2534862788224941
2022-08-13 17:30:00,0.0,0.2666888069033074,17.426260729968035,1553.571114398725,0.08700000000000001,-0.2557844033403976
2022-08-13 18:00:00,0.0,0.4617546214936486,20.42219010956452,1818.65945923234,0.08800000000000001,-0.2883313118148051
2022-08-13 18:30:00,0.0,0.2746159541660707,21.223432812984885,1890.4142301953752,0.08800000000000001,-0.3411638620284226
2022-08-13 19:00:00,0.0,0.2268368454068816,18.968091669784883,1689.086278957874,0.08666666666666667,-0.4002699485649455
2022-08-13 19:30:00,0.0,0.371944227545078,16.74136254695809,1491.833848187714,0.08666666666666667,-0.4569630556318343
2022-08-13 20:00:00,0.0,0.1108728742657271,16.510269323437083,1470.15762002717,0.08600000000000001,-0.5090894898381553
2022-08-13 20:30:00,0.0,0.1120619462388533,11.736479224903537,1045.4077514390844,0.08600000000000001,-0.555715329433348
2022-08-13 21:00:00,0.0,0.1111007027257847,10.131044922846607,902.2183697916888,0.08566666666666667,-0.5939098187912509
2022-08-13 21:30:00,0.0,0.0911211443504132,7.43128894169767,661.9974915426789,0.08566666666666667,-0.6199826745309794
2022-08-13 22:00:00,0.0,0.0903643716124817,7.43128894169767,662.1877183652155,0.08366666666666667,-0.6307432230798047
2022-08-13 22:30:00,0.0,0.0868685833080174,6.565639480597376,584.9588378464817,0.08366666666666667,-0.6232258327193614
2022-08-13 23:00:00,0.0,0.0800915618749661,5.396849249054475,480.7267233191546,0.08233333333333333,-0.5965110875988459
2022-08-13 23:30:00,0.0,0.0738642691316982,4.340523867475406,386.98206442375584,0.08233333333333333,-0.5561235718198079
2022-08-14 00:00:00,0.0,4.4849951911232046e-05,6.920184717391088,616.079859217617,0.08233333333333333,-0.5151720138077627
2022-08-14 00:30:00,0.0,4.4234971020302885e-05,4.935811581060417,439.93102973750433,0.08233333333333333,-0.4871642582923039
2022-08-14 01:00:00,0.0,0.0657743706219657,4.373420403193331,389.8435616205548,0.08233333333333333,-0.4755632283073462
2022-08-14 01:30:00,0.0,0.0850036356273444,4.840174373282502,431.10620226227064,0.08233333333333333,-0.4714714336069427
2022-08-14 02:00:00,0.0,0.0812857783474744,4.5513541874206656,405.480781130837,0.082,-0.4624967332036635
2022-08-14 02:30:00,0.0,0.0513787392054731,3.633788356821556,324.0256493226922,0.082,-0.4428544785209221
2022-08-14 03:00:00,0.0,3.769289681728121e-05,2.9256443206374616,261.1484178215061,0.082,-0.4151567481714915
2022-08-14 03:30:00,0.0,3.700612199468409e-05,3.4835299309000436,310.7902401929107,0.082,-0.3852496539516717
2022-08-14 04:00:00,0.0,3.636778521064745e-05,2.9938584740343503,267.1017842057802,0.082,-0.3569562809187676
2022-08-14 04:30:00,0.0,3.615716633737405e-05,3.078893905780424,274.5708994113356,0.082,-0.3309503502477092
2022-08-14 05:00:00,0.0,3.582180858518088e-05,2.111400720041123,188.37612664188788,0.082,-0.3074048924417483
2022-08-14 05:30:00,0.0,3.515368783130449e-05,3.1636730640679187,281.9005016510217,0.082,-0.2883771551823326
2022-08-14 06:00:00,0.0,3.536052203677899e-05,2.8230110798255916,251.81103676577197,0.082,-0.2762260794734881
2022-08-14 06:30:00,0.0,3.408241776180299e-05,2.286649833346915,203.9150940002712,0.082,-0.269674033137086
2022-08-14 07:00:00,0.0,3.4205635288323394e-05,2.3738611597027357,211.7331790987319,0.082,-0.2627568605398707
2022-08-14 07:30:00,0.0,3.387882363103905e-05,2.5647691909493635,228.997280265908,0.082,-0.2484316861257425
2022-08-14 08:00:00,0.0,3.5236327077905795e-05,4.128995392780496,368.1260874662862,0.082,-0.2237150542387748
2022-08-14 08:30:00,0.0,3.5236327077905795e-05,7.348705324553734,654.4960249213592,0.082,-0.1918958418920292
2022-08-14 09:00:00,0.0,3.8734359909475526e-05,7.157358659904055,637.9052694802965,0.082,-0.1598724782608476
2022-08-14 09:30:00,0.0,4.466035765302329e-05,9.01925605946456,803.7502875779703,0.082,-0.1331589087761894
2022-08-14 10:00:00,0.0,4.706637533441472e-05,11.221614297410795,999.8862132848956,0.08266666666666667,-0.1133074443819983
2022-08-14 10:30:00,0.0,5.360866080615109e-05,16.573884848930415,1476.5984944895224,0.08266666666666667,-0.0993114914539825
2022-08-14 11:00:00,0.0,0.2049904917280755,19.512758401480497,1738.6212070436763,0.08266666666666667,-0.0906043372395952
2022-08-14 11:30:00,0.0,0.3458735323293535,21.509189855395228,1916.8993030818503,0.08266666666666667,-0.0887644618996899
2022-08-14 12:00:00,0.0,0.321963811630945,24.254908885264378,2160.618543704815,0.08266666666666667,-0.0968721526149149
2022-08-14 12:30:00,0.0,0.4705547683391052,23.762353690892184,2116.9998584668865,0.08266666666666667,-0.1173793247863573
2022-08-14 13:00:00,0.0,0.3623401722560352,21.78392944183948,1940.848640591041,0.08233333333333333,-0.1501208627515935
2022-08-14 13:30:00,0.0,0.3601876029718163,22.14427216596846,1972.6599465320671,0.08233333333333333,-0.1917761438939037
2022-08-14 14:00:00,0.0,0.5066711915109064,21.073799580966433,1877.3409547703568,0.084,-0.2371976478671487
2022-08-14 14:30:00,0.0,0.5174876771737953,22.62645513203424,2015.6770673571132,0.084,-0.2822258031288025
2022-08-14 15:00:00,0.0,0.5514973900102076,21.676208792782766,1931.1270342192352,0.085,-0.3254427495660618
2022-08-14 15:30:00,0.0,0.691693489350257,21.47964716299161,1912.9797953744992,0.085,-0.3663464612330748
2022-08-14 16:00:00,0.0,0.6772036343782546,20.994148378511294,1870.3034938285864,0.085,-0.4024549433811491
2022-08-14 16:30:00,0.0,0.6519278947430645,18.982233773154793,1691.0347359604018,0.085,-0.4296878874337149
2022-08-14 17:00:00,0.0,0.4361349294499245,19.708621494616036,1755.7305892735703,0.08433333333333333,-0.4454222368405528
2022-08-14 17:30:00,0.0,0.5657876118358591,17.694197729293656,1576.4570150768243,0.08433333333333333,-0.4511686166549771
2022-08-14 18:00:00,0.0,0.5851009863977243,19.585029455532,1744.6835896294688,0.08433333333333333,-0.4542629409917524
2022-08-14 18:30:00,0.0,0.2640178294232174,16.873681828827603,1503.8151319012431,0.08433333333333333,-0.4673737400603966
2022-08-14 19:00:00,0.0,0.2150169567747988,16.27166555325243,1449.8342210877786,0.084,-0.5027472535050214
2022-08-14 19:30:00,0.0,0.0236891449590241,19.45070808545929,1731.1152412263611,0.084,-0.5621137901464149
2022-08-14 20:00:00,0.0,5.250970629162468e-05,13.541763756116556,1206.7004679444196,0.083,-0.6312137335221442
2022-08-14 20:30:00,0.0,5.1631590601909576e-05,12.206678919466055,1087.499699375876,0.083,-0.686804575816703
2022-08-14 21:00:00,0.0,0.0852292624965572,9.937266658489673,885.0679436932368,0.08233333333333333,-0.711176795569065
2022-08-14 21:30:00,0.0,0.1142223656251198,8.542995570609568,761.2660882414934,0.08233333333333333,-0.7017778054933803
2022-08-14 22:00:00,0.0,0.108671134459722,7.91564952246546,705.2157064467732,0.08033333333333333,-0.6698692425253705
2022-08-14 22:30:00,0.0,0.1041794828986935,7.407339814477179,659.7632540360635,0.08033333333333333,-0.6312133446013425
2022-08-14 23:00:00,0.0,4.25552035709587e-05,6.6210707778387,589.7280076445926,0.07933333333333333,-0.5957653022862845
2022-08-14 23:30:00,0.0,0.0845269884899484,6.181984120966881,550.6681876016698,0.07933333333333333,-0.5641488168428659
2022-08-15 00:00:00,0.0,0.0821989904228339,3.28928291152626,292.95374459807914,0.079,-0.5333937743717433
2022-08-15 00:30:00,0.0,0.0534412784063464,3.4493723928822604,307.06147226837203,0.079,-0.50436635013518
2022-08-15 01:00:00,0.0,0.0486328410833591,2.4913989921757893,221.81319521185807,0.079,-0.4818562717924449
2022-08-15 01:30:00,0.0,0.0452726032708604,2.358942588498639,209.9126884011021,0.079,-0.468659463205264
2022-08-15 02:00:00,0.0,0.0396946583722549,2.4748763685801043,219.9909462268807,0.079,-0.4619622294091035
2022-08-15 02:30:00,0.0,0.035331252463956,2.0250108209130113,180.13604697663544,0.079,-0.4553289484266753
2022-08-15 03:00:00,0.0,3.552828802827067e-05,1.7549321242986744,156.24763492769245,0.079,-0.4429934884863897
2022-08-15 03:30:00,0.0,0.0310871747236429,1.6359351757719,145.43359304281952,0.079,-0.4229646839647953
2022-08-15 04:00:00,0.0,3.4286814121211164e-05,1.2239830581422069,108.8984963021068,0.07866666666666668,-0.3978147242242595
2022-08-15 04:30:00,0.0,0.0266420005848511,1.4993046914337838,133.3160875165456,0.07866666666666668,-0.3724137602198433
2022-08-15 05:00:00,0.0,3.2910769402496645e-05,1.3619901023778935,121.02049304725637,0.079,-0.3493314884853188
2022-08-15 05:30:00,0.0,3.18386857926341e-05,0.8933911224941549,79.50594446961198,0.079,-0.3262699311510335
2022-08-15 06:00:00,0.0,3.1329082352843475e-05,0.9807788637565794,87.22169979592833,0.079,-0.2989658932631781
2022-08-15 06:30:00,0.0,3.078563437100488e-05,0.9807788637565794,87.27403140855482,0.079,-0.2664318196939926
2022-08-15 07:00:00,0.0,3.187737162449441e-05,0.647198553744891,57.511206175727246,0.079,-0.231976891087068
2022-08-15 07:30:00,0.0,3.207451334881924e-05,0.910891155353181,80.74038343143475,0.079,-0.199414477062951
2022-08-15 08:00:00,0.0,3.223346470019411e-05,1.6359351757719,145.58923450653506,0.079,-0.170763105495243
2022-08-15 08:30:00,0.0,3.2830114591837195e-05,2.70530705597978,240.87810317553777,0.079,-0.1484013216466414
2022-08-15 09:00:00,0.0,3.367603199451579e-05,4.375982462416893,389.5874227173599,0.079,-0.1367494450902815
2022-08-15 09:30:00,0.0,3.700612199468409e-05,4.499347234430275,400.66411287719035,0.079,-0.1395924447102326
2022-08-15 10:00:00,0.0,4.006018939554484e-05,7.244267145016488,644.9836349550969,0.079,-0.1566360156749788
2022-08-15 10:30:00,0.0,4.9593749015695974e-05,10.930005462531156,973.4062809743627,0.079,-0.1838036957671403
2022-08-15 11:00:00,0.0,0.0581250738399356,15.30230053817256,1362.7062755853185,0.07933333333333334,-0.2161862843277472
2022-08-15 11:30:00,0.0,0.0611161748444115,17.124970857484996,1524.9982475116535,0.07933333333333334,-0.2497115016204711
2022-08-15 12:00:00,0.0,0.3070560452060825,16.925626451883264,1507.5358404307558,0.079,-0.2803199539062871
2022-08-15 12:30:00,0.0,0.5563450494431338,19.10333075815222,1701.3212272779008,0.079,-0.3027913417236878
2022-08-15 13:00:00,0.0,0.2848725097759718,15.32427670477515,1365.0692574969353,0.07966666666666666,-0.3118088641952402
2022-08-15 13:30:00,0.0,0.4087671990295691,16.52374392580326,1471.373825217438,0.07966666666666666,-0.3056425527700293
2022-08-15 14:00:00,0.0,0.3772768299575941,16.999191480815377,1513.9543000867388,0.08133333333333333,-0.2897900155311354
2022-08-15 14:30:00,0.0,0.4281926832486477,18.04511038604879,1607.2425007962652,0.08133333333333333,-0.2768233770281772
2022-08-15 15:00:00,0.0,0.5356569031012949,18.299673416426263,1628.919116380752,0.08133333333333333,-0.2805737639180618
2022-08-15 15:30:00,0.0,0.3685040300001953,14.106552516052613,1256.18289985335,0.08133333333333333,-0.3081057966732528
2022-08-15 16:00:00,0.0,0.5072125595917107,13.568299183537489,1208.0346761600058,0.082,-0.3565004627215046
2022-08-15 16:30:00,0.0,0.3531067850242252,15.313290284556578,1363.5364410437253,0.082,-0.4167366798458227
2022-08-15 17:00:00,0.0,0.2747424301103286,14.815414442248937,1318.7315467979877,0.082,-0.4791632201240538
2022-08-15 17:30:00,0.0,0.270991833867108,11.877070695192872,1057.495058960099,0.082,-0.5361410836029664
2022-08-15 18:00:00,0.0,0.1819463415689234,12.11872402151953,1078.783936489804,0.081,-0.5829786365167858
2022-08-15 18:30:00,0.0,0.2662250412034075,12.178867267970048,1084.5564837223217,0.081,-0.6185016108490282
2022-08-15 19:00:00,0.0,0.1482034240616688,13.126958726858268,1168.4968640242057,0.08066666666666666,-0.6444302237944878
2022-08-15 19:30:00,0.0,0.1237071357742324,10.057495538390782,895.6777458916661,0.08066666666666666,-0.6634958548388824
2022-08-15 20:00:00,0.0,0.0765287786093549,10.236433638094809,911.1609264392868,0.08066666666666666,-0.6768154025156278
2022-08-15 20:30:00,0.0,4.9142623344636594e-05,8.210501367043372,730.7489539888737,0.08066666666666666,-0.6816354032132281
2022-08-15 21:00:00,0.0,0.0597520542257761,7.216206584991997,642.1788762439757,0.07933333333333333,-0.6725583721246491
2022-08-15 21:30:00,0.0,0.0785488584158698,5.925621562417805,527.1685315503166,0.07933333333333333,-0.646833214374058
2022-08-15 22:00:00,0.0,0.0732359611322058,4.468555535199764,397.73940720845695,0.07766666666666666,-0.6084182498485808
2022-08-15 22:30:00,0.0,0.0701638216407223,3.9399838314458258,350.28701780012034,0.07766666666666666,-0.5664256742771394
2022-08-15 23:00:00,0.0,0.0445925955231775,3.7194651013505022,330.86417819494693,0.077,-0.5296749470602508
2022-08-15 23:30:00,0.0,0.0410848259371124,3.257155867342146,289.72999632227345,0.077,-0.5019594265293764
2022-08-16 00:00:00,0.0,0.0401599881803927,2.6347942128736017,234.70834446094923,0.077,-0.4811533694914546
2022-08-16 00:30:00,0.0,3.952803201248042e-05,2.0223293347759013,180.14273604275564,0.077,-0.4621414441646769
2022-08-16 01:00:00,0.0,3.834218123900825e-05,1.8376039696367517,163.64898482843475,0.07666666666666667,-0.4407298473313942
2022-08-16 01:30:00,0.0,3.756351760627554e-05,1.736320777603836,154.6244746799364,0.07666666666666667,-0.4156116894202946
2022-08-16 02:00:00,0.0,0.0330676177421213,1.6516325232025988,146.8233317226698,0.07666666666666667,-0.3878309740414361
2022-08-16 02:30:00,0.0,3.548673107177264e-05,1.1206468613378449,99.6640611795976,0.07666666666666667,-0.3594746042914961
2022-08-16 03:00:00,0.0,3.552828802827067e-05,0.4375904779245284,39.00550514223172,0.07666666666666667,-0.3327898469643532
2022-08-16 03:30:00,0.0,3.486373135510907e-05,1.3617230321295553,121.1263539507337,0.07666666666666667,-0.3095898248421828
2022-08-16 04:00:00,0.0,3.4987072144068906e-05,0.9297235691660358,82.71025506988133,0.07633333333333334,-0.2908323239907348
2022-08-16 04:30:00,0.0,0.0284083022954273,0.649600500380493,58.03734457033267,0.07633333333333334,-0.2768090640568109
2022-08-16 05:00:00,0.0,0.0292717033521345,0.6847745337879007,60.93061288385241,0.07666666666666667,-0.2672984735421149
2022-08-16 05:30:00,0.0,0.0287850615413672,0.649600500380493,57.985071849162985,0.07666666666666667,-0.260580822154699
2022-08-16 06:00:00,0.0,0.0281087886734491,0.6671932272231084,59.4125110536052,0.07633333333333334,-0.252677598071909
2022-08-16 06:30:00,0.0,0.0274434240133402,0.7549859118335881,67.16400928182587,0.07633333333333334,-0.2394813927864214
2022-08-16 07:00:00,0.0,3.262987295419592e-05,0.5084454114690697,45.29592961336475,0.07633333333333334,-0.2200397873445999
2022-08-16 07:30:00,0.0,0.0287053381473298,0.5084454114690697,45.34857965035915,0.07633333333333334,-0.1960766072738231
2022-08-16 08:00:00,0.0,3.2830114591837195e-05,1.2930608920356688,115.13459597519444,0.07633333333333334,-0.1686066370708081
2022-08-16 08:30:00,0.0,3.387882363103905e-05,3.1377907943486987,279.219600125505,0.07633333333333334,-0.1377356445459612
2022-08-16 09:00:00,0.0,3.603117163951886e-05,3.4575958644541185,307.9672140713702,0.076,-0.1060819190260554
2022-08-16 09:30:00,0.0,3.988293852646097e-05,4.610566382676622,410.4716765892711,0.076,-0.0795297182211437
2022-08-16 10:00:00,0.0,4.362491475530173e-05,6.431080809761999,572.6994460470592,0.07666666666666667,-0.0635784229980694
2022-08-16 10:30:00,0.0,5.0658528157429184e-05,10.169623836240849,905.76653539109,0.07666666666666667,-0.0606728238452483
2022-08-16 11:00:00,0.0,0.0510051920148646,14.24837172873102,1268.7933093317895,0.07633333333333334,-0.0720284523197812
2022-08-16 11:30:00,0.0,0.0565857336535656,15.282071979578896,1361.1142698144984,0.07633333333333334,-0.1005159285780838
2022-08-16 12:00:00,0.0,0.3497696076857188,17.296840621603447,1540.103084752392,0.07666666666666666,-0.1486911566445505
2022-08-16 12:30:00,0.0,0.3545693479017612,14.428355537309596,1284.780354175504,0.07666666666666666,-0.2121549703358417
2022-08-16 13:00:00,0.0,0.5740604795683217,14.24837172873102,1268.9911042742008,0.07833333333333332,-0.2769081882758396
2022-08-16 13:30:00,0.0,0.5075443682181493,15.998153000501365,1424.339398413549,0.07833333333333332,-0.3279041360766938
2022-08-16 14:00:00,0.0,0.5302135095228236,16.414834795255853,1461.4282783442293,0.079,-0.3608531613102531
2022-08-16 14:30:00,0.0,0.5105962341868885,13.691392282436082,1218.9110551047054,0.079,-0.3823843553537733
2022-08-16 15:00:00,0.0,0.2309879891489274,13.415319870693567,1194.559259079837,0.07933333333333333,-0.3994763124345102
2022-08-16 15:30:00,0.0,0.2367630191204826,12.585456697892138,1120.2977374172913,0.07933333333333333,-0.4139048171434137
2022-08-16 16:00:00,0.0,0.2215772469413841,14.372208598646136,1279.2159073193204,0.079,-0.4272664973320528
2022-08-16 16:30:00,0.0,0.3851224251902079,13.976667340896547,1244.131121529447,0.079,-0.4452649254601647
2022-08-16 17:00:00,0.0,0.4162508073721215,12.91512350556694,1150.1604276557025,0.07866666666666666,-0.47332562336697
2022-08-16 17:30:00,0.0,0.2411200310375912,11.75912718785121,1046.8611559969656,0.07866666666666666,-0.5104051420125434
2022-08-16 18:00:00,0.0,0.3169140127361752,12.84474748224677,1142.8521156996817,0.079,-0.5501984467126844
2022-08-16 18:30:00,0.0,0.2762600766507539,12.76245902763657,1135.8150524825808,0.079,-0.5878543294719084
2022-08-16 19:00:00,0.0,0.0674401595371671,10.131425840398345,901.7201821948652,0.079,-0.6233626088067789
2022-08-16 19:30:00,0.0,0.0629322142520206,10.06766180412922,895.7970720779953,0.079,-0.6580793111526239
2022-08-16 20:00:00,0.0,5.633122614814294e-05,9.04294791265536,804.5516427894619,0.07866666666666666,-0.6900427779816023
2022-08-16 20:30:00,0.0,5.4135905394399165e-05,7.238329873247881,644.1327138967953,0.07866666666666666,-0.7142558293992036
2022-08-16 21:00:00,0.0,5.261428458702908e-05,6.5885619598493825,585.9165047930916,0.07733333333333332,-0.7267052082946042
2022-08-16 21:30:00,0.0,5.106547386381086e-05,4.823585468216731,429.34365786591474,0.07733333333333332,-0.7274371640934931
2022-08-16 22:00:00,0.0,0.0702740242713681,5.571884974945651,495.35302004676777,0.076,-0.7193683130465643
2022-08-16 22:30:00,0.0,0.0767110712442004,4.6258341572293045,411.57692972980504,0.076,-0.7037829003677667
2022-08-16 23:00:00,0.0,0.0696529950121239,3.7738287713371266,335.6566763116579,0.075,-0.6780040755007353
2022-08-16 23:30:00,0.0,0.0578183889421714,3.0249963978969627,269.12516394250315,0.075,-0.6388950188773355
2022-08-17 00:00:00,0.0,4.269485498715827e-05,2.88940565560977,257.0623476310067,0.07466666666666666,-0.5880115518137923
2022-08-17 00:30:00,0.0,4.218798386732919e-05,2.301356879171225,204.84999226554535,0.07466666666666666,-0.5325105517731819
2022-08-17 01:00:00,0.0,4.218798386732919e-05,2.350837638237332,208.96233817849185,0.07466666666666666,-0.4814506014068004
2022-08-17 01:30:00,0.0,4.191285371403597e-05,1.2240857750482228,108.83964248899098,0.07466666666666666,-0.4406451191126199
2022-08-17 02:00:00,0.0,4.050824563260603e-05,1.5483271371009972,137.6307487399774,0.074,-0.4096904569969767
2022-08-17 02:30:00,0.0,0.0315236040073965,1.3952176868669175,124.1448583200474,0.074,-0.3845515349566832
2022-08-17 03:00:00,0.0,0.0312778555860068,1.2412472575613207,110.49109926321567,0.07433333333333332,-0.3642994181030827
2022-08-17 03:30:00,0.0,4.028477412003767e-05,1.1036523252968675,98.06474909911245,0.07433333333333332,-0.3535051551140425
2022-08-17 04:00:00,0.0,0.0281329512011377,0.8611763789707991,76.63582471853476,0.07433333333333332,-0.3552092495656069
2022-08-17 04:30:00,0.0,3.803747056451597e-05,0.7914984264280506,70.4233176673287,0.07433333333333332,-0.3628701769347263
2022-08-17 05:00:00,0.0,3.679314618140097e-05,0.6691296764245462,59.70073325536452,0.074,-0.3631198552626356
2022-08-17 05:30:00,0.0,3.709153135362674e-05,0.2808981653066069,25.06878122117804,0.074,-0.3474405747756252
2022-08-17 06:00:00,0.0,3.586361836441259e-05,0.7914984264280506,70.27783177762821,0.07366666666666666,-0.3189442647822912
2022-08-17 06:30:00,0.0,3.679314618140097e-05,-0.0589550974879671,-5.119433902375422,0.07366666666666666,-0.28708229447757
2022-08-17 07:00:00,0.0,3.709153135362674e-05,0.1204507674212694,10.601273611541902,0.07366666666666666,-0.258355683545802
2022-08-17 07:30:00,0.0,3.670817500645024e-05,0.1025640366788892,9.203304764044,0.07366666666666666,-0.234239624956604
2022-08-17 08:00:00,0.0,0.0051351804597714,1.5483271371009972,137.9434018395366,0.07366666666666666,-0.215226795593092
2022-08-17 08:30:00,0.0,0.0051177101104734,3.417824469406506,304.18175044000145,0.07366666666666666,-0.2018513974503613
2022-08-17 09:00:00,0.0,3.8822256168481984e-05,3.733334752987875,332.3728519998713,0.07366666666666666,-0.1913013156291487
2022-08-17 09:30:00,0.0,4.1185079189381906e-05,4.735317255723138,421.5515822752045,0.07366666666666666,-0.177568762166836
2022-08-17 10:00:00,0.0,4.3859270541381515e-05,5.497879402053309,489.53732680346707,0.07333333333333332,-0.1579595348273745
2022-08-17 10:30:00,0.0,5.02511739356622e-05,10.305415065348557,917.4041082456556,0.07333333333333332,-0.1378790982753527
2022-08-17 11:00:00,0.0,0.2141724055040321,13.561591008525664,1207.414406713858,0.07333333333333332,-0.1280509920019938
2022-08-17 11:30:00,0.0,0.3078941125188464,16.071716368414858,1430.954779410215,0.07333333333333332,-0.138344768734413
2022-08-17 12:00:00,0.0,0.410942712949538,17.270181337339583,1537.7890664946592,0.07333333333333332,-0.1727714627243621
2022-08-17 12:30:00,0.0,0.487122098726383,18.662273988837907,1661.2585772387615,0.07333333333333332,-0.2256910613068896
2022-08-17 13:00:00,0.0,0.5418610783044806,18.482193545579168,1645.3146984556995,0.07366666666666666,-0.2816701465474668
2022-08-17 13:30:00,0.0,0.5758109898758743,18.401891436924757,1638.1206280139256,0.07366666666666666,-0.3233309726399263
2022-08-17 14:00:00,0.0,0.6500878469732543,17.98772653333376,1601.2782029450989,0.07566666666666666,-0.3429681480676287
2022-08-17 14:30:00,0.0,0.6064174403392604,16.51773102024228,1470.4685165810142,0.07566666666666666,-0.3468345650013867
2022-08-17 15:00:00,0.0,0.6609329679296236,15.425053068572977,1373.4282528979402,0.07666666666666666,-0.34842230440338
2022-08-17 15:30:00,0.0,0.671031375561843,15.964726501718944,1421.0736483920523,0.07666666666666666,-0.358204424310618
2022-08-17 16:00:00,0.0,0.6298045352408055,15.45765909507162,1376.1718530691976,0.07766666666666666,-0.3789375593094639
2022-08-17 16:30:00,0.0,0.6191133044747531,14.899328573684608,1326.289162553435,0.07766666666666666,-0.4084518988159554
2022-08-17 17:00:00,0.0,0.638445108565338,14.376997560231937,1279.8981450907424,0.07766666666666666,-0.4440990347236391
2022-08-17 17:30:00,0.0,0.617822272830899,14.921387293016096,1327.839982392593,0.07766666666666666,-0.482867730663786
2022-08-17 18:00:00,0.0,0.565649811039618,16.327236909731184,1452.802260632609,0.07733333333333332,-0.5190048379369585
2022-08-17 18:30:00,0.0,0.4736054289759396,15.174096627947833,1350.4942963674748,0.07733333333333332,-0.5459968131838449
2022-08-17 19:00:00,0.0,0.2815254341266926,12.9139414820301,1149.3236126145812,0.07633333333333332,-0.5627714391107402
2022-08-17 19:30:00,0.0,0.1450631749427323,10.039197023335312,893.7965004163418,0.07633333333333332,-0.5747267750901587
2022-08-17 20:00:00,0.0,0.0781680861189695,9.757920086246472,868.4448251015348,0.075,-0.5856814278474936
2022-08-17 20:30:00,0.0,5.235521315189547e-05,7.797734234899187,693.7929456766886,0.075,-0.5915402123528799
2022-08-17 21:00:00,0.0,5.030226398317015e-05,7.092471705511307,630.903796368623,0.07433333333333335,-0.5858696445110267
2022-08-17 21:30:00,0.0,0.0594700623437019,5.615713461811128,499.3876274108905,0.07433333333333335,-0.5695230104695256
2022-08-17 22:00:00,0.0,0.0536815992505485,4.946643737857547,440.2859408035717,0.07233333333333335,-0.5496370527855473
2022-08-17 22:30:00,0.0,0.068899498768619,5.006741353599459,445.399761616444,0.07233333333333335,-0.5302867820040986
2022-08-17 23:00:00,0.0,0.0641426007546964,3.4812080192206993,309.97349514070794,0.07100000000000001,-0.5098331849627897
2022-08-17 23:30:00,0.0,0.0608992190129565,3.066649572780666,272.91797304475114,0.07100000000000001,-0.4874658187774248
2022-08-18 00:00:00,0.0,0.0395342238551204,2.7051911358968317,240.94704768304197,0.07033333333333334,-0.4667650465932757
2022-08-18 00:30:00,0.0,0.0514857606393507,2.591485601545455,230.61768290757792,0.07033333333333334,-0.4504624766217648
2022-08-18 01:00:00,0.0,0.0469286457523959,2.5263024361845527,224.8814573842014,0.07,-0.4357473264586876
2022-08-18 01:30:00,0.0,0.0311518201503792,2.015884581370069,179.6492122728267,0.07,-0.4182432296959583
2022-08-18 02:00:00,0.0,0.0290424958898556,1.7822525771819304,158.95107249120085,0.06933333333333334,-0.3980817275063357
2022-08-18 02:30:00,0.0,0.0275367579598744,1.1035758455182705,98.39775137897232,0.06933333333333334,-0.3785860145068243
2022-08-18 03:00:00,0.0,0.0253658809809227,1.5972846118831905,142.08455970915642,0.06933333333333334,-0.3610590361856881
2022-08-18 03:30:00,0.0,3.577829014767662e-05,1.2064564739636694,107.27609783094128,0.06933333333333334,-0.3447689845543603
2022-08-18 04:00:00,0.0,0.02283494663863,0.8966417644761513,79.85505690412579,0.069,-0.331480859094615
2022-08-18 04:30:00,0.0,3.5071174531835046e-05,0.7925811124746145,70.50401474775988,0.069,-0.3262983277919873
2022-08-18 05:00:00,0.0,3.441051549534346e-05,0.6532097472507216,58.20958385426818,0.06933333333333334,-0.3318653108974991
2022-08-18 05:30:00,0.0,3.436981434808215e-05,0.3369740768161533,30.180133865049186,0.06933333333333334,-0.3427315747895613
2022-08-18 06:00:00,0.0,0.0179937510854641,0.513117322341981,45.705768208259805,0.069,-0.3474418837115051
2022-08-18 06:30:00,0.0,0.0246234827548994,0.47798049956077,42.8172478463904,0.069,-0.336651656509732
2022-08-18 07:00:00,0.0,0.0245816905385226,0.0884228869852152,7.987893582553831,0.069,-0.3090200135861777
2022-08-18 07:30:00,0.0,0.0175539398348357,0.4603949333217679,41.021679300576565,0.069,-0.2699124377460774
2022-08-18 08:00:00,0.0,0.0188992217051305,0.965794780709544,86.25653758530176,0.06866666666666667,-0.2260991452852083
2022-08-18 08:30:00,0.0,0.0202540488195148,1.9826293826465653,176.88222735120084,0.06866666666666667,-0.183060805270009
2022-08-18 09:00:00,0.0,3.7606612811760686e-05,3.0595740153658486,272.6717444484459,0.06866666666666667,-0.1462362274978136
2022-08-18 09:30:00,0.0,4.191285371403597e-05,4.235344914161815,377.211106424069,0.06866666666666667,-0.1211737338136233
2022-08-18 10:00:00,0.0,4.5278731202740096e-05,6.523469807564782,580.9077713530907,0.06866666666666667,-0.1105325218229865
2022-08-18 10:30:00,0.0,5.106547386381086e-05,10.701256966781706,952.6852224095892,0.06866666666666667,-0.1121334691851203
2022-08-18 11:00:00,0.0,0.0379219011266661,12.900741747531915,1148.449770169154,0.069,-0.1207174449451687
2022-08-18 11:30:00,0.0,0.0399641244138398,14.202464175070435,1264.3007053068618,0.069,-0.1308494456639416
2022-08-18 12:00:00,0.0,0.1489529547496138,12.947253254187896,1152.2643800721075,0.069,-0.1385453905821832
2022-08-18 12:30:00,0.0,0.3379629505923214,13.27108597082861,1181.2270200695132,0.069,-0.142345082481616
2022-08-18 13:00:00,0.0,0.5953894324740644,13.317100888689216,1185.2491582718314,0.06966666666666667,-0.1442217849928186
2022-08-18 13:30:00,0.0,0.6473861451895834,11.789014769771416,1049.2876615087564,0.06966666666666667,-0.1483070505547241
2022-08-18 14:00:00,0.0,0.7409464830825038,12.585125750675846,1120.1604648697028,0.07166666666666667,-0.1575477172303664
2022-08-18 14:30:00,0.0,0.8581930623984604,11.389847943459053,1013.90203308768,0.07166666666666667,-0.1723663721816436
2022-08-18 15:00:00,0.0,0.8484582430260543,13.05167455442972,1161.3500550549966,0.07300000000000001,-0.1925074219873733
2022-08-18 15:30:00,0.0,0.8397767778377999,13.785274395641505,1226.6277211520369,0.07300000000000001,-0.2172972333317147
2022-08-18 16:00:00,0.0,0.8281388176184697,14.359042567317353,1277.6013809919143,0.07433333333333335,-0.2435055715174059
2022-08-18 16:30:00,0.0,0.8240902384672176,13.282595434896187,1181.9952881375225,0.07433333333333335,-0.2666471476121408
2022-08-18 17:00:00,0.0,0.8138367041647022,11.909038278043967,1059.865168527066,0.07466666666666667,-0.286469930357894
2022-08-18 17:30:00,0.0,0.6712093981094392,13.42041163294634,1193.9843659262451,0.07466666666666667,-0.3089571373348462
2022-08-18 18:00:00,0.0,0.6145919006857083,12.29025882788454,1093.4145725837084,0.075,-0.3407031547225749
2022-08-18 18:30:00,0.0,0.4130360429239058,12.242841216693693,1089.134862635777,0.075,-0.3808554232700225
2022-08-18 19:00:00,0.0,6.38668094475383e-05,10.414195178950717,926.582913268432,0.07433333333333335,-0.4190510613806874
2022-08-18 19:30:00,0.0,6.0763582335744405e-05,9.691606368140294,862.7730297523511,0.07433333333333335,-0.4423630715585953
2022-08-18 20:00:00,0.0,6.0030133049727255e-05,6.094268334755782,542.5351040442889,0.07233333333333335,-0.4451971210519663
2022-08-18 20:30:00,0.0,5.969384359911485e-05,7.100279961393411,631.6847834206683,0.07233333333333335,-0.4320478589088963
2022-08-18 21:00:00,0.0,5.418899296639812e-05,4.127636955955534,367.4199466145949,0.07133333333333335,-0.410732561517093
2022-08-18 21:30:00,0.0,0.0750977632417631,5.201891442442555,462.91451862389704,0.07133333333333335,-0.3844684455384818
2022-08-18 22:00:00,0.0,0.0720256032043413,4.2046124730330465,374.0132840279349,0.07,-0.3514970945138432
2022-08-18 22:30:00,0.0,0.0981445157462509,4.2046124730330465,373.8487231623894,0.07,-0.3106194240840373
2022-08-18 23:00:00,0.0,0.0916817814132393,3.0915698972957406,274.9729824997275,0.068,-0.2651857025221747
2022-08-18 23:30:00,0.0,0.0600826966280473,2.721397077488125,242.03676540360087,0.068,-0.221933770910921
2022-08-19 00:00:00,0.0,0.0585534074986739,2.1442779187224184,191.1908855648671,0.06733333333333334,-0.1861720227297712
2022-08-19 00:30:00,0.0,0.0518461014038537,2.520743675424563,224.35039080701864,0.06733333333333334,-0.1575490176714738
2022-08-19 01:00:00,0.0,0.0513592732992243,1.7291877337437986,153.92585595470302,0.06666666666666667,-0.1314612725241407
2022-08-19 01:30:00,0.0,0.0485368840227821,1.7960232250982393,160.0030668071048,0.06666666666666667,-0.1051202642758589
2022-08-19 02:00:00,0.0,0.0460691927294378,1.561385093858426,139.0727725693226,0.06633333333333334,-0.1060532327481962
2022-08-19 02:30:00,0.0,0.0439988944116876,1.3586582528258175,120.95567681056144,0.06633333333333334,-0.1069862012205335
2022-08-19 03:00:00,0.0,4.082312813270674e-05,1.6286291392097068,144.8731840149398,0.066,-0.1079191696928708
2022-08-19 03:30:00,0.0,0.0387566447250355,1.3925503977186706,123.8531211421333,0.066,-0.1088521381652081
2022-08-19 04:00:00,0.0,3.965973253870246e-05,0.9830428192329927,87.45482826513094,0.06566666666666666,
2022-08-19 04:30:00,0.0,0.0357337461394399,0.7586282595589277,67.61295807053705,0.06566666666666666,
2022-08-19 05:00:00,0.0,0.0346944323163055,0.8105810761155559,72.42614580064503,0.06566666666666666,
2022-08-19 05:30:00,0.0,0.0480272162052169,0.6892026461665607,61.36968290458292,0.06566666666666666,
2022-08-19 06:00:00,0.0,0.0468439970898908,0.3041437354465519,27.34885024270531,0.06533333333333334,
2022-08-19 06:30:00,0.0,0.0467151450090511,0.1272828016502613,11.71983276662173,0.06533333333333334,
2022-08-19 07:00:00,0.0,0.0343699298277413,0.1981667474023968,17.721093451559874,0.06533333333333334,
2022-08-19 07:30:00,0.0,0.0361637836973792,0.7412885178818002,66.11638766260073,0.06533333333333334,
2022-08-19 08:00:00,0.0,0.0377682889460326,2.8600874168880597,254.6832108376442,0.06533333333333334,
2022-08-19 08:30:00,0.0,4.1503133350895544e-05,4.285145631123922,381.62579563771584,0.06533333333333334,
2022-08-19 09:00:00,0.0,4.315840901526065e-05,5.511322143440979,490.6019824384514,0.06533333333333334,-0.310578890464332
2022-08-19 09:30:00,0.0,4.513621310008724e-05,7.57593998792859,674.5938569517167,0.06533333333333334,-0.3105383568446269
2022-08-19 10:00:00,0.0,0.0160073689597613,11.015616830055768,980.858514688462,0.065,-0.3104978232249216
2022-08-19 10:30:00,0.0,0.0168727322368378,14.117633400705262,1256.9798887673007,0.065,-0.3104572896052164
2022-08-19 11:00:00,0.0,0.0361333618451833,15.425481532614087,1373.4556041911644,0.06566666666666666,
2022-08-19 11:30:00,0.0,0.0387196619214324,16.300007082835965,1451.2015066180318,0.06566666666666666,
2022-08-19 12:00:00,0.0,0.1305331242666351,15.002085021743598,1335.7159592325595,0.06633333333333334,
2022-08-19 12:30:00,0.0,0.1408835548819782,13.542031574785028,1205.5897957480947,0.06633333333333334,
2022-08-19 13:00:00,0.0,0.3659688521024251,12.349555519090078,1099.3899418344995,0.068,
2022-08-19 13:30:00,0.0,0.5515612249446747,12.58437501380305,1120.0390028440306,0.068,
2022-08-19 14:00:00,0.0,0.6703517406056443,12.26698318823946,1091.7540773151975,0.069,
2022-08-19 14:30:00,0.0,0.3793065300295327,11.28428361565654,1004.5712985229884,0.069,
2022-08-19 15:00:00,0.0,0.7439310128869843,12.408412784207917,1104.116473067311,0.06966666666666667,
2022-08-19 15:30:00,0.0,0.7471173638138986,10.296573630037104,916.2856803466252,0.06966666666666667,
2022-08-19 16:00:00,0.0,0.6351706998667752,12.053723091660526,1072.457592319418,0.07066666666666667,
2022-08-19 16:30:00,0.0,0.0864818003374138,10.65807590399411,948.643402567882,0.07066666666666667,
2022-08-19 17:00:00,0.0,0.245821571850982,12.654506002380032,1126.2410584128345,0.07033333333333334,
2022-08-19 17:30:00,0.0,0.0322211906184621,11.659197080319936,1037.244683536363,0.07033333333333334,
2022-08-19 18:00:00,0.0,0.0111430523390278,10.384201907607084,923.968377136808,0.06933333333333334,
2022-08-19 18:30:00,0.0,0.0109092553419324,8.544637439965829,760.2600719868295,0.06933333333333334,
2022-08-19 19:00:00,0.0,5.913447871016989e-05,8.265221723972065,735.160158791826,0.069,
2022-08-19 19:30:00,0.0,5.68758933502975e-05,6.163015290645157,548.2144555583629,0.069,
2022-08-19 20:00:00,0.0,5.579131468679592e-05,5.202189624257876,462.5191358815291,0.06833333333333334,
2022-08-19 20:30:00,0.0,5.360866080615109e-05,4.664503291563261,414.9216907218875,0.06833333333333334,
2022-08-19 21:00:00,0.0,5.256198212025404e-05,4.391870329131318,390.37555715031186,0.06733333333333334,
2022-08-19 21:30:00,0.0,5.2094630059039074e-05,3.4481748341923715,306.6684875728777,0.06733333333333334,
2022-08-19 22:00:00,0.0,5.040239520669945e-05,3.2904382961175895,292.53987924474427,0.066,
2022-08-19 22:30:00,0.0,0.0753519406961227,2.7312988331674144,242.52251989096732,0.066,
2022-08-19 23:00:00,0.0,0.1115622375815303,2.0617572437577283,183.3630551473256,0.06533333333333334,
2022-08-19 23:30:00,0.0,0.0746294357639787,2.0947950366048764,186.19840125892685,0.06533333333333334,
2022-08-20 00:00:00,0.0,4.8147198269495526e-05,2.1232721324466377,188.9161544567702,0.065,
2022-08-20 00:30:00,0.0,0.0953460103476997,2.1396983921630532,190.33224439408468,0.065,
2022-08-20 01:00:00,0.0,0.0649744792320956,1.6258867512632564,144.4305097419901,0.06433333333333334,
2022-08-20 01:30:00,0.0,0.063036581045738,1.339991074112781,119.49690372741628,0.06433333333333334,
2022-08-20 02:00:00,0.0,0.0604891238429622,1.5756506049429682,140.27000111515542,0.06433333333333334,
2022-08-20 02:30:00,0.0,0.0830238749297459,1.2213961367780768,108.88556589694868,0.06433333333333334,
2022-08-20 03:00:00,0.0,0.0798564804059783,1.1193318274893858,99.51352401319429,0.06366666666666666,
2022-08-20 03:30:00,0.0,0.0559917541174839,0.741788402427065,66.0791290066092,0.06366666666666666,
2022-08-20 04:00:00,0.0,0.0549257136160434,0.6031874930093697,53.70698811831077,0.06366666666666666,
2022-08-20 04:30:00,0.0,0.0882720369015873,0.3062801050887446,27.482903643271104,0.06366666666666666,
2022-08-20 05:00:00,0.0,0.0584961923999657,0.4114442420392651,36.852766443615174,0.06366666666666666,
2022-08-20 05:30:00,0.0,4.136582724717461e-05,0.8452760153943976,75.47205360779667,0.06366666666666666,
2022-08-20 06:00:00,0.0,4.10939356366709e-05,0.4987689834161362,44.562600639910855,0.06333333333333334,
2022-08-20 06:30:00,0.0,4.2095512538396045e-05,-0.0294768881812989,-2.583521274172575,0.06333333333333334,
2022-08-20 07:00:00,0.0,0.0517222446611715,0.0592878144484245,5.441274799519458,0.06333333333333334,
2022-08-20 07:30:00,0.0,4.145733419429641e-05,0.4464080387781962,39.85737374046739,0.06333333333333334,
2022-08-20 08:00:00,0.0,0.0013472836672311,2.3849319824981317,212.52424109578752,0.06333333333333334,
2022-08-20 08:30:00,0.0,0.0013589280638025,7.01763771404277,624.9014760366672,0.06333333333333334,
2022-08-20 09:00:00,0.0,0.0015057289752266,6.230716861221573,554.8261045010506,0.06366666666666666,
2022-08-20 09:30:00,0.0,0.001401450891521,3.997918861435957,356.2193839645766,0.06366666666666666,
2022-08-20 10:00:00,0.0,4.1866783519071315e-05,3.044433374802259,271.37134117743614,0.064,
2022-08-20 10:30:00,0.0,4.3530592552614315e-05,4.4251232961132,394.1660268684317,0.064,
2022-08-20 11:00:00,0.0,0.0046401318125952,4.9652406900059685,442.22649607046753,0.064,
2022-08-20 11:30:00,0.0,0.0047033616742529,7.362417835011406,655.4941552540653,0.064,
2022-08-20 12:00:00,0.0,0.0067595039443918,9.762689461522688,869.2933935912184,0.06366666666666666,
2022-08-20 12:30:00,0.0,0.0070252607198238,12.384477666549984,1102.4841077477583,0.06366666666666666,
2022-08-20 13:00:00,0.0,0.1549247308190205,14.795963262691693,1317.3221395516744,0.06466666666666666,
2022-08-20 13:30:00,0.0,0.0554775354345521,15.90582417235176,1416.036144396939,0.06466666666666666,
2022-08-20 14:00:00,0.0,0.052112111379306,17.576562878814293,1564.660145218693,0.06566666666666666,
2022-08-20 14:30:00,0.0,0.3269279821500989,17.930226124190355,1595.900217734577,0.06566666666666666,
2022-08-20 15:00:00,0.0,0.2656286063268947,12.780845207536522,1137.7642996327568,0.067,
2022-08-20 15:30:00,0.0,0.3734402525880101,14.122155505392277,1257.0621096019358,0.067,
2022-08-20 16:00:00,0.0,0.2850909010365178,14.088684912738042,1254.0537157916085,0.06733333333333334,
2022-08-20 16:30:00,0.0,0.1782045378386131,16.2649187331777,1447.5981763884104,0.06733333333333334,
2022-08-20 17:00:00,0.0,0.3610388282599041,16.032962236931542,1427.0274415928093,0.067,
2022-08-20 17:30:00,0.0,0.2424073564273091,13.229921802465965,1177.5493032618874,0.067,
2022-08-20 18:00:00,0.0,0.2339482548721727,12.23169487599295,1089.1025132924467,0.06733333333333334,
2022-08-20 18:30:00,0.0,0.069306431768903,13.492049272075592,1200.706121406624,0.06733333333333334,
2022-08-20 19:00:00,0.0,5.808012369548132e-05,11.983422397820682,1066.3179926610212,0.06733333333333334,
2022-08-20 19:30:00,0.0,5.67129097114303e-05,10.922494924461883,971.9297516984316,0.06733333333333334,
2022-08-20 20:00:00,0.0,5.44016021424987e-05,10.25412594804896,912.5102499108511,0.06733333333333334,
2022-08-20 20:30:00,0.0,5.266661366920693e-05,7.485587630627622,666.1432486285855,0.06733333333333334,
2022-08-20 21:00:00,0.0,5.2042593870096255e-05,5.684658971369049,505.7023293465888,0.06566666666666666,
2022-08-20 21:30:00,0.0,5.081039665670141e-05,4.90572249601518,436.66922694060344,0.06566666666666666,
2022-08-20 22:00:00,0.0,4.949447968467615e-05,4.151223514052314,369.5007349398597,0.06466666666666666,
2022-08-20 22:30:00,0.0,4.8495168331721855e-05,3.6888178284989697,328.15449376536895,0.06466666666666666,
2022-08-20 23:00:00,0.0,4.6920698164167495e-05,3.4390946984771227,305.90275416089025,0.064,
2022-08-20 23:30:00,0.0,0.0441666581001811,2.7407433073916083,244.00808605044443,0.064,
2022-08-21 00:00:00,0.0,0.0403724323297214,2.7177036631665703,241.82477862571037,0.064,
2022-08-21 00:30:00,0.0,0.0370611708468454,2.3141889904069113,206.128015140254,0.064,
2022-08-21 01:00:00,0.0,0.0367324567800814,1.5894227383088784,141.6197151285368,0.064,
2022-08-21 01:30:00,0.0,0.035782922246396,1.3042078214720108,116.2336840559767,0.064,
2022-08-21 02:00:00,0.0,4.301786220239421e-05,1.015986408536076,90.68616367920588,0.06366666666666666,
2022-08-21 02:30:00,0.0,0.0289958656809463,1.7558220647066711,156.4268442729403,0.06366666666666666,
2022-08-21 03:00:00,0.0,0.0267958443357899,0.9477243313351432,84.48034888749747,0.06333333333333334,
2022-08-21 03:30:00,0.0,0.0360778889454814,1.0500533578540978,93.6384233506753,0.06333333333333334,
2022-08-21 04:00:00,0.0,0.0244996905286797,0.5865059509411908,52.46572625443784,0.063,
2022-08-21 04:30:00,0.0,0.0240855237094757,0.5865059509411908,52.45248525888012,0.063,
2022-08-21 05:00:00,0.0,0.022981187384563,0.2028405393722953,18.48892403673522,0.06333333333333334,
2022-08-21 05:30:00,0.0,0.0224143120528587,0.0796101883025018,7.53186529108343,0.06333333333333334,
2022-08-21 06:00:00,0.0,0.0212941844933707,0.1676894724506758,15.135519014131878,0.063,
2022-08-21 06:30:00,0.0,0.0290786913150931,0.2028405393722953,18.35627331688726,0.063,
2022-08-21 07:00:00,0.0,3.721987992815649e-05,0.2203988630827607,19.92511245954428,0.063,
2022-08-21 07:30:00,0.0,3.653860858022648e-05,0.5171530002773643,46.17551677734643,0.063,
2022-08-21 08:00:00,0.0,3.721987992815649e-05,0.0796101883025018,7.545113144909792,0.063,
2022-08-21 08:30:00,0.0,3.8734359909475526e-05,2.1511296977986274,191.7853606293824,0.063,
2022-08-21 09:00:00,0.0,3.921747894829718e-05,2.925250032543308,260.72508059308865,0.063,
2022-08-21 09:30:00,0.0,4.287953230395473e-05,5.639046499217383,502.20629724240297,0.063,
2022-08-21 10:00:00,0.0,0.0102812483081041,8.15014828448907,725.6425283484804,0.06333333333333334,
2022-08-21 10:30:00,0.0,0.0110862956129897,12.60493963442806,1122.3342977172194,0.06333333333333334,
2022-08-21 11:00:00,0.0,0.0351367665984093,16.563565115679097,1474.4370510130968,0.06366666666666666,
2022-08-21 11:30:00,0.0,0.1396293484512363,16.708717087714767,1487.4728258706907,0.06366666666666666,
2022-08-21 12:00:00,0.0,0.3561412951498574,18.35909360600623,1634.1665100216646,0.06366666666666666,
2022-08-21 12:30:00,0.0,0.2132818676481701,16.135199660129295,1436.5388837284263,0.06366666666666666,
2022-08-21 13:00:00,0.0,0.3475869408354313,17.588324012990526,1565.4617470455298,0.06566666666666666,
2022-08-21 13:30:00,3.2,0.1105981212852075,11.327490488124916,1008.0578382254338,0.06566666666666666,
2022-08-21 14:00:00,0.0,0.0279871626319008,6.635170167099904,590.8914458569103,0.07266666666666667,
2022-08-21 14:30:00,0.0,0.0742291504767755,12.243197788484151,1090.000940084254,0.07266666666666667,
2022-08-21 15:00:00,2.0,0.0160834113929936,12.325219321381402,1097.300569180742,0.09133333333333334,
2022-08-21 15:30:00,2.0,0.0146389189152059,7.8288907032022355,697.0043120369116,0.09133333333333334,
2022-08-21 16:00:00,0.0,0.0199147550313557,6.746924170143215,600.852005964605,0.10566666666666667,
2022-08-21 16:30:00,1.2,0.018479843611819,7.949754990947333,707.8066144049409,0.10566666666666667,
2022-08-21 17:00:00,6.4,4.014993106171798e-05,5.391982995014985,480.3548001780258,0.122,
2022-08-21 17:30:00,1.6,4.046311501241313e-05,4.2155539325017815,375.627180775652,0.122,
2022-08-21 18:00:00,1.2,0.0143504759806152,3.0996748066658517,276.34249803307523,0.13066666666666665,
2022-08-21 18:30:00,0.0,0.0135808818735052,3.7250083238306457,331.80565496005744,0.13066666666666665,
2022-08-21 19:00:00,0.0,0.0291376194891962,4.472779623498706,398.3035400259364,0.14466666666666667,
2022-08-21 19:30:00,0.0,0.0277533141463633,3.3357983552721606,296.9949286358015,0.14466666666666667,
2022-08-21 20:00:00,0.0,3.9439148086964545e-05,2.492455702780636,222.063035804676,0.14966666666666667,
2022-08-21 20:30:00,0.0,3.913086921111616e-05,2.069238929730382,184.4530252574152,0.14966666666666667,
2022-08-21 21:00:00,0.0,3.899842064330296e-05,1.3210676503946244,117.884573003375,0.151,
2022-08-21 21:30:00,0.0,3.8648415040799214e-05,0.9648059132808272,86.15193452439834,0.151,
2022-08-21 22:00:00,0.0,3.860457419765026e-05,0.6384042207207545,57.27447523159295,0.15133333333333335,
2022-08-21 22:30:00,0.0,3.860457419765026e-05,0.7419033141465441,66.1798261412132,0.15133333333333335,
2022-08-21 23:00:00,0.0,3.825496551648326e-05,0.690203190373803,61.533150174262055,0.15266666666666667,
2022-08-21 23:30:00,0.0,3.7865839024847846e-05,0.0619596244728396,5.941634111804337,0.15266666666666667,
2022-08-22 00:00:00,0.0,3.7779305572449985e-05,2.101197902214893,186.9119898959072,0.15466666666666667,
2022-08-22 00:30:00,0.0,3.7606612811760686e-05,1.6768190565608505,149.14163179695447,0.15466666666666667,
2022-08-22 01:00:00,0.0,3.7606612811760686e-05,1.6054493434052175,142.76519029438313,0.156,
2022-08-22 01:30:00,0.0,3.743441925524666e-05,1.7124345623665798,152.17617586477624,0.156,
2022-08-22 02:00:00,0.0,3.696346423972096e-05,1.748004027878232,155.55496210230456,0.157,
2022-08-22 02:30:00,0.0,3.598923620581269e-05,1.7124345623665798,152.33703278576243,0.157,
2022-08-22 03:00:00,0.0,3.556987643811817e-05,1.5338937204586085,136.46607278412597,0.15833333333333335,
2022-08-22 03:30:00,0.0,3.519499171295756e-05,1.5875779125686218,141.20871756425132,0.15833333333333335,
2022-08-22 04:00:00,0.0,0.0035435036264495,1.4980458249078985,133.2902032984188,0.15933333333333335,
2022-08-22 04:30:00,0.0,3.4781661707364674e-05,1.263884127969715,112.45122976061567,0.15933333333333335,
2022-08-22 05:00:00,0.0,3.453450868479409e-05,1.2095609257387574,107.49031084463978,0.16,
2022-08-22 05:30:00,0.0,3.469801230712109e-05,1.1005891083885304,97.8767023514845,0.16,
2022-08-22 06:00:00,0.0,3.457533729690223e-05,1.027698499850241,91.3650670808108,0.16033333333333333,
2022-08-22 06:30:00,0.0,3.449201241240149e-05,1.1005891083885304,97.89019547673632,0.16033333333333333,
2022-08-22 07:00:00,0.0,3.424620892888093e-05,1.1187813379114595,99.46139729100987,0.161,
2022-08-22 07:30:00,0.0,3.457533729690223e-05,0.826236686851528,73.55752192487356,0.161,
2022-08-22 08:00:00,0.0,3.490481344560323e-05,1.027698499850241,91.3650670808108,0.16133333333333333,
2022-08-22 08:30:00,0.0,3.482268077466148e-05,0.972902217844625,86.64540082748066,0.16133333333333333,
2022-08-22 09:00:00,0.0,3.5445205572522415e-05,0.8446132342732355,75.23951205555987,0.162,
2022-08-22 09:30:00,0.0,3.73056019335144e-05,1.1005891083885304,97.83618012907016,0.162,
2022-08-22 10:00:00,0.0,3.926175095070809e-05,2.501878827029101,222.52884399281223,0.162,
2022-08-22 10:30:00,0.0,4.447122689084328e-05,8.662376296716358,770.717452567579,0.162,
2022-08-22 11:00:00,0.0,0.0038378125690971,15.55951728712573,1384.7367354585265,0.162,
2022-08-22 11:30:00,0.0,0.0041874270347813,20.58537178957397,1832.1613622399875,0.162,
2022-08-22 12:00:00,0.0,0.0832815461845746,23.850323416890316,2122.4601043875846,0.16133333333333333,
2022-08-22 12:30:00,0.0,0.0885925690549186,25.369184651364844,2258.5361117538355,0.16133333333333333,
2022-08-22 13:00:00,0.0,0.1926962129986197,29.08127948732099,2588.465247755053,0.16066666666666665,
2022-08-22 13:30:00,0.0,0.1914233646342002,27.738394931657385,2469.1173585373845,0.16066666666666665,
2022-08-22 14:00:00,0.0,0.0703778427350581,21.880537838256412,1947.6681675728923,0.16,
2022-08-22 14:30:00,0.0,0.0805408340506243,21.919464651780213,1950.751988084803,0.16,
2022-08-22 15:00:00,0.0,0.0695637454451309,25.512950085250964,2270.6847191592688,0.15866666666666665,
2022-08-22 15:30:00,0.0,0.3357955150922967,24.221002190973937,2156.601895478342,0.15866666666666665,
2022-08-22 16:00:00,0.0,0.4029488896379318,27.256562493651284,2426.3760787047368,0.15733333333333333,
2022-08-22 16:30:00,0.0,0.1960035712705325,24.67096249233553,2195.6636932512943,0.15733333333333333,
2022-08-22 17:00:00,0.0,0.0479560104532535,19.558319285023444,1740.055094277311,0.15666666666666665,
2022-08-22 17:30:00,0.0,0.0235095544544893,13.802458192869675,1228.360694106863,0.15666666666666665,
2022-08-22 18:00:00,0.0,4.3672120691857e-05,9.656619098634874,859.39715498025,0.15566666666666665,
2022-08-22 18:30:00,0.2,4.395203327120259e-05,7.460938138129273,664.0116774635106,0.15566666666666665,
2022-08-22 19:00:00,0.0,4.418741123033195e-05,8.02456839564756,713.7986264477997,0.15633333333333332,
2022-08-22 19:30:00,0.0,4.3438351331317256e-05,7.358665586312869,654.8411070427532,0.15633333333333332,
2022-08-22 20:00:00,0.0,4.320531800140154e-05,7.300069540104621,649.6254181771085,0.157,
2022-08-22 20:30:00,0.0,4.1411565489428945e-05,6.377001582632239,567.3659226375765,0.157,
2022-08-22 21:00:00,0.2,4.095934311956155e-05,5.3619604437644375,477.0634492949983,0.15733333333333333,
2022-08-22 21:30:00,0.2,3.8866250804398595e-05,4.584981469587485,407.8846014363057,0.15733333333333333,
2022-08-22 22:00:00,0.4,3.838583573054792e-05,3.1346166834630846,279.04394253861403,0.15866666666666665,
2022-08-22 22:30:00,0.6,3.799406494841691e-05,2.9309654137487593,260.94983583255186,0.15866666666666665,
2022-08-22 23:00:00,1.0,3.726272530589475e-05,2.241221974675652,199.46294443125743,0.16233333333333333,
2022-08-22 23:30:00,0.2,0.0054109234471053,2.013321948117866,179.272617244188,0.16233333333333333,
2022-08-23 00:00:00,1.0,3.636778521064745e-05,1.2913302352702505,115.04946028192772,0.16833333333333333,
2022-08-23 00:30:00,1.8,3.586361836441259e-05,1.3807026221777312,122.7803133997526,0.16833333333333333,
2022-08-23 01:00:00,0.8,3.536052203677899e-05,1.2016647118742776,106.75752271490948,0.17133333333333334,
2022-08-23 01:30:00,0.2,3.5277693922599674e-05,0.9852574437157228,87.69301939988544,0.17133333333333334,
2022-08-23 02:00:00,0.2,3.4781661707364674e-05,0.7853609167090287,69.95673460438984,0.17333333333333334,
2022-08-23 02:30:00,0.0,3.445124818432026e-05,0.8400241942274461,74.74569019161596,0.17333333333333334,
2022-08-23 03:00:00,0.0,3.408241776180299e-05,0.6757027510703638,60.2283530831894,0.17666666666666667,
2022-08-23 03:30:00,0.0,3.445124818432026e-05,0.5472045514327273,48.695956362598345,0.17666666666666667,
2022-08-23 04:00:00,0.0,3.391914214544388e-05,0.7853609167090287,69.86246902163406,0.17833333333333334,
2022-08-23 04:30:00,0.2,3.396117416792823e-05,0.2697758485276323,23.995702301577968,0.17833333333333334,
2022-08-23 05:00:00,0.2,3.400155713459838e-05,0.4550448302769979,40.49064415109071,0.18000000000000002,
2022-08-23 05:30:00,0.2,3.4165093201904455e-05,-0.142364024940963,-12.462658572507324,0.18000000000000002,
2022-08-23 06:00:00,0.0,3.383853668811971e-05,0.2511787061880937,22.48368810124941,0.18133333333333335,
2022-08-23 06:30:00,0.0,3.323138986250876e-05,0.2697758485276323,23.954892774492947,0.18133333333333335,
2022-08-23 07:00:00,0.0,3.3191613558943914e-05,0.0270041382660327,2.4878493364829244,0.18233333333333335,
2022-08-23 07:30:00,0.0,3.307082152973579e-05,0.0457569620481296,3.9718997669374656,0.18233333333333335,
2022-08-23 08:00:00,0.0,3.3758057524395963e-05,-0.2369223417731575,-20.97585100938967,0.18266666666666667,
2022-08-23 08:30:00,0.0,3.4781661707364674e-05,-0.1612489747639183,-14.312668084600816,0.18266666666666667,
2022-08-23 09:00:00,0.0,0.0101769758190498,0.0832233553886583,7.318516957387256,0.18300000000000002,
2022-08-23 09:30:00,0.0,0.0104892100119704,1.4519910240821976,129.24293072988192,0.18300000000000002,
2022-08-23 10:00:00,0.0,0.002429104095106,0.8400241942274461,74.79951358464844,0.18333333333333335,
2022-08-23 10:30:00,0.0,0.002474707012161,1.0756360632791135,95.72676553372447,0.18333333333333335,
2022-08-23 11:00:00,0.0,0.0086660590426247,1.664751079174444,148.18505305580086,0.18300000000000002,
2022-08-23 11:30:00,0.0,0.009091728957952,3.0596151085549086,272.1944856748168,0.18300000000000002,
2022-08-23 12:00:00,0.0,0.0274114800790295,6.02480545034437,536.2249601256134,0.18300000000000002,
2022-08-23 12:30:00,0.0,0.0277824549775327,7.546668174912856,671.4451207236807,0.18300000000000002,
2022-08-23 13:00:00,0.0,0.0288275062394493,10.104373414489604,899.2111232809999,0.18200000000000002,
2022-08-23 13:30:00,0.0,0.0287952641375176,12.213174275120052,1086.9447735502,0.18200000000000002,
2022-08-23 14:00:00,0.0,0.0496141122589748,13.268162073478742,1180.8136346210229,0.18133333333333335,
2022-08-23 14:30:00,0.0,0.0314660033936165,15.423626289656356,1372.7586789790666,0.18133333333333335,
2022-08-23 15:00:00,0.0,0.0349583113023611,17.393800896090053,1548.2344703746874,0.18066666666666667,
2022-08-23 15:30:00,0.0,0.0894311349692671,18.488731126017203,1645.4556232734878,0.18066666666666667,
2022-08-23 16:00:00,0.0,0.1005058627398186,20.35208407801744,1811.4522062325425,0.18000000000000002,
2022-08-23 16:30:00,0.0,0.1190184057895746,22.83808560339751,2032.671108328182,0.18000000000000002,
2022-08-23 17:00:00,0.0,0.0385547235854989,24.065973875869368,2141.944461802724,0.17966666666666667,
2022-08-23 17:30:00,0.0,0.0378997049508294,22.677421832890072,2018.553715789189,0.17966666666666667,
2022-08-23 18:00:00,0.0,0.0783489846506838,21.525922880759342,1916.1105169144664,0.17866666666666667,
2022-08-23 18:30:00,0.0,0.0119708600774302,18.5934101614861,1654.986969847537,0.17866666666666667,
2022-08-23 19:00:00,0.0,0.0069001745610581,17.07980023087733,1519.9538782736822,0.17866666666666667,
2022-08-23 19:30:00,0.0,0.0067029450425809,14.091911377373105,1254.1906194552869,0.17866666666666667,
2022-08-23 20:00:00,0.0,3.8866250804398595e-05,11.571667714587957,1029.8274738593698,0.17866666666666664,
2022-08-23 20:30:00,0.0,3.851698563857494e-05,9.17456720354824,816.3767874352856,0.17866666666666664,
2022-08-23 21:00:00,0.0,3.752045360748856e-05,7.474533698174391,665.370326106521,0.17899999999999996,
2022-08-23 21:30:00,0.0,0.0124472280872657,5.474047486872448,487.4068928745213,0.17899999999999996,
2022-08-23 22:00:00,0.0,3.713428294613371e-05,4.179382447483902,372.2327634399634,0.18099999999999997,
2022-08-23 22:30:00,0.0,3.67506449348709e-05,3.690800531428362,328.48881705318917,0.18099999999999997,
2022-08-23 23:00:00,0.0,3.636778521064745e-05,3.0260004683430974,269.3336714133634,0.18133333333333332,
2022-08-23 23:30:00,0.0,3.624131975377748e-05,2.534003873684813,225.5767933169598,0.18133333333333332,
2022-08-24 00:00:00,0.0,3.5947332179102164e-05,2.17074685352688,193.29413337978397,0.18233333333333332,
2022-08-24 00:30:00,0.0,3.4987072144068906e-05,1.963819834324552,174.8701432382965,0.18233333333333332,
2022-08-24 01:00:00,0.0,3.4657089110898426e-05,1.457241886705899,129.95151725990712,0.18266666666666664,
2022-08-24 01:30:00,0.0,3.449201241240149e-05,1.2981084919799055,115.66870954675902,0.18266666666666664,
2022-08-24 02:00:00,0.0,3.490481344560323e-05,0.9411237793787942,84.06886363397979,0.18366666666666664,
2022-08-24 02:30:00,0.0,3.5236327077905795e-05,0.8691618251808847,77.44097210239173,0.18366666666666664,
2022-08-24 03:00:00,0.0,3.511241543644672e-05,1.209299326768867,107.7212737151025,0.18433333333333335,
2022-08-24 03:30:00,0.0,3.5277693922599674e-05,1.0844791028815228,96.39604109873405,0.18433333333333335,
2022-08-24 04:00:00,0.0,3.449201241240149e-05,0.7789404458196733,69.51470571513522,0.18500000000000003,
2022-08-24 04:30:00,0.0,3.449201241240149e-05,0.5247112288645694,46.76427588552855,0.18500000000000003,
2022-08-24 05:00:00,0.0,3.41245826719415e-05,0.4516332950941613,40.33038761381762,0.18566666666666667,
2022-08-24 05:30:00,0.0,3.4205635288323394e-05,0.5793902896943134,51.75590512127909,0.18566666666666667,
2022-08-24 06:00:00,0.0,3.3798281318612486e-05,0.2496424048221897,22.1519867283374,0.18633333333333335,
2022-08-24 06:30:00,0.0,3.355407484649961e-05,0.4150200317743009,37.0329661421581,0.18633333333333335,
2022-08-24 07:00:00,0.0,3.3432409920585494e-05,0.3416441071246321,30.491995378275263,0.18766666666666665,
2022-08-24 07:30:00,0.0,3.3798281318612486e-05,0.5429498721249578,48.58095090677794,0.18766666666666665,
2022-08-24 08:00:00,0.0,3.441051549534346e-05,0.8331092460920135,74.15328379074549,0.18833333333333332,
2022-08-24 08:30:00,0.0,3.5653147602019764e-05,2.3249342400273916,206.92786987963424,0.18833333333333332,
2022-08-24 09:00:00,0.0,0.0054902884709638,3.099954485061624,275.96610950670106,0.18866666666666665,
2022-08-24 09:30:00,0.0,0.0055793025868939,4.319630033214291,384.37953049282544,0.18866666666666665,
2022-08-24 10:00:00,0.0,0.0050197385857629,7.628161457352161,678.9041817303998,0.18866666666666665,
2022-08-24 10:30:00,0.0,0.0053209950033756,15.037646310771986,1338.0066866024083,0.18866666666666665,
2022-08-24 11:00:00,0.0,0.041345697569564,18.616017773076067,1656.7959275029832,0.18866666666666665,
2022-08-24 11:30:00,0.0,0.0418400299525572,21.08471976221149,1876.6551333569685,0.18866666666666665,
2022-08-24 12:00:00,0.0,0.0342735381916418,22.199481261269504,1975.8959495802312,0.18999999999999997,
2022-08-24 12:30:00,0.0,0.0339125874807845,22.942356218250804,2042.0963413509076,0.18999999999999997,
2022-08-24 13:00:00,0.0,0.0464776183189639,25.926480740056384,2307.9511571314865,0.19033333333333333,
2022-08-24 13:30:00,0.0,0.0483982433960389,25.777873409613523,2294.8588264892023,0.19033333333333333,
2022-08-24 14:00:00,0.0,0.0660984620412141,29.21516257067455,2600.7123174069206,0.18733333333333332,
2022-08-24 14:30:00,0.0,0.1014020702827044,26.93674036809328,2397.608402707199,0.18733333333333332,
2022-08-24 15:00:00,0.0,0.0493516814947001,27.064724997939603,2409.09250226651,0.18366666666666664,
2022-08-24 15:30:00,0.0,0.0522583160627072,25.098755620970017,2235.568518719405,0.18366666666666664,
2022-08-24 16:00:00,0.0,0.0255020772791752,27.209363889043015,2422.1055584810983,0.18099999999999997,
2022-08-24 16:30:00,0.0,0.0252379047534625,26.567943448282044,2364.7985292434655,0.18099999999999997,
2022-08-24 17:00:00,0.0,0.1252618768453003,25.470417366873985,2267.647816057645,0.17899999999999996,
2022-08-24 17:30:00,0.0,0.1151686418437638,28.483861903638644,2535.464944544323,0.17899999999999996,
2022-08-24 18:00:00,0.0,0.0353446721717764,27.640703967126132,2460.979926565652,0.17700000000000002,
2022-08-24 18:30:00,0.0,0.0336463472896428,29.645671789564343,2638.5793424179083,0.17700000000000002,
2022-08-24 19:00:00,0.0,4.7360545973716264e-05,25.435149571239773,2264.486779415918,0.17733333333333334,
2022-08-24 19:30:00,0.0,4.376465216959933e-05,23.119142492776575,2057.854322688915,0.17733333333333334,
2022-08-24 20:00:00,0.2,4.274146575667647e-05,18.68840725917673,1663.2091229349971,0.17900000000000002,
2022-08-24 20:30:00,0.0,3.965973253870246e-05,14.590917681838045,1298.6910643554756,0.17900000000000002,
2022-08-24 21:00:00,0.0,0.0209246725745999,11.20377736909016,997.0196868094744,0.17966666666666667,
2022-08-24 21:30:00,0.0,0.0195340195259143,8.622834005391157,767.3965002795508,0.17966666666666667,
2022-08-24 22:00:00,0.0,0.0181366346168367,6.980619420465549,621.3792586462882,0.18000000000000002,
2022-08-24 22:30:00,0.0,3.586361836441259e-05,5.989973883093712,532.9266806202685,0.18000000000000002,
2022-08-24 23:00:00,0.0,3.461619743987309e-05,4.446706587436907,395.82781893334936,0.18033333333333335,
2022-08-24 23:30:00,0.0,3.41245826719415e-05,4.031634680284186,358.85245344412806,0.18033333333333335,
2022-08-25 00:00:00,0.0,3.3798281318612486e-05,2.822953393546857,251.24759081073012,0.18033333333333335,
2022-08-25 00:30:00,0.0,3.3352570329917715e-05,2.5892119380815957,230.357908359025,0.18033333333333335,
2022-08-25 01:00:00,0.0,3.191770297840187e-05,2.1157639796076095,188.33544628498777,0.18033333333333335,
2022-08-25 01:30:00,0.0,3.235220977632475e-05,1.927532558859837,171.3305143812157,0.18033333333333335,
2022-08-25 02:00:00,0.0,3.18386857926341e-05,1.6340800904251531,145.23983455285472,0.18000000000000002,
2022-08-25 02:30:00,0.0,3.311050171962025e-05,1.3900387694023428,123.76529214050232,0.18000000000000002,
2022-08-25 03:00:00,0.0,3.2869602527692825e-05,1.3199116245937323,117.60533326026273,0.18033333333333335,
2022-08-25 03:30:00,0.0,3.1995235324696024e-05,1.214382538297544,108.13723012269156,0.18033333333333335,
2022-08-25 04:00:00,0.0,3.195645334647196e-05,1.302351713926456,115.85105141005944,0.18033333333333335,
2022-08-25 04:30:00,0.0,3.1289254423377296e-05,1.0553200337093127,93.8458920145428,0.18033333333333335,
2022-08-25 05:00:00,0.0,3.195645334647196e-05,0.7523088245406135,66.81360285906737,0.18033333333333335,
2022-08-25 05:30:00,0.0,3.121129113513813e-05,0.8953232609875628,79.83105824497814,0.18033333333333335,
2022-08-25 06:00:00,0.0,3.066923506111654e-05,0.3550801399674224,31.648847610160075,0.18000000000000002,
2022-08-25 06:30:00,0.0,3.0399844855890523e-05,0.0992188045298373,9.035043533067974,0.18000000000000002,
2022-08-25 07:00:00,0.0,3.066923506111654e-05,0.1725706664445982,15.39904339638736,0.18033333333333335,
2022-08-25 07:30:00,0.0,3.105575964844068e-05,0.6625403705825423,59.15500600526992,0.18033333333333335,
2022-08-25 08:00:00,0.0,3.1523934586024005e-05,1.26719802086967,112.89568490265108,0.18033333333333335,
2022-08-25 08:30:00,0.0,3.203566683225232e-05,1.9789956438495624,176.19257853535123,0.18033333333333335,
2022-08-25 09:00:00,0.0,3.327119776282683e-05,2.5892119380815957,230.4619772343188,0.18033333333333335,
2022-08-25 09:30:00,0.0,3.511241543644672e-05,4.344125768467949,386.5380006215101,0.18033333333333335,
2022-08-25 10:00:00,0.0,0.0092599965119369,6.5731605985874255,584.8018303539714,0.18000000000000002,
2022-08-25 10:30:00,0.0,0.0099219582079795,12.489458789564145,1111.276554053483,0.18000000000000002,
2022-08-25 11:00:00,0.0,0.0457181573424765,19.517437771648854,1736.779234510569,0.17900000000000002,
2022-08-25 11:30:00,0.0,0.0493518457728957,21.83632562240106,1943.4060288648404,0.17900000000000002,
2022-08-25 12:00:00,0.0,0.0163617926630497,27.45513923842778,2444.0991849362103,0.17833333333333334,
2022-08-25 12:30:00,0.0,0.0170508164803746,31.47618793451576,2802.4187040612087,0.17833333333333334,
2022-08-25 13:00:00,0.0,0.1322205860594101,32.7226950691732,2913.9063079666284,0.18100000000000002,
2022-08-25 13:30:00,0.0,0.2039309040282091,30.53951697079634,2718.656512036704,0.18100000000000002,
2022-08-25 14:00:00,0.0,0.1653005195305708,29.30411298745594,2609.319771743967,0.18566666666666667,
2022-08-25 14:30:00,0.0,0.2747332023219016,30.814441318503302,2743.599391107653,0.18566666666666667,
2022-08-25 15:00:00,0.0,0.1132790231531308,28.17003302224109,2507.8328525123725,0.18600000000000003,
2022-08-25 15:30:00,0.0,0.1314473242751181,29.72989744586914,2646.3416005570125,0.18600000000000003,
2022-08-25 16:00:00,0.0,0.3084465189490752,32.236696191758405,2868.92869482934,0.18633333333333335,
2022-08-25 16:30:00,0.0,0.3634369148056207,28.12875336397358,2504.447901813545,0.18633333333333335,
2022-08-25 17:00:00,0.0,0.1066824214488652,27.664036974491395,2462.165703317613,0.18700000000000003,
2022-08-25 17:30:00,0.0,0.100478337249984,25.25301635816225,2247.451983161993,0.18700000000000003,
2022-08-25 18:00:00,0.4,0.046777674929905,18.171645174280904,1617.17159821146,0.18766666666666668,
2022-08-25 18:30:00,0.0,0.0146070387678049,22.07259847618148,1963.7442181353836,0.18766666666666668,
2022-08-25 19:00:00,0.0,0.047349308835076,20.887483266594792,1858.6713180360164,0.18800000000000003,
2022-08-25 19:30:00,0.0,0.0568011703709396,21.845801764024568,1943.9797498021496,0.18800000000000003,
2022-08-25 20:00:00,0.0,4.3344266036965424e-05,17.216052961765442,1532.0334795473448,0.18800000000000003,
2022-08-25 20:30:00,0.0,4.055340692075748e-05,13.22147076219879,1176.3076697968377,0.18800000000000003,
2022-08-25 21:00:00,0.0,3.9972436580370545e-05,9.6286369020778,856.76917264723,0.18800000000000003,
2022-08-25 21:30:00,0.0,3.899842064330296e-05,7.036949588670383,626.4022536274293,0.18800000000000003,
2022-08-25 22:00:00,0.0,3.73056019335144e-05,5.953328113336453,529.7780494119522,0.18833333333333335,
2022-08-25 22:30:00,0.0,3.649629532168442e-05,5.728785908515102,509.7240155280033,0.18833333333333335,
2022-08-25 23:00:00,0.0,3.5445205572522415e-05,4.059063898629342,361.1053546236913,0.18800000000000003,
2022-08-25 23:30:00,0.0,3.5071174531835046e-05,3.4802597822135586,309.69938536854363,0.18800000000000003,
2022-08-26 00:00:00,0.0,3.4286814121211164e-05,2.4626496270941542,219.1747446441217,0.18800000000000003,
2022-08-26 00:30:00,0.0,0.0123157368696861,2.3288428567675292,207.28147206645792,0.18800000000000003,
2022-08-26 01:00:00,0.0,0.0236245127479165,2.2784988004933022,202.5602217731881,0.18800000000000003,
2022-08-26 01:30:00,0.0,0.0139381749186564,1.8041555131178868,160.51050932559963,0.18800000000000003,
2022-08-26 02:00:00,0.0,3.4286814121211164e-05,1.7357221072860134,154.50028559770948,0.18800000000000003,
2022-08-26 02:30:00,0.0,3.3352570329917715e-05,1.5293943657761444,136.1028537291498,0.18800000000000003,
2022-08-26 03:00:00,0.0,0.0132088020670632,0.6347048611837901,56.80016414263129,0.18733333333333335,
2022-08-26 03:30:00,0.0,3.359580809359443e-05,0.9890741015736702,88.1815736909727,0.18733333333333335,
2022-08-26 04:00:00,0.0,3.3151868853285435e-05,0.8655703325516199,77.00135744397033,0.18700000000000003,
2022-08-26 04:30:00,0.0,3.400155713459838e-05,1.0418331248375738,92.74985423475344,0.18700000000000003,
2022-08-26 05:00:00,0.0,3.295032186546801e-05,0.7059500110455476,62.76671101289177,0.18600000000000003,
2022-08-26 05:30:00,0.0,3.2869602527692825e-05,0.8124678207741816,72.40319656139363,0.18600000000000003,
2022-08-26 06:00:00,0.0,3.3191613558943914e-05,0.5990118610612587,53.25260778524974,0.18500000000000003,
2022-08-26 06:30:00,0.0,0.0118499342258067,1.0242581413955956,91.01997862778234,0.18500000000000003,
2022-08-26 07:00:00,0.0,3.311050171962025e-05,0.8124678207741816,72.37665172820617,0.18366666666666667,
2022-08-26 07:30:00,0.0,3.331269792334119e-05,0.9538445131639224,85.08686239290213,0.18366666666666667,
2022-08-26 08:00:00,0.0,3.3151868853285435e-05,2.0423440102851185,181.782527097742,0.18266666666666667,
2022-08-26 08:30:00,0.0,3.367603199451579e-05,2.893140790184113,257.40384512844327,0.18266666666666667,
2022-08-26 09:00:00,0.0,3.536052203677899e-05,4.536834328621464,403.8126632739048,0.18166666666666667,
2022-08-26 09:30:00,0.0,4.123069674470341e-05,10.005801315552636,890.3279367691816,0.18166666666666667,
2022-08-26 10:00:00,0.0,0.0440809023263913,17.748675506408677,1579.3386433525438,0.18100000000000002,
2022-08-26 10:30:00,0.0,0.0658959838890778,23.526492126227943,2093.90995010539,0.18100000000000002,
2022-08-26 11:00:00,0.0,0.1013608610170595,28.77025227103692,2560.594575156071,0.17966666666666667,
2022-08-26 11:30:00,0.0,0.0271330043755021,27.97227314145604,2490.3146585855047,0.17966666666666667,
2022-08-26 12:00:00,0.0,0.1217251103640183,30.03067158686154,2674.184425132927,0.17833333333333334,
2022-08-26 12:30:00,0.0,0.0371969676625441,29.943923083655353,2666.0004802319577,0.17833333333333334,
2022-08-26 13:00:00,0.0,0.3315863716714272,30.156591005832503,2686.020998320384,0.17800000000000002,
2022-08-26 13:30:00,0.0,0.3237749184409982,29.666925534315,2641.950712733671,0.17800000000000002,
2022-08-26 14:00:00,0.0,0.4648453970300019,31.956740741094215,2845.501506899591,0.17766666666666667,
2022-08-26 14:30:00,0.0,0.4368758957083511,33.639616175463914,2994.3613363663612,0.17766666666666667,
2022-08-26 15:00:00,0.0,0.3296910333945467,30.85924727414966,2747.7243166484463,0.17900000000000002,
2022-08-26 15:30:00,0.0,0.4491521394870571,30.99091648675689,2758.3540354829993,0.17900000000000002,
2022-08-26 16:00:00,0.0,0.3968249002071174,32.44072758999524,2887.0289263368527,0.17933333333333334,
2022-08-26 16:30:00,0.0,0.3668968357278117,28.60033258699357,2545.42505091581,0.17933333333333334,
2022-08-26 17:00:00,2.0,0.0415509474194445,22.15056716106963,1971.2707692471445,0.18000000000000002,
2022-08-26 17:30:00,2.0,0.0134021875639397,13.071199147534768,1163.2725522046749,0.18000000000000002,
2022-08-26 18:00:00,0.8,3.636778521064745e-05,8.9388473748914,795.4286648428665,0.18033333333333332,
2022-08-26 18:30:00,0.0,3.6580953183153445e-05,7.0327692847751795,625.688728526113,0.18033333333333332,
2022-08-26 19:00:00,0.0,3.662332912531117e-05,5.662332318021727,503.47360682557456,0.18033333333333332,
2022-08-26 19:30:00,0.0,3.704881103455631e-05,4.8606796260170615,432.5030614768774,0.18033333333333332,
2022-08-26 20:00:00,0.0,3.67506449348709e-05,3.8938721429500704,346.6114479498106,0.18033333333333332,
2022-08-26 20:30:00,0.0,0.0110451639709282,5.527740129192223,491.7623881585115,0.18033333333333332,
2022-08-26 21:00:00,0.0,3.391914214544388e-05,4.020466207746928,357.54689907083747,0.18033333333333332,
2022-08-26 21:30:00,0.0,3.3392474329447656e-05,2.893140790184113,257.3779820559023,0.18033333333333332,
2022-08-26 22:00:00,0.0,3.259057729906609e-05,1.821237334885101,162.08943470237975,0.18033333333333332,
2022-08-26 22:30:00,0.0,3.267083954047346e-05,1.7699600660016062,157.36253586866948,0.18033333333333332,
2022-08-26 23:00:00,0.0,3.223346470019411e-05,1.5293943657761444,136.01049788256307,0.18033333333333332,
2022-08-26 23:30:00,0.0,3.227247190730846e-05,0.6881562836348009,61.376806419023595,0.18033333333333332,
2022-08-27 00:00:00,0.0,3.243207941373169e-05,0.938958613189866,83.49537605811942,0.18000000000000002,
2022-08-27 00:30:00,0.0,3.311050171962025e-05,0.6932420151622424,61.726626907871236,0.18000000000000002,
2022-08-27 01:00:00,0.0,3.3716191316882116e-05,0.516356204589352,45.90936134207531,0.18000000000000002,
2022-08-27 01:30:00,0.0,0.0325180253999486,0.1590697453110497,14.12245413374714,0.18000000000000002,
2022-08-27 02:00:00,0.0,0.0157544291317999,1.1131204862607684,99.01763452449832,0.18000000000000002,
2022-08-27 02:30:00,0.0,0.0683354280393674,1.1824747491903944,104.8559020621552,0.18000000000000002,
2022-08-27 03:00:00,0.0,0.0361592740648203,1.1304755915909948,100.3959653609601,0.17966666666666664,
2022-08-27 03:30:00,0.0,0.0239625086842248,1.8496272265161744,164.3329569243841,0.17966666666666664,
2022-08-27 04:00:00,0.0,3.3798281318612486e-05,1.07837709475177,95.86013621686944,0.17833333333333332,
2022-08-27 04:30:00,0.0,3.2910769402496645e-05,0.5695434870161533,50.54114678575719,0.17833333333333332,
2022-08-27 05:00:00,0.0,3.2749591528663496e-05,0.4808397764957602,42.58870284805452,0.17699999999999996,
2022-08-27 05:30:00,0.0,3.2830114591837195e-05,0.2846595620073575,25.355965380143346,0.17699999999999996,
2022-08-27 06:00:00,0.0,3.195645334647196e-05,0.4452765853528728,39.53197999889488,0.17499999999999996,
2022-08-27 06:30:00,0.0,3.1995235324696024e-05,0.1230789681834412,10.86673142358384,0.17499999999999996,
2022-08-27 07:00:00,0.0,3.078563437100488e-05,0.0870399224114225,7.874981378057323,0.17333333333333334,-0.2646578730455389
2022-08-27 07:30:00,0.0,3.121129113513813e-05,-0.1120445661036613,-9.99047522036408,0.17333333333333334,-0.2655908415178762
2022-08-27 08:00:00,0.0,0.0004359222921656,0.6756053595825535,60.08437419330174,0.17200000000000001,-0.2665238099902136
2022-08-27 08:30:00,0.0,0.0004418276821769,1.663091744553108,147.84678046266072,0.17200000000000001,-0.2674567784625509
2022-08-27 09:00:00,0.0,0.0021028393867059,3.66509217430604,326.09024278195676,0.171,
2022-08-27 09:30:00,0.0,0.0022161447322177,4.9958273088944045,444.4006446861955,0.171,
2022-08-27 10:00:00,0.0,0.0204783779364717,9.07451323963672,807.3588556168705,0.169,
2022-08-27 10:30:00,0.0,0.0217483232132667,11.565478376226924,1029.047091625577,0.169,
2022-08-27 11:00:00,0.0,0.0361058380399194,20.45483666097073,1820.218648346226,0.169,
2022-08-27 11:30:00,0.0,0.0766851312964561,25.20851468187544,2243.229405128601,0.169,
2022-08-27 12:00:00,0.8,0.0293009050320836,21.723618426707816,1932.6736310068045,0.16766666666666666,
2022-08-27 12:30:00,0.0,0.0149322989565895,17.78152303161323,1582.3137488267555,0.16766666666666666,
2022-08-27 13:00:00,0.0,0.0791857832192227,19.03620642849604,1693.7892938033438,0.168,
2022-08-27 13:30:00,0.0,0.0842949519469912,21.704960932824015,1931.613170759172,0.168,-0.3011345570730162
2022-08-27 14:00:00,0.0,0.0244027007486091,22.700975167299113,2020.2897379320543,0.16766666666666666,-0.301094023453311
2022-08-27 14:30:00,0.0,3.259057729906609e-05,19.01628429835613,1692.4011140523044,0.16766666666666666,-0.3010534898336057
2022-08-27 15:00:00,0.4,3.062997880469489e-05,12.802810030903483,1139.138773169391,0.16866666666666666,-0.3010129562139005
2022-08-27 15:30:00,0.0,3.090075487188714e-05,8.875660684150404,789.5764211349629,0.16866666666666666,-0.3009724225941953
2022-08-27 16:00:00,0.2,0.0022957693720738,6.642531836826733,591.0402156148479,0.16933333333333334,-0.1833012107894836
2022-08-27 16:30:00,0.2,0.0023421621966985,6.123156906785663,544.8930342358884,0.16933333333333334,-0.1466120079011635
2022-08-27 17:00:00,0.0,0.0117687879666147,9.74141391228282,866.5943065172644,0.17,-0.1751782442002361
2022-08-27 17:30:00,0.0,0.0498015586016803,16.781337613421158,1492.9164362351848,0.17,-0.2527805159225313
2022-08-27 18:00:00,0.0,0.0275498815134603,18.7664082716663,1669.93829121414,0.1703333333333333,-0.3588099301888201
2022-08-27 18:30:00,0.0,3.453450868479409e-05,19.32396161527025,1719.496809239801,0.1703333333333333,-0.4654556676217067
2022-08-27 19:00:00,0.0,3.445124818432026e-05,17.47177606807951,1554.6539079452602,0.1703333333333333,-0.5443280628185737
2022-08-27 19:30:00,0.0,3.432914474509867e-05,16.601432834969412,1477.243227802657,0.1703333333333333,-0.5779189451740593
2022-08-27 20:00:00,0.0,3.441051549534346e-05,14.941661417926738,1329.3964386597495,0.17066666666666666,-0.565196279938144
2022-08-27 20:30:00,0.0,3.396117416792823e-05,11.99104494877852,1067.0204776630126,0.17066666666666666,-0.5177605712021877
2022-08-27 21:00:00,0.0,3.383853668811971e-05,10.08891679331026,897.7414610460629,0.17066666666666666,-0.452030114700002
2022-08-27 21:30:00,0.0,3.074627670305405e-05,8.729031335155145,776.6926147261503,0.17066666666666666,-0.3840169567051337
2022-08-27 22:00:00,0.0,3.323138986250876e-05,5.933356093749392,528.0290418607382,0.17099999999999996,-0.3270114081447703
2022-08-27 22:30:00,0.0,3.3758057524395963e-05,4.935274857083459,438.998518953775,0.17099999999999996,-0.2886566931150207
2022-08-27 23:00:00,0.0,3.347404308669146e-05,4.645912649786872,413.4006857935117,0.17066666666666666,-0.2683897469348882
2022-08-27 23:30:00,0.0,3.3191613558943914e-05,4.073953266002254,362.4900351641802,0.17066666666666666,-0.2594418631801828
2022-08-28 00:00:00,0.0,3.3352570329917715e-05,3.483726322682665,309.9854481681434,0.17066666666666666,-0.2540793013270027
2022-08-28 00:30:00,0.0,0.0343310169438669,3.054082766555389,271.76923930796545,0.17066666666666666,-0.2463550076946434
2022-08-28 01:00:00,0.0,0.0484337708633023,2.828696128600951,251.6478372541394,0.1703333333333333,-0.2313185194482638
2022-08-28 01:30:00,0.0,0.0352296166685954,2.8448553683930995,253.04085206176245,0.1703333333333333,-0.2330908626077284
2022-08-28 02:00:00,0.0,0.0291313851652658,3.118148224914053,277.3682276163491,0.1703333333333333,-0.234863205767193
2022-08-28 02:30:00,0.0,0.0317357880738297,3.1341418270852017,278.8491276191626,0.1703333333333333,-0.2366355489266575
2022-08-28 03:00:00,0.0,0.0213739292201813,2.388827198065861,212.58845906736585,0.17,-0.2384078920861221
2022-08-28 03:30:00,0.0,2.6830936314465047e-05,1.8248283972555803,162.55760586919536,0.17,
2022-08-28 04:00:00,0.0,2.6938456935766543e-05,1.6229876875221745,144.52034939562674,0.16899999999999996,
2022-08-28 04:30:00,0.0,2.6830936314465047e-05,1.5384480950176949,136.84800706827667,0.16899999999999996,
2022-08-28 05:00:00,0.0,2.6365696203895816e-05,1.3856171605880898,123.55595087018465,0.16733333333333333,
2022-08-28 05:30:00,0.0,2.6116273850256723e-05,1.4026405318984052,124.76396956843266,0.16733333333333333,
2022-08-28 06:00:00,0.0,2.5657134418759616e-05,1.111791779861966,99.07546603320256,0.16566666666666666,
2022-08-28 06:30:00,0.0,2.5236673719742934e-05,0.991123572103899,88.25392575722364,0.16566666666666666,
2022-08-28 07:00:00,0.0,2.513267772622862e-05,1.1633436222807771,103.77311757457568,0.16433333333333333,
2022-08-28 07:30:00,0.0,2.643646021215821e-05,1.606100575393594,142.906948996996,0.16433333333333333,
2022-08-28 08:00:00,0.0,2.7228112823298044e-05,2.6340539706216948,234.36534220429849,0.163,
2022-08-28 08:30:00,0.0,2.7191966871061615e-05,6.309430723278597,561.4778673290006,0.163,
2022-08-28 09:00:00,0.0,2.7300506301294197e-05,4.9309194981926865,438.984483285923,0.161,-0.7990505280780066
2022-08-28 09:30:00,0.0,3.195645334647196e-05,12.87471498679253,1145.730038089778,0.161,-1.3094443630409924
2022-08-28 10:00:00,0.0,3.351404317298461e-05,17.381215649022494,1546.5088103179717,0.16,-1.8198381980039784
2022-08-28 10:30:00,0.0,3.5947332179102164e-05,22.557485287655073,2007.5428580117557,0.16,-2.330232032966964
2022-08-28 11:00:00,0.0,0.0035529324539969,27.617510660830003,2457.896790813565,0.17666666666666667,-2.84062586792995
2022-08-28 11:30:00,0.0,0.0892846472037137,29.426229205206816,2619.318643766085,0.17666666666666667,-3.351019702892936
2022-08-28 12:00:00,0.0,0.2090305970782084,31.594750622637676,2812.238643381095,0.18533333333333335,-3.92295426623522
2022-08-28 12:30:00,0.0,0.1560071805612655,31.066683429301083,2766.455035926696,0.18533333333333335,-4.1852456124895765
2022-08-28 13:00:00,0.0,0.3218313719965999,32.34018812072871,2879.556410904601,0.19033333333333333,-4.161225580526958
2022-08-28 13:30:00,0.0,0.2402663298481816,32.080458181143285,2856.7004919870387,0.19033333333333333,-3.954088217759035
2022-08-28 14:00:00,0.0,0.2237668005824335,30.640389509968113,2728.0170896309432,0.19333333333333336,-3.6727598440064657
2022-08-28 14:30:00,0.0,0.3796066975527106,30.487295824183384,2714.9443783404504,0.19333333333333336,-3.3803274925337647
2022-08-28 15:00:00,0.0,0.4377489036959108,27.771462869746376,2473.8923511765074,0.19533333333333336,-3.0851550323914254
2022-08-28 15:30:00,0.0,0.4441761681844831,26.76604992153378,2384.0331370269696,0.19533333333333336,-2.7679406538852525
2022-08-28 16:00:00,0.0,0.28255961624547,30.548587282842437,2718.8640387636656,0.19633333333333333,-2.422098874809844
2022-08-28 16:30:00,0.0,0.2187071560277959,30.2645062836727,2693.314387506405,0.19633333333333333,-2.0732999530172074
2022-08-28 17:00:00,0.0,0.1338089132469893,27.357117366582024,2435.344842722017,0.19733333333333336,-1.7624222418817412
2022-08-28 17:30:00,0.0,0.0214569179648989,26.108986964117285,2323.754056119175,0.19733333333333336,-1.5128894517383222
2022-08-28 18:00:00,0.0,0.1429423206873067,27.1363167628786,2414.704214291556,0.19766666666666666,-1.3142703868225811
2022-08-28 18:30:00,0.0,0.1518353312508068,26.476068699974142,2355.8149819472037,0.19766666666666666,-1.132403044532598
2022-08-28 19:00:00,0.0,0.056262732332975,25.058715984518415,2230.229037505548,0.19800000000000004,-0.9354895565324266
2022-08-28 19:30:00,0.0,0.0486403123258424,21.548925084484026,1917.54068692334,0.19800000000000004,-1.0046031093374483
2022-08-28 20:00:00,0.0,0.0566940680479448,15.470039152892218,1376.950821829242,0.19766666666666666,-1.07371666214247
2022-08-28 20:30:00,0.0,0.0746403683174194,12.428646565332832,1105.9566375705806,0.19766666666666666,-1.1428302149474918
2022-08-28 21:00:00,0.0,0.0507151136509626,10.231041069911653,909.9764226278852,0.19766666666666666,-1.2119437677525136
2022-08-28 21:30:00,0.0,3.726272530589475e-05,7.6544324490666495,681.1647948974155,0.19766666666666666,
2022-08-28 22:00:00,0.0,3.408241776180299e-05,7.722878645531829,686.6993358966674,0.19733333333333336,
2022-08-28 22:30:00,0.0,3.515368783130449e-05,5.392717566991345,479.89651934063386,0.19733333333333336,
2022-08-28 23:00:00,0.0,0.0431646439711504,4.975930740110847,442.8114963733355,0.19766666666666666,
2022-08-28 23:30:00,0.0,3.624131975377748e-05,3.49951427662483,311.43489424500086,0.19766666666666666,
2022-08-29 00:00:00,0.0,3.303117294097335e-05,2.7359150210110217,243.1753670102766,0.19733333333333336,
2022-08-29 00:30:00,0.0,3.1798421662995925e-05,2.6878002763104036,238.77110187905808,0.19733333333333336,
2022-08-29 01:00:00,0.0,3.243207941373169e-05,2.831896989920929,251.67868921528208,0.19733333333333336,
2022-08-29 01:30:00,0.0,3.295032186546801e-05,0.9317547844573412,82.58373475084373,0.19733333333333336,
2022-08-29 02:00:00,0.0,3.2749591528663496e-05,2.1366147652936847,189.6281943066315,0.19699999999999998,
2022-08-29 02:30:00,0.0,3.2510446819210245e-05,0.7429102545796867,66.06419552691378,0.19699999999999998,
2022-08-29 03:00:00,0.0,3.2749591528663496e-05,1.0001014348394897,88.84951134063222,0.19666666666666668,
2022-08-29 03:30:00,0.0,3.1719603457852996e-05,1.068276888460047,94.82370198824091,0.19666666666666668,
2022-08-29 04:00:00,0.0,3.331269792334119e-05,0.5353866662569675,47.63969385664661,0.19633333333333333,
2022-08-29 04:30:00,0.0,0.0340538489208667,0.7945437317340371,70.66477689136552,0.19633333333333333,
2022-08-29 05:00:00,0.0,0.0582988921289054,0.3612251718739568,31.94610001441778,0.19466666666666668,
2022-08-29 05:30:00,0.0,0.0582900396109416,0.81173307641036,72.09573840993096,0.19466666666666668,
2022-08-29 06:00:00,0.0,0.0708684974503165,0.4658568214709197,41.3745235618522,0.19733333333333336,
2022-08-29 06:30:00,0.0,0.0395539834982754,1.254885022906076,111.44775277278684,0.19733333333333336,
2022-08-29 07:00:00,0.0,0.0417492165503851,1.4402272874027846,127.9331991810814,0.19766666666666666,
2022-08-29 07:30:00,0.0,0.0591159953472484,3.7432267002062303,332.7984162624415,0.19766666666666666,
2022-08-29 08:00:00,0.0,0.07253530809558,6.016926587527664,535.2737173783939,0.19800000000000004,
2022-08-29 08:30:00,0.0,0.0661476702526532,9.739769490366973,866.2797751275649,0.19800000000000004,
2022-08-29 09:00:00,0.0,0.0830767742370034,14.233926052077466,1266.5215421511489,0.19866666666666669,-1.4883979789726005
2022-08-29 09:30:00,0.0,0.0732239721042312,17.638014311586733,1569.1565590428904,0.19866666666666669,-1.557511531777622
2022-08-29 10:00:00,0.0,0.0061307557358772,22.538308878503702,2005.165745403459,0.19899999999999998,-1.6266250845826438
2022-08-29 10:30:00,0.0,0.0950474462024441,25.5004526074884,2269.612791426591,0.19899999999999998,-1.6957386373876655
2022-08-29 11:00:00,0.0,0.0088976849048872,28.521183942399084,2539.2039646717662,0.19899999999999998,-1.7648521901926872
2022-08-29 11:30:00,0.0,0.1027647913854285,28.014727248282128,2493.8528592085972,0.19899999999999998,-2.2668939765059597
2022-08-29 12:00:00,0.0,0.0619665362037509,29.880434546515403,2660.1416676530166,0.19899999999999998,-2.6790434948834276
2022-08-29 12:30:00,0.0,0.1733048556257675,31.584298293066094,2811.8824543288542,0.19899999999999998,-2.9392598744339673
2022-08-29 13:00:00,0.0,0.2667340034647246,30.18609058323851,2687.680581377307,0.19866666666666669,-3.026066265803738
2022-08-29 13:30:00,0.0,0.1688073688266733,29.209261869824044,2600.477799044737,0.19866666666666669,-2.9690000282424727
2022-08-29 14:00:00,0.0,0.2501131343968058,29.209261869824044,2600.3674656219127,0.19833333333333333,-2.841100791488833
2022-08-29 14:30:00,0.0,0.1662618929883128,28.402947035939786,2528.3590624894277,0.19833333333333333,-2.7237959524013915
2022-08-29 15:00:00,0.0,0.0573588744142704,29.83442903267178,2655.195523054245,0.19800000000000004,-2.6623573626001833
2022-08-29 15:30:00,0.0,0.220045757055483,25.5004526074884,2271.48575750361,0.19800000000000004,-2.646857188903837
2022-08-29 16:00:00,0.0,0.4039881727469506,26.92079005177237,2396.1644277541686,0.19800000000000004,-2.632452916400968
2022-08-29 16:30:00,0.0,0.42048970980125,25.801304715939448,2297.3837597990764,0.19800000000000004,-2.577627176400045
2022-08-29 17:00:00,0.0,0.3625092708566216,26.00080063332449,2315.3636957038984,0.19800000000000004,-2.466589761335374
2022-08-29 17:30:00,0.0,0.3840611396301465,30.056408328891383,2674.947681189343,0.19800000000000004,-2.302681496260098
2022-08-29 18:00:00,0.0,0.3270642767828023,26.389043870857908,2349.7766936855614,0.19733333333333336,-2.0899599632078822
2022-08-29 18:30:00,0.0,0.1748947278827172,31.688056512264076,2818.376734596976,0.19733333333333336,-1.827855618969543
2022-08-29 19:00:00,0.0,0.1429322674180944,26.790447617268285,2383.84254844666,0.19766666666666666,-1.522505524748364
2022-08-29 19:30:00,0.0,0.0070866298356778,21.642190530410097,1925.5220203748463,0.19766666666666666,-1.197492160216748
2022-08-29 20:00:00,0.0,0.080372365579167,15.69964627023802,1396.949607415008,0.19699999999999998,-0.8888432788617093
2022-08-29 20:30:00,0.0,5.0658528157429184e-05,11.358161140552587,1010.4143279539104,0.19699999999999998,-0.6278160479885916
2022-08-29 21:00:00,0.0,4.7802675107142526e-05,8.814307950038993,783.8450219039507,0.19733333333333336,-0.4276398269094542
2022-08-29 21:30:00,0.0,4.508809620394872e-05,6.973664506093021,620.1672977057095,0.19733333333333336,-0.6795985092945913
2022-08-29 22:00:00,0.0,4.750698140197261e-05,4.671212055577752,415.3382171716668,0.19733333333333336,-0.9315571916797284
2022-08-29 22:30:00,0.0,4.556655502555563e-05,4.127187932787112,366.63692496795335,0.19733333333333336,-1.1835158740648657
2022-08-29 23:00:00,0.0,0.0394497215864266,4.339976893665167,385.6789028368428,0.19733333333333336,
2022-08-29 23:30:00,0.0,0.039054473183441,4.745965842713736,421.57066117146184,0.19733333333333336,
2022-08-30 00:00:00,0.0,0.0504405521362897,3.113798565466512,276.86755571158903,0.19733333333333336,
2022-08-30 00:30:00,0.0,0.0363081814904949,2.7903213728164946,248.10670822901017,0.19733333333333336,
2022-08-30 01:00:00,0.0,3.7649739217570726e-05,1.13121233841194,100.45448281321852,0.19733333333333336,
2022-08-30 01:30:00,0.0,3.7865839024847846e-05,1.7461284069533505,155.22151406283342,0.19733333333333336,
2022-08-30 02:00:00,0.0,0.0284930554144509,2.903962997073069,258.084032881217,0.19699999999999998,
2022-08-30 02:30:00,0.0,3.679314618140097e-05,0.7309721623284213,64.91642148902675,0.19699999999999998,
2022-08-30 03:00:00,0.0,0.0427452439455428,0.6079793128066465,53.90023012959982,0.19666666666666668,
2022-08-30 03:30:00,0.0,0.0294828718489342,1.0793397635572632,95.69945383796863,0.19666666666666668,
2022-08-30 04:00:00,0.0,0.026069768595031,0.6255839592131546,55.57977359699573,0.19600000000000004,
2022-08-30 04:30:00,0.0,0.0244595419487689,1.0273682566713365,91.25463313153386,0.19600000000000004,
2022-08-30 05:00:00,0.0,0.0251298741884705,0.4667280535452602,41.50626619343352,0.19466666666666668,
2022-08-30 05:30:00,0.0,0.020455646223814,0.8184837478200361,72.65603379455304,0.19466666666666668,
2022-08-30 06:00:00,0.0,0.0306255753395496,0.431299552879434,38.16740902588727,0.19333333333333336,
2022-08-30 06:30:00,0.0,0.0220192785185716,-0.0335623833256909,-3.0026719148571397,0.19333333333333336,
2022-08-30 07:00:00,0.0,0.0220237912574448,0.164091353771076,14.521433374858844,0.19066666666666668,-0.3234803637404218
2022-08-30 07:30:00,0.0,0.0208087114658738,0.7134359059513613,63.57459862998989,0.19066666666666668,-0.3252527068998863
2022-08-30 08:00:00,0.0,0.0284213505304538,1.593687303320488,141.84697337079274,0.18766666666666665,-0.3270250500593509
2022-08-30 08:30:00,0.0,0.0212117104182987,2.968694888281892,264.10223972846865,0.18766666666666665,-0.3287973932188155
2022-08-30 09:00:00,0.0,0.0209588444087844,5.041102486822327,448.29814512373,0.18499999999999997,-1.4354745564500024
2022-08-30 09:30:00,0.0,3.9175080635699856e-05,7.6856295892256625,683.7837970676301,0.18499999999999997,
2022-08-30 10:00:00,0.0,4.556655502555563e-05,15.681741050708402,1395.105842446197,0.18266666666666667,
2022-08-30 10:30:00,0.0,0.0632195636922482,22.56739827838972,2007.9304311597089,0.18266666666666667,
2022-08-30 11:00:00,0.0,0.1277468322631676,28.298275543554787,2518.610082572101,0.18166666666666664,
2022-08-30 11:30:00,0.0,0.0890712088833365,29.93634580518717,2665.331564517639,0.18166666666666664,-2.695267968375688
2022-08-30 12:00:00,0.0,0.235263058610091,31.569091034200053,2810.4589569666296,0.18033333333333332,-2.947226650760825
2022-08-30 12:30:00,0.0,0.246351540405302,29.14373652467908,2595.128878530819,0.18033333333333332,-3.199185333145962
2022-08-30 13:00:00,0.0,0.3750235109064693,30.02970554184171,2673.4417966572532,0.18000000000000002,-3.4511440155310993
2022-08-30 13:30:00,0.0,0.3942861325295914,31.44818851542327,2798.414977923631,0.18000000000000002,-3.7031026979162367
2022-08-30 14:00:00,0.0,0.3642319535709441,30.32423464008024,2698.6581791079116,0.18099999999999997,-3.6118862041291497
2022-08-30 14:30:00,0.0,0.3928504626865827,27.959262075888507,2488.884713849083,0.18099999999999997,-3.4363199358560332
2022-08-30 15:00:00,0.0,0.5856414859406049,28.14520090413084,2505.5414574085053,0.18133333333333335,-3.238056374720625
2022-08-30 15:30:00,0.0,0.6054779503936175,26.811904459917113,2387.0961532999568,0.18133333333333335,-3.0364442773177696
2022-08-30 16:00:00,0.0,0.485437571858133,29.20697041701012,2599.0074375651666,0.18200000000000002,-2.8414467919887
2022-08-30 16:30:00,0.0,0.3525324787653437,29.199070507737975,2598.502670801766,0.18200000000000002,-2.6666445887707284
2022-08-30 17:00:00,0.0,0.3144898144036698,27.282328171644785,2428.211831260224,0.18233333333333332,-2.5179344271968818
2022-08-30 17:30:00,0.0,0.3277104317702396,25.941440874057857,2309.4187197885985,0.18233333333333332,-2.3817909753395674
2022-08-30 18:00:00,0.0,0.2922500860687404,27.084815459346387,2410.8032387761773,0.18200000000000002,-2.229339278308969
2022-08-30 18:30:00,0.0,0.2916645429742401,26.919600283291174,2395.38703832858,0.18200000000000002,-2.0330321788010184
2022-08-30 19:00:00,0.0,0.1678336650776368,24.665367500905425,2196.331737991811,0.18200000000000002,-1.7837405964716735
2022-08-30 19:30:00,0.0,0.1442572009373363,21.5725852068644,1918.995839876632,0.18200000000000002,-1.4977885714482562
2022-08-30 20:00:00,0.0,0.0690010791609104,17.776484050225584,1580.8353402031614,0.18233333333333332,-1.208946560141395
2022-08-30 20:30:00,0.0,0.1012741465654175,12.37098127311344,1100.3734074988138,0.18233333333333332,-0.9506769034399384
2022-08-30 21:00:00,0.0,0.0934413254800519,10.094298895885522,897.7547291380023,0.18200000000000002,-0.741812273137543
2022-08-30 21:30:00,0.0,0.0869705710673205,9.031846178512644,802.9050869793494,0.18200000000000002,-0.5842275188621052
2022-08-30 22:00:00,0.0,0.0822745840868679,6.521594832896417,579.8075462309644,0.18200000000000002,-0.4697744161821454
2022-08-30 22:30:00,0.0,0.0543080175120782,5.547832446451265,493.0023242977788,0.18200000000000002,-0.3881761081837688
2022-08-30 23:00:00,0.0,0.0515007023585164,4.601814916667183,408.8235080068421,0.18133333333333335,-0.3305697363782801
2022-08-30 23:30:00,0.0,4.320531800140154e-05,4.155743438184466,369.1507604280962,0.18133333333333335,-0.2889590882857413
2022-08-31 00:00:00,0.0,4.0372945814983454e-05,3.9714982860418298,352.7701624478119,0.18099999999999997,-0.2551466291625335
2022-08-31 00:30:00,0.0,0.0374734795714985,3.939741856718989,350.06073911574555,0.18099999999999997,-0.2217688815090548
2022-08-31 01:00:00,0.0,3.899842064330296e-05,3.668374385188537,325.9415652901703,0.18066666666666667,-0.1848957504100069
2022-08-31 01:30:00,0.0,0.0334001873874375,2.7721650397022457,246.2953930915588,0.18066666666666667,-0.1459096033785937
2022-08-31 02:00:00,0.0,3.891027643412545e-05,2.050961623910339,182.32294561149817,0.17966666666666664,-0.111439084985968
2022-08-31 02:30:00,0.0,3.7649739217570726e-05,3.068619521215738,272.38782248729206,0.17966666666666664,-0.1424717149099362
2022-08-31 03:00:00,0.0,3.6835678740633714e-05,2.050961623910339,182.00474410044075,0.17899999999999996,-0.1735043448339045
2022-08-31 03:30:00,0.0,3.653860858022648e-05,2.186563872377721,194.15120794083217,0.17899999999999996,-0.2045369747578727
2022-08-31 04:00:00,0.0,3.713428294613371e-05,1.187986844303142,105.6046042024138,0.17733333333333334,-0.2355696046818409
2022-08-31 04:30:00,0.0,0.0253658809809227,1.2230323650495667,108.62938283692374,0.17733333333333334,
2022-08-31 05:00:00,0.0,3.5653147602019764e-05,1.6573559620853002,147.200691539247,0.17633333333333331,
2022-08-31 05:30:00,0.0,3.445124818432026e-05,1.047352806270325,93.09211560260296,0.17633333333333331,
2022-08-31 06:00:00,0.0,3.441051549534346e-05,0.0419506004392963,3.6442807025272455,0.17466666666666666,
2022-08-31 06:30:00,0.0,3.548673107177264e-05,0.4774248039360022,42.332299916679766,0.17466666666666666,
2022-08-31 07:00:00,0.0,0.0204471343607543,0.1878929305531831,16.614324949861185,0.17266666666666666,-0.4217653842256504
2022-08-31 07:30:00,0.0,3.351404317298461e-05,1.6228620693467946,144.1447771066547,0.17266666666666666,-0.4527980141496186
2022-08-31 08:00:00,0.0,3.3716191316882116e-05,2.572770665341023,228.85280827242863,0.17166666666666663,-0.4838306440735869
2022-08-31 08:30:00,0.0,3.424620892888093e-05,2.8548283206254887,254.0744662822478,0.17166666666666663,-0.5148632739975552
2022-08-31 09:00:00,0.0,3.6073138475722e-05,4.908220105204485,436.7659520975108,0.16933333333333334,-0.6422771940296359
2022-08-31 09:30:00,0.0,3.8734359909475526e-05,8.369772624464042,744.4666991102856,0.16933333333333334,-0.8963782798755029
2022-08-31 10:00:00,0.0,4.204932231105377e-05,11.657064866939908,1037.059741480689,0.16666666666666666,-1.15047936572137
2022-08-31 10:30:00,0.0,4.854528869139523e-05,22.616148307223348,2012.466232867925,0.16666666666666666,-1.404580451567237
2022-08-31 11:00:00,0.0,5.387306312526861e-05,27.54449591963339,2451.7510706127905,0.16466666666666666,
2022-08-31 11:30:00,0.0,6.167236228428405e-05,31.696790884048163,2821.9268137370746,0.16466666666666666,
2022-08-31 12:00:00,0.0,0.275467025823195,31.157951816283713,2773.7856299435816,0.16466666666666666,-2.1668837091048383
2022-08-31 12:30:00,0.0,0.3000055036692161,29.88930662101775,2661.9633760187135,0.16466666666666666,-2.420984794950705
2022-08-31 13:00:00,0.0,0.5378377616264818,29.587161171628672,2634.700806212765,0.1653333333333333,-2.6750858807965723
2022-08-31 13:30:00,0.0,0.5502486385435439,32.653258117713754,2906.080939139727,0.1653333333333333,-2.9291869666424395
2022-08-31 14:00:00,0.0,0.4102285390836408,30.62137463772373,2725.8998271877463,0.16466666666666666,-3.1832880524883063
2022-08-31 14:30:00,0.0,0.5774714480610872,30.299910072475967,2697.317540569606,0.16466666666666666,-3.0268147328383863
2022-08-31 15:00:00,0.0,0.4221784599859826,28.726593610981187,2557.561817691426,0.1653333333333333,-2.921106036759588
2022-08-31 15:30:00,0.0,0.6162583035777938,28.59663504908503,2545.488263449741,0.1653333333333333,-2.823087519585292
2022-08-31 16:00:00,0.0,0.5613815095869823,28.16370528480715,2506.938947648987,0.16599999999999998,-2.698109349229065
2022-08-31 16:30:00,0.0,0.514127943941393,28.750923245799175,2558.433947004203,0.16599999999999998,-2.5409041551574627
2022-08-31 17:00:00,0.0,0.2662203991630781,32.91598022905044,2927.742957100104,0.1663333333333333,-2.3739687319403604
2022-08-31 17:30:00,0.0,0.2779079974970321,25.499039531655352,2270.0862536810173,0.1663333333333333,-2.225627947322046
2022-08-31 18:00:00,0.0,0.3021449774520063,30.000175934209636,2670.0695274503178,0.16666666666666666,-2.104910899422584
2022-08-31 18:30:00,0.0,0.3001452718250523,27.999345539916064,2492.368956198165,0.16666666666666666,-1.9940972205220344
2022-08-31 19:00:00,0.0,0.1940417449521177,27.644097622744766,2459.9772246814064,0.16699999999999995,-1.8639202513895137
2022-08-31 19:30:00,0.0,0.1754324950536368,23.313596584007843,2073.8316018169676,0.16699999999999995,-1.6958799464809828
2022-08-31 20:00:00,0.0,0.0942102058350987,15.477828082650523,1376.8716612619626,0.167,-1.492952755703185
2022-08-31 20:30:00,0.0,0.0770184012080373,13.532140619649743,1203.968405463767,0.167,-1.2747677707052845
2022-08-31 21:00:00,0.0,0.0791687083732544,13.508738205632012,1200.8054563266148,0.16733333333333333,-1.06590268671214
2022-08-31 21:30:00,0.0,0.0743177357852067,9.591304598955729,852.8778230649976,0.16733333333333333,-0.8855461242936148
2022-08-31 22:00:00,0.0,0.0720439263596286,6.449255525395688,573.4655522565624,0.16733333333333333,-0.7417377653524783
2022-08-31 22:30:00,0.0,0.0645580796488229,6.912187679054374,614.6269538900935,0.16733333333333333,-0.6314880089871204
2022-08-31 23:00:00,0.0,4.542150652010085e-05,6.8403226859399275,607.8487164707064,0.16766666666666666,-0.5458959039215233
2022-08-31 23:30:00,0.0,4.532696452367813e-05,4.302830171638861,382.55002842244505,0.16766666666666666,-0.4758717080272732
2022-09-01 00:00:00,0.0,4.376465216959933e-05,5.043152290543883,448.4413136180403,0.16733333333333333,-0.414617278555941
2022-09-01 00:30:00,0.0,0.0585860886576128,3.738835304997841,332.25405587604985,0.16733333333333333,-0.357641805352211
2022-09-01 01:00:00,0.0,0.0643835864014998,3.1800603200021595,282.39442892447505,0.16733333333333333,-0.3028334838328635
2022-09-01 01:30:00,0.0,0.0597443342891219,3.787614582652129,336.5886497783233,0.16733333333333333,-0.2505459227118509
2022-09-01 02:00:00,0.0,0.1250967025206227,4.949686788165769,439.8652628213316,0.16733333333333333,-0.2029165043151695
2022-09-01 02:30:00,0.0,0.0703449189171055,2.0798573910390408,184.53615296949005,0.16733333333333333,-0.1632583977296526
2022-09-01 03:00:00,0.0,0.0756019685050942,1.273994484192428,113.34388417268175,0.167,-0.1356019457123695
2022-09-01 03:30:00,0.0,4.451896348842178e-05,2.6776537386006205,238.13588478621892,0.167,-0.1223880991907356
2022-09-01 04:00:00,0.0,4.357773870443802e-05,3.213236913513208,285.58475831512436,0.16566666666666666,-0.1207690388999501
2022-09-01 04:30:00,0.0,4.127444219376738e-05,1.8544949362592411,165.06476377184148,0.16566666666666666,-0.122218498343
2022-09-01 05:00:00,0.0,4.082312813270674e-05,3.917285771079224,348.0372912759204,0.16433333333333333,-0.1178204735424843
2022-09-01 05:30:00,0.0,0.0699186185371538,3.1468446198480784,279.66338408804864,0.16433333333333333,-0.1045688560393719
2022-09-01 06:00:00,0.0,0.0912307301931424,2.3718209991738464,211.0017840195105,0.16233333333333333,-0.0866483313672258
2022-09-01 06:30:00,0.0,0.1310742137495408,1.398161727184685,124.0346416127931,0.16233333333333333,-0.0718465408871784
2022-09-01 07:00:00,0.0,0.0835158447577152,1.1135173173318578,99.05976316014863,0.16033333333333333,-0.0673884836231173
2022-09-01 07:30:00,0.0,0.0836895684649788,1.3804580096472123,123.04198435173944,0.16033333333333333,-0.07699495807668
2022-09-01 08:00:00,0.0,0.0588681602068368,7.04231634739361,626.346231895172,0.15766666666666665,-0.0987474445893123
2022-09-01 08:30:00,0.0,4.4234971020302885e-05,11.631253152391784,1034.714979651858,0.15766666666666665,-0.1255759600622401
2022-09-01 09:00:00,0.0,0.0702919370298935,15.595454922825818,1387.5243573566945,0.1556666666666667,-0.1505578575222286
2022-09-01 09:30:00,0.0,4.989643776793145e-05,19.098817519599365,1699.398897401457,0.1556666666666667,-0.1737451044029182
2022-09-01 10:00:00,0.0,0.0886032311141229,21.754993270253063,1935.565963527532,0.1536666666666667,-0.2047659265909617
2022-09-01 10:30:00,0.0,0.1071930119828522,28.397998538155253,2527.263447601124,0.1536666666666667,-0.2599892323501866
2022-09-01 11:00:00,0.0,0.158194943940212,31.942854734590373,2844.014836650178,0.1526666666666667,-0.356132665734914
2022-09-01 11:30:00,0.0,0.1925850855190848,31.70971476279933,2824.293551432841,0.1526666666666667,-0.5013124687037447
2022-09-01 12:00:00,0.0,0.5434712264108484,31.686344829178587,2822.043411502699,0.15200000000000002,-0.6876304213437133
2022-09-01 12:30:00,0.0,0.4450082903646424,31.880783136652976,2838.6077050310996,0.15200000000000002,-0.8927847468269977
2022-09-01 13:00:00,0.0,0.6054681906928039,31.904068396265806,2839.98744232496,0.1536666666666667,-1.090916309585805
2022-09-01 13:30:00,0.0,0.4545957151828412,30.94093096135169,2754.906474399236,0.1536666666666667,-1.2631428252822845
2022-09-01 14:00:00,0.0,0.4101221195068692,32.07451938491228,2855.3428318348388,0.1536666666666667,-1.4011748073214287
2022-09-01 14:30:00,0.0,0.2614708920751728,31.75642400658728,2827.1364582251945,0.1536666666666667,-1.5060672389083247
2022-09-01 15:00:00,0.0,0.450672152277166,28.223274910101768,2513.604275766061,0.15433333333333335,-1.585128778021594
2022-09-01 15:30:00,0.0,0.4585100163650584,29.935646124735,2664.8408333148905,0.15433333333333335,-1.6474804030574894
2022-09-01 16:00:00,0.0,0.529053698641094,29.588044227741705,2633.949741600527,0.15500000000000003,-1.6999264201548827
2022-09-01 16:30:00,0.0,0.5145446301214978,32.321490069285026,2875.9383526403512,0.15500000000000003,-1.745966043275397
2022-09-01 17:00:00,0.0,0.4756777229181916,28.869177049281102,2569.7699218440193,0.1556666666666667,-1.7882868584607767
2022-09-01 17:30:00,0.0,0.6148936373188164,30.128637706525723,2681.393558039141,0.1556666666666667,-1.8317196203172543
2022-09-01 18:00:00,0.0,0.4507658427091435,33.162002158005635,2949.546824207582,0.15600000000000003,-1.8822133082049857
2022-09-01 18:30:00,0.0,0.4390713982519231,28.646541821443996,2549.309876299843,0.15600000000000003,-1.9398380446558456
2022-09-01 19:00:00,0.0,0.1026814420565007,24.453339953372023,2176.816232365368,0.1556666666666667,-1.9915709712218077
2022-09-01 19:30:00,0.0,0.0592473967498608,22.222838109224817,1977.0137005650984,0.1556666666666667,-2.0139671235553225
2022-09-01 20:00:00,0.0,0.05574400491848,17.0811141248532,1519.415278246709,0.156,-1.987195285476243
2022-09-01 20:30:00,0.0,0.0497584122465003,12.574018717232686,1118.6399277809078,0.156,-1.9085249493594092
2022-09-01 21:00:00,0.0,4.381194643932356e-05,11.28983040761731,1003.8579951452964,0.156,-1.792950282811922
2022-09-01 21:30:00,0.0,0.0395177010650164,9.580820059984632,852.2972847556433,0.156,-1.6623742544773847
2022-09-01 22:00:00,0.0,0.0519575008890633,8.211812907279397,730.3492463007236,0.156,-1.5347496890486785
2022-09-01 22:30:00,0.0,0.0329957453143821,6.082093800256957,541.165467734196,0.156,-1.4202490741569087
2022-09-01 23:00:00,0.0,3.662332912531117e-05,5.551931215060991,493.7445954446864,0.15633333333333332,-1.3222125256563797
2022-09-01 23:30:00,0.0,3.53190922434402e-05,4.446051398175937,395.5424063090358,0.15633333333333332,-1.23875312144433
2022-09-02 00:00:00,0.0,3.4657089110898426e-05,4.0827535790504905,363.3139355889151,0.15633333333333332,-1.1650121959672777
2022-09-02 00:30:00,0.0,3.3758057524395963e-05,4.245832131802429,377.5799344368906,0.15633333333333332,-1.0968011583932824
2022-09-02 01:00:00,0.0,3.355407484649961e-05,4.033648386686356,358.7037372299478,0.156,-1.0331477936394955
2022-09-02 01:30:00,0.0,3.303117294097335e-05,2.863083976674461,254.81658686577572,0.156,-0.9753002477452676
2022-09-02 02:00:00,0.0,3.223346470019411e-05,3.2867259153190806,292.3745456126939,0.156,-0.9237994599345702
2022-09-02 02:30:00,0.0,3.117315308598607e-05,2.1716302083414347,193.2411526458809,0.156,-0.8773642092268358
2022-09-02 03:00:00,0.0,3.195645334647196e-05,2.432940653820712,216.3780903980738,0.15566666666666665,-0.8347386355169907
2022-09-02 03:30:00,0.0,3.125105186669438e-05,1.8370590905171895,163.52052451637178,0.15566666666666665,-0.7966126254650617
2022-09-02 04:00:00,0.0,3.090075487188714e-05,1.712766461254908,152.49572115773037,0.15466666666666665,-0.7646460862278466
2022-09-02 04:30:00,0.0,2.8959225565404393e-05,1.8724685424554584,166.7375492575984,0.15466666666666665,-0.7383729456047436
2022-09-02 05:00:00,0.0,2.821538850376113e-05,1.7661034308561512,157.35426018774731,0.15300000000000002,-0.7135040273911166
2022-09-02 05:30:00,0.0,3.0093290408167564e-05,1.300371672291003,115.8667694365926,0.15300000000000002,-0.6837935622686522
2022-09-02 06:00:00,0.0,2.959832938613145e-05,1.372539680929363,122.20664881961606,0.15133333333333335,-0.6451501771274287
2022-09-02 06:30:00,0.0,2.851160658810513e-05,1.209892933706804,107.5949356480798,0.15133333333333335,-0.5983632375146667
2022-09-02 07:00:00,0.0,2.9978687075037876e-05,1.996045060370594,177.68555293724123,0.1496666666666667,-0.5478147923759165
2022-09-02 07:30:00,0.0,3.1640917004144014e-05,2.3461099897134945,208.8977391275117,0.1496666666666667,-0.4976352878559694
2022-09-02 08:00:00,0.0,3.121129113513813e-05,4.0663945446457825,362.0193006387368,0.1466666666666667,-0.4491272441249149
2022-09-02 08:30:00,0.0,0.0276070542910024,6.407558120534422,570.0520103436556,0.1466666666666667,-0.4018580064877346
2022-09-02 09:00:00,0.0,0.0298395222249669,8.024903090143269,713.9574443607022,0.14433333333333334,-0.3579352684906234
2022-09-02 09:30:00,0.0,3.603117163951886e-05,9.765528440085012,869.0329448145466,0.14433333333333334,-0.3263911426729776
2022-09-02 10:00:00,0.0,3.970431208349552e-05,14.089825389585917,1253.4782760774922,0.14500000000000002,-0.3233336374385605
2022-09-02 10:30:00,0.0,4.672412775595169e-05,23.31708740077022,2074.742041210695,0.14500000000000002,-0.3673435204785609
2022-09-02 11:00:00,0.0,0.0833564592647191,29.048328212422316,2585.1465994243663,0.14400000000000002,-0.4738903592185082
2022-09-02 11:30:00,0.0,5.606095746666118e-05,30.316540590368973,2699.5467742992237,0.14400000000000002,-0.6492756903879336
2022-09-02 12:00:00,0.0,0.0870206777773933,31.713112509521103,2823.196107068583,0.14333333333333334,-0.8816436524173907
2022-09-02 12:30:00,0.0,0.2960120633950505,31.490854593340018,2803.2648097269603,0.14333333333333334,-1.1358843597161392
2022-09-02 13:00:00,0.0,0.3694461414783416,30.551899759647977,2719.767866324366,0.1446666666666667,-1.36602115153492
2022-09-02 13:30:00,0.0,0.3855942844069074,28.93980814678668,2575.894429488923,0.1446666666666667,-1.5412375142653625
2022-09-02 14:00:00,0.0,0.6327308413349493,27.635932776874945,2459.8998599655783,0.14433333333333334,-1.6612062462763226
2022-09-02 14:30:00,0.0,0.4405853785045788,29.719296468826283,2644.9155589163,0.14433333333333334,-1.7467241930685002
2022-09-02 15:00:00,0.0,0.6366933389478889,27.73878200320396,2468.7271744732766,0.14433333333333334,-1.8185806889686684
2022-09-02 15:30:00,0.0,0.4332273112090083,27.334708655141792,2432.8645671727045,0.14433333333333334,-1.884813560801344
2022-09-02 16:00:00,0.0,0.4023606597796541,25.737075231396275,2290.321675138826,0.1446666666666667,-1.9419530767307311
2022-09-02 16:30:00,0.0,0.6128693397361336,27.489857163093237,2445.8526497354737,0.1446666666666667,-1.9830961409179495
2022-09-02 17:00:00,0.0,0.3480687463273906,24.953722005876664,2220.9125949137456,0.14500000000000002,-2.0048546525008093
2022-09-02 17:30:00,0.0,0.3546999493105449,25.19825765616067,2242.481196418718,0.14500000000000002,-2.0093688599073447
2022-09-02 18:00:00,0.0,0.2369110982358166,35.68525626196378,3172.095540409965,0.1456666666666667,-2.0007189794647373
2022-09-02 18:30:00,0.0,0.2292349850386659,27.066336335138818,2408.5766811344506,0.1456666666666667,-1.9787784762367937
2022-09-02 19:00:00,0.0,0.1395932100267289,25.34255668772091,2254.440889620012,0.14533333333333334,-1.9368906318971395
2022-09-02 19:30:00,0.0,0.088655637123399,17.37801623477352,1546.679063121636,0.14533333333333334,-1.867148159795597
2022-09-02 20:00:00,0.0,0.0877741450053011,14.692122080971949,1307.1968386530252,0.14533333333333334,-1.7685046803074236
2022-09-02 20:30:00,0.0,0.0813234764168394,11.63453549591752,1034.7793867249384,0.14533333333333334,-1.6494243373109356
2022-09-02 21:00:00,0.0,0.1153620241394046,10.687073060049222,950.460772250147,0.14500000000000002,-1.5236941916630546
2022-09-02 21:30:00,0.0,0.1078084004012978,9.27401148097795,824.741904738441,0.14500000000000002,-1.4045692747773104
2022-09-02 22:00:00,0.0,0.075978051424998,6.872162432354009,611.5121332300628,0.14500000000000002,-1.3009460440772136
2022-09-02 22:30:00,0.0,4.619204375556081e-05,5.704530134984227,507.3385491535004,0.14500000000000002,-1.2154490347322766
2022-09-02 23:00:00,0.0,4.4802010708028555e-05,6.752950837623213,600.7515591032573,0.1446666666666667,-1.1442776670843402
2022-09-02 23:30:00,0.0,4.348347631312602e-05,6.058125829084506,538.4211253822425,0.1446666666666667,-1.080015573312598
2022-09-03 00:00:00,0.0,4.348347631312602e-05,5.284465973191211,470.1331104971592,0.14433333333333334,-1.016861736997031
2022-09-03 00:30:00,0.0,4.3438351331317256e-05,4.88276656589365,434.2866290886896,0.14433333333333334,-0.9547779731651328
2022-09-03 01:00:00,0.0,4.413988116348656e-05,6.2112281975029955,551.952896941742,0.1436666666666667,-0.8988826766551171
2022-09-03 01:30:00,0.0,4.218798386732919e-05,4.9312641638269055,438.6351301758972,0.1436666666666667,-0.8542760401277486
2022-09-03 02:00:00,0.0,4.127444219376738e-05,4.9958019923641785,444.1965398521525,0.14333333333333334,-0.8209207289194721
2022-09-03 02:30:00,0.0,0.0545856745995908,3.3543769107631274,298.39654574159044,0.14333333333333334,-0.7935032477076265
2022-09-03 03:00:00,0.0,0.078973205887794,4.16196201808725,369.99579942897,0.1426666666666667,-0.7662919669074174
2022-09-03 03:30:00,0.0,0.0745052464855221,2.872424934426014,255.63269278684876,0.1426666666666667,-0.7373837339575344
2022-09-03 04:00:00,0.0,0.0474946096762459,2.83768145844228,252.5147910936061,0.14100000000000001,-0.7077792251040593
2022-09-03 04:30:00,0.0,0.0499888788399503,3.4395796386728095,305.8918583844114,0.14100000000000001,-0.6777800795633707
2022-09-03 05:00:00,0.0,0.0696251699900408,3.5075576108298367,311.87436949406055,0.14,-0.6460488184772836
2022-09-03 05:30:00,0.0,0.0701040330473359,3.5245266460941895,313.5763717546164,0.14,-0.6115649076519847
2022-09-03 06:00:00,0.0,0.0675356693506538,3.286029320754151,292.36791552604785,0.1386666666666667,-0.5747225109158184
2022-09-03 06:30:00,0.0,0.0662585691719071,2.4702450757437338,219.88259455598512,0.1386666666666667,-0.5364279366555591
2022-09-03 07:00:00,0.0,0.0473543934742477,2.523033041420713,224.5859074201463,0.138,-0.4972463474042776
2022-09-03 07:30:00,0.0,3.615716633737405e-05,2.9590957640370625,263.35092856420806,0.138,-0.4573290403809461
2022-09-03 08:00:00,0.0,3.6073138475722e-05,6.2884500015573925,559.6142089762047,0.1366666666666667,-0.4161004907368231
2022-09-03 08:30:00,0.0,3.598923620581269e-05,9.21260035172494,819.7244289652048,0.1366666666666667,-0.372337890523578
2022-09-03 09:00:00,0.0,3.891027643412545e-05,13.305399350950976,1184.010047076404,0.13466666666666668,-0.3265103326589376
2022-09-03 09:30:00,0.0,4.059859886703179e-05,16.795883743660525,1494.359660644002,0.13466666666666668,-0.2846915134881149
2022-09-03 10:00:00,0.0,4.4849951911232046e-05,21.20430905144726,1886.791694199609,0.13266666666666668,-0.260818509421
2022-09-03 10:30:00,0.0,4.9998260596644535e-05,27.56481237777707,2453.043536333616,0.13266666666666668,-0.2746687823647994
2022-09-03 11:00:00,0.0,5.622304377499142e-05,29.94509532266677,2665.125901851054,0.132,-0.3445375174891762
2022-09-03 11:30:00,0.0,6.138832641738635e-05,30.22765628274298,2691.1731227593546,0.132,-0.4760305609164507
2022-09-03 12:00:00,0.0,0.087091201315798,30.796397080254906,2741.2425774219364,0.13166666666666668,-0.6540864725336762
2022-09-03 12:30:00,0.0,0.0923230671164533,30.706142981172825,2732.9445442579167,0.13166666666666668,-0.8476781852361157
2022-09-03 13:00:00,0.0,0.408239180490153,28.645285671461757,2550.393965413988,0.13233333333333333,-1.0258927605471688
2022-09-03 13:30:00,0.0,0.6315264752430303,28.20730714343971,2510.7243220280207,0.13233333333333333,-1.17166501985596
2022-09-03 14:00:00,0.0,0.6651558153864399,28.833034964544623,2565.6234853386186,0.13166666666666668,-1.2834399000465946
2022-09-03 14:30:00,0.0,0.6905240959290542,30.293917123779355,2695.2516197294026,0.13166666666666668,-1.368323779406868
2022-09-03 15:00:00,0.0,0.6597904484856983,27.599758369247755,2456.6975961175954,0.13266666666666668,-1.43474931298311
2022-09-03 15:30:00,0.0,0.6464376397288951,28.12961323307967,2502.8643155663117,0.13266666666666668,-1.4887414345397192
2022-09-03 16:00:00,0.0,0.588655893151039,27.09938554963157,2411.3086907620204,0.13333333333333333,-1.5341689040167463
2022-09-03 16:30:00,0.0,0.7922304544397448,27.89579343802358,2482.2533035821816,0.13333333333333333,-1.5750770359089534
2022-09-03 17:00:00,0.0,0.5951182069597104,28.01717208788655,2492.646665926308,0.13433333333333333,-1.616202366359447
2022-09-03 17:30:00,0.0,0.0760463559529942,25.10802046130012,2234.017576576046,0.13433333333333333,-1.659076499103672
2022-09-03 18:00:00,0.0,0.0287725317470822,24.09338762608541,2143.911758076427,0.13433333333333333,-1.6966823880843391
2022-09-03 18:30:00,0.0,0.0257414658813079,24.775410841979554,2203.9364711024136,0.13433333333333333,-1.712825135843849
2022-09-03 19:00:00,0.0,6.0537307569469114e-05,22.060976989406356,1962.4906259346544,0.13466666666666668,-1.689014718619409
2022-09-03 19:30:00,0.0,5.7475391887192566e-05,18.013330527352846,1602.3479882344743,0.13466666666666668,-1.6152635477269617
2022-09-03 20:00:00,0.0,0.1381290508932999,10.49074858502298,933.0803077678364,0.13466666666666668,-1.4981325110822852
2022-09-03 20:30:00,0.0,0.1358137615008867,12.617129653034734,1121.6910247032845,0.13466666666666668,-1.3605325824830037
2022-09-03 21:00:00,0.0,0.1863946690829545,9.226619668251717,820.6860496417917,0.13466666666666668,-1.2315776003374046
2022-09-03 21:30:00,0.0,0.1964842465781433,9.184543060648108,816.773903810567,0.13466666666666668,-1.1321508458380056
2022-09-03 22:00:00,0.0,0.1810703390341806,7.939083044933948,706.0997034692076,0.135,-1.066977094684589
2022-09-03 22:30:00,0.0,0.1275609951779096,6.989695453071202,621.0882317083372,0.135,-1.0282204756241335
2022-09-03 23:00:00,0.0,0.176543521564977,6.7476365849488085,600.130379607233,0.13533333333333333,-1.004527815687248
2022-09-03 23:30:00,0.0,0.1169563713271702,5.538685673965429,492.2268322172829,0.13533333333333333,-0.986874753273828
2022-09-04 00:00:00,0.0,0.1552356197705916,7.041461553780055,625.9787658907841,0.13533333333333333,-0.9694885361134488
2022-09-04 00:30:00,0.0,0.0958395917590563,7.117866215706103,633.0045220145723,0.13533333333333333,-0.9498044744261762
2022-09-04 01:00:00,0.0,0.1057509972535589,5.839598857026123,519.3469288782748,0.135,-0.9294170501754406
2022-09-04 01:30:00,0.0,0.1014446187749828,6.625500705876325,588.8682026342887,0.135,-0.9132863659764312
2022-09-04 02:00:00,0.0,0.0857210835219643,6.250855098200009,555.8720321517441,0.135,-0.9047684128809832
2022-09-04 02:30:00,0.0,4.894307090417464e-05,5.711900585353679,507.89057728080746,0.135,-0.8999646832139352
2022-09-04 03:00:00,0.0,0.0737178888442229,6.59445875622371,586.4032835635198,0.13466666666666668,-0.8880644550393438
2022-09-04 03:30:00,0.0,4.518435943116703e-05,4.336300229289106,385.0242585640792,0.13466666666666668,-0.8589538479799198
2022-09-04 04:00:00,0.0,0.0773633266048865,4.151224567716343,368.8708873878985,0.134,-0.8114639121616202
2022-09-04 04:30:00,0.0,0.0737434649778592,4.066702714842092,361.70336209364154,0.134,-0.754676754318998
2022-09-04 05:00:00,0.0,4.794986466800629e-05,4.10054140254375,364.5147473760747,0.13233333333333333,-0.7011570789484651
2022-09-04 05:30:00,0.0,4.6336447100012454e-05,3.9139310714689106,348.04914968139144,0.13233333333333333,-0.6580846914209466
2022-09-04 06:00:00,0.0,4.390465078696816e-05,2.8562259304828648,254.29058002243391,0.13133333333333333,-0.6233977491900158
2022-09-04 06:30:00,0.0,0.0668666961721087,3.9649457745423113,352.4885640212025,0.13133333333333333,-0.5889997220506066
2022-09-04 07:00:00,0.0,0.092769955133599,-0.0083904362179478,-0.7958645327821775,0.12966666666666668,-0.5472526161360666
2022-09-04 07:30:00,0.0,0.0887569258709589,4.802103725628379,427.09249169473816,0.12966666666666668,-0.4956039582131358
2022-09-04 08:00:00,0.0,0.0928368286898635,7.5723015078052525,673.6323109832925,0.12766666666666668,-0.4368338966223409
2022-09-04 08:30:00,0.0,0.0981496979209314,12.504744653118417,1112.6148704116258,0.12766666666666668,-0.3759917728892044
2022-09-04 09:00:00,0.0,0.1100995885170106,16.000285474314822,1423.5423117027467,0.12533333333333332,-0.3174933003644164
2022-09-04 09:30:00,0.0,0.0852707480413017,21.359429187040643,1900.614584683627,0.12533333333333332,-0.2652911476962444
2022-09-04 10:00:00,0.0,0.1341441601474271,24.11433523507632,2145.6162470463405,0.124,-0.2247847705948661
2022-09-04 10:30:00,0.0,0.1494117884714388,28.004128946639895,2492.2884558433034,0.124,-0.2026633729494019
2022-09-04 11:00:00,0.0,0.1783192854704942,30.378484510013887,2703.3535720231466,0.12333333333333334,-0.2043174047695313
2022-09-04 11:30:00,0.0,0.1887589775804404,30.60493844411876,2724.2577133780555,0.12333333333333334,-0.2319541645088939
2022-09-04 12:00:00,0.0,0.6016628677488903,33.54362125176269,2984.8534974321256,0.123,-0.2842986352398476
2022-09-04 12:30:00,0.0,0.7572823376305923,32.38240997451529,2882.1994389469223,0.123,-0.3564798407953764
2022-09-04 13:00:00,0.0,0.7284045548381438,30.24382215882868,2692.14897420759,0.12366666666666666,-0.440491141196947
2022-09-04 13:30:00,0.0,0.6394626430672912,29.539555989579867,2629.4857942155763,0.12366666666666666,-0.5275308836933276
2022-09-04 14:00:00,0.0,0.6729705771424759,30.07499975222424,2677.156608513906,0.123,-0.6109849437409358
2022-09-04 14:30:00,0.0,0.7650008361410624,31.476407628093316,2800.977492117115,0.123,-0.6878287161500494
2022-09-04 15:00:00,0.0,0.6395285374075089,31.08810233126113,2766.621719067249,0.123,-0.7580507023865544
2022-09-04 15:30:00,0.0,0.5221086375633529,28.215115806259817,2511.055328664275,0.123,-0.8233053708932941
2022-09-04 16:00:00,0.0,0.3258496009864816,27.24053767527864,2423.5617919295987,0.12333333333333334,-0.8857054121277533
2022-09-04 16:30:00,0.0,0.4964579635807454,29.436927423568715,2618.484197370525,0.12333333333333334,-0.9470814262699908
2022-09-04 17:00:00,0.0,0.4660800586106226,25.85132728545719,2300.565141778756,0.12333333333333334,-1.0087835010908606
2022-09-04 17:30:00,0.0,0.5961665993411739,27.39243354165925,2436.950677952573,0.12333333333333334,-1.0716611945921457
2022-09-04 18:00:00,0.0,0.4063005925620375,23.156609313673197,2061.5697316425417,0.12366666666666666,-1.1356558823248888
2022-09-04 18:30:00,0.0,0.3770970790742323,30.16792035747838,2682.240029790803,0.12366666666666666,-1.198988421861452
2022-09-04 19:00:00,0.0,0.1446246918695121,20.452209450586743,1819.751293713903,0.12366666666666666,-1.2573361854503666
2022-09-04 19:30:00,0.0,0.1032677672396604,16.889445914318177,1502.6383518271125,0.12366666666666666,-1.3035106583162337
2022-09-04 20:00:00,0.0,5.116855206400186e-05,15.55348281764992,1383.0834703675089,0.124,-1.3279172255487972
2022-09-04 20:30:00,0.0,5.116855206400186e-05,13.534008494019664,1203.7300398103164,0.124,-1.3211235097695555
2022-09-04 21:00:00,0.0,4.726168961965012e-05,10.77086237446227,957.9188717578352,0.12366666666666666,-1.2794969315083875
2022-09-04 21:30:00,0.0,0.096648607222531,5.743876990085421,510.73650979562416,0.12366666666666666,-1.210304865605097
2022-09-04 22:00:00,0.0,5.020011149155354e-05,9.140619453696436,812.8749416597481,0.123,-1.1289374010848872
2022-09-04 22:30:00,0.0,4.934261508920132e-05,4.403305958217462,391.7749841244453,0.123,-1.0479997328481472
2022-09-04 23:00:00,0.0,0.0701649397243412,6.5633846389703985,583.9452060482439,0.12366666666666666,-0.9698601779475222
2022-09-04 23:30:00,0.0,4.404688760164299e-05,8.838978740740474,785.4701109753704,0.12366666666666666,-0.8919736474212799
2022-09-05 00:00:00,0.0,0.0836505235989481,4.59612642994743,408.9160238958956,0.12333333333333334,-0.8177315292123085
2022-09-05 00:30:00,0.0,0.077882804807175,4.30272358795316,382.3970562729765,0.12333333333333334,-0.7581873658757535
2022-09-05 01:00:00,0.0,0.0851178916068911,0.5739135084463216,51.08782314299837,0.123,-0.7223970826012914
2022-09-05 01:30:00,0.0,0.0845994658163811,2.409537491502926,214.1377295613342,0.123,-0.7081132604714798
2022-09-05 02:00:00,0.0,0.080302977483006,0.0,0.0,0.12266666666666666,-0.7031415551569274
2022-09-05 02:30:00,0.0,4.775297734356797e-05,0.5561623491158655,49.51519623178196,0.12266666666666666,-0.6951693752779854
2022-09-05 03:00:00,0.0,4.8147198269495526e-05,1.5841358482963253,141.05262819932273,0.12233333333333334,-0.6797103441034705
2022-09-05 03:30:00,0.0,0.1059925875799979,2.6079860461376447,231.7452948424775,0.12233333333333334,-0.6594556319398072
2022-09-05 04:00:00,0.0,0.0753217376240747,1.5156523630939625,134.5729315945264,0.12133333333333333,-0.6384923356760999
2022-09-05 04:30:00,0.0,0.0725303060646496,1.737602356647045,154.38327796293083,0.12133333333333333,-0.6192805572038962
2022-09-05 05:00:00,0.0,0.1066590907009544,1.6353866046113803,145.16711737743867,0.12033333333333333,-0.6042979022277915
2022-09-05 05:30:00,0.0,0.0706566169644032,1.2226727310143573,108.54984463671236,0.12033333333333333,-0.5980209023017078
2022-09-05 06:00:00,0.0,0.1022701856781939,1.3091693414534504,116.34699075743858,0.119,-0.6054581607074101
2022-09-05 06:30:00,0.0,0.0671070154931244,1.4126054391732183,125.55080660895864,0.119,-0.6275204943777658
2022-09-05 07:00:00,0.0,4.30646811029607e-05,0.5028388316500536,44.73727680718969,0.11866666666666666,-0.6568385743618887
2022-09-05 07:30:00,0.0,3.825496551648326e-05,2.3763248029238304,211.15562492743217,0.11866666666666666,-0.6789013836420558
2022-09-05 08:00:00,0.0,3.756351760627554e-05,3.8805563409863817,345.29216185144,0.11666666666666665,-0.6793434492656678
2022-09-05 08:30:00,0.0,0.0372376027620449,7.532695346195175,670.3387067174101,0.11666666666666665,-0.6505080799600597
2022-09-05 09:00:00,0.0,0.0018784832526626,11.118625758721338,989.0706122856792,0.11566666666666665,-0.5915702103900103
2022-09-05 09:30:00,0.0,0.0019707128265899,11.661015724443075,1037.8005480376926,0.11566666666666665,-0.5071093055277913
2022-09-05 10:00:00,0.0,0.0026705120307359,15.32223157802944,1363.6068950752492,0.114,-0.4105054498395587
2022-09-05 10:30:00,0.0,0.0839471951557452,23.542345285885265,2094.9545724151817,0.114,-0.325862217580462
2022-09-05 11:00:00,0.0,0.0029187860089816,26.29750331613199,2339.930467163358,0.11333333333333334,-0.2785491417864508
2022-09-05 11:30:00,0.0,0.0837744247043111,26.43231058156073,2352.0705449554844,0.11333333333333334,-0.2800298595780607
2022-09-05 12:00:00,0.0,0.0935365111301598,23.64081190805273,2103.483527028226,0.11366666666666668,-0.3224658187917434
2022-09-05 12:30:00,0.0,0.0147204664550748,23.62292514964453,2102.440348669974,0.11366666666666668,-0.3872270959296423
2022-09-05 13:00:00,0.0,0.1940074076766182,28.788533196617916,2560.7402280446377,0.114,-0.4569318474765421
2022-09-05 13:30:00,0.0,0.3367762758124867,24.067951648200037,2142.1906575181138,0.114,-0.5206507178986473
2022-09-05 14:00:00,0.0,0.4765539564041174,25.71168481416587,2288.4240761863994,0.113,-0.5716251692945127
2022-09-05 14:30:00,0.0,0.3765244048626423,26.415480649166454,2350.231396780516,0.113,-0.6042182220857442
2022-09-05 15:00:00,0.0,0.2321325825905009,23.389737190863485,2081.2693399371597,0.113,-0.6158081769075375
2022-09-05 15:30:00,0.0,0.2594810443747354,25.899263497189445,2304.0790296645146,0.113,-0.6114206821889738
2022-09-05 16:00:00,0.0,0.3313401587347664,26.204599796832415,2331.4255921172607,0.11266666666666668,-0.6038815326551961
2022-09-05 16:30:00,0.0,0.2542484927861541,22.444381729788436,1997.4394736754427,0.11266666666666668,-0.6069996698433333
2022-09-05 17:00:00,0.0,0.3182381041518484,26.440723307391313,2352.172979542897,0.11166666666666668,-0.6279731186848477
2022-09-05 17:30:00,0.0,0.1406528444721262,27.324168260934833,2430.0263516407726,0.11166666666666668,-0.6653501553708034
2022-09-05 18:00:00,0.0,0.0585816558165963,24.51737176121489,2180.259421357535,0.11133333333333334,-0.7120391336192964
2022-09-05 18:30:00,0.0,4.3344266036965424e-05,21.758899189131153,1935.9786098159868,0.11133333333333334,-0.7593250242836507
2022-09-05 19:00:00,0.0,0.0497804210450897,18.767881791476604,1669.6641225133485,0.11133333333333334,-0.7993263700287637
2022-09-05 19:30:00,0.0,4.0868502543514366e-05,13.66679855895042,1216.3041309705434,0.11133333333333334,-0.826169957551511
2022-09-05 20:00:00,0.0,3.8954333049748784e-05,11.155890527389426,992.3720066879672,0.11133333333333334,-0.8373076542946771
2022-09-05 20:30:00,0.0,3.812437519196803e-05,7.974829348895472,709.8213079369353,0.11133333333333334,-0.8350793437001243
2022-09-05 21:00:00,0.0,4.019484801603504e-05,6.456133282351776,574.3511408779442,0.11166666666666668,-0.8263035575585579
2022-09-05 21:30:00,0.0,3.5905459563835916e-05,6.6573567863723975,592.1904927524445,0.11166666666666668,-0.8181291089070774
2022-09-05 22:00:00,0.0,0.0486367297498853,5.384252904862166,479.1288977970249,0.11133333333333334,-0.8121272011292557
2022-09-05 22:30:00,0.0,3.2510446819210245e-05,4.1626915429283144,370.5801367398452,0.11133333333333334,-0.8020569015362208
2022-09-05 23:00:00,0.0,0.0391591252006389,3.864800152828787,343.94743328601743,0.11166666666666668,-0.7782972478253932
2022-09-05 23:30:00,0.0,0.0349299056672724,3.452045694041274,307.35474706050053,0.11166666666666668,-0.7352366015229892
2022-09-06 00:00:00,0.0,0.043443572732787,3.1766451579838137,282.76910068736953,0.11166666666666668,-0.6751735797951264
2022-09-06 00:30:00,0.0,0.0412577551232174,2.4203456805626793,215.65021819596237,0.11166666666666668,-0.6060039743635612
2022-09-06 01:00:00,0.0,0.0252381834501155,1.8988353950083003,169.0178487796029,0.11133333333333334,-0.5356450290269044
2022-09-06 01:30:00,0.0,0.0221662329012053,1.4191723305134698,126.57563705418502,0.11133333333333334,-0.4681062910690227
2022-09-06 02:00:00,0.0,0.022540195840125,1.7967521104245705,160.0658615217141,0.11133333333333334,-0.4038524948785938
2022-09-06 02:30:00,0.0,0.0308999347072715,1.6257679581446356,144.6412809175833,0.11133333333333334,-0.3428329956900517
2022-09-06 03:00:00,0.0,0.0214916371513604,0.8781283209111411,78.41894679197408,0.11066666666666668,-0.2861504839289873
2022-09-06 03:30:00,0.0,2.6044719324839073e-05,0.7012784509081859,62.645196890178035,0.11066666666666668,-0.2347262654823452
2022-09-06 04:00:00,0.0,0.0194218894154431,1.0538344330720657,93.77261166764842,0.11,-0.1878116433542774
2022-09-06 04:30:00,0.0,2.4339818229124272e-05,0.7898474736463063,70.25142663079772,0.11,-0.1879387953779605
2022-09-06 05:00:00,0.0,2.4544708661653435e-05,1.0012416368036126,89.1665914659657,0.10866666666666668,-0.1880659474016435
2022-09-06 05:30:00,0.0,2.3558714866712376e-05,0.630214223345583,56.26954167136004,0.10866666666666668,-0.1881930994253265
2022-09-06 06:00:00,0.0,0.0171360286020441,0.4338195234924213,38.96351861846487,0.108,-0.1883202514490095
2022-09-06 06:30:00,0.0,2.309017886238001e-05,0.5767933616743933,51.72280501530998,0.108,
2022-09-06 07:00:00,0.0,2.2593081150686816e-05,0.2900843257747386,25.93567294921276,0.108,
2022-09-06 07:30:00,0.0,2.2199859468317535e-05,0.7544545720256529,67.18285976491411,0.108,
2022-09-06 08:00:00,0.0,2.3224081724526502e-05,0.7367407856193047,65.94590127288981,0.108,
2022-09-06 08:30:00,0.0,2.299012349826155e-05,1.881847733049998,167.51286232452455,0.108,
2022-09-06 09:00:00,0.0,2.299012349826155e-05,2.981308590523702,265.4379081762737,0.10733333333333334,-0.780059234276128
2022-09-06 09:30:00,0.0,2.492425274865588e-05,3.944767405477856,351.15182469295945,0.10733333333333334,-0.7580615670160352
2022-09-06 10:00:00,0.0,2.79581500579373e-05,6.410324826389662,570.3837027887097,0.10666666666666667,-0.7360638997559424
2022-09-06 10:30:00,0.0,3.3716191316882116e-05,15.422327815373576,1372.063666396962,0.10666666666666667,-0.7140662324958497
2022-09-06 11:00:00,0.0,3.6580953183153445e-05,18.26567673189254,1625.0573980624113,0.10566666666666667,
2022-09-06 11:30:00,0.0,3.970431208349552e-05,22.345502534066455,1987.7361150597796,0.10566666666666667,
2022-09-06 12:00:00,0.0,0.0658291667687966,23.91752396639346,2128.230232876522,0.10466666666666667,
2022-09-06 12:30:00,0.0,0.1540661850564118,24.748905472480217,2202.667867176129,0.10466666666666667,
2022-09-06 13:00:00,0.0,0.2113629717223057,26.553584362076563,2363.0454056176604,0.10466666666666667,
2022-09-06 13:30:00,0.0,0.2223826123961245,27.22329849244603,2422.61769125488,0.10466666666666667,
2022-09-06 14:00:00,0.0,0.1429570621538723,26.316945101862828,2342.4682087681385,0.10333333333333333,
2022-09-06 14:30:00,0.0,0.2652399609487296,27.620704089059764,2457.5846505707714,0.10333333333333333,
2022-09-06 15:00:00,0.0,0.2599265417324016,26.291520613186695,2339.586191117836,0.103,
2022-09-06 15:30:00,0.0,0.1490565752888109,25.45332387373043,2264.6183670260334,0.103,
2022-09-06 16:00:00,0.0,0.228647823823801,23.432847291694443,2085.0094628519028,0.10266666666666667,
2022-09-06 16:30:00,0.0,0.2387357502766981,22.961037820211825,2042.9062538303288,0.10266666666666667,
2022-09-06 17:00:00,0.0,0.2414503138349784,22.26214622028757,1980.4217979988175,0.103,
2022-09-06 17:30:00,0.0,0.2600827467864915,21.39111969285728,1902.9620057672264,0.103,
2022-09-06 18:00:00,0.0,0.1951045711490993,21.598791072735693,1921.0642504669736,0.103,-0.3841012235944582
2022-09-06 18:30:00,0.0,0.1859737255341273,17.688915357862392,1573.7387681034545,0.103,-0.3621035563343654
2022-09-06 19:00:00,0.0,0.0750479162969992,16.647524274364468,1480.933304938499,0.10333333333333333,-0.3401058890742726
2022-09-06 19:30:00,0.0,0.0649940587400158,10.646146690264096,947.870005118634,0.10333333333333333,-0.3181082218141798
2022-09-06 20:00:00,0.0,0.0611823450652257,8.606809641245484,766.0161688944904,0.103,-0.2961105545540871
2022-09-06 20:30:00,0.0,0.091250141788811,6.612773319297622,588.9766146454444,0.103,-0.2631937091472326
2022-09-06 21:00:00,0.0,0.0829802109788854,6.555070411224212,583.1330735575268,0.103,-0.2539520788539698
2022-09-06 21:30:00,0.0,0.0981227359180014,5.735280515111072,510.29451888611,0.103,-0.244710448560707
2022-09-06 22:00:00,0.0,0.0940250889117574,6.2940214677412305,560.0430443377882,0.10266666666666667,-0.2354688182674442
2022-09-06 22:30:00,0.0,0.0895995986746236,4.53852633976188,403.7673635836517,0.10266666666666667,-0.2262271879741814
2022-09-06 23:00:00,0.0,0.0908791609648624,3.976326492478609,353.730790509331,0.10266666666666667,
2022-09-06 23:30:00,0.0,0.1002335442972539,3.4350058837547204,305.7094673377319,0.10266666666666667,
2022-09-07 00:00:00,0.0,0.0915721234865081,2.7302941317875606,242.94651485652687,0.10233333333333333,
2022-09-07 00:30:00,0.0,0.0787537722702386,2.680578920156472,238.32011674035587,0.10233333333333333,
2022-09-07 01:00:00,0.0,0.0870198481409926,2.8294602968503777,251.54926429382547,0.10233333333333333,
2022-09-07 01:30:00,0.0,0.0750012807686111,2.144691256105364,190.85737855068837,0.10233333333333333,
2022-09-07 02:00:00,0.0,0.0668730897786721,1.9410353196572157,172.7229887587429,0.10266666666666667,
2022-09-07 02:30:00,0.0,0.0482875134169929,2.5642315274598424,228.19551029335184,0.10266666666666667,
2022-09-07 03:00:00,0.0,0.0461101841765293,2.0430507288999387,181.86585242307603,0.103,
2022-09-07 03:30:00,0.0,0.044334209011841,1.9410353196572157,172.64393996402043,0.103,
2022-09-07 04:00:00,0.0,0.0399719262300454,2.3971743112413617,213.02821807630988,0.103,
2022-09-07 04:30:00,0.0,0.039828218606241,2.4808281598117117,220.28035942821,0.103,
2022-09-07 05:00:00,0.0,0.0398523911378093,0.5791158288197197,51.66886829910741,0.10266666666666667,
2022-09-07 05:30:00,0.0,0.0379806728149995,0.9525252733619064,84.98966245853927,0.10266666666666667,
2022-09-07 06:00:00,0.0,0.0385309652084118,0.0,0.3231972869359331,0.10233333333333333,
2022-09-07 06:30:00,0.0,0.0368301534938419,0.2004791539187347,17.761032207601648,0.10233333333333333,
2022-09-07 07:00:00,0.0,0.0396747172014361,0.471474948016623,41.917980774698606,0.10266666666666667,
2022-09-07 07:30:00,0.0,3.271019973049637e-05,0.2186306004765648,19.732431887555467,0.10266666666666667,
2022-09-07 08:00:00,0.0,3.2153923140210136e-05,2.26280252214514,201.32119964733675,0.104,
2022-09-07 08:30:00,0.0,3.3798281318612486e-05,4.2922793956358944,381.8549945343135,0.104,
2022-09-07 09:00:00,0.0,3.611513670987334e-05,6.2170920175795565,553.1455445757446,0.103,
2022-09-07 09:30:00,0.0,0.0748168155092812,11.203921410732432,996.8989173127312,0.103,
2022-09-07 10:00:00,0.0,0.1368342225871978,15.211866640435211,1353.2994095937397,0.103,
2022-09-07 10:30:00,0.0,0.1722277212666032,21.823508116259912,1941.2175805874344,0.103,
2022-09-07 11:00:00,0.0,0.1544869122408673,24.98071708781464,2222.07030934754,0.10266666666666667,
2022-09-07 11:30:00,0.0,0.1846382578703975,26.13979955629563,2325.842238949164,0.10266666666666667,
2022-09-07 12:00:00,0.0,0.4944388709799914,26.57351051393627,2364.2187337106493,0.102,
2022-09-07 12:30:00,0.0,0.5235139787379894,27.50406741878193,2446.725571463354,0.102,
2022-09-07 13:00:00,0.0,0.5538887631868956,28.311074180839057,2518.2395083536903,0.09966666666666667,
2022-09-07 13:30:00,0.0,0.5220432866864103,21.53080866575247,1915.9895338894455,0.09966666666666667,
2022-09-07 14:00:00,0.0,0.5505306663409455,21.445450051065748,1908.1180747136132,0.09999999999999999,
2022-09-07 14:30:00,0.0,0.4948805301557301,21.19788000206293,1885.6997422962772,0.09999999999999999,
2022-09-07 15:00:00,0.0,0.38050589551676,18.798852323371907,1672.4089015416662,0.10033333333333333,-0.1060859941617649
2022-09-07 15:30:00,0.0,0.3052470765644063,21.851726859732317,1943.5953357348592,0.10033333333333333,-0.0968443638685021
2022-09-07 16:00:00,0.0,0.5373103794602021,21.207429017776104,1886.3513472991397,0.09999999999999999,-0.0876027335752393
2022-09-07 16:30:00,0.0,0.4992069996773167,19.74984614849722,1756.5763787113087,0.09999999999999999,-0.0783611032819765
2022-09-07 17:00:00,0.0,0.4871895466558533,22.07680574263857,1963.515308973513,0.10033333333333333,-0.0691194729887137
2022-09-07 17:30:00,0.0,0.4937457936623716,22.188901663830094,1972.9621638591243,0.10033333333333333,-0.0606909335923257
2022-09-07 18:00:00,0.0,0.4395704320532747,20.08480579699866,1785.892369970263,0.10033333333333333,-0.0570755432875205
2022-09-07 18:30:00,0.0,0.1978104145499795,14.887353035951422,1324.4289297153766,0.10033333333333333,-0.0592880614931135
2022-09-07 19:00:00,0.0,0.0927628820615222,11.7990358810033,1049.3211169470758,0.10066666666666667,-0.0660641582228594
2022-09-07 19:30:00,0.0,4.672412775595169e-05,9.850211399261326,875.9620887290067,0.10066666666666667,-0.0736800445869448
2022-09-07 20:00:00,0.0,4.619204375556081e-05,7.858619788140383,699.2089518962049,0.10066666666666667,-0.0780628818196451
2022-09-07 20:30:00,0.0,0.085868097246069,6.48000229906628,576.113861220079,0.10066666666666667,-0.0776044870718274
2022-09-07 21:00:00,0.0,0.0879907388744611,5.564449319014971,494.80117076612726,0.10099999999999999,-0.074079402839317
2022-09-07 21:30:00,0.0,0.1257465014647787,5.080542587270656,451.89256876678706,0.10099999999999999,-0.2128003388654993
2022-09-07 22:00:00,0.0,0.0693522595131681,5.609408793836582,498.80949449912447,0.10133333333333333,-0.3515212748916815
2022-09-07 22:30:00,0.0,3.948357461039692e-05,3.850149812042572,342.5705361506913,0.10133333333333333,-0.4902422109178638
2022-09-07 23:00:00,0.0,3.795069047326455e-05,3.626489804286335,322.5631894353523,0.10099999999999999,
2022-09-07 23:30:00,0.0,0.0404200292198701,3.754510731574501,333.8403983179011,0.10099999999999999,
2022-09-08 00:00:00,0.0,0.0345173603914434,3.785822780206546,336.5811817729736,0.10099999999999999,
2022-09-08 00:30:00,0.0,3.4657089110898426e-05,3.219438772198435,286.2739443498515,0.10099999999999999,
2022-09-08 01:00:00,0.0,0.03077659492263,2.6581249299281855,236.19222739240988,0.10133333333333333,
2022-09-08 01:30:00,0.0,3.3352570329917715e-05,2.5411503778785938,225.81593262682307,0.10133333333333333,
2022-09-08 02:00:00,0.0,3.2749591528663496e-05,3.5767703790815375,317.70911762361595,0.10133333333333333,
2022-09-08 02:30:00,0.0,0.0230463162980789,1.5351232517230762,136.58338681916075,0.10133333333333333,
2022-09-08 03:00:00,0.0,0.0250317550043267,1.6044997328144146,142.7164116286976,0.10133333333333333,
2022-09-08 03:30:00,0.0,0.0295658302720801,0.8315046558106879,73.86100162504412,0.10133333333333333,
2022-09-08 04:00:00,0.0,3.331269792334119e-05,1.4132906204235198,125.55050910390844,0.10166666666666667,
2022-09-08 04:30:00,0.0,3.1563964136589964e-05,1.552483815760522,137.97539460761018,0.10166666666666667,
2022-09-08 05:00:00,0.0,2.959832938613145e-05,2.0853003709558084,185.1791652370636,0.10133333333333333,
2022-09-08 05:30:00,0.0,2.9561549455001053e-05,0.7243760121445607,64.41044607369155,0.10133333333333333,
2022-09-08 06:00:00,0.0,2.9221308170873098e-05,1.308429598515352,116.14003393785606,0.10099999999999999,
2022-09-08 06:30:00,0.0,2.8623806350329834e-05,1.2558479465027532,111.5487046652739,0.10099999999999999,
2022-09-08 07:00:00,0.0,2.832677525430342e-05,1.0974927752873125,97.31792974626372,0.10133333333333333,
2022-09-08 07:30:00,0.0,0.0244711513606702,0.5448816694370735,48.52193295269531,0.10133333333333333,
2022-09-08 08:00:00,0.0,2.9410165143584247e-05,1.0621775287545634,94.37748583569584,0.10233333333333333,
2022-09-08 08:30:00,0.0,2.9146910777830966e-05,3.1867288302193453,283.25885039542965,0.10233333333333333,
2022-09-08 09:00:00,0.0,0.0487556270628816,4.777827209114707,425.0664617899755,0.10133333333333333,-0.628963146944046
2022-09-08 09:30:00,0.0,0.0026804906833986,7.468202029178602,664.527823293761,0.10133333333333333,
2022-09-08 10:00:00,0.0,0.0077516573894903,10.407175938765407,925.7112962299692,0.10066666666666667,
2022-09-08 10:30:00,0.0,0.0572152033950815,11.183363667091728,994.9304972427992,0.10066666666666667,
2022-09-08 11:00:00,0.0,0.1041187856625167,12.320625237224784,1096.0966955646154,0.09966666666666667,
2022-09-08 11:30:00,0.0,0.0821108359799412,14.612808075117783,1300.2395681733235,0.09966666666666667,
2022-09-08 12:00:00,0.0,0.0996235195450029,21.509092128249193,1913.1789880872193,0.09899999999999999,
