Date,Rain,PET,SV,SF_complete,Soil_moisture,PSY
2021-07-19 17:00:00,0.0,0.1499246959020005,6.485508464271888,207.82322261073975,0.09599999999999999,-2.6995431579424816
2021-07-19 17:30:00,0.0,0.1083957975293829,4.647214819131228,148.91649054144992,0.09599999999999999,-2.69160864595527
2021-07-19 18:00:00,0.0,0.0233939897339105,5.7682884596445305,184.8404490157814,0.09433333333333332,-2.671292386308741
2021-07-19 18:30:00,0.0,0.009367785992679,5.187391166224452,166.22603378689453,0.09433333333333332,-2.6268458623743243
2021-07-19 19:00:00,0.0,0.005727338946752,4.828338586975941,154.72046494565475,0.09366666666666668,-2.5419604695351303
2021-07-19 19:30:00,0.0,0.0806333672106573,4.255415664103707,136.36158240085504,0.09366666666666668,-2.406901087572606
2021-07-19 20:00:00,0.0,0.0704747368412301,4.0972643458337705,131.29374280060483,0.09333333333333334,-2.228990622936821
2021-07-19 20:30:00,0.0,0.04169042331634,3.483198435187111,111.61646427278863,0.09333333333333334,-2.0323273196519764
2021-07-19 21:00:00,0.0,0.0519625544568736,2.9112991151937657,93.29038230949092,0.09266666666666667,-1.8468326481806532
2021-07-19 21:30:00,0.0,0.0457210951407423,2.2157625458606613,71.00243802898767,0.09266666666666667,-1.6954054327683483
2021-07-19 22:00:00,0.0,0.0267580860523002,1.9328814215155092,61.93772595575179,0.09233333333333334,-1.587505660214514
2021-07-19 22:30:00,0.0,0.0248085182793287,1.3587764455412037,43.540965411667536,0.09233333333333334,-1.5204315268756448
2021-07-19 23:00:00,0.0,0.023765504081198,1.416698457351267,45.39703255286063,0.09266666666666667,-1.484088635216768
2021-07-19 23:30:00,0.0,0.024035649776285,1.067420881463263,34.204696314831914,0.09266666666666667,-1.465618090842381
2021-07-20 00:00:00,0.0,4.609456319267253e-05,0.8638804616916929,27.682397222709852,0.09266666666666667,-1.4530635292327003
2021-07-20 00:30:00,0.0,4.5230527271971506e-05,0.834374109603137,26.736888445362315,0.09266666666666667,-1.437944738781476
2021-07-20 01:00:00,0.0,4.442351993200504e-05,0.7456737283402265,23.89455169067135,0.09333333333333334,-1.4161657001078032
2021-07-20 01:30:00,0.0,4.3530592552614315e-05,0.597230956043425,19.13781511682479,0.09333333333333334,-1.3874432970609334
2021-07-20 02:00:00,0.0,4.30646811029607e-05,0.597230956043425,19.13781511682479,0.09333333333333334,-1.3538628261524168
2021-07-20 02:30:00,0.0,4.311153004483944e-05,0.5077967595350301,16.271963806573904,0.09333333333333334,-1.3178788287016403
2021-07-20 03:00:00,0.0,4.297302229092685e-05,0.3581190493334734,11.475654579865314,0.09333333333333334,-1.2806504316269305
2021-07-20 03:30:00,0.0,4.237135693084574e-05,0.3280897171364443,10.513387299756896,0.09333333333333334,-1.2420198288947066
2021-07-20 04:00:00,0.0,4.2464188720886065e-05,0.2980289429737928,9.550112485596696,0.09400000000000001,-1.2019045090744456
2021-07-20 04:30:00,0.0,4.2464188720886065e-05,0.2679366497675472,8.585827667479304,0.09400000000000001,-1.161452339360604
2021-07-20 05:00:00,0.0,4.2095512538396045e-05,0.2679366497675472,8.585827667479304,0.09366666666666668,-1.1230238983435648
2021-07-20 05:30:00,0.0,4.1684720299279385e-05,0.1472507353280141,4.7185386490902745,0.09366666666666668,-1.0893560655710148
2021-07-20 06:00:00,0.0,4.159291153363659e-05,0.0260542781614124,0.8348896744380792,0.09400000000000001,-1.0628036166807977
2021-07-20 06:30:00,0.0,4.127444219376738e-05,0.0564015316787367,1.8073445032459368,0.09400000000000001,-1.045632008290836
2021-07-20 07:00:00,0.0,4.095934311956155e-05,0.1169996810973272,3.749166453798656,0.09366666666666668,-1.0412697369548969
2021-07-20 07:30:00,0.0,4.050824563260603e-05,0.2076571965407428,6.654218095797979,0.09366666666666668,-1.054529229064133
2021-07-20 08:00:00,0.0,4.0913907542550583e-05,0.3581190493334734,11.475654579865314,0.09366666666666668,-1.0892786725183063
2021-07-20 08:30:00,0.0,4.191285371403597e-05,0.7160462500579265,22.94516151588749,0.09366666666666668,-1.1451885650750333
2021-07-20 09:00:00,0.0,0.0023027512755606,1.418863143663892,45.46639829155473,0.09333333333333334,-1.216779761365708
2021-07-20 09:30:00,0.0,0.0023201960686604,2.0201965719064265,64.73567403290676,0.09333333333333334,-1.2959918932936645
2021-07-20 10:00:00,0.0,0.014329739425861,2.442286551611577,78.26122878274151,0.09333333333333334,-1.3765214685536995
2021-07-20 10:30:00,0.0,0.0159114021320506,3.1053192684985635,99.50761164985224,0.09333333333333334,-1.457031058880915
2021-07-20 11:00:00,0.0,0.007602565955643,3.1053192684985635,99.50761164985224,0.09333333333333334,-1.5421564219396966
2021-07-20 11:30:00,0.0,0.0115743814505745,3.18716597587627,102.13032759895904,0.09333333333333334,-1.6425391959735962
2021-07-20 12:00:00,0.0,0.0266066178348185,3.6199281396142537,115.99786442933794,0.09233333333333334,-1.7743800317488096
2021-07-20 12:30:00,0.0,0.1611666556455535,4.8562910956642344,155.61618198428914,0.09233333333333334,-1.9553051773716028
2021-07-20 13:00:00,0.0,0.1701783747940577,6.044458692084123,193.69011562417995,0.09200000000000001,-2.1933670686767375
2021-07-20 13:30:00,0.0,0.346873666176909,6.900579687243797,221.1238665997516,0.09200000000000001,-2.475067762741606
2021-07-20 14:00:00,0.0,0.4266339247041854,6.755469674787437,216.47392579898033,0.09100000000000001,-2.7663430690131507
2021-07-20 14:30:00,0.0,0.4215224433385855,6.340637861236906,203.1809535041384,0.09100000000000001,-3.0304460647883196
2021-07-20 15:00:00,0.0,0.5965869337470632,6.24222437501908,200.02736763391437,0.08933333333333333,-3.2467473354200824
2021-07-20 15:30:00,0.0,0.4608350001474006,5.645102393681644,180.89304452927436,0.08933333333333333,-3.4129693554556657
2021-07-20 16:00:00,0.0,0.2440001430979959,5.8454248046680295,187.31222495925743,0.08800000000000001,-3.5334444036328025
2021-07-20 16:30:00,0.0,0.5730200812856375,5.895303273765186,188.9105428465543,0.08800000000000001,-3.609028308565548
2021-07-20 17:00:00,0.0,0.4403930737297812,6.266856908448441,200.8166985717364,0.08666666666666667,-3.6361964622398606
2021-07-20 17:30:00,0.0,0.3535874264986214,5.8454248046680295,187.31222495925743,0.08666666666666667,-3.610960252871988
2021-07-20 18:00:00,0.0,0.2881803225919649,5.770456005984924,184.9099064019062,0.085,-3.5323666760441803
2021-07-20 18:30:00,0.0,0.1238119449668234,5.0618075749786,162.20180241266675,0.085,-3.4047064384407646
2021-07-20 19:00:00,0.0,0.0030520097544751,4.23127897137122,135.58814030383763,0.08433333333333333,-3.237844718288765
2021-07-20 19:30:00,0.0,5.874526339815248e-05,4.28385837233052,137.27300751363327,0.08433333333333333,-3.044224926017838
2021-07-20 20:00:00,0.0,5.520031959437475e-05,3.7271472891182458,119.43362113187798,0.084,-2.8352074910894363
2021-07-20 20:30:00,0.0,5.194076749817766e-05,3.753892282700869,120.29064426054464,0.084,-2.6214550436233885
2021-07-20 21:00:00,0.0,0.0285691831784635,2.83085724601983,90.71268334006466,0.08333333333333333,-2.416141725968086
2021-07-20 21:30:00,0.0,0.0246241357520169,2.274176974808779,72.87428430562757,0.08333333333333333,-2.234957601982147
2021-07-20 22:00:00,0.0,4.7802675107142526e-05,1.7067571814226197,54.691745390712946,0.08366666666666667,-2.090879575899587
2021-07-20 22:30:00,0.0,0.0231511658480466,1.2447499318892443,39.887071864112336,0.08366666666666667,-1.9877122617568028
2021-07-20 23:00:00,0.0,4.6483143891593765e-05,1.418863143663892,45.46639829155473,0.08366666666666667,-1.9180271307534535
2021-07-20 23:30:00,0.0,4.489792263814394e-05,1.0695861454922022,34.27408056600916,0.08366666666666667,-1.8677863737903424
2021-07-21 00:00:00,0.0,0.0136566875664273,0.8365398256924919,26.80628718247431,0.08433333333333333,-1.8240294106674273
2021-07-21 00:30:00,0.0,4.278616268228681e-05,0.6885543382389097,22.064203956209123,0.08433333333333333,-1.7794448136949004
2021-07-21 01:00:00,0.0,4.301786220239421e-05,0.6291468976196973,20.160537370226653,0.08433333333333333,-1.7317803523802011
2021-07-21 01:30:00,0.0,4.1958954249968554e-05,0.6588659233849365,21.11286111498905,0.08433333333333333,-1.681404631873071
2021-07-21 02:00:00,0.0,4.1048409660363565e-05,0.4202503508680016,13.46660523254554,0.08466666666666667,-1.6300899890150156
2021-07-21 02:30:00,0.0,4.0777784320328945e-05,0.4202503508680016,13.46660523254554,0.08466666666666667,-1.5804740827769004
2021-07-21 03:00:00,0.0,4.028477412003767e-05,0.3302565987429373,10.582823384985698,0.08466666666666667,-1.534521747737426
2021-07-21 03:30:00,0.0,3.983823569405072e-05,0.2098243923385679,6.723664249050824,0.08466666666666667,-1.4915157361384677
2021-07-21 04:00:00,0.0,4.006018939554484e-05,0.3302565987429373,10.582823384985698,0.085,-1.447721051056007
2021-07-21 04:30:00,0.0,4.028477412003767e-05,0.3001959016759434,9.619551041297647,0.085,-1.3989033633287118
2021-07-21 05:00:00,0.0,3.9972436580370545e-05,0.1494180940589344,4.787990023411154,0.085,-1.344085403736026
2021-07-21 05:30:00,0.0,4.010504485176586e-05,0.2701036865315641,8.655268724613826,0.085,-1.2870452873333924
2021-07-21 06:00:00,0.0,4.055340692075748e-05,0.0585691421712032,1.8768039450755027,0.085,-1.2339112368181095
2021-07-21 06:30:00,0.0,4.006018939554484e-05,-0.0325691132849621,-1.0436526477057018,0.085,-1.1893090266392945
2021-07-21 07:00:00,0.0,3.9439148086964545e-05,0.2098243923385679,6.723664249050824,0.08533333333333333,-1.1552029819777767
2021-07-21 07:30:00,0.0,3.935038771034967e-05,0.4501857436547469,14.425862295169413,0.08533333333333333,-1.133444740530473
2021-07-21 08:00:00,0.0,3.913086921111616e-05,0.7774366548626988,24.912370692190365,0.08566666666666667,-1.128782625394873
2021-07-21 08:30:00,0.0,3.8648415040799214e-05,0.954384686733579,30.582536789516205,0.08566666666666667,-1.1490838744519392
2021-07-21 09:00:00,0.0,4.019484801603504e-05,1.3341017452958055,42.75028327005872,0.08566666666666667,-1.2034496613907348
2021-07-21 09:30:00,0.0,4.1638800712387125e-05,2.5281467079771947,81.01255267477933,0.08566666666666667,-1.3010180012680113
2021-07-21 10:00:00,0.0,4.418741123033195e-05,3.5144875546756507,112.61910048559804,0.08566666666666667,-1.4509593150707525
2021-07-21 10:30:00,0.0,0.1264560009417979,4.547558768083702,145.72308761931183,0.08566666666666667,-1.6603259840405464
2021-07-21 11:00:00,0.0,0.213650402625578,5.59698510878976,179.35116246025865,0.08566666666666667,-1.926950649501372
2021-07-21 11:30:00,0.0,0.2994400428875574,6.244393354831876,200.09687095458017,0.08566666666666667,-2.2314005908582293
2021-07-21 12:00:00,0.0,0.4143818913654547,6.367362144025517,204.0373129710462,0.08466666666666667,-2.5377678245916124
2021-07-21 12:30:00,0.0,0.4278508265556007,6.41641419489452,205.60914891011265,0.08466666666666667,-2.8074300229467863
2021-07-21 13:00:00,0.0,0.4781160916540354,5.847592569376092,187.38168934280932,0.08333333333333333,-3.016223676433949
2021-07-21 13:30:00,0.0,0.3204242015607065,5.8226230847055165,186.58156105683832,0.08333333333333333,-3.161244979979792
2021-07-21 14:00:00,0.0,0.4509348176932061,5.922380391554615,189.7782086446964,0.08233333333333333,-3.2549099166106377
2021-07-21 14:30:00,0.0,0.4508607287176557,6.244393354831876,200.09687095458017,0.08233333333333333,-3.3153136333194237
2021-07-21 15:00:00,0.0,0.5347125272012847,5.922380391554615,189.7782086446964,0.081,-3.3593156744239443
2021-07-21 15:30:00,0.0,0.4870409855001069,5.369683371267004,172.06744987901186,0.081,-3.397493081952377
2021-07-21 16:00:00,0.0,0.347530339563501,5.747593435960592,184.17729260519383,0.07966666666666666,-3.431463233825952
2021-07-21 16:30:00,0.0,0.5029584156831229,5.722543019988651,183.3745709367683,0.07966666666666666,-3.457744101185597
2021-07-21 17:00:00,0.0,0.6116464160636077,5.521404217235967,176.9292298489556,0.07833333333333332,-3.4755270677565027
2021-07-21 17:30:00,0.0,0.4754811743716112,5.395022223776994,172.87941427854884,0.07833333333333332,-3.4878492016361013
2021-07-21 18:00:00,0.0,0.4456809459748768,5.420340202102591,173.69070978060552,0.077,-3.4931735787175926
2021-07-21 18:30:00,0.0,0.5562505511362048,6.611855830462704,211.87192857647975,0.077,-3.478882855354737
2021-07-21 19:00:00,0.0,0.5308552146863819,4.884221913849841,156.5112039671398,0.07566666666666667,-3.4277557443595796
2021-07-21 19:30:00,0.0,0.3646302446518899,4.338511048416692,139.02431125968496,0.07566666666666667,-3.3320635431032217
2021-07-21 20:00:00,0.0,0.3267123866277591,4.547558768083702,145.72308761931183,0.075,-3.2004126235503785
2021-07-21 20:30:00,0.0,0.181756730385458,4.180772251399237,133.96969059154443,0.075,-3.051719828203818
2021-07-21 21:00:00,0.0,0.1696453557502499,3.1620723392598262,101.32622095760912,0.07433333333333333,-2.903880267169742
2021-07-21 21:30:00,0.0,0.1307403573718784,2.6671156349725216,85.46570702806223,0.07433333333333333,-2.7667079321432637
2021-07-21 22:00:00,0.0,0.0947192053609876,2.1637317433296124,69.33515024167005,0.07466666666666667,-2.6426990229042353
2021-07-21 22:30:00,0.0,0.0992940709545916,1.908770755208836,61.16511785590136,0.07466666666666667,-2.5329275341212427
2021-07-21 23:00:00,0.0,0.0887569258709589,1.5653301042058283,50.159821469322885,0.075,-2.442028813121007
2021-07-21 23:30:00,0.0,0.0577964773786402,1.651569706760739,52.92330442804,0.075,-2.3779686869204473
2021-07-22 00:00:00,0.0,0.0575562015324214,1.3652707570503029,43.749070721204056,0.07566666666666667,-2.3473984263985823
2021-07-22 00:30:00,0.0,0.0450378587500203,0.9565501633750518,30.65192785370159,0.07566666666666667,-2.35072004477117
2021-07-22 01:00:00,0.0,0.0440487085797771,1.0152928931089509,32.53429428117663,0.076,-2.380104620366436
2021-07-22 01:30:00,0.0,0.0491808280581598,0.8387055373356217,26.87568577711039,0.076,-2.421127425120762
2021-07-22 02:00:00,0.0,0.0468238224999451,0.6015634126092609,19.276645416760907,0.07633333333333334,-2.456601794836612
2021-07-22 02:30:00,0.0,0.0608561807166755,0.927134010174208,29.709309431616635,0.07633333333333334,-2.4712119569384337
2021-07-22 03:00:00,0.0,0.0441973370955686,0.5419717758122005,17.367076403315135,0.077,-2.456481375009196
2021-07-22 03:30:00,0.0,4.2417757719352605e-05,0.302362854791016,9.6889894179649,0.077,-2.4140863789859788
2021-07-22 04:00:00,0.0,0.0931181806981167,0.5419717758122005,17.367076403315135,0.077,-2.3540922955782975
2021-07-22 04:30:00,0.0,0.0532649582073127,0.661032015077297,21.18227188801581,0.077,-2.2886151604471805
2021-07-22 05:00:00,0.0,0.0598267610178475,0.5121296327222813,16.41080745682875,0.07766666666666666,-2.226418831677591
2021-07-22 05:30:00,0.0,0.0555102067085321,0.4224170016245654,13.53603392036264,0.07766666666666666,-2.172384648642226
2021-07-22 06:00:00,0.0,0.0373410381587214,0.121334558459213,3.888074326316648,0.078,-2.130488343099555
2021-07-22 06:30:00,0.0,3.29899059323388e-05,0.302362854791016,9.6889894179649,0.078,-2.107252639164387
2021-07-22 07:00:00,0.0,0.0191686016271701,0.5717830107997596,18.32235492299495,0.078,-2.1139890954843397
2021-07-22 07:30:00,0.0,3.191770297840187e-05,0.9565501633750518,30.65192785370159,0.078,-2.165911980885643
2021-07-22 08:00:00,0.0,3.2749591528663496e-05,1.3652707570503029,43.749070721204056,0.07833333333333332,-2.2756065038915714
2021-07-22 08:30:00,0.0,3.2830114591837195e-05,1.567494581019328,50.22918049477568,0.07833333333333332,-2.442724279323002
2021-07-22 09:00:00,0.0,3.449201241240149e-05,1.9961683477990833,63.965707731095485,0.07866666666666666,-2.648769578073503
2021-07-22 09:30:00,0.0,3.709153135362674e-05,3.0275738517767112,97.01631846361104,0.07866666666666666,-2.864359305009057
2021-07-22 10:00:00,0.0,4.154705277411804e-05,4.393072985283964,140.77270733596902,0.07866666666666666,-3.0638179765347884
2021-07-22 10:30:00,0.0,0.3920683014230853,4.8606219115270815,155.7549597091366,0.07866666666666666,-3.2342969046343244
2021-07-22 11:00:00,0.0,0.4864201393959427,5.014889383230408,160.6983443782052,0.07766666666666666,-3.374799000184927
2021-07-22 11:30:00,0.0,0.4330919949165435,5.168382007270299,165.6168996388574,0.07766666666666666,-3.4910101458277354
2021-07-22 12:00:00,0.0,0.5392123555868603,5.5739790893765155,178.61395193617332,0.07766666666666666,-3.5909149967838343
2021-07-22 12:30:00,0.0,0.451680677709218,5.422506835724302,173.76013791934918,0.07766666666666666,-3.6813406955738857
2021-07-22 13:00:00,0.0,0.3512059909582324,5.371849881886222,172.1368740762335,0.077,-3.765756160649356
2021-07-22 13:30:00,0.0,0.418777296687365,5.498336136563784,176.1900306186797,0.077,-3.8449828448577055
2021-07-22 14:00:00,0.0,0.4660096185532331,5.168382007270299,165.6168996388574,0.07566666666666667,-3.9205223330126784
2021-07-22 14:30:00,0.0,0.4997022063715794,5.899639098101644,189.0494810641576,0.07566666666666667,-3.9977835920955647
2021-07-22 15:00:00,0.0,0.6112917188500187,5.649436818810542,181.03193791032768,0.07433333333333333,-4.085580494509298
2021-07-22 15:30:00,0.0,0.5302021710530664,5.295707474419521,169.6969481114084,0.07433333333333333,-4.19015514166675
2021-07-22 16:00:00,0.0,0.6404251151139686,5.371849881886222,172.1368740762335,0.07266666666666667,-4.3081148889048215
2021-07-22 16:30:00,0.0,0.6441091969137006,5.219375670385221,167.25095307655644,0.07266666666666667,-4.426616921503744
2021-07-22 17:00:00,0.0,0.6305138263830864,4.80902556916254,154.1015938698662,0.07133333333333333,-4.533057602494871
2021-07-22 17:30:00,0.0,0.6027584656345423,5.244840720645903,168.0669613877434,0.07133333333333333,-4.626100415835159
2021-07-22 18:00:00,0.0,0.5881827338654437,5.014889383230408,160.6983443782052,0.07,-4.71887076253907
2021-07-22 18:30:00,0.0,0.5494673581806728,4.5757536027480965,146.62656981091038,0.07,-4.830428114293085
2021-07-22 19:00:00,0.0,0.4448635030662621,4.65370992026227,149.1246211538255,0.06866666666666667,-4.967064456768574
2021-07-22 19:30:00,0.0,0.423347283451467,4.182936597662836,134.03904543362424,0.06866666666666667,-5.104625941993687
2021-07-22 20:00:00,0.0,0.1668555718113814,3.354515081602705,107.49290335453595,0.068,-5.191980069965865
2021-07-22 20:30:00,0.0,0.1580895670899623,3.543588701375765,113.55162476217605,0.068,-5.1824314766642745
2021-07-22 21:00:00,0.0,0.1307803349526294,2.7799859152609825,89.08254995036329,0.068,-5.067973300666592
2021-07-22 21:30:00,0.0,0.1473032668994238,2.334647702793905,74.81202313253962,0.068,-4.883074612646622
2021-07-22 22:00:00,0.0,0.1423740718923872,1.4521101924018105,46.5317748690543,0.06766666666666667,-4.677336167081403
2021-07-22 22:30:00,0.0,0.1618636958330331,1.6537340719700848,52.99265987722193,0.06766666666666667,-4.4869354095966285
2021-07-22 23:00:00,0.0,0.1480161314831256,1.394246050807979,44.67756213525222,0.06733333333333334,-4.326245321271863
2021-07-22 23:30:00,0.0,0.1145358514276905,1.1908095750275,38.15859384985389,0.06733333333333334,-4.194796904838446
2021-07-23 00:00:00,0.0,0.0771131337899671,1.0467849179975823,33.54343244435191,0.06666666666666667,-4.085995163249535
2021-07-23 00:30:00,0.0,0.1089201979597093,0.9587156358256576,30.721318783593805,0.06666666666666667,-3.992715433752811
2021-07-23 01:00:00,0.0,0.1066216734937347,0.8408712445371346,26.945084229418207,0.06666666666666667,-3.910824177445757
2021-07-23 01:30:00,0.0,0.1056262525158399,0.722544133985684,23.153381300882977,0.06666666666666667,-3.8395797219182697
2021-07-23 02:00:00,0.0,0.1019848285966809,0.722544133985684,23.153381300882977,0.06666666666666667,-3.778763847115694
2021-07-23 02:30:00,0.0,0.0984273168036739,0.7817683195590235,25.0511756172658,0.06666666666666667,-3.726518626067526
2021-07-23 03:00:00,0.0,0.1007376635762268,0.6631981019500405,21.25168250660158,0.06666666666666667,-3.681405770569567
2021-07-23 03:30:00,0.0,3.842952129922892e-05,0.3946171910953878,12.645209978960189,0.06666666666666667,-3.646026309266096
2021-07-23 04:00:00,0.0,0.098817619574305,0.3946171910953878,12.645209978960189,0.067,-3.627484220824582
2021-07-23 04:30:00,0.0,0.098155086873104,0.4545188935132927,14.564714811147024,0.067,-3.634146253953495
2021-07-23 05:00:00,0.0,0.0961568187339116,0.3646194493827819,11.683954992076396,0.067,-3.672287508419934
2021-07-23 05:30:00,0.0,0.1105325290761656,0.3946171910953878,12.645209978960189,0.067,-3.7447324804522566
2021-07-23 06:00:00,0.0,0.1000616760204768,0.2141587666011091,6.862556000130128,0.067,-3.8496928647026607
2021-07-23 06:30:00,0.0,0.1007414275325803,0.544138134414549,17.436495729270963,0.067,-3.9781708744056057
2021-07-23 07:00:00,0.0,0.1153779608655175,0.7817683195590235,25.0511756172658,0.06666666666666667,-4.11371325133509
2021-07-23 07:30:00,0.0,0.114898608176158,1.192974621285158,38.227971122714834,0.06666666666666667,-4.239839837510135
2021-07-23 08:00:00,0.0,0.1006095499439041,1.7132500665372836,54.89980499251663,0.06666666666666667,-4.351057055122127
2021-07-23 08:30:00,0.0,0.1036460510399042,2.0550172174951156,65.85147533352848,0.06666666666666667,-4.454889081591475
2021-07-23 09:00:00,0.0,0.1240084049221457,2.7821494942136127,89.15188020454234,0.06666666666666667,-4.562331167882667
2021-07-23 09:30:00,0.0,0.107050108514017,3.706870031437602,118.78385171748052,0.06666666666666667,-4.680515617670739
2021-07-23 10:00:00,0.0,0.0749989642491935,3.6800771940343022,117.9252954696992,0.06666666666666667,-4.815730108063962
2021-07-23 10:30:00,0.0,0.1139727107183507,3.4918533335543422,111.89380395709485,0.06666666666666667,-4.975359747615838
2021-07-23 11:00:00,0.0,0.3660284659172342,4.499761409891525,144.19145735986487,0.06633333333333334,-5.158097515531919
2021-07-23 11:30:00,0.0,0.4820452015429082,4.577918514165205,146.69594276290775,0.06633333333333334,-5.340852340089853
2021-07-23 12:00:00,0.0,0.5150908472068612,5.247006938854766,168.136376214896,0.06566666666666666,-5.47703406832447
2021-07-23 12:30:00,0.0,0.5359707073032257,5.145019298349946,164.8682592687936,0.06566666666666666,-5.511571259686485
2021-07-23 13:00:00,0.0,0.6533508004459189,4.965719075291641,159.1227189806144,0.06533333333333334,-5.408990871379197
2021-07-23 13:30:00,0.0,0.5697438030916488,4.940018666687994,158.29916878900696,0.06533333333333334,-5.179359501808004
2021-07-23 14:00:00,0.0,0.3782625859947384,5.093897835119036,163.23011057285834,0.064,-4.878401050180917
2021-07-23 14:30:00,0.0,0.6001691204736221,4.655874961328948,149.1939982603454,0.064,-4.574988870634666
2021-07-23 15:00:00,0.0,0.6146033181073429,4.473664233037717,143.35519302921466,0.06333333333333334,-4.312276293161376
2021-07-23 15:30:00,0.0,0.6919478538286681,4.914296602070926,157.4749246467983,0.06333333333333334,-4.095100101843182
2021-07-23 16:00:00,0.0,0.6192511611756021,4.290351817970743,137.48108507705533,0.062000000000000006,-3.9062785634916968
2021-07-23 16:30:00,0.0,0.6110633171590919,4.681816070208287,150.0252615105747,0.062000000000000006,-3.7288270070686127
2021-07-23 17:00:00,0.0,0.579064809056966,4.316607372636371,138.32242450512064,0.060666666666666674,-3.556953546065886
2021-07-23 17:30:00,0.0,0.5800144451630131,4.655874961328948,149.1939982603454,0.060666666666666674,-3.3957496633593576
2021-07-23 18:00:00,0.0,0.5341414696585833,3.893753140630292,124.7723798672622,0.05933333333333334,-3.2549383883074823
2021-07-23 18:30:00,0.0,0.3872240351558015,2.9199533904735686,93.56770202743088,0.05933333333333334,-3.140853923796299
2021-07-23 19:00:00,0.0,0.4718937854696058,3.1936567863246412,102.3383207196476,0.05866666666666667,-3.051583221330238
2021-07-23 19:30:00,0.0,0.1805829139093508,2.699158360434142,86.49249197535666,0.05866666666666667,-2.978904160417584
2021-07-23 20:00:00,0.0,0.2964123026768463,2.837347964513743,90.92067351414204,0.058,-2.9145106292053433
2021-07-23 20:30:00,0.0,0.139566100117574,2.336811442391568,74.88135853446747,0.058,-2.8541154626503293
2021-07-23 21:00:00,0.0,0.0930458624606827,1.8276165999984144,58.56459421816442,0.05733333333333334,-2.796646998105915
2021-07-23 21:30:00,0.0,0.0880775874353455,1.7132500665372836,54.89980499251663,0.05733333333333334,-2.7412037292893774
2021-07-23 22:00:00,0.0,0.0854932441415014,1.3964107706546405,44.74692894851919,0.05733333333333334,-2.685551596075716
2021-07-23 22:30:00,0.0,0.0842828840714138,1.222124329087173,39.16205150314285,0.05733333333333334,-2.627292862754824
2021-07-23 23:00:00,0.0,4.442351993200504e-05,1.1345871824664489,36.35698972439608,0.05733333333333334,-2.5659842094113876
2021-07-23 23:30:00,0.0,4.1411565489428945e-05,0.9587156358256576,30.721318783593805,0.05733333333333334,-2.5039086236204597
2021-07-24 00:00:00,0.0,0.0775450047798929,0.7543373091189298,24.17216959629854,0.05733333333333334,-2.444819148080926
2021-07-24 00:30:00,0.0,4.20050851154114e-05,0.8725430590422065,27.95998361512313,0.05733333333333334,-2.391720392751799
2021-07-24 01:00:00,0.0,4.2095512538396045e-05,0.6653641840077746,21.321092970894014,0.058,-2.345288617396996
2021-07-24 01:30:00,0.0,4.191285371403597e-05,0.6058958493906107,19.415475082718096,0.058,-2.304053424627393
2021-07-24 02:00:00,0.0,3.743441925524666e-05,0.6950524020793918,22.272429506372045,0.05766666666666667,-2.2661144169721834
2021-07-24 02:30:00,0.0,0.0730181586007578,0.5761155843178676,18.461188970578338,0.05766666666666667,-2.230775413006824
2021-07-24 03:00:00,0.0,0.0657824166014269,0.4865895013813529,15.592393229106484,0.058,-2.198520955658617
2021-07-24 03:30:00,0.0,0.0648548837125178,0.3667862384929168,11.753388113329237,0.058,-2.169721367210993
2021-07-24 04:00:00,0.0,0.0607240138739875,0.3667862384929168,11.753388113329237,0.05833333333333334,-2.1441035003067044
2021-07-24 04:30:00,0.0,0.056092126984529,0.2766047629356471,8.863590810103057,0.05833333333333334,-2.1226514003662618
2021-07-24 05:00:00,0.0,0.0388344197687937,0.2464811890731758,7.898303626971725,0.05866666666666667,-2.1109862836465063
2021-07-24 05:30:00,0.0,0.0357923442174171,0.0953867057014425,3.056594973594187,0.05866666666666667,-2.1198883859677093
2021-07-24 06:00:00,0.0,3.0476424600834423e-05,0.125669411951587,4.026981433954158,0.05866666666666667,-2.159370589987041
2021-07-24 06:30:00,0.0,3.0592325027057014e-05,0.2163259450750415,6.932001598251911,0.05866666666666667,-2.2301706075780947
2021-07-24 07:00:00,0.0,3.0208193578321032e-05,0.5761155843178676,18.461188970578338,0.05933333333333334,-2.3221375659365235
2021-07-24 07:30:00,0.0,3.1095386000272306e-05,1.0782471621507963,34.551616306343206,0.05933333333333334,-2.4219684025913177
2021-07-24 08:00:00,0.0,3.1523934586024005e-05,1.3405961714991144,42.95839225488459,0.05933333333333334,-2.5212873922926127
2021-07-24 08:30:00,0.0,3.259057729906609e-05,1.801231086484499,57.71909035691601,0.05933333333333334,-2.616809178860674
2021-07-24 09:00:00,0.0,3.441051549534346e-05,2.310917015486085,74.05159117284862,0.05933333333333334,-2.705429768360971
2021-07-24 09:30:00,0.0,3.851698563857494e-05,2.6180973370539857,83.89495267681228,0.05933333333333334,-2.782029374367464
2021-07-24 10:00:00,0.0,0.075581148735206,3.494017061153463,111.96313897453848,0.05966666666666667,-2.842251103771856
2021-07-24 10:30:00,0.0,0.3423824622126975,3.168563130959994,101.53421347752568,0.05966666666666667,-2.8860511265651816
2021-07-24 11:00:00,0.0,0.2576236795368753,3.4400205703917712,110.23286219183356,0.05933333333333334,-2.917491707146086
2021-07-24 11:30:00,0.0,0.3893518834380251,3.922520148102593,125.6941969045378,0.05933333333333334,-2.9404417656452457
2021-07-24 12:00:00,0.0,0.2170832218000333,3.922520148102593,125.6941969045378,0.05866666666666667,-2.954312848945175
2021-07-24 12:30:00,0.0,0.1665509847167198,3.6017184647335982,115.41434914487884,0.05866666666666667,-2.9547738466559252
2021-07-24 13:00:00,0.0,0.4629134359968497,3.8959171724141775,124.84172463207696,0.058,-2.939160684736428
2021-07-24 13:30:00,0.0,0.5696630554482616,3.9756556303630184,127.39688331982369,0.058,-2.910422488665944
2021-07-24 14:00:00,0.0,0.4418271423969153,4.16089514212999,133.3327436309048,0.057,-2.875317705135079
2021-07-24 14:30:00,0.0,0.572218658018265,4.449709284531125,142.5875747887113,0.057,-2.839374442047361
2021-07-24 15:00:00,0.0,0.5857978662271154,3.922520148102593,125.6941969045378,0.056,-2.8035836354395074
2021-07-24 15:30:00,0.0,0.3250854823506217,4.108085602948519,131.64050181551866,0.056,-2.7647362526670034
2021-07-24 16:00:00,0.0,0.4779689138123275,3.655424220168929,117.13530953353629,0.055,-2.7179642848004653
2021-07-24 16:30:00,0.0,0.4495638134465992,3.031901000154146,97.15497866665716,0.055,-2.659236685760451
2021-07-24 17:00:00,0.0,0.4930299488997602,3.385926320756977,108.49945279984152,0.05433333333333334,-2.587170047248162
2021-07-24 17:30:00,0.0,0.4697084997563625,3.250260185683503,104.15213392030653,0.05433333333333334,-2.504615216024168
2021-07-24 18:00:00,0.0,0.2690227960202541,2.8670722570850895,91.87316602973006,0.05333333333333334,-2.4189872238184127
2021-07-24 18:30:00,0.0,0.3446790750676356,2.811925161340456,90.10601897897688,0.05333333333333334,-2.3392258677509568
2021-07-24 19:00:00,0.0,0.3574502061969691,2.478866461587757,79.43340438253297,0.052333333333333336,-2.2707885844070925
2021-07-24 19:30:00,0.0,5.9974413091816435e-05,2.057181157713861,65.92081716420748,0.052333333333333336,-2.213453128162855
2021-07-24 20:00:00,0.0,0.1180620747607621,2.000496330302433,64.10439466307683,0.051666666666666666,-2.163711613875743
2021-07-24 20:30:00,0.0,0.1148091112260343,2.198415964625628,70.4465799288243,0.051666666666666666,-2.11833298871122
2021-07-24 21:00:00,0.0,5.183688110906421e-05,1.686752659800013,54.05071559739773,0.051333333333333335,-2.075643001618537
2021-07-24 21:30:00,0.0,4.9193106149863064e-05,1.3985754872465903,44.81629565749141,0.051333333333333335,-2.0348458132200578
2021-07-24 22:00:00,0.0,0.1095858411219535,1.1075145074280768,35.489466290857635,0.051333333333333335,-1.995482426087829
2021-07-24 22:30:00,0.0,0.069364514203169,0.9314650654715676,29.84809482896229,0.051333333333333335,-1.957504014408271
2021-07-24 23:00:00,0.0,0.0656228704807914,0.9020190744022002,28.9045202749061,0.051333333333333335,-1.9210636666896517
2021-07-24 23:30:00,0.0,0.0833238400710672,0.9902672618480202,31.732366820104605,0.051333333333333335,-1.8861689851831225
2021-07-25 00:00:00,0.0,0.0770863555305197,0.72687603315272,23.292193739395348,0.051666666666666666,-1.853032475115273
2021-07-25 00:30:00,0.0,0.071741156255905,0.608062060373623,19.48488967832374,0.051666666666666666,-1.8226585128530304
2021-07-25 01:00:00,0.0,0.0684900295743802,0.5484708364190389,17.57533389410346,0.051666666666666666,-1.7964507767061146
2021-07-25 01:30:00,0.0,0.0750300464794113,0.3389240699834489,10.860565957524498,0.051666666666666666,-1.7750178437112674
2021-07-25 02:00:00,0.0,0.0442484224534106,0.3989506139731973,12.784071243633992,0.052,-1.7576369808272472
2021-07-25 02:30:00,0.0,0.0406296492663229,0.3989506139731973,12.784071243633992,0.052,-1.7430973471567928
2021-07-25 03:00:00,0.0,0.0383351540609923,0.2184931177835589,7.0014470116253245,0.052333333333333336,-1.7309619624592152
2021-07-25 03:30:00,0.0,0.0374845363053606,0.15808746995198,5.065793629102518,0.052333333333333336,-1.7219558035704534
2021-07-25 04:00:00,0.0,0.0517846421612492,0.3088636806598461,9.897303475241088,0.052333333333333336,-1.71756824908639
2021-07-25 04:30:00,0.0,0.0351326502454055,0.0975542071701038,3.12605092183822,0.052333333333333336,-1.7196501501655528
2021-07-25 05:00:00,0.0,0.03515581831651,0.0975542071701038,3.12605092183822,0.053,-1.7298819654069295
2021-07-25 05:30:00,0.0,0.033360991713354,0.127836829758227,4.096434701311877,0.053,-1.7488547517793032
2021-07-25 06:00:00,0.0,0.032875613884092,0.0065136535375358,0.2087251102358274,0.053,-1.7757510712129445
2021-07-25 06:30:00,0.0,0.0305431503877728,0.1883062064782554,6.034130227953983,0.053,-1.8094326677533237
2021-07-25 07:00:00,0.0,3.383853668811971e-05,0.0975542071701038,3.12605092183822,0.053,-1.8497163274094468
2021-07-25 07:30:00,0.0,3.3392474329447656e-05,0.6378115014701874,20.438188059416905,0.053,-1.8971910582683644
2021-07-25 08:00:00,0.0,0.0282979619385747,1.051115517819761,33.68220324633924,0.05333333333333334,-1.9519521578441903
2021-07-25 08:30:00,0.0,0.029588008331736,1.3717650386704303,43.95717507297104,0.05333333333333334,-2.0130886442345832
2021-07-25 09:00:00,0.0,3.803747056451597e-05,1.9742767717758272,63.26420870411182,0.05333333333333334,-2.079296775556709
2021-07-25 09:30:00,0.0,0.0012943129525688,2.369170350327924,75.91827531046813,0.05333333333333334,-2.148978050347096
2021-07-25 10:00:00,0.0,0.0028872599178324,2.8416751092366943,91.059333600083,0.053,-2.2192916773059808
2021-07-25 10:30:00,0.0,0.0897360675276665,2.979223293080093,95.4669613116288,0.053,-2.2861624285286144
2021-07-25 11:00:00,0.0,0.1072751993313894,3.388089994648805,108.56878609627547,0.053,-2.3463107156342513
2021-07-25 11:30:00,0.0,0.1143304044005983,3.8181306615436865,122.349114614866,0.053,-2.3989091645631144
2021-07-25 12:00:00,0.0,0.2189411284888288,3.764711839947203,120.63734880445844,0.053,-2.4442810532542403
2021-07-25 12:30:00,0.0,0.3381571613848935,4.030861657959059,129.16591879726556,0.053,-2.481472135202633
2021-07-25 13:00:00,0.0,0.2487648079078252,3.951263703437232,126.6152624357668,0.052,-2.5086255022008235
2021-07-25 13:30:00,0.0,0.4823807243882109,4.163059464004356,133.40209769145002,0.052,-2.525725458535812
2021-07-25 14:00:00,0.0,0.590445154407932,4.057347631934324,130.01464183815696,0.051333333333333335,-2.5350256096176107
2021-07-25 14:30:00,0.0,0.502688302681537,3.871454648511128,124.05784152117972,0.051333333333333335,-2.537838900037603
2021-07-25 15:00:00,0.0,0.7015444237306125,3.764711839947203,120.63734880445844,0.050333333333333334,-2.5322182830074653
2021-07-25 15:30:00,0.0,0.6159484741583501,4.057347631934324,130.01464183815696,0.050333333333333334,-2.5145931214804595
2021-07-25 16:00:00,0.0,0.6466438928920856,3.3610060646317645,107.70090200544236,0.049666666666666665,-2.482175991413695
2021-07-25 16:30:00,0.0,0.6727235274625829,3.1979839961448606,102.4769828915814,0.049666666666666665,-2.4329696541505603
2021-07-25 17:00:00,0.0,0.5239844638765587,3.3067643514327067,105.96276725485868,0.048666666666666664,-2.3658555417247507
2021-07-25 17:30:00,0.0,0.5946003417505655,3.4961807899647233,112.0324740308242,0.048666666666666664,-2.2835421676108973
2021-07-25 18:00:00,0.0,0.1850127721068314,2.9242805280322557,93.7063618837984,0.047999999999999994,-2.194961079361802
2021-07-25 18:30:00,0.0,0.1711647292099656,2.758838796518456,88.40490649492494,0.047999999999999994,-2.112003059736248
2021-07-25 19:00:00,0.0,0.2608659233977866,2.3971751272363733,76.81566724475837,0.04766666666666666,-2.0424303229564655
2021-07-25 19:30:00,0.0,0.0819033713294668,2.256884079498644,72.32014653039828,0.04766666666666666,-1.9864516458513464
2021-07-25 20:00:00,0.0,0.1141654100760602,1.7175786437050482,55.038510980070235,0.04666666666666666,-1.9402607812421135
2021-07-25 20:30:00,0.0,0.0714345458557394,1.5163531716859422,48.59039264104455,0.04666666666666666,-1.9015225707423329
2021-07-25 21:00:00,0.0,0.0615337347086203,1.2846658601937344,41.16614765276288,0.04633333333333333,-1.870544833779319
2021-07-25 21:30:00,0.0,0.0550381307824292,1.1389174659241017,36.495750388721014,0.04633333333333333,-1.8474791467831124
2021-07-25 22:00:00,0.0,0.0451733439978974,1.051115517819761,33.68220324633924,0.04633333333333333,-1.8303231178481711
2021-07-25 22:30:00,0.0,0.0632484106913953,0.8452026456337415,27.08388070763969,0.04633333333333333,-1.81590807754566
2021-07-25 23:00:00,0.0,0.0765502971179145,0.8156664260174971,26.137414847915363,0.04666666666666666,-1.8019503829951031
2021-07-25 23:30:00,0.0,0.061024424759742,0.72687603315272,23.292193739395348,0.04666666666666666,-1.7878783023367382
2021-07-26 00:00:00,0.0,0.0573646829838628,0.5630451316731515,18.042356182899457,0.04666666666666666,-1.7741151682122185
2021-07-26 00:30:00,0.0,0.0622653710996507,0.4136776826530765,13.255989041524924,0.04666666666666666,-1.7608647462347238
2021-07-26 01:00:00,0.0,0.0645158280556471,0.6225757260667427,19.949969138609003,0.04666666666666666,-1.7475078769062078
2021-07-26 01:30:00,0.0,0.0480960243248804,0.4136776826530765,13.255989041524924,0.04666666666666666,-1.732993177291639
2021-07-26 02:00:00,0.0,0.0342344690408935,0.4735177747838937,15.1735196185737,0.04633333333333333,-1.7167795001527697
2021-07-26 02:30:00,0.0,0.0348868563719347,0.4436132978714082,14.21525323180106,0.04633333333333333,-1.6994442851945328
2021-07-26 03:00:00,0.0,0.0298984150956984,0.2936223146804829,9.40890540864839,0.04633333333333333,-1.6823236317221135
2021-07-26 03:30:00,0.0,3.743441925524666e-05,0.2032500855096741,6.512995549882626,0.04633333333333333,-1.666571956925171
2021-07-26 04:00:00,0.0,3.799406494841691e-05,0.1730626050878818,5.545660529303045,0.04633333333333333,-1.6527799059921264
2021-07-26 04:30:00,0.0,3.821140429993432e-05,0.1428432925687963,4.577305473196817,0.04633333333333333,-1.6415222076240714
2021-07-26 05:00:00,0.0,3.769289681728121e-05,0.0823088570906182,2.637525187764834,0.04666666666666666,-1.6338279401008935
2021-07-26 05:30:00,0.0,3.734850980499943e-05,-0.0087335076715386,-0.2798586601179544,0.04666666666666666,-1.63085422686828
2021-07-26 06:00:00,0.0,0.0260277792629556,0.0519935763550099,1.6660949026097431,0.04666666666666666,-1.633453362241157
2021-07-26 06:30:00,0.0,0.0267962791917054,0.0823088570906182,2.637525187764834,0.04666666666666666,-1.642384362710511
2021-07-26 07:00:00,0.0,0.0237604954483856,0.0823088570906182,2.637525187764834,0.04666666666666666,-1.6586189560690765
2021-07-26 07:30:00,0.0,3.5905459563835916e-05,0.263529862534442,8.444615497425247,0.04666666666666666,-1.6830088816258717
2021-07-26 08:00:00,0.0,3.598923620581269e-05,0.6225757260667427,19.949969138609003,0.04666666666666666,-1.7157628995164182
2021-07-26 08:30:00,0.0,3.6580953183153445e-05,0.947815587203065,30.372034954293422,0.04666666666666666,-1.7565844873453345
2021-07-26 09:00:00,0.0,3.73056019335144e-05,1.35653904786249,43.46926969213936,0.04699999999999999,-1.8050207782719632
2021-07-26 09:30:00,0.0,0.0003993886355178,1.84524517831169,59.129488701811056,0.04699999999999999,-1.859829072047733
2021-07-26 10:00:00,0.0,0.0030144077212717,2.1007006689114167,67.31536704620129,0.04699999999999999,-1.9180089548342771
2021-07-26 10:30:00,0.0,0.0770920795369186,2.549429361993229,81.69453925573713,0.04699999999999999,-1.975946774678913
2021-07-26 11:00:00,0.0,0.0944938088470877,3.1282267658790395,100.24166510977508,0.04699999999999999,-2.032777060265324
2021-07-26 11:30:00,0.0,0.1882368247344679,3.5079237551399443,112.4087684847077,0.04699999999999999,-2.091875587290266
2021-07-26 12:00:00,0.0,0.2165917241383661,3.7762130152969378,121.00589528591944,0.04699999999999999,-2.156927846173786
2021-07-26 12:30:00,0.0,0.2361379718255993,3.829584041364511,122.71612952468554,0.04699999999999999,-2.225801677885637
2021-07-26 13:00:00,0.0,0.2736422359614345,3.9360425494339606,126.12751204668926,0.04633333333333333,-2.28975364099794
2021-07-26 13:30:00,0.0,0.3879996257672757,3.7762130152969378,121.00589528591944,0.04633333333333333,-2.3392128143471154
2021-07-26 14:00:00,0.0,0.4530910254750946,3.6155279416924313,115.85686340878944,0.04566666666666666,-2.369185906021574
2021-07-26 14:30:00,0.0,0.4745849903717181,3.8562340352558255,123.57010845996264,0.04566666666666666,-2.379784320726378
2021-07-26 15:00:00,0.0,0.5614450379078673,3.561774207107059,114.13436556448995,0.04533333333333333,-2.3745389839743845
2021-07-26 15:30:00,0.0,0.6319076349525824,3.264388481653978,104.60486449875808,0.04533333333333333,-2.3586883950148265
2021-07-26 16:00:00,0.0,0.5116533339445775,2.7159574127880304,87.03080492587159,0.044333333333333336,-2.335907443352216
2021-07-26 16:30:00,0.0,0.6671533003325695,2.7159574127880304,87.03080492587159,0.044333333333333336,-2.3047376474927375
2021-07-26 17:00:00,0.0,0.5045398023131753,2.2697768307202777,72.73328501012722,0.043666666666666666,-2.2598618596982933
2021-07-26 17:30:00,0.0,0.642839003936368,2.6882678042429826,86.14351232385542,0.043666666666666666,-2.198812171382424
2021-07-26 18:00:00,0.0,0.4782715695748902,2.437886598928889,78.12023562069595,0.042666666666666665,-2.126951462308763
2021-07-26 18:30:00,0.0,0.464372034102954,2.1853603766697396,70.02822346887706,0.042666666666666665,-2.054746655184845
2021-07-26 19:00:00,0.0,0.4500567164279951,2.2697768307202777,72.73328501012722,0.042333333333333334,-1.9904647855983095
2021-07-26 19:30:00,0.0,0.1886041366304006,2.521583182839474,80.80222946676531,0.042333333333333334,-1.9360696887268225
2021-07-26 20:00:00,0.0,0.1403978116954599,2.1289477028027908,68.22052192262147,0.04133333333333333,-1.8890998299865756
2021-07-26 20:30:00,0.0,5.579131468679592e-05,1.5299606102194856,49.026432736142326,0.04133333333333333,-1.8467432177446017
2021-07-26 21:00:00,0.0,0.069668778492124,1.472268157921034,47.177721656196695,0.041,-1.8077497472229411
2021-07-26 21:30:00,0.0,0.0657188187084118,1.0651829764913094,34.13298433947483,0.041,-1.771741928600099
2021-07-26 22:00:00,0.0,0.0569457376977646,1.0651829764913094,34.13298433947483,0.041,-1.738260478230624
2021-07-26 22:30:00,0.0,0.0506162969323808,1.0065587696823912,32.254415889653885,0.041,-1.706850942832553
2021-07-26 23:00:00,0.0,0.0628130991600546,0.7412692515468092,23.753413556912864,0.041,-1.6775129957040238
2021-07-26 23:30:00,0.0,0.0562493050654859,0.7412692515468092,23.753413556912864,0.041,-1.6507408708750362
2021-07-27 00:00:00,0.0,0.0545504535600186,0.68056285179045,21.80812280600814,0.041,-1.627414828099128
2021-07-27 00:30:00,0.0,0.0486954960293754,0.6210954528894552,19.902534902150464,0.041,-1.6085749538760823
2021-07-27 01:00:00,0.0,0.0306946805495582,0.47188751882809,15.121279297204618,0.041,-1.594695913122992
2021-07-27 01:30:00,0.0,0.0305186188780442,0.3819898496063832,12.240576353746675,0.041,-1.584879350931643
2021-07-27 02:00:00,0.0,0.0293997113349139,0.3819898496063832,12.240576353746675,0.041,-1.5768888308414082
2021-07-27 02:30:00,0.0,0.0322735968947415,0.2616869650417322,8.385561238536202,0.041,-1.5681967374103138
2021-07-27 03:00:00,0.0,0.0353945557255694,0.2315322792487039,7.419277097077606,0.04133333333333333,-1.557530910414466
2021-07-27 03:30:00,0.0,0.039578772653313,0.2013458522643846,6.451975833106571,0.04133333333333333,-1.5459696451686191
2021-07-27 04:00:00,0.0,3.816787418939945e-05,0.171127605938761,5.483654942364926,0.041666666666666664,-1.536470419926883
2021-07-27 04:30:00,0.0,0.0503818475913434,0.0499348544295929,1.600124712707664,0.041666666666666664,-1.5319713041112395
2021-07-27 05:00:00,0.0,0.0547753061399369,0.1105953412670751,3.543944218788168,0.041666666666666664,-1.533872208204331
2021-07-27 05:30:00,0.0,0.076007110260317,0.1408774618427823,4.514311911652942,0.041666666666666664,-1.5420492322438308
2021-07-27 06:00:00,0.0,0.0535626655256573,0.0499348544295929,1.600124712707664,0.042,-1.5555491069183784
2021-07-27 06:30:00,0.0,3.351404317298461e-05,0.3819898496063832,12.240576353746675,0.042,-1.5729857210071505
2021-07-27 07:00:00,0.0,3.359580809359443e-05,0.1105953412670751,3.543944218788168,0.042333333333333334,-1.5928263683786623
2021-07-27 07:30:00,0.0,3.653860858022648e-05,0.8582329643193807,27.50142743289841,0.042333333333333334,-1.6139705757874825
2021-07-27 08:00:00,0.0,0.0333814545689465,0.8582329643193807,27.50142743289841,0.042333333333333334,-1.6364116187061644
2021-07-27 08:30:00,0.0,0.0339048276644972,1.3557859214209484,43.445136323880455,0.042333333333333334,-1.6614151840013078
2021-07-27 09:00:00,0.0,0.0321701473871147,1.7592338701792392,56.3733212655146,0.042666666666666665,-1.6908037392445752
2021-07-27 09:30:00,0.0,0.0584024340509224,2.072364880123279,66.40736808611834,0.042666666666666665,-1.7255247802910605
2021-07-27 10:00:00,0.0,0.12246460414201,2.5219469801852457,80.81388707806781,0.042666666666666665,-1.764514675435992
2021-07-27 10:30:00,0.0,0.1407093887175159,2.909788548500426,93.24197734018009,0.042666666666666665,-1.8050248259146808
2021-07-27 11:00:00,0.0,0.1048739010750661,3.074464959375675,98.51890860695728,0.042333333333333334,-1.844396817807732
2021-07-27 11:30:00,0.0,0.1208890894241443,3.156462230471184,101.14644925673552,0.042333333333333334,-1.8815357027058193
2021-07-27 12:00:00,0.0,0.2830097614526349,3.5630987596904755,114.17680985207656,0.042333333333333334,-1.9164429346005496
2021-07-27 12:30:00,0.0,0.3081789010474793,3.536161206468411,113.31361629513374,0.042333333333333334,-1.94862008080271
2021-07-27 13:00:00,0.0,0.1913925350899302,3.6974242329446216,118.48116823572158,0.042333333333333334,-1.9766734848054268
2021-07-27 13:30:00,0.0,0.4335520151267117,3.6169012503638784,115.90087004840942,0.042333333333333334,-1.999552310103383
2021-07-27 14:00:00,0.0,0.3434521143387685,3.5091993777342543,112.44964484773227,0.04133333333333333,-2.0175714302193555
2021-07-27 14:30:00,0.0,0.517578728110081,3.4281677086055953,109.8530461840166,0.04133333333333333,-2.031975999657116
2021-07-27 15:00:00,0.0,0.5151414543766223,3.319782397247394,106.37992070523296,0.041,-2.043770635618288
2021-07-27 15:30:00,0.0,0.4690580950369913,3.6706072696181664,117.6218388909462,0.041,-2.0531554549925133
2021-07-27 16:00:00,0.0,0.5207842478102681,3.346915645281601,107.24938515469437,0.04,-2.0595579780481983
2021-07-27 16:30:00,0.0,0.5382535332931178,3.2654417364749047,104.63861525435746,0.04,-2.061292368554562
2021-07-27 17:00:00,0.0,0.4718564446173268,3.1018225071210597,99.39556057133204,0.03966666666666666,-2.055489111537798
2021-07-27 17:30:00,0.0,0.3819813802641039,2.6054851741999077,83.49080543949613,0.03966666666666666,-2.0399383111544576
2021-07-27 18:00:00,0.0,0.4156381815059505,2.6054851741999077,83.49080543949613,0.039,-2.015672608589254
2021-07-27 18:30:00,0.0,0.3092144525574081,1.9872970099369267,63.681432406571794,0.039,-1.98705723936932
2021-07-27 19:00:00,0.0,0.1952570574183849,2.072364880123279,66.40736808611834,0.03866666666666666,-1.9590061118596007
2021-07-27 19:30:00,0.0,0.0906116900148601,1.587010943929923,50.854567610691795,0.03866666666666666,-1.934173262097463
2021-07-27 20:00:00,0.0,0.0607599800795117,1.5005166056008905,48.082921836401496,0.03833333333333333,-1.912186191697849
2021-07-27 20:30:00,0.0,5.030226398317015e-05,1.0054612468316957,32.21924659845998,0.03833333333333333,-1.8908357610931783
2021-07-27 21:00:00,0.0,4.8892727307813875e-05,1.0348172077431543,33.159936204072764,0.038,-1.8682726365984528
2021-07-27 21:30:00,0.0,4.6434215942316935e-05,0.9760754827370378,31.27760197234101,0.038,-1.84463347651888
2021-07-27 22:00:00,0.0,0.0444030840344864,0.7991310197550647,25.607550237365928,0.03833333333333333,-1.8216676460692336
2021-07-27 22:30:00,0.0,0.0419993640816807,0.769534622340031,24.65915602550963,0.03833333333333333,-1.8008275438540058
2021-07-27 23:00:00,0.0,4.418741123033195e-05,0.5615050534830792,17.993005539955032,0.038,-1.7819475979180923
2021-07-27 23:30:00,0.0,0.0342990911760932,0.5017910554258409,16.079515552301462,0.038,-1.7637561835281474
2021-07-28 00:00:00,0.0,0.0321414987520227,0.5897756337299481,18.898914941561127,0.038,-1.7453270379924206
2021-07-28 00:30:00,0.0,0.0266739180195348,0.4702271298481973,15.068073385827027,0.038,-1.726762615884623
2021-07-28 01:00:00,0.0,3.8866250804398595e-05,0.3501795901803787,11.22124060506716,0.03866666666666666,-1.70859631740863
2021-07-28 01:30:00,0.0,3.7779305572449985e-05,0.3501795901803787,11.22124060506716,0.03866666666666666,-1.6908962549820372
2021-07-28 02:00:00,0.0,3.7649739217570726e-05,0.3802385266258755,12.18445653096849,0.03833333333333333,-1.6730796097034937
2021-07-28 02:30:00,0.0,3.6878242607111736e-05,0.3200891579270615,10.257015419781462,0.03833333333333333,-1.654407879632138
2021-07-28 03:00:00,0.0,3.586361836441259e-05,0.1388808052534417,4.450330558590236,0.03866666666666666,-1.6347083329477994
2021-07-28 03:30:00,0.0,3.5071174531835046e-05,0.2296281121108831,7.358259498665478,0.03866666666666666,-1.6149158754055792
2021-07-28 04:00:00,0.0,3.486373135510907e-05,0.1691618449744872,5.420663616283349,0.039,-1.5969393067237103
2021-07-28 04:30:00,0.0,0.0145009511035343,0.1388808052534417,4.450330558590236,0.039,-1.582862048329163
2021-07-28 05:00:00,0.0,3.424620892888093e-05,0.1085677229205001,3.4789707195889528,0.03933333333333333,-1.5741778140671243
2021-07-28 05:30:00,0.0,0.0127865518139445,0.1691618449744872,5.420663616283349,0.03933333333333333,-1.5715945800561577
2021-07-28 06:00:00,0.0,0.0123977529441024,0.017435426472109,0.5587050787132225,0.04033333333333333,-1.5752445904807304
2021-07-28 06:30:00,0.0,3.3151868853285435e-05,0.0478451131922637,1.5331605323728743,0.04033333333333333,-1.584933109442772
2021-07-28 07:00:00,0.0,3.3392474329447656e-05,0.017435426472109,0.5587050787132225,0.04066666666666666,-1.6002482458002951
2021-07-28 07:30:00,0.0,3.367603199451579e-05,0.0478451131922637,1.5331605323728743,0.04066666666666666,-1.6206016387351996
2021-07-28 08:00:00,0.0,3.453450868479409e-05,0.2296281121108831,7.358259498665478,0.04066666666666666,-1.6455700681900485
2021-07-28 08:30:00,0.0,3.5947332179102164e-05,0.4402622198585861,14.107870466720842,0.04066666666666666,-1.6755730357750047
2021-07-28 09:00:00,0.0,0.0015580986135524,0.8864951675254488,28.407068398556152,0.04066666666666666,-1.711887825911056
2021-07-28 09:30:00,0.0,0.0054890065423373,1.4420141678577132,46.20825538436469,0.04066666666666666,-1.7550630131257006
2021-07-28 10:00:00,0.0,0.0094296599729854,1.9302231713007283,61.85254433442097,0.041,-1.8031431330918528
2021-07-28 10:30:00,0.0,0.0434000961057461,2.29814077277473,73.64218612037538,0.041,-1.852336967256546
2021-07-28 11:00:00,0.0,0.078639499794908,2.800091755650628,89.72682642707935,0.04133333333333333,-1.899935272437198
2021-07-28 11:30:00,0.0,0.0921566655574333,3.047909450334363,97.66795736736874,0.04133333333333333,-1.94623153800004
2021-07-28 12:00:00,0.0,0.0970681817729623,3.3208605432087217,106.41446907863532,0.04,-1.9934890399659744
2021-07-28 12:30:00,0.0,0.2119769993998925,3.51045047893898,112.48973544133966,0.04,-2.042917548508041
2021-07-28 13:00:00,0.0,0.1359130044849499,3.266470064683047,104.67156725546808,0.04033333333333333,-2.0920134776334565
2021-07-28 13:30:00,0.0,0.2325377515050763,3.211980156399101,102.9254792807599,0.04033333333333333,-2.135028847997768
2021-07-28 14:00:00,0.0,0.3348416273219438,3.2936777053476742,105.54341556060984,0.04,-2.1672872975843704
2021-07-28 14:30:00,0.0,0.5159631304694162,3.1573903795090965,101.17619109196472,0.04,-2.189108570970794
2021-07-28 15:00:00,0.0,0.5616220568355139,3.075317493582145,98.54622742199707,0.039,-2.204361259376452
2021-07-28 15:30:00,0.0,0.4961795136491295,3.1027002923329,99.4236885357761,0.039,-2.215054817385329
2021-07-28 16:00:00,0.0,0.5894889887785283,2.5780553139477145,82.61183627543183,0.03866666666666666,-2.2177909322734304
2021-07-28 16:30:00,0.0,0.4074112695239613,2.0155376475100018,64.5863823178009,0.03866666666666666,-2.205365928813739
2021-07-28 17:00:00,0.0,0.2060485804310843,2.072276321486687,66.40453029146461,0.038,-2.1724382926138395
2021-07-28 17:30:00,0.0,0.3549234615178929,1.6440313762703789,52.68174431841376,0.038,-2.120964557542202
2021-07-28 18:00:00,0.0,0.2025367889435131,1.7301836002653457,55.44242729714245,0.03766666666666666,-2.060293793180165
2021-07-28 18:30:00,0.0,0.1938206514891859,1.6152573569987518,51.75970259332221,0.03766666666666666,-2.001294784072847
2021-07-28 19:00:00,0.0,0.0025314651543722,1.6152573569987518,51.75970259332221,0.037,-1.950195474961976
2021-07-28 19:30:00,0.0,0.0074652038050539,1.2677334787006882,40.62356227063828,0.037,-1.907589929519806
2021-07-28 20:00:00,0.0,5.703909875777423e-05,1.2968529331818706,41.55667320623945,0.03633333333333333,-1.8716782118980544
2021-07-28 20:30:00,0.0,0.0760030889776164,1.2385847943367876,39.689514685512016,0.03633333333333333,-1.8410835066183768
2021-07-28 21:00:00,0.0,0.065352102019529,1.0337197117180237,33.124767772483835,0.03633333333333333,-1.8151630512280867
2021-07-28 21:30:00,0.0,0.0811855813186596,0.8864951675254488,28.407068398556152,0.03633333333333333,-1.7933040556010584
2021-07-28 22:00:00,0.0,0.0741244205322108,0.6791124297814364,21.761645127701296,0.03633333333333333,-1.774705363446329
2021-07-28 22:30:00,0.0,0.0706994477372438,0.5897756337299481,18.898914941561127,0.03633333333333333,-1.7583801015966598
2021-07-28 23:00:00,0.0,0.0656147403973138,0.4702271298481973,15.068073385827027,0.03633333333333333,-1.743080177982474
2021-07-28 23:30:00,0.0,0.0645067496074634,0.4102660442729899,13.146665665194757,0.03633333333333333,-1.7276683200738514
2021-07-29 00:00:00,0.0,0.045658606466648,0.4985005134015586,15.974072617273364,0.03666666666666666,-1.7119891720353255
2021-07-29 00:30:00,0.0,0.0447670307129241,0.4085147780936394,13.090547662566776,0.03666666666666666,-1.69717502486821
2021-07-29 01:00:00,0.0,4.3438351331317256e-05,0.4685365468982477,15.013899931473402,0.036,-1.684629117749309
2021-07-29 01:30:00,0.0,0.0425186523090609,0.4385413272718328,14.052725762937596,0.036,-1.6745049023626746
2021-07-29 02:00:00,0.0,0.0427631340347888,0.2276932481035799,7.29625824224488,0.036,-1.6652892672197246
2021-07-29 02:30:00,0.0,0.0415955402939227,0.2276932481035799,7.29625824224488,0.036,-1.6549868999272384
2021-07-29 03:00:00,0.0,4.073247111652964e-05,0.2579093948689315,8.264511854162638,0.036,-1.6427975766665892
2021-07-29 03:30:00,0.0,4.145733419429641e-05,0.1368532596961191,4.385359391867665,0.036,-1.62976038460506
2021-07-29 04:00:00,0.0,0.0427452439455428,0.1065091511393069,3.41300534094518,0.03633333333333333,-1.617959763094887
2021-07-29 04:30:00,0.0,4.028477412003767e-05,0.0152833754578434,0.4897442286162388,0.03633333333333333,-1.609250819401923
2021-07-29 05:00:00,0.0,3.970431208349552e-05,0.1065091511393069,3.41300534094518,0.037,-1.6046884584235248
2021-07-29 05:30:00,0.0,4.046311501241313e-05,0.1368532596961191,4.385359391867665,0.037,-1.604960923982553
2021-07-29 06:00:00,0.0,0.0367380422674853,0.1974452291221705,6.32698330922495,0.037,-1.6110755019822554
2021-07-29 06:30:00,0.0,3.891027643412545e-05,0.1671652592912725,5.35668453535392,0.037,-1.6246756703533851
2021-07-29 07:00:00,0.0,3.795069047326455e-05,0.1974452291221705,6.32698330922495,0.03733333333333333,-1.6477809838754065
2021-07-29 07:30:00,0.0,3.8866250804398595e-05,0.3182463848862529,10.19796514885964,0.03733333333333333,-1.6815535420213683
2021-07-29 08:00:00,0.0,0.0011791939446962,0.6776322429814569,21.714213659138384,0.03766666666666666,-1.7246415924772502
2021-07-29 08:30:00,0.0,0.0053590394655637,1.2084538465674215,38.72399121110105,0.03766666666666666,-1.7732116565725533
2021-07-29 09:00:00,0.0,3.970431208349552e-05,1.3541945140891498,43.39414087733949,0.03766666666666666,-1.8232394715280404
2021-07-29 09:30:00,0.0,0.0088373614179016,1.4702631801245802,47.113473656334016,0.03766666666666666,-1.8724183317647896
2021-07-29 10:00:00,0.0,0.0227319916078659,1.9869299255694184,63.66966946513924,0.03733333333333333,-1.9197619228516984
2021-07-29 10:30:00,0.0,0.0355206025988756,2.3263783439992975,74.54703777278144,0.03733333333333333,-1.964333925963444
2021-07-29 11:00:00,0.0,0.0771808641861464,2.6341369924582696,84.40893132537121,0.03666666666666667,-2.004983204908816
2021-07-29 11:30:00,0.0,0.0992366007373781,2.7729740239403617,88.85785918650484,0.03666666666666667,-2.04108446646369
2021-07-29 12:00:00,0.0,0.1231597406843241,2.800663439974357,89.74514561964968,0.036333333333333336,-2.0732633891346692
2021-07-29 12:30:00,0.0,0.2903431599028636,2.911163072466018,93.28602292298342,0.036333333333333336,-2.10317268061234
2021-07-29 13:00:00,0.0,0.4702687393918266,3.0212526103661546,96.8137590547259,0.036,-2.1322399999951016
2021-07-29 13:30:00,0.0,0.4910200822009465,2.966258874875642,95.05152631753928,0.036,-2.160540993250861
2021-07-29 14:00:00,0.0,0.623127653342664,2.5784191077897662,82.62349377446026,0.03533333333333333,-2.18669922231606
2021-07-29 14:30:00,0.0,0.640230492357336,2.8283269950986623,90.63160335946674,0.03533333333333333,-2.2084510568498716
2021-07-29 15:00:00,0.0,0.4995277533587147,2.5784191077897662,82.62349377446026,0.035333333333333335,-2.2234565162219804
2021-07-29 15:30:00,0.0,0.5195980149030635,2.241883214714395,71.83945514304062,0.035333333333333335,-2.2301390617900156
2021-07-29 16:00:00,0.0,0.6184976118693017,2.466666894464589,79.04247846393154,0.035333333333333335,-2.227602982327683
2021-07-29 16:30:00,0.0,0.4272220638938315,2.1288439313968133,68.21719664625742,0.035333333333333335,-2.214618000033151
2021-07-29 17:00:00,0.0,0.2702260248633141,1.6435032951034336,52.6648223560851,0.034999999999999996,-2.1899656529193408
2021-07-29 17:30:00,0.0,0.2554989982760193,1.4412893948676544,46.18503058105358,0.034999999999999996,-2.155018088650861
2021-07-29 18:00:00,0.0,0.0440186178980354,1.557011961505309,49.89327286612837,0.034333333333333334,-2.115062342097596
2021-07-29 18:30:00,0.0,0.2034196128856573,1.7870882985324408,57.26589539385508,0.034333333333333334,-2.0764311258502257
2021-07-29 19:00:00,0.0,0.1845412344484955,2.2700752340226606,72.74284711867746,0.033999999999999996,-2.042440321728844
2021-07-29 19:30:00,0.0,6.0141642060417303e-05,1.4412893948676544,46.18503058105358,0.033999999999999996,-2.0128569087731236
2021-07-29 20:00:00,0.0,5.8577503760478466e-05,1.3832551301003588,44.32536637858949,0.034,-1.9863826811415075
2021-07-29 20:30:00,0.0,5.633122614814294e-05,0.9442607920083558,30.258124225912532,0.034,-1.9622381661508423
2021-07-29 21:00:00,0.0,5.360866080615109e-05,0.9147566315992276,29.31268567927768,0.03333333333333333,-1.9396331507025393
2021-07-29 21:30:00,0.0,5.2771351588549656e-05,0.7073795551033715,22.667443818846127,0.03333333333333333,-1.9172026242577165
2021-07-29 22:00:00,0.0,5.127173918273271e-05,0.7073795551033715,22.667443818846127,0.033,-1.8937612910319892
2021-07-29 22:30:00,0.0,0.0617865864443586,0.6776322429814569,21.714213659138384,0.033,-1.8693888983124665
2021-07-29 23:00:00,0.0,0.0797571558394472,0.6776322429814569,21.714213659138384,0.03366666666666667,-1.8453443118243775
2021-07-29 23:30:00,0.0,0.0720454401542465,0.3784568226637982,12.127363172571526,0.03366666666666667,-1.822842700175186
2021-07-30 00:00:00,0.0,0.0673779929817955,0.5267730172475261,16.880043659160386,0.03333333333333333,-1.8021297393704896
2021-07-30 00:30:00,0.0,0.0649822116153968,0.4668157088444657,14.958756975158051,0.03333333333333333,-1.7827134978489076
2021-07-30 01:00:00,0.0,0.0590152609478971,0.4367901172593262,13.996609560133724,0.033666666666666664,-1.7640475627232854
2021-07-30 01:30:00,0.0,0.0406733193116946,0.2861897107800837,9.170733227780916,0.033666666666666664,-1.745988260081677
2021-07-30 02:00:00,0.0,0.0378882352992178,0.3766446760060998,12.069294300975589,0.033666666666666664,-1.729195061847782
2021-07-30 02:30:00,0.0,4.11394921498486e-05,0.2257276245273861,7.233271318660608,0.033666666666666664,-1.715944201609903
2021-07-30 03:00:00,0.0,4.10939356366709e-05,0.2257276245273861,7.233271318660608,0.033666666666666664,-1.7102677132517885
2021-07-30 03:30:00,0.0,4.028477412003767e-05,0.1651377857890596,5.291715677582939,0.033666666666666664,-1.7147364103110248
2021-07-30 04:00:00,0.0,3.948357461039692e-05,0.1651377857890596,5.291715677582939,0.033999999999999996,-1.7244495098191344
2021-07-30 04:30:00,0.0,3.8734359909475526e-05,0.104419562419005,3.346046047903387,0.033999999999999996,-1.7259849042397737
2021-07-30 05:00:00,0.0,3.913086921111616e-05,0.1347947618690159,4.319396383026874,0.033999999999999996,-1.7072469691558203
2021-07-30 05:30:00,0.0,3.666573640149513e-05,0.104419562419005,3.346046047903387,0.033999999999999996,-1.6697188567878427
2021-07-30 06:00:00,0.0,3.586361836441259e-05,0.0435723177302386,1.3962420274682172,0.034333333333333334,-1.6284737945623935
2021-07-30 06:30:00,0.0,3.692083777532704e-05,0.0131001121746398,0.4197832049243177,0.034333333333333334,-1.5996039003847595
2021-07-30 07:00:00,0.0,3.6835678740633714e-05,0.1651377857890596,5.291715677582939,0.034333333333333334,-1.5890361846322063
2021-07-30 07:30:00,0.0,3.734850980499943e-05,0.3766446760060998,12.069294300975589,0.034333333333333334,-1.5922935467638923
2021-07-30 08:00:00,0.0,3.721987992815649e-05,0.7058994106876211,22.62001370845384,0.034333333333333334,-1.6016253728511989
2021-07-30 08:30:00,0.0,0.0017708693208761,0.8839200941007048,28.324552114669128,0.034333333333333334,-1.6118515402078926
2021-07-30 09:00:00,0.0,0.0035536484357938,1.527456112724145,48.94617800463291,0.034333333333333334,-1.621065040936037
2021-07-30 09:30:00,0.0,0.0083302283219567,1.6429472916014365,52.6470056436092,0.034333333333333334,-1.628661198335934
2021-07-30 10:00:00,0.0,0.0119700423401178,2.015170567496966,64.57461951590412,0.033999999999999996,-1.63432120158713
2021-07-30 10:30:00,0.0,0.0199122950705509,2.29831303115077,73.64770600999198,0.033999999999999996,-1.6385883096633052
2021-07-30 11:00:00,0.0,0.0838573862746532,2.690192145656628,86.2051763917061,0.033999999999999996,-1.6430910949845003
2021-07-30 11:30:00,0.0,0.0933744685167835,2.438868375229728,78.15169590108063,0.033999999999999996,-1.6494816546080162
2021-07-30 12:00:00,0.0,0.105170911305281,2.6345269418744377,84.4214269600265,0.033999999999999996,-1.6583001462155886
2021-07-30 12:30:00,0.0,0.2236978884179186,2.7179855036514904,87.09579356651767,0.033999999999999996,-1.669109748560436
2021-07-30 13:00:00,0.0,0.2685660738222781,2.8012093066610544,89.7626375055319,0.03333333333333333,-1.6814069916563104
2021-07-30 13:30:00,0.0,0.2937616185977859,2.7179855036514904,87.09579356651767,0.03333333333333333,-1.695415508974821
2021-07-30 14:00:00,0.0,0.4492393475080284,2.4949033219414436,79.9472934658056,0.033,-1.712749612104541
2021-07-30 14:30:00,0.0,0.5876511333025999,2.5228809254955142,80.84381465046886,0.033,-1.736233393453804
2021-07-30 15:00:00,0.0,0.6381999911503626,2.5228809254955142,80.84381465046886,0.033,-1.7671696866605886
2021-07-30 15:30:00,0.0,0.6082217669949118,2.2136564783733967,70.93495068629893,0.033,-1.8016896418779191
2021-07-30 16:00:00,0.0,0.5318463367336606,1.9011439448595424,60.92072247599199,0.03266666666666667,-1.8313667641466072
2021-07-30 16:30:00,0.0,0.542108233660496,1.7005218515631562,54.49193895262512,0.03266666666666667,-1.8486525925181192
2021-07-30 17:00:00,0.0,0.4048627307565904,1.5563718320406996,49.87276040069006,0.03266666666666667,-1.8511129582856944
2021-07-30 17:30:00,0.0,0.5257408375498855,1.4405363126954234,46.16089863137131,0.03266666666666667,-1.8408126912023712
2021-07-30 18:00:00,0.0,0.3951233368424868,1.324237874184555,42.43420296686429,0.03166666666666667,-1.8213980726385832
2021-07-30 18:30:00,0.0,0.0542580245477277,1.295090419599908,41.5001947890858,0.03166666666666667,-1.7960989410771069
2021-07-30 19:00:00,0.0,0.1861345490561512,1.3824452316768276,44.299413795026794,0.03166666666666667,-1.7673077161887654
2021-07-30 19:30:00,0.0,6.282120577324106e-05,1.324237874184555,42.43420296686429,0.03166666666666667,-1.7369500462503435
2021-07-30 20:00:00,0.0,6.0537307569469114e-05,0.9430173667822715,30.218279603245875,0.032,-1.7065833113347515
2021-07-30 20:30:00,0.0,5.885569067130979e-05,0.7356458763904377,23.573216745300577,0.032,-1.6769495499168203
2021-07-30 21:00:00,0.0,5.78059175067552e-05,0.7058994106876211,22.62001370845384,0.031,-1.6478149070293735
2021-07-30 21:30:00,0.0,5.482805807727392e-05,0.8247017344412957,26.426944485300023,0.031,-1.6186309587744214
2021-07-30 22:00:00,0.0,0.086804684306589,0.7653617029554386,24.52543797410652,0.030666666666666665,-1.5893404358882746
2021-07-30 22:30:00,0.0,0.0787136430530746,0.6463142645381257,20.710652682909284,0.030666666666666665,-1.5605615120707896
2021-07-30 23:00:00,0.0,0.0740345007206938,0.5267730172475261,16.880043659160386,0.030666666666666665,-1.5330439880484656
2021-07-30 23:30:00,0.0,0.0467532863336242,0.4968099833765864,15.919900858860682,0.030666666666666665,-1.50690717292742
2021-07-31 00:00:00,0.0,0.0632152384959075,0.46506455436449,14.90264255185221,0.031,-1.481520913559377
2021-07-31 00:30:00,0.0,0.0591402900141898,0.2842549791119459,9.108736212068964,0.031,-1.456340550465644
2021-07-31 01:00:00,0.0,0.0555840535962053,0.2842549791119459,9.108736212068964,0.030666666666666665,-1.4317513498053696
2021-07-31 01:30:00,0.0,0.0364664311695866,0.2237311784875429,7.169296712497598,0.030666666666666665,-1.4087359383052054
2021-07-31 02:00:00,0.0,0.0336662241743837,0.3748020247476437,12.010247932477316,0.031,-1.387562028278209
2021-07-31 02:30:00,0.0,4.218798386732919e-05,0.1327052482723631,4.252439497265704,0.031,-1.3670752333971057
2021-07-31 03:00:00,0.0,4.11394921498486e-05,0.1630793611706984,5.2257550146610185,0.030666666666666665,-1.3458298551632009
2021-07-31 03:30:00,0.0,4.046311501241313e-05,0.1630793611706984,5.2257550146610185,0.030666666666666665,-1.3241582953541229
2021-07-31 04:00:00,0.0,0.0249553738977885,0.1630793611706984,5.2257550146610185,0.030666666666666665,-1.304785741441023
2021-07-31 04:30:00,0.0,3.9439148086964545e-05,0.1630793611706984,5.2257550146610185,0.030666666666666665,-1.2912922227846988
2021-07-31 05:00:00,0.0,3.8866250804398595e-05,0.0413891354793965,1.326283600397148,0.031,-1.286406981637101
2021-07-31 05:30:00,0.0,3.825496551648326e-05,-0.0196505548266714,-0.6296871945608308,0.031,-1.2917149068449136
2021-07-31 06:00:00,0.0,3.7865839024847846e-05,0.0108855723026255,0.3488199465557003,0.03133333333333333,-1.3078867571167292
2021-07-31 06:30:00,0.0,3.6835678740633714e-05,-0.0196505548266714,-0.6296871945608308,0.03133333333333333,-1.33431881686934
2021-07-31 07:00:00,0.0,3.5905459563835916e-05,0.1022988930562485,3.278090799137955,0.03133333333333333,-1.368917479092141
2021-07-31 07:30:00,0.0,3.696346423972096e-05,0.1022988930562485,3.278090799137955,0.03133333333333333,-1.4089676540206555
2021-07-31 08:00:00,0.0,3.847323793770416e-05,0.3748020247476437,12.010247932477316,0.03133333333333333,-1.4523113470051583
2021-07-31 08:30:00,0.0,3.799406494841691e-05,0.7936264069691749,25.431159076258044,0.03133333333333333,-1.497559525054624
2021-07-31 09:00:00,0.0,0.0028925666759576,0.9417445977101006,30.17749467918402,0.03133333333333333,-1.5435742934898584
2021-07-31 09:30:00,0.0,0.0064036446597186,1.0596953411844596,33.95713720886592,0.03133333333333333,-1.589268081974614
2021-07-31 10:00:00,0.0,0.0109162624402975,1.642363311492984,52.62829244189993,0.03166666666666667,-1.6336722733531557
2021-07-31 10:30:00,0.0,0.0155530521452265,1.986453726460892,63.65441002420511,0.03166666666666667,-1.6755016195405878
2021-07-31 11:00:00,0.0,0.0531016779357653,2.043410879477205,65.47955899375658,0.03133333333333333,-1.7125108820679031
2021-07-31 11:30:00,0.0,0.0708052308227495,2.326550601020037,74.55255761896846,0.03133333333333333,-1.7419857393401932
2021-07-31 12:00:00,0.0,0.076688585687605,2.3547151804325055,75.45507030385977,0.031,-1.7626009921891
2021-07-31 12:30:00,0.0,0.0797040936049723,2.2701404527421487,72.74493700330767,0.031,-1.775764032541312
2021-07-31 13:00:00,0.0,0.1158116925649651,2.410963657386856,77.25751028400886,0.030333333333333334,-1.7846499431908345
2021-07-31 13:30:00,0.0,0.2383787613174665,2.2701404527421487,72.74493700330767,0.030333333333333334,-1.7916664439557703
2021-07-31 14:00:00,0.0,0.2733788106397122,2.326550601020037,74.55255761896846,0.030666666666666665,-1.796890800627737
2021-07-31 14:30:00,0.0,0.1337718877647667,2.0149461361251704,64.56742778202566,0.030666666666666665,-1.7990874469648908
2021-07-31 15:00:00,0.0,0.0960569290384497,1.957933586449536,62.740503668347024,0.030333333333333334,-1.7985507337212934
2021-07-31 15:30:00,0.0,0.2355943303061968,1.8722061407411927,59.993432389133865,0.030333333333333334,-1.7988583905685411
2021-07-31 16:00:00,0.0,0.2197887774580759,1.7862267958259912,57.23828919000405,0.030666666666666665,-1.8047352684972924
2021-07-31 16:30:00,0.0,0.3419362973229605,1.7287664180167543,55.39701476186453,0.030666666666666665,-1.8170777970332024
2021-07-31 17:00:00,0.0,0.07110244288408,1.7287664180167543,55.39701476186453,0.03,-1.8303965427852595
2021-07-31 17:30:00,0.0,0.1995524834797183,1.3524891960965746,43.3394952496689,0.03,-1.8361986279827645
2021-07-31 18:00:00,0.0,0.0405807236457133,1.3816068562072952,44.272548686023256,0.03,-1.82915594147303
2021-07-31 18:30:00,0.0,0.1821330896792625,1.2649607659383948,40.534712783384016,0.03,-1.8100335999918116
2021-07-31 19:00:00,0.0,0.1848367378983259,1.089108100600981,34.899646879694345,0.029666666666666664,-1.783679770270414
2021-07-31 19:30:00,0.0,0.0049411058660835,0.9121816250962872,29.230171539849326,0.029666666666666664,-1.7551555717130385
2021-07-31 20:00:00,0.0,6.12172400891345e-05,0.9121816250962872,29.230171539849326,0.029666666666666664,-1.7272772392971596
2021-07-31 20:30:00,0.0,5.969384359911485e-05,0.882588392786011,28.281878751385545,0.029666666666666664,-1.7005413970232366
2021-07-31 21:00:00,0.0,0.0744740201734301,0.8529648278363702,27.332613976392444,0.029666666666666664,-1.6743392903358336
2021-07-31 21:30:00,0.0,0.0666972644226129,0.6447443781560955,20.660346858956768,0.029666666666666664,-1.6477064275290916
2021-07-31 22:00:00,0.0,0.093788979610117,0.4950891992324428,15.864759630038998,0.029666666666666664,-1.6191660706144797
2021-07-31 22:30:00,0.0,0.0623746555179718,0.46506455436449,14.90264255185221,0.029666666666666664,-1.5867486125559136
2021-07-31 23:00:00,0.0,0.0590512758605455,0.4350085283053507,13.939519887084558,0.03,-1.5489887179016866
2021-07-31 23:30:00,0.0,0.0569605620812171,0.3144690700858943,10.076923947703191,0.03,-1.506039764759387
2021-08-01 00:00:00,0.0,0.0770915375111754,0.4331964987039906,13.88145476647061,0.029333333333333333,-1.4595887698352994
2021-08-01 00:30:00,0.0,0.0745933547308255,0.3125344035363445,10.014929018667235,0.029333333333333333,-1.41166793957464
2021-08-01 01:00:00,0.0,0.0754787833782376,0.3729288067914123,11.95022207722465,0.029333333333333333,-1.3636629879115134
2021-08-01 01:30:00,0.0,0.0533130050286702,0.3125344035363445,10.014929018667235,0.029333333333333333,-1.3161455015074863
2021-08-01 02:00:00,0.0,0.0520214633138696,0.2217038468931218,7.104332402054676,0.029666666666666664,-1.269151427723272
2021-08-01 02:30:00,0.0,0.0719460722170463,0.2217038468931218,7.104332402054676,0.029666666666666664,-1.2225515121197532
2021-08-01 03:00:00,0.0,0.0706953043810855,0.1913629592859086,6.132081564030488,0.029333333333333336,-1.1763147622648185
2021-08-01 03:30:00,0.0,0.0690034249464581,0.1305846552075871,4.184486693411455,0.029333333333333336,-1.130305682025911
2021-08-01 04:00:00,0.0,0.0664875736262309,0.1609899219411185,5.158800511936558,0.029666666666666664,-1.0835672304891395
2021-08-01 04:30:00,0.0,0.0645543061064539,0.1305846552075871,4.184486693411455,0.029666666666666664,-1.0338619210278237
2021-08-01 05:00:00,0.0,0.043930572280951,0.1913629592859086,6.132081564030488,0.029666666666666664,-0.9781604750508892
2021-08-01 05:30:00,0.0,0.0604686980429631,0.0696771135375591,2.2327505017319607,0.029666666666666664,-0.9140938572585418
2021-08-01 06:00:00,0.0,0.0418552269510648,0.1305846552075871,4.184486693411455,0.029666666666666664,-0.8418705819136827
2021-08-01 06:30:00,0.0,3.970431208349552e-05,0.1001470791479988,3.2091375469242474,0.029666666666666664,-0.7659282871871674
2021-08-01 07:00:00,0.0,0.0389704711502118,0.1305846552075871,4.184486693411455,0.03,-0.6954979099136477
2021-08-01 07:30:00,0.0,4.050824563260603e-05,0.4632830219465924,14.845554690458975,0.03,-0.6431900263876338
2021-08-01 08:00:00,0.0,4.145733419429641e-05,0.9108499584235502,29.187499286641103,0.03,-0.6211869966762014
2021-08-01 08:30:00,0.0,4.204932231105377e-05,1.2054221549499555,38.62684294194457,0.03,-0.6355081675567185
2021-08-01 09:00:00,0.0,0.0023378520686514,1.5839505122007376,50.756498386352135,0.030000000000000002,-0.6805553168586823
2021-08-01 09:30:00,0.0,0.0064473916208403,1.8144700775349176,58.14332383057037,0.030000000000000002,-0.7382143443963316
2021-08-01 10:00:00,0.0,0.0121490839323321,1.9861745778054931,63.6454649162815,0.02966666666666667,-0.7848408411066485
2021-08-01 10:30:00,0.0,0.0186549209023778,2.213560368494893,70.93187091779883,0.02966666666666667,-0.8041969513698276
2021-08-01 11:00:00,0.0,0.1149304662791267,2.3265966152042985,74.55403210876548,0.02966666666666667,-0.7982236663066417
2021-08-01 11:30:00,0.0,0.1385693975768764,2.1568788382738884,69.11555407264618,0.02966666666666667,-0.7863119373340237
2021-08-01 12:00:00,0.0,0.1684231803041827,1.8718169093432668,59.980959762831105,0.028999999999999998,-0.7921734942720801
2021-08-01 12:30:00,0.0,0.0992431308256301,1.699437801781034,54.45720139574239,0.028999999999999998,-0.8300978470287574
2021-08-01 13:00:00,0.0,0.1554089569506977,1.699437801781034,54.45720139574239,0.028999999999999998,-0.902126345762419
2021-08-01 13:30:00,0.0,0.1858215074286694,2.014694374039843,64.55936025606495,0.028999999999999998,-1.002806257455603
2021-08-01 14:00:00,0.0,0.3759686065024829,1.8144700775349176,58.14332383057037,0.028999999999999998,-1.1216023278661067
2021-08-01 14:30:00,0.0,0.4333265130309568,1.929051569479291,61.81500123853432,0.028999999999999998,-1.2425966848439298
2021-08-01 15:00:00,0.0,0.4196791104457688,1.3807399477773912,44.24476925984509,0.028999999999999998,-1.3477939428922188
2021-08-01 15:30:00,0.0,0.4219089863627451,1.3807399477773912,44.24476925984509,0.028999999999999998,-1.4246242372649005
2021-08-01 16:00:00,0.0,0.6069013201410548,1.2932133175616567,41.440044471357034,0.028999999999999998,-1.471479354602815
2021-08-01 16:30:00,0.0,0.2434268590292533,1.234715384863707,39.565522380093526,0.028999999999999998,-1.495924118480105
2021-08-01 17:00:00,0.0,0.1741671061349524,1.3224181604525804,42.37589161408581,0.028999999999999998,-1.5068671586541291
2021-08-01 17:30:00,0.0,0.4478402842336806,1.5550070926869572,49.82902835838669,0.028999999999999998,-1.507516742329401
2021-08-01 18:00:00,0.0,0.2800600614796756,1.234715384863707,39.565522380093526,0.028999999999999998,-1.4955906984566196
2021-08-01 18:30:00,0.0,0.0208249819657707,1.3807399477773912,44.24476925984509,0.028999999999999998,-1.4702050840061194
2021-08-01 19:00:00,0.0,7.040987270893837e-05,1.146746815905403,36.74663599823415,0.028666666666666663,-1.4367802631364894
2021-08-01 19:30:00,0.0,6.881328711310066e-05,0.9995366914423705,32.029398693653704,0.028666666666666663,-1.4038173603435786
2021-08-01 20:00:00,0.0,6.741977387618479e-05,0.9108499584235502,29.187499286641103,0.028666666666666663,-1.3767614001656023
2021-08-01 20:30:00,0.0,6.598620148738524e-05,0.7326558484080314,23.47740355587631,0.028666666666666663,-1.357099268194958
2021-08-01 21:00:00,0.0,6.415798285556042e-05,0.7326558484080314,23.47740355587631,0.028333333333333332,-1.3452659685955697
2021-08-01 21:30:00,0.0,6.13297119151834e-05,0.9404424262679772,30.13576757837387,0.028333333333333332,-1.3410881234615588
2021-08-01 22:00:00,0.0,5.7257049694970535e-05,0.6132454882299475,19.650988710836923,0.027999999999999997,-1.342105964172294
2021-08-01 22:30:00,0.0,5.753003836632131e-05,0.4632830219465924,14.845554690458975,0.027999999999999997,-1.343923384006258
2021-08-01 23:00:00,0.0,5.676721290576391e-05,0.3729288067914123,11.95022207722465,0.027666666666666662,-1.3425951647516303
2021-08-01 23:30:00,0.0,0.0870172101659261,0.4632830219465924,14.845554690458975,0.027666666666666662,-1.3359489913722915
2021-08-02 00:00:00,0.0,0.0842542554969011,0.4880588927750934,15.63947876702628,0.028333333333333335,-1.323043951376446
2021-08-02 00:30:00,0.0,0.0824860728122325,0.3977072099318293,12.744227299815575,0.028333333333333335,-1.30346386725435
2021-08-02 01:00:00,0.0,0.0849019905167286,0.3373145502659379,10.808990113257025,0.028,-1.2778584784345477
2021-08-02 01:30:00,0.0,5.482805807727392e-05,0.3675267524028785,11.777117322535286,0.028,-1.248958923964666
2021-08-02 02:00:00,0.0,5.376722386039596e-05,0.2464866927383835,7.898479987768405,0.02766666666666667,-1.2211618052095126
2021-08-02 02:30:00,0.0,5.2771351588549656e-05,0.2161467272980129,6.926258699884513,0.02766666666666667,-1.198226551312257
2021-08-02 03:00:00,0.0,5.070769872564525e-05,0.3675267524028785,11.777117322535286,0.029333333333333333,-1.181161119819276
2021-08-02 03:30:00,0.0,4.969524075112918e-05,0.2464866927383835,7.898479987768405,0.029333333333333333,-1.168253413523056
2021-08-02 04:00:00,0.0,4.894307090417464e-05,0.1857746234066986,5.9530075596025185,0.028333333333333332,-1.156321648919971
2021-08-02 04:30:00,0.0,4.8495168331721855e-05,0.2161467272980129,6.926258699884513,0.028333333333333332,-1.1415173007725197
2021-08-02 05:00:00,0.0,4.834497702000175e-05,0.0639632266839686,2.049653311112594,0.027999999999999997,-1.1204704969161636
2021-08-02 05:30:00,0.0,4.7999675281042e-05,0.0944646834207983,3.0270494656763445,0.027999999999999997,-1.0926048202597158
2021-08-02 06:00:00,0.0,0.0476476399888848,0.1249336815152776,4.0034055075500925,0.027666666666666662,-1.0612356303077852
2021-08-02 06:30:00,0.0,4.765366749582296e-05,0.0944646834207983,3.0270494656763445,0.027666666666666662,-1.0313456896966533
2021-08-02 07:00:00,0.0,4.721230452675592e-05,0.0944646834207983,3.0270494656763445,0.027666666666666662,-1.0063319863381055
2021-08-02 07:30:00,0.0,4.716294817974573e-05,0.1249336815152776,4.0034055075500925,0.027666666666666662,-0.9873276470988926
2021-08-02 08:00:00,0.0,4.6385317006308536e-05,0.0944646834207983,3.0270494656763445,0.027999999999999997,-0.975573562106232
2021-08-02 08:30:00,0.0,4.672412775595169e-05,0.2464866927383835,7.898479987768405,0.027999999999999997,-0.9752437028705636
2021-08-02 09:00:00,0.0,4.513621310008724e-05,0.0028626139135583,0.0917303017771695,0.027999999999999997,-0.993280599520776
2021-08-02 09:30:00,0.0,4.599922636477037e-05,0.2161467272980129,6.926258699884513,0.027999999999999997,-1.0346542669343357
2021-08-02 10:00:00,0.0,4.653006038617735e-05,0.4880588927750934,15.63947876702628,0.027999999999999997,-1.0958274347004775
2021-08-02 10:30:00,0.0,0.0133088485456539,0.965206440670702,30.929311724727988,0.027999999999999997,-1.161927807904428
2021-08-02 11:00:00,0.0,0.0053901069817927,0.8763400168854724,28.08165426276035,0.027999999999999997,-1.211530176303381
2021-08-02 11:30:00,0.0,0.01233821339428,0.8763400168854724,28.08165426276035,0.027999999999999997,-1.2276084921450192
2021-08-02 12:00:00,0.0,0.0093900926857767,1.0242994151129785,32.82290147947156,0.027999999999999997,-1.2074459906784016
2021-08-02 12:30:00,0.0,0.0246308795530958,1.2887365101468815,41.296588557441936,0.027999999999999997,-1.1632523734439744
2021-08-02 13:00:00,0.0,0.0162938475758475,1.3471745238419697,43.16919058949359,0.027666666666666662,-1.113675969734758
2021-08-02 13:30:00,0.0,0.007948522877622,1.1715064946100693,37.540041210417144,0.027666666666666662,-1.0747899783581083
2021-08-02 14:00:00,0.0,0.0010571258034795,1.112713364601326,35.656059744183565,0.027666666666666662,-1.0561048472456331
2021-08-02 14:30:00,0.0,0.0033111422434932,0.6080880748926725,19.48572329394745,0.027666666666666662,-1.0593408224582062
2021-08-02 15:00:00,0.0,4.8147198269495526e-05,0.9356146339025232,29.981064616684527,0.028666666666666663,-1.077940574667312
2021-08-02 15:30:00,0.6,0.0202051643301253,0.7276191898601362,23.316007635050692,0.028666666666666663,-1.099257917362999
2021-08-02 16:00:00,0.6,0.001744014906956,0.3675267524028785,11.777117322535286,0.03233333333333333,-1.1103492652411502
2021-08-02 16:30:00,0.0,0.0118710460243313,0.2161467272980129,6.926258699884513,0.03233333333333333,-1.1045845312563976
2021-08-02 17:00:00,0.0,0.0180694111904998,1.1421248322411572,36.59852802100316,0.041,-1.0843330032327374
2021-08-02 17:30:00,0.0,0.0017528042739851,1.8105037160670696,58.01622477167186,0.041,-1.0571845171453778
2021-08-02 18:00:00,0.0,4.939320868637296e-05,1.4636993544357095,46.90314081738529,0.042,-1.0291564311583867
2021-08-02 18:30:00,0.0,0.0068420863354959,1.5217872763915898,48.76452442394997,0.042,-1.0016610656618277
2021-08-02 19:00:00,0.0,4.824707301932508e-05,1.1715064946100693,37.540041210417144,0.042333333333333334,-0.9746707517932984
2021-08-02 19:30:00,0.0,4.7360545973716264e-05,0.965206440670702,30.929311724727988,0.042333333333333334,-0.9508638987891042
2021-08-02 20:00:00,0.6,4.489792263814394e-05,0.6679155877730644,21.402850778412844,0.043000000000000003,-0.9348268107474296
2021-08-02 20:30:00,0.0,4.494592287399764e-05,0.5481360462976069,17.564605797406408,0.043000000000000003,-0.9280597235162642
2021-08-02 21:00:00,0.0,4.5040008757780785e-05,0.6080880748926725,19.48572329394745,0.043333333333333335,-0.9263545958938036
2021-08-02 21:30:00,0.0,4.433017971344391e-05,0.4880588927750934,15.63947876702628,0.043333333333333335,-0.9236782533200684
2021-08-02 22:00:00,0.0,0.0087324784272997,0.42785600078157,13.710322542266814,0.044333333333333336,-0.9189400497471132
2021-08-02 22:30:00,0.0,4.311153004483944e-05,0.3373145502659379,10.808990113257025,0.044333333333333336,-0.9174125166914135
2021-08-02 23:00:00,0.0,4.381194643932356e-05,0.2161467272980129,6.926258699884513,0.045000000000000005,-0.9243415118358482
2021-08-02 23:30:00,0.0,4.489792263814394e-05,0.2161467272980129,6.926258699884513,0.045000000000000005,-0.9382415388692674
2021-08-03 00:00:00,0.0,4.3344266036965424e-05,0.2561757676114697,8.208959077470366,0.045000000000000005,-0.9516898298092578
2021-08-03 00:30:00,0.0,0.0178040107376265,0.3774614389516683,12.095466852964716,0.045000000000000005,-0.9573535552762502
2021-08-03 01:00:00,0.0,0.0100049533506639,0.2257740833305042,7.2347600559332275,0.04533333333333333,-0.95158372959769
2021-08-03 01:30:00,0.0,4.2095512538396045e-05,0.1343751152261904,4.305949123162789,0.04533333333333333,-0.933193627510736
2021-08-03 02:00:00,0.0,4.095934311956155e-05,0.103843886159939,3.327598936778845,0.04566666666666666,-0.9012081715861447
2021-08-03 02:30:00,0.0,0.0196398262818017,0.1343751152261904,4.305949123162789,0.04566666666666666,-0.8550224771849524
2021-08-03 03:00:00,0.0,0.0131830638167262,0.2561757676114697,8.208959077470366,0.04566666666666666,-0.7969065138141538
2021-08-03 03:30:00,0.0,0.0173501607335617,0.2561757676114697,8.208959077470366,0.04566666666666666,-0.7341143564262788
2021-08-03 04:00:00,0.0,0.0110090995598135,0.3168826578206293,10.15426554456482,0.04599999999999999,-0.6779016284321426
2021-08-03 04:30:00,0.0,0.0138355004988044,0.1648738373766002,5.283257649969146,0.04599999999999999,-0.6388683124594173
2021-08-03 05:00:00,0.0,0.0141575021344969,0.1953401332837382,6.2595271022895105,0.04599999999999999,-0.6218277650500955
2021-08-03 05:30:00,0.0,0.018365761775062,-0.0186077229290182,-0.5962704336691471,0.04599999999999999,-0.6249599457078715
2021-08-03 06:00:00,0.0,0.0218958564678607,0.1648738373766002,5.283257649969146,0.04633333333333333,-0.6437424594766713
2021-08-03 06:30:00,0.0,0.0142958408503312,0.3168826578206293,10.15426554456482,0.04633333333333333,-0.6744454794649565
2021-08-03 07:00:00,0.0,0.0219089276805372,0.4077029858235673,13.0645343921214,0.04633333333333333,-0.7139923717227191
2021-08-03 07:30:00,0.0,0.0302868799590023,0.8575544905577525,27.47968625340953,0.04633333333333333,-0.7595942644631745
2021-08-03 08:00:00,0.0,0.0271881082610341,0.9763397745489972,31.28607100393254,0.04666666666666666,-0.8108838853348264
2021-08-03 08:30:00,0.0,0.0373766655203337,1.7368108200068433,55.65479155064932,0.04666666666666666,-0.8711709433068443
2021-08-03 09:00:00,0.0,4.046311501241313e-05,1.7944943131129645,57.5032155400403,0.04599999999999999,-0.9442003708092692
2021-08-03 09:30:00,0.0,0.0025127177406919,1.995495379761783,63.94414297838624,0.04599999999999999,-1.0291056870553843
2021-08-03 10:00:00,0.0,0.0048892127283827,2.393412019567274,76.6950813003977,0.04633333333333333,-1.1190961632936274
2021-08-03 10:30:00,0.0,0.1166326819897169,3.035696864211028,97.27661426473544,0.04633333333333333,-1.2047995317589602
2021-08-03 11:00:00,0.0,0.2097587500846459,3.090895408732083,99.04540995268864,0.04633333333333333,-1.2790612516538384
2021-08-03 11:30:00,0.0,0.2620287478522943,3.008059096007773,96.39098284733602,0.04633333333333333,-1.341139009886123
2021-08-03 12:00:00,0.0,0.3065489159237869,3.20098612783484,102.57318393517734,0.04599999999999999,-1.398068703818788
2021-08-03 12:30:00,0.0,0.346606672464394,3.173501602352752,101.69246306508968,0.04599999999999999,-1.459183457780688
2021-08-03 13:00:00,0.0,0.4873200135015603,2.98039558726979,95.50452659393362,0.04566666666666666,-1.5259416995501005
2021-08-03 13:30:00,0.0,0.5127336136366998,2.6743814880041548,85.6985358032259,0.04566666666666666,-1.5888404638315126
2021-08-03 14:00:00,0.0,0.5224470382652594,2.618401087931145,83.90468614435918,0.04499999999999999,-1.6382535649239296
2021-08-03 14:30:00,0.0,0.5264529106870819,2.449820380982778,78.50264465740236,0.04499999999999999,-1.6773545440694717
2021-08-03 15:00:00,0.0,0.4599161686796868,2.2802701515665227,73.06953555488693,0.04466666666666667,-1.719864086635252
2021-08-03 15:30:00,0.0,0.548645915479572,2.5342310966919213,81.20752231783457,0.04466666666666667,-1.774812143569551
2021-08-03 16:00:00,0.0,0.5552438992244305,2.33689544205003,74.88405024010875,0.044333333333333336,-1.837275361181664
2021-08-03 16:30:00,0.0,0.5292416803448694,2.251916582782853,72.16096684826987,0.044333333333333336,-1.8941045909462773
2021-08-03 17:00:00,0.0,0.669847643195227,2.0526718055661504,65.77631837889456,0.044000000000000004,-1.934503047100767
2021-08-03 17:30:00,0.0,0.487844012755879,1.880806712138048,60.26903120668762,0.044000000000000004,-1.9547057384511264
2021-08-03 18:00:00,0.0,0.6223042948918905,1.8520642028586471,59.347999195509026,0.043333333333333335,-1.957041659320612
2021-08-03 18:30:00,0.0,0.5896652425325547,2.1097369835690136,67.60492892758838,0.043333333333333335,-1.947067675545139
2021-08-03 19:00:00,0.0,0.4068324783875993,1.6790131902402452,53.80271013813892,0.043000000000000003,-1.9301736229691584
2021-08-03 19:30:00,0.0,0.2096703576708095,1.7656668002260911,56.57945965243231,0.043000000000000003,-1.9094311913048851
2021-08-03 20:00:00,0.0,0.1271325153931856,1.5630733692549563,50.08750610150675,0.042,-1.8861676633067876
2021-08-03 20:30:00,0.0,0.1222528977258887,1.1241389686509418,36.02218460038357,0.042,-1.8618801278314507
2021-08-03 21:00:00,0.0,0.1069289009114579,1.1830482057474734,37.90988663059221,0.042,-1.838520255894358
2021-08-03 21:30:00,0.0,0.0901707397659547,1.2711883839626206,40.73427210153358,0.042,-1.8164544426082432
2021-08-03 22:00:00,0.0,0.1191100492339067,0.9170081330751182,29.38483334433897,0.042333333333333334,-1.793139541581302
2021-08-03 22:30:00,0.0,0.1071453030959825,0.9170081330751182,29.38483334433897,0.042333333333333334,-1.7652656070853687
2021-08-03 23:00:00,0.0,0.1017257287219696,0.6784556201550591,21.74059815907155,0.042666666666666665,-1.732467394105532
2021-08-03 23:30:00,0.0,0.0682796399367376,0.6185080158679022,19.819622436137383,0.042666666666666665,-1.6978911356933468
2021-08-04 00:00:00,0.0,0.0647562739953353,0.7188620326886683,23.035391144561306,0.042666666666666665,-1.6647624789445117
2021-08-04 00:30:00,0.0,0.063420430354088,0.6588563557154489,21.11255452624327,0.042666666666666665,-1.6335617990156397
2021-08-04 01:00:00,0.0,4.182074367647945e-05,0.6588563557154489,21.11255452624327,0.042666666666666665,-1.6029346925243737
2021-08-04 01:30:00,0.0,4.0239795705298545e-05,0.7787431367671308,24.954235918511085,0.042666666666666665,-1.571589461006094
2021-08-04 02:00:00,0.0,3.8080907314678035e-05,0.4780857666025087,15.319897467871698,0.042666666666666665,-1.5382801585095818
2021-08-04 02:30:00,0.0,3.78225567148035e-05,0.5082931436530115,16.287870060897674,0.042666666666666665,-1.501852200126054
2021-08-04 03:00:00,0.0,3.692083777532704e-05,0.5686129307173837,18.220772099954505,0.042666666666666665,-1.462408327977628
2021-08-04 03:30:00,0.0,3.692083777532704e-05,0.4780857666025087,15.319897467871698,0.042666666666666665,-1.4206097374932087
2021-08-04 04:00:00,0.0,3.561149629736711e-05,0.5082931436530115,16.287870060897674,0.043000000000000003,-1.374465429778848
2021-08-04 04:30:00,0.0,3.4657089110898426e-05,0.3872727643036467,12.409863366971814,0.043000000000000003,-1.3183003082158526
2021-08-04 05:00:00,0.0,0.0396018388685742,0.3569378778923216,11.437804832739358,0.043000000000000003,-1.2470110938209824
2021-08-04 05:30:00,0.0,0.0416631821440323,0.4175756553661663,13.380896634406156,0.043000000000000003,-1.1615182205921422
2021-08-04 06:00:00,0.0,3.3352570329917715e-05,0.3265709169897237,10.46471849564817,0.042666666666666665,-1.0693779553939045
2021-08-04 06:30:00,0.0,3.461619743987309e-05,0.2352767916417154,7.539267169854247,0.042666666666666665,-0.9806101018156608
2021-08-04 07:00:00,0.0,0.036025024334532,0.3265709169897237,10.46471849564817,0.043333333333333335,-0.904058536610961
2021-08-04 07:30:00,0.0,3.449201241240149e-05,0.6288066119659385,20.149633173344952,0.043333333333333335,-0.8470775897766863
2021-08-04 08:00:00,0.0,3.556987643811817e-05,0.9576450464482956,30.687012555219905,0.043333333333333335,-0.8159276847781515
2021-08-04 08:30:00,0.0,3.445124818432026e-05,1.0763011116883914,34.489256588413895,0.043333333333333335,-0.8140757492619668
2021-08-04 09:00:00,0.0,0.0043805856286463,1.253379132940804,40.16358809733761,0.043666666666666666,-0.8412250323044516
2021-08-04 09:30:00,0.0,0.0091398920153524,1.6333858789034124,52.340617391930664,0.043666666666666666,-0.8967181142106871
2021-08-04 10:00:00,0.0,0.0091407481332449,1.6914109899050316,54.19998826888414,0.043000000000000003,-0.9820124093602904
2021-08-04 10:30:00,0.0,0.0245234554174771,2.180031086914136,69.85745040191749,0.043000000000000003,-1.0949980345560388
2021-08-04 11:00:00,0.0,0.0688425765287892,2.293827120364307,73.50395838540358,0.042666666666666665,-1.221659778316156
2021-08-04 11:30:00,0.0,0.0968162594692109,2.378886193374905,76.22961216609436,0.042666666666666665,-1.338718200995202
2021-08-04 12:00:00,0.0,0.0490746829160108,2.037163279787382,65.27935937821779,0.042666666666666665,-1.4280235341955188
2021-08-04 12:30:00,0.0,0.0667525029855493,1.9798207556586536,63.441861482298485,0.042666666666666665,-1.4881903181211047
2021-08-04 13:00:00,0.0,0.0514911059182011,1.778233008549383,56.98213431150202,0.042333333333333334,-1.5327594045732538
2021-08-04 13:30:00,0.0,0.057183359170979,1.6043299902956525,51.40954337675531,0.042333333333333334,-1.578362096667839
2021-08-04 14:00:00,0.0,0.2030729194081173,1.6043299902956525,51.40954337675531,0.042,-1.6328871244633665
2021-08-04 14:30:00,0.0,0.2102630899025867,1.6043299902956525,51.40954337675531,0.042,-1.6916286455557568
2021-08-04 15:00:00,0.0,0.1501341310969594,1.312165829984501,42.04736342406274,0.04133333333333333,-1.7429920011753488
2021-08-04 15:30:00,0.0,0.1346604992616365,1.0763011116883914,34.489256588413895,0.04133333333333333,-1.7776052315410489
2021-08-04 16:00:00,0.0,0.2624755071941411,1.2827873549114936,41.10595236913983,0.04133333333333333,-1.793709995578292
2021-08-04 16:30:00,0.0,0.2148419913810654,1.0763011116883914,34.489256588413895,0.04133333333333333,-1.7973777289968644
2021-08-04 17:00:00,0.0,0.092776432598098,1.5461312053088312,49.544607248058334,0.041,-1.799322210850914
2021-08-04 17:30:00,0.0,0.184232091482237,1.5752451219461678,50.47754072763417,0.041,-1.809478445056219
2021-08-04 18:00:00,0.0,0.0060622083485004,1.4001234821195814,44.8658999845634,0.04066666666666666,-1.830920033012606
2021-08-04 18:30:00,0.0,0.1249086223072755,1.105889318944985,35.437388352826,0.04066666666666666,-1.857187468289221
2021-08-04 19:00:00,0.0,0.0006304065660768,0.7488181183889009,23.9953112959761,0.04033333333333333,-1.876144284272891
2021-08-04 19:30:00,0.0,0.0780718541607669,0.8086371633903079,25.912167433652108,0.04033333333333333,-1.878147380983994
2021-08-04 20:00:00,0.0,0.0747988651572243,0.7188620326886683,23.035391144561306,0.04033333333333333,-1.8619508552360904
2021-08-04 20:30:00,0.0,0.0740133518723268,0.5082931436530115,16.287870060897674,0.04033333333333333,-1.8340964576590515
2021-08-04 21:00:00,0.0,0.1015610813663854,0.5384688391106512,17.25482744119785,0.04033333333333333,-1.8032998661534505
2021-08-04 21:30:00,0.0,0.0735788203809925,0.5987254959389094,19.18570651949753,0.04033333333333333,-1.774774572746334
2021-08-04 22:00:00,0.0,4.5614963145202326e-05,0.6888748038319384,22.074473034207557,0.04033333333333333,-1.7486280625548811
2021-08-04 22:30:00,0.0,0.0521467407540445,0.5686129307173837,18.220772099954505,0.04033333333333333,-1.7228439823721038
2021-08-04 23:00:00,0.0,0.045197776903532,0.4478466299396578,14.350907162044413,0.04,-1.6970306155652235
2021-08-04 23:30:00,0.0,0.0413139144823846,0.3872727643036467,12.409863366971814,0.04,-1.6726759457262117
2021-08-05 00:00:00,0.0,0.0376301175962073,0.4576571701562533,14.66527851698089,0.04033333333333333,-1.650652091977827
2021-08-05 00:30:00,0.0,0.0336001961257379,0.3665636159324182,11.746254341443262,0.04033333333333333,-1.6301436675399064
2021-08-05 01:00:00,0.0,0.0327554483215147,0.3969602295102779,12.72029087612742,0.04033333333333333,-1.610050096562261
2021-08-05 01:30:00,0.0,3.598923620581269e-05,0.2446543455263327,7.839763804658318,0.04033333333333333,-1.5899607126330533
2021-08-05 02:00:00,0.0,3.53190922434402e-05,0.3969602295102779,12.72029087612742,0.04066666666666666,-1.5688849931020443
2021-08-05 02:30:00,0.0,0.0276145377993436,0.2751802459229154,8.817943237845519,0.04066666666666666,-1.5433839680263226
2021-08-05 03:00:00,0.0,0.0268204341878622,0.2446543455263327,7.839763804658318,0.04066666666666666,-1.50780104088634
2021-08-05 03:30:00,0.0,0.0259649218691084,0.3361348007914521,10.771185931979392,0.04066666666666666,-1.457301483265119
2021-08-05 04:00:00,0.0,0.0253142593154179,0.2140959222259368,6.860542199571047,0.04033333333333333,-1.391425431380657
2021-08-05 04:30:00,0.0,0.0344110795250637,0.2140959222259368,6.860542199571047,0.04033333333333333,-1.314433868360148
2021-08-05 05:00:00,0.0,0.0344729160142434,0.2446543455263327,7.839763804658318,0.04066666666666666,-1.2315406397303283
2021-08-05 05:30:00,0.0,3.303117294097335e-05,0.3361348007914521,10.771185931979392,0.04066666666666666,-1.1448337705885812
2021-08-05 06:00:00,0.0,3.0093290408167564e-05,0.1528811823770023,4.898962074162656,0.03966666666666666,-1.0537607800336122
2021-08-05 06:30:00,0.0,3.0093290408167564e-05,0.0300578414444003,0.963180837417846,0.03966666666666666,-0.9612214769861372
2021-08-05 07:00:00,0.0,2.9902966050348084e-05,0.0915353743644154,2.933181968397756,0.04,-0.879966743402954
2021-08-05 07:30:00,0.0,3.0284443149030228e-05,0.2751802459229154,8.817943237845519,0.04,-0.8302025885963294
2021-08-05 08:00:00,0.0,3.219286580736566e-05,0.608841532803462,19.50986728388817,0.03966666666666666,-0.8254618648933093
2021-08-05 08:30:00,0.0,3.29899059323388e-05,0.9088518797902392,29.123472365252915,0.03966666666666666,-0.8590050208032742
2021-08-05 09:00:00,0.0,0.0007385032445757,1.1762245482262506,37.691227676731486,0.04033333333333333,-0.9067699682395588
2021-08-05 09:30:00,0.0,0.004276060640114,1.5289315895198992,48.99345854466616,0.04033333333333333,-0.9444041583022912
2021-08-05 10:00:00,0.0,0.005448933787099,1.963896222471409,62.93157183827495,0.03966666666666666,-0.961181016738594
2021-08-05 10:30:00,0.0,0.0208019753949206,2.1646883767826584,69.36580483847837,0.03966666666666666,-0.9643588268607288
2021-08-05 11:00:00,0.0,0.095708424781405,2.0501183684795685,65.69449541512995,0.03966666666666666,-0.978419608559567
2021-08-05 11:30:00,0.0,0.1292307038248943,1.992665129618144,63.853449749183646,0.03966666666666666,-1.0355356390910768
2021-08-05 12:00:00,0.0,0.2916824917526161,1.8485371345409016,59.2349769539685,0.03966666666666667,-1.1525409923392698
2021-08-05 12:30:00,0.0,0.3172008817151772,1.6746407778388186,53.662599483615296,0.03966666666666667,-1.3114573555458098
2021-08-05 13:00:00,0.0,0.3778135963830494,1.499702140021634,48.05682290178148,0.039,-1.4690734775374736
2021-08-05 13:30:00,0.0,0.4008206467896007,1.323706304150135,42.41716920641125,0.039,-1.5896779957332152
2021-08-05 14:00:00,0.0,0.4173840159564644,1.323706304150135,42.41716920641125,0.03833333333333334,-1.666497063504853
2021-08-05 14:30:00,0.0,0.4076375892349478,1.1170213130271862,35.79410469927617,0.03833333333333334,-1.7156350856454232
2021-08-05 15:00:00,0.0,0.3938664354227945,1.3824899827803876,44.30084781035627,0.038,-1.758848367530829
2021-08-05 15:30:00,0.0,0.1791043441717124,0.9088518797902392,29.123472365252915,0.038,-1.8121815068768603
2021-08-05 16:00:00,0.0,0.3650956021913581,0.9386822084742824,30.079362728022097,0.037,-1.880784138864821
2021-08-05 16:30:00,0.0,0.2831418359633759,1.0279890739087811,32.941133810136456,0.037,-1.9566341740414843
2021-08-05 17:00:00,0.0,0.4529978302412524,1.2057809071734296,38.638338886111754,0.037000000000000005,-2.021374175347224
2021-08-05 17:30:00,0.0,0.4473949081910832,1.3824899827803876,44.30084781035627,0.037000000000000005,-2.0564967890038197
2021-08-05 18:00:00,0.0,0.4163899207486566,1.0873742912893536,34.84408826921378,0.036000000000000004,-2.0557151772176843
2021-08-05 18:30:00,0.0,0.4162819457821742,0.9088518797902392,29.123472365252915,0.036000000000000004,-2.028727916725936
2021-08-05 19:00:00,0.0,0.4032157320907102,1.1170213130271862,35.79410469927617,0.035333333333333335,-1.99205898645694
2021-08-05 19:30:00,0.0,0.2254419016009602,0.9088518797902392,29.123472365252915,0.035333333333333335,-1.9568184238776527
2021-08-05 20:00:00,0.0,0.1356840437367651,1.1170213130271862,35.79410469927617,0.035,-1.925320502086877
2021-08-05 20:30:00,0.0,5.9079134290931465e-05,0.9386822084742824,30.079362728022097,0.035,-1.896332240833984
2021-08-05 21:00:00,0.0,5.55760532803417e-05,0.9982507312444668,31.988191069926167,0.035,-1.8699499975352096
2021-08-05 21:30:00,0.0,0.088681002788184,0.7592365681585336,24.32916265360844,0.035,-1.847000987523134
2021-08-05 22:00:00,0.0,0.0819167482407872,0.608841532803462,19.50986728388817,0.035333333333333335,-1.8266511990252088
2021-08-05 22:30:00,0.0,5.035338161360004e-05,0.7892217040595259,25.290013696775617,0.035333333333333335,-1.8072857873042243
2021-08-05 23:00:00,0.0,4.740795532632099e-05,0.608841532803462,19.50986728388817,0.03566666666666666,-1.788740339840473
2021-08-05 23:30:00,0.0,0.0751934856330993,0.4273247211411654,13.693298087270785,0.03566666666666666,-1.771054939686355
2021-08-06 00:00:00,0.0,4.706637533441472e-05,0.2539062350581866,8.136233620146301,0.03533333333333333,-1.7519782496010965
2021-08-06 00:30:00,0.0,4.456473885987298e-05,0.5280360333472658,16.920516056583523,0.03533333333333333,-1.7291211014472716
2021-08-06 01:00:00,0.0,4.437584262620107e-05,0.6490378188715524,20.797926925421855,0.03533333333333333,-1.7044566352096495
2021-08-06 01:30:00,0.0,4.287953230395473e-05,0.4369496825884191,14.00172271064331,0.03533333333333333,-1.6830797856758015
2021-08-06 02:00:00,0.0,4.228057628388336e-05,0.3760647329751546,12.050710464367306,0.03533333333333333,-1.6661544094649907
2021-08-06 02:30:00,0.0,4.232498636734754e-05,0.5583341811877982,17.891397331050104,0.03533333333333333,-1.6463712452877222
2021-08-06 03:00:00,0.0,4.136582724717461e-05,0.4369496825884191,14.00172271064331,0.03533333333333333,-1.6110836493083232
2021-08-06 03:30:00,0.0,4.0913907542550583e-05,0.4977059536495578,15.94861154986018,0.03533333333333333,-1.550800588581479
2021-08-06 04:00:00,0.0,3.965973253870246e-05,0.1926313936505408,6.172727585661679,0.03566666666666666,-1.4667666561938453
2021-08-06 04:30:00,0.0,3.952803201248042e-05,0.2539062350581866,8.136233620146301,0.03566666666666666,-1.371883897210813
2021-08-06 05:00:00,0.0,3.8866250804398595e-05,0.5280360333472658,16.920516056583523,0.03566666666666666,-1.2842511519433917
2021-08-06 05:30:00,0.0,3.78225567148035e-05,0.4369496825884191,14.00172271064331,0.03566666666666666,-1.2187683330288197
2021-08-06 06:00:00,0.0,3.717706580626474e-05,0.2539062350581866,8.136233620146301,0.036,-1.1827265171610188
2021-08-06 06:30:00,0.0,3.704881103455631e-05,0.2232851815002759,7.155005075738643,0.036,-1.1760763436945847
2021-08-06 07:00:00,0.0,3.670817500645024e-05,0.3150504652056302,10.095554315400545,0.036,-1.1935700322689426
2021-08-06 07:30:00,0.0,3.641000309885901e-05,0.3760647329751546,12.050710464367306,0.036,-1.227565107448579
2021-08-06 08:00:00,0.0,0.004178642015803,0.7394568852153331,23.695337646036563,0.03566666666666666,-1.2714719618461845
2021-08-06 08:30:00,0.0,0.0144315145165864,1.452810669607144,46.5542211322856,0.03566666666666666,-1.3216470807253522
2021-08-06 09:00:00,0.0,0.0119612348857975,1.7449487557492032,55.91556555791387,0.035333333333333335,-1.376220118797501
2021-08-06 09:30:00,0.0,0.0245095743105164,1.9188388416228368,61.48774208430346,0.035333333333333335,-1.4343341172666826
2021-08-06 10:00:00,0.0,0.1476608384784976,1.8899288478931775,60.56134316035594,0.035,-1.4980172137914445
2021-08-06 10:30:00,0.0,0.1501605487296785,1.1873559099122135,38.04792375852162,0.035,-1.571415491473949
2021-08-06 11:00:00,0.0,0.1647802448019551,1.5407598987181168,49.372487783337554,0.035333333333333335,-1.6545703840371797
2021-08-06 11:30:00,0.0,0.1609484573744478,1.452810669607144,46.5542211322856,0.035333333333333335,-1.7398352320186043
2021-08-06 12:00:00,0.0,0.2914101492842075,1.4821566033431623,47.49458942463123,0.03466666666666667,-1.8174930767047164
2021-08-06 12:30:00,0.0,0.381192274425382,1.7158662388344934,54.98363825874491,0.03466666666666667,-1.8829443814743871
2021-08-06 13:00:00,0.0,0.3391341839056478,1.6576141608578654,53.11699439642223,0.034333333333333334,-1.9356305361645292
2021-08-06 13:30:00,0.0,0.4337960273592821,1.6284444623236405,52.182273428072214,0.034333333333333334,-1.973834683596071
2021-08-06 14:00:00,0.0,0.3562556856818756,1.2465558482286871,39.94494108986324,0.034333333333333334,-1.9955777528388257
2021-08-06 14:30:00,0.0,0.5779174552858942,1.3645948770044964,43.7274126553806,0.034333333333333334,-2.0040792988738123
2021-08-06 15:00:00,0.0,0.1891843291370145,1.2761106030842406,40.89200089733835,0.03333333333333333,-2.0071147842164656
2021-08-06 15:30:00,0.0,0.4543697112173924,1.0983288391729478,35.19511848618964,0.03333333333333333,-2.009872361791352
2021-08-06 16:00:00,0.0,0.4619095614803364,1.1280349153242586,36.1470272703498,0.03333333333333333,-2.012245059424523
2021-08-06 16:30:00,0.0,0.329094215762391,1.3351300455726878,42.783234376133194,0.03333333333333333,-2.0148115150497294
2021-08-06 17:00:00,0.0,0.3155634560437628,1.0983288391729478,35.19511848618964,0.033,-2.0231141651402984
2021-08-06 17:30:00,0.0,0.1499440104364318,0.8595765770845659,27.54448248962064,0.033,-2.041903598196686
2021-08-06 18:00:00,0.0,0.1675105992082834,0.799579198920968,25.62191180039188,0.03266666666666667,-2.0654012643897497
2021-08-06 18:30:00,0.0,0.2779726414305072,0.6188349956995952,19.83010025799599,0.03266666666666667,-2.0764462458435657
2021-08-06 19:00:00,0.0,0.0972262734236905,0.6188349956995952,19.83010025799599,0.03233333333333333,-2.059851638473021
2021-08-06 19:30:00,0.0,0.0954464999838244,0.5886004758418927,18.86125789420431,0.03233333333333333,-2.01948183106575
2021-08-06 20:00:00,0.0,0.0928469866508795,0.5280360333472658,16.920516056583523,0.032,-1.9793261965881876
2021-08-06 20:30:00,0.0,0.0913893332709846,0.4977059536495578,15.94861154986018,0.032,-1.963390444358743
2021-08-06 21:00:00,0.0,0.0860713743869225,0.3760647329751546,12.050710464367306,0.03233333333333333,-1.9759019462683785
2021-08-06 21:30:00,0.0,0.0787230368412706,0.2539062350581866,8.136233620146301,0.03233333333333333,-2.0027092130286253
2021-08-06 22:00:00,0.0,0.1560440150891949,0.2844946358745491,9.116415832101692,0.032,-2.0263795919293996
2021-08-06 22:30:00,0.0,0.0475430741101871,0.2232851815002759,7.155005075738643,0.032,-2.034940714971268
2021-08-06 23:00:00,0.0,0.0429670250791043,0.4369496825884191,14.00172271064331,0.032,-2.021729496817557
2021-08-06 23:30:00,0.0,0.0399937403610502,0.2844946358745491,9.116415832101692,0.032,-1.9865935845289444
2021-08-07 00:00:00,0.0,0.1108373454509436,0.1708814231924071,5.475766202109588,0.03166666666666667,-1.9389094916282323
2021-08-07 00:30:00,0.0,0.1263401201480625,0.1708814231924071,5.475766202109588,0.03166666666666667,-1.8942824102940257
2021-08-07 01:00:00,0.0,0.0765385762419445,0.2016311848562272,6.461119100605069,0.03133333333333333,-1.8639999102828635
2021-08-07 01:30:00,0.0,0.0562240596612579,-0.0143137000212419,-0.458671711290702,0.03133333333333333,-1.8478938522699575
2021-08-07 02:00:00,0.0,0.099369332385755,0.385440722174084,12.351156959999742,0.03166666666666667,-1.8383993662661784
2021-08-07 02:30:00,0.0,0.0950610399162153,0.1400986310674669,4.489354867423311,0.03166666666666667,-1.8301471094853037
2021-08-07 03:00:00,0.0,0.0686108201410193,0.5984095118455012,19.1755810477712,0.03133333333333333,-1.823846520128127
2021-08-07 03:30:00,0.0,0.0364660813179669,0.2323479986996974,7.445416211070847,0.03133333333333333,-1.822145631873316
2021-08-07 04:00:00,0.0,0.0398923574836428,0.2016311848562272,6.461119100605069,0.03133333333333333,-1.824587952972413
2021-08-07 04:30:00,0.0,0.0921519216417722,0.2630319470644079,8.428660172081015,0.03133333333333333,-1.8279451588767464
2021-08-07 05:00:00,0.0,0.0942643151439569,0.1092827255400504,3.501882438753095,0.031,-1.8307473672106755
2021-08-07 05:30:00,0.0,0.094507754325684,0.2630319470644079,8.428660172081015,0.031,-1.8354122541860285
2021-08-07 06:00:00,0.0,0.0938051972820804,0.2936831119941644,9.410853612667395,0.030333333333333337,-1.8449000424045037
2021-08-07 06:30:00,0.0,4.442351993200504e-05,0.2936831119941644,9.410853612667395,0.030333333333333337,-1.8581856218912856
2021-08-07 07:00:00,0.0,0.0668669334945107,0.2016311848562272,6.461119100605069,0.030666666666666665,-1.8706761373325147
2021-08-07 07:30:00,0.0,0.0943229712486425,0.385440722174084,12.351156959999742,0.030666666666666665,-1.8792606826718508
2021-08-07 08:00:00,0.0,0.0658265339697671,0.507330160106205,16.25701198012869,0.030666666666666665,-1.8855305467726535
2021-08-07 08:30:00,0.0,0.189380714292598,0.8699333789033413,27.87635838520785,0.030666666666666665,-1.8924863663915328
2021-08-07 09:00:00,0.0,0.2686333759672376,0.809815135753632,25.949914668744167,0.030333333333333337,-1.8981524986350096
2021-08-07 09:30:00,0.0,0.2679156798749932,1.049541661024759,33.63177019350044,0.030333333333333337,-1.8950860639066325
2021-08-07 10:00:00,0.0,0.2634055476933989,1.3168833769211126,42.19853365421278,0.030333333333333337,-1.877714826251888
2021-08-07 10:30:00,0.0,0.1896724335274868,1.4349164308345037,45.98081375977457,0.030333333333333337,-1.8490230754598465
2021-08-07 11:00:00,0.0,0.207006940592219,1.375959794187196,44.09159284674482,0.030000000000000002,-1.8202222185531876
2021-08-07 11:30:00,0.0,0.192907744902953,1.375959794187196,44.09159284674482,0.030000000000000002,-1.8061093537191624
2021-08-07 12:00:00,0.0,0.1873554895738307,1.493753859376875,47.86621473907582,0.030666666666666665,-1.8194919215939285
2021-08-07 12:30:00,0.0,0.1887560504362248,1.6987542684624952,54.43529808657193,0.030666666666666665,-1.86527455019691
2021-08-07 13:00:00,0.0,0.1825054042652079,1.1686645002096134,37.44897164537098,0.030000000000000002,-1.9372650966488771
2021-08-07 13:30:00,0.0,0.2611325145060593,1.3464365940695495,43.145544187024214,0.030000000000000002,-2.0204285461436102
2021-08-07 14:00:00,0.0,0.2970592882294128,1.6695565622201027,53.49967963235765,0.02966666666666667,-2.097458020147728
2021-08-07 14:30:00,0.0,0.1941465403593629,1.5231280484335876,48.80748845184222,0.02966666666666667,-2.156599435249108
2021-08-07 15:00:00,0.0,0.3398566660863817,1.109164284113184,35.5423321392604,0.029333333333333336,-2.195717771347119
2021-08-07 15:30:00,0.0,0.1762719773579683,1.6695565622201027,53.49967963235765,0.029333333333333336,-2.2183222202488877
2021-08-07 16:00:00,0.0,0.37258359342597,1.7279228046703807,55.36998180905187,0.029,-2.2262095927957817
2021-08-07 16:30:00,0.0,0.5163606957963326,0.9299268097326052,29.798802585087856,0.029,-2.2178638484170725
2021-08-07 17:00:00,0.0,0.4831442018768366,1.3168833769211126,42.19853365421278,0.029,-2.1934503259811637
2021-08-07 17:30:00,0.0,0.4386790692709081,0.658969446693772,21.11617844126748,0.029,-2.1589760356738026
2021-08-07 18:00:00,0.0,0.429214626103012,1.1389296560122462,36.496141010892906,0.029333333333333336,-2.124205199646153
2021-08-07 18:30:00,0.0,0.4273878045920585,1.5817877296139164,50.68719365111423,0.029333333333333336,-2.096861259414406
2021-08-07 19:00:00,0.0,0.3154223226268882,1.7279228046703807,55.36998180905187,0.029,-2.079033233026915
2021-08-07 19:30:00,0.0,0.2498816912003819,1.464350010492066,46.92399059950925,0.029,-2.068372821809702
2021-08-07 20:00:00,0.0,0.0823101560544367,1.2576866025196185,40.30161770813814,0.02966666666666667,-2.0614398248028376
2021-08-07 20:30:00,0.0,0.0792579525950736,0.749571468239968,24.019451823224596,0.02966666666666667,-2.055950983824789
2021-08-07 21:00:00,0.0,0.0770907598885157,0.749571468239968,24.019451823224596,0.02966666666666667,-2.0515787978977733
2021-08-07 21:30:00,0.0,0.0729536495266325,0.7194024078910182,23.05270705997332,0.02966666666666667,-2.049351606804362
2021-08-07 22:00:00,0.0,0.0962302100572668,0.5984095118455012,19.1755810477712,0.029666666666666664,-2.04935376735522
2021-08-07 22:30:00,0.0,0.0953322224702939,0.6287053900891764,20.146389594719885,0.029666666666666664,-2.0482580515672684
2021-08-07 23:00:00,0.0,0.0656042875260824,0.6892017599553742,22.08495009635296,0.029333333333333336,-2.0398556152878418
2021-08-07 23:30:00,0.0,0.0613309663257678,0.6892017599553742,22.08495009635296,0.029333333333333336,-2.0190598166724505
2021-08-08 00:00:00,0.0,4.095934311956155e-05,0.4558252744005116,14.606576800447412,0.029,-1.9860869961051295
2021-08-08 00:30:00,0.0,3.9439148086964545e-05,0.5168297711716524,16.561419845147423,0.029,-1.9472249906208443
2021-08-08 01:00:00,0.0,0.0517628630390396,0.5472835815122612,17.537289206914128,0.02866666666666667,-1.9111493531820911
2021-08-08 01:30:00,0.0,0.0503969302363606,0.4863436955309623,15.58451656619776,0.02866666666666667,-1.8829598354965016
2021-08-08 02:00:00,0.0,3.908668873208195e-05,0.4863436955309623,15.58451656619776,0.02866666666666667,-1.860647476699743
2021-08-08 02:30:00,0.0,0.0346241795180636,0.6687777636197769,21.43047855253542,0.02866666666666667,-1.8376073835211617
2021-08-08 03:00:00,0.0,0.0277494232875287,0.3946910734641878,12.647577483692114,0.029,-1.8088940829195927
2021-08-08 03:30:00,0.0,0.0280293069053185,0.4252744273014054,13.627597969010942,0.029,-1.7751567915148252
2021-08-08 04:00:00,0.0,0.026860676648149,0.333426521036644,10.684401151807368,0.029,-1.741634173990641
2021-08-08 04:30:00,0.0,0.0267888992694978,0.364075131827485,11.666512746940402,0.029,-1.714658631661339
2021-08-08 05:00:00,0.0,3.259057729906609e-05,0.364075131827485,11.666512746940402,0.029333333333333336,-1.6984261815375603
2021-08-08 05:30:00,0.0,3.267083954047346e-05,0.3027451594423614,9.70124008190272,0.029333333333333336,-1.6930505291672482
2021-08-08 06:00:00,0.0,3.223346470019411e-05,0.3946910734641878,12.647577483692114,0.029333333333333336,-1.6947767767289428
2021-08-08 06:30:00,0.0,3.227247190730846e-05,0.364075131827485,11.666512746940402,0.029333333333333336,-1.6988410982201436
2021-08-08 07:00:00,0.0,3.211501208435781e-05,0.3946910734641878,12.647577483692114,0.029,-1.7029930267093043
2021-08-08 07:30:00,0.0,3.1995235324696024e-05,0.364075131827485,11.666512746940402,0.029,-1.7081290644389109
2021-08-08 08:00:00,0.0,3.223346470019411e-05,0.5777052064545933,18.512127211890895,0.029333333333333336,-1.7154339771167837
2021-08-08 08:30:00,0.0,3.271019973049637e-05,0.5168297711716524,16.561419845147423,0.029333333333333336,-1.7238702978244071
2021-08-08 09:00:00,0.0,3.2869602527692825e-05,0.6080947256139108,19.48593641128868,0.028999999999999998,-1.7313422814973995
2021-08-08 09:30:00,0.0,0.0560129966804083,0.9102414122505054,29.167998883937702,0.028999999999999998,-1.737450055308798
2021-08-08 10:00:00,0.0,0.0505239773657074,1.1198801519657278,35.88571403482878,0.028999999999999998,-1.7432430772298595
2021-08-08 10:30:00,0.0,0.0492974282538899,1.3872072922723444,44.452010431771605,0.028999999999999998,-1.748127194096381
2021-08-08 11:00:00,0.0,0.0041936907460134,1.2092630198485783,38.74992055802379,0.028666666666666663,-1.7484475674184932
2021-08-08 11:30:00,0.0,0.0053363040298509,1.3872072922723444,44.452010431771605,0.028666666666666663,-1.73999076301418
2021-08-08 12:00:00,0.0,0.0078472552565598,1.1794993269371044,37.79616548828102,0.028666666666666663,-1.7220655697919165
2021-08-08 12:30:00,0.0,0.0507679231086322,0.9102414122505054,29.167998883937702,0.028666666666666663,-1.699912556007383
2021-08-08 13:00:00,0.0,0.049964650720877,1.2092630198485783,38.74992055802379,0.028666666666666663,-1.6829031240118295
2021-08-08 13:30:00,0.0,0.003591622284077,1.2983714062249962,41.60533152856042,0.028666666666666663,-1.6780308296255628
2021-08-08 14:00:00,0.0,0.0007541842451575,1.0002725599724618,32.05297904516877,0.028666666666666663,-1.6841321077659326
2021-08-08 14:30:00,0.0,3.3758057524395963e-05,0.8500645310145003,27.23967615426652,0.028666666666666663,-1.6939802814616909
2021-08-08 15:00:00,0.2,3.160242476783036e-05,0.6384522183202578,20.458719347178867,0.028333333333333332,-1.7019271329998689
2021-08-08 15:30:00,0.0,3.243207941373169e-05,0.5472835815122612,17.537289206914128,0.028333333333333332,-1.7073730269560885
2021-08-08 16:00:00,0.0,3.2910769402496645e-05,0.8801686341837449,28.20433941373248,0.028333333333333332,-1.7110032089909184
2021-08-08 16:30:00,0.0,3.307082152973579e-05,0.9402829417638804,30.13065701784026,0.028333333333333332,-1.7104609624124616
2021-08-08 17:00:00,0.0,0.0015285964366168,1.0900245213385362,34.92901289039269,0.028666666666666663,-1.701559078318488
2021-08-08 17:30:00,0.0,3.482268077466148e-05,1.328013548818219,42.55519161011722,0.028666666666666663,-1.6837241125192224
2021-08-08 18:00:00,0.0,3.457533729690223e-05,0.9402829417638804,30.13065701784026,0.028333333333333332,-1.6630046477856362
2021-08-08 18:30:00,0.0,3.363590425285845e-05,0.8199290259212977,26.274006643853685,0.028333333333333332,-1.6482148367995788
2021-08-08 19:00:00,0.0,3.327119776282683e-05,0.7595635013077336,24.339638979561805,0.028333333333333332,-1.6438901759730544
2021-08-08 19:30:00,0.0,3.331269792334119e-05,0.6080947256139108,19.48593641128868,0.028333333333333332,-1.6476896256949796
2021-08-08 20:00:00,0.0,3.303117294097335e-05,0.6687777636197769,21.43047855253542,0.028333333333333332,-1.6536506036512548
2021-08-08 20:30:00,0.0,3.207451334881924e-05,0.7595635013077336,24.339638979561805,0.028333333333333332,-1.6563472331677505
2021-08-08 21:00:00,0.0,3.066923506111654e-05,0.8199290259212977,26.274006643853685,0.028333333333333332,-1.652856467872352
2021-08-08 21:30:00,0.0,3.00173708846954e-05,0.4558252744005116,14.606576800447412,0.028333333333333332,-1.643303451957968
2021-08-08 22:00:00,0.0,3.0093290408167564e-05,0.5168297711716524,16.561419845147423,0.029333333333333333,-1.6301596299167966
2021-08-08 22:30:00,0.0,2.978886092341215e-05,0.4863436955309623,15.58451656619776,0.029333333333333333,-1.6157893224340345
2021-08-08 23:00:00,0.0,2.9978687075037876e-05,0.4558252744005116,14.606576800447412,0.029333333333333336,-1.600090439780792
2021-08-08 23:30:00,0.0,2.9827376435069603e-05,0.333426521036644,10.684401151807368,0.029333333333333336,-1.580471844583767
2021-08-09 00:00:00,0.0,2.9561549455001053e-05,0.4759806164715148,15.25243952117211,0.029333333333333336,-1.5540984200003338
2021-08-09 00:30:00,0.0,2.9221308170873098e-05,0.5370464528711096,17.209248147958597,0.029333333333333336,-1.521034604979118
2021-08-09 01:00:00,0.0,2.8252483396265985e-05,0.2612226856734322,8.370683756679023,0.029333333333333336,-1.486505955268104
2021-08-09 01:30:00,0.0,2.82896123113535e-05,0.353458491883783,11.326310534800394,0.029333333333333336,-1.459465780732406
2021-08-09 02:00:00,0.0,2.8363972230347037e-05,0.2920009007748144,9.35694842410073,0.029,-1.446328990111416
2021-08-09 02:30:00,0.0,2.7884535497595156e-05,0.384138032533166,12.309413253900424,0.029,-1.4446471927658933
2021-08-09 03:00:00,0.0,0.0087865854393795,0.2612226856734322,8.370683756679023,0.029,-1.4444352682434864
2021-08-09 03:30:00,0.0,2.7995008303509975e-05,0.384138032533166,12.309413253900424,0.029,-1.4375700599894492
2021-08-09 04:00:00,0.0,0.0136007238029476,0.5675308473037086,18.18609755386418,0.029333333333333336,-1.424795290458194
2021-08-09 04:30:00,0.0,0.0143781534132414,0.1995670025249024,6.3949739361179185,0.029333333333333336,-1.4118000087113118
2021-08-09 05:00:00,0.0,0.0168859488747869,0.0758562878169264,2.430757476649337,0.029333333333333336,-1.4005165290145587
2021-08-09 05:30:00,0.0,0.0334066998886633,0.1995670025249024,6.3949739361179185,0.029333333333333336,-1.3877542063296486
2021-08-09 06:00:00,0.0,0.0431536274983146,0.6587908961186432,21.110456922881266,0.029333333333333336,-1.3718243943574324
2021-08-09 06:30:00,0.0,0.0129720454877378,-0.0483913870698711,-1.5506654663804165,0.029333333333333336,-1.3567997047978624
2021-08-09 07:00:00,0.0,0.0200188496134716,0.3227461420215419,10.342156469243092,0.02966666666666667,-1.3490478656313198
2021-08-09 07:30:00,0.0,0.0200788237222004,0.384138032533166,12.309413253900424,0.02966666666666667,-1.35233049243884
2021-08-09 08:00:00,0.0,0.0551682237418326,0.8102519516459344,25.9639121042461,0.03,-1.368871406125315
2021-08-09 08:30:00,0.0,0.0238928841085454,0.7194707780167077,23.05489792903615,0.03,-1.4041608165292652
2021-08-09 09:00:00,0.0,0.0987792912398944,0.9007486197989436,28.863809516253333,0.03,-1.4664569483528966
2021-08-09 09:30:00,0.0,0.0466603584820845,1.080896766416861,34.63652087477452,0.03,-1.5575428585479227
2021-08-09 10:00:00,0.0,3.5071174531835046e-05,1.3490366624165175,43.228861414324406,0.03,-1.6632093301982924
2021-08-09 10:30:00,0.0,0.0976208465543159,1.4082885991347287,45.12754499519438,0.03,-1.7564110226230134
2021-08-09 11:00:00,0.0,0.2344391313740574,1.5558927597690373,49.85740889141229,0.02966666666666667,-1.8159389738955924
2021-08-09 11:30:00,0.0,0.2533448409003341,1.7320366988398477,55.50180844199639,0.02966666666666667,-1.8457473719298576
2021-08-09 12:00:00,0.0,0.3077590187459001,1.994277494015741,63.90511674907693,0.029666666666666664,-1.8733111383926124
2021-08-09 12:30:00,0.0,0.2556480853944262,1.8488784631763435,59.24591457241085,0.029666666666666664,-1.9247731746164256
2021-08-09 13:00:00,0.0,0.4594775361405597,1.8488784631763435,59.24591457241085,0.029,-2.002460488967447
2021-08-09 13:30:00,0.0,0.499360339275115,1.994277494015741,63.90511674907693,0.029,-2.0880311591347827
2021-08-09 14:00:00,0.0,0.4843782757591936,1.7612909603720004,56.43923916777557,0.029,-2.1629452212675
2021-08-09 14:30:00,0.0,0.3864796996484212,1.702753107902021,54.56343787755414,0.029,-2.221474292052153
2021-08-09 15:00:00,0.0,0.3772366316938443,1.7320366988398477,55.50180844199639,0.028,-2.267019683405691
2021-08-09 15:30:00,0.0,0.474599798633511,1.5558927597690373,49.85740889141229,0.028,-2.30241180843815
2021-08-09 16:00:00,0.0,0.5330839875955034,1.28966370019192,41.32629966246848,0.02766666666666667,-2.3262164476527585
2021-08-09 16:30:00,0.0,0.4215444246858257,0.5979829994816914,19.16191378106134,0.02766666666666667,-2.3357453134577613
2021-08-09 17:00:00,0.0,0.4858880002880264,1.28966370019192,41.32629966246848,0.02766666666666667,-2.330699617641747
2021-08-09 17:30:00,0.0,0.4834030271928353,0.8404490158848567,26.931554231010463,0.02766666666666667,-2.314091940764752
2021-08-09 18:00:00,0.0,0.4639888781915331,1.2301691269838269,39.41984097845462,0.02666666666666667,-2.290264256396588
2021-08-09 18:30:00,0.0,0.470880771242502,1.1108127850589216,35.59515710755816,0.02666666666666667,-2.2617794855181854
2021-08-09 19:00:00,0.0,0.4607316609382381,1.1406979556921368,36.55280483918654,0.02666666666666667,-2.2289006229644044
2021-08-09 19:30:00,0.0,0.4028086763150877,1.2301691269838269,39.41984097845462,0.02666666666666667,-2.192514361053589
2021-08-09 20:00:00,0.0,0.4029727356081782,0.9609227049442648,30.792042647309415,0.027,-2.1557638724405708
2021-08-09 20:30:00,0.0,0.109836642359738,1.3490366624165175,43.228861414324406,0.027,-2.1218678360760976
2021-08-09 21:00:00,0.0,0.1036590252382817,0.8102519516459344,25.9639121042461,0.027,-2.0924600672905505
2021-08-09 21:30:00,0.0,0.1007662862937851,0.689146799385638,22.083188926387336,0.027,-2.0697068274837065
2021-08-09 22:00:00,0.0,0.1155652413298167,0.5675308473037086,18.18609755386418,0.02666666666666667,-2.0587395255243655
2021-08-09 22:30:00,0.0,0.0977971280187261,0.5370464528711096,17.209248147958597,0.02666666666666667,-2.065891538851482
2021-08-09 23:00:00,0.0,0.1106535874219962,0.5370464528711096,17.209248147958597,0.026333333333333334,-2.092958995018733
2021-08-09 23:30:00,0.0,0.110410939233177,0.6587908961186432,21.110456922881266,0.026333333333333334,-2.1327483963993283
2021-08-10 00:00:00,0.0,0.1109940411166022,0.0531829870405178,1.704208670101009,0.02666666666666667,-2.1716853949166066
2021-08-10 00:30:00,0.0,0.1141043533791309,0.3921209154188652,12.565218709427862,0.02666666666666667,-2.198003869355739
2021-08-10 01:00:00,0.0,0.0985464661865387,0.4838681399256804,15.505189255706073,0.026333333333333334,-2.207203321239914
2021-08-10 01:30:00,0.0,0.0977356741938573,0.300079783245222,9.615830113846858,0.026333333333333334,-2.200811296077216
2021-08-10 02:00:00,0.0,0.1113244730342944,0.3921209154188652,12.565218709427862,0.026333333333333334,-2.1829398133191464
2021-08-10 02:30:00,0.0,0.114204086844508,0.4533182526370027,14.526241180670192,0.026333333333333334,-2.1592992448722184
2021-08-10 03:00:00,0.0,0.1391871587148247,0.5143856140724792,16.483098676080207,0.024999999999999998,-2.1373535926922593
2021-08-10 03:30:00,0.0,0.1355883913972121,0.5753236444130686,18.435811854190927,0.024999999999999998,-2.1246997474979774
2021-08-10 04:00:00,0.0,0.1332787053258693,0.2693337114976886,8.630595455933145,0.024999999999999998,-2.125686298760025
2021-08-10 04:30:00,0.0,0.1139833113954716,0.4227358714756029,13.54625186401364,0.024999999999999998,-2.138120452823245
2021-08-10 05:00:00,0.0,0.120476960136831,0.2077425319016446,6.6569526030155615,0.025666666666666667,-2.152340159109095
2021-08-10 05:30:00,0.0,0.1268260963708911,0.3307929530618706,10.600010454224137,0.025666666666666667,-2.155314519660086
2021-08-10 06:00:00,0.0,0.1172176096824694,0.4227358714756029,13.54625186401364,0.026,-2.1387668420320467
2021-08-10 06:30:00,0.0,0.1100615299107866,0.3921209154188652,12.565218709427862,0.026,-2.1037731579468013
2021-08-10 07:00:00,0.0,0.1272284447982558,0.2693337114976886,8.630595455933145,0.026,-2.056840168106669
2021-08-10 07:30:00,0.0,0.1120281062031441,0.3921209154188652,12.565218709427862,0.026,-2.0031157371994492
2021-08-10 08:00:00,0.0,0.096485787518428,0.3614733031510393,11.583139111211027,0.025666666666666667,-1.945169650891762
2021-08-10 08:30:00,0.0,0.0633720115523688,0.300079783245222,9.615830113846858,0.025666666666666667,-1.888056645797282
2021-08-10 09:00:00,0.0,0.0621909888342692,0.6664895930037312,21.35715585256062,0.026,-1.844061822490606
2021-08-10 09:30:00,0.0,0.0580816916968745,0.4838681399256804,15.505189255706073,0.026,-1.829291273606153
2021-08-10 10:00:00,0.0,0.0534069614392328,0.7573681266210849,24.269289855089788,0.026333333333333334,-1.8519283697266884
2021-08-10 10:30:00,0.0,0.0057944044066905,1.0881644084211173,34.869406976215345,0.026333333333333334,-1.904519736739293
2021-08-10 11:00:00,0.0,0.0057470347706848,1.0881644084211173,34.869406976215345,0.026333333333333334,-1.970053600312092
2021-08-10 11:30:00,0.0,0.0146886002219049,1.1479050799527917,36.78375169522051,0.026333333333333334,-2.0343695352519475
2021-08-10 12:00:00,0.0,0.033212437269027,1.0283003055593285,32.95110699341908,0.025666666666666667,-2.090969631604779
2021-08-10 12:30:00,0.0,0.1001956136419647,1.1777293160680715,37.739446826223165,0.025666666666666667,-2.137437285376441
2021-08-10 13:00:00,0.0,0.255430567757458,1.4447777580451622,46.29681254559499,0.024666666666666667,-2.173072942781268
2021-08-10 13:30:00,0.0,0.2784090696908498,1.2372859608931333,39.64789454834284,0.024666666666666667,-2.2010976725891025
2021-08-10 14:00:00,0.0,0.4321407574091113,0.9683121689413948,31.02883244254438,0.024333333333333332,-2.2283113345612553
2021-08-10 14:30:00,0.0,0.4995580554559424,0.6968142674773896,22.32888715295988,0.024333333333333332,-2.258950669856847
2021-08-10 15:00:00,0.0,0.461292085581844,0.908199391864386,29.102563882253865,0.024333333333333332,-2.2903689014791073
2021-08-10 15:30:00,0.0,0.6201774929641698,0.5448707555178239,17.45997201944528,0.024333333333333332,-2.3154889333731856
2021-08-10 16:00:00,0.0,0.4126112069653742,-0.2271463511687259,-7.278733342838236,0.024333333333333332,-2.3269505169651654
2021-08-10 16:30:00,0.0,0.5499659084782245,2.20279257012136,70.58682494788944,0.024333333333333332,-2.3196177331046575
2021-08-10 17:00:00,0.0,0.3986770524170671,0.5448707555178239,17.45997201944528,0.024666666666666667,-2.294320648477493
2021-08-10 17:30:00,0.0,0.4494076219007932,0.6361329837213404,20.384401225324183,0.024666666666666667,-2.261218300378548
2021-08-10 18:00:00,0.0,0.5531537868902116,0.2385546553172059,7.64430383676662,0.024000000000000004,-2.2352886429176366
2021-08-10 18:30:00,0.0,0.4643068586253673,0.7573681266210849,24.269289855089788,0.024000000000000004,-2.2249400000529533
2021-08-10 19:00:00,0.0,0.4664988402943575,0.9683121689413948,31.02883244254438,0.025666666666666667,-2.2262380996270195
2021-08-10 19:30:00,0.0,0.1490727794375547,0.605744360621834,19.41062073948658,0.025666666666666667,-2.2300289036010055
2021-08-10 20:00:00,0.0,0.1409000295081633,0.7573681266210849,24.269289855089788,0.025666666666666667,-2.2324432763827473
2021-08-10 20:30:00,0.0,0.1342187361234405,0.6361329837213404,20.384401225324183,0.025666666666666667,-2.235626589063161
2021-08-10 21:00:00,0.0,0.1117797298540249,0.5753236444130686,18.435811854190927,0.024999999999999998,-2.2402025175017117
2021-08-10 21:30:00,0.0,0.1101964849644638,0.5143856140724792,16.483098676080207,0.024999999999999998,-2.242322131457894
2021-08-10 22:00:00,0.0,0.110294847161839,0.3307929530618706,10.600010454224137,0.024999999999999998,-2.2389845675138185
2021-08-10 22:30:00,0.0,0.1066284690695595,0.2385546553172059,7.64430383676662,0.024999999999999998,-2.2324080912568913
2021-08-10 23:00:00,0.0,0.1078564494606151,0.4227358714756029,13.54625186401364,0.024999999999999998,-2.2272360842921617
2021-08-10 23:30:00,0.0,0.1245045094464784,0.3307929530618706,10.600010454224137,0.024999999999999998,-2.2241504917260193
2021-08-11 00:00:00,0.0,0.1305297381693643,0.4612059752192265,14.778997296112452,0.024333333333333335,-2.2169064207489084
2021-08-11 00:30:00,0.0,0.1320365929348482,0.308126810051567,9.873691012887006,0.024333333333333335,-2.1972707606628887
2021-08-11 01:00:00,0.0,0.1428350708249812,0.4000721467611706,12.820009915142055,0.024000000000000004,-2.1643366049148547
2021-08-11 01:30:00,0.0,0.1326706290722258,0.3694563950750998,11.838951265214943,0.024000000000000004,-2.1281132556904963
2021-08-11 02:00:00,0.0,0.1140713701141728,0.3694563950750998,11.838951265214943,0.024000000000000004,-2.103736551302028
2021-08-11 02:30:00,0.0,0.1352305547937256,0.3694563950750998,11.838951265214943,0.024000000000000004,-2.1025241034204405
2021-08-11 03:00:00,0.0,0.1400398585069487,0.1542268737772996,4.942083739177818,0.02366666666666667,-2.125651919297072
2021-08-11 03:30:00,0.0,0.1114713961091419,0.1542268737772996,4.942083739177818,0.02366666666666667,-2.1626153592336355
2021-08-11 04:00:00,0.0,0.0764973326962104,0.3694563950750998,11.838951265214943,0.02366666666666667,-2.1966898422893903
2021-08-11 04:30:00,0.0,0.0775463249584025,0.3694563950750998,11.838951265214943,0.02366666666666667,-2.214636672553688
2021-08-11 05:00:00,0.0,0.0780910935803938,0.308126810051567,9.873691012887006,0.02366666666666667,-2.212037453544485
2021-08-11 05:30:00,0.0,4.874395895996382e-05,0.2774128131344858,8.889484168700774,0.02366666666666667,-2.1916248133275724
2021-08-11 06:00:00,0.0,0.0741384327445886,0.4306553131245677,13.800024393003833,0.02366666666666667,-2.1600613127509583
2021-08-11 06:30:00,0.0,0.0766851410384829,0.1233474860881782,3.952577072560573,0.02366666666666667,-2.1257032114252192
2021-08-11 07:00:00,0.0,0.1084025927751233,0.2466659037327275,7.904222668789796,0.02366666666666667,-2.0951222326573937
2021-08-11 07:30:00,0.0,0.0761433378283154,0.2466659037327275,7.904222668789796,0.02366666666666667,-2.0697765053675687
2021-08-11 08:00:00,0.0,0.0827721359859045,0.7044507490730871,22.573592440659112,0.023333333333333334,-2.0474204580676014
2021-08-11 08:30:00,0.0,0.1442474278633252,0.674157237930784,21.602859745686892,0.023333333333333334,-2.0273179622581523
2021-08-11 09:00:00,0.0,0.0759950565756192,0.7347124724580385,23.543306520944633,0.023000000000000003,-2.012338077851841
2021-08-11 09:30:00,0.0,0.0025197625129753,0.97567122548375,31.2646478538467,0.023000000000000003,-2.0045992696108716
2021-08-11 10:00:00,0.0,0.1424592028947499,1.1550821729221663,37.01373622119705,0.023000000000000003,-2.000606008882289
2021-08-11 10:30:00,0.0,0.1514747598546801,1.1252573927270575,36.05802365556703,0.023000000000000003,-1.993046883619267
2021-08-11 11:00:00,0.0,0.298321773573614,0.9456610123825672,30.302993230731023,0.02266666666666667,-1.9785772417999143
2021-08-11 11:30:00,0.0,0.369433122525287,1.0954018946051909,35.10132675716404,0.02266666666666667,-1.963936287321755
2021-08-11 12:00:00,0.0,0.4189229489427857,0.97567122548375,31.2646478538467,0.022333333333333334,-1.963620430810378
2021-08-11 12:30:00,0.0,0.3811412752192146,0.97567122548375,31.2646478538467,0.022333333333333334,-1.9881914357900152
2021-08-11 13:00:00,0.0,0.4097750362586343,0.7951408684576153,25.479688851337585,0.022333333333333334,-2.032456914885113
2021-08-11 13:30:00,0.0,0.4832970992144824,1.0954018946051909,35.10132675716404,0.022333333333333334,-2.0770775248052034
2021-08-11 14:00:00,0.0,0.5119337960434367,1.0655156038864408,34.14364313324029,0.02266666666666667,-2.104565063389224
2021-08-11 14:30:00,0.0,0.5600481167844569,1.2443729487166308,39.874991722943115,0.02266666666666667,-2.11434317858026
2021-08-11 15:00:00,0.0,0.5439654986155313,1.0355984456369054,33.18497038259545,0.022333333333333334,-2.122879712933932
2021-08-11 15:30:00,0.0,0.5919849524559977,1.1252573927270575,36.05802365556703,0.022333333333333334,-2.149555020173771
2021-08-11 16:00:00,0.0,0.5445800276567127,0.6438318605560586,20.631105921353583,0.023333333333333334,-2.200086898385592
2021-08-11 16:30:00,0.0,0.5931122543105621,1.2740755986721763,40.82679071724653,0.023333333333333334,-2.260600967584999
2021-08-11 17:00:00,0.0,0.539919491128948,0.9156196293530318,29.340339790792523,0.02233333333333333,-2.3069950140969104
2021-08-11 17:30:00,0.0,0.5079919706042355,1.0954018946051909,35.10132675716404,0.02233333333333333,-2.321522089388301
2021-08-11 18:00:00,0.0,0.4934235322855276,0.8554430481538559,27.41202667557502,0.022333333333333334,-2.302805761986579
2021-08-11 18:30:00,0.0,0.4799539880010687,0.7044507490730871,22.573592440659112,0.022333333333333334,-2.26284037488439
2021-08-11 19:00:00,0.0,0.4030726346177029,0.7951408684576153,25.479688851337585,0.023333333333333334,-2.2170639326238635
2021-08-11 19:30:00,0.0,0.313318375812237,-0.312502065677416,-10.013892776390804,0.023333333333333334,-2.177074094401915
2021-08-11 20:00:00,0.0,0.1115501620672511,0.9156196293530318,29.340339790792523,0.022000000000000002,-2.1488936884426835
2021-08-11 20:30:00,0.0,0.0543030646774047,0.6134745381925801,19.658328443972025,0.022000000000000002,-2.133470222321841
2021-08-11 21:00:00,0.0,4.348347631312602e-05,0.6134745381925801,19.658328443972025,0.021666666666666667,-2.127412509321867
2021-08-11 21:30:00,0.0,0.0500005760427684,0.5526637420599053,17.709692390000576,0.021666666666666667,-2.1247034275969696
2021-08-11 22:00:00,0.0,0.0806426435920781,0.4612059752192265,14.778997296112452,0.022000000000000002,-2.119489925365851
2021-08-11 22:30:00,0.0,0.0502160078942033,0.4000721467611706,12.820009915142055,0.022000000000000002,-2.108413737793732
2021-08-11 23:00:00,0.0,4.055340692075748e-05,0.3694563950750998,11.838951265214943,0.022000000000000002,-2.0914554763841475
2021-08-11 23:30:00,0.0,4.010504485176586e-05,0.3388079767191684,10.85684583651331,0.022000000000000002,-2.0713150569137486
2021-08-12 00:00:00,0.0,4.0372945814983454e-05,0.2854600575791216,9.147352041795644,0.02266666666666667,-2.052303652342071
2021-08-12 00:30:00,0.0,3.979356367009359e-05,0.3467912795391226,11.112664748516927,0.02266666666666667,-2.039342118461549
2021-08-12 01:00:00,0.0,3.8954333049748784e-05,0.3467912795391226,11.112664748516927,0.02266666666666667,-2.036174716999963
2021-08-12 01:30:00,0.0,3.8866250804398595e-05,0.3467912795391226,11.112664748516927,0.02266666666666667,-2.0425579089993375
2021-08-12 02:00:00,0.0,3.860457419765026e-05,0.3161420479638022,10.1305332608139,0.023000000000000003,-2.053100268560023
2021-08-12 02:30:00,0.0,0.0409429646332917,0.1932167123850125,6.191483682631172,0.023000000000000003,-2.0600002572152993
2021-08-12 03:00:00,0.0,0.0424019906182053,0.2239974722061803,7.177829893677315,0.023000000000000003,-2.0572251270305957
2021-08-12 03:30:00,0.0,3.7865839024847846e-05,0.3161420479638022,10.1305332608139,0.023000000000000003,-2.0421002190015782
2021-08-12 04:00:00,0.0,3.752045360748856e-05,0.162402864085871,5.204077176287957,0.02266666666666667,-2.0140832577028016
2021-08-12 04:30:00,0.0,3.73056019335144e-05,0.2854600575791216,9.147352041795644,0.02266666666666667,-1.9734462690834735
2021-08-12 05:00:00,0.0,0.039922671610256,0.2854600575791216,9.147352041795644,0.023000000000000003,-1.9213802995305855
2021-08-12 05:30:00,0.0,0.0351921159656839,0.2547452264155823,8.163118464811461,0.023000000000000003,-1.8608080058527507
2021-08-12 06:00:00,0.0,0.0315983016719457,0.2547452264155823,8.163118464811461,0.02266666666666667,-1.796878580243256
2021-08-12 06:30:00,0.0,0.0287970220799839,0.2239974722061803,7.177829893677315,0.02266666666666667,-1.7366136200279545
2021-08-12 07:00:00,0.0,0.0384751762549604,0.2547452264155823,8.163118464811461,0.021666666666666667,-1.686991113392032
2021-08-12 07:30:00,0.0,0.0353984302523324,0.3161420479638022,10.1305332608139,0.021666666666666667,-1.652200336975978
2021-08-12 08:00:00,0.0,0.0241616583230585,0.4385432366703837,14.052786948172692,0.021333333333333333,-1.6328291782610524
2021-08-12 08:30:00,0.0,0.0227896419947064,0.4995489035564177,16.007667488321097,0.021333333333333333,-1.628001956706846
2021-08-12 09:00:00,0.0,0.0233947140906562,0.6211735967688694,19.905038963772867,0.020666666666666667,-1.6373701816303097
2021-08-12 09:30:00,0.0,3.519499171295756e-05,0.7422870015119113,23.786026586211136,0.020666666666666667,-1.6600814266015222
2021-08-12 10:00:00,0.0,3.756351760627554e-05,0.5908155542586115,18.932238409831424,0.020666666666666667,-1.692095373079899
2021-08-12 10:30:00,0.0,0.1062933687776827,0.923009394746807,29.577139244055452,0.020666666666666667,-1.7258586360475232
2021-08-12 11:00:00,0.0,0.1252592041784682,0.8026535408498424,25.72042676657931,0.02033333333333333,-1.7553825487242862
2021-08-12 11:30:00,0.0,0.2467901258944275,1.072753227381178,34.37556731420555,0.02033333333333333,-1.7833049600656317
2021-08-12 12:00:00,0.0,0.2511020298851663,1.042866366181141,33.417865409639624,0.02033333333333333,-1.8206427439093744
2021-08-12 12:30:00,0.0,0.3732687471174887,0.892967392087573,28.614465948551032,0.02033333333333333,-1.875652237302134
2021-08-12 13:00:00,0.0,0.4336115916515559,1.102609286241729,35.33228218105635,0.02033333333333333,-1.9424028830312632
2021-08-12 13:30:00,0.0,0.4570934325889983,0.7120563081093284,22.81730683828504,0.02033333333333333,-2.002221343086718
2021-08-12 14:00:00,0.0,0.4479381887340189,0.7422870015119113,23.786026586211136,0.02033333333333333,-2.0372974648734865
2021-08-12 14:30:00,0.0,0.6770301800927462,0.862894133311489,27.650791074378443,0.02033333333333333,-2.044533715193055
2021-08-12 15:00:00,0.0,0.6802760835663216,0.7422870015119113,23.786026586211136,0.02033333333333333,-2.040238083627664
2021-08-12 15:30:00,0.0,0.6215568328450656,1.012948627678832,32.45917406523271,0.02033333333333333,-2.05272548973514
2021-08-12 16:00:00,0.0,0.5961211891880142,0.5908155542586115,18.932238409831424,0.021333333333333333,-2.1050881825758525
2021-08-12 16:30:00,0.0,0.6194597884975964,0.4995489035564177,16.007667488321097,0.021333333333333333,-2.1979635529849944
2021-08-12 17:00:00,0.0,0.7174745262899681,0.4079917926604592,13.073788989179675,0.02066666666666667,-2.3070112253586026
2021-08-12 17:30:00,0.0,0.7700753091106702,0.5604254775029424,17.958411342679494,0.02066666666666667,-2.400363427167046
2021-08-12 18:00:00,0.0,0.7028341298217897,0.1932167123850125,6.191483682631172,0.020333333333333335,-2.460652087810856
2021-08-12 18:30:00,0.0,0.6633101220922077,0.6211735967688694,19.905038963772867,0.020333333333333335,-2.4908006448992466
2021-08-12 19:00:00,0.0,0.5565792071066497,0.4690622468014989,15.03074558800468,0.02,-2.502774885118131
2021-08-12 19:30:00,0.0,0.5034995982273183,0.4385432366703837,14.052786948172692,0.02,-2.5053661472751343
2021-08-12 20:00:00,0.0,0.0996259411364667,0.1932167123850125,6.191483682631172,0.02,-2.501526842755343
2021-08-12 20:30:00,0.0,5.261428458702908e-05,0.7724860532024186,24.75373239936115,0.02,-2.4919811928219877
2021-08-12 21:00:00,0.0,4.949447968467615e-05,0.4690622468014989,15.03074558800468,0.019666666666666666,-2.4780330982205725
2021-08-12 21:30:00,0.0,4.726168961965012e-05,0.4690622468014989,15.03074558800468,0.019666666666666666,-2.4611252459062043
2021-08-12 22:00:00,0.0,4.696786173609869e-05,0.6817938950481687,21.847570657846084,0.019666666666666666,-2.441434221526232
2021-08-12 22:30:00,0.0,4.604789503631127e-05,0.4690622468014989,15.03074558800468,0.019666666666666666,-2.4180225407506635
2021-08-12 23:00:00,0.0,4.418741123033195e-05,0.4385432366703837,14.052786948172692,0.01933333333333333,-2.390431933059926
2021-08-12 23:30:00,0.0,0.0500907308906101,0.4995489035564177,16.007667488321097,0.01933333333333333,-2.3598528311805764
2021-08-13 00:00:00,0.0,0.0665758391440082,0.4158799190054013,13.326558042893431,0.019,-2.3290192608161484
2021-08-13 00:30:00,0.0,0.0723667417293742,0.3547429278537267,11.367469315793644,0.019,-2.300980791005155
2021-08-13 01:00:00,0.0,0.0690865903861888,0.3547429278537267,11.367469315793644,0.020666666666666667,-2.2770494748354206
2021-08-13 01:30:00,0.0,0.0567232506414704,0.2934755116111902,9.404201215119445,0.020666666666666667,-2.255256658868772
2021-08-13 02:00:00,0.0,0.0547522700814647,0.2934755116111902,9.404201215119445,0.021666666666666667,-2.231192223788147
2021-08-13 02:30:00,0.0,0.0362885937738246,0.3241255635371833,10.386358990340469,0.021666666666666667,-2.2006964864018377
2021-08-13 03:00:00,0.0,0.0339875126639412,0.3241255635371833,10.386358990340469,0.021333333333333333,-2.1616871993730182
2021-08-13 03:30:00,0.0,0.0326641015588957,0.139732067768234,4.477608623230264,0.021333333333333333,-2.113821193528469
2021-08-13 04:00:00,0.0,0.0309653406242394,0.3547429278537267,11.367469315793644,0.021666666666666667,-2.0571106671021955
2021-08-13 04:30:00,0.0,0.0296311203877159,0.1705467892615441,5.4650431104214094,0.021666666666666667,-1.990770020467307
2021-08-13 05:00:00,0.0,0.0399830975903472,0.2320770178147611,7.436732833185579,0.021333333333333333,-1.913223127184672
2021-08-13 05:30:00,0.0,0.0271328070459246,0.2934755116111902,9.404201215119445,0.021333333333333333,-1.8236965343853535
2021-08-13 06:00:00,0.0,0.025625823931179,0.1088841639642623,3.489110833944406,0.021666666666666667,-1.7246118498751066
2021-08-13 06:30:00,0.0,0.0256209620980827,0.139732067768234,4.477608623230264,0.021666666666666667,-1.6234545057175511
2021-08-13 07:00:00,0.0,0.0258799522997237,0.0780029943462723,2.4995470667618025,0.021666666666666667,-1.5331734340663323
2021-08-13 07:30:00,0.0,0.024983485302271,0.139732067768234,4.477608623230264,0.021666666666666667,-1.4697899143575368
2021-08-13 08:00:00,0.0,0.034835548687659,0.2627926903707834,8.420993371956683,0.021666666666666667,-1.4462243950448157
2021-08-13 08:30:00,0.0,0.0248942600177903,0.2934755116111902,9.404201215119445,0.021666666666666667,-1.465577482120409
2021-08-13 09:00:00,0.0,3.383853668811971e-05,0.4463997077816477,14.304541633820822,0.021,-1.51930707732252
2021-08-13 09:30:00,0.0,3.74774208217219e-05,0.5073422744049526,16.257400173686566,0.021,-1.5911539575169606
2021-08-13 10:00:00,0.0,4.191285371403597e-05,0.5681560266456841,18.206130953909028,0.020666666666666667,-1.6628068338931326
2021-08-13 10:30:00,0.0,0.1124355596051476,0.4768871328333948,15.28148815362909,0.020666666666666667,-1.7186747090636876
2021-08-13 11:00:00,0.0,0.1367463958263478,0.4768871328333948,15.28148815362909,0.020666666666666667,-1.752007404186513
2021-08-13 11:30:00,0.0,0.1600155069285339,0.4768871328333948,15.28148815362909,0.020666666666666667,-1.7717872580552625
2021-08-13 12:00:00,0.0,0.3455499682078509,0.3547429278537267,11.367469315793644,0.019,-1.8001794387250607
2021-08-13 12:30:00,0.0,0.3854200711425998,0.139732067768234,4.477608623230264,0.019,-1.8533847373986536
2021-08-13 13:00:00,0.0,0.5543157072720902,0.3547429278537267,11.367469315793644,0.018,-1.921990536042861
2021-08-13 13:30:00,0.0,0.418020607788053,0.5073422744049526,16.257400173686566,0.018,-1.9763113978950724
2021-08-13 14:00:00,0.0,0.6037504307360686,0.2320770178147611,7.436732833185579,0.018333333333333333,-1.99492478709916
2021-08-13 14:30:00,0.0,0.5997744650349889,0.2627926903707834,8.420993371956683,0.018333333333333333,-1.986128661232366
2021-08-13 15:00:00,0.0,0.628644564388235,0.4768871328333948,15.28148815362909,0.018333333333333333,-1.9826577157682557
2021-08-13 15:30:00,0.0,0.6845161595387298,0.598514796368413,19.178954810825108,0.018333333333333333,-2.018615909049012
2021-08-13 16:00:00,0.0,0.6290290821846013,0.7498307365545036,24.02775988063358,0.019666666666666666,-2.1081296846284436
2021-08-13 16:30:00,0.0,0.6257987345369854,0.4158799190054013,13.326558042893431,0.019666666666666666,-2.237799690248266
2021-08-13 17:00:00,0.0,0.6323568490477965,0.5681560266456841,18.206130953909028,0.019,-2.3748814994429734
2021-08-13 17:30:00,0.0,0.6281537369884168,0.2627926903707834,8.420993371956683,0.019,-2.485240115821547
2021-08-13 18:00:00,0.0,0.6028716556876013,0.5377652124525534,17.23228025613036,0.018666666666666668,-2.5495157818736667
2021-08-13 18:30:00,0.0,0.5805877512034304,0.8703146814772187,27.88857693832971,0.018666666666666668,-2.5680909992293275
2021-08-13 19:00:00,0.0,0.293360285504351,0.4463997077816477,14.304541633820822,0.019666666666666666,-2.5548532068090486
2021-08-13 19:30:00,0.0,0.4796097710202347,0.7498307365545036,24.02775988063358,0.019666666666666666,-2.526667283876522
2021-08-13 20:00:00,0.0,0.1577372585248335,0.598514796368413,19.178954810825108,0.02033333333333333,-2.4964735959301327
2021-08-13 20:30:00,0.0,0.1432886197915338,0.8703146814772187,27.88857693832971,0.02033333333333333,-2.4721534747818428
2021-08-13 21:00:00,0.0,0.114509067485966,0.5073422744049526,16.257400173686566,0.02,-2.457147594953516
2021-08-13 21:30:00,0.0,0.1102175985935013,0.598514796368413,19.178954810825108,0.02,-2.4502210912492597
2021-08-13 22:00:00,0.0,0.174415638437661,0.5681560266456841,18.206130953909028,0.021,-2.4472927584898474
2021-08-13 22:30:00,0.0,0.143170778406461,0.598514796368413,19.178954810825108,0.021,-2.44529556803438
2021-08-13 23:00:00,0.0,0.1579275228053997,0.2934755116111902,9.404201215119445,0.021333333333333333,-2.4431132357432084
2021-08-13 23:30:00,0.0,0.0900303980710116,0.139732067768234,4.477608623230264,0.021333333333333333,-2.438627868352913
2021-08-14 00:00:00,0.0,0.1217730974494596,0.3320774231132138,10.641170327330109,0.021333333333333333,-2.4274453337435107
2021-08-14 00:30:00,0.0,0.0852965918435227,0.0244143249005118,0.7823386102479845,0.021333333333333333,-2.4061095491520974
2021-08-14 01:00:00,0.0,4.6240827686522826e-05,0.2708083623875815,8.677849530436578,0.021,-2.375956545347845
2021-08-14 01:30:00,0.0,4.428256051936826e-05,0.1170606228124288,3.7511192850521526,0.021,-2.3429383727440074
2021-08-14 02:00:00,0.0,4.537522721954669e-05,0.1170606228124288,3.7511192850521526,0.021,-2.313401976633758
2021-08-14 02:30:00,0.0,4.301786220239421e-05,0.7271749132401194,23.301771126161505,0.021,-2.289606267137014
2021-08-14 03:00:00,0.0,4.274146575667647e-05,0.2094081820582711,6.71032710482975,0.020666666666666667,-2.2683488145170787
2021-08-14 03:30:00,0.0,4.214173306104348e-05,0.2401247031528018,7.694614834376766,0.020666666666666667,-2.2426519546047414
2021-08-14 04:00:00,0.0,3.9972436580370545e-05,0.1786587167733249,5.724983703571535,0.021,-2.204709321017195
2021-08-14 04:30:00,0.0,4.041801506996202e-05,0.1478762246681601,4.738581982792468,0.021,-2.1501452343265206
2021-08-14 05:00:00,0.0,3.965973253870246e-05,0.1170606228124288,3.7511192850521526,0.020666666666666667,-2.0828458865183817
2021-08-14 05:30:00,0.0,0.057703948732756,0.1786587167733249,5.724983703571535,0.020666666666666667,-2.0144766807016667
2021-08-14 06:00:00,0.0,0.0595721476749177,0.1170606228124288,3.7511192850521526,0.020666666666666667,-1.954953846765018
2021-08-14 06:30:00,0.0,0.0578687287277928,0.2708083623875815,8.677849530436578,0.020666666666666667,-1.9023585865227135
2021-08-14 07:00:00,0.0,0.0578687287277928,0.1478762246681601,4.738581982792468,0.020666666666666667,-1.8451089763249435
2021-08-14 07:30:00,0.0,0.0892202569557095,0.1478762246681601,4.738581982792468,0.020666666666666667,-1.775975202431391
2021-08-14 08:00:00,0.0,0.0565400834709561,0.4237365914738882,13.57831918088176,0.020666666666666667,-1.703523013200113
2021-08-14 08:30:00,0.0,0.0541043252270482,0.6061829825097338,19.42467604675402,0.020666666666666667,-1.6488256653269229
2021-08-14 09:00:00,0.0,4.177665065286426e-05,0.5454959500800468,17.480005907211467,0.020666666666666667,-1.6299072217866195
2021-08-14 09:30:00,0.0,0.0029153353336462,0.8175869533738271,26.198956697178744,0.020666666666666667,-1.6481196817202424
2021-08-14 10:00:00,0.0,0.0135886878507786,0.9376977581996282,30.04781676216518,0.02033333333333333,-1.6883157491889311
2021-08-14 10:30:00,0.0,0.041001215513406,0.6364786142140518,20.395476693535123,0.02033333333333333,-1.7311728233320138
2021-08-14 11:00:00,0.0,0.1415101739792244,0.6969745014330354,22.334021729102588,0.02033333333333333,-1.766315127239152
2021-08-14 11:30:00,0.0,0.065937977788799,0.5758554540809387,18.452853293516952,0.02033333333333333,-1.797732127897564
2021-08-14 12:00:00,0.0,0.0741247733557887,0.2708083623875815,8.677849530436578,0.02,-1.83943457179016
2021-08-14 12:30:00,0.0,0.2697796829056178,0.3014592417955308,9.660033821692192,0.02,-1.903233469336616
2021-08-14 13:00:00,0.0,0.3615888989898557,0.4542247919171574,14.555290547525985,0.01933333333333333,-1.987119546252098
2021-08-14 13:30:00,0.0,0.3899626963937843,0.5454959500800468,17.480005907211467,0.01933333333333333,-2.075949541078816
2021-08-14 14:00:00,0.0,0.8231149552366599,0.3626629877822186,11.621261657084524,0.01933333333333333,-2.154207917147171
2021-08-14 14:30:00,0.0,0.6344521271789875,0.5454959500800468,17.480005907211467,0.01933333333333333,-2.2167581989210583
2021-08-14 15:00:00,0.0,0.6200261045064495,0.4237365914738882,13.57831918088176,0.018666666666666668,-2.267586278439763
2021-08-14 15:30:00,0.0,0.6326999396043321,0.5454959500800468,17.480005907211467,0.018666666666666668,-2.3115833320848593
2021-08-14 16:00:00,0.0,0.5518950136548034,0.3320774231132138,10.641170327330109,0.01833333333333333,-2.349312764740294
2021-08-14 16:30:00,0.0,0.5821198101508667,0.2708083623875815,8.677849530436578,0.01833333333333333,-2.377898705402087
2021-08-14 17:00:00,0.0,0.7456453927661485,0.3932160169505289,12.60031041128132,0.018000000000000002,-2.395154129349626
2021-08-14 17:30:00,0.0,0.7183952187656599,0.2094081820582711,6.71032710482975,0.018000000000000002,-2.4026355499973304
2021-08-14 18:00:00,0.0,0.6966132410740604,0.3932160169505289,12.60031041128132,0.018000000000000002,-2.404572241644036
2021-08-14 18:30:00,0.0,0.6403458378886769,0.6364786142140518,20.395476693535123,0.018000000000000002,-2.4036535644019428
2021-08-14 19:00:00,0.0,0.4521097434643898,0.3014592417955308,9.660033821692192,0.017666666666666667,-2.398271066800902
2021-08-14 19:30:00,0.0,0.1510016034332317,0.3320774231132138,10.641170327330109,0.017666666666666667,-2.384150156825045
2021-08-14 20:00:00,0.0,0.1405649347153349,0.4542247919171574,14.555290547525985,0.017666666666666667,-2.3594393100162803
2021-08-14 20:30:00,0.0,0.2008601165905718,0.2708083623875815,8.677849530436578,0.017666666666666667,-2.330092981870833
2021-08-14 21:00:00,0.0,0.1329579886489861,0.4542247919171574,14.555290547525985,0.017666666666666667,-2.3101457526051568
2021-08-14 21:30:00,0.0,6.184399553733421e-05,0.1478762246681601,4.738581982792468,0.017666666666666667,-2.313747754254939
2021-08-14 22:00:00,0.0,0.1305514119392825,0.3626629877822186,11.621261657084524,0.017333333333333336,-2.3447545811162063
2021-08-14 22:30:00,0.0,0.1240951817781428,0.4237365914738882,13.57831918088176,0.017333333333333336,-2.393154713318274
2021-08-14 23:00:00,0.0,0.1088793437301443,0.086211827973829,2.7625929432343046,0.017333333333333336,-2.440677408985347
2021-08-14 23:30:00,0.0,5.791552763269785e-05,0.086211827973829,2.7625929432343046,0.017333333333333336,-2.470658864565356
2021-08-15 00:00:00,0.0,0.1112040354584203,0.2481405950192256,7.951478037771944,0.017333333333333336,-2.4762088961202084
2021-08-15 00:30:00,0.0,0.1146940463290737,0.2174560906514263,6.968216260062536,0.017333333333333336,-2.462358161329096
2021-08-15 01:00:00,0.0,0.1182186078772232,0.1559883823195152,4.998529950591513,0.016666666666666666,-2.4406542876857276
2021-08-15 01:30:00,0.0,0.174674089396132,0.0943885239447053,3.0246089927602777,0.016666666666666666,-2.419401182400758
2021-08-15 02:00:00,0.0,0.1189451958644733,0.3705515252320154,11.874043884342989,0.016666666666666666,-2.3965445627630815
2021-08-15 02:30:00,0.0,0.1109232211868813,0.3399976928205852,10.894969390826809,0.016666666666666666,-2.3608763085756896
2021-08-15 03:00:00,0.0,4.9593749015695974e-05,0.0943885239447053,3.0246089927602777,0.017,-2.3007612244156905
2021-08-15 03:30:00,0.0,4.721230452675592e-05,0.4010728926044698,12.852078060194131,0.017,-2.213884062354263
2021-08-15 04:00:00,0.0,4.6385317006308536e-05,0.2787923090404147,8.93368907357875,0.017333333333333336,-2.1113635357761034
2021-08-15 04:30:00,0.0,4.604789503631127e-05,0.3094113144831728,9.914851987682535,0.017333333333333336,-2.0136558723787576
2021-08-15 05:00:00,0.0,4.508809620394872e-05,0.1867387138723621,5.983901110750629,0.019666666666666666,-1.940572627690644
2021-08-15 05:30:00,0.0,4.418741123033195e-05,0.1867387138723621,5.983901110750629,0.019666666666666666,-1.901806398495194
2021-08-15 06:00:00,0.0,4.3672120691857e-05,0.0943885239447053,3.0246089927602777,0.02,-1.894705153414209
2021-08-15 06:30:00,0.0,4.3391293708462714e-05,0.063538830895785,2.0360538684707987,0.02,-1.909191549216806
2021-08-15 07:00:00,0.0,4.362491475530173e-05,0.0326558506163366,1.0464320800086897,0.01933333333333333,-1.9335437530697457
2021-08-15 07:30:00,0.0,4.357773870443802e-05,0.3399976928205852,10.894969390826809,0.01933333333333333,-1.9574597704454653
2021-08-15 08:00:00,0.0,4.4849951911232046e-05,-0.0292103074322569,-0.9360222498304304,0.019666666666666666,-1.9747477972933272
2021-08-15 08:30:00,0.0,0.0876028303792792,0.1867387138723621,5.983901110750629,0.019666666666666666,-1.986207610454518
2021-08-15 09:00:00,0.0,0.0979315959145675,0.0943885239447053,3.0246089927602777,0.019,-1.9987944698331035
2021-08-15 09:30:00,0.0,0.1641549521368822,0.3705515252320154,11.874043884342989,0.019,-2.019622222557029
2021-08-15 10:00:00,0.0,0.3126189637553914,0.0017394992334221,0.0557409397289709,0.018666666666666665,-2.0485236311053634
2021-08-15 10:30:00,0.0,0.3245091121277272,0.2174560906514263,6.968216260062536,0.018666666666666665,-2.0761996236171028
2021-08-15 11:00:00,0.0,0.1902491992593768,0.1867387138723621,5.983901110750629,0.018666666666666665,-2.0926424184532757
2021-08-15 11:30:00,0.0,0.3502653233373277,0.3094113144831728,9.914851987682535,0.018666666666666665,-2.099904014333993
2021-08-15 12:00:00,0.0,0.3575094899479067,0.4924430090011351,15.779964461774089,0.018666666666666665,-2.113829969902576
2021-08-15 12:30:00,0.0,0.5445067314079653,0.3705515252320154,11.874043884342989,0.018666666666666665,-2.1492417706882896
2021-08-15 13:00:00,0.0,0.5551928636151208,0.4010728926044698,12.852078060194131,0.018666666666666665,-2.204444320735861
2021-08-15 13:30:00,0.0,0.493605351333147,0.3705515252320154,11.874043884342989,0.018666666666666665,-2.263477370042617
2021-08-15 14:00:00,0.0,0.6379420579004208,0.2174560906514263,6.968216260062536,0.017333333333333336,-2.3118420757617573
2021-08-15 14:30:00,0.0,0.6543953484260941,0.3705515252320154,11.874043884342989,0.017333333333333336,-2.346244861317202
2021-08-15 15:00:00,0.0,0.6949760711797073,0.4010728926044698,12.852078060194131,0.017333333333333336,-2.3712918853158516
2021-08-15 15:30:00,0.0,0.7518062414082048,0.063538830895785,2.0360538684707987,0.017333333333333336,-2.391962311525725
2021-08-15 16:00:00,0.0,0.7542349676803379,0.6743174755754873,21.607994440042663,0.017333333333333336,-2.409400840715361
2021-08-15 16:30:00,0.0,0.7282044867763465,-0.2468028380780275,-7.908610626508624,0.017333333333333336,-2.4204781390154007
2021-08-15 17:00:00,0.0,0.7301842844985501,0.5228353192879492,16.75386310074539,0.01833333333333333,-2.4217937441966733
2021-08-15 17:30:00,0.0,0.8587066501818772,0.3094113144831728,9.914851987682535,0.01833333333333333,-2.4161838316655766
2021-08-15 18:00:00,0.0,0.6627755437022733,0.5531955646326958,17.726734242855034,0.019,-2.413228377484347
2021-08-15 18:30:00,0.0,0.4485741054105858,0.3094113144831728,9.914851987682535,0.019,-2.4207766141754874
2021-08-15 19:00:00,0.0,0.2601163569666871,0.2481405950192256,7.951478037771944,0.019,-2.4372337713673153
2021-08-15 19:30:00,0.0,0.2101377114834537,0.3399976928205852,10.894969390826809,0.019,-2.453807132532926
2021-08-15 20:00:00,0.0,0.2357534777111704,0.2481405950192256,7.951478037771944,0.019666666666666666,-2.462721700076081
2021-08-15 20:30:00,0.0,0.1963669352923275,0.2481405950192256,7.951478037771944,0.019666666666666666,-2.4621723008011647
2021-08-15 21:00:00,0.0,0.1317911196065308,0.1867387138723621,5.983901110750629,0.019,-2.455733443272235
2021-08-15 21:30:00,0.0,0.1332267266521989,0.2787923090404147,8.93368907357875,0.019,-2.4489392315971337
2021-08-15 22:00:00,0.0,0.1310761564357923,0.2481405950192256,7.951478037771944,0.019,-2.4451491303736352
2021-08-15 22:30:00,0.0,0.1320199343269083,0.2481405950192256,7.951478037771944,0.019,-2.4440843102068106
2021-08-15 23:00:00,0.0,0.1317192934121471,0.1559883823195152,4.998529950591513,0.019,-2.445081495337958
2021-08-15 23:30:00,0.0,0.128164684223342,0.1867387138723621,5.983901110750629,0.019,-2.4504472700265874
2021-08-16 00:00:00,0.0,0.1831684430469418,0.1093265255678978,3.503285977579363,0.019,-2.4632080041911264
2021-08-16 00:30:00,0.0,0.1793691275501859,0.1708614554726537,5.475126351604388,0.019,-2.4813376154459874
2021-08-16 01:00:00,0.0,0.1760695967437662,0.3546777776351471,11.365381626223336,0.019,-2.4966834422511845
2021-08-16 01:30:00,0.0,0.1721876661123242,0.1708614554726537,5.475126351604388,0.019,-2.501625514709892
2021-08-16 02:00:00,0.0,0.1996569361058468,0.2015794357973515,6.45946084108049,0.019,-2.496127197183916
2021-08-16 02:30:00,0.0,0.1685898994455965,-0.0141415369759504,-0.453154876475965,0.019,-2.4863828087094824
2021-08-16 03:00:00,0.0,0.1924482590220592,0.1401105129575615,4.489735613621359,0.019,-2.477072923611322
2021-08-16 03:30:00,0.0,0.1605199027784978,0.1401105129575615,4.489735613621359,0.019,-2.4667364017616045
2021-08-16 04:00:00,0.0,0.1823668412741083,0.1093265255678978,3.503285977579363,0.019,-2.4505412315966666
2021-08-16 04:30:00,0.0,0.1744493133043431,0.232264536316491,7.442741722009537,0.019,-2.4257803826139575
2021-08-16 05:00:00,0.0,0.1423621590520999,0.1401105129575615,4.489735613621359,0.019,-2.394443256092993
2021-08-16 05:30:00,0.0,0.0952940103677022,-0.0141415369759504,-0.453154876475965,0.019,-2.362439575860737
2021-08-16 06:00:00,0.0,0.091904510486488,0.047659083922987,1.5271993648786086,0.019,-2.337815941277391
2021-08-16 06:30:00,0.0,0.0905526756011508,0.1401105129575615,4.489735613621359,0.019,-2.328930153774567
2021-08-16 07:00:00,0.0,0.0911239117224722,0.1401105129575615,4.489735613621359,0.019,-2.3414251625519107
2021-08-16 07:30:00,0.0,0.0890298380924033,0.0785094103187352,2.5157747842890528,0.019,-2.373767532050254
2021-08-16 08:00:00,0.0,0.0891023626042603,0.047659083922987,1.5271993648786086,0.019,-2.414675558961469
2021-08-16 08:30:00,0.0,0.0887549574451971,0.0167754627899848,0.5375570407481702,0.019,-2.447042526915206
2021-08-16 09:00:00,0.0,4.9998260596644535e-05,0.047659083922987,1.5271993648786086,0.019,-2.4571630715942105
2021-08-16 09:30:00,0.0,5.004921357734715e-05,0.0785094103187352,2.5157747842890528,0.019,-2.4421973005470026
2021-08-16 10:00:00,0.0,0.133582038901787,0.324123378428037,10.386288970167488,0.018666666666666668,-2.4107538757833584
2021-08-16 10:30:00,0.0,0.0027852363591222,0.2935364259890914,9.406153170372994,0.018666666666666668,-2.377215102288558
2021-08-16 11:00:00,0.0,0.1405801605122665,0.2935364259890914,9.406153170372994,0.018666666666666668,-2.354189458314208
2021-08-16 11:30:00,0.0,0.1417606844607396,1.048626746111209,33.60245243579555,0.018666666666666668,-2.3473936347972653
2021-08-16 12:00:00,0.0,0.1547973718501572,0.3546777776351471,11.365381626223336,0.019,-2.3545046782722485
2021-08-16 12:30:00,0.0,0.0741375899265703,0.3546777776351471,11.365381626223336,0.019,-2.3667576860250095
2021-08-16 13:00:00,0.0,4.232498636734754e-05,0.5373250656079351,17.218176082776115,0.019,-2.372589853773737
2021-08-16 13:30:00,0.0,4.132011947836208e-05,0.4156892396984219,13.320447868451453,0.019,-2.3639429088490065
2021-08-16 14:00:00,0.0,0.0117504837658254,0.2629168391169607,8.424971624803902,0.018333333333333337,-2.342200629762597
2021-08-16 14:30:00,0.0,0.0115511263860238,0.4765714559653162,15.271372526706518,0.018333333333333337,-2.3167832224858347
2021-08-16 15:00:00,0.0,0.0110496993797804,0.4765714559653162,15.271372526706518,0.018000000000000002,-2.2960324413445057
2021-08-16 15:30:00,0.0,0.0035208588266664,0.4765714559653162,15.271372526706518,0.018000000000000002,-2.2809008376052935
2021-08-16 16:00:00,0.0,0.0438725594339594,0.5069642968454815,16.245288168141194,0.018333333333333337,-2.268272087945296
2021-08-16 16:30:00,0.0,0.0429404240425339,0.2935364259890914,9.406153170372994,0.018333333333333337,-2.2569132828466385
2021-08-16 17:00:00,0.0,0.0671483072696169,0.2935364259890914,9.406153170372994,0.018000000000000002,-2.24670624603017
2021-08-16 17:30:00,0.0,3.8080907314678035e-05,0.1708614554726537,5.475126351604388,0.018000000000000002,-2.233868727264212
2021-08-16 18:00:00,0.0,3.7649739217570726e-05,0.1093265255678978,3.503285977579363,0.017666666666666667,-2.2113648885496704
2021-08-16 18:30:00,0.0,3.847323793770416e-05,0.2935364259890914,9.406153170372994,0.017666666666666667,-2.1754461173816457
2021-08-16 19:00:00,0.0,3.773608560441656e-05,0.2629168391169607,8.424971624803902,0.017333333333333336,-2.1301302922990195
2021-08-16 19:30:00,0.0,3.577829014767662e-05,0.1708614554726537,5.475126351604388,0.017333333333333336,-2.084328205139573
2021-08-16 20:00:00,1.2,3.441051549534346e-05,0.0785094103187352,2.5157747842890528,0.022333333333333334,-2.0454071831020286
2021-08-16 20:30:00,0.8,3.4205635288323394e-05,0.232264536316491,7.442741722009537,0.022333333333333334,-2.0155116369823496
2021-08-16 21:00:00,0.8,3.383853668811971e-05,0.3851997045193321,12.343433731205494,0.07300000000000001,-1.9923386119396391
2021-08-16 21:30:00,0.6,3.3191613558943914e-05,0.9889411212448376,31.68987164562344,0.07300000000000001,-1.9719222015375464
2021-08-16 22:00:00,0.6,0.0049050408398667,0.5676538414351934,18.190038807955233,0.08133333333333333,-1.9507643615980257
2021-08-16 22:30:00,0.8,3.0323396658217114e-05,0.5069642968454815,16.245288168141194,0.08133333333333333,-1.926667238828028
2021-08-16 23:00:00,1.4,2.9902966050348084e-05,0.8691992076783976,27.8528324225549,0.09866666666666668,-1.899075674847338
2021-08-16 23:30:00,1.4,2.994003747838271e-05,1.048626746111209,33.60245243579555,0.09866666666666668,-1.8692963995186744
2021-08-17 00:00:00,1.2,2.9675055420673333e-05,1.336332488363403,42.82176574759745,0.11033333333333332,-1.8401051122096392
2021-08-17 00:30:00,1.2,2.9636675311373782e-05,1.336332488363403,42.82176574759745,0.11033333333333332,-1.814644396553905
2021-08-17 01:00:00,1.6,2.959832938613145e-05,1.4835047049521737,47.537788322965085,0.11499999999999999,-1.794880298099265
2021-08-17 01:30:00,1.0,2.9372021514339375e-05,1.5128500483711422,48.47813769904653,0.11499999999999999,-1.780032236651849
2021-08-17 02:00:00,1.0,2.832677525430342e-05,1.5128500483711422,48.47813769904653,0.12,-1.766406223191065
2021-08-17 02:30:00,1.4,2.740935055048091e-05,1.4247251311941185,45.65424125655075,0.12,-1.7494502340408935
2021-08-17 03:00:00,1.0,2.697436473519058e-05,1.6007091500810804,51.29351628557251,0.12433333333333334,-1.726353193300202
2021-08-17 03:30:00,0.8,2.6866742732449057e-05,1.4541297561420212,46.596490264473275,0.12433333333333334,-1.6971350852855027
2021-08-17 04:00:00,0.6,2.6507359011527425e-05,1.4541297561420212,46.596490264473275,0.12533333333333332,-1.6641214812596492
2021-08-17 04:30:00,1.0,2.6258392924944224e-05,1.3952907591160315,44.711039024298586,0.12533333333333332,-1.6305611763048014
2021-08-17 05:00:00,0.8,2.6223163795089992e-05,1.3068084464645366,41.875690113633155,0.129,-1.59904457719508
2021-08-17 05:30:00,1.0,2.5691819406944564e-05,1.1290309526524265,36.178944534589114,0.129,-1.5706499413792916
2021-08-17 06:00:00,1.0,2.5446970766639617e-05,1.2180558300744864,39.03167952372704,0.138,-1.5450955837642784
2021-08-17 06:30:00,1.6,0.002378482087638,1.2180558300744864,39.03167952372704,0.138,-1.5212231684176505
2021-08-17 07:00:00,1.2,0.0020411175708325,1.1290309526524265,36.178944534589114,0.153,-1.497670783541756
2021-08-17 07:30:00,0.8,2.3424701532556037e-05,1.0099041772560868,32.3616169497931,0.153,-1.4739027710274075
2021-08-17 08:00:00,0.6,2.3626584162443343e-05,1.039731836257271,33.31742176459049,0.16566666666666666,-1.4506223344287894
2021-08-17 08:30:00,0.2,2.3592631716954487e-05,0.9800457507820252,31.40482621455474,0.16566666666666666,-1.428848482923236
2021-08-17 09:00:00,0.0,2.4032825628468784e-05,0.8902851170313298,28.528514469312707,0.165,-1.408955213735595
2021-08-17 09:30:00,0.0,0.0057238160330694,0.830289478452512,26.60599952376495,0.165,-1.3908732337618093
2021-08-17 10:00:00,0.2,0.003176509225951,0.8002448666940013,25.64324262164391,0.162,-1.3745916830353735
2021-08-17 10:30:00,0.2,2.437321212789204e-05,0.7701689581515977,24.679482837710005,0.162,-1.3600059459596705
2021-08-17 11:00:00,0.0,2.4476273743114684e-05,0.6193172698610941,19.84555436941636,0.16133333333333333,-1.3467691267553836
2021-08-17 11:30:00,0.2,2.4407976960880987e-05,0.4980646810695647,15.960106699218995,0.16133333333333333,-1.3345542454305308
2021-08-17 12:00:00,0.0,0.0013336482376939,0.6193172698610941,19.84555436941636,0.16166666666666665,-1.3229994682957378
2021-08-17 12:30:00,0.2,0.0062318917153452,0.589051960474398,18.875725378412124,0.16166666666666665,-1.3111465008440026
2021-08-17 13:00:00,0.0,0.0014394413191256,0.4372462456027274,14.0112258485515,0.16133333333333333,-1.2974420550636083
2021-08-17 13:30:00,0.2,0.0047015133197213,0.5587548116802534,17.90487611763283,0.16133333333333333,-1.2810636480558857
2021-08-17 14:00:00,0.4,0.0068157166501367,0.5587548116802534,17.90487611763283,0.164,-1.2633059057163265
2021-08-17 14:30:00,0.4,2.5691819406944564e-05,0.4676715411471,14.986181475199592,0.164,-1.2469792817426135
2021-08-17 15:00:00,0.0,2.57626807481102e-05,0.4980646810695647,15.960106699218995,0.167,-1.234189880162422
2021-08-17 15:30:00,0.2,2.572792735869879e-05,0.3152219075964969,10.101048057388285,0.167,-1.2249882114135546
2021-08-17 16:00:00,0.6,0.0015453708381954,0.3457766261537549,11.080150946778533,0.168,-1.217872298537965
2021-08-17 16:30:00,0.4,0.0014733868721679,0.3457766261537549,11.080150946778533,0.168,-1.2108764183351417
2021-08-17 17:00:00,0.2,2.5903426022643787e-05,0.3152219075964969,10.101048057388285,0.17,-1.2024505058300412
2021-08-17 17:30:00,0.0,2.6044719324839073e-05,0.4372462456027274,14.0112258485515,0.17,-1.192275331935819
2021-08-17 18:00:00,0.0,2.608118062092133e-05,0.4980646810695647,15.960106699218995,0.16633333333333333,-1.1814973786963554
2021-08-17 18:30:00,0.0,2.6507359011527425e-05,0.4676715411471,14.986181475199592,0.16633333333333333,-1.1716426179798547
2021-08-17 19:00:00,0.0,2.6328952168670433e-05,0.4980646810695647,15.960106699218995,0.16366666666666665,-1.1631037466443332
2021-08-17 19:30:00,0.0,2.6116273850256723e-05,0.4372462456027274,14.0112258485515,0.16366666666666665,-1.1550186668703617
2021-08-17 20:00:00,0.0,2.608118062092133e-05,0.4676715411471,14.986181475199592,0.162,-1.146881079446451
2021-08-17 20:30:00,0.0,2.6044719324839073e-05,0.3762988683021292,12.058213154163631,0.162,-1.1400917577080574
2021-08-17 21:00:00,0.0,2.5833681681635627e-05,0.5587548116802534,17.90487611763283,0.16066666666666665,-1.1373147082455306
2021-08-17 21:30:00,0.0,2.5939746154101555e-05,0.4067887146716892,13.03523726327328,0.16066666666666665,-1.1395149044540274
2021-08-17 22:00:00,0.0,0.0022639702570485,0.5284257448491055,16.933004067453755,0.15933333333333333,-1.143716642392306
2021-08-17 22:30:00,0.0,0.0020303232021368,0.5587548116802534,17.90487611763283,0.15933333333333333,-1.1447638685448835
2021-08-17 23:00:00,0.0,0.0021741160998016,0.4372462456027274,14.0112258485515,0.15866666666666665,-1.1397970918813762
2021-08-17 23:30:00,0.0,0.0020795621360952,0.5587548116802534,17.90487611763283,0.15866666666666665,-1.130473720583308
2021-08-18 00:00:00,0.0,0.002518662294697,0.4283459383413786,13.72602222150066,0.15833333333333333,-1.12075443462851
2021-08-18 00:30:00,0.0,2.506306392233109e-05,0.4283459383413786,13.72602222150066,0.15833333333333333,-1.1132569072519254
2021-08-18 01:00:00,0.0,2.5306633599255708e-05,0.5195263379992834,16.647829293410535,0.15766666666666665,-1.107723871743359
2021-08-18 01:30:00,0.0,2.485505521863812e-05,0.3978880991883026,12.750023759479925,0.15766666666666665,-1.1019175618882622
2021-08-18 02:00:00,0.0,2.410036016658098e-05,0.5195263379992834,16.647829293410535,0.15733333333333333,-1.0933378268502467
2021-08-18 02:30:00,0.0,2.335725619367361e-05,0.3673979405340585,11.77298964344333,0.15733333333333333,-1.0804528825715012
2021-08-18 03:00:00,0.0,2.309017886238001e-05,0.3063203430222869,9.815804140695992,0.15666666666666665,-1.0629066868003536
2021-08-18 03:30:00,0.0,2.3289952882876963e-05,0.2757327425889631,8.835647576410839,0.15666666666666665,-1.040907741329933
2021-08-18 04:00:00,0.0,2.299012349826155e-05,0.2757327425889631,8.835647576410839,0.15666666666666665,-1.0147299469412503
2021-08-18 04:30:00,0.0,2.2890386407871472e-05,0.3368753820261572,10.79491729855602,0.15666666666666665,-0.9849857292157403
2021-08-18 05:00:00,0.0,2.242914423497689e-05,0.2757327425889631,8.835647576410839,0.15633333333333332,-0.9531145025808894
2021-08-18 05:30:00,0.0,2.2264834702587182e-05,0.2451124995001701,7.854445002874206,0.15633333333333332,-0.920775374224396
2021-08-18 06:00:00,0.0,2.1809250752999217e-05,0.2757327425889631,8.835647576410839,0.15666666666666665,-0.888045678422132
2021-08-18 06:30:00,0.0,2.122990299606362e-05,0.1530550976241271,4.904535056962343,0.15666666666666665,-0.8522436496030646
2021-08-18 07:00:00,0.0,2.110339745933009e-05,0.1223034657547254,3.91912222914088,0.15633333333333332,-0.8094388595742693
2021-08-18 07:30:00,0.0,2.0975061376302337e-05,0.1530550976241271,4.904535056962343,0.15633333333333332,-0.7586684299283315
2021-08-18 08:00:00,0.0,2.126252410024619e-05,0.1530550976241271,4.904535056962343,0.15566666666666665,-0.7061254807201409
2021-08-18 08:30:00,0.0,2.1841297402105628e-05,0.1223034657547254,3.91912222914088,0.15566666666666665,-0.6646669998259893
2021-08-18 09:00:00,0.0,2.252740087865609e-05,0.0915187806637448,2.9326502357869053,0.15566666666666665,-0.6457700038423385
2021-08-18 09:30:00,0.0,2.389685171169485e-05,0.029849918474178,0.9565181028050648,0.15566666666666665,-0.6490923459935855
2021-08-18 10:00:00,0.0,2.579746768048764e-05,0.3368753820261572,10.79491729855602,0.15533333333333332,-0.6606282350919732
2021-08-18 10:30:00,0.0,0.0532335030819153,0.6406525557432456,20.529227498790338,0.15533333333333332,-0.662975533754501
2021-08-18 11:00:00,0.0,0.0693235986651412,1.2091621495015992,38.74668824390524,0.15466666666666665,-0.6491618487240913
2021-08-18 11:30:00,0.0,0.0591089575559547,2.2281751772874436,71.40019143234906,0.15466666666666665,-0.6300170497056335
2021-08-18 12:00:00,0.0,0.1300472874490006,3.323544445001455,106.50047268541638,0.154,-0.6306272233049302
2021-08-18 12:30:00,0.0,0.187398712174087,4.085841635026632,130.9277106561758,0.154,-0.6752496893062706
2021-08-18 13:00:00,0.0,0.2299347376813018,4.592339439051715,147.15805041405832,0.15233333333333335,-0.7685282542327325
2021-08-18 13:30:00,0.0,0.2131522665420235,4.776831745374089,153.06996709075764,0.15233333333333335,-0.8901066832554441
2021-08-18 14:00:00,0.0,0.2532211709703378,4.8817560595467855,156.4321875275541,0.14966666666666667,-1.0110425946066983
2021-08-18 14:30:00,0.0,0.2623256461846213,4.618764127512802,148.00480960691436,0.14966666666666667,-1.1166443881040569
2021-08-18 15:00:00,0.0,0.2722568541987641,4.67154466579587,149.6961221104049,0.14766666666666667,-1.2113572769244274
2021-08-18 15:30:00,0.0,0.2560395707709431,4.803096713640734,153.9116081705609,0.14766666666666667,-1.30123592010859
2021-08-18 16:00:00,0.0,0.2755107625906905,4.193180052926076,134.3672892244084,0.145,-1.376022832387706
2021-08-18 16:30:00,0.0,0.2478859752163127,4.380109392564709,140.35729879392943,0.145,-1.4134590850447293
2021-08-18 17:00:00,0.0,0.1093120393755225,4.300138271695218,137.7946845985355,0.14266666666666666,-1.4008077357660569
2021-08-18 17:30:00,0.0,0.1616193505260851,3.7071150622183033,118.79170354386618,0.14266666666666666,-1.3480239762140855
2021-08-18 18:00:00,0.0,0.2096656160355138,3.8429229245895247,123.14356396766284,0.14033333333333334,-1.2797274531666587
2021-08-18 18:30:00,0.0,0.1798744496413078,3.6798795709373007,117.91896278674804,0.14033333333333334,-1.2180889034275344
2021-08-18 19:00:00,0.0,0.1590341354263622,3.788673482556861,121.40518155244096,0.13833333333333334,-1.1732667730944686
2021-08-18 19:30:00,0.0,0.1297826103342747,3.4610994596464306,110.90831928484192,0.13833333333333334,-1.1446063705094394
2021-08-18 20:00:00,0.0,0.06282091230959,3.3511061996095464,107.383668304544,0.137,-1.126472072351056
2021-08-18 20:30:00,0.0,0.0514672882754001,2.7949624521819807,89.56246176970897,0.137,-1.113103458229533
2021-08-18 21:00:00,0.0,0.0344752450812478,2.4277920135384607,77.79676225259918,0.1366666666666667,-1.1007373412945085
2021-08-18 21:30:00,0.0,0.0292702790886195,2.1422086043468904,68.64545750150486,0.1366666666666667,-1.087527708937794
2021-08-18 22:00:00,0.0,0.0474288684645966,1.9117255131273303,61.25980084275412,0.137,-1.0727123492318609
2021-08-18 22:30:00,0.0,3.400155713459838e-05,1.591817819730937,51.008600316864275,0.137,-1.056098048572652
2021-08-18 23:00:00,0.0,0.0291947343602016,1.3569338657176395,43.48192133224644,0.1376666666666667,-1.037986760026439
2021-08-18 23:30:00,0.0,3.0978191427504694e-05,1.3863982405607476,44.42608498045363,0.1376666666666667,-1.0191545901022352
2021-08-19 00:00:00,0.0,3.0592325027057014e-05,1.2002684072797871,38.46169498859019,0.138,-1.0006577488788568
2021-08-19 00:30:00,0.0,2.9183333930494853e-05,0.9323650558097678,29.876934339917163,0.138,-0.9835955931361672
2021-08-19 01:00:00,0.0,2.8959225565404393e-05,0.9622547999055886,30.83472862470208,0.1386666666666667,-0.9686748924082836
2021-08-19 01:30:00,0.0,2.847427479058182e-05,0.9024443866406648,28.91814908450529,0.1386666666666667,-0.9551640764994056
2021-08-19 02:00:00,0.0,2.79581500579373e-05,0.7824509478316211,25.07304992492232,0.1386666666666667,-0.9402467281745576
2021-08-19 02:30:00,0.0,2.7264292631173747e-05,0.8425099713377555,26.997595992614535,0.1386666666666667,-0.9209095456764248
2021-08-19 03:00:00,0.0,2.7373035254458654e-05,0.7824509478316211,25.07304992492232,0.139,-0.8976415816392724
2021-08-19 03:30:00,0.0,2.6650985973610524e-05,0.7824509478316211,25.07304992492232,0.139,-0.875149074420206
2021-08-19 04:00:00,0.0,2.6258392924944224e-05,0.540956496843853,17.334542555242432,0.13933333333333334,-0.858129320784812
2021-08-19 04:30:00,0.0,2.6579814711673224e-05,0.5712542229058756,18.305410314135074,0.13933333333333334,-0.8473477534795631
2021-08-19 05:00:00,0.0,2.672229220790163e-05,0.510626844739041,16.36265175041063,0.139,-0.8410234917192052
2021-08-19 05:30:00,0.0,2.711977650685282e-05,0.4498714463764728,14.415790876160628,0.139,-0.8386047388532748
2021-08-19 06:00:00,0.0,2.672229220790163e-05,0.5712542229058756,18.305410314135074,0.13933333333333334,-0.8410344840679043
2021-08-19 06:30:00,0.0,2.6544279676838223e-05,0.540956496843853,17.334542555242432,0.13933333333333334,-0.8476518913188927
2021-08-19 07:00:00,0.0,0.0120644894798952,0.4498714463764728,14.415790876160628,0.1396666666666667,-0.8547122740889532
2021-08-19 07:30:00,0.0,0.0141253962584505,0.6921274355926531,22.178701163459355,0.1396666666666667,-0.8577911374892592
2021-08-19 08:00:00,0.0,0.0009630996637043,0.752374517398729,24.109273417401702,0.1386666666666667,-0.8551475573931594
2021-08-19 08:30:00,0.0,0.0041341182865437,0.9622547999055886,30.83472862470208,0.1386666666666667,-0.848249647736808
2021-08-19 09:00:00,0.0,0.0021920284067442,1.0517392314716048,33.70218967945031,0.13833333333333334,-0.8391063021107652
2021-08-19 09:30:00,0.0,0.0018202424990012,1.2298831739142635,39.41067782821599,0.13833333333333334,-0.8284311856031299
2021-08-19 10:00:00,0.0,3.235220977632475e-05,1.2890222223277104,41.30574398858293,0.139,-0.8178641943065921
2021-08-19 10:30:00,0.0,3.227247190730846e-05,1.348041106425732,43.19695957417814,0.139,-0.8129987234522491
2021-08-19 11:00:00,0.0,3.211501208435781e-05,1.4363453813589453,46.02660340056784,0.13933333333333334,-0.8213438212445859
2021-08-19 11:30:00,0.0,0.0035956738083509,1.0219418130286009,32.7473539005102,0.13933333333333334,-0.8456458980051282
2021-08-19 12:00:00,0.0,0.0058374188340649,0.9323650558097678,29.876934339917163,0.1386666666666667,-0.8796794034356875
2021-08-19 12:30:00,0.2,0.0217458704495683,1.0517392314716048,33.70218967945031,0.1386666666666667,-0.911211968694048
2021-08-19 13:00:00,0.2,0.0157808766653211,1.2002684072797871,38.46169498859019,0.13933333333333334,-0.9293229327230444
2021-08-19 13:30:00,0.0,0.0121045809862382,1.2890222223277104,41.30574398858293,0.13933333333333334,-0.930048053459826
2021-08-19 14:00:00,0.0,0.0114011503327555,1.348041106425732,43.19695957417814,0.1396666666666667,-0.9172244675088784
2021-08-19 14:30:00,0.0,0.0106246606839282,1.612154377406754,51.66026995483952,0.1396666666666667,-0.8990546402899063
2021-08-19 15:00:00,0.0,0.0174879502850349,1.9606267878971635,62.82680527554857,0.1396666666666667,-0.882860026540383
2021-08-19 15:30:00,0.0,0.0055573783163145,2.018304133101375,64.67503226006411,0.1396666666666667,-0.8715856348324738
2021-08-19 16:00:00,0.0,0.0256972354089899,2.133319589549259,68.36061573292879,0.13933333333333334,-0.8643053233981574
2021-08-19 16:30:00,0.0,0.0174522487715286,1.7578565021603691,56.329184547171,0.13933333333333334,-0.858950650406556
2021-08-19 17:00:00,0.0,0.0128410347695182,1.641353050827976,52.59591940156924,0.1396666666666667,-0.8536215710349659
2021-08-19 17:30:00,1.8,0.0046112376934128,1.2298831739142635,39.41067782821599,0.1396666666666667,-0.8463653342971654
2021-08-19 18:00:00,0.6,3.062997880469489e-05,0.9622547999055886,30.83472862470208,0.16166666666666665,-0.8358769305944945
2021-08-19 18:30:00,0.2,0.005220991543154,0.752374517398729,24.109273417401702,0.16166666666666665,-0.8230701476401978
2021-08-19 19:00:00,0.0,0.0116584423149963,0.6619566299674864,21.21190047414928,0.164,-0.8107711785115023
2021-08-19 19:30:00,0.0,0.0006772611594575,0.6619566299674864,21.21190047414928,0.164,-0.801192186556562
2021-08-19 20:00:00,0.0,3.207451334881924e-05,0.510626844739041,16.36265175041063,0.16066666666666665,-0.7941572966029425
2021-08-19 20:30:00,0.0,3.1367349421886946e-05,0.510626844739041,16.36265175041063,0.16066666666666665,-0.7879567320865613
2021-08-19 21:00:00,0.0,3.082344996839441e-05,0.4498714463764728,14.415790876160628,0.15833333333333335,-0.7812382566231199
2021-08-19 21:30:00,0.0,3.078563437100488e-05,0.4194455413970407,13.44081572062614,0.15833333333333335,-0.7735494990285203
2021-08-19 22:00:00,0.6,2.925931655439214e-05,0.3889873929288346,12.464807346835572,0.15933333333333333,-0.7646765190729373
2021-08-19 22:30:00,0.8,2.9033291171632532e-05,0.3279740449329265,10.509680671319977,0.15933333333333333,-0.7545415534061654
2021-08-19 23:00:00,0.2,2.8809982646216876e-05,0.2362101854638681,7.569177070234971,0.16966666666666666,-0.7438191809695507
2021-08-19 23:30:00,0.2,2.8623806350329834e-05,0.2974186843859798,9.530557209854807,0.16966666666666666,-0.7338506257869414
2021-08-20 00:00:00,0.0,2.847427479058182e-05,0.1966541387224187,6.301633414585456,0.168,-0.7257025232076452
2021-08-20 00:30:00,0.0,2.82896123113535e-05,0.2273077748497249,7.283906042831723,0.168,-0.7196003617403347
2021-08-20 01:00:00,0.0,2.8031900533583182e-05,0.0737106286832778,2.36200144954128,0.166,-0.7151571205034725
2021-08-20 01:30:00,0.0,2.814130076513904e-05,0.2273077748497249,7.283906042831723,0.166,-0.7116796791005854
2021-08-20 02:00:00,0.0,2.7995008303509975e-05,0.3495958090676039,11.202533780024144,0.164,-0.7080948184014922
2021-08-20 02:30:00,0.0,2.7701093423267577e-05,0.1352483415300248,4.333931000841475,0.164,-0.7028595001688691
2021-08-20 03:00:00,0.0,2.781105680668246e-05,0.0737106286832778,2.36200144954128,0.16333333333333333,-0.6942194424057073
2021-08-20 03:30:00,0.0,2.7737713938562392e-05,0.0737106286832778,2.36200144954128,0.16333333333333333,-0.6807957551007033
2021-08-20 04:00:00,0.0,2.7737713938562392e-05,0.1966541387224187,6.301633414585456,0.16233333333333336,-0.6624365576002682
2021-08-20 04:30:00,0.0,2.792132579120251e-05,0.1044960158932297,3.3484959417676374,0.16233333333333336,-0.6413426999941096
2021-08-20 05:00:00,0.0,2.784777917135708e-05,-0.0188447342525861,-0.6038652826051193,0.16133333333333336,-0.6224418107240033
2021-08-20 05:30:00,0.0,2.784777917135708e-05,0.0737106286832778,2.36200144954128,0.16133333333333336,-0.6112335338173598
2021-08-20 06:00:00,0.0,2.7737713938562392e-05,0.0428920968647796,1.3744448633560244,0.161,-0.6095247070537725
2021-08-20 06:30:00,0.0,2.7627954200229578e-05,0.1352483415300248,4.333931000841475,0.161,-0.6132182586575531
2021-08-20 07:00:00,0.0,2.7591435480352944e-05,0.0737106286832778,2.36200144954128,0.16033333333333336,-0.6158273712891518
2021-08-20 07:30:00,0.0,2.7701093423267577e-05,0.1352483415300248,4.333931000841475,0.16033333333333336,-0.6152981850639418
2021-08-20 08:00:00,0.0,2.7737713938562392e-05,0.0737106286832778,2.36200144954128,0.15966666666666668,-0.6162886062902464
2021-08-20 08:30:00,0.4,2.7774368397717875e-05,0.0737106286832778,2.36200144954128,0.15966666666666668,-0.6241372156523454
2021-08-20 09:00:00,0.4,0.0104253863645938,-0.0188447342525861,-0.6038652826051193,0.162,-0.6377286074881782
2021-08-20 09:30:00,0.0,0.0130617427580998,0.1044960158932297,3.3484959417676374,0.162,-0.6510812774297289
2021-08-20 10:00:00,0.0,0.0145427378812802,0.3190726145546352,10.224441054834593,0.164,-0.661103733187851
2021-08-20 10:30:00,0.0,0.0207770887146015,0.5623552274507759,18.02024872292516,0.164,-0.6703921174994901
2021-08-20 11:00:00,0.0,0.0411820425401772,1.0428443452435878,33.41715976532008,0.162,-0.6817406633684578
2021-08-20 11:30:00,0.0,0.0457545511634394,1.4568285859933998,46.68297222962395,0.162,-0.6931306682411084
2021-08-20 12:00:00,0.0,0.0754037822600451,2.523478313958506,80.86295751277694,0.15966666666666668,-0.7016589604928868
2021-08-20 12:30:00,0.0,0.0737272034097977,3.498167726097946,112.09614389920888,0.15966666666666668,-0.7126166335798315
2021-08-20 13:00:00,0.0,0.060551807370564,3.7708950026817414,120.83548358641076,0.15766666666666668,-0.7395866269344916
2021-08-20 13:30:00,0.0,0.0793756751932043,3.6075567771111494,115.60143345748052,0.15766666666666668,-0.7903632171681593
2021-08-20 14:00:00,0.0,0.034517582643124,3.879295319903052,124.30908991674931,0.15566666666666668,-0.8549042766205838
2021-08-20 14:30:00,0.0,0.0931369158938888,4.75904249142334,152.4999238776076,0.15566666666666668,-0.9120548228267416
2021-08-20 15:00:00,0.0,0.2518674863808924,5.02067556759706,160.8837582880508,0.15466666666666667,-0.9467136448757896
2021-08-20 15:30:00,0.0,0.1743477107618066,4.942420942574196,158.37614790622203,0.15466666666666667,-0.9572413633562488
2021-08-20 16:00:00,0.0,0.1098145126964453,4.600977126528251,147.4348385883653,0.154,-0.9497664112830358
2021-08-20 16:30:00,0.0,0.0788763046918166,3.689337119246098,118.22202278248452,0.154,-0.931580602230376
2021-08-20 17:00:00,0.0,0.1275132158694137,4.362325411271409,139.7874245391068,0.153,-0.9099716667350772
2021-08-20 17:30:00,0.0,0.0920978010234309,4.548105446966287,145.7406055313981,0.153,-0.8920156669300817
2021-08-20 18:00:00,0.0,0.0186335272392398,4.3090354333832455,138.07978742806395,0.15233333333333335,-0.881662032582511
2021-08-20 18:30:00,0.0,0.000266329012587,4.068060744133817,130.35793543090367,0.15233333333333335,-0.8773724871202242
2021-08-20 19:00:00,0.0,0.0034108200354964,3.3057683059521783,105.93084972938313,0.153,-0.8739073451070919
2021-08-20 19:30:00,0.0,3.441051549534346e-05,2.8892517300641805,92.58389049732044,0.153,-0.8668173970651948
2021-08-20 20:00:00,0.0,3.436981434808215e-05,2.7771868496192456,88.99285600498193,0.15333333333333332,-0.8552599654486012
2021-08-20 20:30:00,0.0,3.2830114591837195e-05,2.3246307036472342,74.49103595705162,0.15333333333333332,-0.8412591001475003
2021-08-20 21:00:00,0.0,3.227247190730846e-05,1.951737128633768,62.54194285555361,0.151,-0.8271131681763083
2021-08-20 21:30:00,0.0,3.113345954710823e-05,1.632461935389325,52.311010319537544,0.151,-0.8136885206212014
2021-08-20 22:00:00,0.0,0.0070538531192543,1.2801290222481518,41.020768105807115,0.151,-0.8005984698835237
2021-08-20 22:30:00,0.0,0.0053027412948566,1.072611361425324,34.371021326749556,0.151,-0.7873699440375598
2021-08-20 23:00:00,0.0,2.9902966050348084e-05,0.9832183484140554,31.50648971057328,0.15133333333333335,-0.7743113085570155
2021-08-20 23:30:00,0.4,2.9561549455001053e-05,0.7434771801043336,23.82416496069976,0.15133333333333335,-0.7622533002138983
2021-08-21 00:00:00,0.2,2.9183333930494853e-05,0.7345797644387274,23.539053992651525,0.15233333333333335,-0.7512871167023923
2021-08-21 00:30:00,0.0,2.8883783507465197e-05,0.7646567210813436,24.502847362165497,0.15233333333333335,-0.7401831907397072
2021-08-21 01:00:00,0.0,2.8809982646216876e-05,0.4928275977095859,15.79228831659754,0.15466666666666667,-0.7277747713824879
2021-08-21 01:30:00,0.4,2.877237961025713e-05,0.4624653429642879,14.81935278476419,0.15466666666666667,-0.714637627187714
2021-08-21 02:00:00,0.2,2.854897244395146e-05,0.4928275977095859,15.79228831659754,0.15733333333333333,-0.7024503057561139
2021-08-21 02:30:00,0.0,2.847427479058182e-05,0.4624653429642879,14.81935278476419,0.15733333333333333,-0.6916799912550308
2021-08-21 03:00:00,0.0,2.85863723630622e-05,0.2796150836493641,8.960054264782514,0.15866666666666665,-0.6806391315060013
2021-08-21 03:30:00,0.4,2.8399713350494872e-05,0.3101710905718559,9.93919843886405,0.15866666666666665,-0.6669956303584619
2021-08-21 04:00:00,0.0,2.8067349052283917e-05,0.401644477181687,12.87039405646278,0.16333333333333333,-0.6497740598896818
2021-08-21 04:30:00,0.2,2.7627954200229578e-05,0.218405267338313,6.998631910428652,0.16333333333333333,-0.6298624842100513
2021-08-21 05:00:00,0.0,2.792132579120251e-05,0.249026502992527,7.979866289974882,0.16433333333333333,-0.6089964511532273
2021-08-21 05:30:00,0.0,2.792132579120251e-05,0.218405267338313,6.998631910428652,0.16433333333333333,-0.5882991539822778
2021-08-21 06:00:00,0.0,2.7554950680070244e-05,0.1877512951296551,6.016348512709189,0.163,-0.5675427466425172
2021-08-21 06:30:00,0.0,2.8067349052283917e-05,0.218405267338313,6.998631910428652,0.163,-0.5461852824359807
2021-08-21 07:00:00,0.0,2.781105680668246e-05,0.126344813342314,4.048624161636948,0.16166666666666665,-0.5256383032002532
2021-08-21 07:30:00,0.0,2.7737713938562392e-05,0.0031353896423204,0.1004711940778444,0.16166666666666665,-0.5102423791908313
2021-08-21 08:00:00,0.0,2.784777917135708e-05,0.126344813342314,4.048624161636948,0.16066666666666665,-0.5049493651392738
2021-08-21 08:30:00,0.0,2.8031900533583182e-05,0.0648063992408577,2.0766721391589935,0.16066666666666665,-0.5109548188739795
2021-08-21 09:00:00,0.0,2.843697704639137e-05,0.126344813342314,4.048624161636948,0.16,-0.5235277046525648
2021-08-21 09:30:00,0.0,2.8623806350329834e-05,0.0648063992408577,2.0766721391589935,0.16,-0.5350639527862691
2021-08-21 10:00:00,0.0,0.0004108613192147,0.401644477181687,12.87039405646278,0.15966666666666665,-0.5410173127015101
2021-08-21 10:30:00,0.0,0.0009524861241724,0.4320709959640695,13.84538888084943,0.15966666666666665,-0.5431229277666745
2021-08-21 11:00:00,0.0,3.2551313253550324e-05,0.704471418633974,22.57425478113359,0.159,-0.5475523782737038
2021-08-21 11:30:00,0.0,0.0108637243555882,1.152835292637165,36.94173663870912,0.159,-0.5607401863510176
2021-08-21 12:00:00,0.0,0.0041962803495475,1.623570773507336,52.02609974926413,0.15833333333333333,-0.5863331695331567
2021-08-21 12:30:00,0.0,0.0057568382234817,2.144225230776762,68.7100787730315,0.15833333333333333,-0.6240661189228897
2021-08-21 13:00:00,0.0,0.0017654343042427,2.287225427931838,73.29241213524311,0.15766666666666665,-0.6698182283735542
2021-08-21 13:30:00,0.0,0.0084865069643592,2.429533879627536,77.85257903643074,0.15766666666666665,-0.7170440259458655
2021-08-21 14:00:00,0.0,0.0137667821686277,3.103231763621085,99.44071913198056,0.15666666666666665,-0.7603729459094817
2021-08-21 14:30:00,0.0,0.0080759002287823,3.269293137900924,104.76203050550276,0.15666666666666665,-0.7994097976721689
2021-08-21 15:00:00,0.0,0.0105233442862553,3.5166640222392047,112.6888437455841,0.156,-0.8377675455858284
2021-08-21 15:30:00,0.0,0.0253112857484782,3.9244594147930214,125.7563392416154,0.156,-0.8768888337581932
2021-08-21 16:00:00,0.0,0.027098558192669,4.086040410108413,130.93408025360952,0.155,-0.9122735409082012
2021-08-21 16:30:00,0.0,0.0254732409589346,4.300143823257722,137.79486249416487,0.155,-0.9374865692996908
2021-08-21 17:00:00,0.0,0.0262387012533767,4.486248787160693,143.75845556558536,0.154,-0.950305933969372
2021-08-21 17:30:00,0.0,0.0227464024961009,4.486248787160693,143.75845556558536,0.154,-0.9529920584010352
2021-08-21 18:00:00,0.0,0.0155063118442388,4.486248787160693,143.75845556558536,0.15333333333333332,-0.9481721666099744
2021-08-21 18:30:00,0.0,0.010345431244137,4.03227633384902,129.2112510181733,0.15333333333333332,-0.9370326762284934
2021-08-21 19:00:00,0.0,0.0105379862108109,3.978416141438411,127.48534181323268,0.15266666666666667,-0.9208050596854258
2021-08-21 19:30:00,0.0,3.713428294613371e-05,3.625952930761058,116.19092431332132,0.15266666666666667,-0.9013573380392506
2021-08-21 20:00:00,0.0,3.552828802827067e-05,,133.456,0.15233333333333335,-0.8797482726289281
2021-08-21 20:30:00,0.0,3.327119776282683e-05,,102.677,0.15233333333333335,-0.855759433295029
2021-08-21 21:00:00,0.0,3.144557613994091e-05,,75.288,0.15233333333333332,-0.8296417206406439
2021-08-21 21:30:00,0.0,3.070852557616108e-05,1.9717005205068068,63.18165467709415,0.15233333333333332,-0.8038302291672346
2021-08-21 22:00:00,0.0,2.85863723630622e-05,1.565143539981665,50.15384315960314,0.152,-0.7825175834387634
2021-08-21 22:30:00,0.0,2.781105680668246e-05,1.330255417540482,42.6270306008606,0.152,-0.7692766466569778
2021-08-21 23:00:00,0.0,2.784777917135708e-05,1.2120959145247476,38.840698529274874,0.15266666666666664,-0.7641821148654618
2021-08-21 23:30:00,0.0,2.7373035254458654e-05,1.004151516309359,32.177277272631,0.15266666666666664,-0.7625651533664625
2021-08-22 00:00:00,0.0,2.6795163676127593e-05,0.8158200616564322,26.142337985980365,0.15233333333333335,-0.7565492967054361
2021-08-22 00:30:00,0.0,2.6365696203895816e-05,0.8158200616564322,26.142337985980365,0.15233333333333335,-0.7386999700439085
2021-08-22 01:00:00,0.0,2.615140070619018e-05,0.695573655629014,22.289132682857986,0.152,-0.7068410422353931
2021-08-22 01:30:00,0.0,2.6471892759141174e-05,,21.691,0.152,-0.6684426828589276
2021-08-22 02:00:00,0.0,2.6401061362963146e-05,,20.452,0.15233333333333335,-0.6390642385897757
2021-08-22 02:30:00,0.0,2.7300506301294197e-05,,22.926,0.15233333333333335,-0.6312337405865388
2021-08-22 03:00:00,0.0,2.7701093423267577e-05,,19.208,0.15333333333333332,-0.6426202688503792
2021-08-22 03:30:00,0.0,2.668662221553466e-05,,24.156,0.15333333333333332,-0.657808658061644
2021-08-22 04:00:00,0.0,2.661538347478615e-05,,19.208,0.153,-0.6630831639615306
2021-08-22 04:30:00,0.0,2.7482082813501057e-05,,29.638,0.153,-0.6578271518432304
2021-08-22 05:00:00,0.0,2.7774368397717875e-05,,33.84,0.153,-0.6522932253207068
2021-08-22 05:30:00,0.0,2.7336753840218357e-05,,32.045,0.153,-0.6578923742419055
2021-08-22 06:00:00,0.0,0.0156658958670754,,47.296,0.15333333333333332,-0.6800874915787508
2021-08-22 06:30:00,0.0,0.0323523175089218,,65.187,0.15333333333333332,-0.7171626160077593
2021-08-22 07:00:00,0.0,0.0244106043034945,,67.903,0.15333333333333332,-0.7634759988481155
2021-08-22 07:30:00,0.0,3.0978191427504694e-05,,80.133,0.15333333333333332,-0.8145363302072034
2021-08-22 08:00:00,0.0,0.0237803498611401,,92.72,0.15333333333333332,-0.8694995710404764
2021-08-22 08:30:00,0.0,3.2510446819210245e-05,,105.378,0.15333333333333332,-0.928977987721852
2021-08-22 09:00:00,0.0,0.0406277911865721,,141.881,0.15266666666666664,-0.9922583302170694
2021-08-22 09:30:00,0.0,0.0425531963380815,,175.086,0.15266666666666664,-1.0584447924342544
2021-08-22 10:00:00,0.0,0.0456885805437613,,185.186,0.15233333333333332,-1.128672691278712
2021-08-22 10:30:00,0.0,0.2283844101457056,,223.369,0.15233333333333332,-1.2043691249749742
2021-08-22 11:00:00,0.0,0.229092409388632,,231.525,0.152,-1.283748005962967
2021-08-22 11:30:00,0.0,0.1821796281274701,,247.765,0.152,-1.362185480588728
2021-08-22 12:00:00,0.0,0.032253581706919,,240.774,0.15166666666666664,-1.435818759983777
2021-08-22 12:30:00,0.0,0.2134707701990698,,237.771,0.15166666666666664,-1.5023602130170888
2021-08-22 13:00:00,0.0,0.1875852090536087,,227.556,0.151,-1.558240433251188
2021-08-22 13:30:00,0.0,0.1864586687996225,,229.184,0.151,-1.5981739174632843
2021-08-22 14:00:00,0.0,0.2555662818276843,,237.593,0.149,-1.6197343121320484
2021-08-22 14:30:00,0.0,0.3688372750176943,,251.222,0.149,-1.6261813290803184
2021-08-22 15:00:00,0.0,0.3391268627929351,,248.632,0.14766666666666667,-1.6226116753533766
2021-08-22 15:30:00,0.0,0.3815398509519641,,240.422,0.14766666666666667,-1.610597700281059
2021-08-22 16:00:00,0.0,0.1309591518553307,,227.737,0.14666666666666667,-1.5875424457944871
2021-08-22 16:30:00,0.0,0.1889830496852933,,219.327,0.14666666666666667,-1.5499348104636554
2021-08-22 17:00:00,0.0,0.008283089239664,,197.578,0.146,-1.4968362197002163
2021-08-22 17:30:00,0.0,0.0578060947255707,,164.735,0.146,-1.4320848516753169
2021-08-22 18:00:00,0.0,0.1410167407349506,,132.449,0.1456666666666667,-1.3640613641004862
2021-08-22 18:30:00,0.0,0.08030994835105,,122.783,0.1456666666666667,-1.301984260758384
2021-08-22 19:00:00,0.0,0.0471392714675461,,101.699,0.14533333333333334,-1.2514036259569632
2021-08-22 19:30:00,0.0,0.030489248632441,,89.932,0.14533333333333334,-1.2129470466472367
2021-08-22 20:00:00,0.0,0.0247464701660397,,73.804,0.14533333333333334,-1.184169281038954
2021-08-22 20:30:00,0.0,0.0210286672582872,,55.516,0.14533333333333334,-1.161555236008957
2021-08-22 21:00:00,0.2,0.0157086291036707,,31.745,0.14500000000000002,-1.141810075259062
2021-08-22 21:30:00,1.2,2.8031900533583182e-05,,19.52,0.14500000000000002,-1.1228282300166976
2021-08-22 22:00:00,0.4,2.781105680668246e-05,,14.502,0.15933333333333333,-1.1040432944676752
2021-08-22 22:30:00,0.4,2.8363972230347037e-05,,11.008,0.15933333333333333,-1.0858911833453118
2021-08-22 23:00:00,0.4,2.784777917135708e-05,,16.706,0.16633333333333333,-1.0689760996033768
2021-08-22 23:30:00,0.0,0.00835777555677,,14.818,0.16633333333333333,-1.0535960715248849
2021-08-23 00:00:00,0.0,0.0091070344645185,,15.454,0.166,-1.0398331782705303
2021-08-23 00:30:00,0.0,2.6795163676127593e-05,,15.454,0.166,-1.0276927559834774
2021-08-23 01:00:00,0.0,2.6365696203895816e-05,,14.513,0.164,-1.0167106598662214
2021-08-23 01:30:00,0.0,2.661538347478615e-05,,12.622,0.164,-1.0054374573257223
2021-08-23 02:00:00,0.0,2.6116273850256723e-05,,12.938,0.16333333333333333,-0.9914409352291008
2021-08-23 02:30:00,0.0,2.5903426022643787e-05,,14.827,0.16333333333333333,-0.9719294208532469
2021-08-23 03:00:00,0.0,2.5833681681635627e-05,,7.848,0.163,-0.9447520171392704
2021-08-23 03:30:00,0.0,2.5586480963000708e-05,,5.919,0.163,-0.9091972195651866
2021-08-23 04:00:00,0.0,2.5306633599255708e-05,,5.273,0.16233333333333333,-0.8662976054423238
2021-08-23 04:30:00,0.0,2.586853706785997e-05,,7.527,0.16233333333333333,-0.8193665767747569
2021-08-23 05:00:00,0.0,2.502899022333993e-05,,7.206,0.162,-0.7745555934457685
2021-08-23 05:30:00,0.0,2.4032825628468784e-05,,6.885,0.162,-0.7391998333417016
2021-08-23 06:00:00,0.0,2.3257646047119997e-05,,5.273,0.162,-0.717949360799207
2021-08-23 06:30:00,0.0,2.26589022265558e-05,,0.062,0.162,-0.7107365075292328
2021-08-23 07:00:00,0.0,2.275789808853537e-05,,1.046,0.16133333333333333,-0.7148029897174268
2021-08-23 07:30:00,0.0,2.3490987901771723e-05,,7.206,0.16133333333333333,-0.7281710371647376
2021-08-23 08:00:00,0.0,0.0079684962033178,,14.513,0.161,-0.7513399603145816
2021-08-23 08:30:00,0.0,2.4613281801622063e-05,,21.047,0.161,-0.7863848035188457
2021-08-23 09:00:00,0.0,2.7046281764451948e-05,,54.756,0.161,-0.8347178924372719
2021-08-23 09:30:00,0.0,0.0175978233259633,,86.259,0.161,-0.8958493771903467
2021-08-23 10:00:00,0.0,0.0251611115530464,,106.157,0.16133333333333333,-0.9682897506509432
2021-08-23 10:30:00,0.0,0.0830879592646505,,149.605,0.16133333333333333,-1.0497407596675898
2021-08-23 11:00:00,0.0,0.1028848740867141,,164.894,0.161,-1.1341049247781734
2021-08-23 11:30:00,0.0,0.1097944545056207,,179.632,0.161,-1.2094855934053683
2021-08-23 12:00:00,0.0,0.2446064636585896,,187.799,0.16066666666666665,-1.2630572643510038
2021-08-23 12:30:00,0.0,0.1587302388517112,,188.193,0.16066666666666665,-1.2897606108255295
2021-08-23 13:00:00,0.0,0.1723040727555828,,190.356,0.159,-1.2955165041244203
2021-08-23 13:30:00,0.0,0.1041196113537996,,184.829,0.159,-1.2919975641378556
2021-08-23 14:00:00,0.0,0.2119410116939129,,191.726,0.156,-1.2889401869825732
2021-08-23 14:30:00,0.0,0.1569684698777801,,184.432,0.156,-1.2899436576407075
2021-08-23 15:00:00,0.0,0.0822245831341404,,169.041,0.15466666666666665,-1.2926229867189432
2021-08-23 15:30:00,0.0,0.0714748871078965,,151.333,0.15466666666666665,-1.291482590089648
2021-08-23 16:00:00,0.0,0.0565929458467223,,128.719,0.15433333333333332,-1.2818266704443606
2021-08-23 16:30:00,0.0,0.0562199246029676,,110.252,0.15433333333333332,-1.2630322932964673
2021-08-23 17:00:00,0.0,0.0270324745967242,,97.087,0.15366666666666665,-1.2393093210093564
2021-08-23 17:30:00,0.0,0.0507523863382239,,89.06,0.15366666666666665,-1.2166588165113887
2021-08-23 18:00:00,0.0,0.0025778072627607,,78.77,0.15366666666666665,-1.1978794278355192
2021-08-23 18:30:00,0.0,0.0013892429825626,,72.187,0.15366666666666665,-1.18048514182234
2021-08-23 19:00:00,0.0,2.8734810665996177e-05,,63.034,0.15333333333333332,-1.1600935562750696
2021-08-23 19:30:00,0.0,2.847427479058182e-05,,59.47,0.15333333333333332,-1.1353618604518545
2021-08-23 20:00:00,0.0,2.784777917135708e-05,,53.076,0.15333333333333332,-1.1090318163588346
2021-08-23 20:30:00,0.0,2.7155854767812608e-05,,41.377,0.15333333333333332,-1.0847083012996788
2021-08-23 21:00:00,0.0,2.6544279676838223e-05,,37.584,0.153,-1.063276187210784
2021-08-23 21:30:00,0.0,2.6507359011527425e-05,,28.061,0.153,-1.042401482945662
2021-08-23 22:00:00,0.0,2.618656119674144e-05,,25.03,0.15366666666666665,-1.0193692137632837
2021-08-23 22:30:00,0.0,2.618656119674144e-05,,22.891,0.15366666666666665,-0.9942026041267206
2021-08-23 23:00:00,0.0,2.6293655713524186e-05,,18.573,0.154,-0.9698404444650836
2021-08-23 23:30:00,0.0,2.6044719324839073e-05,,15.454,0.154,-0.9496770684958808
2021-08-24 00:00:00,0.0,2.5691819406944564e-05,,14.386,0.15333333333333332,-0.935331630654579
2021-08-24 00:30:00,0.0,2.5481452105946365e-05,,12.177,0.15333333333333332,-0.9262858866338116
2021-08-24 01:00:00,0.0,2.513267772622862e-05,,7.072,0.15233333333333332,-0.920806781198812
2021-08-24 01:30:00,0.0,2.4579650240962487e-05,,6.429,0.15233333333333332,-0.9170685538147474
2021-08-24 02:00:00,0.2,2.4648293879291414e-05,,5.784,0.15266666666666664,-0.9137464982980904
2021-08-24 02:30:00,0.0,2.451114486718893e-05,,7.715,0.15266666666666664,-0.9098400454668006
2021-08-24 03:00:00,0.0,2.420258491079594e-05,,6.751,0.15233333333333332,-0.9039501617286868
2021-08-24 03:30:00,0.0,2.4476273743114684e-05,,7.394,0.15233333333333332,-0.8935522332911192
2021-08-24 04:00:00,0.0,2.423717327478117e-05,,6.429,0.15233333333333332,-0.8749852444159372
2021-08-24 04:30:00,0.0,2.4407976960880987e-05,,8.036,0.15233333333333332,-0.8447354477484116
2021-08-24 05:00:00,0.0,2.4134842509367325e-05,,4.166,0.152,-0.8015334775855115
2021-08-24 05:30:00,0.0,2.3964108518869705e-05,,1.561,0.152,-0.7477681329913037
2021-08-24 06:00:00,0.0,2.3626584162443343e-05,,1.234,0.152,-0.6887976448967771
2021-08-24 06:30:00,0.0,2.3289952882876963e-05,,1.234,0.152,-0.6306621713981153
2021-08-24 07:00:00,0.0,2.3056791688447737e-05,,-0.078,0.152,-0.5788981493203653
2021-08-24 07:30:00,0.0,2.275789808853537e-05,,1.561,0.152,-0.5395885577508817
2021-08-24 08:00:00,0.0,2.2199859468317535e-05,,0.25,0.152,-0.5198660501990106
2021-08-24 08:30:00,0.2,2.2069086497893275e-05,,1.561,0.152,-0.5254382163550291
2021-08-24 09:00:00,0.0,2.242914423497689e-05,,3.517,0.152,-0.557460956261018
2021-08-24 09:30:00,0.0,2.389685171169485e-05,,13.126,0.152,-0.6116789705968709
2021-08-24 10:00:00,0.0,2.5691819406944564e-05,,35.711,0.15166666666666664,-0.6791891359340086
2021-08-24 10:30:00,0.0,0.0160842501376986,,91.776,0.15166666666666664,-0.7482814931216458
2021-08-24 11:00:00,0.0,0.058241198368233,,142.369,0.15166666666666664,-0.8091470295968092
2021-08-24 11:30:00,0.0,0.0461824479305927,,164.878,0.15166666666666664,-0.8595798420977803
2021-08-24 12:00:00,0.0,0.1114740891916221,,211.042,0.15166666666666664,-0.905749128224266
2021-08-24 12:30:00,0.0,0.1962444810430479,,227.389,0.15166666666666664,-0.9562154111339444
2021-08-24 13:00:00,0.0,0.1948410017268309,,232.055,0.15066666666666664,-1.015195716062487
2021-08-24 13:30:00,0.0,0.2342212736638896,,241.773,0.15066666666666664,-1.0803895791802194
2021-08-24 14:00:00,0.0,0.1655071877505859,,227.93,0.14966666666666664,-1.1446008740493847
2021-08-24 14:30:00,0.0,0.0250825636498251,,223.585,0.14966666666666664,-1.2000481786053123
2021-08-24 15:00:00,0.0,0.1152061503607369,,203.494,0.14866666666666667,-1.2443112271845485
2021-08-24 15:30:00,0.0,0.1323805031409264,,203.113,0.14866666666666667,-1.2804352300804958
2021-08-24 16:00:00,0.0,0.0393449556508318,,201.204,0.14833333333333334,-1.3079107094522422
2021-08-24 16:30:00,0.0,0.0085753698698917,,205.583,0.14833333333333334,-1.317759021341953
2021-08-24 17:00:00,0.0,0.0275496409466182,,207.473,0.14733333333333334,-1.3018910342222063
2021-08-24 17:30:00,0.0,0.1836014748759427,,216.064,0.14733333333333334,-1.2641593964580125
2021-08-24 18:00:00,0.0,0.0009067178967872,,186.214,0.1466666666666667,-1.2180053051776756
2021-08-24 18:30:00,0.0,3.53190922434402e-05,,148.93,0.1466666666666667,-1.17580772343148
2021-08-24 19:00:00,0.0,3.404197166659722e-05,,123.392,0.14600000000000002,-1.1433380523330106
2021-08-24 19:30:00,0.0,0.0582876370567823,,118.265,0.14600000000000002,-1.1214497215139
2021-08-24 20:00:00,0.0,0.031158940247517,,105.619,0.1456666666666667,-1.1088146328992614
2021-08-24 20:30:00,0.0,0.0262215656760089,,92.028,0.1456666666666667,-1.102543387765452
2021-08-24 21:00:00,0.0,0.0242177228799629,,73.436,0.1456666666666667,-1.098715147290832
2021-08-24 21:30:00,0.0,0.0206907707627744,,58.278,0.1456666666666667,-1.0940104810575426
2021-08-24 22:00:00,0.0,0.0200432455838782,,44.743,0.14633333333333334,-1.0870851610016368
2021-08-24 22:30:00,0.0,2.7482082813501057e-05,,36.301,0.14633333333333334,-1.0782945380625577
2021-08-24 23:00:00,0.0,2.6830936314465047e-05,,28.249,0.14633333333333334,-1.0684043608066502
2021-08-24 23:30:00,0.0,2.6401061362963146e-05,,23.997,0.14633333333333334,-1.0578005020902
2021-08-25 00:00:00,0.0,2.57626807481102e-05,,20.497,0.1486666666666667,-1.0467400258342532
2021-08-25 00:30:00,0.0,0.0127640031431575,,17.704,0.1486666666666667,-1.0357301876024732
2021-08-25 01:00:00,0.0,2.4579650240962487e-05,,16.456,0.14933333333333335,-1.0251399740365748
2021-08-25 01:30:00,0.0,2.437321212789204e-05,,14.574,0.14933333333333335,-1.014572754689841
2021-08-25 02:00:00,0.0,2.386261680441744e-05,,12.681,0.1486666666666667,-1.002832018413237
2021-08-25 02:30:00,0.0,2.3558714866712376e-05,,11.414,0.1486666666666667,-0.9882890059054976
2021-08-25 03:00:00,0.0,2.3289952882876963e-05,,9.822,0.149,-0.9693201589123452
2021-08-25 03:30:00,0.0,0.0084533660542211,,9.503,0.149,-0.9447885863184906
2021-08-25 04:00:00,0.0,2.282407165484247e-05,,8.544,0.14866666666666667,-0.9140528408429238
2021-08-25 04:30:00,0.0,2.282407165484247e-05,,9.184,0.14866666666666667,-0.8761922662421432
2021-08-25 05:00:00,0.0,2.2593081150686816e-05,,8.864,0.14866666666666667,-0.8296874447637156
2021-08-25 05:30:00,0.0,2.2264834702587182e-05,,5.972,0.14866666666666667,-0.7736023415279971
2021-08-25 06:00:00,0.0,2.2101415206849497e-05,,7.903,0.14866666666666667,-0.7094019663430351
2021-08-25 06:30:00,0.0,2.1454166441399737e-05,,7.26,0.14866666666666667,-0.6425023185823391
2021-08-25 07:00:00,0.0,2.1550467758537072e-05,,6.939,0.149,-0.583681611839936
2021-08-25 07:30:00,0.0,2.151873827361043e-05,,3.704,0.149,-0.5481965208125223
2021-08-25 08:00:00,0.0,2.119852532377504e-05,,8.544,0.149,-0.5492992037919086
2021-08-25 08:30:00,0.0,2.1390953029458888e-05,,11.414,0.149,-0.5894725312898978
2021-08-25 09:00:00,0.0,2.2069086497893275e-05,,15.202,0.149,-0.6581166832792276
2021-08-25 09:30:00,0.0,2.3558714866712376e-05,,27.227,0.149,-0.7379745447381888
2021-08-25 10:00:00,0.0,2.6866742732449057e-05,,54.851,0.14933333333333335,-0.8138745232430342
2021-08-25 10:30:00,0.0,3.0940246868121084e-05,,112.303,0.14933333333333335,-0.8784426326815427
2021-08-25 11:00:00,0.0,0.0798597721080324,,172.716,0.149,-0.9342265605282282
2021-08-25 11:30:00,0.0,0.0511837869388748,,214.78,0.149,-0.991508605280964
2021-08-25 12:00:00,0.0,0.1140620395237,,229.568,0.14833333333333334,-1.0605378924253013
2021-08-25 12:30:00,0.0,0.2257152753713632,,247.709,0.14833333333333334,-1.1426117672932008
2021-08-25 13:00:00,0.0,0.2399642641418467,,235.458,0.14766666666666667,-1.2287620718160135
2021-08-25 13:30:00,0.0,0.2677876285445293,,244.241,0.14766666666666667,-1.3078875398960812
2021-08-25 14:00:00,0.0,0.1612827115004856,,240.923,0.14633333333333334,-1.3754256520029822
2021-08-25 14:30:00,0.0,0.27431349732723,,232.076,0.14633333333333334,-1.4334748914665487
2021-08-25 15:00:00,0.0,0.2765809974237485,,230.107,0.14533333333333334,-1.483549335568845
2021-08-25 15:30:00,0.0,0.2874121486574839,,229.928,0.14533333333333334,-1.5209062990585231
2021-08-25 16:00:00,0.0,0.4093410313963478,,222.873,0.14400000000000002,-1.5369927873135096
2021-08-25 16:30:00,0.0,0.4949217595217437,,220.863,0.14400000000000002,-1.5275510309475815
2021-08-25 17:00:00,0.0,0.430581928465211,,220.13,0.14333333333333334,-1.49779316656526
2021-08-25 17:30:00,0.0,0.3243699788175814,,197.942,0.14333333333333334,-1.459427305028273
2021-08-25 18:00:00,0.0,0.2558609648841332,,206.914,0.1416666666666667,-1.4231928314589353
2021-08-25 18:30:00,0.0,0.2155726476006576,,188.386,0.1416666666666667,-1.3939252737084804
2021-08-25 19:00:00,0.0,4.489792263814394e-05,,163.609,0.14100000000000001,-1.370719952797332
2021-08-25 19:30:00,0.0,4.132011947836208e-05,,130.012,0.14100000000000001,-1.349943932468458
2021-08-25 20:00:00,0.0,3.8648415040799214e-05,,99.692,0.14100000000000001,-1.3281735878071153
2021-08-25 20:30:00,0.0,3.713428294613371e-05,,85.099,0.14100000000000001,-1.3038474939095426
2021-08-25 21:00:00,0.0,3.577829014767662e-05,,62.863,0.1406666666666667,-1.2775372418841229
2021-08-25 21:30:00,0.0,3.432914474509867e-05,,44.93,0.1406666666666667,-1.2510717679012928
2021-08-25 22:00:00,0.0,3.2471247311145726e-05,,29.942,0.14133333333333334,-1.2260793224922208
2021-08-25 22:30:00,0.0,3.1798421662995925e-05,,26.317,0.14133333333333334,-1.2029175656898747
2021-08-25 23:00:00,0.0,3.0978191427504694e-05,,19.569,0.1416666666666667,-1.180836464534374
2021-08-25 23:30:00,0.0,3.0247079988814197e-05,,16.768,0.1416666666666667,-1.159353080508747
2021-08-26 00:00:00,0.0,2.8623806350329834e-05,,13.501,0.14200000000000002,-1.1395312301984089
2021-08-26 00:30:00,0.0,2.784777917135708e-05,,12.553,0.14200000000000002,-1.1235253536322936
2021-08-26 01:00:00,0.0,2.7518499793196832e-05,,10.648,0.14233333333333334,-1.112600420132471
2021-08-26 01:30:00,0.0,2.7554950680070244e-05,,9.691,0.14233333333333334,-1.105658954888585
2021-08-26 02:00:00,0.0,2.6650985973610524e-05,,11.284,0.14233333333333334,-1.099568465025212
2021-08-26 02:30:00,0.0,2.586853706785997e-05,,8.09,0.14233333333333334,-1.0905828655588623
2021-08-26 03:00:00,0.0,2.6044719324839073e-05,,9.691,0.14233333333333334,-1.0756293725263064
2021-08-26 03:30:00,0.0,2.6293655713524186e-05,,7.769,0.14233333333333334,-1.0528100227378694
2021-08-26 04:00:00,0.0,2.5446970766639617e-05,,6.159,0.14233333333333334,-1.0209911138990544
2021-08-26 04:30:00,0.0,2.579746768048764e-05,,7.769,0.14233333333333334,-0.9790535452046965
2021-08-26 05:00:00,0.0,2.5306633599255708e-05,,8.731,0.1426666666666667,-0.9261450079155722
2021-08-26 05:30:00,0.0,2.495958328613873e-05,,7.126,0.1426666666666667,-0.8635655616056422
2021-08-26 06:00:00,0.0,2.492425274865588e-05,,9.371,0.1436666666666667,-0.7967857174143832
2021-08-26 06:30:00,0.0,2.4579650240962487e-05,,7.769,0.1436666666666667,-0.7355460211329443
2021-08-26 07:00:00,0.0,2.399844920328174e-05,,7.769,0.1436666666666667,-0.692116000774185
2021-08-26 07:30:00,0.0,2.3964108518869705e-05,,9.052,0.1436666666666667,-0.679002863012365
2021-08-26 08:00:00,0.0,2.386261680441744e-05,,15.39,0.14333333333333334,-0.7058579278979418
2021-08-26 08:30:00,0.0,2.4717075866233703e-05,,26.201,0.14333333333333334,-0.775361727981774
2021-08-26 09:00:00,0.0,2.5342352952357383e-05,,32.226,0.14333333333333334,-0.8807442218858414
2021-08-26 09:30:00,0.0,2.7083732081437783e-05,,46.553,0.14333333333333334,-1.0077648004690785
2021-08-26 10:00:00,0.0,3.0476424600834423e-05,,83.228,0.14300000000000002,-1.1402606320351174
2021-08-26 10:30:00,0.0,0.0022780102898442,,138.092,0.14300000000000002,-1.265237731136313
2021-08-26 11:00:00,0.0,0.0674256048157773,,175.359,0.1426666666666667,-1.374107357538464
2021-08-26 11:30:00,0.0,0.0357932466446911,,234.948,0.1426666666666667,-1.4606924789004463
2021-08-26 12:00:00,0.0,0.1901268556080117,,233.881,0.1426666666666667,-1.521119023393748
2021-08-26 12:30:00,0.0,0.1502894216200537,,232.454,0.1426666666666667,-1.5581913156251384
2021-08-26 13:00:00,0.0,0.2730055382660935,,228.148,0.1416666666666667,-1.5835822239872412
2021-08-26 13:30:00,0.0,0.2702940327545707,,211.062,0.1416666666666667,-1.610363094865407
2021-08-26 14:00:00,0.0,0.327189883257814,,229.408,0.1406666666666667,-1.6409242785304237
2021-08-26 14:30:00,0.0,0.1536103594659203,,196.979,0.1406666666666667,-1.6634168185144669
2021-08-26 15:00:00,0.0,0.1391598123155445,,207.678,0.13833333333333334,-1.6615616567556006
2021-08-26 15:30:00,0.0,0.1430306968004819,,192.703,0.13833333333333334,-1.6287176787252862
2021-08-26 16:00:00,0.0,0.2125249182518157,,187.198,0.138,-1.5735638275398862
2021-08-26 16:30:00,0.0,0.0210636218277648,,184.618,0.138,-1.5139428341870165
2021-08-26 17:00:00,0.0,0.1325807316288024,,174.748,0.137,-1.4659223270921755
2021-08-26 17:30:00,0.0,0.1386163978447745,,170.857,0.137,-1.4365471239487155
2021-08-26 18:00:00,0.0,0.1512796868906477,,181.22,0.1366666666666667,-1.422875252224589
2021-08-26 18:30:00,0.0,0.0662451230866556,,156.622,0.1366666666666667,-1.415193625534248
2021-08-26 19:00:00,0.0,0.0839747467308927,,117.233,0.136,-1.4025435865531808
2021-08-26 19:30:00,0.0,3.9394752450770456e-05,,95.163,0.136,-1.3789108189866772
2021-08-26 20:00:00,0.0,3.935038771034967e-05,,83.486,0.1366666666666667,-1.3462509555432225
2021-08-26 20:30:00,0.0,3.9572520284575805e-05,,66.314,0.1366666666666667,-1.311891181130065
2021-08-26 21:00:00,0.0,3.8822256168481984e-05,,56.155,0.137,-1.2834934347694889
2021-08-26 21:30:00,0.0,3.821140429993432e-05,,39.318,0.137,-1.2660435740826714
2021-08-26 22:00:00,0.0,3.7909152495902515e-05,,30.43,0.137,-1.2607111994443296
2021-08-26 22:30:00,0.0,0.0458022160222956,,25.288,0.137,-1.263861476147785
2021-08-26 23:00:00,0.0,3.408241776180299e-05,,19.136,0.137,-1.2677386022565935
2021-08-26 23:30:00,0.0,3.4205635288323394e-05,,14.447,0.137,-1.264438245347093
2021-08-27 00:00:00,0.0,3.494592704299067e-05,,16.831,0.1376666666666667,-1.2504614800159402
2021-08-27 00:30:00,0.0,3.445124818432026e-05,,14.634,0.1376666666666667,-1.2278216003813311
2021-08-27 01:00:00,0.0,3.556987643811817e-05,,19.323,0.13733333333333334,-1.2018095559059785
2021-08-27 01:30:00,0.0,3.561149629736711e-05,,19.323,0.13733333333333334,-1.1781312144237477
2021-08-27 02:00:00,0.0,3.582180858518088e-05,,21.798,0.13733333333333334,-1.1603640527319303
2021-08-27 02:30:00,0.0,3.424620892888093e-05,,20.872,0.13733333333333334,-1.1473415992329492
2021-08-27 03:00:00,0.0,0.0271654830864559,,14.634,0.13733333333333334,-1.132465323859333
2021-08-27 03:30:00,0.0,0.0260446006400127,,13.373,0.13733333333333334,-1.1078442895528464
2021-08-27 04:00:00,0.0,0.023731784263838,,15.891,0.13733333333333334,-1.070987873381152
2021-08-27 04:30:00,0.0,0.0213992569328264,,16.831,0.13733333333333334,-1.0274646680324984
2021-08-27 05:00:00,0.0,0.0223689453497933,,14.949,0.13733333333333334,-0.9870604155784238
2021-08-27 05:30:00,0.0,0.0217995479818248,,16.205,0.13733333333333334,-0.9580226936031956
2021-08-27 06:00:00,0.0,0.022564110704855,,15.578,0.1376666666666667,-0.9444839324434816
2021-08-27 06:30:00,0.0,0.0231068588519891,,24.559,0.1376666666666667,-0.9472377358162556
2021-08-27 07:00:00,0.0,2.672229220790163e-05,,13.689,0.138,-0.964893535523121
2021-08-27 07:30:00,0.0,2.7083732081437783e-05,,14.949,0.138,-0.9939057980741643
2021-08-27 08:00:00,0.0,0.0004083609732547,,22.413,0.138,-1.0284840254063508
2021-08-27 08:30:00,0.0,0.0064065263903698,,49.308,0.138,-1.0626953871128506
2021-08-27 09:00:00,0.0,0.0090830006557002,,69.198,0.138,-1.0941023212918608
2021-08-27 09:30:00,0.0,0.0100726801720631,,80.565,0.138,-1.1245386381271156
2021-08-27 10:00:00,0.0,0.0194744910289338,,101.547,0.1376666666666667,-1.1558594705806005
2021-08-27 10:30:00,0.0,0.0304037067466705,,125.119,0.1376666666666667,-1.185825350600649
2021-08-27 11:00:00,0.0,0.0281233478121834,,156.601,0.137,-1.2112101686126928
2021-08-27 11:30:00,0.0,0.0412523057491194,,181.815,0.137,-1.2360666171025876
2021-08-27 12:00:00,0.0,0.0181206408932673,,170.432,0.13633333333333333,-1.272079156763893
2021-08-27 12:30:00,0.0,0.0200584344985633,,158.939,0.13633333333333333,-1.3236470877294333
2021-08-27 13:00:00,0.0,0.0368692827344802,,170.226,0.13566666666666669,-1.3749591300717707
2021-08-27 13:30:00,0.0,0.0303523806637045,,176.569,0.13566666666666669,-1.4012092132006444
2021-08-27 14:00:00,0.0,0.0257811511098856,,174.737,0.13466666666666668,-1.3927054759655242
2021-08-27 14:30:00,0.0,0.0151003611730988,,162.736,0.13466666666666668,-1.360566293415986
2021-08-27 15:00:00,0.0,0.1725541863343118,,168.781,0.13433333333333333,-1.3210484551853086
2021-08-27 15:30:00,0.0,0.0380449390853597,,127.65,0.13433333333333333,-1.2826411103049011
2021-08-27 16:00:00,0.0,0.2073055581142709,,177.988,0.13466666666666668,-1.2471113286947548
2021-08-27 16:30:00,0.0,0.0032485711405211,,178.998,0.13466666666666668,-1.2156473661362934
2021-08-27 17:00:00,0.0,3.6835678740633714e-05,,147.548,0.13433333333333333,-1.191084758338032
2021-08-27 17:30:00,0.2,0.0190635093282605,,83.674,0.13433333333333333,-1.1755139194557669
2021-08-27 18:00:00,0.2,0.0385482723659143,,73.735,0.13466666666666668,-1.166974498185012
2021-08-27 18:30:00,0.0,0.0111629933996778,,88.288,0.13466666666666668,-1.159596536264996
2021-08-27 19:00:00,0.0,3.086287479687379e-05,,65.146,0.134,-1.14754013389551
2021-08-27 19:30:00,0.0,3.0247079988814197e-05,,47.598,0.134,-1.1287107571871378
2021-08-27 20:00:00,0.0,3.0247079988814197e-05,,48.454,0.134,-1.105088956973528
2021-08-27 20:30:00,0.0,3.0592325027057014e-05,,53.827,0.134,-1.0803803447254223
2021-08-27 21:00:00,0.0,2.994003747838271e-05,,47.026,0.13466666666666668,-1.0574948628329637
2021-08-27 21:30:00,0.0,2.9636675311373782e-05,,33.903,0.13466666666666668,-1.0370324271942293
2021-08-27 22:00:00,0.0,2.9523270520278577e-05,,24.865,0.13466666666666668,-1.017429755985794
2021-08-27 22:30:00,1.0,2.9033291171632532e-05,,11.154,0.13466666666666668,-0.997002279380047
2021-08-27 23:00:00,1.4,2.85863723630622e-05,,9.879,0.16066666666666665,-0.9760378281416368
2021-08-27 23:30:00,0.0,0.0038201530788474,,4.08,0.16066666666666665,-0.9561494284038768
2021-08-28 00:00:00,0.0,2.7774368397717875e-05,,7.502,0.16533333333333333,-0.9378286279870336
2021-08-28 00:30:00,0.0,2.6902582937193505e-05,,2.639,0.16533333333333333,-0.9199983792716132
2021-08-28 01:00:00,0.0,2.6471892759141174e-05,,4.593,0.16166666666666665,-0.9020971224245145
2021-08-28 01:30:00,0.0,2.661538347478615e-05,,4.593,0.16166666666666665,-0.8853335228384532
2021-08-28 02:00:00,0.0,2.600969466871188e-05,,4.917,0.15966666666666665,-0.8713451007888172
2021-08-28 02:30:00,0.0,2.562248294754593e-05,,2.639,0.15966666666666665,-0.8601557713178204
2021-08-28 03:00:00,0.0,2.600969466871188e-05,,1.658,0.159,-0.849692185714465
2021-08-28 03:30:00,0.0,2.6258392924944224e-05,,1.33,0.159,-0.8366053899846093
2021-08-28 04:00:00,0.0,2.5586480963000708e-05,,1.002,0.158,-0.8172501903191627
2021-08-28 04:30:00,0.0,2.5517348206729587e-05,,2.312,0.158,-0.7889685696556489
2021-08-28 05:00:00,0.0,2.5481452105946365e-05,,4.593,0.158,-0.7517312444258267
2021-08-28 05:30:00,0.0,2.5376732589395176e-05,,1.002,0.158,-0.7086079968848198
2021-08-28 06:00:00,0.0,2.57626807481102e-05,,1.658,0.15766666666666665,-0.6638596025349983
2021-08-28 06:30:00,0.0,2.5481452105946365e-05,,2.312,0.15766666666666665,-0.6203354795648554
2021-08-28 07:00:00,0.0,2.5236673719742934e-05,,2.312,0.15733333333333333,-0.5791421310209716
2021-08-28 07:30:00,0.0,2.485505521863812e-05,,2.965,0.15733333333333333,-0.5422491878645308
2021-08-28 08:00:00,0.0,2.4821185487419337e-05,,1.985,0.157,-0.5158779706666414
2021-08-28 08:30:00,0.0,2.4339818229124272e-05,,1.33,0.157,-0.5110271457574312
2021-08-28 09:00:00,0.0,2.4613281801622063e-05,,1.33,0.15666666666666665,-0.5383580875597195
2021-08-28 09:30:00,0.0,2.5586480963000708e-05,,0.016,0.15666666666666665,-0.5995626459663005
2021-08-28 10:00:00,0.0,2.817832762851094e-05,,13.876,0.15633333333333332,-0.6825922796364254
2021-08-28 10:30:00,0.0,0.0290185389581091,,63.427,0.15633333333333332,-0.7670380586096072
2021-08-28 11:00:00,0.0,0.0407598776968665,,141.808,0.15633333333333332,-0.8373839615506128
2021-08-28 11:30:00,0.0,3.926175095070809e-05,,202.945,0.15633333333333332,-0.8939770429023679
2021-08-28 12:00:00,0.0,0.1289466286565997,,220.908,0.156,-0.9521890075159778
2021-08-28 12:30:00,0.0,0.1955089700565241,,229.447,0.156,-1.029703872128153
2021-08-28 13:00:00,0.0,0.2041270382244707,,234.992,0.155,-1.1325848812177728
2021-08-28 13:30:00,0.0,0.2391370802869382,,230.346,0.155,-1.2520301704103127
2021-08-28 14:00:00,0.0,0.255612364783717,,239.416,0.15266666666666664,-1.3723402917465817
2021-08-28 14:30:00,0.0,0.2710099587788931,,234.102,0.15266666666666664,-1.4796427484591637
2021-08-28 15:00:00,0.0,0.3623682681365321,,229.986,0.15233333333333332,-1.56415639976351
2021-08-28 15:30:00,0.0,0.349447112639156,,236.412,0.15233333333333332,-1.619641754277825
2021-08-28 16:00:00,0.0,0.2442826077738178,,236.767,0.15066666666666664,-1.644783099138856
2021-08-28 16:30:00,0.0,0.3314296199656176,,229.986,0.15066666666666664,-1.6441255570533433
2021-08-28 17:00:00,0.0,0.2458156502573243,,219.806,0.14833333333333332,-1.6254115471001584
2021-08-28 17:30:00,0.0,0.2736931720246534,,207.315,0.14833333333333332,-1.595726728768286
2021-08-28 18:00:00,0.0,0.2886452714899434,,210.518,0.14666666666666664,-1.5601136927398864
2021-08-28 18:30:00,0.0,0.1593478003984999,,198.53,0.14666666666666664,-1.5223543837132658
2021-08-28 19:00:00,0.0,0.1195552992135961,,175.339,0.14566666666666664,-1.4852168549015936
2021-08-28 19:30:00,0.0,0.0717647492759629,,145.772,0.14566666666666664,-1.449457803650685
2021-08-28 20:00:00,0.0,4.311153004483944e-05,,115.25,0.14466666666666664,-1.4135538667116292
2021-08-28 20:30:00,0.0,4.006018939554484e-05,,81.273,0.14466666666666664,-1.3755657173951736
2021-08-28 21:00:00,0.0,3.636778521064745e-05,,54.295,0.14466666666666664,-1.335781721094464
2021-08-28 21:30:00,0.0,3.5736544531296665e-05,,35.87,0.14466666666666664,-1.2977358271604111
2021-08-28 22:00:00,0.0,3.457533729690223e-05,,28.395,0.14533333333333331,-1.2666137153724166
2021-08-28 22:30:00,0.0,0.0326392450547356,,21.677,0.14533333333333331,-1.245829154777145
2021-08-28 23:00:00,0.0,0.0298351769452569,,17.331,0.14500000000000002,-1.2340079470204084
2021-08-28 23:30:00,0.0,0.0306538514050691,,17.643,0.14500000000000002,-1.2253882279408626
2021-08-29 00:00:00,0.0,3.239131313461301e-05,,17.206,0.14533333333333334,-1.2140387627878253
2021-08-29 00:30:00,0.0,3.1719603457852996e-05,,13.748,0.14533333333333334,-1.198010247328281
2021-08-29 01:00:00,0.0,3.0940246868121084e-05,,10.892,0.14533333333333334,-1.179410603909918
2021-08-29 01:30:00,0.0,3.062997880469489e-05,,13.748,0.14533333333333334,-1.161072117223116
2021-08-29 02:00:00,0.0,3.005453953235084e-05,,9.934,0.14533333333333334,-1.1439472251553149
2021-08-29 02:30:00,0.0,0.0313397428840875,,13.748,0.14533333333333334,-1.127450492597346
2021-08-29 03:00:00,0.0,0.0235541894551582,,12.164,0.14533333333333334,-1.110771407832836
2021-08-29 03:30:00,0.0,0.0323780732226287,,10.254,0.14533333333333334,-1.092575674064573
2021-08-29 04:00:00,0.0,0.0192342538771005,,11.847,0.1456666666666667,-1.0695086442998465
2021-08-29 04:30:00,0.0,0.0201460875391153,,9.295,0.1456666666666667,-1.0361118393926656
2021-08-29 05:00:00,0.0,0.0218667792532492,,9.934,0.14533333333333334,-0.9879601153246812
2021-08-29 05:30:00,0.0,0.0185854782438783,,9.934,0.14533333333333334,-0.9267853393210096
2021-08-29 06:00:00,0.0,0.0248647152513322,,9.615,0.1456666666666667,-0.8636362978067982
2021-08-29 06:30:00,0.0,0.0275341491605063,,7.689,0.1456666666666667,-0.816196989794296
2021-08-29 07:00:00,0.0,0.0162552155537832,,11.847,0.1456666666666667,-0.7998271474608905
2021-08-29 07:30:00,0.0,0.0233230187853472,,13.748,0.1456666666666667,-0.8181831554326866
2021-08-29 08:00:00,0.0,2.7373035254458654e-05,,23.096,0.14533333333333334,-0.8628345289525705
2021-08-29 08:30:00,0.0,2.661538347478615e-05,,28.582,0.14533333333333334,-0.923397308467972
2021-08-29 09:00:00,0.0,2.7518499793196832e-05,,33.087,0.1456666666666667,-0.996144357507894
2021-08-29 09:30:00,0.0,2.9827376435069603e-05,,49.683,0.1456666666666667,-1.079975903153653
2021-08-29 10:00:00,0.0,3.279065826222133e-05,,81.981,0.1456666666666667,-1.1657961437857032
2021-08-29 10:30:00,0.0,0.0204231707558184,,143.986,0.1456666666666667,-1.2356484478327237
2021-08-29 11:00:00,0.0,0.0753238014911227,,192.115,0.1446666666666667,-1.2769540432859887
2021-08-29 11:30:00,0.0,0.1102142346695412,,214.268,0.1446666666666667,-1.297996666737627
2021-08-29 12:00:00,0.0,0.3009712842561431,,213.336,0.14433333333333334,-1.3264430837572114
2021-08-29 12:30:00,0.0,0.3580057399544183,,220.005,0.14433333333333334,-1.3888707208662316
2021-08-29 13:00:00,0.0,0.253875707089546,,211.84,0.14333333333333334,-1.4892783043374915
2021-08-29 13:30:00,0.0,0.2745252436133709,,217.423,0.14333333333333334,-1.6064099516083483
2021-08-29 14:00:00,0.0,0.3649596151134071,,217.423,0.1416666666666667,-1.7110556587397787
2021-08-29 14:30:00,0.0,0.4789430374864276,,214.082,0.1416666666666667,-1.7866538968172652
2021-08-29 15:00:00,0.0,0.3051361682593049,,212.589,0.1406666666666667,-1.8353446779420153
2021-08-29 15:30:00,0.0,0.39176221193289,,213.523,0.1406666666666667,-1.8659956183515631
2021-08-29 16:00:00,0.0,0.4917691377286709,,218.162,0.13933333333333334,-1.879699404421235
2021-08-29 16:30:00,0.0,0.4148278609046973,,212.215,0.13933333333333334,-1.870514142949712
2021-08-29 17:00:00,0.0,0.2479940499968844,,213.336,0.138,-1.837887238157374
2021-08-29 17:30:00,0.0,0.215961199582231,,213.149,0.138,-1.7916418070615594
2021-08-29 18:00:00,0.0,0.3324693648790318,,204.476,0.1366666666666667,-1.7432387488868262
2021-08-29 18:30:00,0.0,0.1467882609119247,,177.768,0.1366666666666667,-1.6963481315187252
2021-08-29 19:00:00,0.0,0.1172589409286979,,158.05,0.13566666666666669,-1.6479603371257472
2021-08-29 19:30:00,0.0,0.0726785539192228,,150.539,0.13566666666666669,-1.5964208583870794
2021-08-29 20:00:00,0.0,0.05901276020851,,110.668,0.13433333333333333,-1.5459937549410738
2021-08-29 20:30:00,0.0,0.0562730446766303,,72.25,0.13433333333333333,-1.5035393373945742
2021-08-29 21:00:00,0.0,0.0559103480473021,,52.514,0.13466666666666668,-1.4722152743222436
2021-08-29 21:30:00,0.0,0.0452799821450365,,33.981,0.13466666666666668,-1.4491289859270142
2021-08-29 22:00:00,0.0,0.0454662647263648,,24.629,0.135,-1.4281132989005034
2021-08-29 22:30:00,0.0,0.0426875011930161,,20.629,0.135,-1.4038570628571994
2021-08-29 23:00:00,0.0,0.0364079130591972,,18.766,0.13633333333333333,-1.374357334280358
2021-08-29 23:30:00,0.0,0.036794660454505,,16.58,0.13633333333333333,-1.341272895553689
2021-08-30 00:00:00,0.0,0.0381762624977796,,4.95,0.13633333333333333,-1.308567517664491
2021-08-30 00:30:00,0.0,0.0352104621572188,,4.635,0.13633333333333333,-1.2798526264450851
2021-08-30 01:00:00,0.0,0.0520871045990289,,4.318,0.13633333333333333,-1.2559591373378471
2021-08-30 01:30:00,0.0,3.29899059323388e-05,,0.821,0.13633333333333333,-1.2347113139471848
2021-08-30 02:00:00,0.0,3.148553847931474e-05,,4.002,0.1366666666666667,-1.2128072175076077
2021-08-30 02:30:00,0.0,3.070852557616108e-05,,-1.102,0.1366666666666667,-1.1876066300660162
2021-08-30 03:00:00,0.0,3.0247079988814197e-05,,0.502,0.137,-1.1577242367012377
2021-08-30 03:30:00,0.0,2.9902966050348084e-05,,0.502,0.137,-1.1234800884235163
2021-08-30 04:00:00,0.0,2.9978687075037876e-05,,-0.781,0.137,-1.0875346502797938
2021-08-30 04:30:00,0.0,3.00173708846954e-05,,2.416,0.137,-1.054278219862085
2021-08-30 05:00:00,0.0,2.929735908506126e-05,,-1.424,0.137,-1.027500205132987
2021-08-30 05:30:00,0.0,2.9485025759073216e-05,,1.46,0.137,-1.008277071476555
2021-08-30 06:00:00,0.0,2.8623806350329834e-05,,1.141,0.13733333333333334,-0.9950864885059262
2021-08-30 06:30:00,0.0,2.8399713350494872e-05,,-0.139,0.13733333333333334,-0.9857339620707836
2021-08-30 07:00:00,0.0,2.877237961025713e-05,,-0.46,0.1376666666666667,-0.9791261457285952
2021-08-30 07:30:00,0.0,2.9033291171632532e-05,,2.733,0.1376666666666667,-0.9761781499066292
2021-08-30 08:00:00,0.0,2.975037960921708e-05,,21.571,0.1376666666666667,-0.9806771701778908
2021-08-30 08:30:00,0.0,0.0032243195340778,,38.838,0.1376666666666667,-0.9996751164659354
2021-08-30 09:00:00,0.0,0.0364910084557326,,55.275,0.137,-1.0413179307871527
2021-08-30 09:30:00,0.0,3.4657089110898426e-05,,76.909,0.137,-1.1092210174542458
2021-08-30 10:00:00,0.0,3.556987643811817e-05,,94.886,0.137,-1.1970568006194369
2021-08-30 10:30:00,0.0,0.0019485496505663,,140.49,0.137,-1.2892760607736249
2021-08-30 11:00:00,0.0,0.0606512907367357,,168.651,0.137,-1.36923300874165
2021-08-30 11:30:00,0.0,4.6336447100012454e-05,,189.485,0.137,-1.4287605833797858
2021-08-30 12:00:00,0.0,0.0206636982953231,,187.755,0.136,-1.471697306711682
2021-08-30 12:30:00,0.0,0.2234621632792161,,197.652,0.136,-1.5094020794367449
2021-08-30 13:00:00,0.0,0.2844600916182362,,200.839,0.13566666666666669,-1.552789777824504
2021-08-30 13:30:00,0.0,0.3069506212625281,,204.188,0.13566666666666669,-1.6068975542256223
2021-08-30 14:00:00,0.0,0.3374770546472668,,206.775,0.134,-1.67049631001547
2021-08-30 14:30:00,0.0,0.2463335041037315,,204.373,0.134,-1.7390293511402886
2021-08-30 15:00:00,0.0,0.1292847867465044,,184.469,0.13266666666666668,-1.806877450002831
2021-08-30 15:30:00,0.0,0.5117685032750428,,192.161,0.13266666666666668,-1.8656041219214607
2021-08-30 16:00:00,0.0,0.3580764664146074,,203.632,0.132,-1.901794674327418
2021-08-30 16:30:00,0.0,0.2826433644900846,,188.717,0.132,-1.9029011591624057
2021-08-30 17:00:00,0.0,0.2321003579070832,,174.852,0.13066666666666668,-1.8687309320063497
2021-08-30 17:30:00,0.0,0.0183027547917315,,160.921,0.13066666666666668,-1.814036197625644
2021-08-30 18:00:00,0.0,0.0601860740910297,,178.017,0.12966666666666668,-1.7574036225052136
2021-08-30 18:30:00,0.0,0.1691689646983499,,172.663,0.12966666666666668,-1.708671934333751
2021-08-30 19:00:00,0.0,0.1763037789200847,,147.771,0.129,-1.66649639534458
2021-08-30 19:30:00,0.0,4.672412775595169e-05,,113.65,0.129,-1.6248307135598254
2021-08-30 20:00:00,0.0,0.0574252332460748,,86.507,0.128,-1.5804380942149538
2021-08-30 20:30:00,0.0,0.0537159142948137,,64.406,0.128,-1.5358521841445782
2021-08-30 21:00:00,0.0,0.049849627646203,,41.962,0.128,-1.4968157042839578
2021-08-30 21:30:00,0.0,0.0508530986658515,,25.749,0.128,-1.4668876167328793
2021-08-30 22:00:00,0.0,0.0472263826548646,,17.037,0.12833333333333333,-1.4437502043614057
2021-08-30 22:30:00,0.0,3.756351760627554e-05,,13.979,0.12833333333333333,-1.420468762348414
2021-08-30 23:00:00,0.0,3.449201241240149e-05,,7.779,0.129,-1.3909416739886098
2021-08-30 23:30:00,0.0,0.0391843582089172,,3.685,0.129,-1.3550435302139174
2021-08-31 00:00:00,0.0,3.3191613558943914e-05,,5.336,0.12933333333333333,-1.3190482482273085
2021-08-31 00:30:00,0.0,0.0353990748050593,,4.385,0.12933333333333333,-1.2907337567829489
2021-08-31 01:00:00,0.0,3.424620892888093e-05,,4.385,0.12933333333333333,-1.2731704012107632
2021-08-31 01:30:00,0.0,3.453450868479409e-05,,4.385,0.12933333333333333,-1.2625173418046658
2021-08-31 02:00:00,0.0,3.18386857926341e-05,,4.385,0.12966666666666668,-1.2513191831039308
2021-08-31 02:30:00,0.0,3.101775059832205e-05,,3.113,0.12966666666666668,-1.2335409343357746
2021-08-31 03:00:00,0.0,0.0279714423585388,,3.75,0.12966666666666668,-1.2071086546152507
2021-08-31 03:30:00,0.0,0.0256535836262273,,1.196,0.12966666666666668,-1.1737338861107005
2021-08-31 04:00:00,0.0,0.0166347985174173,,1.196,0.13033333333333333,-1.1381996100162617
2021-08-31 04:30:00,0.0,0.0178117665121064,,-0.411,0.13033333333333333,-1.10733929752466
2021-08-31 05:00:00,0.0,0.0176790031323668,,0.875,0.13033333333333333,-1.0870274103443065
2021-08-31 05:30:00,0.0,0.0160105850901957,,0.554,0.13033333333333333,-1.0777208898156432
2021-08-31 06:00:00,0.0,0.0146435850963256,,0.875,0.13033333333333333,-1.0731889261940633
2021-08-31 06:30:00,0.0,0.0138918559404268,,0.875,0.13033333333333333,-1.0656019727492805
2021-08-31 07:00:00,0.0,0.012982440118982,,1.516,0.13066666666666668,-1.0525231097374248
2021-08-31 07:30:00,0.0,0.0113497366048733,,1.516,0.13066666666666668,-1.0383513055713434
2021-08-31 08:00:00,0.0,2.781105680668246e-05,,10.673,0.13066666666666668,-1.0301394926490686
2021-08-31 08:30:00,0.0,2.8623806350329834e-05,,23.803,0.13066666666666668,-1.033852962564909
2021-08-31 09:00:00,0.0,0.0022544818893393,,35.284,0.13033333333333333,-1.0538646282252484
2021-08-31 09:30:00,0.0,0.0004581632229606,,46.951,0.13033333333333333,-1.0930354350216431
2021-08-31 10:00:00,0.0,0.0007543047067743,,55.245,0.13,-1.151965457053418
2021-08-31 10:30:00,0.0,0.0003424757911782,,77.733,0.13,-1.2288848061351056
2021-08-31 11:00:00,0.0,0.0845172678313246,,105.135,0.13033333333333333,-1.3217860420318528
2021-08-31 11:30:00,0.0,0.0659685022473087,,135.747,0.13033333333333333,-1.4312602943965531
2021-08-31 12:00:00,0.0,0.0674615949416303,,132.66,0.12966666666666668,-1.5591185604602549
2021-08-31 12:30:00,0.0,0.1218991802863957,,141.415,0.12966666666666668,-1.6998826720968143
2021-08-31 13:00:00,0.0,0.1372250081871983,,155.451,0.12933333333333333,-1.8332378052784395
2021-08-31 13:30:00,0.0,0.2547113370564424,,168.61,0.12933333333333333,-1.930493999506667
2021-08-31 14:00:00,0.0,0.3206020259620248,,181.951,0.12833333333333333,-1.97310856270158
2021-08-31 14:30:00,0.0,0.3686774728579348,,201.859,0.12833333333333333,-1.9644275888821952
2021-08-31 15:00:00,0.0,0.2916336017949544,,178.803,0.12766666666666668,-1.9230811695243497
2021-08-31 15:30:00,0.0,0.3284044693738037,,177.221,0.12766666666666668,-1.8675718328454576
2021-08-31 16:00:00,0.0,0.3547367183715187,,175.035,0.126,-1.8078600984398845
2021-08-31 16:30:00,0.0,0.3701274518838053,,176.427,0.126,-1.7476478643557023
2021-08-31 17:00:00,0.0,0.1073709624034326,,158.366,0.12533333333333332,-1.68967982860528
2021-08-31 17:30:00,0.0,0.1721196447156241,,114.069,0.12533333333333332,-1.6368900894532818
2021-08-31 18:00:00,0.0,0.042105576835677,,78.757,0.125,-1.5903796968584574
2021-08-31 18:30:00,0.0,0.045867167936448,4.316979661240049,138.3343542123724,0.125,-1.5489893678396245
2021-08-31 19:00:00,0.0,0.0401122810573116,3.927658306828386,125.85884532193828,0.125,-1.511471841501761
2021-08-31 19:30:00,0.0,0.0256486283161707,3.2673645569329426,104.70023058433394,0.125,-1.477690518463547
2021-08-31 20:00:00,0.0,0.0232114046817378,3.320727879882392,106.41021798249506,0.12533333333333332,-1.447618172663342
2021-08-31 20:30:00,0.0,0.0206269308679584,2.4551931418668516,78.67481072385593,0.12533333333333332,-1.4205195605526677
2021-08-31 21:00:00,0.0,2.572792735869879e-05,2.592111590031537,83.06225903098583,0.12566666666666668,-1.3955603878222875
2021-08-31 21:30:00,0.0,2.5168220573989084e-05,2.317635892723905,74.26689252162981,0.12566666666666668,-1.3720508770722035
2021-08-31 22:00:00,0.0,2.506306392233109e-05,1.732755969889678,55.524856939786474,0.12633333333333333,-1.3487043936426797
2021-08-31 22:30:00,0.0,2.475219446351143e-05,1.3362320004762485,42.818545689115254,0.12633333333333333,-1.324005855394682
2021-08-31 23:00:00,0.0,2.4648293879291414e-05,1.135924356811548,36.39983846680723,0.12633333333333333,-1.2984183597436365
2021-08-31 23:30:00,0.0,2.451114486718893e-05,1.3362320004762485,42.818545689115254,0.12633333333333333,-1.2754434418421476
2021-09-01 00:00:00,0.0,2.423717327478117e-05,1.0974503578894528,35.166968216654894,0.12633333333333333,-1.2588188073971598
2021-09-01 00:30:00,0.0,2.495958328613873e-05,1.0107563073818977,32.388922816373224,0.12633333333333333,-1.2483629732454466
2021-09-01 01:00:00,0.0,2.4890315067776933e-05,1.0396831695992017,33.315862278272746,0.12666666666666668,-1.2397652155295704
2021-09-01 01:30:00,0.0,2.485505521863812e-05,0.952815706798472,30.53226001197103,0.12666666666666668,-1.2289374029861448
2021-09-01 02:00:00,0.0,2.492425274865588e-05,0.894758815290756,28.67187075269185,0.12666666666666668,-1.215650112812311
2021-09-01 02:30:00,0.0,2.451114486718893e-05,1.0396831695992017,33.315862278272746,0.12666666666666668,-1.2026910261450885
2021-09-01 03:00:00,0.0,2.506306392233109e-05,0.952815706798472,30.53226001197103,0.12666666666666668,-1.1927420553639223
2021-09-01 03:30:00,0.0,2.618656119674144e-05,0.7491041913355682,24.004478287586036,0.12666666666666668,-1.1866672330014474
2021-09-01 04:00:00,0.0,0.0275517592182208,1.2987339549433117,41.6169491285387,0.12633333333333333,-1.1835701995252168
2021-09-01 04:30:00,0.0,2.6579814711673224e-05,1.1838858130444978,37.936727124087646,0.12633333333333333,-1.1811275231149083
2021-09-01 05:00:00,0.0,2.562248294754593e-05,1.0396831695992017,33.315862278272746,0.127,-1.1762033978734383
2021-09-01 05:30:00,0.0,2.541114567201921e-05,0.8656865885376186,27.74027319398209,0.127,-1.1669150503131822
2021-09-01 06:00:00,0.0,2.7083732081437783e-05,1.126290819269684,36.09113902895729,0.12666666666666668,-1.1551890581708055
2021-09-01 06:30:00,0.0,2.6116273850256723e-05,1.0396831695992017,33.315862278272746,0.12666666666666668,-1.1467788044776688
2021-09-01 07:00:00,0.0,0.0234164644619764,1.0396831695992017,33.315862278272746,0.12666666666666668,-1.148239477345212
2021-09-01 07:30:00,0.0,0.0260634547728304,1.327375159582991,42.53473490901569,0.12666666666666668,-1.1636728687337676
2021-09-01 08:00:00,0.0,0.026563155898857,1.753645450441691,56.19424457390949,0.12666666666666668,-1.1937218467552506
2021-09-01 08:30:00,0.0,0.0279722558985568,2.423013361907831,77.6436339686593,0.12666666666666668,-1.2364982982951636
2021-09-01 09:00:00,0.0,0.0247874217451542,2.533107856599353,81.17152893703967,0.12633333333333333,-1.288364226434452
2021-09-01 09:30:00,0.0,0.0418958327060204,2.942347567353572,94.28530651943883,0.12633333333333333,-1.3434952435528813
2021-09-01 10:00:00,0.0,0.0579579011648255,3.4793720435479765,111.49385044138336,0.12633333333333333,-1.394451021703508
2021-09-01 10:30:00,0.0,0.1114739445046319,4.085258745605816,130.90903240472844,0.12633333333333333,-1.4359915506790373
2021-09-01 11:00:00,0.0,0.0929291852172708,4.704770820888917,150.76082916682788,0.12566666666666668,-1.4693557671135935
2021-09-01 11:30:00,0.0,0.0964900689837638,5.31191761727407,170.21638990160446,0.12566666666666668,-1.5019823162095258
2021-09-01 12:00:00,0.0,0.1629512003735055,5.858109262723791,187.71868884173347,0.12533333333333332,-1.5414880284047203
2021-09-01 12:30:00,0.0,0.093664266644141,5.784195523271791,185.35017886094357,0.12533333333333332,-1.5882843862549467
2021-09-01 13:00:00,0.0,0.2036679101148618,6.127627497121396,196.35519719469193,0.12433333333333334,-1.6339019342332692
2021-09-01 13:30:00,0.0,0.2226748467737408,6.2007282098647,198.69765434838263,0.12433333333333334,-1.667353034443243
2021-09-01 14:00:00,0.0,0.0879595070593477,6.054354431604832,194.00721712649695,0.12366666666666666,-1.683113012864058
2021-09-01 14:30:00,0.0,0.1046198173812478,5.9318469005533565,190.08155577897745,0.12366666666666666,-1.682868328692545
2021-09-01 15:00:00,0.0,0.0946623765710062,6.029891601380687,193.2233241997714,0.12233333333333334,-1.6708605383763284
2021-09-01 15:30:00,0.0,0.1725838865667283,5.980908002628665,191.65368175711689,0.12233333333333334,-1.6491988858386213
2021-09-01 16:00:00,0.0,0.1327167956341793,6.4190062092341345,205.69220805282745,0.122,-1.618392716528829
2021-09-01 16:30:00,0.0,0.2048808777840989,6.322182442665497,202.5895635486292,0.122,-1.581309845958183
2021-09-01 17:00:00,0.0,0.0788237450387149,5.586223314282889,179.00630887972392,0.12133333333333333,-1.5444646924445695
2021-09-01 17:30:00,0.0,0.1319050252821584,5.110872110274001,163.7740384057522,0.12133333333333333,-1.514179900258209
2021-09-01 18:00:00,0.0,0.0420866278869316,4.704770820888917,150.76082916682788,0.121,-1.4922123041728916
2021-09-01 18:30:00,0.0,0.0438762930091387,4.215373908459035,135.0784745700796,0.121,-1.4756787898604908
2021-09-01 19:00:00,0.0,0.0432281396128957,3.7443050764839065,119.98342947502412,0.12066666666666666,-1.4602460485601227
2021-09-01 19:30:00,0.0,3.351404317298461e-05,3.452749291435372,110.64074444833928,0.12066666666666666,-1.4429339783002633
2021-09-01 20:00:00,0.0,3.235220977632475e-05,2.5880014440548154,82.93055250604822,0.12066666666666666,-1.423244381132176
2021-09-01 20:30:00,0.0,3.219286580736566e-05,2.145962900110535,68.76576107500765,0.12066666666666666,-1.403105025793456
2021-09-01 21:00:00,0.0,3.2869602527692825e-05,1.8100137418468552,58.00052391768299,0.12066666666666666,-1.3856686666115157
2021-09-01 21:30:00,0.0,3.2869602527692825e-05,1.4416586266928793,46.196862336147476,0.12066666666666666,-1.3731752979493397
2021-09-01 22:00:00,0.0,3.1289254423377296e-05,1.2700644840331368,40.69825757676285,0.12066666666666666,-1.3655851780551729
2021-09-01 22:30:00,0.0,3.036082423802096e-05,0.9818005091927868,31.461056123101898,0.12066666666666666,-1.3612117266009969
2021-09-01 23:00:00,0.0,2.9902966050348084e-05,0.8365850822977192,26.807737396223104,0.12066666666666666,-1.3582016567986974
2021-09-01 23:30:00,0.0,2.994003747838271e-05,0.6320488520853985,20.253528310297742,0.12066666666666666,-1.355107327251778
2021-09-02 00:00:00,0.0,2.9561549455001053e-05,0.6494441804574376,20.81094847566562,0.12066666666666666,-1.3505710532744628
2021-09-02 00:30:00,0.0,2.9827376435069603e-05,0.4428354797720079,14.190328638006626,0.12066666666666666,-1.3431824849902014
2021-09-02 01:00:00,0.0,2.9523270520278577e-05,0.6494441804574376,20.81094847566562,0.12066666666666666,-1.3319058663214445
2021-09-02 01:30:00,0.0,2.9033291171632532e-05,0.5315637283465147,17.03355837965973,0.12066666666666666,-1.316506740777292
2021-09-02 02:00:00,0.0,2.8067349052283917e-05,0.3538325421623685,11.33829669359462,0.12066666666666666,-1.2974988762869906
2021-09-02 02:30:00,0.0,2.7518499793196832e-05,0.3538325421623685,11.33829669359462,0.12066666666666666,-1.2756790117102474
2021-09-02 03:00:00,0.0,2.615140070619018e-05,0.4131984531525074,13.240632493965537,0.121,-1.2517924490014096
2021-09-02 03:30:00,0.0,2.572792735869879e-05,0.3538325421623685,11.33829669359462,0.121,-1.226705485085393
2021-09-02 04:00:00,0.0,2.5272322163303384e-05,0.174994585771843,5.607569391803864,0.121,-1.20144136910329
2021-09-02 04:30:00,0.0,0.0134569574933957,0.2943436594878571,9.43202035843342,0.121,-1.1760706673250845
2021-09-02 05:00:00,0.0,2.3795567379061236e-05,0.1151331875039433,3.689356075676994,0.121,-1.1483710537505214
2021-09-02 05:30:00,0.0,2.299012349826155e-05,0.0851555068349924,2.7287439297923775,0.121,-1.1150134525747488
2021-09-02 06:00:00,0.0,0.0108423516909319,0.174994585771843,5.607569391803864,0.121,-1.0759516405804783
2021-09-02 06:30:00,0.0,0.0103673495099314,0.1151331875039433,3.689356075676994,0.121,-1.0379708511880557
2021-09-02 07:00:00,0.0,0.0095269699395328,0.0251057991336233,0.8044963800310597,0.12166666666666666,-1.0127144795744212
2021-09-02 07:30:00,0.0,2.2004533985472384e-05,0.2347312078536098,7.521784349243817,0.12166666666666666,-1.0098332373566328
2021-09-02 08:00:00,0.0,0.008957487757874,0.3241035095170881,10.385652285915834,0.12166666666666666,-1.030934041543357
2021-09-02 08:30:00,0.0,0.0150721665894675,0.6200192652699447,19.86804928233321,0.12166666666666666,-1.0691073425899398
2021-09-02 09:00:00,0.0,0.0115555856303265,0.912926443950141,29.254038697732454,0.122,-1.113539058419717
2021-09-02 09:30:00,0.0,2.3828417590123304e-05,1.0582740590125557,33.91159329464062,0.122,-1.1548740113194564
2021-09-02 10:00:00,0.0,2.5481452105946365e-05,1.5185509416431675,48.66081852015392,0.12166666666666666,-1.1878710510690207
2021-09-02 10:30:00,0.0,0.0005553346119797,2.3069630756952506,73.92489015721246,0.12166666666666666,-1.2107723587067143
2021-09-02 11:00:00,0.0,0.0346404744167247,3.664479785250197,117.42548828021714,0.12166666666666666,-1.2228463918773105
2021-09-02 11:30:00,0.0,0.0351794740200348,4.605104551464851,147.56709880452777,0.12166666666666666,-1.223647677197677
2021-09-02 12:00:00,0.0,0.0301629397191956,5.039339348361577,161.4818250527386,0.121,-1.2183076387188605
2021-09-02 12:30:00,0.0,0.0927381420968813,5.291917205291014,169.5754917985861,0.121,-1.2247184067602912
2021-09-02 13:00:00,0.0,0.082642530010068,5.3923686532092745,172.79438261297526,0.12033333333333333,-1.267794507415651
2021-09-02 13:30:00,0.0,0.1684949325060618,5.417430276588718,173.59746341431335,0.12033333333333333,-1.3574636552061066
2021-09-02 14:00:00,0.0,0.1766637992333828,5.592292350862864,179.20078657521088,0.11933333333333333,-1.4742814807362463
2021-09-02 14:30:00,0.0,0.1928182048569367,5.790927719137934,185.56590699511472,0.11933333333333333,-1.5834856648970208
2021-09-02 15:00:00,0.0,0.268132368044566,5.9636928054631335,191.10203376027445,0.11833333333333333,-1.6611588245278366
2021-09-02 15:30:00,0.0,0.3007810291908765,6.23325124823934,199.73983056037056,0.11833333333333333,-1.7029301883810617
2021-09-02 16:00:00,0.0,0.1538471830421373,5.914429635152027,189.52343265806692,0.11699999999999999,-1.7144940794053187
2021-09-02 16:30:00,0.0,0.0840266345227761,5.8156675708004295,186.35867686469945,0.11699999999999999,-1.7033226534759305
2021-09-02 17:00:00,0.0,0.0764537665133611,6.086509437053372,195.03760000120832,0.11633333333333333,-1.6779237665791171
2021-09-02 17:30:00,0.0,0.1263472054700601,5.914429635152027,189.52343265806692,0.11633333333333333,-1.6470584837000335
2021-09-02 18:00:00,0.0,3.734850980499943e-05,5.7413885395866995,183.97846138517588,0.11499999999999999,-1.6162998752306283
2021-09-02 18:30:00,0.0,0.0856888602213494,5.417430276588718,173.59746341431335,0.11499999999999999,-1.586751802607537
2021-09-02 19:00:00,0.0,0.0655461082894561,5.039339348361577,161.4818250527386,0.11333333333333333,-1.557955022386159
2021-09-02 19:30:00,0.0,3.73056019335144e-05,5.191135842919459,166.34602912460457,0.11333333333333333,-1.5310949289745652
2021-09-02 20:00:00,0.0,3.670817500645024e-05,4.033772440472727,129.25919262546915,0.11266666666666665,-1.5087652303112502
2021-09-02 20:30:00,0.0,3.383853668811971e-05,3.047717783488203,97.66181554797924,0.11266666666666665,-1.4921298627892676
2021-09-02 21:00:00,0.0,3.2551313253550324e-05,2.4455486624545575,78.36576066202845,0.11266666666666665,-1.4791053702915191
2021-09-02 21:30:00,0.0,3.1640917004144014e-05,2.027817139727808,64.97986937572189,0.11266666666666665,-1.465525979172688
2021-09-02 22:00:00,0.0,3.086287479687379e-05,1.6609066952045686,53.22250117391823,0.11266666666666665,-1.4481113668436807
2021-09-02 22:30:00,0.0,3.005453953235084e-05,1.2605433533575894,40.39316013208433,0.11266666666666665,-1.4266432061005805
2021-09-02 23:00:00,0.0,2.9711932489174568e-05,1.0582740590125557,33.91159329464062,0.11299999999999999,-1.403713456856375
2021-09-02 23:30:00,0.0,2.9410165143584247e-05,0.7961200111293367,25.511064739065404,0.11299999999999999,-1.382642826743256
2021-09-03 00:00:00,0.0,2.8734810665996177e-05,0.8136863102825993,26.073963534046037,0.11366666666666665,-1.3654974854942632
2021-09-03 00:30:00,0.0,2.8697275808784963e-05,0.8136863102825993,26.073963534046037,0.11366666666666665,-1.352390140658307
2021-09-03 01:00:00,0.0,2.7737713938562392e-05,0.6370650337686462,20.4142680654544,0.11366666666666665,-1.3418379506270557
2021-09-03 01:30:00,0.0,2.6258392924944224e-05,0.4296290801605199,13.767139532408446,0.11366666666666665,-1.331534997932471
2021-09-03 02:00:00,0.0,2.5551897839576503e-05,0.4296290801605199,13.767139532408446,0.11399999999999999,-1.319105784869453
2021-09-03 02:30:00,0.0,2.5446970766639617e-05,0.3998728791844758,12.813624536080614,0.11399999999999999,-1.3023914209725955
2021-09-03 03:00:00,0.0,2.492425274865588e-05,0.5187133515911565,16.62177775771269,0.11466666666666665,-1.2791200912740728
2021-09-03 03:30:00,0.0,2.3795567379061236e-05,0.2805388635289835,8.989656093632647,0.11466666666666665,-1.2468599335150852
2021-09-03 04:00:00,0.0,2.3931122324087595e-05,0.3700858320838627,11.85912109897774,0.11499999999999999,-1.2045016186707571
2021-09-03 04:30:00,0.0,2.26589022265558e-05,0.1607064843284213,5.149717967614193,0.11499999999999999,-1.1544055952404468
2021-09-03 05:00:00,0.0,2.3056791688447737e-05,0.1607064843284213,5.149717967614193,0.11599999999999999,-1.102505331027945
2021-09-03 05:30:00,0.0,2.2857211376259688e-05,0.2206852733018925,7.071692980278941,0.11599999999999999,-1.0553913813913745
2021-09-03 06:00:00,0.0,2.1841297402105628e-05,0.100601883357158,3.223711404459874,0.11633333333333333,-1.0169495994673865
2021-09-03 06:30:00,0.0,2.168018604812255e-05,0.130669948840592,4.187219863490086,0.11633333333333333,-0.987490128974255
2021-09-03 07:00:00,0.0,2.1326666625175544e-05,-0.0502141104791735,-1.6090732619967612,0.11633333333333333,-0.9655292390998896
2021-09-03 07:30:00,0.0,2.110339745933009e-05,-0.0502141104791735,-1.6090732619967612,0.11633333333333333,-0.9508100773948416
2021-09-03 08:00:00,0.0,2.17440328175832e-05,0.130669948840592,4.187219863490086,0.11699999999999999,-0.9473950100747957
2021-09-03 08:30:00,0.0,2.2167424405618382e-05,0.2805388635289835,8.989656093632647,0.11699999999999999,-0.964487174687214
2021-09-03 09:00:00,0.0,0.0026183058531782,0.4890492420999874,15.671213763494745,0.11699999999999999,-1.0119153869317412
2021-09-03 09:30:00,0.0,0.0066995522842051,1.0183885003256297,32.63349067745787,0.11699999999999999,-1.09101962945465
2021-09-03 10:00:00,0.0,0.0035275834158468,1.7094564053453465,54.77823998358249,0.11666666666666665,-1.1888396485489638
2021-09-03 10:30:00,0.0,0.015414975563102,2.9355316345168836,94.06689509726242,0.11666666666666665,-1.2834704703773394
2021-09-03 11:00:00,0.0,0.0231810556795025,4.1129452548862435,131.79622569314958,0.11666666666666665,-1.358482381993948
2021-09-03 11:30:00,0.0,3.860457419765026e-05,4.966750276335942,159.1557630395909,0.11666666666666665,-1.4147538614813302
2021-09-03 12:00:00,0.0,0.052651666953584,5.598027352088625,179.3845603599465,0.11599999999999999,-1.469822537962357
2021-09-03 12:30:00,0.0,0.2115760010003436,5.7227423321172575,183.38095774346212,0.11599999999999999,-1.5442563630311266
2021-09-03 13:00:00,0.0,0.2205694617942186,5.99535672947944,192.11668030122368,0.11499999999999999,-1.645470342157019
2021-09-03 13:30:00,0.0,0.2462861030865496,6.216635733907604,199.20739894721655,0.11499999999999999,-1.7634937789467948
2021-09-03 14:00:00,0.0,0.2578183221156994,6.044666268197459,193.6967672440257,0.11366666666666665,-1.8811634630116227
2021-09-03 14:30:00,0.0,0.2593897818973581,6.192126830781448,198.4220296491281,0.11366666666666665,-1.985278001494894
2021-09-03 15:00:00,0.0,0.3928143618780824,6.2900468727833445,201.55980347197016,0.11233333333333333,-2.067383726062516
2021-09-03 15:30:00,0.0,0.3913258581872844,6.3876601244153886,204.6877464290166,0.11233333333333333,-2.1185221052933296
2021-09-03 16:00:00,0.0,0.3633746538089889,6.314478853964904,202.342707864415,0.11066666666666665,-2.1298344448808213
2021-09-03 16:30:00,0.0,0.370032101647648,6.069291688436135,194.48587024502223,0.11066666666666665,-2.10113863104273
2021-09-03 17:00:00,0.0,0.2330192731350117,6.044666268197459,193.6967672440257,0.10866666666666668,-2.0461659612034007
2021-09-03 17:30:00,0.0,0.3456612781168066,5.573023726400901,178.58333805085516,0.10866666666666668,-1.9854588115007017
2021-09-03 18:00:00,0.0,0.1966477183760398,5.647973852761967,180.985058267743,0.10733333333333334,-1.9334355127162732
2021-09-03 18:30:00,0.0,0.1590144106065245,6.020021294712845,192.90703767402445,0.10733333333333334,-1.8924914660640697
2021-09-03 19:00:00,0.0,0.0608249214816916,4.966750276335942,159.1557630395909,0.10533333333333333,-1.8575590900264227
2021-09-03 19:30:00,0.0,0.0565780321223377,4.813286672779881,154.23813771843453,0.10533333333333333,-1.823501742551883
2021-09-03 20:00:00,0.0,0.0506278900095774,3.6368607705638616,116.54045780510974,0.10466666666666667,-1.7885899215161216
2021-09-03 20:30:00,0.0,0.0665988713771971,3.07169126013643,98.43002750879384,0.10466666666666667,-1.7536902183620935
2021-09-03 21:00:00,0.0,0.0641491627648965,2.4401094404127512,78.19146489794907,0.10466666666666667,-1.7198721335202674
2021-09-03 21:30:00,0.0,0.0438754568645579,2.105144314628739,67.45776031855638,0.10466666666666667,-1.686775462920412
2021-09-03 22:00:00,0.0,0.0392158011820206,1.6239649481364036,52.03873077767702,0.105,-1.6528649836587783
2021-09-03 22:30:00,0.0,0.0526368055515085,1.3659756856767784,43.77165962686531,0.105,-1.61709195574829
2021-09-03 23:00:00,0.0,0.0484994590151101,1.1347143363681924,36.36106427518473,0.10533333333333333,-1.5801059218219702
2021-09-03 23:30:00,0.0,0.0318002560665301,0.989233885129772,31.69925304329893,0.10533333333333333,-1.5438316097236529
2021-09-04 00:00:00,0.0,0.0294682180969626,0.8309913260329448,26.628489699631753,0.10633333333333334,-1.5102173592886057
2021-09-04 00:30:00,0.0,0.0282786426013323,0.6834461576628238,21.9005161659845,0.10633333333333334,-1.4805229560553268
2021-09-04 01:00:00,0.0,2.7228112823298044e-05,0.6242161004158937,20.002533696254183,0.10633333333333334,-1.4553962381776304
2021-09-04 01:30:00,0.0,2.697436473519058e-05,0.4756058475100411,15.240430332727287,0.10633333333333334,-1.4349842724205175
2021-09-04 02:00:00,0.0,2.6866742732449057e-05,0.4457914702506833,14.285051121319883,0.107,-1.4184421614174754
2021-09-04 02:30:00,0.0,2.6401061362963146e-05,0.2962538228714473,9.493230102014463,0.107,-1.4032304357580052
2021-09-04 03:00:00,0.0,2.615140070619018e-05,0.1760602287954029,5.641717118004349,0.10799999999999998,-1.3852865653765354
2021-09-04 03:30:00,0.0,2.597470361453195e-05,0.2362199917030904,7.569491303767794,0.10799999999999998,-1.3603011924198742
2021-09-04 04:00:00,0.0,0.0199761515129271,0.2061558902819446,6.606109870121003,0.10799999999999998,-1.3248908037715
2021-09-04 04:30:00,0.0,2.6293655713524186e-05,0.1760602287954029,5.641717118004349,0.10799999999999998,-1.27735251460078
2021-09-04 05:00:00,0.0,0.0180806091972509,0.0553604285828853,1.773983140502862,0.10866666666666665,-1.219309907386163
2021-09-04 05:30:00,0.0,0.0189707227660874,0.1760602287954029,5.641717118004349,0.10866666666666665,-1.1578020135314024
2021-09-04 06:00:00,0.0,0.0187043450054334,0.2662526102577207,8.53186389272456,0.10866666666666665,-1.104537111436494
2021-09-04 06:30:00,0.0,2.4717075866233703e-05,0.2962538228714473,9.493230102014463,0.10866666666666665,-1.0709091204376446
2021-09-04 07:00:00,0.0,2.420258491079594e-05,0.085583107829202,2.742446080841559,0.10899999999999999,-1.062337509521238
2021-09-04 07:30:00,0.0,0.0138331136852822,0.0251057991336233,0.8044963800310572,0.10899999999999999,-1.0765853570462718
2021-09-04 08:00:00,0.0,2.541114567201921e-05,0.3860697902504365,12.371314971601969,0.10899999999999999,-1.108193897816804
2021-09-04 08:30:00,0.0,2.586853706785997e-05,0.7130156141878127,22.848047077357887,0.10899999999999999,-1.156693810768631
2021-09-04 09:00:00,0.0,2.6579814711673224e-05,1.2691630153155022,40.66937069225508,0.10899999999999999,-1.230321035644474
2021-09-04 09:30:00,0.0,2.910900344618699e-05,2.041609270516007,65.42182779468975,0.10899999999999999,-1.3375389465480283
2021-09-04 10:00:00,0.0,3.3352570329917715e-05,2.931522496843741,93.9384253071584,0.10899999999999999,-1.473204058369977
2021-09-04 10:30:00,0.0,3.611513670987334e-05,3.635411201329224,116.494007453314,0.10899999999999999,-1.616203910752842
2021-09-04 11:00:00,0.0,0.02708408607001,4.218352248356432,135.17391322364347,0.10866666666666668,-1.7424439888596646
2021-09-04 11:30:00,0.0,0.0739112400558697,5.021151608826563,160.89901266987084,0.10866666666666668,-1.8385176678710864
2021-09-04 12:00:00,0.0,0.2916178669110161,5.351619045846251,171.48859220826614,0.10833333333333334,-1.9047508788701897
2021-09-04 12:30:00,0.0,0.3551432945239585,5.528100025406226,177.14379196688242,0.10833333333333334,-1.950507698115568
2021-09-04 13:00:00,0.0,0.3810778311371629,6.1009603162126735,195.50066751441705,0.107,-1.9873380966662295
2021-09-04 13:30:00,0.0,0.3025817482936249,6.076272449618192,194.70956346709156,0.107,-2.021976264319767
2021-09-04 14:00:00,0.0,0.4213623068595762,6.026837748609284,193.12546579316725,0.105,-2.052698326274479
2021-09-04 14:30:00,0.0,0.5249359159533526,6.395696520903132,204.94526668752235,0.105,-2.072576198808953
2021-09-04 15:00:00,0.0,0.5542441273668905,6.468947177828622,207.29252868933335,0.10266666666666667,-2.0761971630999003
2021-09-04 15:30:00,0.0,0.3929676164942418,6.174906443931153,197.87021535275528,0.10266666666666667,-2.0627904870270117
2021-09-04 16:00:00,0.0,0.139772898266716,5.902905199899418,189.154140830578,0.10133333333333333,-2.035095707701209
2021-09-04 16:30:00,0.0,0.1640170019785725,5.250315767146526,168.2424051195605,0.10133333333333333,-1.997875795996787
2021-09-04 17:00:00,0.0,0.1606043556444024,5.174118120436371,165.80070905488083,0.09966666666666667,-1.9567084755953077
2021-09-04 17:30:00,0.0,0.3224777218732959,5.703575369917911,182.7667669095637,0.09966666666666667,-1.915894352686404
2021-09-04 18:00:00,0.0,0.2903834540526256,5.351619045846251,171.48859220826614,0.09899999999999999,-1.877291304785891
2021-09-04 18:30:00,0.0,0.2530396932276978,4.531635597316051,145.21284163299566,0.09899999999999999,-1.8414776079862996
2021-09-04 19:00:00,0.0,0.0876570610679449,4.139521673845682,132.64784697527887,0.09799999999999999,-1.8094044296456055
2021-09-04 19:30:00,0.0,0.1217891503898362,3.635411201329224,116.494007453314,0.09799999999999999,-1.782166379635982
2021-09-04 20:00:00,0.0,0.1184456290682183,2.9041145698801114,93.06015897876796,0.09766666666666667,-1.7594825414434572
2021-09-04 20:30:00,0.0,0.1149934765680732,2.3505565749444934,75.32181093046654,0.09766666666666667,-1.7389578681640667
2021-09-04 21:00:00,0.0,0.1426643724641645,2.041609270516007,65.42182779468975,0.09733333333333334,-1.717370925476596
2021-09-04 21:30:00,0.0,0.1092369335002049,1.7863911713436489,57.24355647937483,0.09733333333333334,-1.692948509042325
2021-09-04 22:00:00,0.0,0.1079896566553075,1.4425950802334755,46.22687028289585,0.09733333333333334,-1.666433980706174
2021-09-04 22:30:00,0.0,0.1059171710793439,1.3270887581505886,42.525557391328356,0.09733333333333334,-1.6400448774421403
2021-09-04 23:00:00,0.0,0.1222619007347586,1.211121494026019,38.80947396001569,0.09700000000000002,-1.6156606901323562
2021-09-04 23:30:00,0.0,0.0712077749044411,0.9777866154801936,31.3324339293042,0.09700000000000002,-1.5939852761650717
2021-09-05 00:00:00,0.0,0.070741220702927,1.0246193846583114,32.83315466199606,0.09700000000000002,-1.5749480669427611
2021-09-05 00:30:00,0.0,0.0692976951801614,0.8775394929832252,28.12009056878829,0.09700000000000002,-1.5585182743295074
2021-09-05 01:00:00,0.0,0.0986230770608991,0.7889309998671137,25.280698300392068,0.09666666666666668,-1.5448644112190462
2021-09-05 01:30:00,0.0,0.0661705048986286,0.7593343084578219,24.33229466771172,0.09666666666666668,-1.5335889641905065
2021-09-05 02:00:00,0.0,0.068813204287191,0.670361629763566,21.48123234739971,0.09633333333333334,-1.52340515558945
2021-09-05 02:30:00,0.0,0.093917420581709,0.670361629763566,21.48123234739971,0.09633333333333334,-1.51318664347019
2021-09-05 03:00:00,0.0,0.0941678230302603,0.5214607182565845,16.709815048427515,0.09633333333333334,-1.5030781203995
2021-09-05 03:30:00,0.0,0.0938236096066651,0.5214607182565845,16.709815048427515,0.09633333333333334,-1.4943473757796426
2021-09-05 04:00:00,0.0,0.0865072782555997,0.4915878982245626,15.752563082490497,0.09600000000000002,-1.4882779058686229
2021-09-05 04:30:00,0.0,0.0619207509679904,0.3717853130978907,11.913579685077316,0.09600000000000002,-1.4850728423141974
2021-09-05 05:00:00,0.0,0.0917705766385552,0.3717853130978907,11.913579685077316,0.09600000000000002,-1.483930571305707
2021-09-05 05:30:00,0.0,0.0893941574802178,0.4017828070828907,12.87482673371699,0.09600000000000002,-1.4847661498380451
2021-09-05 06:00:00,0.0,0.0609884130219583,0.2816043691006859,9.023799415292125,0.09566666666666668,-1.489846205200212
2021-09-05 06:30:00,0.0,0.0880353973729728,0.2816043691006859,9.023799415292125,0.09566666666666668,-1.502872469824234
2021-09-05 07:00:00,0.0,0.0942256200965711,0.4017828070828907,12.87482673371699,0.09566666666666668,-1.5261908243462388
2021-09-05 07:30:00,0.0,0.0816943941048235,0.7593343084578219,24.33229466771172,0.09566666666666668,-1.5594288681940651
2021-09-05 08:00:00,0.0,0.0793668469120552,1.2874956841501413,41.25682722511736,0.09566666666666668,-1.601167511363922
2021-09-05 08:30:00,0.0,0.05658231859121,1.891789523777324,60.620967114377066,0.09566666666666668,-1.6516015527828236
2021-09-05 09:00:00,0.0,0.0807661919504065,2.539629479217231,81.38050941043893,0.09466666666666668,-1.7128883933874388
2021-09-05 09:30:00,0.0,0.0855787880932226,3.146272609322122,100.81993053949898,0.09466666666666668,-1.78633295322805
2021-09-05 10:00:00,0.0,0.1791102633184589,4.113078864714495,131.8005071192294,0.09466666666666668,-1.869260439696953
2021-09-05 10:30:00,0.0,0.1888527352795576,4.663035091055362,149.4234392120074,0.09466666666666668,-1.955116842057988
2021-09-05 11:00:00,0.0,0.1106518907283911,4.869948692214238,156.0538293551584,0.09433333333333334,-2.0370231678126203
2021-09-05 11:30:00,0.0,0.2118537261599503,5.279615142587945,169.18128148650408,0.09433333333333334,-2.1111536220627385
2021-09-05 12:00:00,0.0,0.2187156419825354,5.431838900432404,174.05917688783313,0.09366666666666668,-2.176387168586616
2021-09-05 12:30:00,0.0,0.3087055338384121,6.008495186297629,192.53769223130288,0.09366666666666668,-2.23191541907272
2021-09-05 13:00:00,0.0,0.2327686466958303,5.708974781993325,182.9397869933239,0.09333333333333334,-2.277541077046561
2021-09-05 13:30:00,0.0,0.3571500835571253,6.231252018651955,199.675766757528,0.09333333333333334,-2.315700835880465
2021-09-05 14:00:00,0.0,0.365682831435752,6.403411625301151,205.192491383567,0.09233333333333334,-2.3490422903851274
2021-09-05 14:30:00,0.0,0.5363074346626878,6.57462679932301,210.6789523790467,0.09233333333333334,-2.3744170978970915
2021-09-05 15:00:00,0.0,0.3856498610324353,6.30515118287994,202.0438096862676,0.09133333333333334,-2.382176808118766
2021-09-05 15:30:00,0.0,0.5139116802062221,6.57462679932301,210.6789523790467,0.09133333333333334,-2.3636159466457607
2021-09-05 16:00:00,0.0,0.5167155619087539,6.599009762197343,211.46028601684205,0.09033333333333333,-2.3189913789077328
2021-09-05 16:30:00,0.0,0.4789550553110159,6.354320102609134,203.61939059973068,0.09033333333333333,-2.258939721642535
2021-09-05 17:00:00,0.0,0.3885751295847466,5.608486192026749,179.7197059900363,0.08900000000000001,-2.199216414176647
2021-09-05 17:30:00,0.0,0.4129907495007816,5.933886291852004,190.146906533538,0.08900000000000001,-2.1526840126755777
2021-09-05 18:00:00,0.0,0.4004558360814589,5.683883295039003,182.13574923627385,0.08833333333333333,-2.1234289932930763
2021-09-05 18:30:00,0.0,0.2624761165600701,5.608486192026749,179.7197059900363,0.08833333333333333,-2.1064263767816556
2021-09-05 19:00:00,0.0,0.1455615176337755,5.075467772550508,162.63953313131935,0.08700000000000001,-2.0920335830186243
2021-09-05 19:30:00,0.0,0.1201314457919842,4.271231614960563,136.86839260607366,0.08700000000000001,-2.071406966284095
2021-09-05 20:00:00,0.0,0.1181473190919292,3.445012540262034,110.39282609772144,0.08666666666666667,-2.039361681645345
2021-09-05 20:30:00,0.0,0.1337388585328877,2.8445032103582264,91.14995796549456,0.08666666666666667,-1.9948039307042549
2021-09-05 21:00:00,0.0,0.1187218530742176,2.3719986447986514,76.00890587160868,0.08633333333333333,-1.94115471525669
2021-09-05 21:30:00,0.0,0.1137648244836202,2.259712462155183,72.41077991738658,0.08633333333333333,-1.8868632909209009
2021-09-05 22:00:00,0.0,0.1141697265070409,1.691746058712263,54.210725295857245,0.08633333333333333,-1.84171436454129
2021-09-05 22:30:00,0.0,0.0695754127922504,1.6343382577933518,52.37113565447616,0.08633333333333333,-1.808674556576868
2021-09-05 23:00:00,0.0,0.0647285505953702,1.7490411915112685,56.04670457239288,0.08666666666666667,-1.7812298474819004
2021-09-05 23:30:00,0.0,0.0893028967157723,1.6055919423919989,51.44998167899297,0.08666666666666667,-1.7524266684517291
2021-09-06 00:00:00,0.0,0.0554959498772213,1.2629855210003191,40.47141755052173,0.08666666666666667,-1.7242757352263782
2021-09-06 00:30:00,0.0,0.0564098653533555,1.2921623156537183,41.406365908653584,0.08666666666666667,-1.7050185695377136
2021-09-06 01:00:00,0.0,0.0478282728349168,0.9695919041133012,31.06984059001332,0.08666666666666667,-1.6998907973222812
2021-09-06 01:30:00,0.0,0.0453357299555579,0.8809909856325605,28.230691045089213,0.08666666666666667,-1.708202754533933
2021-09-06 02:00:00,0.0,0.058573356426114,0.6731925301242079,21.57194641231529,0.08633333333333333,-1.7268877343653397
2021-09-06 02:30:00,0.0,0.0635532046355548,0.9105548011644058,29.178041195095886,0.08633333333333333,-1.751512595684129
2021-09-06 03:00:00,0.0,0.0474031732119944,0.7029697977203156,22.526136472579168,0.08666666666666667,-1.773463613773877
2021-09-06 03:30:00,0.0,0.0495506475774871,0.7327163506466128,23.479342304436493,0.08666666666666667,-1.7806378005219428
2021-09-06 04:00:00,0.0,0.0480879633432552,0.6433844733259403,20.616769735312,0.08666666666666667,-1.7642731566190664
2021-09-06 04:30:00,0.0,0.0593972760824797,0.2832587421756057,9.076812551536465,0.08666666666666667,-1.7258946934759047
2021-09-06 05:00:00,0.0,0.0540629479203065,0.2832587421756057,9.076812551536465,0.08666666666666667,-1.67834163765307
2021-09-06 05:30:00,0.0,0.0763211438443689,0.3134421797074238,10.044018020758935,0.08666666666666667,-1.6403443317596162
2021-09-06 06:00:00,0.0,0.0910681721840659,0.3737140192828879,11.97538361873086,0.08666666666666667,-1.6274796566661751
2021-09-06 06:30:00,0.0,0.1049333595284268,0.3435939128220122,11.010207545866,0.08666666666666667,-1.6441837141633224
2021-09-06 07:00:00,0.0,0.0478577365014277,0.8513968971771484,27.28237082210088,0.08600000000000001,-1.681945859494641
2021-09-06 07:30:00,0.0,0.0542847047053226,0.5836756926794926,18.70344693564842,0.08600000000000001,-1.725875099496874
2021-09-06 08:00:00,0.0,0.0559770043614375,1.1166599453533168,35.78252494497555,0.08600000000000001,-1.7659950593828369
2021-09-06 08:30:00,0.0,0.050608700159348,1.841036558406597,58.994626654180024,0.08600000000000001,-1.8043390671681816
2021-09-06 09:00:00,0.0,0.0478814965540214,2.5758302800252957,82.54053674314031,0.08633333333333333,-1.8508422239173343
2021-09-06 09:30:00,0.0,0.0004356092770747,3.912946504511593,125.38741672312736,0.08633333333333333,-1.9120752837893356
2021-09-06 10:00:00,0.0,3.8648415040799214e-05,4.910399253875657,157.3500370661192,0.08600000000000001,-1.984387463147567
2021-09-06 10:30:00,0.0,0.1085583890864944,5.167537316948589,165.58983217518315,0.08600000000000001,-2.0567899873577287
2021-09-06 11:00:00,0.0,0.1775213618624767,5.549243988013091,177.82133428633614,0.08600000000000001,-2.1190148499403874
2021-09-06 11:30:00,0.0,0.111028806941301,5.851238699680273,187.49852683582137,0.08600000000000001,-2.1682092180367523
2021-09-06 12:00:00,0.0,0.1050846978715603,6.446541034935473,206.57454075546767,0.085,-2.209860672196287
2021-09-06 12:30:00,0.0,0.3568242269110968,6.5201601684389585,208.93361031104527,0.085,-2.2522359962549334
2021-09-06 13:00:00,0.0,0.3523348091706163,6.446541034935473,206.57454075546767,0.08466666666666667,-2.2996453740501916
2021-09-06 13:30:00,0.0,0.1538205508883971,6.100668481559954,195.4913158932864,0.08466666666666667,-2.3505059021980683
2021-09-06 14:00:00,0.0,0.3941644209928449,7.006583305916661,224.52067253445293,0.08333333333333333,-2.399551285667759
2021-09-06 14:30:00,0.0,0.3996326897574082,6.421962719970335,205.78694720740032,0.08333333333333333,-2.4398222587730953
2021-09-06 15:00:00,0.0,0.497090382418527,6.471100022845312,207.36151498263865,0.08266666666666667,-2.4632964616648416
2021-09-06 15:30:00,0.0,0.5628879370732868,5.976204414908849,191.50295883953075,0.08266666666666667,-2.4624493819169304
2021-09-06 16:00:00,0.0,0.5367022758047165,6.274084833562356,201.04831197540983,0.08166666666666667,-2.434171164435015
2021-09-06 16:30:00,0.0,0.4632167556783441,5.19313265453103,166.41001544523763,0.08166666666666667,-2.383574453228064
2021-09-06 17:00:00,0.0,0.4432311032729556,5.599782120233717,179.4407905804229,0.08033333333333333,-2.3231010140155637
2021-09-06 17:30:00,0.0,0.3298693457468394,5.7006105747462135,182.6717622865095,0.08033333333333333,-2.265912687250962
2021-09-06 18:00:00,0.0,0.4128683847172317,5.44791823791032,174.5744271184843,0.07866666666666666,-2.2190773639494767
2021-09-06 18:30:00,0.0,0.1312243139674667,5.01351420083569,160.65427769653758,0.07866666666666666,-2.1825599550908814
2021-09-06 19:00:00,0.0,0.1422747110319038,5.244259284293254,168.0483296987685,0.07766666666666666,-2.15325557972672
2021-09-06 19:30:00,0.0,0.1168001826521804,4.415778106267904,141.50027579704556,0.07766666666666666,-2.1283518932315815
2021-09-06 20:00:00,0.0,0.0786412900052637,3.4015650888213713,109.00058531623694,0.07666666666666666,-2.105419227378945
2021-09-06 20:30:00,0.0,0.1089300509729128,2.770567676898284,88.78074961217317,0.07666666666666666,-2.081883991150392
2021-09-06 21:00:00,0.0,0.103728599166024,2.4359418838210884,78.05791869319684,0.07633333333333332,-2.05573018464728
2021-09-06 21:30:00,0.0,0.1047106710658068,2.0690911244090744,66.30246305572413,0.07633333333333332,-2.025841867472234
2021-09-06 22:00:00,0.0,0.1011933810211494,1.6688213876879556,53.47612151948279,0.07633333333333332,-1.9914329167044424
2021-09-06 22:30:00,0.0,0.0666483524194495,1.6975945182545846,54.39813476669359,0.07633333333333332,-1.952618968948536
2021-09-06 23:00:00,0.0,3.829855783190538e-05,1.6688213876879556,53.47612151948279,0.07633333333333332,-1.9121556541647688
2021-09-06 23:30:00,0.0,0.0588707325723361,1.3504281421065256,43.27345033051624,0.07633333333333332,-1.8752732212749696
2021-09-07 00:00:00,0.0,3.586361836441259e-05,1.3795173122342943,44.205590826874946,0.077,-1.8462861765898153
2021-09-07 00:30:00,0.0,3.432914474509867e-05,1.175278776344295,37.660921130768976,0.077,-1.8250295203557951
2021-09-07 01:00:00,0.0,0.0500305080922951,1.1166599453533168,35.78252494497555,0.077,-1.8073118853586292
2021-09-07 01:30:00,0.0,0.0410929245781219,1.2045438212281996,38.59869740091434,0.077,-1.7889088258079229
2021-09-07 02:00:00,0.0,0.0561942164681059,0.8513968971771484,27.28237082210088,0.07766666666666666,-1.7682640042831617
2021-09-07 02:30:00,0.0,0.0536628035567841,0.7921176093134502,25.38281079442207,0.07766666666666666,-1.74570918919805
2021-09-07 03:00:00,0.0,0.0540016786670791,0.6135455525305954,19.660604044822627,0.07766666666666666,-1.7217591874754954
2021-09-07 03:30:00,0.0,0.05721423666314,0.4638853522447045,14.864855910142728,0.07766666666666666,-1.696159824534822
2021-09-07 04:00:00,0.0,0.0574469848767051,0.6135455525305954,19.660604044822627,0.078,-1.6666664662728403
2021-09-07 04:30:00,0.0,0.0579010540911881,0.4938797242231038,15.826002916437792,0.078,-1.6279126310066891
2021-09-07 05:00:00,0.0,0.0476720102976669,0.403802576577483,12.93954872237978,0.07833333333333332,-1.5734672586087437
2021-09-07 05:30:00,0.0,0.0346258335961848,0.4338596619184069,13.902705331032534,0.07833333333333332,-1.502415958118362
2021-09-07 06:00:00,0.0,0.0295804074204661,0.3737140192828879,11.97538361873086,0.07833333333333332,-1.425921960953619
2021-09-07 06:30:00,0.0,2.781105680668246e-05,0.4338596619184069,13.902705331032534,0.07833333333333332,-1.3654521167306817
2021-09-07 07:00:00,0.0,2.6328952168670433e-05,0.3134421797074238,10.044018020758935,0.07866666666666666,-1.340157314536606
2021-09-07 07:30:00,0.0,2.7046281764451948e-05,0.3134421797074238,10.044018020758935,0.07866666666666666,-1.3539089308035133
2021-09-07 08:00:00,0.0,0.025986653084298,0.6135455525305954,19.660604044822627,0.07866666666666666,-1.395636766291749
2021-09-07 08:30:00,0.0,2.572792735869879e-05,0.7624322631740684,24.4315662878444,0.07866666666666666,-1.451620296225422
2021-09-07 09:00:00,0.0,2.5342352952357383e-05,1.2337793794458358,39.53552879309959,0.07866666666666666,-1.5144855861302136
2021-09-07 09:30:00,0.0,2.6579814711673224e-05,1.6975945182545846,54.39813476669359,0.07866666666666666,-1.5803335326814194
2021-09-07 10:00:00,0.0,3.062997880469489e-05,2.5199544839111123,80.75003903916516,0.079,-1.6424293906962235
2021-09-07 10:30:00,0.0,3.948357461039692e-05,4.178638490365842,133.90131583007673,0.079,-1.6932653833733988
2021-09-07 11:00:00,0.0,0.160194327096368,4.125687104792636,132.20452865415206,0.079,-1.7329634152412785
2021-09-07 11:30:00,0.0,4.687151224874353e-05,4.755070325394268,152.3726388159267,0.079,-1.7718245039573468
2021-09-07 12:00:00,0.0,0.036806721745607,5.295300811182455,169.68391689498029,0.07933333333333333,-1.822638001051586
2021-09-07 12:30:00,0.0,0.2784889988027014,5.549243988013091,177.82133428633614,0.07933333333333333,-1.8910636145577489
2021-09-07 13:00:00,0.0,0.2962476169612443,5.346257582565271,171.31678816497478,0.078,-1.9733431489876443
2021-09-07 13:30:00,0.0,0.1596155580609928,5.371704292925541,172.13220878789846,0.078,-2.0620492827524335
2021-09-07 14:00:00,0.0,0.3391653706434558,5.218706629063252,167.22951415247556,0.077,-2.152105514907094
2021-09-07 14:30:00,0.0,0.3324249590963489,5.01351420083569,160.65427769653758,0.077,-2.2394075889699927
2021-09-07 15:00:00,0.0,0.3325550823032154,5.269790663837702,168.86646348177953,0.075,-2.3146427058125543
2021-09-07 15:30:00,0.0,0.4464322401060556,4.703117486525836,150.70784931532026,0.075,-2.362705849225826
2021-09-07 16:00:00,0.0,0.3035451531177305,4.415778106267904,141.50027579704556,0.074,-2.371706329325459
2021-09-07 16:30:00,0.0,0.4498648833111272,3.992900429921884,127.94947990301264,0.074,-2.3428504274497786
2021-09-07 17:00:00,0.0,0.2791465093791975,3.912946504511593,125.38741672312736,0.073,-2.2901307998710045
2021-09-07 17:30:00,0.0,0.1869203078789559,4.415778106267904,141.50027579704556,0.073,-2.2301411086166127
2021-09-07 18:00:00,0.0,0.0367036582708145,4.468224426296489,143.1808785288837,0.07233333333333333,-2.1726004274568984
2021-09-07 18:30:00,0.0,0.1606953233671438,4.363240829342813,139.8167584201253,0.07233333333333333,-2.1191646732375315
2021-09-07 19:00:00,0.0,0.0796376520022532,4.310612210237885,138.1303140520094,0.07166666666666667,-2.068034645359176
2021-09-07 19:30:00,0.0,0.070039913713146,3.5909858080145467,115.07042926275768,0.07166666666666667,-2.017938515382651
2021-09-07 20:00:00,0.0,0.0612677697654664,2.908885585957002,93.21304258715264,0.07033333333333333,-1.968899564558904
2021-09-07 20:30:00,0.0,0.0779160614181129,2.4359418838210884,78.05791869319684,0.07033333333333333,-1.9215530340732736
2021-09-07 21:00:00,0.0,0.072587823085329,2.040681178367425,65.39208778243616,0.07,-1.8767736318031916
2021-09-07 21:30:00,0.0,0.0816252703032809,1.6688213876879556,53.47612151948279,0.07,-1.835391337995029
2021-09-07 22:00:00,0.0,0.065180326146808,1.5534442497620724,49.77894823670105,0.07,-1.797348648779116
2021-09-07 22:30:00,0.0,0.0448504020714071,1.3795173122342943,44.205590826874946,0.07,-1.761193995742284
2021-09-07 23:00:00,0.0,0.0587809615439567,1.175278776344295,37.660921130768976,0.07,-1.724974086297094
2021-09-07 23:30:00,0.0,0.0380905198722912,0.8809909856325605,28.230691045089213,0.07,-1.6878432042959095
2021-09-08 00:00:00,0.0,0.0354600383162187,0.8809909856325604,28.23069104508921,0.07033333333333334,-1.6507598942889228
2021-09-08 00:30:00,0.0,0.0342213444686365,0.7327163506466124,23.47934230443648,0.07033333333333334,-1.6156970294374484
2021-09-08 01:00:00,0.0,0.0334836534054802,0.9105548011644058,29.178041195095886,0.07033333333333334,-1.584233444401094
2021-09-08 01:30:00,0.0,0.0450712547548636,0.5836756926794924,18.70344693564841,0.07033333333333334,-1.5568316107503102
2021-09-08 02:00:00,0.0,0.0315023407582631,0.5836756926794924,18.70344693564841,0.07100000000000001,-1.5330087830903232
2021-09-08 02:30:00,0.0,0.029516980424324,0.4938797242231036,15.826002916437789,0.07100000000000001,-1.5113328529868064
2021-09-08 03:00:00,0.0,0.0408660886340965,0.4038025765774828,12.939548722379772,0.07133333333333333,-1.4890058118105798
2021-09-08 03:30:00,0.0,0.0389999923586755,0.4038025765774828,12.939548722379772,0.07133333333333333,-1.4627732447783015
2021-09-08 04:00:00,0.0,0.0392291563310212,0.3737140192828878,11.975383618730858,0.07166666666666667,-1.431967557896566
2021-09-08 04:30:00,0.0,0.0386394188274448,0.2832587421756055,9.076812551536458,0.07166666666666667,-1.4007187487686132
2021-09-08 05:00:00,0.0,0.0396960534113774,0.2530435221856854,8.108588637437748,0.07166666666666667,-1.375607135047235
2021-09-08 05:30:00,0.0,0.0276324989450267,0.2530435221856854,8.108588637437748,0.07166666666666667,-1.3601641220431482
2021-09-08 06:00:00,0.0,0.025811784820381,0.1622063828713665,5.197781084099389,0.072,-1.35204250902704
2021-09-08 06:30:00,0.0,3.195645334647196e-05,0.1318632470483263,4.225458203696278,0.072,-1.3459753031004993
2021-09-08 07:00:00,0.0,0.02532391189669,0.0101681363239504,0.3258302522354269,0.072,-1.3385962118161625
2021-09-08 07:30:00,0.0,3.0978191427504694e-05,0.0406404591577597,1.3022928328710468,0.072,-1.329047486032824
2021-09-08 08:00:00,0.0,3.140724455409311e-05,0.4938797242231036,15.826002916437789,0.07233333333333333,-1.3167119006785537
2021-09-08 08:30:00,0.0,3.359580809359443e-05,0.9695919041133012,31.069840590013317,0.07233333333333333,-1.303281066482715
2021-09-08 09:00:00,0.0,0.0030786045459022,1.408577412119814,45.136799789266874,0.072,-1.298489605184007
2021-09-08 09:30:00,0.0,0.0094740617829776,1.6688213876879554,53.47612151948278,0.072,-1.3184677846502193
2021-09-08 10:00:00,0.0,0.0026060509929058,2.2953864353769076,73.55392545780342,0.072,-1.3737862694878846
2021-09-08 10:30:00,0.0,0.000828794795183,2.154156291705909,69.02831212321658,0.072,-1.4611729634429975
2021-09-08 11:00:00,0.0,0.0056680154528231,1.9837785706286903,63.568686675126656,0.072,-1.569725614909893
2021-09-08 11:30:00,0.0,0.0156250016890936,2.908885585957002,93.21304258715264,0.072,-1.6918230218684984
2021-09-08 12:00:00,0.0,0.0110590329621166,3.019077338346938,96.74405410505555,0.07166666666666667,-1.8233701776073117
2021-09-08 12:30:00,0.0,0.0071081067826076,2.9640325919607085,94.98018676222551,0.07166666666666667,-1.9554835032534996
2021-09-08 13:00:00,0.0,0.0583229381054085,3.8862479060298223,124.53188029044232,0.07133333333333333,-2.072206752307675
2021-09-08 13:30:00,0.0,0.1272391546733167,5.7509015613919665,184.2832989872279,0.07133333333333333,-2.1590165027417836
2021-09-08 14:00:00,0.0,0.293834040737051,5.700610574746213,182.67176228650948,0.07033333333333334,-2.211775506141748
2021-09-08 14:30:00,0.0,0.2964703560374309,5.8261849172767235,186.6956972926363,0.07033333333333334,-2.2361709346319367
2021-09-08 15:00:00,0.0,0.294105341978564,5.901285504005694,189.1022388984261,0.06966666666666667,-2.2398169254280464
2021-09-08 15:30:00,0.0,0.2896086916283007,5.6754343333234845,181.8650086365033,0.06966666666666667,-2.2266295745210853
2021-09-08 16:00:00,0.0,0.2590196181291737,4.651075767876645,149.04021172923768,0.06933333333333334,-2.198364272432339
2021-09-08 16:30:00,0.0,0.4228045630063621,5.19313265453103,166.41001544523763,0.06933333333333334,-2.158697441180153
2021-09-08 17:00:00,0.0,0.6175544336569606,5.34625758256527,171.31678816497475,0.068,-2.113583741642026
2021-09-08 17:30:00,0.0,0.4197337060468945,3.859525577639,123.6755834507362,0.068,-2.068239964018947
2021-09-08 18:00:00,0.0,0.1044205628306364,3.128861866575798,100.26201643214398,0.067,-2.025395623570647
2021-09-08 18:30:00,0.0,0.1432260371742057,2.6037285767184826,83.43451659931794,0.067,-1.9861858256830756
2021-09-08 19:00:00,0.0,0.1355557883018876,2.3516891473331376,75.35810335764393,0.06633333333333334,-1.951343564792361
2021-09-08 19:30:00,0.0,0.0874099318479556,2.0122436816538136,64.48082966866413,0.06633333333333334,-1.9212215446592529
2021-09-08 20:00:00,0.0,0.0862822359584298,1.8124044130267185,58.07713117084422,0.066,-1.8953128704699365
2021-09-08 20:30:00,0.0,0.0797478378931951,1.6400198621656767,52.5531983773545,0.066,-1.8722945426249584
2021-09-08 21:00:00,0.0,0.1097554479455721,1.495583974876615,47.924859408649695,0.066,-1.8508948768340128
2021-09-08 21:30:00,0.0,4.508809620394872e-05,1.1166599453533168,35.78252494497555,0.066,-1.8310101683657924
2021-09-08 22:00:00,0.0,0.0760864451969992,1.2921623156537183,41.40636590865358,0.066,-1.8141805393480184
2021-09-08 22:30:00,0.0,0.0794395414235074,0.9990653362263188,32.01429447159712,0.066,-1.8029225622627856
2021-09-08 23:00:00,0.0,0.0770401542562788,0.8513968971771483,27.282370822100876,0.06566666666666666,-1.7990104361597423
2021-09-08 23:30:00,0.0,0.110206029479603,0.7921176093134501,25.382810794422067,0.06566666666666666,-1.8015354098252876
2021-09-09 00:00:00,0.0,0.10686407118062,0.7029697977203155,22.526136472579164,0.06566666666666666,-1.8062582262918483
2021-09-09 00:30:00,0.0,0.1054801331147794,0.6731925301242078,21.571946412315288,0.06566666666666666,-1.8074548388828149
2021-09-09 01:00:00,0.0,0.1209563034106305,0.7029697977203155,22.526136472579164,0.06566666666666666,-1.8013778443145465
2021-09-09 01:30:00,0.0,0.1031030925792674,0.4338596619184068,13.902705331032529,0.06566666666666666,-1.787844575238123
2021-09-09 02:00:00,0.0,0.097536451123093,0.4938797242231036,15.826002916437789,0.06533333333333334,-1.7678487435182482
2021-09-09 02:30:00,0.0,0.1205723629119794,0.5238428542492589,16.78614879795878,0.06533333333333334,-1.740335629939498
2021-09-09 03:00:00,0.0,0.0990141123247918,0.4038025765774828,12.939548722379772,0.06533333333333334,-1.7023845869394016
2021-09-09 03:30:00,0.0,0.065217030664561,0.4938797242231036,15.826002916437789,0.06533333333333334,-1.652296319688477
2021-09-09 04:00:00,0.0,0.0644242643323258,0.4638853522447043,14.864855910142722,0.06533333333333334,-1.5928531847685328
2021-09-09 04:30:00,0.0,4.10939356366709e-05,0.2530435221856854,8.108588637437748,0.06533333333333334,-1.5335166730039351
2021-09-09 05:00:00,0.0,4.136582724717461e-05,0.3134421797074236,10.04401802075893,0.06533333333333334,-1.4889075008045205
2021-09-09 05:30:00,0.0,3.935038771034967e-05,0.3134421797074236,10.04401802075893,0.06533333333333334,-1.4713223856953843
2021-09-09 06:00:00,0.0,0.0449832668033324,0.3737140192828878,11.975383618730858,0.06533333333333334,-1.4829732117907783
2021-09-09 06:30:00,0.0,0.0394003531530581,0.2227964414181566,7.139343768773332,0.06533333333333334,-1.516717549680017
2021-09-09 07:00:00,0.0,0.0387563956304822,0.2530435221856854,8.108588637437748,0.06566666666666666,-1.563580049833659
2021-09-09 07:30:00,0.0,0.0391749933710494,0.343593912822012,11.010207545865995,0.06566666666666666,-1.6176046754389966
2021-09-09 08:00:00,0.0,0.0407404239421747,0.6433844733259402,20.616769735312,0.06533333333333334,-1.6754390070034844
2021-09-09 08:30:00,0.0,0.0399276773633896,0.9105548011644058,29.178041195095886,0.06533333333333334,-1.7357686187422636
2021-09-09 09:00:00,0.0,0.0638531585522416,2.1258286179698382,68.12057320385078,0.06566666666666666,-1.799654970697257
2021-09-09 09:30:00,0.0,4.362491475530173e-05,2.908885585957002,93.21304258715264,0.06566666666666666,-1.8677218703651683
2021-09-09 10:00:00,0.0,4.437584262620107e-05,3.2382427700277803,103.76704490796716,0.06533333333333334,-1.9361393572564285
2021-09-09 10:30:00,0.0,0.0715729026992527,3.7523979389007818,120.24275914160086,0.06533333333333334,-1.997824302623272
2021-09-09 11:00:00,0.0,0.261561258374377,4.336937961736311,138.97390288458777,0.06533333333333334,-2.048702558914845
2021-09-09 11:30:00,0.0,0.1329958562325411,4.910399253875657,157.3500370661192,0.06533333333333334,-2.092212429569722
2021-09-09 12:00:00,0.0,0.4530543853523673,5.218706629063251,167.22951415247553,0.065,-2.1382752799363463
2021-09-09 12:30:00,0.0,0.4158026492941565,5.371704292925541,172.13220878789846,0.065,-2.1972780939732166
2021-09-09 13:00:00,0.0,0.5272268262196165,5.4986228062858125,176.19921673350555,0.06466666666666666,-2.271882265951263
2021-09-09 13:30:00,0.0,0.5528842464114208,5.599782120233717,179.4407905804229,0.06466666666666666,-2.353202876668541
2021-09-09 14:00:00,0.0,0.5909926768001266,5.926278606795246,189.9031240091896,0.064,-2.425868696572675
2021-09-09 14:30:00,0.0,0.5749727031532438,5.371704292925541,172.13220878789846,0.064,-2.4773904704073875
2021-09-09 15:00:00,0.0,0.4846133945317575,5.295300811182454,169.68391689498026,0.063,-2.503270060588569
2021-09-09 15:30:00,0.0,0.5948796015602794,5.650237538091178,181.0575963551859,0.063,-2.504860729796846
2021-09-09 16:00:00,0.0,0.1944539266591363,5.039238642846156,161.4785980205229,0.06266666666666666,-2.4850109002079157
2021-09-09 16:30:00,0.0,0.4071564806321856,5.244259284293254,168.0483296987685,0.06266666666666666,-2.447793493455381
2021-09-09 17:00:00,0.0,0.4034681120753102,3.96627271567566,127.09621490214282,0.062,-2.4004351895053535
2021-09-09 17:30:00,0.0,0.3797927097692326,4.625021462331487,148.20532117730818,0.062,-2.351198632699828
2021-09-09 18:00:00,0.0,0.3475665608474629,4.415778106267903,141.50027579704553,0.061,-2.3045898888889695
2021-09-09 18:30:00,0.0,0.1078993678639121,3.7523979389007818,120.24275914160086,0.061,-2.260320818949036
2021-09-09 19:00:00,0.0,0.1478359521539447,3.156244792682416,101.13948162694548,0.06033333333333333,-2.216640767331084
2021-09-09 19:30:00,0.0,0.0931626585021377,3.046561506270968,97.6247635174652,0.06033333333333333,-2.1725268796922523
2021-09-09 20:00:00,0.0,4.6240827686522826e-05,2.154156291705909,69.02831212321658,0.06033333333333333,-2.1270506105015317
2021-09-09 20:30:00,0.0,0.0692740707472969,2.069091124409074,66.30246305572412,0.06033333333333333,-2.0794738792651457
2021-09-09 21:00:00,0.0,0.0641833217589868,1.7550558593813608,56.239440063616414,0.06033333333333333,-2.031481460176064
2021-09-09 21:30:00,0.0,0.0598038775687454,1.524528477177371,48.852364133706345,0.06033333333333333,-1.9877252391177516
2021-09-09 22:00:00,0.0,0.0565634741664796,1.2337793794458358,39.53552879309959,0.06033333333333333,-1.952485667275364
2021-09-09 22:30:00,0.0,0.0744333770721447,1.2045438212281994,38.59869740091433,0.06033333333333333,-1.926298769402109
2021-09-09 23:00:00,0.0,3.8734359909475526e-05,0.9400884164999784,30.124423602612136,0.06033333333333333,-1.9063134882600272
2021-09-09 23:30:00,0.0,3.8648415040799214e-05,0.8809909856325604,28.23069104508921,0.06033333333333333,-1.8885990992972923
2021-09-10 00:00:00,0.0,0.039483747474783,1.0285087848099732,32.95778755361805,0.06033333333333333,-1.8694539066599232
2021-09-10 00:30:00,0.0,0.0520409641462567,0.7327163506466124,23.47934230443648,0.06033333333333333,-1.846333648079827
2021-09-10 01:00:00,0.0,0.0478322913431038,0.5238428542492589,16.78614879795878,0.06066666666666667,-1.8190829098387216
2021-09-10 01:30:00,0.0,0.0330229697339586,0.4638853522447043,14.864855910142722,0.06066666666666667,-1.7896669009529749
2021-09-10 02:00:00,0.0,0.0310887403457115,0.4338596619184068,13.902705331032529,0.061,-1.7601392622692025
2021-09-10 02:30:00,0.0,0.0283789883677451,0.4038025765774828,12.939548722379772,0.061,-1.7312324204719014
2021-09-10 03:00:00,0.0,0.0241322806888621,0.4638853522447043,14.864855910142722,0.061,-1.7024979162040226
2021-09-10 03:30:00,0.0,3.303117294097335e-05,0.2530435221856854,8.108588637437748,0.061,-1.672562706654608
2021-09-10 04:00:00,0.0,0.0199821073865568,0.3134421797074236,10.04401802075893,0.061,-1.6393179735772254
2021-09-10 04:30:00,0.0,0.0178477489126787,0.2832587421756055,9.076812551536458,0.061,-1.601249044376488
2021-09-10 05:00:00,0.0,0.022490727226247,0.2227964414181566,7.139343768773332,0.06133333333333333,-1.5591613250164889
2021-09-10 05:30:00,0.0,0.0222595823962387,0.0710803650668398,2.2777166376263356,0.06133333333333333,-1.5161898126233695
2021-09-10 06:00:00,0.0,0.0202005765497269,0.0101681363239504,0.3258302522354269,0.06166666666666667,-1.476026535946794
2021-09-10 06:30:00,0.0,0.0128276212043664,0.1318632470483263,4.225458203696278,0.06166666666666667,-1.4414820825366506
2021-09-10 07:00:00,0.0,0.0126726567913819,-0.0203366840300287,-0.6516736869005754,0.06166666666666667,-1.4148167002906595
2021-09-10 07:30:00,0.0,2.792132579120251e-05,-0.0203366840300287,-0.6516736869005754,0.06166666666666667,-1.3992947992971505
2021-09-10 08:00:00,0.0,2.8104307908220937e-05,0.1318632470483263,4.225458203696278,0.062,-1.3998058405394993
2021-09-10 08:30:00,0.0,2.82896123113535e-05,0.2832587421756055,9.076812551536458,0.062,-1.420323150252916
2021-09-10 09:00:00,0.0,2.7995008303509975e-05,0.4338596619184068,13.902705331032529,0.06266666666666666,-1.459534238539929
2021-09-10 09:30:00,0.0,2.8959225565404393e-05,0.7029697977203155,22.526136472579164,0.06266666666666666,-1.5095919716513733
2021-09-10 10:00:00,0.0,3.1095386000272306e-05,1.0285087848099732,32.95778755361805,0.06266666666666666,-1.5604849739182505
2021-09-10 10:30:00,0.0,0.0089684021916086,1.8982169120715449,60.82692792001537,0.06266666666666666,-1.6062913534378314
2021-09-10 11:00:00,0.0,0.023157511326786,2.7150591415268517,87.00202050144209,0.063,-1.648438456887569
2021-09-10 11:30:00,0.0,0.0090165365591126,3.374406710668868,108.1303155911063,0.063,-1.6945008170615794
2021-09-10 12:00:00,0.0,0.0112563034169375,4.072642613363305,130.50475797135658,0.06266666666666666,-1.7527725417470217
2021-09-10 12:30:00,0.0,0.092589673828031,4.442012611907027,142.34094072494716,0.06266666666666666,-1.824248070784045
2021-09-10 13:00:00,0.0,0.111099995012362,4.832833743263502,154.8645088353461,0.06233333333333333,-1.8981882194231077
2021-09-10 13:30:00,0.0,0.2274991350953438,4.651075767876645,149.04021172923768,0.06233333333333333,-1.9576772897448735
2021-09-10 14:00:00,0.0,0.2801449890414462,4.9620002529779486,159.00355212703522,0.062,-1.9911502772880405
2021-09-10 14:30:00,0.0,0.3252665039506313,5.06494145653182,162.30222528116786,0.062,-1.9979807486029624
2021-09-10 15:00:00,0.0,0.3560965045537363,5.218706629063251,167.22951415247553,0.06066666666666667,-1.984232668745691
2021-09-10 15:30:00,0.0,0.4065079087463537,6.026049960069232,193.10022170412913,0.06066666666666667,-1.956889996283552
2021-09-10 16:00:00,0.0,0.417482110120955,4.572845724943615,146.53338906191982,0.06,-1.9229902177838991
2021-09-10 16:30:00,0.0,0.3489148556744362,5.19313265453103,166.41001544523763,0.06,-1.8902696649210236
2021-09-10 17:00:00,0.0,0.2622019459367497,4.910399253875657,157.3500370661192,0.05933333333333333,-1.8651867793207624
2021-09-10 17:30:00,0.0,0.088934565524197,3.8862479060298223,124.53188029044232,0.05933333333333333,-1.8505007411459704
2021-09-10 18:00:00,0.0,4.456473885987298e-05,2.7428264225315964,87.89180205879171,0.059,-1.8453386270124617
2021-09-10 18:30:00,0.0,4.381194643932356e-05,2.267194629074721,72.65054030778559,0.059,-1.8460546291698023
2021-09-10 19:00:00,0.0,4.2510649923411175e-05,1.841036558406597,58.994626654180024,0.05833333333333333,-1.8464587141333972
2021-09-10 19:30:00,0.0,4.145733419429641e-05,1.6400198621656767,52.5531983773545,0.05833333333333333,-1.8393156861804048
2021-09-10 20:00:00,0.0,4.050824563260603e-05,1.3795173122342943,44.205590826874946,0.05833333333333333,-1.819675838097294
2021-09-10 20:30:00,0.0,0.0383354866128354,1.1166599453533168,35.78252494497555,0.05833333333333333,-1.7872782799649491
2021-09-10 21:00:00,0.0,0.0336232578938982,1.0579223215853837,33.90032213432522,0.05833333333333333,-1.7462159729446771
2021-09-10 21:30:00,0.0,3.834218123900825e-05,0.8809909856325604,28.23069104508921,0.05833333333333333,-1.7025084884823936
2021-09-10 22:00:00,0.0,3.803747056451597e-05,0.7624322631740682,24.431566287844394,0.05833333333333333,-1.6606812118878975
2021-09-10 22:30:00,0.0,3.721987992815649e-05,0.6433844733259402,20.616769735312,0.05833333333333333,-1.6214085356161498
2021-09-10 23:00:00,0.0,3.582180858518088e-05,0.6731925301242078,21.571946412315288,0.057999999999999996,-1.582533483614908
2021-09-10 23:30:00,0.0,3.3716191316882116e-05,0.6135455525305953,19.660604044822623,0.057999999999999996,-1.5425221902964172
2021-09-11 00:00:00,0.4,3.2153923140210136e-05,0.5238428542492589,16.78614879795878,0.059,-1.5025202904869532
2021-09-11 00:30:00,0.0,3.1640917004144014e-05,0.3737140192828878,11.975383618730858,0.059,-1.465086896141517
2021-09-11 01:00:00,0.4,3.113345954710823e-05,0.3134421797074236,10.04401802075893,0.06,-1.4316239128022707
2021-09-11 01:30:00,1.6,3.051554658457701e-05,0.343593912822012,11.010207545865995,0.06,-1.401528138749094
2021-09-11 02:00:00,2.0,3.0323396658217114e-05,0.6135455525305953,19.660604044822623,0.102,-1.3736255835727984
2021-09-11 02:30:00,0.8,3.05531359112814e-05,0.4938797242231036,15.826002916437789,0.102,-1.3473632970614386
2021-09-11 03:00:00,0.6,3.0438899716606223e-05,0.7921176093134501,25.382810794422067,0.14366666666666666,-1.3216443189000835
2021-09-11 03:30:00,0.2,3.005453953235084e-05,0.5836756926794924,18.70344693564841,0.14366666666666666,-1.2932777983157688
2021-09-11 04:00:00,0.4,2.994003747838271e-05,0.5238428542492589,16.78614879795878,0.14833333333333334,-1.2587024249824974
2021-09-11 04:30:00,0.0,2.9561549455001053e-05,0.6731925301242078,21.571946412315288,0.14833333333333334,-1.2180702826099754
2021-09-11 05:00:00,0.2,2.959832938613145e-05,0.5836756926794924,18.70344693564841,0.14833333333333332,-1.1765693703163154
2021-09-11 05:30:00,0.0,2.9636675311373782e-05,0.4338596619184068,13.902705331032529,0.14833333333333332,-1.1407029262242807
2021-09-11 06:00:00,0.0,2.9636675311373782e-05,0.5836756926794924,18.70344693564841,0.14633333333333332,-1.1133652004524015
2021-09-11 06:30:00,0.0,2.9523270520278577e-05,0.4338596619184068,13.902705331032529,0.14633333333333332,-1.0926204329986002
2021-09-11 07:00:00,0.0,3.0323396658217114e-05,0.2227964414181566,7.139343768773332,0.14466666666666664,-1.0746424857905583
2021-09-11 07:30:00,0.0,0.0161913341358434,0.5238428542492589,16.78614879795878,0.14466666666666664,-1.0578773981050076
2021-09-11 08:00:00,0.0,0.0117050109735538,0.5537748184489865,17.745295994100022,0.14300000000000002,-1.0450856876539614
2021-09-11 08:30:00,0.0,3.211501208435781e-05,0.6433844733259402,20.616769735312,0.14300000000000002,-1.0410388415060745
2021-09-11 09:00:00,0.0,0.0126470258406051,0.9105548011644058,29.178041195095886,0.14100000000000001,-1.0471567666241703
2021-09-11 09:30:00,0.0,0.0222356493329774,1.1459841745488315,36.72219773170624,0.14100000000000001,-1.05771601801826
2021-09-11 10:00:00,0.0,0.0244851252388871,1.697594518254584,54.398134766693566,0.139,-1.062078838377824
2021-09-11 10:30:00,0.0,0.0181960753405657,1.9552857814383848,62.65565675568107,0.139,-1.0536587392833725
2021-09-11 11:00:00,0.0,0.0153237313403804,2.0122436816538136,64.48082966866413,0.137,-1.0395651766951584
2021-09-11 11:30:00,0.0,0.0023944075300657,1.7550558593813608,56.239440063616414,0.137,-1.0398317328146491
2021-09-11 12:00:00,0.0,0.0020335808341743,2.908885585957002,93.21304258715264,0.13466666666666668,-1.0723322588941189
2021-09-11 12:30:00,0.0,0.1125325712664504,3.6986904016186126,118.52174165500662,0.13466666666666668,-1.136732222577794
2021-09-11 13:00:00,0.0,0.1731920040081141,4.205079392367719,134.74859457360728,0.133,-1.2144830274528484
2021-09-11 13:30:00,0.0,0.0466147863336523,4.046085328459576,129.65374982559754,0.133,-1.2837686727862698
2021-09-11 14:00:00,0.0,0.014324899870698,4.205079392367719,134.74859457360728,0.13033333333333333,-1.3328226119968014
2021-09-11 14:30:00,0.2,0.0869555394345794,3.992900429921884,127.94947990301264,0.13033333333333333,-1.3608164766477722
2021-09-11 15:00:00,0.0,0.0961480048358179,4.806934654663687,154.0345920932516,0.12966666666666668,-1.370666640105042
2021-09-11 15:30:00,0.0,0.2057941818541792,5.901285504005694,189.1022388984261,0.12966666666666668,-1.3641421880365443
2021-09-11 16:00:00,0.0,0.0668128462671666,7.030707978420977,225.29372945233308,0.128,-1.3435162905999816
2021-09-11 16:30:00,0.0,0.0369203623258181,5.523943799362118,177.01060884097276,0.128,-1.3147171076614692
2021-09-11 17:00:00,0.0,0.0549386494277465,5.090622686439463,163.1251609059405,0.12566666666666668,-1.2853175798099297
2021-09-11 17:30:00,0.0,0.027878545046692,4.703117486525836,150.70784931532026,0.12566666666666668,-1.2588671617507838
2021-09-11 18:00:00,0.0,0.0706351470738165,4.38952086144175,140.65888220906217,0.125,-1.23330668855362
2021-09-11 18:30:00,0.0,0.021168756772587,4.046085328459576,129.65374982559754,0.125,-1.2056189401652515
2021-09-11 19:00:00,0.0,0.0224050415022754,3.617948277426845,115.9344212402065,0.124,-1.1764084478050896
2021-09-11 19:30:00,0.0,3.461619743987309e-05,3.156244792682416,101.13948162694548,0.124,-1.1491986441671864
2021-09-11 20:00:00,0.0,3.2551313253550324e-05,2.659446265107075,85.21994786058734,0.12366666666666666,-1.1266580419006946
2021-09-11 20:30:00,0.0,3.279065826222133e-05,2.1258286179698382,68.12057320385078,0.12366666666666666,-1.1088183833956435
2021-09-11 21:00:00,0.0,3.279065826222133e-05,1.9552857814383848,62.65565675568107,0.12366666666666666,-1.0941211999133578
2021-09-11 21:30:00,0.0,3.2551313253550324e-05,1.7550558593813608,56.239440063616414,0.12366666666666666,-1.0806832303483869
2021-09-11 22:00:00,0.0,3.203566683225232e-05,1.408577412119814,45.136799789266874,0.124,-1.0665693408199597
2021-09-11 22:30:00,0.0,3.168104669226165e-05,1.2921623156537183,41.40636590865358,0.124,-1.0501402921647685
2021-09-11 23:00:00,0.0,3.175980036542559e-05,1.1459841745488315,36.72219773170624,0.12333333333333334,-1.0311084239574064
2021-09-11 23:30:00,0.0,3.144557613994091e-05,1.0285087848099732,32.95778755361805,0.12333333333333334,-1.0116453393186844
2021-09-12 00:00:00,0.0,3.18386857926341e-05,0.8513968971771481,27.28237082210087,0.123,-0.996427089346018
2021-09-12 00:30:00,0.0,3.160242476783036e-05,0.7327163506466123,23.47934230443648,0.123,-0.9904910206724736
2021-09-12 01:00:00,0.0,3.1329082352843475e-05,0.7624322631740679,24.431566287844383,0.12266666666666666,-0.995253747745098
2021-09-12 01:30:00,0.0,3.105575964844068e-05,0.7327163506466123,23.47934230443648,0.12266666666666666,-1.0063373712604085
2021-09-12 02:00:00,0.0,3.0940246868121084e-05,0.6731925301242075,21.57194641231528,0.122,-1.01645325540136
2021-09-12 02:30:00,0.0,3.082344996839441e-05,0.5836756926794922,18.703446935648405,0.122,-1.0204779182895547
2021-09-12 03:00:00,0.0,3.062997880469489e-05,0.4938797242231034,15.82600291643778,0.122,-1.01687139699547
2021-09-12 03:30:00,0.0,3.0940246868121084e-05,0.6135455525305951,19.660604044822616,0.122,-1.0050556569706977
2021-09-12 04:00:00,0.0,3.101775059832205e-05,0.5537748184489862,17.745295994100015,0.12166666666666666,-0.9838672226963384
2021-09-12 04:30:00,0.0,3.295032186546801e-05,0.4338596619184066,13.90270533103252,0.12166666666666666,-0.9536041840570946
2021-09-12 05:00:00,0.0,3.262987295419592e-05,0.4938797242231034,15.82600291643778,0.12133333333333333,-0.918643897115157
2021-09-12 05:30:00,0.0,3.18386857926341e-05,0.4938797242231034,15.82600291643778,0.12133333333333333,-0.8865432602704273
2021-09-12 06:00:00,0.4,3.0476424600834423e-05,0.2530435221856852,8.108588637437743,0.121,-0.8633736145181883
2021-09-12 06:30:00,0.4,3.0247079988814197e-05,0.2832587421756053,9.076812551536454,0.121,-0.8496419631849771
2021-09-12 07:00:00,0.0,2.9711932489174568e-05,0.2227964414181564,7.139343768773327,0.12666666666666668,-0.8416900512239841
2021-09-12 07:30:00,0.0,2.9033291171632532e-05,0.1318632470483261,4.225458203696273,0.12666666666666668,-0.8377250073233382
2021-09-12 08:00:00,0.0,2.910900344618699e-05,0.0101681363239502,0.3258302522354216,0.12766666666666668,-0.8413219990295815
2021-09-12 08:30:00,0.0,2.9523270520278577e-05,0.0101681363239502,0.3258302522354216,0.12766666666666668,-0.8583364878954358
2021-09-12 09:00:00,0.0,2.9978687075037876e-05,0.0710803650668396,2.2777166376263303,0.127,-0.8914329593047574
2021-09-12 09:30:00,0.0,0.0034079697248702,0.1925174212735949,6.169075426884,0.127,-0.9376801817479896
2021-09-12 10:00:00,0.0,0.0060788257899424,0.1014879343575141,3.2521042398568074,0.12633333333333333,-0.989834703309648
2021-09-12 10:30:00,0.0,0.0143381612501605,1.3213098329280764,42.340376095276525,0.12633333333333333,-1.0412196932102191
2021-09-12 11:00:00,0.0,3.473896702563498e-05,2.547905602336945,81.64571152788854,0.126,-1.0926571005927863
2021-09-12 11:30:00,0.0,0.0217348211757724,3.128861866575798,100.26201643214398,0.126,-1.152278138347618
2021-09-12 12:00:00,0.0,0.0153331217965981,4.178638490365842,133.90131583007673,0.125,-1.2226906257262455
2021-09-12 12:30:00,0.0,0.0482801574889071,4.729104992743232,151.5405993332207,0.125,-1.2905258589997362
2021-09-12 13:00:00,0.0,0.0704949772022464,4.442012611907027,142.34094072494716,0.12433333333333334,-1.3369969762108351
2021-09-12 13:30:00,0.0,0.0154371279037853,5.422534577822608,173.76102689394597,0.12433333333333334,-1.3589386387526614
2021-09-12 14:00:00,0.0,0.0106867987348942,5.951251563716916,190.70336356082564,0.123,-1.3710356647922937
2021-09-12 14:30:00,0.0,0.0645041531296368,6.224635858665856,199.46375690553347,0.123,-1.3859550606443394
2021-09-12 15:00:00,0.0,0.0242535911384404,6.125501534727505,196.2870723347397,0.12233333333333334,-1.400793320383004
2021-09-12 15:30:00,0.0,0.0266273883280909,6.274084833562356,201.04831197540983,0.12233333333333334,-1.4060385941653446
2021-09-12 16:00:00,0.0,0.1111096491418613,6.642474939056403,212.85309479597757,0.12133333333333333,-1.400457974774076
2021-09-12 16:30:00,0.0,0.0303676006422665,5.371704292925541,172.13220878789846,0.12133333333333333,-1.3917826362609245
2021-09-12 17:00:00,0.4,3.3758057524395963e-05,4.4944135972258215,144.02009074023474,0.12033333333333333,-1.3857236999338056
2021-09-12 17:30:00,0.0,0.0662198872794147,5.06494145653182,162.30222528116786,0.12033333333333333,-1.3797684809724036
2021-09-12 18:00:00,0.0,0.0157449674949532,5.167537316948589,165.58983217518315,0.12,-1.3683037401887177
2021-09-12 18:30:00,0.0,0.0274268600670216,4.520580172337349,144.85857888566252,0.12,-1.3500672815631791
2021-09-12 19:00:00,0.0,3.307082152973579e-05,4.442012611907027,142.34094072494716,0.11933333333333333,-1.328782098869123
2021-09-12 19:30:00,0.0,3.086287479687379e-05,3.8862479060298223,124.53188029044232,0.11933333333333333,-1.308964722779966
2021-09-12 20:00:00,0.0,0.0208769669779037,3.6718005216515777,117.66007575153108,0.11833333333333333,-1.293395559686357
2021-09-12 20:30:00,0.0,0.0279899631380069,3.2655253469094574,104.6412944876124,0.11833333333333333,-1.2835752299343504
2021-09-12 21:00:00,0.0,2.9333912043817993e-05,2.6872657753080995,86.11140306310219,0.11833333333333333,-1.2803547735486702
2021-09-12 21:30:00,0.0,2.843697704639137e-05,2.125828617969838,68.12057320385077,0.11833333333333333,-1.2833230380705758
2021-09-12 22:00:00,0.0,2.8031900533583182e-05,1.898216912071544,60.82692792001535,0.11866666666666666,-1.2898982454731374
2021-09-12 22:30:00,0.0,2.8623806350329834e-05,1.6400198621656767,52.5531983773545,0.11866666666666666,-1.2955120156982365
2021-09-12 23:00:00,0.0,2.7554950680070244e-05,1.4376085103357137,46.06707941505015,0.11866666666666666,-1.295349588267662
2021-09-12 23:30:00,0.0,2.6830936314465047e-05,1.1752787763442945,37.66092113076897,0.11866666666666666,-1.2868359999511962
2021-09-13 00:00:00,0.0,2.7482082813501057e-05,1.0910873933798284,34.96307182255831,0.11866666666666666,-1.2713060683639763
2021-09-13 00:30:00,0.0,2.6795163676127593e-05,1.0031084597324205,32.14385331206124,0.11866666666666666,-1.2532997396958834
2021-09-13 01:00:00,0.0,2.6938456935766543e-05,0.8558798635673638,27.426024095734345,0.11866666666666666,-1.2376230203850178
2021-09-13 01:30:00,0.0,2.5657134418759616e-05,0.6187417983934355,19.827113820677862,0.11866666666666666,-1.226430164198224
2021-09-13 02:00:00,0.0,2.5342352952357383e-05,0.5293096629576329,16.961328555942227,0.11866666666666666,-1.2183810611514838
2021-09-13 02:30:00,0.0,2.5168220573989084e-05,0.7671813214779152,24.58374627596851,0.11866666666666666,-1.2100063814295965
2021-09-13 03:00:00,0.0,2.299012349826155e-05,0.5591512504234795,17.917579697874665,0.11833333333333333,-1.1979886380313487
2021-09-13 03:30:00,0.0,2.335725619367361e-05,0.4395987438386633,14.086609878542612,0.11833333333333333,-1.1806405751239797
2021-09-13 04:00:00,0.0,2.299012349826155e-05,0.3195469857222847,10.239641920783288,0.11866666666666666,-1.15720908795464
2021-09-13 04:30:00,0.0,2.2461861299539943e-05,0.2593323571966531,8.310109607712711,0.11866666666666666,-1.125823719218787
2021-09-13 05:00:00,0.0,2.2461861299539943e-05,0.1989910708969851,6.37651864189132,0.11833333333333333,-1.0830766185187617
2021-09-13 05:30:00,0.0,2.2329950177178775e-05,0.0779260240438768,2.4970806115289896,0.11833333333333333,-1.026921731176338
2021-09-13 06:00:00,0.0,2.1971071472423815e-05,0.1687727362193419,5.408194919975905,0.118,-0.9606977791812952
2021-09-13 06:30:00,0.0,2.164708974293453e-05,0.1989910708969851,6.37651864189132,0.118,-0.8943972684913964
2021-09-13 07:00:00,0.0,2.122990299606362e-05,0.1687727362193419,5.408194919975905,0.11766666666666666,-0.8417092572193725
2021-09-13 07:30:00,0.0,2.075336047500528e-05,0.0475796206226888,1.5246530234100493,0.11766666666666666,-0.8149202414828912
2021-09-13 08:00:00,0.0,2.072251014379171e-05,0.1082402916461391,3.4684784315908557,0.11766666666666666,-0.8207191093715197
2021-09-13 08:30:00,0.0,2.0911709180219547e-05,0.1385225027065722,4.438849023970358,0.11766666666666666,-0.8584753652934471
2021-09-13 09:00:00,0.0,2.0975061376302337e-05,0.1082402916461391,3.4684784315908557,0.118,-0.9211652490557196
2021-09-13 09:30:00,0.0,2.151873827361043e-05,0.1989910708969851,6.37651864189132,0.118,-0.9980070566190224
2021-09-13 10:00:00,0.0,2.3424701532556037e-05,0.3496069971455144,11.202892293534534,0.11766666666666666,-1.0774783301506796
2021-09-13 10:30:00,0.0,2.6759424810277215e-05,1.4114125796261496,45.2276505916448,0.11766666666666666,-1.1509977319620597
2021-09-13 11:00:00,0.0,3.2910769402496645e-05,2.714152443936668,86.97296606166094,0.11733333333333333,-1.2173024721032386
2021-09-13 11:30:00,0.0,3.636778521064745e-05,4.173729999026582,133.74402693069413,0.11733333333333333,-1.2834875436685242
2021-09-13 12:00:00,0.0,0.1021276652598618,5.464986524213516,175.12136746765103,0.11699999999999999,-1.3592073423635649
2021-09-13 12:30:00,0.0,0.0232922008590403,5.766949713839963,184.7975499171379,0.11699999999999999,-1.4486493294359628
2021-09-13 13:00:00,0.0,0.1232445147380894,6.041180919825559,193.58508188665397,0.11599999999999999,-1.548099469805167
2021-09-13 13:30:00,0.0,0.1142819197439539,6.21443784112711,199.13696913232823,0.11599999999999999,-1.6489490874298514
2021-09-13 14:00:00,0.0,0.1202820681748721,6.090781555669312,195.1744968170912,0.115,-1.739999807948755
2021-09-13 14:30:00,0.0,0.0988211751607437,6.239110213940565,199.92757669313752,0.115,-1.8083196374259616
2021-09-13 15:00:00,0.0,0.0647757642703546,6.239110213940565,199.92757669313752,0.114,-1.843061802308276
2021-09-13 15:30:00,0.0,0.2893930900629271,6.065991142618045,194.38010674597373,0.114,-1.8418568366281496
2021-09-13 16:00:00,0.0,0.3040367202146436,6.704216271599805,214.83154918673776,0.113,-1.8136423899177667
2021-09-13 16:30:00,0.0,0.2195875895603643,6.386735490521084,204.65811723391064,0.113,-1.7744378715519973
2021-09-13 17:00:00,0.0,0.2540383289076281,7.424849641662636,237.9237015002124,0.112,-1.7391564066421887
2021-09-13 17:30:00,0.0,0.2467561846432944,6.337604707721831,203.08375838957667,0.112,-1.7161617516765184
2021-09-13 18:00:00,0.0,0.3049965334310248,5.816990959558212,186.40108385837223,0.11066666666666668,-1.7083522998379808
2021-09-13 18:30:00,0.0,0.0629971103684751,5.5155196228672985,176.74066246488837,0.11066666666666668,-1.7168403210892709
2021-09-13 19:00:00,0.0,0.0586229683655064,4.87779414880843,156.3052310889222,0.10966666666666668,-1.7405082487317929
2021-09-13 19:30:00,0.0,3.666573640149513e-05,4.305352167237762,137.9617599450525,0.10966666666666668,-1.7721842948265507
2021-09-13 20:00:00,0.0,3.424620892888093e-05,3.668256157611702,117.546499281632,0.10933333333333334,-1.79905470338899
2021-09-13 20:30:00,0.0,3.515368783130449e-05,2.8523419074416334,91.4011430958382,0.10933333333333334,-1.8097197890640928
2021-09-13 21:00:00,0.0,3.4781661707364674e-05,2.519596077304393,80.73855417002595,0.109,-1.8005809382657252
2021-09-13 21:30:00,0.0,3.2910769402496645e-05,2.0416851046387507,65.42425784190335,0.109,-1.774838142657248
2021-09-13 22:00:00,0.0,2.9523270520278577e-05,1.9565347855282724,62.695680148826646,0.10933333333333334,-1.7371791272034651
2021-09-13 22:30:00,0.0,0.0462052866658116,1.5846591697529009,50.779206782621955,0.10933333333333334,-1.6917585311142709
2021-09-13 23:00:00,0.0,0.0659536448955572,1.3824376331668595,44.29917030651123,0.10966666666666668,-1.644892021932616
2021-09-13 23:30:00,0.0,0.0434462280326416,1.266248174287477,40.57596681202281,0.10966666666666668,-1.6061823770110095
2021-09-14 00:00:00,0.0,2.7300506301294197e-05,1.1677920512736484,37.421014677858814,0.10966666666666668,-1.5836058314641932
2021-09-14 00:30:00,0.0,2.7884535497595156e-05,1.1969423359248297,38.35511354298287,0.10966666666666668,-1.5775479831728771
2021-09-14 01:00:00,0.0,0.0254999381815158,1.0215993086853057,32.73637860739727,0.10966666666666668,-1.5814327850569496
2021-09-14 01:30:00,0.0,0.0230630826375346,0.7861438861094506,25.191387344112975,0.10966666666666668,-1.5876482271807542
2021-09-14 02:00:00,0.0,0.0313035540072458,0.8746645809070894,28.02796618167562,0.10966666666666668,-1.591231592805015
2021-09-14 02:30:00,0.0,0.0307857511716288,0.6082836881655257,19.49199157360104,0.10966666666666668,-1.5889921053280145
2021-09-14 03:00:00,0.0,2.541114567201921e-05,0.4592234329312907,14.715468225182908,0.11033333333333334,-1.5777730754987132
2021-09-14 03:30:00,0.0,2.618656119674144e-05,0.4592234329312907,14.715468225182908,0.11033333333333334,-1.5540993642263394
2021-09-14 04:00:00,0.0,2.6650985973610524e-05,0.5785333237501669,18.53866360545415,0.11033333333333334,-1.5143762646123795
2021-09-14 04:30:00,0.0,2.4544708661653435e-05,0.6082836881655257,19.49199157360104,0.11033333333333334,-1.455301896123436
2021-09-14 05:00:00,0.0,2.399844920328174e-05,0.4293184765053306,13.757186472762973,0.11033333333333334,-1.3762087594048278
2021-09-14 05:30:00,0.0,2.4305123741553115e-05,0.6973509134343163,22.34608356751765,0.11033333333333334,-1.284021682248915
2021-09-14 06:00:00,0.0,2.315705943392293e-05,0.5189402147484514,16.629047416321633,0.11033333333333334,-1.1962784579684071
2021-09-14 06:30:00,0.0,2.2857211376259688e-05,0.4890973205177925,15.672754400097304,0.11033333333333334,-1.135446313729775
2021-09-14 07:00:00,0.0,2.223232956253881e-05,0.3993823754895381,12.79790671547395,0.11,-1.11614700792568
2021-09-14 07:30:00,0.0,2.1615254675085757e-05,0.5785333237501669,18.53866360545415,0.11,-1.1369313442228215
2021-09-14 08:00:00,0.0,2.126252410024619e-05,0.339416435345854,10.876343433859718,0.11,-1.1842235102223055
2021-09-14 08:30:00,0.0,2.1583454371428903e-05,0.4890973205177925,15.672754400097304,0.11,-1.2426787428571555
2021-09-14 09:00:00,0.0,2.275789808853537e-05,0.548752190841335,17.58434968416209,0.11,-1.3023019012902917
2021-09-14 09:30:00,0.0,2.2923596763138143e-05,1.0801649494693886,34.61307035316582,0.11,-1.3601944181889514
2021-09-14 10:00:00,0.0,2.7482082813501057e-05,2.14289090323787,68.66732125437609,0.11033333333333334,-1.4192691589673312
2021-09-14 10:30:00,0.0,3.239131313461301e-05,3.1412340770918976,100.65847457793764,0.11033333333333334,-1.4844384077634174
2021-09-14 11:00:00,0.0,0.0548050961060162,4.001361376156656,128.2206045376551,0.10966666666666668,-1.5575119550742216
2021-09-14 11:30:00,0.0,3.8822256168481984e-05,4.474582285801881,143.3846113369736,0.10966666666666668,-1.635263790818342
2021-09-14 12:00:00,0.0,0.1202406451425209,5.043113908133673,161.60277797109424,0.10933333333333334,-1.7120761761739396
2021-09-14 12:30:00,0.0,0.2653346368065793,5.424769485208189,173.8326428139107,0.10933333333333334,-1.7827603256962712
2021-09-14 13:00:00,0.0,0.3721124510120126,5.348817285023494,171.3988118978437,0.10833333333333334,-1.842868214057885
2021-09-14 13:30:00,0.0,0.3488770661899827,5.776756619290977,185.11180479875537,0.10833333333333334,-1.888401317815908
2021-09-14 14:00:00,0.0,0.3896754696804381,5.651507652766805,181.0982962211144,0.107,-1.916029498462693
2021-09-14 14:30:00,0.0,0.3443230927463205,6.075301422131091,194.67844762432847,0.107,-1.9232131477577656
2021-09-14 15:00:00,0.0,0.1445575415251217,5.801745596772859,185.91255771714893,0.105,-1.9090657698944031
2021-09-14 15:30:00,0.0,0.3817887694162498,5.901500132927111,189.1091165201823,0.105,-1.8765818705497337
2021-09-14 16:00:00,0.0,0.3304386532507492,6.000934388982199,192.29541218922824,0.105,-1.8336434844025928
2021-09-14 16:30:00,0.0,0.2357267765020732,6.272747724619043,201.0054653287496,0.105,-1.7900202271820855
2021-09-14 17:00:00,0.0,0.2007612101048571,5.374155550734811,172.21075749386014,0.10366666666666667,-1.7522369429967375
2021-09-14 17:30:00,0.0,0.1043943087969368,4.682551980807447,150.04884321016132,0.10366666666666667,-1.7211144038640258
2021-09-14 18:00:00,0.0,0.1799963760372372,4.396224625047313,140.87369925290747,0.10366666666666667,-1.6938516996448914
2021-09-14 18:30:00,0.0,0.0595049603683273,3.8951854045600554,124.81827568362762,0.10366666666666667,-1.6680015021803785
2021-09-14 19:00:00,0.0,0.0577141277862786,3.113951908845816,99.78423809271156,0.103,-1.643622568750938
2021-09-14 19:30:00,0.0,0.0548089618487599,2.7569842001050504,88.3454773529541,0.103,-1.6223256895270806
2021-09-14 20:00:00,0.0,0.0761506778726876,2.423611074104583,77.66278720477133,0.103,-1.6048282628688972
2021-09-14 20:30:00,0.0,0.0499217192985097,1.944778226682454,62.31895009603115,0.103,-1.5895433454638743
2021-09-14 21:00:00,0.0,0.0469250822406772,1.7453163307292523,55.92734422065492,0.103,-1.573362411427862
2021-09-14 21:30:00,0.0,3.700612199468409e-05,1.5444831915122788,49.49179789008844,0.103,-1.5540142138861623
2021-09-14 22:00:00,0.0,0.0476008050987635,1.28421791405228,41.151793556829475,0.103,-1.5320224039314292
2021-09-14 22:30:00,0.0,0.0466087467104852,1.2551551982414202,40.22050076908487,0.103,-1.5105611475373724
2021-09-14 23:00:00,0.0,3.649629532168442e-05,1.1677920512736484,37.421014677858814,0.103,-1.4935145299528825
2021-09-14 23:30:00,0.0,3.5947332179102164e-05,0.9629149519848714,30.855882699711856,0.103,-1.4837295128349883
2021-09-15 00:00:00,0.0,3.586361836441259e-05,0.8639142057843994,27.68347852668609,0.10266666666666667,-1.4829019080014785
2021-09-15 00:30:00,0.0,0.0434065626525696,0.7754804703896985,24.84968623754203,0.10266666666666667,-1.4931461613127472
2021-09-15 01:00:00,0.0,3.473896702563498e-05,0.5085407016285001,16.295802869332427,0.103,-1.5179920870972017
2021-09-15 01:30:00,0.0,3.536052203677899e-05,0.6571457184151269,21.05773844537166,0.103,-1.5590510026013769
2021-09-15 02:00:00,0.0,0.044756180171881,0.6274859897795335,20.107314832363382,0.103,-1.6093477398029306
2021-09-15 02:30:00,0.0,0.0753502555212309,0.4787274144403374,15.340458588433544,0.103,-1.6522885007110657
2021-09-15 03:00:00,0.0,0.0771711548855864,0.4190079577659685,13.42679368351492,0.10233333333333333,-1.6721186122403828
2021-09-15 03:30:00,0.0,0.0742507209578243,0.448883191576046,14.384122997147491,0.10233333333333333,-1.6662720534328952
2021-09-15 04:00:00,0.0,0.072054025565971,0.3891016374747106,12.468468227061145,0.10233333333333333,-1.6454044866217576
2021-09-15 04:30:00,0.0,0.0494400670702659,0.2991953983483755,9.587490667479097,0.10233333333333333,-1.6222446856124737
2021-09-15 05:00:00,0.0,0.0729486398818165,0.3591641548999302,11.50914419875734,0.10233333333333333,-1.6023181048134472
2021-09-15 05:30:00,0.0,0.0763595234790671,0.0883118678626188,2.8298871360803552,0.10233333333333333,-1.5831688629087353
2021-09-15 06:00:00,0.0,0.0507676017667702,1.5330821798863694,49.12646107954047,0.102,-1.5582188578821985
2021-09-15 06:30:00,0.0,0.0145044778773475,0.5085407016285001,16.295802869332427,0.102,-1.5213218363493313
2021-09-15 07:00:00,0.0,2.437321212789204e-05,0.4787274144403374,15.340458588433544,0.102,-1.4713373359995223
2021-09-15 07:30:00,0.0,2.3795567379061236e-05,0.2391010763071291,7.661813484877264,0.102,-1.4145597959542102
2021-09-15 08:00:00,0.0,2.3490987901771723e-05,0.2391010763071291,7.661813484877264,0.10166666666666667,-1.3619348155114628
2021-09-15 08:30:00,0.2,2.3424701532556037e-05,0.0580585337151264,1.8604418825758893,0.10166666666666667,-1.3227567034519914
2021-09-15 09:00:00,0.2,2.2362560540125316e-05,0.0277731854863511,0.8899707620052135,0.102,-1.3000961360290977
2021-09-15 09:30:00,0.4,2.0911709180219547e-05,-0.0632757361330643,-2.027623195418433,0.102,-1.291993998024916
2021-09-15 10:00:00,0.4,2.022075087988744e-05,0.0580585337151264,1.8604418825758893,0.11133333333333334,-1.296837361190334
2021-09-15 10:30:00,0.8,1.878127841754612e-05,-0.0328938699093484,-1.0540592285645425,0.11133333333333334,-1.3163042929747333
2021-09-15 11:00:00,1.8,0.0029285944416787,-0.0632757361330643,-2.027623195418433,0.13466666666666668,-1.3510059999380672
2021-09-15 11:30:00,0.2,0.0062616096794486,-0.1546156492536529,-4.954541755817974,0.13466666666666668,-1.394240788313534
2021-09-15 12:00:00,0.4,0.0122479233765523,0.1487228089158731,4.765710135895719,0.13933333333333334,-1.4338524083423063
2021-09-15 12:30:00,0.0,0.0071787690564943,-0.2156716594306727,-6.911035508720188,0.13933333333333334,-1.4612076410508144
2021-09-15 13:00:00,0.0,0.0141340312044293,0.2090066358507404,6.697459859750066,0.139,-1.476400417172426
2021-09-15 13:30:00,0.0,0.0290940222437978,1.1858773031475738,38.00054292099835,0.139,-1.4853056002702916
2021-09-15 14:00:00,0.0,0.1070500573783266,2.8546291317153374,91.47443547098707,0.136,-1.4933701528056509
2021-09-15 14:30:00,0.0,0.1748065006131102,4.277487410704059,137.06885485796496,0.136,-1.501186024828429
2021-09-15 15:00:00,0.0,0.2722510580693502,5.257868322802145,168.4844210638684,0.13033333333333333,-1.5044246388370752
2021-09-15 15:30:00,0.0,0.0612431429764943,5.51072008122525,176.58686477630312,0.13033333333333333,-1.498725775172912
2021-09-15 16:00:00,0.0,0.0764154189208095,4.066992895700524,130.32371703401324,0.12733333333333333,-1.4853839952596966
2021-09-15 16:30:00,0.0,0.0293580023644909,3.8017901017246016,121.82549371149754,0.12733333333333333,-1.4716882132117572
2021-09-15 17:00:00,0.0,0.0342912191115633,4.172423621385091,133.70216504540065,0.12666666666666668,-1.466234515817158
2021-09-15 17:30:00,0.0,0.0288025662729041,4.146100461825841,132.85865926955643,0.12666666666666668,-1.4745773625778085
2021-09-15 18:00:00,0.0,0.0411859125778638,4.56454591407354,146.26742788839258,0.12566666666666668,-1.4970060622672103
2021-09-15 18:30:00,0.0,0.0375655358633115,4.434401839762507,142.09705927720196,0.12566666666666668,-1.52785461853105
2021-09-15 19:00:00,0.0,0.0239010485484379,4.251255693976328,136.2282792986235,0.12466666666666669,-1.557608194113934
2021-09-15 19:30:00,0.0,2.275789808853537e-05,3.96119210426916,126.93341054514468,0.12466666666666669,-1.5778503012869054
2021-09-15 20:00:00,0.0,0.0283968587779801,3.855018078519715,123.53114404432031,0.124,-1.585372293021993
2021-09-15 20:30:00,0.0,2.1971071472423815e-05,3.318435710337632,106.33676713986851,0.124,-1.582939700476314
2021-09-15 21:00:00,0.0,0.0184892817493274,2.7995843213457583,89.7105660778589,0.12333333333333334,-1.5772172024736475
2021-09-15 21:30:00,0.0,0.0306309357570161,2.159085574692004,69.18626727522569,0.12333333333333334,-1.5749262937200543
2021-09-15 22:00:00,0.0,2.3626584162443343e-05,2.0179830279101543,64.66474268662448,0.12333333333333334,-1.578676308896564
2021-09-15 22:30:00,0.0,2.2004533985472384e-05,1.7337227175939265,55.555835640138994,0.12333333333333334,-1.5857722210027376
2021-09-15 23:00:00,0.0,1.975561857669765e-05,1.4755017614591484,47.28134004042031,0.12333333333333334,-1.5914635648375812
2021-09-15 23:30:00,0.0,2.009530026817553e-05,1.1858773031475738,38.00054292099835,0.12333333333333334,-1.592992093906429
2021-09-16 00:00:00,0.0,1.827241332264384e-05,1.2038481516476125,38.57640519438862,0.12333333333333334,-1.5903385015720324
2021-09-16 00:30:00,0.0,0.013261241912798,0.9997819050548578,32.03725637874592,0.12333333333333334,-1.5843548193751709
2021-09-16 01:00:00,0.0,1.857077609191727e-05,0.8237155884609929,26.395344181835743,0.12300000000000001,-1.5753924388452392
2021-09-16 01:30:00,0.0,1.869115537551585e-05,0.8825235893925034,28.27980217556284,0.12300000000000001,-1.563167893433936
2021-09-16 02:00:00,0.0,1.8510808411829375e-05,0.6169388600487496,19.76934002252075,0.12300000000000001,-1.5469482204872695
2021-09-16 02:30:00,0.0,0.0123250527455151,0.5278641206758721,16.915007244811328,0.12300000000000001,-1.5258414019002606
2021-09-16 03:00:00,0.0,1.836207632996774e-05,0.4981111821122141,15.961596790025508,0.12300000000000001,-1.4994970630987452
2021-09-16 03:30:00,0.0,1.8184159407586825e-05,0.2889739104114463,9.25995080308268,0.12300000000000001,-1.468200763777847
2021-09-16 04:00:00,0.0,1.8213182570763337e-05,0.3787906447402294,12.138060248997332,0.12300000000000001,-1.4313543368404826
2021-09-16 04:30:00,0.0,1.7625775123521336e-05,0.1988751818290767,6.3728050641987215,0.12300000000000001,-1.38647059651333
2021-09-16 05:00:00,0.0,1.794792707733554e-05,0.3787906447402294,12.138060248997332,0.12333333333333335,-1.3321843020688349
2021-09-16 05:30:00,0.0,1.7683537593236434e-05,0.3787906447402294,12.138060248997332,0.12333333333333335,-1.2734120556367514
2021-09-16 06:00:00,0.0,1.7364006490877123e-05,0.4086672466646928,13.095433402822565,0.12333333333333335,-1.221305904826825
2021-09-16 06:30:00,0.0,1.7393058651800557e-05,0.2589724357064554,8.298576195276075,0.12333333333333335,-1.1863419259555938
2021-09-16 07:00:00,0.0,1.6646770254289465e-05,0.4981111821122141,15.961596790025508,0.12366666666666669,-1.172438293609504
2021-09-16 07:30:00,0.0,1.6055878204893987e-05,0.4086672466646928,13.095433402822565,0.12366666666666669,-1.1783781640857924
2021-09-16 08:00:00,0.0,1.6704056501194156e-05,0.2889739104114463,9.25995080308268,0.12366666666666669,-1.2026907964531854
2021-09-16 08:30:00,0.0,1.6646770254289465e-05,0.3189440526021393,10.22032138412257,0.12366666666666669,-1.2448454986820647
2021-09-16 09:00:00,0.0,1.7364006490877123e-05,0.3787906447402294,12.138060248997332,0.12300000000000001,-1.3013022320892351
2021-09-16 09:30:00,0.0,1.893147890701779e-05,0.8825235893925034,28.27980217556284,0.12300000000000001,-1.3614195089060517
2021-09-16 10:00:00,0.0,0.0296293995288972,2.062560391054979,66.09319063566078,0.12333333333333335,-1.408993870800539
2021-09-16 10:30:00,0.0,0.0589031103658059,3.0063262609777457,96.3354554569738,0.12333333333333335,-1.430347794083192
2021-09-16 11:00:00,0.0,0.0656911049119,3.467173825178093,111.10296774256273,0.12200000000000001,-1.424915894465713
2021-09-16 11:30:00,0.0,0.042828788181997,4.342009411069908,139.1364136498765,0.12200000000000001,-1.4108499940105297
2021-09-16 12:00:00,0.0,0.0991283507612529,4.524362881698508,144.97979295144728,0.12133333333333335,-1.4172519528009513
2021-09-16 12:30:00,0.0,0.1299172117400955,5.090454213993215,163.11976233358595,0.12133333333333335,-1.4644043120225312
2021-09-16 13:00:00,0.0,0.2371426749146234,5.090454213993215,163.11976233358595,0.12066666666666669,-1.5498217952737907
2021-09-16 13:30:00,0.0,0.1379271642826336,5.3190465876066435,170.44483237401406,0.12066666666666669,-1.653733006819224
2021-09-16 14:00:00,0.0,0.1480011832216756,5.192261402471631,166.38209683073148,0.12000000000000001,-1.75345325526146
2021-09-16 14:30:00,0.0,0.1521048966836979,5.090454213993215,163.11976233358595,0.12000000000000001,-1.831169581158039
2021-09-16 15:00:00,0.0,0.1709117941541085,5.090454213993215,163.11976233358595,0.11866666666666668,-1.8765083473488609
2021-09-16 15:30:00,0.0,0.250507281527057,5.445310294460988,174.49085753947404,0.11866666666666668,-1.8895555853113144
2021-09-16 16:00:00,0.0,0.2642819757315734,5.970040348856978,191.3054359963578,0.11766666666666668,-1.880492016312031
2021-09-16 16:30:00,0.0,0.2371182719536881,5.671287540008087,181.73212777526408,0.11766666666666668,-1.86301142180573
2021-09-16 17:00:00,0.0,0.1806411395602475,5.3190465876066435,170.44483237401406,0.11666666666666668,-1.8468131336160885
2021-09-16 17:30:00,0.0,0.182307233283912,4.808723320647861,154.0919085443908,0.11666666666666668,-1.83389410733766
2021-09-16 18:00:00,0.0,0.0760720049066852,5.420099018386321,173.6829812304953,0.11533333333333334,-1.8185157911848064
2021-09-16 18:30:00,0.0,0.0659087606337333,4.962716894044539,159.02651634899786,0.11533333333333334,-1.7917958667125216
2021-09-16 19:00:00,0.0,0.0608566298015186,4.962716894044539,159.02651634899786,0.11466666666666668,-1.7510726006124098
2021-09-16 19:30:00,0.0,2.600969466871188e-05,4.105928205926444,131.57136965663733,0.11466666666666668,-1.7063732691522635
2021-09-16 20:00:00,0.0,0.0387076375866953,3.654885978275412,117.11806197839532,0.11533333333333334,-1.674996625342975
2021-09-16 20:30:00,0.0,2.2923596763138143e-05,3.033633340263062,97.210490197646,0.11533333333333334,-1.667212085990002
2021-09-16 21:00:00,0.0,2.2362560540125316e-05,2.565957255978031,82.22416314102117,0.115,-1.6771650272396583
2021-09-16 21:30:00,0.0,2.579746768048764e-05,2.2873561766609,73.29660187955935,0.115,-1.6877746472174926
2021-09-16 22:00:00,0.0,2.1809250752999217e-05,2.1189208551108485,67.89921915793525,0.11466666666666668,-1.6834229239840612
2021-09-16 22:30:00,0.0,2.062780123516919e-05,1.6077283823012516,51.51844228301516,0.11466666666666668,-1.659041853254132
2021-09-16 23:00:00,0.0,2.110339745933009e-05,1.3487358278922974,43.2192213991058,0.116,-1.6222679515919178
2021-09-16 23:30:00,0.0,2.475219446351143e-05,1.2618899967303918,40.43631230233975,0.116,-1.5901783255983473
2021-09-17 00:00:00,0.0,0.0398157165046427,1.192697736991779,38.21909857456271,0.11566666666666668,-1.5798462046349326
2021-09-17 00:30:00,0.0,0.0401228186028199,1.1636613913456482,37.28865079883912,0.11566666666666668,-1.596053154184505
2021-09-17 01:00:00,0.0,2.3626584162443343e-05,1.4527265618325331,46.55152596214396,0.11533333333333334,-1.6273590241443447
2021-09-17 01:30:00,0.0,2.1550467758537072e-05,1.1345959449928953,36.357270512940936,0.11533333333333334,-1.6556391751767865
2021-09-17 02:00:00,0.0,2.0533416771586302e-05,0.930317186629816,29.811311918050414,0.11566666666666668,-1.6690448150203798
2021-09-17 02:30:00,0.0,2.0785433699432163e-05,0.959588279309876,30.749281985257884,0.11566666666666668,-1.6655672024507675
2021-09-17 03:00:00,0.0,2.0690509585885414e-05,0.6950747707625232,22.27314629393613,0.11566666666666668,-1.646734211005093
2021-09-17 03:30:00,0.0,2.5236673719742934e-05,0.6655341847443029,21.326540516156832,0.11566666666666668,-1.6111911683038922
2021-09-17 04:00:00,0.0,0.0373602789813938,0.930317186629816,29.811311918050414,0.11566666666666668,-1.5560343773683465
2021-09-17 04:30:00,0.0,0.032959964366458,0.959588279309876,30.749281985257884,0.11566666666666668,-1.4842991617727246
2021-09-17 05:00:00,0.0,0.0232346535341475,0.8423256756122834,26.991690375222777,0.11633333333333334,-1.41026561955569
2021-09-17 05:30:00,0.0,2.0033951075235626e-05,0.7245851253177084,23.218783327305204,0.11633333333333334,-1.3556419904951884
2021-09-17 06:00:00,0.0,1.9878321150995864e-05,0.7835154298825945,25.10716044863273,0.116,-1.3378732842742884
2021-09-17 06:30:00,0.0,2.0033951075235626e-05,0.6359632944859461,20.378963661880043,0.116,-1.3601178302720005
2021-09-17 07:00:00,0.0,1.9693911247200987e-05,0.98882978426195,31.68630393605881,0.116,-1.4117929229213255
2021-09-17 07:30:00,0.0,1.9693911247200987e-05,0.5767303088674833,18.480887354694687,0.116,-1.4776858993767363
2021-09-17 08:00:00,0.0,1.963234950156774e-05,0.5767303088674833,18.480887354694687,0.116,-1.5457182593438716
2021-09-17 08:30:00,0.0,2.0880683040757896e-05,1.0180417717815125,32.62238002301859,0.116,-1.6081553767336778
2021-09-17 09:00:00,0.0,2.2593081150686816e-05,1.3663085225481335,43.78232513313823,0.116,-1.6599720010183074
2021-09-17 09:30:00,0.0,0.0008905799659398,2.4424920111220207,78.26781257764544,0.116,-1.6990197583743267
2021-09-17 10:00:00,0.0,0.0017363402260612,3.4001000631609757,108.95363967494632,0.11533333333333334,-1.7275576648110702
2021-09-17 10:30:00,0.0,0.0925310019543471,3.9073398996244135,125.20775730213089,0.11533333333333334,-1.7519094074027606
2021-09-17 11:00:00,0.0,0.0943065325160149,4.223345490053154,135.33391788425007,0.114,-1.7789747820295618
2021-09-17 11:30:00,0.0,0.1751876783073738,4.691245554660133,150.32742222120152,0.114,-1.8115618586694824
2021-09-17 12:00:00,0.0,0.2601049892713847,5.202831106096386,166.72079500396458,0.114,-1.8464546978318197
2021-09-17 12:30:00,0.0,0.1906917989417452,5.455452483503926,174.81585633067786,0.114,-1.8771860006478345
2021-09-17 13:00:00,0.0,0.1852222054295122,5.024749304113028,161.01429809930534,0.113,-1.8984359119998369
2021-09-17 13:30:00,0.0,0.2348175681211955,5.075735664247516,162.6481175185096,0.113,-1.907373605849961
2021-09-17 14:00:00,0.0,0.2389460275857311,5.354653190271807,171.58581907580617,0.11266666666666668,-1.9020864689098
2021-09-17 14:30:00,0.0,0.2545160684758733,5.40509415616711,173.2021617483521,0.11266666666666668,-1.8806797696023552
2021-09-17 15:00:00,0.0,0.1875972580223658,5.228187031670283,167.53330649694544,0.11133333333333334,-1.8428748163105184
2021-09-17 15:30:00,0.0,0.2398719768052162,5.455452483503926,174.81585633067786,0.11133333333333334,-1.7925954495861434
2021-09-17 16:00:00,0.0,0.2115339479888882,5.278836061832411,169.1563164318471,0.11066666666666668,-1.7381547979030867
2021-09-17 16:30:00,0.0,0.1935882526671051,4.613761689089525,147.84451024414824,0.11066666666666668,-1.6881254534166548
2021-09-17 17:00:00,0.0,0.181187831013485,4.691245554660133,150.32742222120152,0.11,-1.64617690695448
2021-09-17 17:30:00,0.0,0.1766942929232088,4.639611597210921,148.67285103493975,0.11,-1.6104762752250272
2021-09-17 18:00:00,0.0,0.1703577383911551,3.561210924972329,114.11631561372302,0.10933333333333334,-1.5782877103896271
2021-09-17 18:30:00,0.0,0.115339112221841,3.2922080079090605,105.49632021571313,0.10933333333333334,-1.550394168455081
2021-09-17 19:00:00,0.0,0.0767804627261253,2.8566870020917157,91.54037837364308,0.10866666666666668,-1.530717016351048
2021-09-17 19:30:00,0.0,0.0798471172116557,2.3868243837002607,76.4839854822655,0.10866666666666668,-1.5222088414358823
2021-09-17 20:00:00,0.0,0.0754450214896974,2.0787555441766026,66.61215209118144,0.10866666666666668,-1.523700349170661
2021-09-17 20:30:00,0.0,0.0740091486637408,1.5961890080510444,51.14867174662613,0.10866666666666668,-1.530529148677796
2021-09-17 21:00:00,0.0,0.0596208075645758,1.1055013290747366,35.424955510340396,0.108,-1.5374446384791
2021-09-17 21:30:00,0.0,0.0418347257195252,1.3663085225481335,43.78232513313823,0.108,-1.5410297320869883
2021-09-17 22:00:00,0.0,0.0413796492156406,1.0472243119219455,33.55751249094498,0.108,-1.540704715386339
2021-09-17 22:30:00,0.0,0.0616227540365766,0.9010164356830704,28.872391474077027,0.108,-1.538593369267568
2021-09-17 23:00:00,0.0,0.0818868548638119,0.7245851253177084,23.218783327305204,0.108,-1.5381097720923804
2021-09-17 23:30:00,0.0,0.0917086154955982,0.4876517145246087,15.626431047381956,0.108,-1.5411431410548566
2021-09-18 00:00:00,0.0,0.1010166908633726,0.2983503872366983,9.560412924332498,0.10733333333333334,-1.5456967150618832
2021-09-18 00:30:00,0.0,0.1054127931791046,0.3878954825957207,12.429817904530498,0.10733333333333334,-1.5469936043991035
2021-09-18 01:00:00,0.0,0.1043724061847009,0.5365200354036272,17.192379497623243,0.10666666666666667,-1.541889150734831
2021-09-18 01:30:00,0.0,0.1013324335229647,0.5068565038287554,16.24183402229675,0.10666666666666667,-1.5321133768109745
2021-09-18 02:00:00,0.0,0.0769337170720025,0.1184173659935186,3.794595096039453,0.10666666666666667,-1.523142436020902
2021-09-18 02:30:00,0.0,0.1033854841878144,0.2684398438724832,8.60195214269395,0.10666666666666667,-1.520434811783589
2021-09-18 03:00:00,0.0,0.0954338106436013,0.3580781310404732,11.474343384056708,0.10633333333333334,-1.526284137707795
2021-09-18 03:30:00,0.0,0.0951172295306006,0.3580781310404732,11.474343384056708,0.10633333333333334,-1.5383449353723024
2021-09-18 04:00:00,0.0,0.1029194559000583,0.2983503872366983,9.560412924332498,0.10566666666666667,-1.5502548433386218
2021-09-18 04:30:00,0.0,0.0789258629288965,0.0581877187121276,1.8645815182787289,0.10566666666666667,-1.5551077759569012
2021-09-18 05:00:00,0.0,0.0921894818957373,0.1785206156184874,5.720558356321941,0.106,-1.5501928962860174
2021-09-18 05:30:00,0.0,0.099961569985334,0.2085250344256125,6.682027305658835,0.106,-1.539336476351613
2021-09-18 06:00:00,0.0,0.058337970056268,0.0280253018034153,0.898049639054511,0.10566666666666667,-1.530693399754156
2021-09-18 06:30:00,0.0,0.1018001491404344,0.0883183808202583,2.830095838891063,0.10566666666666667,-1.5316484362135911
2021-09-18 07:00:00,0.0,0.1120639620601663,0.1484847518214102,4.758081776020905,0.10533333333333333,-1.5446873590211
2021-09-18 07:30:00,0.0,0.0961840945655621,-0.032395109267277,-1.0380768203204227,0.10533333333333333,-1.5674231465573352
2021-09-18 08:00:00,0.0,0.0730370943444797,0.3282297910623631,10.51787586296648,0.10466666666666667,-1.5967121856044717
2021-09-18 08:30:00,0.0,0.0702779024688466,0.566153025578579,18.14194629684602,0.10466666666666667,-1.6328179499169744
2021-09-18 09:00:00,0.0,0.0721524121046604,0.8901210508415728,28.523257092120986,0.10466666666666667,-1.678747523567345
2021-09-18 09:30:00,0.0,0.0710451154736783,1.7556870809666192,56.25966708278577,0.10466666666666667,-1.7343816610476692
2021-09-18 10:00:00,0.0,0.1288950404300578,2.2908888363275057,73.409803291653,0.10466666666666667,-1.791296884130668
2021-09-18 10:30:00,0.0,0.0927408492097167,3.225013892419002,103.34313551191518,0.10466666666666667,-1.8349497840802285
2021-09-18 11:00:00,0.0,0.1665812658791204,4.0519077304371365,129.84032430144285,0.10433333333333333,-1.8541761206198797
2021-09-18 11:30:00,0.0,0.2513708948130284,4.418018350689243,141.57206273829206,0.10433333333333333,-1.8495982659302073
2021-09-18 12:00:00,0.0,0.2056609086703273,4.392014090986468,140.73877586760042,0.104,-1.833012935736295
2021-09-18 12:30:00,0.0,0.2222830804605182,4.418018350689243,141.57206273829206,0.104,-1.8193926620654983
2021-09-18 13:00:00,0.0,0.26766408450564,4.5735771793963735,146.55682796765907,0.10366666666666667,-1.819014939328364
2021-09-18 13:30:00,0.0,0.2371636833527167,4.933481092589544,158.08967716245505,0.10366666666666667,-1.834397728184757
2021-09-18 14:00:00,0.0,0.2595486215086993,4.4699600089024045,143.23649396324103,0.10333333333333333,-1.861073466920712
2021-09-18 14:30:00,0.0,0.1841918052399831,4.521812828577765,144.89807842431333,0.10333333333333333,-1.88962704043162
2021-09-18 15:00:00,0.0,0.1586611287994961,4.156964383066891,133.20678542418904,0.103,-1.908107013736916
2021-09-18 15:30:00,0.0,0.2138156673609022,4.339938476852236,139.07005212628857,0.103,-1.90672794154664
2021-09-18 16:00:00,0.0,0.1610565083908981,4.521812828577765,144.89807842431333,0.102,-1.8844283915876583
2021-09-18 16:30:00,0.0,0.1805800125264172,4.625253428790839,148.2127543673789,0.102,-1.8506585849328656
2021-09-18 17:00:00,0.0,0.0087499471280501,4.078206226851699,130.6830397654346,0.10133333333333333,-1.8180723149876885
2021-09-18 17:30:00,0.0,0.0859784844018254,4.156964383066891,133.20678542418904,0.10133333333333333,-1.7929876027068985
2021-09-18 18:00:00,0.0,0.1176504832084223,4.209355859138491,134.88563072282912,0.10099999999999999,-1.7734891532585573
2021-09-18 18:30:00,0.0,0.0598482283955688,3.6012786586360006,115.4002558905056,0.10099999999999999,-1.7551836694251246
2021-09-18 19:00:00,0.0,0.062475834708019,2.8713184945153727,92.00923350255708,0.10099999999999999,-1.7364934057928154
2021-09-18 19:30:00,0.0,0.041451806882438,2.3187888600859012,74.30383849033143,0.10099999999999999,-1.718336390119932
2021-09-18 20:00:00,0.0,0.0378536596765976,1.7556870809666192,56.25966708278577,0.10099999999999999,-1.70106149519277
2021-09-18 20:30:00,2.2,0.0125913833009834,1.3549620580274715,43.41873624339847,0.10099999999999999,-1.6834552331266666
2021-09-18 21:00:00,1.0,0.0208532896116712,1.5846219524230931,50.77801418138488,0.17533333333333334,-1.6642511395288668
2021-09-18 21:30:00,0.8,0.0169851480119368,1.2972626715939175,41.56980296432829,0.17533333333333334,-1.6436783505073609
2021-09-18 22:00:00,0.0,2.475219446351143e-05,1.152510621148435,36.93133278595811,0.18133333333333335,-1.623311992792103
2021-09-18 22:30:00,0.0,2.3558714866712376e-05,0.9486357686064654,30.398317048183063,0.18133333333333335,-1.6046834525290006
2021-09-18 23:00:00,0.0,0.0198215711227156,0.8901210508415728,28.523257092120986,0.17533333333333334,-1.5879617087077635
2021-09-18 23:30:00,0.0,0.0150976641141957,0.9486357686064654,30.398317048183063,0.17533333333333334,-1.5718004853298944
2021-09-19 00:00:00,0.0,2.2264834702587182e-05,0.6736579018496797,21.586858897933386,0.17200000000000001,-1.554350731834905
2021-09-19 00:30:00,0.0,2.1777238958862854e-05,0.5851194802848365,18.749712019498205,0.17200000000000001,-1.5345919703114386
2021-09-19 01:00:00,0.0,2.1550467758537072e-05,0.4369476921736506,14.001658929304684,0.17033333333333334,-1.5130500637216495
2021-09-19 01:30:00,0.0,0.0067457740390342,0.4666431674925753,14.953228017793952,0.17033333333333334,-1.49153687279771
2021-09-19 02:00:00,0.0,0.0069061224242572,0.4666431674925753,14.953228017793952,0.16866666666666666,-1.4720246283004883
2021-09-19 02:30:00,0.0,2.1165977399399305e-05,0.3476767275610336,11.141038261924797,0.16866666666666666,-1.4550058444495144
2021-09-19 03:00:00,0.0,2.0975061376302337e-05,0.3476767275610336,11.141038261924797,0.16733333333333333,-1.4381495087643168
2021-09-19 03:30:00,0.0,2.0314055965768233e-05,0.3178579775230086,10.185518928126164,0.16733333333333333,-1.4163285434070658
2021-09-19 04:00:00,0.0,1.9940463453652268e-05,0.0480848415297566,1.5408424459689098,0.16633333333333333,-1.383533479731109
2021-09-19 04:30:00,0.0,1.9601623174089498e-05,0.138291699237038,4.431453101030378,0.16633333333333333,-1.3362042192973465
2021-09-19 05:00:00,0.0,1.9909374037218365e-05,0.1682976230640498,5.392970277593353,0.166,-1.2769371776152905
2021-09-19 05:30:00,0.0,2.0002751953599464e-05,0.138291699237038,4.431453101030378,0.166,-1.2160841420112232
2021-09-19 06:00:00,0.0,1.9601623174089498e-05,0.1082543124804842,3.468927718642649,0.16533333333333333,-1.167762090527739
2021-09-19 06:30:00,0.0,2.018933319552581e-05,0.1982721607826603,6.353481710007027,0.16533333333333333,-1.1412570538852926
2021-09-19 07:00:00,0.0,1.9448536208447185e-05,0.2282153889426158,7.312989851250235,0.16466666666666666,-1.135609897183226
2021-09-19 07:30:00,0.0,1.92346147380746e-05,0.1082543124804842,3.468927718642649,0.16466666666666666,-1.1429860955003663
2021-09-19 08:00:00,0.0,0.0089843212682681,0.138291699237038,4.431453101030378,0.164,-1.1566725309830896
2021-09-19 08:30:00,0.0,0.0099177632084039,0.1682976230640498,5.392970277593353,0.164,-1.175782092887084
2021-09-19 09:00:00,0.0,2.0659729196298585e-05,0.3178579775230086,10.185518928126164,0.16333333333333333,-1.203638341875347
2021-09-19 09:30:00,0.0,2.5306633599255708e-05,1.5158366176895963,48.57384005819551,0.16333333333333333,-1.2424677195522011
2021-09-19 10:00:00,0.0,0.0581336175974264,2.967694780186369,95.09753881920868,0.16266666666666665,-1.2888307692246117
2021-09-19 10:30:00,0.0,0.0614700206880359,3.3466901928294877,107.24216070106796,0.16266666666666665,-1.334034751683966
2021-09-19 11:00:00,0.0,0.0014840931621074,3.561115645460412,114.11326245369332,0.16066666666666665,-1.371137879970506
2021-09-19 11:30:00,0.0,0.0612490303947492,4.038035418300888,129.3957965317083,0.16066666666666665,-1.4039363602952966
2021-09-19 12:00:00,0.0,0.1507576790471222,4.2214817012182095,135.2741941780707,0.15733333333333333,-1.4474612962413824
2021-09-19 12:30:00,0.0,0.2063921278375028,4.533393879235659,145.26918444972375,0.15733333333333333,-1.514531466351438
2021-09-19 13:00:00,0.0,0.2596235989638137,5.020795524004894,160.88760220058077,0.1536666666666667,-1.600493946967968
2021-09-19 13:30:00,0.0,0.2356189411863786,4.790893122217374,153.5205532962979,0.1536666666666667,-1.6846545826528605
2021-09-19 14:00:00,0.0,0.2011885540146546,4.944353676597657,158.4380809089184,0.14900000000000002,-1.7468257488595138
2021-09-19 14:30:00,0.0,0.1624946433945138,5.097046653012553,163.33101206510833,0.14900000000000002,-1.7792699798163951
2021-09-19 15:00:00,0.0,0.2506262534828085,5.173108226565769,165.76834776820002,0.1456666666666667,-1.784931822009879
2021-09-19 15:30:00,0.0,0.2208791449936529,5.071650728941988,162.51721885049798,0.1456666666666667,-1.7709795550876537
2021-09-19 16:00:00,0.0,0.2909249191785636,4.842132510631173,155.1624808156932,0.1436666666666667,-1.7460337950413136
2021-09-19 16:30:00,0.0,0.2271194938767371,4.9953361568662435,160.0717760007489,0.1436666666666667,-1.7194990112523652
2021-09-19 17:00:00,0.0,0.0790913151622306,4.19534326240864,134.43660763919812,0.1416666666666667,-1.6994718551180492
2021-09-19 17:30:00,0.0,0.0537072985799459,4.2736908355985745,136.947196474871,0.1416666666666667,-1.6900938914800567
2021-09-19 18:00:00,0.0,0.0728105172348615,4.429779691762164,141.9489460339448,0.14,-1.69038761666576
2021-09-19 18:30:00,0.0,0.0472563047175637,4.455716454913351,142.7800700285962,0.14,-1.695414493904616
2021-09-19 19:00:00,0.0,2.9071130245523226e-05,3.69435530444774,118.3828267388756,0.13933333333333334,-1.6992981551543993
2021-09-19 19:30:00,0.0,2.910900344618699e-05,2.994926631562129,95.97016293831118,0.13933333333333334,-1.698312726105743
2021-09-19 20:00:00,0.0,2.82896123113535e-05,2.528546746237715,81.02537159883546,0.13933333333333334,-1.6918385183656617
2021-09-19 20:30:00,0.0,2.7664506845837684e-05,1.7439293682508,55.8829000550972,0.13933333333333334,-1.6811675831385084
2021-09-19 21:00:00,0.0,2.57626807481102e-05,1.7155150844502658,54.9723857816005,0.139,-1.668008760525211
2021-09-19 21:30:00,0.0,2.668662221553466e-05,1.37236662361442,43.976452408344635,0.139,-1.6536385607315751
2021-09-19 22:00:00,0.0,2.7300506301294197e-05,1.4298395276781362,45.81812823085245,0.13933333333333334,-1.6381855207359666
2021-09-19 22:30:00,0.0,2.3592631716954487e-05,1.05421659192895,33.78157482506383,0.13933333333333334,-1.6200123266905122
2021-09-19 23:00:00,0.0,0.0240441098244028,0.9376543824694143,30.046426819636267,0.13933333333333334,-1.596830220212294
2021-09-19 23:30:00,0.0,0.0182307532206683,0.7619252357452664,24.41531897666037,0.13933333333333334,-1.5688007982584986
2021-09-20 00:00:00,0.0,0.02651775532658,0.6864746616725634,21.997562290657825,0.139,-1.5406143533300711
2021-09-20 00:30:00,0.0,0.0235836676045228,0.6274214244961115,20.10524588659861,0.139,-1.5192533917168487
2021-09-20 01:00:00,0.0,0.0159625412483798,0.5386139816935792,17.259478425694795,0.1386666666666667,-1.5085126481592452
2021-09-20 01:30:00,0.0,0.0149629365369841,0.3303242301857523,10.584990583513472,0.1386666666666667,-1.5060125618831723
2021-09-20 02:00:00,0.0,2.0975061376302337e-05,0.5089505177984068,16.30893511911318,0.1386666666666667,-1.5063578309410532
2021-09-20 02:30:00,0.0,2.1070958489315396e-05,0.5978493615794541,19.15763145537186,0.1386666666666667,-1.506271468112487
2021-09-20 03:00:00,0.0,2.0848499999645363e-05,0.4495316728556154,14.404903090191128,0.139,-1.504821392009598
2021-09-20 03:30:00,0.0,2.081754396936355e-05,0.3303242301857523,10.584990583513472,0.139,-1.4994298403641726
2021-09-20 04:00:00,0.0,2.0065186803328684e-05,0.5386139816935792,17.259478425694795,0.1386666666666667,-1.484530658865633
2021-09-20 04:30:00,0.0,2.2167424405618382e-05,0.4792564395552596,15.357410798862505,0.1386666666666667,-1.455197539732215
2021-09-20 05:00:00,0.0,2.1777238958862854e-05,0.4792564395552596,15.357410798862505,0.1386666666666667,-1.4115516365810403
2021-09-20 05:30:00,0.0,0.0220009692238571,0.7159559813277763,22.942268922576705,0.1386666666666667,-1.3606246165030966
2021-09-20 06:00:00,0.0,0.0129842885914423,0.7748283843672447,24.82879063323401,0.1386666666666667,-1.3149699020243286
2021-09-20 06:30:00,0.0,2.2923596763138143e-05,0.5978493615794541,19.15763145537186,0.1386666666666667,-1.287651211006491
2021-09-20 07:00:00,0.0,2.119852532377504e-05,0.8335809515812468,26.71147229533231,0.13833333333333334,-1.285732868906551
2021-09-20 07:30:00,0.0,2.1165977399399305e-05,0.5682469050901284,18.209043085054073,0.13833333333333334,-1.3069692710541037
2021-09-20 08:00:00,0.0,0.0116866108332825,0.5089505177984068,16.30893511911318,0.1376666666666667,-1.342078890486014
2021-09-20 08:30:00,0.0,2.1550467758537072e-05,0.4495316728556154,14.404903090191128,0.1376666666666667,-1.3806251348128908
2021-09-20 09:00:00,0.0,2.0848499999645363e-05,0.6864746616725634,21.997562290657825,0.13799999999999998,-1.416017988308977
2021-09-20 09:30:00,0.0,2.2560223421108573e-05,0.8922142545317714,28.590332224144053,0.13799999999999998,-1.4464490187428605
2021-09-20 10:00:00,0.0,0.0241868992141235,1.9560971990322416,62.68165801990999,0.137,-1.473002908697875
2021-09-20 10:30:00,0.0,0.0562789833644368,2.8734097331277626,92.07624566514528,0.137,-1.4984835767814613
2021-09-20 11:00:00,0.0,0.0699761758796775,3.4426936886555484,110.31852024857008,0.1366666666666667,-1.5268971106525906
2021-09-20 11:30:00,0.0,0.0435992234654251,3.789742926100949,121.43945106345268,0.1366666666666667,-1.561406627027394
2021-09-20 12:00:00,0.0,0.0767634229369762,4.05399957303715,129.90735581835847,0.136,-1.6016471493806324
2021-09-20 12:30:00,0.0,0.0617915850314477,3.710010656539994,118.88449067792394,0.136,-1.643617962954111
2021-09-20 13:00:00,0.0,0.1113361613251397,4.05399957303715,129.90735581835847,0.13466666666666668,-1.6830815859520063
2021-09-20 13:30:00,0.0,0.0233217454569213,4.523905280245421,144.96512945834172,0.13466666666666668,-1.7185527121303374
2021-09-20 14:00:00,0.0,0.0914030214624175,4.5497985309020015,145.7948591279525,0.13366666666666668,-1.7492933597679787
2021-09-20 14:30:00,0.0,0.2145254199836498,4.7818500845274645,153.2307759804158,0.13366666666666668,-1.7711334882560792
2021-09-20 15:00:00,0.0,0.2574419704085794,4.756153829853741,152.40735889835682,0.13233333333333333,-1.7775680106312162
2021-09-20 15:30:00,0.0,0.1597494867841591,4.73043586758729,151.58324621287667,0.13233333333333333,-1.7662753392752817
2021-09-20 16:00:00,0.0,0.2123075718589475,4.858809049889459,155.69686792654875,0.13066666666666668,-1.742949849690477
2021-09-20 16:30:00,0.0,0.0695239392038795,4.575669710980228,146.62388156254175,0.13066666666666668,-1.7179042195112857
2021-09-20 17:00:00,0.0,0.1672971111837178,4.237609608426401,135.79100078906163,0.12966666666666668,-1.699549674961779
2021-09-20 17:30:00,0.0,0.1314365028398228,4.08029809799695,130.7500721970608,0.12966666666666668,-1.6906694108022238
2021-09-20 18:00:00,0.0,0.0728884397101016,4.027678078971506,129.0639034119995,0.12933333333333333,-1.688622953901803
2021-09-20 18:30:00,0.0,0.0682608733464702,3.789742926100949,121.43945106345268,0.12933333333333333,-1.6878263205994255
2021-09-20 19:00:00,0.0,0.0482740895759267,2.8734097331277626,92.07624566514528,0.12866666666666668,-1.6830718702701777
2021-09-20 19:30:00,0.0,0.0670983148100605,2.404421993453165,77.04788760177424,0.12866666666666668,-1.6721540796123586
2021-09-20 20:00:00,0.0,0.046059172879683,2.1811148046167235,69.89217731756223,0.12833333333333333,-1.656245140051334
2021-09-20 20:30:00,0.0,2.978886092341215e-05,1.58671404270678,50.84505363513683,0.12833333333333333,-1.6385498261363918
2021-09-20 21:00:00,0.0,0.0385097524757949,1.3570544658347818,43.485785871955215,0.129,-1.6227747864401607
2021-09-20 21:30:00,0.0,0.0411620351936673,0.9507288608344586,30.46538860848391,0.129,-1.611446631645383
2021-09-20 22:00:00,0.0,0.0578215526766763,0.9799418290523124,31.40149612118007,0.12866666666666668,-1.604381210088543
2021-09-20 22:30:00,0.0,0.0419034526390382,0.9507288608344586,30.46538860848391,0.12866666666666668,-1.599006939929349
2021-09-20 23:00:00,0.0,0.0353270444507394,0.8335809515812468,26.71147229533231,0.12866666666666668,-1.5924799338686686
2021-09-20 23:30:00,0.0,0.0406064319942064,0.7454071982034367,23.88601093365042,0.12866666666666668,-1.5830743447397455
2021-09-21 00:00:00,0.0,0.0563017313994581,0.7786931059550865,24.952632718909054,0.12866666666666668,-1.5700219652940357
2021-09-21 00:30:00,0.0,0.0575765526756958,0.4819410433520698,15.443436900834255,0.12866666666666668,-1.5535698297989928
2021-09-21 01:00:00,0.0,0.0655781213938698,0.5415365472997172,17.353129834201145,0.12866666666666668,-1.535583516048853
2021-09-21 01:30:00,0.0,0.0580131216318644,0.422221802044854,13.529778897193466,0.12866666666666668,-1.5190192526730657
2021-09-21 02:00:00,0.0,0.0551670078741081,0.3923155915510473,12.571456959116128,0.128,-1.5062405887107737
2021-09-21 02:30:00,0.0,0.0378441186861354,0.3623782201885025,11.612136494524457,0.128,-1.4981267540063268
2021-09-21 03:00:00,0.0,0.0397049760165347,0.3923155915510473,12.571456959116128,0.128,-1.4943299517734123
2021-09-21 03:30:00,0.0,0.0519947473214776,0.3623782201885025,11.612136494524457,0.128,-1.4931986958781456
2021-09-21 04:00:00,0.0,0.0342922894763164,0.7195866036252307,23.058609473220656,0.12733333333333333,-1.491551904784325
2021-09-21 04:30:00,0.0,2.9333912043817993e-05,0.4520969274681099,14.487104737652166,0.12733333333333333,-1.4860207589411971
2021-09-21 05:00:00,0.0,2.9183333930494853e-05,0.8376788241470364,26.84278552808224,0.12733333333333333,-1.4756846853472456
2021-09-21 05:30:00,0.0,0.0396431198639802,0.2423156006761111,7.764820491529529,0.12733333333333333,-1.463350541216312
2021-09-21 06:00:00,0.0,2.9636675311373782e-05,0.4819410433520698,15.443436900834255,0.127,-1.453881085422739
2021-09-21 06:30:00,0.0,0.0368301012170639,0.2723783788769332,8.72815952357999,0.127,-1.4513763072235526
2021-09-21 07:00:00,0.0,0.0535892646130551,0.3623782201885025,11.612136494524457,0.12666666666666668,-1.4580560715241078
2021-09-21 07:30:00,0.0,0.0528063692746027,0.3324096118908804,10.651815065930034,0.12666666666666668,-1.4749522283493994
2021-09-21 08:00:00,0.0,0.0547245815251601,0.6306991047431306,20.210276675684096,0.126,-1.5020945515726811
2021-09-21 08:30:00,0.0,0.0572004420764441,1.0139170374954911,32.49020602672266,0.126,-1.537266662043019
2021-09-21 09:00:00,0.0,0.055499881893391,1.449879657368818,46.46029905782743,0.12533333333333332,-1.5755242455465632
2021-09-21 09:30:00,0.0,0.0387234248109579,1.9645613109062168,62.95288409507091,0.12533333333333332,-1.611399815712918
2021-09-21 10:00:00,0.0,0.0436669518335,2.609326726301415,83.613905076473,0.12533333333333332,-1.6417543586803875
2021-09-21 10:30:00,0.0,0.0486064333221816,2.857838405237934,91.57727421823098,0.12533333333333332,-1.666111247557017
2021-09-21 11:00:00,0.0,0.2240976351896147,3.4566955930134315,110.7672007032134,0.12433333333333334,-1.6860546716930114
2021-09-21 11:30:00,0.0,0.0878244312413035,4.017349094046958,128.7329188877879,0.12433333333333334,-1.7070331106705567
2021-09-21 12:00:00,0.0,0.2873958723733614,4.774835084642973,153.00598560497485,0.12366666666666666,-1.73968717874833
2021-09-21 12:30:00,0.0,0.3904503865277562,4.929224398652463,157.95327461876167,0.12366666666666666,-1.7947729580627234
2021-09-21 13:00:00,0.0,0.3626770444163497,5.006127064519277,160.41756249007395,0.123,-1.8740567650321949
2021-09-21 13:30:00,0.0,0.346688434018122,4.826385122414241,154.65786764851066,0.123,-1.9663709157837757
2021-09-21 14:00:00,0.0,0.4253098875959811,4.437612776444312,142.1999513191271,0.12166666666666666,-2.0521611948648326
2021-09-21 14:30:00,0.0,0.5750578887479176,5.1083638361691,163.6936626556405,0.12166666666666666,-2.112342323204915
2021-09-21 15:00:00,0.0,0.4534909758254897,5.3624724679680424,171.83638192654826,0.12,-2.136522628543826
2021-09-21 15:30:00,0.0,0.3624897500250845,5.15935438977306,165.3276164514082,0.12,-2.126844041940777
2021-09-21 16:00:00,0.0,0.3071366530403728,6.79646786351543,217.78768180586744,0.11866666666666666,-2.0951810136836087
2021-09-21 16:30:00,0.0,0.3694398896241481,5.235681407299347,167.77345810622444,0.11866666666666666,-2.055820211104863
2021-09-21 17:00:00,0.0,0.262841433125052,3.8049999352282504,121.92835040291148,0.11666666666666665,-2.018519309343224
2021-09-21 17:30:00,0.0,0.3127120901090565,4.541772901886698,145.53768390497237,0.11666666666666665,-1.9856885297817244
2021-09-21 18:00:00,0.0,0.0995110175366384,4.096595417375323,131.27230749315032,0.11499999999999999,-1.954590670289833
2021-09-21 18:30:00,0.0,0.1079969737381582,4.122964635301913,132.1172891746049,0.11499999999999999,-1.92230810682332
2021-09-21 19:00:00,0.0,0.0889325046627072,2.9950050326769655,95.9726752428485,0.11433333333333333,-1.889548061126708
2021-09-21 19:30:00,0.0,3.7865839024847846e-05,2.6647322307002828,85.38933263746979,0.11433333333333333,-1.8602685538360504
2021-09-21 20:00:00,0.0,3.582180858518088e-05,1.7654836468614676,56.573590641131545,0.11399999999999999,-1.837834079649576
2021-09-21 20:30:00,0.0,3.5028248745586314e-05,1.850968573142651,59.312890568387374,0.11399999999999999,-1.821503604222772
2021-09-21 21:00:00,0.0,3.56948303480287e-05,1.622450534384424,51.99020253227633,0.11399999999999999,-1.8061641982976384
2021-09-21 21:30:00,0.0,3.2869602527692825e-05,1.2181814444216423,39.035704740651184,0.11399999999999999,-1.785270805033861
2021-09-21 22:00:00,0.0,0.0410690483004484,1.0139170374954911,32.49020602672266,0.11399999999999999,-1.755306661859252
2021-09-21 22:30:00,0.0,3.3191613558943914e-05,0.9846184746601164,31.551355699126255,0.11399999999999999,-1.7192043455584345
2021-09-21 23:00:00,0.0,3.552828802827067e-05,0.6603587347512445,21.160697128249257,0.11433333333333333,-1.6853337998463382
2021-09-21 23:30:00,0.0,3.713428294613371e-05,0.749154989112545,24.00610606400032,0.11433333333333333,-1.661561038672872
2021-09-22 00:00:00,0.0,3.367603199451579e-05,0.8117138194592405,26.01075655471067,0.11466666666666665,-1.6494654341320307
2021-09-22 00:30:00,0.0,0.0459845642666274,0.5439818760900438,17.43148854922682,0.11466666666666665,-1.6444742232996858
2021-09-22 01:00:00,0.0,3.457533729690223e-05,0.6632809252480198,21.254336516659254,0.11533333333333333,-1.6409648016529688
2021-09-22 01:30:00,0.0,3.203566683225232e-05,0.4841464617176358,15.514107867414872,0.11533333333333333,-1.6366355372254902
2021-09-22 02:00:00,0.0,3.140724455409311e-05,0.3941592744667387,12.630536386291675,0.11733333333333333,-1.6329030282827806
2021-09-22 02:30:00,0.0,3.239131313461301e-05,0.3038893719994783,9.737905509491274,0.11733333333333333,-1.6319088692299513
2021-09-22 03:00:00,0.0,0.0490345291544038,0.3941592744667387,12.630536386291675,0.11699999999999999,-1.6323342884918908
2021-09-22 03:30:00,0.0,0.0460514140478856,0.4541820175705778,14.553919875881624,0.11699999999999999,-1.6280396716479504
2021-09-22 04:00:00,0.0,0.0401029815029413,0.2435513437141835,7.804418944280888,0.11699999999999999,-1.6122843547608543
2021-09-22 04:30:00,0.0,3.490481344560323e-05,0.2737362189730055,8.771670484379808,0.11699999999999999,-1.5838531403279337
2021-09-22 05:00:00,0.0,0.0492784601102969,0.2737362189730055,8.771670484379808,0.11733333333333333,-1.5484634569884257
2021-09-22 05:30:00,0.0,3.408241776180299e-05,0.1528056022106277,4.896540164789173,0.11733333333333333,-1.5144475089489355
2021-09-22 06:00:00,0.0,3.2551313253550324e-05,0.3038893719994783,9.737905509491274,0.11699999999999999,-1.4877312414866488
2021-09-22 06:30:00,0.0,3.295032186546801e-05,0.1528056022106277,4.896540164789173,0.11699999999999999,-1.470660061932204
2021-09-22 07:00:00,0.0,3.2311510725841314e-05,0.1830861138456375,5.86685630036394,0.11666666666666665,-1.4643853563959683
2021-09-22 07:30:00,0.0,2.9864383502258776e-05,0.2133346681292563,6.836148386739051,0.11666666666666665,-1.471132050945439
2021-09-22 08:00:00,0.0,2.8363972230347037e-05,0.1224930542901194,3.925197450630868,0.11633333333333333,-1.4934156083993406
2021-09-22 08:30:00,0.0,2.9033291171632532e-05,0.4241863139694068,13.592730198740128,0.11633333333333333,-1.5311846322540414
2021-09-22 09:00:00,0.0,3.086287479687379e-05,0.8413090159800576,26.959112284818396,0.11633333333333333,-1.5805359489777344
2021-09-22 09:30:00,0.0,3.3151868853285435e-05,1.6291631253852843,52.20530244333986,0.11633333333333333,-1.6356675257345
2021-09-22 10:00:00,0.0,3.540371153436868e-05,2.086178986311763,66.85003069019837,0.11599999999999999,-1.6918547983198278
2021-09-22 10:30:00,0.0,0.0044394732426424,2.730923818480933,87.51039209766135,0.11599999999999999,-1.7463379444755156
2021-09-22 11:00:00,0.0,0.0146214510612125,3.41616192882145,109.46833003439764,0.11533333333333333,-1.7971011949870077
2021-09-22 11:30:00,0.0,0.01226068135908,4.086030943860625,130.93377691484554,0.11533333333333333,-1.842166259125065
2021-09-22 12:00:00,0.0,0.1398339498181919,4.585352424495135,146.93415680732326,0.11499999999999999,-1.880258313505656
2021-09-22 12:30:00,0.0,0.1298178907369578,4.637437120893127,148.6031715829208,0.11499999999999999,-1.9110390267282251
2021-09-22 13:00:00,0.0,0.2666472773553782,5.076596293212666,162.67569572398028,0.11399999999999999,-1.93406537585326
2021-09-22 13:30:00,0.0,0.2002343252320456,4.819034236784221,154.42231406792564,0.11399999999999999,-1.948221462929001
2021-09-22 14:00:00,0.0,0.2062612196826809,3.899968913117455,124.97155960411918,0.11299999999999999,-1.952549870126887
2021-09-22 14:30:00,0.0,0.2092777560899794,4.165421484206802,133.4777868456695,0.11299999999999999,-1.9469722619875975
2021-09-22 15:00:00,0.0,0.0078591621502416,3.659041689868712,117.2512286191172,0.11266666666666665,-1.932406814925894
2021-09-22 15:30:00,0.0,0.1061825848827023,2.89682831431888,92.82667641994588,0.11266666666666665,-1.9116460944764744
2021-09-22 16:00:00,0.0,0.0632771257851138,2.480309272016272,79.47963815348898,0.11166666666666665,-1.890125388350622
2021-09-22 16:30:00,0.0,0.0093033423719367,2.28390419000399,73.18598557315863,0.11166666666666665,-1.8738004744576815
2021-09-22 17:00:00,0.0,0.1212320956956285,2.8416299715560105,91.05788719718144,0.11133333333333333,-1.8653077603748651
2021-09-22 17:30:00,0.0,0.0574960188633368,2.4523314315295512,78.58310937649782,0.11133333333333333,-1.8630119829041871
2021-09-22 18:00:00,0.0,0.0555517657508388,1.8299866968281584,58.64054218180836,0.11033333333333332,-1.8637248730704312
2021-09-22 18:30:00,0.0,0.0546607209439059,1.7440884640194088,55.88799815889555,0.11033333333333332,-1.8651994710404185
2021-09-22 19:00:00,0.0,3.8080907314678035e-05,1.6866823510696944,54.04846260721308,0.11033333333333332,-1.8664542843003988
2021-09-22 19:30:00,0.0,0.0517818625629088,1.4848667083648204,47.581432694101515,0.11033333333333332,-1.8674728046301596
2021-09-22 20:00:00,0.0,0.0756425062552922,1.2524941121833268,40.13522827529597,0.10966666666666665,-1.8686382546070803
2021-09-22 20:30:00,0.0,0.0546758400137124,0.8708739227310203,27.90649740211789,0.10966666666666665,-1.8683387222499883
2021-09-22 21:00:00,0.0,0.076998826650762,0.8708739227310203,27.90649740211789,0.10966666666666665,-1.860719360417048
2021-09-22 21:30:00,0.0,0.0516957009919633,0.6335024474664248,20.30010767691505,0.10966666666666665,-1.838567326430925
2021-09-22 22:00:00,0.0,0.0501052173999354,0.514079722587938,16.473296614385777,0.10966666666666665,-1.8004567365327129
2021-09-22 22:30:00,0.0,0.0492454762081971,0.6930286712147962,22.20758057859807,0.10966666666666665,-1.7537594932772718
2021-09-22 23:00:00,0.0,3.2510446819210245e-05,0.7227457596879633,23.15984224429854,0.10966666666666665,-1.7090390884480031
2021-09-22 23:30:00,0.0,2.9485025759073216e-05,0.6335024474664248,20.30010767691505,0.10966666666666665,-1.6723787184626455
2021-09-23 00:00:00,0.0,3.259057729906609e-05,0.4256657864440223,13.64013877728602,0.10933333333333332,-1.6448854291966255
2021-09-23 00:30:00,0.0,3.267083954047346e-05,0.7254296748106626,23.245846278228314,0.10933333333333332,-1.6281708183766272
2021-09-23 01:00:00,0.0,0.0273316255632992,0.335124107224397,10.738799019629424,0.10933333333333332,-1.6260562288318023
2021-09-23 01:30:00,0.0,2.697436473519058e-05,0.3048800040705905,9.76964956634884,0.10933333333333332,-1.6394489347710974
2021-09-23 02:00:00,0.0,2.6579814711673224e-05,0.2746039986268087,8.7994778282701,0.10966666666666665,-1.6623246969456738
2021-09-23 02:30:00,0.0,2.8623806350329834e-05,0.1227426701990059,3.9331962039877526,0.10966666666666665,-1.6849888240250264
2021-09-23 03:00:00,0.0,3.101775059832205e-05,0.335124107224397,10.738799019629424,0.10999999999999999,-1.7009857852529404
2021-09-23 03:30:00,0.0,3.148553847931474e-05,0.3048800040705905,9.76964956634884,0.10999999999999999,-1.7105037311348932
2021-09-23 04:00:00,0.0,0.0388628222505547,0.0312379606375365,1.000996866050522,0.10966666666666665,-1.717626122581387
2021-09-23 04:30:00,0.0,0.0590119121109523,0.0006712557953759,0.0215098852094127,0.10966666666666665,-1.7245185554256612
2021-09-23 05:00:00,0.0,0.0815546086136662,0.3955169203403068,12.67404112337797,0.10966666666666665,-1.7283492861308
2021-09-23 05:30:00,0.0,0.055141720054349,0.2139559655062707,6.856057392147347,0.10966666666666665,-1.7239638521572669
2021-09-23 06:00:00,0.0,0.0528531932672847,0.1227426701990059,3.9331962039877526,0.10899999999999999,-1.7091450640749228
2021-09-23 06:30:00,0.0,3.1640917004144014e-05,0.0312379606375365,1.000996866050522,0.10899999999999999,-1.6866978524658245
2021-09-23 07:00:00,0.0,3.1640917004144014e-05,0.3048800040705905,9.76964956634884,0.10899999999999999,-1.6626187974086173
2021-09-23 07:30:00,0.0,3.219286580736566e-05,-0.2450465814397297,-7.852332708391138,0.10899999999999999,-1.6443940022408596
2021-09-23 08:00:00,0.0,3.203566683225232e-05,0.1835837794414342,5.882803618676873,0.10866666666666665,-1.6407516028895517
2021-09-23 08:30:00,0.0,3.0592325027057014e-05,0.8444677980684767,27.060333072171737,0.10866666666666665,-1.6593729272356517
2021-09-23 09:00:00,0.0,2.8067349052283917e-05,1.2572848665881071,40.28874438349673,0.10866666666666665,-1.701879912872735
2021-09-23 09:30:00,0.0,2.740935055048091e-05,1.344986171837122,43.099066501558234,0.10866666666666665,-1.761595760480488
2021-09-23 10:00:00,0.0,2.8104307908220937e-05,1.6931717545282956,54.25641064197664,0.10833333333333332,-1.827046171116056
2021-09-23 10:30:00,0.0,0.0115872711219888,2.517897314278005,80.68411859129826,0.10833333333333332,-1.8869522239984784
2021-09-23 11:00:00,0.0,0.0395782179577065,3.1010293687364223,99.37014505056295,0.10799999999999998,-1.933597119970997
2021-09-23 11:30:00,0.0,0.0017755167372784,3.6729468184466234,117.6968079669506,0.10799999999999998,-1.96669640542665
2021-09-23 12:00:00,0.0,0.0840712772326363,3.8611823330773474,123.72867292801809,0.10766666666666665,-1.9963333776380896
2021-09-23 12:30:00,0.0,0.1248644470548998,5.069802244207977,162.45798555267942,0.10766666666666665,-2.0380432324038957
2021-09-23 13:00:00,0.0,0.2028306805995748,5.2239672492423015,167.39808675469538,0.10666666666666667,-2.1001901420795077
2021-09-23 13:30:00,0.0,0.226953272981821,4.7851308489361735,153.3359055991343,0.10666666666666667,-2.1754740622109394
2021-09-23 14:00:00,0.0,0.2769518426686617,5.275183685387309,169.03927878596468,0.10533333333333333,-2.245845558752481
2021-09-23 14:30:00,0.0,0.318069503312177,5.479199284263002,175.5768046337498,0.10533333333333333,-2.2952466603457347
2021-09-23 15:00:00,0.0,0.212937122893098,5.121276882935453,164.10745149077815,0.10466666666666667,-2.317840374001934
2021-09-23 15:30:00,0.0,0.0691040168025488,4.7070296456997465,150.83321150262864,0.10466666666666667,-2.3177682657053587
2021-09-23 16:00:00,0.0,0.1943862832661965,4.576413626021747,146.64771975844093,0.104,-2.305128008720586
2021-09-23 16:30:00,0.0,0.2955487296899511,4.7851308489361735,153.3359055991343,0.104,-2.291191417091591
2021-09-23 17:00:00,0.0,0.2863404249842675,4.65485057458708,149.161172560546,0.10266666666666668,-2.2828811253220618
2021-09-23 17:30:00,0.0,0.0785002038826144,4.154620643398651,133.1316820558876,0.10266666666666668,-2.279376530308739
2021-09-23 18:00:00,0.0,0.0721797227775079,4.048246243480276,129.72299471608898,0.10066666666666668,-2.2744705204183178
2021-09-23 18:30:00,0.0,0.0668195463697029,3.183406286274679,102.00985118399126,0.10066666666666668,-2.262347043603372
2021-09-23 19:00:00,0.0,0.0648074722932801,2.824778483189331,90.51789397422236,0.10066666666666668,-2.2405085587239935
2021-09-23 19:30:00,0.0,0.0452798746818696,2.20779102007696,70.7469965032199,0.10066666666666668,-2.207822770765938
2021-09-23 20:00:00,0.0,0.0583909216939949,1.865718451272785,59.7855392778921,0.10066666666666668,-2.16212319305074
2021-09-23 20:30:00,0.0,0.0386198250662206,1.606514606626027,51.47954775782237,0.10066666666666668,-2.1019479356829756
2021-09-23 21:00:00,0.0,0.0312059704314858,1.4905696653338305,47.76417964482083,0.10100000000000002,-2.031063245691326
2021-09-23 21:30:00,0.0,0.0282999191067446,1.2572848665881071,40.28874438349673,0.10100000000000002,-1.9600144181652288
2021-09-23 22:00:00,0.0,0.0247472897079254,1.110524617241569,35.585922987398604,0.10100000000000002,-1.9014920853499808
2021-09-23 22:30:00,0.0,0.0225731721168232,0.9334255517553568,29.910917131889775,0.10100000000000002,-1.8630465711458004
2021-09-23 23:00:00,0.0,0.0210579667059453,0.695593259360704,22.28976086964048,0.10133333333333333,-1.843670356122355
2021-09-23 23:30:00,0.0,2.4305123741553115e-05,0.6657259405432647,21.33268518597171,0.10133333333333333,-1.836364437327341
2021-09-24 00:00:00,0.0,2.4168032357686425e-05,0.8173185299398885,26.19035527087999,0.10133333333333333,-1.8332717374031404
2021-09-24 00:30:00,0.0,2.3626584162443343e-05,0.607620429682601,19.47073795623169,0.10133333333333333,-1.829233511642291
2021-09-24 01:00:00,0.0,0.0201870272137026,0.6376708353765952,20.433680520641268,0.10133333333333333,-1.8222912447516588
2021-09-24 01:30:00,0.0,2.5236673719742934e-05,0.607620429682601,19.47073795623169,0.10133333333333333,-1.812287503913412
2021-09-24 02:00:00,0.0,0.0402495400836121,0.607620429682601,19.47073795623169,0.10166666666666667,-1.7995528161315524
2021-09-24 02:30:00,0.0,0.0590219640002062,0.6376708353765952,20.433680520641268,0.10166666666666667,-1.7843523137381023
2021-09-24 03:00:00,0.0,0.0406294801114039,0.7276345280197474,23.316499134796143,0.10166666666666667,-1.766717882854017
2021-09-24 03:30:00,0.0,0.041055606903869,0.4568961336895933,14.640891677938608,0.10166666666666667,-1.7467852045164085
2021-09-24 04:00:00,0.0,3.078563437100488e-05,0.6676899361085764,21.395619941176303,0.102,-1.725674624910698
2021-09-24 04:30:00,0.0,0.0392639424077535,0.4266562785235009,13.671878348217374,0.102,-1.7057013935899965
2021-09-24 05:00:00,0.0,0.0522805212004144,0.4266562785235009,13.671878348217374,0.10166666666666667,-1.6891063818122056
2021-09-24 05:30:00,0.0,0.0395393565640059,0.3357453137033909,10.758705112279277,0.10166666666666667,-1.6765872473348566
2021-09-24 06:00:00,0.0,3.0093290408167564e-05,0.1224930542901195,3.925197450630871,0.10133333333333333,-1.667093559879532
2021-09-24 06:30:00,0.0,0.0381777458124964,0.4266562785235009,13.671878348217374,0.10133333333333333,-1.6586630452666424
2021-09-24 07:00:00,0.0,0.0371991364757479,0.3660809472779358,11.730787588793053,0.10133333333333333,-1.6499554677696675
2021-09-24 07:30:00,0.0,0.0535847484004876,0.2749777147940691,8.811453280719148,0.10133333333333333,-1.642213113020323
2021-09-24 08:00:00,0.0,0.0376994453204778,0.4266562785235009,13.671878348217374,0.10099999999999999,-1.6397917534316688
2021-09-24 08:30:00,0.0,0.0541920280214696,0.8471513959068152,27.146326938963696,0.10099999999999999,-1.647446974462181
2021-09-24 09:00:00,0.0,0.0543255611305725,1.2616136221488043,40.42745608751718,0.10066666666666668,-1.6668862095852754
2021-09-24 09:30:00,0.0,0.0627098580210182,1.7570659732766143,56.30385264588772,0.10066666666666668,-1.697495327317642
2021-09-24 10:00:00,0.0,0.0564445781918464,1.7281536373602926,55.3773786683368,0.10066666666666668,-1.7404893422720715
2021-09-24 10:30:00,0.0,0.167214255227891,2.015998805779458,64.60115978640184,0.10066666666666668,-1.7992943403160824
2021-09-24 11:00:00,0.0,0.3029983425030036,2.9463738230272996,94.41432484294864,0.09966666666666668,-1.8726979170935691
2021-09-24 11:30:00,0.0,0.0816860595693842,3.2775702971727463,105.02726582566444,0.09966666666666668,-1.948813935086685
2021-09-24 12:00:00,0.0,0.2777215688486625,3.955985026889872,126.76655368152194,0.09933333333333334,-2.0108053757018616
2021-09-24 12:30:00,0.0,0.2638043994037312,4.223117989825805,135.32662781121218,0.09933333333333334,-2.0507447487554527
2021-09-24 13:00:00,0.0,0.2935684302841184,4.223117989825805,135.32662781121218,0.09833333333333334,-2.074816283542418
2021-09-24 13:30:00,0.0,0.3248342719067404,4.143226243789363,132.76655712242064,0.09833333333333334,-2.093837423003653
2021-09-24 14:00:00,0.0,0.2537087588877801,4.06312241455456,130.19969038764626,0.09733333333333334,-2.112234738358962
2021-09-24 14:30:00,0.0,0.2736849271773884,3.821524633121355,122.45787187184992,0.09733333333333334,-2.1269630588786876
2021-09-24 15:00:00,0.0,0.4004242475468031,4.116548599709511,131.9116921577259,0.09566666666666668,-2.132840766506305
2021-09-24 15:30:00,0.0,0.2652827962014547,3.821524633121355,122.45787187184992,0.09566666666666668,-2.12689236133021
2021-09-24 16:00:00,0.0,0.24315417238707,3.2775702971727463,105.02726582566444,0.09466666666666668,-2.1104311295659284
2021-09-24 16:30:00,0.0,0.2355410732858958,2.498946431421391,80.0768518568122,0.09466666666666668,-2.089451139209671
2021-09-24 17:00:00,0.0,0.2868200721406851,2.7235058410580866,87.27268861122505,0.09400000000000001,-2.072141876947598
2021-09-24 17:30:00,0.0,0.2550434985861714,2.3293982301862832,74.6438077458305,0.09400000000000001,-2.0640464011485093
2021-09-24 18:00:00,0.0,0.2443231301431362,2.1303495476728247,68.26544298318223,0.09366666666666668,-2.064310767758097
2021-09-24 18:30:00,0.0,0.1195306685577158,1.987341314129027,63.682852100960936,0.09366666666666668,-2.066657718532239
2021-09-24 19:00:00,0.0,0.1196282071303299,1.6412444664406969,52.59243989685286,0.09266666666666667,-2.064763938375011
2021-09-24 19:30:00,0.0,0.1160176745837575,1.5540756279378654,49.799180273695875,0.09266666666666667,-2.0571858732435753
2021-09-24 20:00:00,0.0,0.1099619369237074,1.3203418134536462,42.30935664200863,0.09300000000000001,-2.0468332061956045
2021-09-24 20:30:00,0.0,0.0751574296814886,1.2027664079244182,38.541741533423306,0.09300000000000001,-2.035694908037429
2021-09-24 21:00:00,0.0,0.0748538088720134,1.0847126235547562,34.758797136040435,0.09266666666666667,-2.0212127937842586
2021-09-24 21:30:00,0.0,0.0747596954975854,1.0255048998341596,32.86153032730115,0.09266666666666667,-1.9993123340945491
2021-09-24 22:00:00,0.0,0.105299856675761,0.8173185299398885,26.19035527087999,0.09266666666666667,-1.9707293801488284
2021-09-24 22:30:00,0.0,0.0671369133116312,0.8471513959068152,27.146326938963696,0.09266666666666667,-1.942438388489711
2021-09-24 23:00:00,0.0,0.1029486506343483,0.7874548133889909,25.233395019123076,0.09266666666666667,-1.92187525761041
2021-09-24 23:30:00,0.0,4.1730670283170366e-05,0.607620429682601,19.47073795623169,0.09266666666666667,-1.9108177997573277
2021-09-25 00:00:00,0.0,4.2464188720886065e-05,0.9390296275869622,30.09049551120963,0.09233333333333334,-1.9057900417952545
2021-09-25 00:30:00,0.0,4.1185079189381906e-05,0.9091693126116956,29.13364426037585,0.09233333333333334,-1.903232098837008
2021-09-25 01:00:00,0.0,3.666573640149513e-05,0.8493559887616728,27.216971452676862,0.09200000000000001,-1.9023198624528104
2021-09-25 01:30:00,0.0,3.632559868713831e-05,0.6088556612059022,19.510320017878364,0.09200000000000001,-1.9027116329974312
2021-09-25 02:00:00,0.0,3.979356367009359e-05,0.6088556612059022,19.510320017878364,0.09233333333333334,-1.901564524642028
2021-09-25 02:30:00,0.0,3.743441925524666e-05,0.6992784380269004,22.40784963793434,0.09233333333333334,-1.8946496952710776
2021-09-25 03:00:00,0.0,3.739144891428285e-05,0.6088556612059022,19.510320017878364,0.09200000000000001,-1.880043753005488
2021-09-25 03:30:00,0.0,3.851698563857494e-05,0.5181481520803086,16.60366636607555,0.09200000000000001,-1.8594576145799568
2021-09-25 04:00:00,0.0,3.6835678740633714e-05,0.5786515655093185,18.54245257336152,0.09166666666666667,-1.8358765405803017
2021-09-25 04:30:00,0.0,3.726272530589475e-05,0.5786515655093185,18.54245257336152,0.09166666666666667,-1.8108271846233672
2021-09-25 05:00:00,0.0,3.624131975377748e-05,0.3967582386692039,12.713818232114832,0.09200000000000001,-1.7832562100205187
2021-09-25 05:30:00,0.0,3.363590425285845e-05,0.6992784380269004,22.40784963793434,0.09200000000000001,-1.7495098679654766
2021-09-25 06:00:00,0.0,3.239131313461301e-05,0.3358704722939555,10.76271572482752,0.09166666666666667,-1.704915088826365
2021-09-25 06:30:00,0.0,3.090075487188714e-05,0.3358704722939555,10.76271572482752,0.09166666666666667,-1.6475693734019732
2021-09-25 07:00:00,0.0,3.086287479687379e-05,0.3053781074224805,9.785610912225309,0.09200000000000001,-1.5813154679652373
2021-09-25 07:30:00,0.0,2.9523270520278577e-05,0.2748533142746585,8.807466959988743,0.09200000000000001,-1.5156571953765652
2021-09-25 08:00:00,0.0,2.975037960921708e-05,0.2748533142746585,8.807466959988743,0.09200000000000001,-1.4644885804649663
2021-09-25 08:30:00,0.0,3.00173708846954e-05,0.5786515655093185,18.54245257336152,0.09200000000000001,-1.4436932674710052
2021-09-25 09:00:00,0.0,3.1563964136589964e-05,0.5181481520803086,16.60366636607555,0.09200000000000001,-1.4641374112309264
2021-09-25 09:30:00,0.0,2.9410165143584247e-05,0.457517253443131,14.660794991536688,0.09200000000000001,-1.5228749858669597
2021-09-25 10:00:00,0.0,3.0247079988814197e-05,0.6691690199937608,21.443016067667234,0.09200000000000001,-1.6024705094894685
2021-09-25 10:30:00,0.0,3.0323396658217114e-05,0.819402829277435,26.25714506964452,0.09200000000000001,-1.681314281255471
2021-09-25 11:00:00,0.0,0.0058943412563187,1.5590949673608714,49.960021216239205,0.09200000000000001,-1.7460501153790835
2021-09-25 11:30:00,0.0,0.0020891278766877,1.965255854154054,62.97514020911396,0.09200000000000001,-1.7976498735693502
2021-09-25 12:00:00,0.0,0.0055629360009232,2.479326501038061,79.44814599941883,0.09166666666666667,-1.8492554680980504
2021-09-25 12:30:00,0.0,0.0749896003864035,3.2891784592471005,105.39924061594805,0.09166666666666667,-1.916938954766416
2021-09-25 13:00:00,0.0,0.2707248339193626,3.780986300744454,121.1588516145726,0.09266666666666667,-2.007496217784263
2021-09-25 13:30:00,0.0,0.2353522921752439,3.699577281032696,118.55016103629605,0.09266666666666667,-2.1119896272012095
2021-09-25 14:00:00,0.0,0.25162448194947,4.023898110703406,128.94277718247247,0.09133333333333334,-2.2107273044343256
2021-09-25 14:30:00,0.0,0.2508797786843151,3.536092933677569,113.3114285450926,0.09133333333333334,-2.2852729485967083
2021-09-25 15:00:00,0.0,0.1855451024378426,4.184757474580834,134.0973940598207,0.08933333333333333,-2.327665727037453
2021-09-25 15:30:00,0.0,0.2862387620838911,4.1580070777030995,133.24019778664135,0.08933333333333333,-2.341878575630225
2021-09-25 16:00:00,0.0,0.4104203923409545,4.688573212473826,150.24178903328163,0.08800000000000001,-2.338964443032991
2021-09-25 16:30:00,0.0,0.3818054951303988,5.287500806180793,169.4339716231862,0.08800000000000001,-2.3297275256518177
2021-09-25 17:00:00,0.0,0.4449480324670259,3.5634023823057324,114.18653920956764,0.08666666666666667,-2.3190632655357932
2021-09-25 17:30:00,0.0,0.2916698827347799,3.5087585342887646,112.435518352329,0.08666666666666667,-2.305270265583049
2021-09-25 18:00:00,0.0,0.0756696529834363,3.2891784592471005,105.39924061594805,0.08533333333333333,-2.2839026427725586
2021-09-25 18:30:00,0.0,0.0686295549322905,2.6205454161650534,83.9733995237898,0.08533333333333333,-2.2522751634767584
2021-09-25 19:00:00,0.0,0.1171812063151909,2.337428144453283,74.90112028646617,0.08566666666666667,-2.2114604659880723
2021-09-25 19:30:00,0.0,0.0639883676919734,1.8786951614210905,60.20136815804284,0.08566666666666667,-2.1657754640441063
2021-09-25 20:00:00,0.0,0.0541153907571779,1.762881115529511,56.49019448933678,0.08566666666666667,-2.120932916228967
2021-09-25 20:30:00,0.0,4.0372945814983454e-05,1.0581636525945868,33.9080554043263,0.08566666666666667,-2.081598509490054
2021-09-25 21:00:00,0.0,4.082312813270674e-05,1.4126562797557092,45.26750402338578,0.08533333333333333,-2.0491740042784357
2021-09-25 21:30:00,0.0,3.734850980499943e-05,0.8792781247272033,28.175803710472923,0.08533333333333333,-2.0213936166836595
2021-09-25 22:00:00,0.0,3.649629532168442e-05,0.9986579381750408,32.00123970860231,0.08566666666666667,-1.994520261044578
2021-09-25 22:30:00,0.0,3.511241543644672e-05,0.9390296275869622,30.09049551120963,0.08566666666666667,-1.9664013239531093
2021-09-25 23:00:00,0.0,3.453450868479409e-05,0.7594031366655932,24.33450021566904,0.08533333333333333,-1.9376110463203693
2021-09-25 23:30:00,0.0,3.355407484649961e-05,0.9986579381750408,32.00123970860231,0.08533333333333333,-1.9103684459357029
2021-09-26 00:00:00,0.0,3.347404308669146e-05,0.7607602545902288,24.377988035030356,0.08533333333333333,-1.8870891562087124
2021-09-26 00:30:00,0.0,3.41245826719415e-05,0.7003912206680467,22.44350791759311,0.08533333333333333,-1.869444709122233
2021-09-26 01:00:00,0.0,0.0358093630757406,0.6701592520510882,21.47474730638505,0.08533333333333333,-1.8575227789044544
2021-09-26 01:30:00,0.0,3.323138986250876e-05,0.6096000214933495,19.53417248134718,0.08533333333333333,-1.8494624456605968
2021-09-26 02:00:00,0.0,3.2830114591837195e-05,0.6398955450865751,20.504969663789943,0.08566666666666667,-1.842219777542509
2021-09-26 02:30:00,0.0,3.29899059323388e-05,0.8510777089218343,27.27214267542521,0.08566666666666667,-1.8328143715105063
2021-09-26 03:00:00,0.0,3.223346470019411e-05,0.518521763917724,16.615638475353474,0.08566666666666667,-1.81846268869528
2021-09-26 03:30:00,0.0,3.243207941373169e-05,0.3660809472779356,11.730787588793046,0.08566666666666667,-1.7952225083943056
2021-09-26 04:00:00,0.0,3.2510446819210245e-05,0.3660809472779356,11.730787588793046,0.08600000000000001,-1.7577085693160828
2021-09-26 04:30:00,0.0,3.2510446819210245e-05,0.3048774470409512,9.769567628264436,0.08600000000000001,-1.7030466249421343
2021-09-26 05:00:00,0.0,3.239131313461301e-05,0.4271543115060695,13.68783743916206,0.08600000000000001,-1.637324046453857
2021-09-26 05:30:00,0.0,3.303117294097335e-05,0.518521763917724,16.615638475353474,0.08600000000000001,-1.5772458197156538
2021-09-26 06:00:00,0.0,3.262987295419592e-05,0.6398955450865751,20.504969663789943,0.08600000000000001,-1.5421405686611551
2021-09-26 06:30:00,0.0,3.160242476783036e-05,0.3966338559310657,12.709832481171876,0.08600000000000001,-1.542030330492003
2021-09-26 07:00:00,0.0,3.074627670305405e-05,0.3354955046956483,10.750700171215325,0.08600000000000001,-1.573369889312645
2021-09-26 07:30:00,0.0,3.160242476783036e-05,0.488098185372839,15.640737868657746,0.08600000000000001,-1.6255503321949325
2021-09-26 08:00:00,0.0,0.0259240133618977,0.488098185372839,15.640737868657746,0.08600000000000001,-1.6893800937019832
2021-09-26 08:30:00,0.0,0.0244322627742686,0.3966338559310657,12.709832481171876,0.08600000000000001,-1.759634964170372
2021-09-26 09:00:00,0.0,0.0258515976634854,0.9411136913505548,30.157277761184652,0.08600000000000001,-1.832799921670862
2021-09-26 09:30:00,0.0,0.0363919172027317,0.6701592520510882,21.47474730638505,0.08600000000000001,-1.9046230924456
2021-09-26 10:00:00,0.0,0.0953780457208279,1.5049358498866925,48.22453318330498,0.08566666666666667,-1.9701002722979075
2021-09-26 10:30:00,0.0,0.0194566860884959,2.115668893967186,67.7950125181006,0.08566666666666667,-2.026782929663333
2021-09-26 11:00:00,0.0,0.2024336118928942,3.2727130723091387,104.87161972179132,0.085,-2.0785030390972152
2021-09-26 11:30:00,0.0,0.1426761679841133,3.685011207203855,118.08340219686626,0.085,-2.1337101785677604
2021-09-26 12:00:00,0.0,0.2452462582677936,3.9026048518541527,125.05602627097852,0.08466666666666667,-2.197792429385324
2021-09-26 12:30:00,0.0,0.4433697742558443,4.064772787629666,130.25257534691627,0.08466666666666667,-2.267064467154376
2021-09-26 13:00:00,0.0,0.3567000487369494,4.172401918347042,133.70146958793072,0.08433333333333333,-2.331081907337386
2021-09-26 13:30:00,0.0,0.3461538154031781,4.037805370293158,129.3884248169715,0.08433333333333333,-2.3803260976294593
2021-09-26 14:00:00,0.0,0.4323797020093495,3.8754916912537234,124.18720550816784,0.08366666666666667,-2.4108061144900628
2021-09-26 14:30:00,0.0,0.5333790358372333,3.929693589285754,125.92406441178196,0.08366666666666667,-2.4225189271493464
2021-09-26 15:00:00,0.0,0.5731089412014578,3.848354054038443,123.3176004107125,0.08233333333333333,-2.416924675557061
2021-09-26 15:30:00,0.0,0.4934801743573871,3.1617983188304635,101.31744017981735,0.08233333333333333,-2.3980295042723654
2021-09-26 16:00:00,0.0,0.4072372861500957,3.6030049675565623,115.45557415661678,0.08066666666666666,-2.374128296682656
2021-09-26 16:30:00,0.0,0.4336503584348151,3.7667937456719423,120.7040619017076,0.08066666666666666,-2.3550426934268844
2021-09-26 17:00:00,0.0,0.4357267495380263,2.5158709222051754,80.61918438711547,0.08,-2.345819007851701
2021-09-26 17:30:00,0.0,0.4298376633576244,3.4933127657322434,111.94057035946162,0.08,-2.3431740395022738
2021-09-26 18:00:00,0.0,0.1397707310984919,3.383216669757727,108.41262407917657,0.07966666666666666,-2.338741918024361
2021-09-26 18:30:00,0.0,0.1179262193450851,2.316450172485496,74.2288970117298,0.07966666666666666,-2.3263706262141373
2021-09-26 19:00:00,0.0,0.1153715230323918,1.9714083681858965,63.172292876526114,0.07933333333333333,-2.306804282982622
2021-09-26 19:30:00,0.0,0.0777351555166291,1.6807373575482167,53.8579597778914,0.07933333333333333,-2.286105801150359
2021-09-26 20:00:00,0.0,0.0760368066885113,1.35761970691482,43.50389859564568,0.07933333333333333,-2.269977119779242
2021-09-26 20:30:00,0.0,0.0775027795706136,1.3280667281793406,42.55689570259749,0.07933333333333333,-2.25906434168224
2021-09-26 21:00:00,0.0,0.1269690416073634,1.2984836649036346,41.608928773169566,0.079,-2.2489972705576355
2021-09-26 21:30:00,0.0,0.1216640838602345,1.1501145365230034,36.85455206302043,0.079,-2.234896930095009
2021-09-26 22:00:00,0.0,0.1186148972156051,1.0905537387552022,34.94597126298586,0.079,-2.2161266272190825
2021-09-26 22:30:00,0.0,0.0895539352598622,1.179849114016684,37.80737415118021,0.079,-2.1967616834902866
2021-09-26 23:00:00,0.0,0.0880234438342152,0.9111328446046192,29.196564160753237,0.079,-2.1812719022717704
2021-09-26 23:30:00,0.0,0.088835855720616,0.7607602545902288,24.377988035030356,0.079,-2.1695652486693966
2021-09-27 00:00:00,0.0,0.1014336809434007,0.4953667003123967,15.873651942651293,0.07933333333333333,-2.156096000302084
2021-09-27 00:30:00,0.0,0.0845010355105633,0.3140115719635736,10.062263765754034,0.07933333333333333,-2.13382285977392
2021-09-27 01:00:00,0.0,0.0758519737954534,0.4652201970273454,14.907630003483566,0.07866666666666666,-2.0998341772270193
2021-09-27 01:30:00,0.0,3.6878242607111736e-05,0.4350420572302713,13.940594296171533,0.07866666666666666,-2.0583714078772646
2021-09-27 02:00:00,0.0,3.653860858022648e-05,0.4953667003123967,15.873651942651293,0.079,-2.018528282850366
2021-09-27 02:30:00,0.0,3.704881103455631e-05,0.253304473181195,8.116950615088234,0.079,-1.9878790443760952
2021-09-27 03:00:00,0.0,0.0790638209121637,0.3443170389851112,11.033379577850429,0.07866666666666666,-1.9674205502240556
2021-09-27 03:30:00,0.0,0.0499393260939978,0.4652201970273454,14.907630003483566,0.07866666666666666,-1.952148521674618
2021-09-27 04:00:00,0.0,0.0471118471519468,0.253304473181195,8.116950615088234,0.08,-1.9360314434129664
2021-09-27 04:30:00,0.0,0.0438154783009183,0.3745905564657347,12.003471591028006,0.08,-1.9169098120979695
2021-09-27 05:00:00,0.0,0.0400458201104274,0.2229026826531216,7.142748188942731,0.08033333333333333,-1.8983447388280257
2021-09-27 05:30:00,0.0,3.653860858022648e-05,0.1009720473327314,3.2355730296079823,0.08033333333333333,-1.8877482358763455
2021-09-27 06:00:00,0.0,3.692083777532704e-05,0.1620022202644549,5.191238847490074,0.08,-1.8921706134026228
2021-09-27 06:30:00,0.0,0.0488551544089228,0.0091821649972812,0.2942355454149822,0.08,-1.914771130121096
2021-09-27 07:00:00,0.0,0.0465522443795949,-0.0214800211542474,-0.6883110619027972,0.08,-1.9535841057686163
2021-09-27 07:30:00,0.0,0.0448987626725347,0.1315033879185265,4.213926789551516,0.08,-2.0015311287059268
2021-09-27 08:00:00,0.0,0.050217157283159,0.1315033879185265,4.213926789551516,0.08,-2.0474593397509784
2021-09-27 08:30:00,0.0,0.0642365177234294,0.4350420572302713,13.940594296171533,0.08,-2.0798495928754086
2021-09-27 09:00:00,0.0,0.0478148408362835,0.3443170389851112,11.033379577850429,0.08,-2.0917763826246105
2021-09-27 09:30:00,0.0,0.0779966257353161,1.062240860878349,34.0387064657588,0.08,-2.0832637083505037
2021-09-27 10:00:00,0.0,0.0909531714145917,1.297640707433288,41.58191683740904,0.08,-2.0607607367934855
2021-09-27 10:30:00,0.0,0.110523812341108,1.8779393494532148,60.17714873411996,0.08,-2.0356282787261697
2021-09-27 11:00:00,0.0,0.0973620139077386,2.531364346470055,81.11565947118031,0.07933333333333333,-2.0199950853234796
2021-09-27 11:30:00,0.0,0.1058648126002921,2.531364346470055,81.11565947118031,0.07933333333333333,-2.0210253990429927
2021-09-27 12:00:00,0.0,0.1066213548329025,2.75528723018191,88.29109923286632,0.07933333333333333,-2.0410885041110176
2021-09-27 12:30:00,0.0,0.074576852873132,2.5594476901182555,82.01556901733325,0.07933333333333333,-2.083692020960016
2021-09-27 13:00:00,0.0,0.11492955693278,2.4187628802960943,77.50743049424166,0.07866666666666666,-2.1524710884491056
2021-09-27 13:30:00,0.0,0.0782048446162606,3.0051924416696383,96.29912307320356,0.07866666666666666,-2.240511492569363
2021-09-27 14:00:00,0.0,0.0637625855965852,2.75528723018191,88.29109923286632,0.07833333333333332,-2.326842168692673
2021-09-27 14:30:00,0.0,0.1069516787846179,2.9498396298992176,94.52538400770592,0.07833333333333332,-2.38946246483214
2021-09-27 15:00:00,0.0,0.2776607812033274,3.3351629841792096,106.87278000214444,0.077,-2.4202068895436843
2021-09-27 15:30:00,0.0,0.31581667610637,2.922124467364052,93.637272547368,0.077,-2.425369001107004
2021-09-27 16:00:00,0.0,0.0949452974923054,2.5594476901182555,82.01556901733325,0.076,-2.415303927749877
2021-09-27 16:30:00,0.0,0.2858829526997206,3.2255786017043704,103.36123119464692,0.076,-2.39607027720641
2021-09-27 17:00:00,0.0,0.1846106991705643,3.2255786017043704,103.36123119464692,0.07533333333333332,-2.369051231868465
2021-09-27 17:30:00,0.0,0.0676856041007851,2.5032542547499466,80.21489280325612,0.07533333333333332,-2.334925822052859
2021-09-27 18:00:00,0.0,0.0838659209344778,1.8491968004549155,59.25611545017925,0.07533333333333332,-2.2960134924478153
2021-09-27 18:30:00,0.0,0.0468033745221695,1.385425876810252,44.39492631813886,0.07533333333333332,-2.255617183267384
2021-09-27 19:00:00,0.0,0.033350785252596,1.297640707433288,41.58191683740904,0.07666666666666666,-2.216640520710625
2021-09-27 19:30:00,0.0,3.175980036542559e-05,0.914138851855562,29.29288939377447,0.07666666666666666,-2.1808811371459873
2021-09-27 20:00:00,0.0,3.0592325027057014e-05,0.7354090621527114,23.565628211831612,0.07566666666666666,-2.1484556501441383
2021-09-27 20:30:00,0.2,0.0124951765025954,0.6456273741339269,20.68864179846323,0.07566666666666666,-2.11779842732517
2021-09-27 21:00:00,0.2,0.0199748169186748,0.4048322030820666,12.972542326419738,0.07533333333333332,-2.0872647781597102
2021-09-27 21:30:00,0.4,0.0180641777174137,0.3745905564657347,12.003471591028006,0.07533333333333332,-2.057088522493202
2021-09-27 22:00:00,0.8,0.0110352300195098,0.6456273741339269,20.68864179846323,0.08166666666666667,-2.029171455217233
2021-09-27 22:30:00,0.0,0.0087583075087249,0.4953667003123967,15.873651942651293,0.08166666666666667,-2.005166877521852
2021-09-27 23:00:00,0.0,0.0054936984141724,0.3443170389851112,11.033379577850429,0.09266666666666667,-1.9856959898822395
2021-09-27 23:30:00,0.0,0.010288884685173,0.253304473181195,8.116950615088234,0.09266666666666667,-1.9709568322742943
2021-09-28 00:00:00,0.4,0.0104726930000247,0.521092470774023,16.69801483585115,0.09333333333333334,-1.960230482124247
2021-09-28 00:30:00,0.0,0.0091837677415365,0.0339264246467079,1.087146665613186,0.09333333333333334,-1.9500037748042929
2021-09-28 01:00:00,0.0,2.495958328613873e-05,0.2785433448310265,8.9257112034403,0.09266666666666667,-1.9339199077471951
2021-09-28 01:30:00,0.0,0.0295418021805102,0.5512677466370308,17.664958770558112,0.09266666666666667,-1.9067695244524725
2021-09-28 02:00:00,0.0,0.0154318099093674,0.3697393890760269,11.848019594333032,0.09366666666666666,-1.869486502512622
2021-09-28 02:30:00,0.0,0.0154033126753787,0.1564959323897554,5.014794009425869,0.09366666666666666,-1.829470244152316
2021-09-28 03:00:00,0.0,0.0155140521778293,0.4606468134165797,14.761079378276548,0.09466666666666666,-1.795002536612447
2021-09-28 03:30:00,0.0,0.0202079520697087,0.2175845759564777,6.972333474665064,0.09466666666666666,-1.76942808892231
2021-09-28 04:00:00,0.0,0.0188897311160226,0.4000738271391473,12.820063761585743,0.09599999999999999,-1.750774446725342
2021-09-28 04:30:00,0.0,0.0160714174274003,0.3697393890760269,11.848019594333032,0.09599999999999999,-1.735702443067262
2021-09-28 05:00:00,0.0,0.0097197457419583,0.2175845759564777,6.972333474665064,0.09499999999999999,-1.722745045637296
2021-09-28 05:30:00,0.0,2.3592631716954487e-05,0.308974227473718,9.900845864436134,0.09499999999999999,-1.712525174002052
2021-09-28 06:00:00,0.0,0.0146067551344927,0.125902705292125,4.0344571429307665,0.09466666666666666,-1.7063375832137868
2021-09-28 06:30:00,0.0,2.4579650240962487e-05,0.2175845759564777,6.972333474665064,0.09466666666666666,-1.7049800621694629
2021-09-28 07:00:00,0.0,0.0205188378393357,0.1870565288976609,5.994085253307155,0.09466666666666666,-1.7084700426091015
2021-09-28 07:30:00,0.0,0.0201661683374595,0.3393728823239257,10.874947810151658,0.09466666666666666,-1.7165002228967778
2021-09-28 08:00:00,0.0,0.0395050181063453,0.1870565288976609,5.994085253307155,0.09466666666666666,-1.729061848446562
2021-09-28 08:30:00,0.0,0.0458113219933551,0.4303762756384769,13.791082847416767,0.09466666666666666,-1.746650783779311
2021-09-28 09:00:00,0.0,0.0415895015316183,0.5512677466370308,17.664958770558112,0.09466666666666666,-1.77016285232852
2021-09-28 09:30:00,0.0,0.0540254424907482,1.0890934250026645,34.899176611225386,0.09466666666666666,-1.8006286026429257
2021-09-28 10:00:00,0.0,0.0543037201230033,1.0298268304200406,33.000023330156026,0.09433333333333332,-1.8384076143132535
2021-09-28 10:30:00,0.0,0.1118622004806866,1.0890934250026645,34.899176611225386,0.09433333333333332,-1.882230080997954
2021-09-28 11:00:00,0.0,0.1006817067399787,1.5880328172980531,50.88731277132721,0.09233333333333334,-1.9293827735203344
2021-09-28 11:30:00,0.0,0.1386398563891161,2.278203064650348,73.00329731517103,0.09233333333333334,-1.977335128573112
2021-09-28 12:00:00,0.0,0.1167325228463517,2.561054071186021,82.06704428593909,0.09166666666666667,-2.024886164245961
2021-09-28 12:30:00,0.0,0.1210030208713649,2.7574491443999025,88.36037614188068,0.09166666666666667,-2.0711947657692225
2021-09-28 13:00:00,0.0,0.1346889818490892,3.091126221328524,99.05280616809344,0.09133333333333334,-2.114202754229431
2021-09-28 13:30:00,0.0,0.2054284994789747,3.5030269855458203,112.25185519979884,0.09133333333333334,-2.151003166693139
2021-09-28 14:00:00,0.0,0.1745368332997483,3.5030269855458203,112.25185519979884,0.09066666666666667,-2.179512064301971
2021-09-28 14:30:00,0.0,0.1326693610446072,3.448434278728228,110.502473123686,0.09066666666666667,-2.199255371116928
2021-09-28 15:00:00,0.0,0.1340959555630995,3.3663577303683896,107.8723920938214,0.09000000000000001,-2.2113883851016274
2021-09-28 15:30:00,0.0,0.140989634463203,3.118764134247306,99.93844222279267,0.09000000000000001,-2.2189172402239015
2021-09-28 16:00:00,0.0,0.1526347298666459,3.747469375026596,120.08482703299,0.08900000000000001,-2.2260391139247924
2021-09-28 16:30:00,0.0,0.147425723462617,3.17396305420036,101.70724994118086,0.08900000000000001,-2.2356230620076927
2021-09-28 17:00:00,0.0,0.0094244777700139,2.924756774810963,93.72162285228748,0.08833333333333333,-2.247173109417465
2021-09-28 17:30:00,0.0,0.1156058113211942,2.4764833864101847,79.35704053753068,0.08833333333333333,-2.257843684613337
2021-09-28 18:00:00,0.0,0.0388400965911034,2.4764833864101847,79.35704053753068,0.08800000000000001,-2.265044494064575
2021-09-28 18:30:00,0.0,0.0533964380263795,2.419967915609482,77.5460449411378,0.08800000000000001,-2.267173006392313
2021-09-28 19:00:00,0.0,0.0532663747560252,2.0499479882936504,65.6890357106979,0.08800000000000001,-2.2622984147906737
2021-09-28 19:30:00,0.0,0.061303486968389,1.5006043519618546,48.08573360229593,0.08800000000000001,-2.248206323990654
2021-09-28 20:00:00,0.0,0.0518959478002947,1.1777666594736076,37.74064346746178,0.08800000000000001,-2.2251680194436227
2021-09-28 20:30:00,0.0,0.0525362429409331,1.0890934250026645,34.899176611225386,0.08800000000000001,-2.1977945306836792
2021-09-28 21:00:00,0.0,0.0498256602221381,0.9704386705009508,31.096974579653335,0.08766666666666667,-2.1726635649150094
2021-09-28 21:30:00,0.0,0.0467131305515781,0.9109283565805332,29.19001149639623,0.08766666666666667,-2.1539639069841243
2021-09-28 22:00:00,0.0,0.0297290040474236,0.8512952958481611,27.27911508421572,0.08766666666666667,-2.1415101931514924
2021-09-28 22:30:00,0.0,0.0492742094007832,0.9109283565805332,29.19001149639623,0.08766666666666667,-2.132207142050488
2021-09-28 23:00:00,0.0,2.5586480963000708e-05,0.7016716985418227,22.484539864382764,0.08766666666666667,-2.1229416670130483
2021-09-28 23:30:00,0.0,2.502899022333993e-05,0.4908855190346931,15.730055871600625,0.08766666666666667,-2.1127669591142633
2021-09-29 00:00:00,0.0,0.027489720169948,0.5769306608471225,18.487307482629827,0.08800000000000001,-2.103081321400097
2021-09-29 00:30:00,0.0,0.029673589923128,0.6373073247155927,20.422032095935776,0.08800000000000001,-2.095756645499993
2021-09-29 01:00:00,0.0,0.0444355746933864,0.455796121111341,14.605642605304729,0.08800000000000001,-2.091171258634612
2021-09-29 01:30:00,0.0,0.0534731051924241,0.5466947947680534,17.51842198019076,0.08800000000000001,-2.088126647387167
2021-09-29 02:00:00,0.0,0.0550705932289746,0.5769306608471225,18.487307482629827,0.08766666666666667,-2.0850383429889043
2021-09-29 02:30:00,0.0,0.055423100692804,0.455796121111341,14.605642605304729,0.08766666666666667,-2.0806463734928338
2021-09-29 03:00:00,0.0,0.0464780103419675,0.3341490998454954,10.707555644238145,0.08733333333333333,-2.0739365822448614
2021-09-29 03:30:00,0.0,0.0483925586883749,0.486127603486676,15.577592059773703,0.08733333333333333,-2.0640301880487053
2021-09-29 04:00:00,0.0,0.059694742525345,0.395036987844272,12.6586620488596,0.08733333333333333,-2.050543462263704
2021-09-29 04:30:00,0.0,0.0595094501789865,0.364609178082391,11.68362585600952,0.08733333333333333,-2.0342982699249235
2021-09-29 05:00:00,0.0,0.0586455937959675,0.364609178082391,11.68362585600952,0.08733333333333333,-2.0175508681464107
2021-09-29 05:30:00,0.0,0.0580726922920325,0.3036566729824945,9.730448845164284,0.08733333333333333,-2.0029957687522395
2021-09-29 06:00:00,0.0,0.0572189796214821,0.0892971297295074,2.8614591087977232,0.08700000000000001,-1.992163981099912
2021-09-29 06:30:00,0.0,0.0475298481470955,0.5164271351299259,16.548517677153686,0.08700000000000001,-1.9849293481629775
2021-09-29 07:00:00,0.0,0.0550122709387952,0.364609178082391,11.68362585600952,0.08700000000000001,-1.9808843081539391
2021-09-29 07:30:00,0.0,0.0479651494959919,0.455796121111341,14.605642605304729,0.08700000000000001,-1.98147106225258
2021-09-29 08:00:00,0.0,0.0335740462992822,0.3036566729824945,9.730448845164284,0.08700000000000001,-1.9909177322780924
2021-09-29 08:30:00,0.0,0.0479735256098567,0.2731318170534923,8.752302881152195,0.08700000000000001,-2.014111067777601
2021-09-29 09:00:00,0.0,0.0487525721321493,0.7576825504917364,24.27936533065574,0.08700000000000001,-2.051024662785285
2021-09-29 09:30:00,0.0,0.0506285417304665,1.4988882867413156,48.03074358781869,0.08700000000000001,-2.0924965493162713
2021-09-29 10:00:00,0.0,0.1829287124776716,1.8191262450748744,58.29252720429197,0.08633333333333333,-2.124569591329202
2021-09-29 10:30:00,0.0,0.1520466781234107,2.0211021301006515,64.76469196160458,0.08633333333333333,-2.1405116995521993
2021-09-29 11:00:00,0.0,0.2497888822205062,2.3641436713311084,75.75719917682295,0.08600000000000001,-2.1483625381448666
2021-09-29 11:30:00,0.0,0.2019817560063721,2.250240804861697,72.10726780988712,0.08600000000000001,-2.1640155778547028
2021-09-29 12:00:00,0.0,0.2307907358644385,2.843382929664934,91.11405941641527,0.08566666666666667,-2.195811954485846
2021-09-29 12:30:00,0.0,0.2623190478715423,3.0662505471119132,98.25568396729908,0.08566666666666667,-2.2373091574365747
2021-09-29 13:00:00,0.0,0.1710077190875096,2.89925695593099,92.90450040694331,0.08566666666666667,-2.275142166037763
2021-09-29 13:30:00,0.0,0.1771047286080844,2.7313177812445972,87.52301633700733,0.08566666666666667,-2.3008976797980503
2021-09-29 14:00:00,0.0,0.2504752677282224,2.89925695593099,92.90450040694331,0.08533333333333333,-2.3135484737280163
2021-09-29 14:30:00,0.0,0.0751442183741972,2.675125697363707,85.72238343032426,0.08533333333333333,-2.3134681863340836
2021-09-29 15:00:00,0.0,0.1920275665129543,2.787403364527349,89.32023651242393,0.08433333333333333,-2.2992874405730515
2021-09-29 15:30:00,0.0,0.2465586431366989,3.479680255765088,111.503726869201,0.08433333333333333,-2.272059805472814
2021-09-29 16:00:00,0.0,0.1952992399907028,2.9271545408975177,93.79845745637746,0.08366666666666667,-2.23930808713845
2021-09-29 16:30:00,0.0,0.0789475825524903,2.534176352437294,81.20576807952331,0.08366666666666667,-2.211975040184529
2021-09-29 17:00:00,0.0,0.0594802374981394,2.0211021301006515,64.76469196160458,0.08433333333333333,-2.1973835493646066
2021-09-29 17:30:00,0.0,0.0712430477568223,1.790158407886034,57.36427473036293,0.08433333333333333,-2.1958150600355815
2021-09-29 18:00:00,0.0,0.0724353956087233,2.1931235263061932,70.2769877383164,0.08433333333333333,-2.202791666149666
2021-09-29 18:30:00,0.0,0.0770867287381528,1.9347115773828545,61.9963719188751,0.08433333333333333,-2.213157388735389
2021-09-29 19:00:00,0.0,0.0701508494289367,1.6448868193374555,52.7091563456957,0.084,-2.222875427495313
2021-09-29 19:30:00,0.0,0.0744870918310485,1.2342312489595413,39.5500086105349,0.084,-2.2283535823190053
2021-09-29 20:00:00,0.0,0.0775820824292993,1.026705923548861,32.900016225545855,0.084,-2.226253610189202
2021-09-29 20:30:00,0.0,0.0692259968249143,0.8775577357461414,28.120675144353868,0.084,-2.2152684678059607
2021-09-29 21:00:00,0.0,0.0670982803006596,0.9074489710577016,29.07851721402138,0.08433333333333333,-2.1973836869658867
2021-09-29 21:30:00,0.0,0.0605275138517981,0.5466947947680534,17.51842198019076,0.08433333333333333,-2.1762944130993667
2021-09-29 22:00:00,0.0,0.0599417752874158,0.5466947947680534,17.51842198019076,0.08433333333333333,-2.1546127539987405
2021-09-29 22:30:00,0.0,0.0525597823360173,0.6071348115335904,19.455176689256,0.08433333333333333,-2.132942413493944
2021-09-29 23:00:00,0.0,0.0530851510327593,0.486127603486676,15.577592059773703,0.08433333333333333,-2.1110277958362884
2021-09-29 23:30:00,0.0,0.0487216504829497,0.486127603486676,15.577592059773703,0.08433333333333333,-2.088856218219989
2021-09-30 00:00:00,0.0,0.0509810675891805,0.6327347892436632,20.275508648697475,0.08433333333333333,-2.066866556360118
2021-09-30 00:30:00,0.0,0.0562462114238874,0.3897199677200841,12.488282152975996,0.08433333333333333,-2.046018789291361
2021-09-30 01:00:00,0.0,0.0615777475375775,0.5721731897296667,18.334857912244725,0.08433333333333333,-2.0279948991673336
2021-09-30 01:30:00,0.0,0.065922617185752,0.6327347892436632,20.275508648697475,0.08433333333333333,-2.0148981600854077
2021-09-30 02:00:00,0.0,0.0569990326466495,0.6024699061829649,19.305693318987988,0.08466666666666667,-2.0080334245400673
2021-09-30 02:30:00,0.0,0.0586312065631947,0.3591982005237328,11.510235165069918,0.08466666666666667,-2.006416985611895
2021-09-30 03:00:00,0.0,0.0528805696384772,0.3286439630790835,10.531147692570006,0.08366666666666667,-2.0065721038776623
2021-09-30 03:30:00,0.0,0.0543362664665903,0.3591982005237328,11.510235165069918,0.08366666666666667,-2.004306852780336
2021-09-30 04:00:00,0.0,0.0547224859773951,0.3897199677200841,12.488282152975996,0.08333333333333333,-1.997180712174353
2021-09-30 04:30:00,0.0,0.0555094847278242,0.2980571744834641,9.551017143011206,0.08333333333333333,-1.98565724554863
2021-09-30 05:00:00,0.0,0.0658034668920385,0.4202093452797518,13.465291239426564,0.08333333333333333,-1.9722801000312336
2021-09-30 05:30:00,0.0,0.0380208762666454,0.2980571744834641,9.551017143011206,0.08333333333333333,-1.959658484571044
2021-09-30 06:00:00,0.0,0.0560045682759983,0.3591982005237328,11.510235165069918,0.083,-1.9487734888188184
2021-09-30 06:30:00,0.0,0.0556438480589868,0.2980571744834641,9.551017143011206,0.083,-1.9391246059720808
2021-09-30 07:00:00,0.0,0.0633145671131625,0.3897199677200841,12.488282152975996,0.083,-1.9304346204455929
2021-09-30 07:30:00,0.0,0.0636890429193358,0.20610068836963,6.604340966514649,0.083,-1.923873640239291
2021-09-30 08:00:00,0.0,0.0631318129557193,0.2367856187651826,7.587616395961785,0.08266666666666667,-1.921569364716357
2021-09-30 08:30:00,0.0,0.0635616854380625,0.3591982005237328,11.510235165069918,0.08266666666666667,-1.9255320502591775
2021-09-30 09:00:00,0.0,0.0700622792563183,0.5114839419172084,16.390116782433733,0.08233333333333333,-1.9374315913225963
2021-09-30 09:30:00,0.0,0.1958463101002723,0.4202093452797518,13.465291239426564,0.08233333333333333,-1.9587361361342293
2021-09-30 10:00:00,0.0,0.2068509742540727,0.6629679172428622,21.244306411434177,0.08233333333333333,-1.9898282521022992
2021-09-30 10:30:00,0.0,0.2089356490964685,1.0233166936901383,32.79141091336586,0.08233333333333333,-2.0287213201456935
2021-09-30 11:00:00,0.0,0.1797509100484929,0.9036990672138794,28.9583543762737,0.082,-2.071970901468761
2021-09-30 11:30:00,0.0,0.1369024341745173,1.0233166936901383,32.79141091336586,0.082,-2.1177092825190247
2021-09-30 12:00:00,0.0,0.2016965822691096,1.349741534767999,43.25144851669596,0.08166666666666667,-2.1671272303765403
2021-09-30 12:30:00,0.0,0.1544633721207689,1.818095776669928,58.25950662219045,0.08166666666666667,-2.221857523803489
2021-09-30 13:00:00,0.0,0.1639720639544234,1.876115186240468,60.1186948010892,0.08166666666666667,-2.2799767361042225
2021-09-30 13:30:00,0.0,0.2307614627807182,2.336182086743612,74.8611913078503,0.08166666666666667,-2.335097152490951
2021-09-30 14:00:00,0.0,0.2718038744744558,2.7610600156778315,88.47608378601464,0.081,-2.379176806112618
2021-09-30 14:30:00,0.0,0.379482747986631,3.0409595064755455,97.44525166315756,0.081,-2.406425967202814
2021-09-30 15:00:00,0.0,0.3138737092783187,2.789169188671124,89.37682101403159,0.08,-2.4165411257501943
2021-09-30 15:30:00,0.0,0.3140563741919444,2.2218393608865945,71.19716497890317,0.08,-2.4155433763245724
2021-09-30 16:00:00,0.0,0.3709403113781444,2.620112198582198,83.9595173933976,0.07933333333333333,-2.4117444399553634
2021-09-30 16:30:00,0.0,0.4160055517556616,2.7610600156778315,88.47608378601464,0.07933333333333333,-2.409088671436987
2021-09-30 17:00:00,0.0,0.3733458061660237,2.535219735106139,81.23920248946204,0.07766666666666666,-2.4053337111361457
2021-09-30 17:30:00,0.0,0.2429678202566189,2.1931840698916507,70.278927811806,0.07766666666666666,-2.3970275856969208
2021-09-30 18:00:00,0.0,0.2781581240016094,1.5262574883411903,48.90776899116269,0.077,-2.3837503944538896
2021-09-30 18:30:00,0.0,0.1011775026409838,1.3202177800647434,42.305382085698184,0.077,-2.3667041470171992
2021-09-30 19:00:00,0.0,0.086456437719917,1.2018217579813633,38.51147093914589,0.07666666666666666,-2.346432712367026
2021-09-30 19:30:00,0.0,0.0816080064043718,0.6327347892436632,20.275508648697475,0.07666666666666666,-2.324053624292689
2021-09-30 20:00:00,0.0,0.0796861763562353,0.8136599534337978,26.07311894872386,0.07633333333333332,-2.3035156930246847
2021-09-30 20:30:00,0.0,0.0731941840971342,0.6931693682324807,22.212089108312895,0.07633333333333332,-2.2909923349003556
2021-09-30 21:00:00,0.0,0.0734988930869063,0.8737171930212967,27.997607852090137,0.07666666666666666,-2.29108490769907
2021-09-30 21:30:00,0.0,0.0586997757714643,0.5721731897296667,18.334857912244725,0.07666666666666666,-2.3022343312708813
2021-09-30 22:00:00,0.0,0.060756656575328,0.7534775500024329,24.14461926447126,0.07633333333333335,-2.3159663351508124
2021-09-30 22:30:00,0.0,0.0599319285294514,0.6629679172428622,21.244306411434177,0.07633333333333335,-2.322784588571774
2021-09-30 23:00:00,0.0,0.0623243654116889,0.5721731897296667,18.334857912244725,0.07633333333333335,-2.320079645519376
2021-09-30 23:30:00,0.0,0.0610601108122848,0.4506664135246412,14.441264998276443,0.07633333333333335,-2.3134622986510234
2021-10-01 00:00:00,0.0,0.0428086264287135,0.4757747488927536,15.245842650027017,0.07666666666666667,-2.3105787741591293
2021-10-01 00:30:00,0.0,0.0750757728376568,0.4452559680318897,14.267891356987148,0.07666666666666667,-2.3151940843382337
2021-10-01 01:00:00,0.0,0.06352824756793,0.3841210331086214,12.308868520174324,0.07633333333333335,-2.3270145338031862
2021-10-01 01:30:00,0.0,0.0818943918056641,0.3228557272286436,10.345668044475136,0.07633333333333335,-2.3448312496076382
2021-10-01 02:00:00,0.0,0.0666240332489874,0.6885048775211013,22.0626190248465,0.07633333333333335,-2.3678082061163788
2021-10-01 02:30:00,0.0,0.0472434875288591,0.5062611794411749,16.22275730172699,0.07633333333333335,-2.3934629297598384
2021-10-01 03:00:00,0.0,0.0373821496011266,0.3841210331086214,12.308868520174324,0.07633333333333335,-2.415608405768359
2021-10-01 03:30:00,0.0,0.0558329671398726,0.353504717186215,11.327791789719802,0.07633333333333335,-2.425601226607242
2021-10-01 04:00:00,0.0,0.0389321504306546,0.4452559680318897,14.267891356987148,0.07600000000000001,-2.41564570349791
2021-10-01 04:30:00,0.0,0.0404668487218041,0.353504717186215,11.327791789719802,0.07600000000000001,-2.380796764618593
2021-10-01 05:00:00,0.0,0.0633835774044414,0.3841210331086214,12.308868520174324,0.07600000000000001,-2.320012790679902
2021-10-01 05:30:00,0.0,0.0353543938630792,0.3841210331086214,12.308868520174324,0.07600000000000001,-2.2384659173261765
2021-10-01 06:00:00,0.0,0.0506658735200273,0.3841210331086214,12.308868520174324,0.07633333333333335,-2.1489487351062677
2021-10-01 06:30:00,0.0,2.541114567201921e-05,0.4757747488927536,15.245842650027017,0.07633333333333335,-2.067760751740293
2021-10-01 07:00:00,0.0,0.0349422051650024,0.414704756365184,13.288900843257176,0.07633333333333335,-2.0072118983075704
2021-10-01 07:30:00,0.0,0.0305356809152533,0.2614593982558151,8.378269032679253,0.07633333333333335,-1.9725343906113293
2021-10-01 08:00:00,0.0,0.0346817940549171,0.2921739815718804,9.36249466757824,0.07666666666666667,-1.9648711111302175
2021-10-01 08:30:00,0.0,2.2167424405618382e-05,0.1073910272808417,3.4412643961429197,0.07666666666666667,-1.9836174297516855
2021-10-01 09:00:00,0.0,2.26589022265558e-05,0.1691177982802681,5.419252173219417,0.07833333333333332,-2.024615724513043
2021-10-01 09:30:00,0.0,2.148704350693933e-05,0.4452559680318897,14.267891356987148,0.07833333333333332,-2.078953486564775
2021-10-01 10:00:00,0.0,2.6044719324839073e-05,0.8093637211733762,25.93544942930781,0.07866666666666666,-2.1360246212669436
2021-10-01 10:30:00,0.0,0.0387126335072854,1.2581377409238124,40.316074097721085,0.07866666666666666,-2.187658208295089
2021-10-01 11:00:00,0.0,0.0491438040750977,1.7000807560294942,54.47780437924666,0.078,-2.2299544632514823
2021-10-01 11:30:00,0.0,0.1356631083522032,2.2217338667666464,71.19378449947047,0.078,-2.2641821486516167
2021-10-01 12:00:00,0.0,0.2084506128059,2.5928041453816464,83.08445144434695,0.078,-2.297218719035642
2021-10-01 12:30:00,0.0,0.2154847249911926,2.4791254387591968,79.44170311048124,0.078,-2.3381504426383577
2021-10-01 13:00:00,0.0,0.2968199575183535,2.422121390786756,77.61505142746323,0.07766666666666666,-2.3909221924336053
2021-10-01 13:30:00,0.0,0.0987692623494086,2.6777769426354197,85.80734058354273,0.07766666666666666,-2.449957735685772
2021-10-01 14:00:00,0.0,0.2994075797348373,2.649479812082949,84.90058039743732,0.07733333333333332,-2.5040062105957537
2021-10-01 14:30:00,0.0,0.2554564584134323,2.7625062672108824,88.52242782456769,0.07733333333333332,-2.5441396310668667
2021-10-01 15:00:00,0.0,0.3214614008952572,2.6211555670878166,83.99295134948645,0.07533333333333335,-2.5681682363977116
2021-10-01 15:30:00,0.0,0.3234073757106112,2.5075861941787436,80.35370653192622,0.07533333333333335,-2.5794108253550267
2021-10-01 16:00:00,0.0,0.2492865535238579,2.6777769426354197,85.80734058354273,0.07400000000000001,-2.5835662821774283
2021-10-01 16:30:00,0.0,0.2289755946018323,2.706047020805947,86.71323389649149,0.07400000000000001,-2.586745980086992
2021-10-01 17:00:00,0.0,0.2853987704219368,2.019970830690929,64.72844032607573,0.074,-2.593843386019625
2021-10-01 17:30:00,0.0,0.0852120845686157,2.0777590840782136,66.58022127958957,0.074,-2.606235705175208
2021-10-01 18:00:00,0.0,0.057790486607149,1.9620684412425375,62.87300196864884,0.075,-2.620802085191893
2021-10-01 18:30:00,0.0,0.0782234170447267,1.5828833683306,50.72230256665611,0.075,-2.6322767479058653
2021-10-01 19:00:00,0.0,0.0439651896285524,1.4652129414560575,46.95164257079498,0.07466666666666666,-2.6370135846500196
2021-10-01 19:30:00,0.0,0.0382022149012286,1.0495750839492377,33.632841205883274,0.07466666666666666,-2.6346092476578407
2021-10-01 20:00:00,0.0,0.0475298481470955,0.9897090025103724,31.714477821078297,0.07466666666666666,-2.626594121646594
2021-10-01 20:30:00,0.0,0.0404921292472355,1.0196575180430687,32.67415539218937,0.07466666666666666,-2.61368885933795
2021-10-01 21:00:00,0.0,0.0276222398096133,0.718767085566916,23.0323486357235,0.074,-2.593721175194055
2021-10-01 21:30:00,0.0,0.0266383508488942,0.414704756365184,13.288900843257176,0.074,-2.5625907637820817
2021-10-01 22:00:00,0.0,0.0239143581542434,0.6582108745916265,21.091870570925632,0.07466666666666666,-2.5188756434271453
2021-10-01 22:30:00,0.0,0.0236952302240478,0.567137310129282,18.17348695220403,0.07466666666666666,-2.4681425286925
2021-10-01 23:00:00,0.0,0.021711738378774,0.5975271698147748,19.14730706350603,0.07466666666666666,-2.4219022746749364
2021-10-01 23:30:00,0.0,2.0880683040757896e-05,0.2921739815718804,9.36249466757824,0.07466666666666666,-2.3909709078343657
2021-10-02 00:00:00,0.0,2.0565235285475636e-05,0.6835625814109673,21.904246877101585,0.07466666666666666,-2.378024380854014
2021-10-02 00:30:00,0.0,2.0943965061442254e-05,0.5007571199102515,16.04638386925684,0.07466666666666666,-2.3740683506869793
2021-10-02 01:00:00,0.0,2.0282529430198737e-05,0.53130540830147,17.0252807088307,0.07533333333333332,-2.3612434507910924
2021-10-02 01:30:00,0.0,0.017354810614034,0.53130540830147,17.0252807088307,0.07533333333333332,-2.3227986883218885
2021-10-02 02:00:00,0.0,0.015823149334129,0.4089170978097752,13.10343969414576,0.076,-2.2562605720358686
2021-10-02 02:30:00,0.0,2.1134670164203873e-05,0.378238433966,12.120365071619505,0.076,-2.178258632619105
2021-10-02 03:00:00,0.0,0.0329790125320973,0.2860053272357519,9.164824796300095,0.07566666666666666,-2.112961242601512
2021-10-02 03:30:00,0.0,2.4993588956392983e-05,0.6227562458758267,19.955753759610666,0.07566666666666666,-2.074161573939597
2021-10-02 04:00:00,0.0,2.315705943392293e-05,0.5007571199102515,16.04638386925684,0.075,-2.0593420149077986
2021-10-02 04:30:00,0.0,2.275789808853537e-05,0.53130540830147,17.0252807088307,0.075,-2.0582754692183935
2021-10-02 05:00:00,0.0,2.1326666625175544e-05,0.5618213052240102,18.003139588244167,0.07500000000000001,-2.06265517900008
2021-10-02 05:30:00,0.0,2.129397227424847e-05,0.5007571199102515,16.04638386925684,0.07500000000000001,-2.068043944588684
2021-10-02 06:00:00,0.0,2.129397227424847e-05,0.2551949784735811,8.17753042997719,0.07466666666666667,-2.0720305559809535
2021-10-02 06:30:00,0.0,0.0579396034848227,0.4701763593847799,15.066446484655136,0.07466666666666667,-2.0740515272804867
2021-10-02 07:00:00,0.0,0.0819404367105239,0.378238433966,12.120365071619505,0.07466666666666667,-2.0761452783913747
2021-10-02 07:30:00,0.0,0.0651715809141235,0.4395630457679518,14.085465960816329,0.07466666666666667,-2.081907524771525
2021-10-02 08:00:00,0.0,0.0746318820127016,-0.0859237967038064,-2.753363198630852,0.07433333333333335,-2.094267254838649
2021-10-02 08:30:00,0.0,0.0920871107317488,0.4395630457679518,14.085465960816329,0.07433333333333335,-2.1146062843074245
2021-10-02 09:00:00,0.0,0.0992971765926974,0.4395630457679518,14.085465960816329,0.07433333333333335,-2.1434637636451623
2021-10-02 09:30:00,0.0,0.0960191035255072,0.6531754494907523,20.930514174978633,0.07433333333333335,-2.1806576376749214
2021-10-02 10:00:00,0.0,0.2173620223656007,0.7745323378678426,24.819304046656057,0.07400000000000001,-2.224321293355527
2021-10-02 10:30:00,0.0,0.2266737612587124,1.2251356625204306,39.25854740965545,0.07400000000000001,-2.2704741425499377
2021-10-02 11:00:00,0.0,0.3324202037541294,1.815266164193864,58.16883382656391,0.07400000000000001,-2.314230095134313
2021-10-02 11:30:00,0.0,0.3936248533032054,2.076982931831129,66.55535006677498,0.07400000000000001,-2.3520447160148996
2021-10-02 12:00:00,0.0,0.3620794814026882,2.307675868458854,73.94773106321108,0.07333333333333335,-2.383821081567248
2021-10-02 12:30:00,0.0,0.2137854053092972,2.479516114875589,79.45422203169659,0.07333333333333335,-2.4131051815417166
2021-10-02 13:00:00,0.0,0.1991364796845183,2.536574310385589,81.28260883167792,0.07266666666666667,-2.444406377586433
2021-10-02 13:30:00,0.0,0.2493604885734063,2.336385625151096,74.86771354246021,0.07266666666666667,-2.4786882025814565
2021-10-02 14:00:00,0.0,0.1819941265185923,2.1925558084109875,70.25879564695371,0.07233333333333335,-2.5104002144420474
2021-10-02 14:30:00,0.0,0.1762077405433482,2.1637052064121707,69.33429988618423,0.07233333333333335,-2.5300356430536364
2021-10-02 15:00:00,0.0,0.2327082134822285,2.1637052064121707,69.33429988618423,0.07200000000000001,-2.531713944702346
2021-10-02 15:30:00,0.0,0.2223903597150111,2.076982931831129,66.55535006677498,0.07200000000000001,-2.518386268965592
2021-10-02 16:00:00,0.0,0.2115988429815245,1.4626247183891627,46.868704916552325,0.07100000000000001,-2.4988167455573356
2021-10-02 16:30:00,0.0,0.2273301892462984,2.961036322657355,94.8841735743833,0.07100000000000001,-2.4804824201007825
2021-10-02 17:00:00,0.0,0.2807653807900891,1.786041536278918,57.23235268767671,0.06966666666666667,-2.4661126209036235
2021-10-02 17:30:00,0.0,0.2022633054782639,2.134826237367456,68.40889512484418,0.06966666666666667,-2.4551778179163364
2021-10-02 18:00:00,0.0,0.1384778842101818,1.551185646024847,49.70657298503703,0.07,-2.4463031751527264
2021-10-02 18:30:00,0.0,0.0739141515362993,1.1355741651628743,36.388616839796846,0.07,-2.4381556799455515
2021-10-02 19:00:00,0.0,0.0727841430332307,0.9856872482670233,31.58560374250671,0.07033333333333334,-2.4294777437673747
2021-10-02 19:30:00,0.0,0.0691037361778645,0.6835625814109673,21.904246877101585,0.07033333333333334,-2.4192779634552006
2021-10-02 20:00:00,0.0,0.0592868276546783,0.7442409467960629,23.84863928774325,0.07,-2.4073079602626364
2021-10-02 20:30:00,0.0,0.072562593122574,0.6835625814109673,21.904246877101585,0.07,-2.39408906558982
2021-10-02 21:00:00,0.0,0.0795102507895682,0.4395630457679518,14.085465960816329,0.07,-2.38021067645562
2021-10-02 21:30:00,0.0,0.079677479220561,0.6835625814109673,21.904246877101585,0.07,-2.3657638653456083
2021-10-02 22:00:00,0.0,0.075012239189804,0.4701763593847799,15.066446484655136,0.07,-2.350761342456736
2021-10-02 22:30:00,0.0,0.0664912042323176,0.53130540830147,17.0252807088307,0.07,-2.335664095481343
2021-10-02 23:00:00,0.0,0.0763502283689333,0.5007571199102515,16.04638386925684,0.07,-2.3208991577686775
2021-10-02 23:30:00,0.0,0.0662818231531717,0.378238433966,12.120365071619505,0.07,-2.3062563645217287
2021-10-03 00:00:00,0.0,0.0451486485902626,0.6173468100559812,19.782412472527408,0.07,-2.291816286708725
2021-10-03 00:30:00,0.0,0.0466513402588972,0.3720704036537061,11.92271519671404,0.07,-2.2793332062194045
2021-10-03 01:00:00,0.0,0.0449313250879094,0.7695904654292934,24.660945475147233,0.07,-2.271238157641317
2021-10-03 01:30:00,0.0,0.0460336769913442,0.6478599254373612,20.76018221955427,0.07,-2.267903285660765
2021-10-03 02:00:00,0.0,0.0641880123617129,0.5256130280105045,16.842872679774626,0.07,-2.26691254598057
2021-10-03 02:30:00,0.0,0.0622541715125992,0.7695904654292934,24.660945475147233,0.07,-2.265095124403355
2021-10-03 03:00:00,0.0,0.0446911080458847,0.4949700192320848,15.860940596900488,0.07,-2.2601821891994756
2021-10-03 03:30:00,0.0,0.0601892184321794,0.5562234420354469,17.82376028838046,0.07,-2.250640540034448
2021-10-03 04:00:00,0.0,0.0615635802731947,0.4335858914208595,13.893932562117117,0.07,-2.23565144605543
2021-10-03 04:30:00,0.0,0.0742131547958378,0.5256130280105045,16.842872679774626,0.07,-2.2163979359306296
2021-10-03 05:00:00,0.0,0.0728813538607791,0.4028446086517305,12.90885136340101,0.07,-2.1968299743026325
2021-10-03 05:30:00,0.0,0.087210350865387,0.5868013424377935,18.80360602249582,0.07,-2.182465796876137
2021-10-03 06:00:00,0.0,0.0766805038873821,0.4028446086517305,12.90885136340101,0.06966666666666667,-2.178067073999397
2021-10-03 06:30:00,0.0,0.0813153011963599,0.5562234420354469,17.82376028838046,0.06966666666666667,-2.1853320255186417
2021-10-03 07:00:00,0.0,0.0758276822521129,0.5562234420354469,17.82376028838046,0.07,-2.2016534720113947
2021-10-03 07:30:00,0.0,0.074870581871474,0.4949700192320848,15.860940596900488,0.07,-2.221612175269615
2021-10-03 08:00:00,0.0,0.0815301915929203,0.4642943342754957,14.877961430565248,0.06966666666666667,-2.2407771125151035
2021-10-03 08:30:00,0.0,0.0753900135174477,0.5868013424377935,18.80360602249582,0.06966666666666667,-2.2582415344713107
2021-10-03 09:00:00,0.0,0.0840770179567746,0.6173468100559812,19.782412472527408,0.06966666666666667,-2.2755065688572413
2021-10-03 09:30:00,0.0,0.0779631104830428,0.6783407688395509,21.73691783537118,0.06966666666666667,-2.2936559054637433
2021-10-03 10:00:00,0.0,0.0859633195364359,0.9512292212001612,30.481422278664105,0.06966666666666667,-2.3118417543754908
2021-10-03 10:30:00,0.0,0.0948752347428848,1.311122780674558,42.01393969635837,0.06966666666666667,-2.3279844881124916
2021-10-03 11:00:00,0.0,0.2992337903668949,1.5485975663570366,49.623639925909785,0.06933333333333334,-2.341466922605746
2021-10-03 11:30:00,0.0,0.098091612860321,1.66661280856485,53.405349268812984,0.06933333333333334,-2.356187379248346
2021-10-03 12:00:00,0.0,0.3663540816165939,1.7254419054738006,55.29048326721109,0.069,-2.3804011864274157
2021-10-03 12:30:00,0.0,0.4228757409779082,2.0759525815124356,66.5223332686583,0.069,-2.421022687837697
2021-10-03 13:00:00,0.0,0.3846397161917276,2.0759525815124356,66.5223332686583,0.06866666666666667,-2.4761062439069734
2021-10-03 13:30:00,0.0,0.3692576098092894,2.5939952202507626,83.1226185393456,0.06866666666666667,-2.5332852037296156
2021-10-03 14:00:00,0.0,0.378244516013057,2.2784985797490025,73.0127668734132,0.06866666666666667,-2.5770850147120594
2021-10-03 14:30:00,0.0,0.3838587921779045,2.249648771471406,72.08829654684101,0.06866666666666667,-2.5993372177879945
2021-10-03 15:00:00,0.0,0.3988207626348401,2.3648786632938212,75.78075143939812,0.06833333333333334,-2.6039799965521633
2021-10-03 15:30:00,0.0,0.4667106548876855,2.3073201205339973,73.93633138952504,0.06833333333333334,-2.6025127461405333
2021-10-03 16:00:00,0.0,0.4081398391471309,2.046903034525898,65.59146246594753,0.067,-2.6045581872069423
2021-10-03 16:30:00,0.0,0.402323349586204,2.046903034525898,65.59146246594753,0.067,-2.6120323926609452
2021-10-03 17:00:00,0.0,0.3863119061334851,1.871998490624465,59.98677839790533,0.06633333333333334,-2.620949373650313
2021-10-03 17:30:00,0.0,0.1203570867024623,2.162929078574089,69.30942945553772,0.06633333333333334,-2.6270259242275724
2021-10-03 18:00:00,0.0,0.0927343983822632,1.5781461863208597,50.57050314541082,0.066,-2.629132325172194
2021-10-03 18:30:00,0.0,0.1030310426562093,1.251449785112161,40.10176360269784,0.066,-2.6290354724463545
2021-10-03 19:00:00,0.0,0.1004321658176537,1.041622499382423,33.378006637111284,0.06633333333333334,-2.629590197293048
2021-10-03 19:30:00,0.0,0.0847658254879322,0.8605525759466954,27.575757636343457,0.06633333333333334,-2.633223988905679
2021-10-03 20:00:00,0.0,0.0678246035121179,0.9210352611650136,29.51387962376623,0.06633333333333334,-2.6411987626443163
2021-10-03 20:30:00,0.0,0.0397252036408702,1.161709661849165,37.22610910055006,0.06633333333333334,-2.653379507362314
2021-10-03 21:00:00,0.0,0.0378678218522644,0.5868013424377935,18.80360602249582,0.06633333333333334,-2.6683373564312967
2021-10-03 21:30:00,0.0,0.033283610550171,0.89080973865038,28.545325573040795,0.06633333333333334,-2.683828879490935
2021-10-03 22:00:00,0.0,0.0347704073601971,0.6783407688395509,21.73691783537118,0.068,-2.6976185365321417
2021-10-03 22:30:00,0.0,0.0465896694017494,0.7999430177430692,25.63357009988714,0.068,-2.7082226661878424
2021-10-03 23:00:00,0.0,0.0321328348370295,0.5868013424377935,18.80360602249582,0.068,-2.714993953011475
2021-10-03 23:30:00,0.0,0.045376236164091,0.7999430177430692,25.63357009988714,0.068,-2.7177318076638666
2021-10-04 00:00:00,0.0,2.5517348206729587e-05,0.7942913095990808,25.452465379076187,0.06833333333333334,-2.716735344987413
2021-10-04 00:30:00,0.0,2.4407976960880987e-05,0.3346622099903264,10.723997871465276,0.06833333333333334,-2.713506350729526
2021-10-04 01:00:00,0.0,2.3323586791183698e-05,0.9761112132755247,31.278746930472646,0.06833333333333334,-2.710734091193219
2021-10-04 01:30:00,0.0,2.2264834702587182e-05,0.6113190821748167,19.589258483108495,0.06833333333333334,-2.7106714156593705
2021-10-04 02:00:00,0.0,2.142254239945041e-05,0.5807104709450418,18.608428643712823,0.06866666666666667,-2.713392249835497
2021-10-04 02:30:00,0.0,2.081754396936355e-05,0.4579495164754261,14.674646534076787,0.06866666666666667,-2.7166142495339503
2021-10-04 03:00:00,0.0,2.0501635159916726e-05,0.3963719873836603,12.701441101263578,0.069,-2.7167381798236088
2021-10-04 03:30:00,0.0,2.0002751953599464e-05,0.3963719873836603,12.701441101263578,0.069,-2.710102308431715
2021-10-04 04:00:00,0.0,1.963234950156774e-05,0.4271772415111894,13.6885722138655,0.06866666666666667,-2.6939873307803195
2021-10-04 04:30:00,0.0,1.9355992488328196e-05,0.4271772415111894,13.6885722138655,0.06866666666666667,-2.6664652355158354
2021-10-04 05:00:00,0.0,1.899136979603452e-05,0.3963719873836603,12.701441101263578,0.06866666666666667,-2.624492917051132
2021-10-04 05:30:00,0.0,1.869115537551585e-05,0.4271772415111894,13.6885722138655,0.06866666666666667,-2.562368802759808
2021-10-04 06:00:00,0.0,1.797666136800657e-05,0.4579495164754261,14.674646534076787,0.068,-2.473991641897675
2021-10-04 06:30:00,0.0,1.7772036934789803e-05,0.4886888948125307,15.65966670670639,0.068,-2.3586936994359173
2021-10-04 07:00:00,0.0,1.7567111425925666e-05,0.3963719873836603,12.701441101263578,0.06933333333333334,-2.225610442746131
2021-10-04 07:30:00,0.0,1.7104215521809615e-05,0.3963719873836603,12.701441101263578,0.06933333333333334,-2.092033504849088
2021-10-04 08:00:00,0.0,1.713293228490567e-05,0.4886888948125307,15.65966670670639,0.06933333333333334,-1.9765750085782057
2021-10-04 08:30:00,0.0,1.7046893396410022e-05,0.3346622099903264,10.723997871465276,0.06933333333333334,-1.8920239266103231
2021-10-04 09:00:00,0.0,1.730601424113289e-05,0.3037575201441941,9.733680416328058,0.06933333333333334,-1.841950162511904
2021-10-04 09:30:00,0.0,1.803637070360901e-05,0.241848119418822,7.749840407556909,0.06933333333333334,-1.821748121311793
2021-10-04 10:00:00,0.0,1.800649708778187e-05,0.2728195179712656,8.74229549282724,0.06933333333333334,-1.822521874051836
2021-10-04 10:30:00,0.0,2.122990299606362e-05,0.4886888948125307,15.65966670670639,0.06933333333333334,-1.8364209281473056
2021-10-04 11:00:00,0.0,0.0579999781002894,0.7638764231536456,24.47784330414537,0.06966666666666667,-1.861479412706445
2021-10-04 11:30:00,0.0,0.0882501537065197,1.036464710956975,33.21272920080446,0.06966666666666667,-1.9027040284142505
2021-10-04 12:00:00,0.0,0.1042590764505532,1.4257297223044378,45.68643262028157,0.06933333333333334,-1.9683668876762557
2021-10-04 12:30:00,0.0,0.1167088504955162,1.7216588538030135,55.16925823237272,0.06933333333333334,-2.0639790552336947
2021-10-04 13:00:00,0.0,0.1472146215431068,2.101939175723613,67.35505406200798,0.069,-2.1864699913448744
2021-10-04 13:30:00,0.0,0.0797463015948675,1.8391953405660384,58.935626218476145,0.069,-2.320421808702217
2021-10-04 14:00:00,0.0,0.0721942318069371,2.0146193958682597,64.55695763716008,0.06866666666666667,-2.4407862860171172
2021-10-04 14:30:00,0.0,0.1749489785724305,1.751087324474804,56.11227135851529,0.06866666666666667,-2.524952863917237
2021-10-04 15:00:00,0.0,0.1677539658076326,1.86850578180831,59.87485718065413,0.06666666666666667,-2.5663520275184686
2021-10-04 15:30:00,0.0,0.2830449473011381,1.9270387376954976,61.75050156357658,0.06666666666666667,-2.576574360892968
2021-10-04 16:00:00,0.0,0.4397684213094953,1.4851564663797152,47.59071777094082,0.06466666666666666,-2.574497000589597
2021-10-04 16:30:00,0.0,0.2748217162206036,1.2167744426438858,38.990618430875585,0.06466666666666666,-2.5737759550786485
2021-10-04 17:00:00,0.0,0.2964193069826976,1.1567957144082,37.06864536450732,0.064,-2.578529346937275
2021-10-04 17:30:00,0.0,0.0951192418008267,1.4851564663797152,47.59071777094082,0.064,-2.586854717006696
2021-10-04 18:00:00,0.0,0.0711191667256498,1.514824412465409,48.54140470593395,0.063,-2.5956994905379656
2021-10-04 18:30:00,0.0,0.0666135825978939,1.2467173786766292,39.95011721112282,0.063,-2.602653808709641
2021-10-04 19:00:00,0.0,0.0671901383532808,1.0063036925127948,32.24624213432044,0.064,-2.6055691382910293
2021-10-04 19:30:00,0.0,0.0726845039626883,0.7638764231536456,24.47784330414537,0.064,-2.6032647640737197
2021-10-04 20:00:00,0.0,0.0706471587062683,0.8550251370350096,27.398635029266647,0.064,-2.5973533069427437
2021-10-04 20:30:00,0.0,0.0403251836446587,0.7029503081966431,22.52551194550637,0.064,-2.5917517816094673
2021-10-04 21:00:00,0.0,2.7518499793196832e-05,0.6724389201834547,21.54779755068916,0.06533333333333334,-2.589157346413028
2021-10-04 21:30:00,0.0,2.7336753840218357e-05,0.733429449221974,23.50219300994202,0.06533333333333334,-2.588307144015782
2021-10-04 22:00:00,0.0,2.615140070619018e-05,0.733429449221974,23.50219300994202,0.066,-2.585098502837177
2021-10-04 22:30:00,0.0,0.029044534602035,0.5500692902560516,17.62655514058436,0.066,-2.576182655321338
2021-10-04 23:00:00,0.0,0.022636320773067,0.4886888948125307,15.65966670670639,0.066,-2.5614785380260217
2021-10-04 23:30:00,0.0,0.020813658553705,0.3655336712562099,11.713250541833784,0.066,-2.5438342094706665
2021-10-05 00:00:00,0.0,0.0204591701582625,0.8433161767521904,27.02343023648872,0.066,-2.526831010628672
2021-10-05 00:30:00,0.0,0.0199323583400238,0.935304990267753,29.97114232016863,0.066,-2.512806609580682
2021-10-05 01:00:00,0.0,0.018553536154286,0.8433161767521904,27.02343023648872,0.066,-2.5023819768675075
2021-10-05 01:30:00,0.0,0.0173437326956351,0.7818271806633401,25.053061776917417,0.066,-2.4952058737101424
2021-10-05 02:00:00,0.0,2.1809250752999217e-05,0.7818271806633401,25.053061776917417,0.06533333333333334,-2.490795412688071
2021-10-05 02:30:00,0.0,2.142254239945041e-05,0.9046745680150504,28.989613563009105,0.06533333333333334,-2.488846412939379
2021-10-05 03:00:00,0.0,0.0145000368306147,0.6893473680913333,22.08961599914533,0.06433333333333334,-2.4887900056431533
2021-10-05 03:30:00,0.0,2.126252410024619e-05,0.7510335012688575,24.066301567897817,0.06433333333333334,-2.488455128752509
2021-10-05 04:00:00,0.0,0.0131906499056531,0.6893473680913333,22.08961599914533,0.06433333333333334,-2.4823400227134984
2021-10-05 04:30:00,0.0,0.0130368304530507,0.8740116572269891,28.00704373526069,0.06433333333333334,-2.461189992551122
2021-10-05 05:00:00,0.0,0.0121584336149743,0.8125880451448461,26.03877045682375,0.06466666666666666,-2.413693599686011
2021-10-05 05:30:00,0.0,2.072251014379171e-05,0.5965699882628936,19.116634903284307,0.06466666666666666,-2.3294764108554324
2021-10-05 06:00:00,0.0,2.0595910230385048e-05,0.7818271806633401,25.053061776917417,0.06466666666666666,-2.203769916560415
2021-10-05 06:30:00,0.0,2.0690509585885414e-05,0.627528983304559,20.108692527415577,0.06466666666666666,-2.0450602964031583
2021-10-05 07:00:00,0.0,2.012660790849096e-05,0.627528983304559,20.108692527415577,0.06566666666666666,-1.881253413434828
2021-10-05 07:30:00,0.0,2.0251039650258557e-05,0.5655776797554762,18.123509774292454,0.06566666666666666,-1.7542613115528505
2021-10-05 08:00:00,0.0,2.0501635159916726e-05,0.7510335012688575,24.066301567897817,0.067,-1.7005942648931835
2021-10-05 08:30:00,0.0,1.9878321150995864e-05,0.7510335012688575,24.066301567897817,0.067,-1.7312097220130316
2021-10-05 09:00:00,0.0,2.1070958489315396e-05,0.6893473680913333,22.08961599914533,0.06666666666666667,-1.8275001992748032
2021-10-05 09:30:00,0.0,2.100739016623664e-05,0.6893473680913333,22.08961599914533,0.06666666666666667,-1.955557253400829
2021-10-05 10:00:00,0.0,2.0848499999645363e-05,0.935304990267753,29.97114232016863,0.067,-2.084629081685468
2021-10-05 10:30:00,0.0,0.0079607296299656,1.209530052438825,38.75847741578643,0.067,-2.1966329113243375
2021-10-05 11:00:00,0.0,0.0449046749791986,1.4811878372483245,47.46354604647602,0.06666666666666667,-2.2862169902968854
2021-10-05 11:30:00,0.0,0.1487188744758668,2.2813094491858026,73.10283906249627,0.06666666666666667,-2.3570799700800587
2021-10-05 12:00:00,0.0,0.2274067373913622,1.5412132661458695,49.38701560029769,0.066,-2.4170493868320513
2021-10-05 12:30:00,0.0,0.3559343231284753,1.631020221298878,52.26481167990727,0.066,-2.4725196347906993
2021-10-05 13:00:00,0.0,0.4609379669911874,2.0170240767464516,64.63401382052787,0.06433333333333334,-2.5246056105808643
2021-10-05 13:30:00,0.0,0.5662902423289021,1.631020221298878,52.26481167990727,0.06433333333333334,-2.569315794605203
2021-10-05 14:00:00,0.0,0.5797981974865066,1.809809227766088,57.99397041835932,0.06366666666666666,-2.601103011133364
2021-10-05 14:30:00,0.0,0.5714563776925154,1.6907382712822925,54.178431508476216,0.06366666666666666,-2.6169075716621344
2021-10-05 15:00:00,0.0,0.651992564527566,1.601115294751303,51.30653088491763,0.06366666666666666,-2.617886877379099
2021-10-05 15:30:00,0.0,0.5382433866413275,1.7503344105929648,56.08814480157157,0.06366666666666666,-2.6079648714423445
2021-10-05 16:00:00,0.0,0.6194133392136478,1.4811878372483245,47.46354604647602,0.06333333333333334,-2.5907834805636174
2021-10-05 16:30:00,0.0,0.5149135257332587,1.869163307214916,59.895927085920945,0.06333333333333334,-2.568162136516008
2021-10-05 17:00:00,0.0,0.4110584266668518,1.4811878372483245,47.46354604647602,0.06133333333333333,-2.541885924715361
2021-10-05 17:30:00,0.0,0.1575350190665204,1.5412132661458695,49.38701560029769,0.06133333333333333,-2.516647355916219
2021-10-05 18:00:00,0.0,0.1417206438329899,1.209530052438825,38.75847741578643,0.06066666666666667,-2.500062179298366
2021-10-05 18:30:00,0.0,0.1148735711179409,1.6608945220701663,53.222111095016224,0.06066666666666667,-2.499018339318788
2021-10-05 19:00:00,0.0,0.0626356393666988,1.4811878372483245,47.46354604647602,0.06133333333333333,-2.5155336591208797
2021-10-05 19:30:00,0.0,0.0650983281803784,1.209530052438825,38.75847741578643,0.06133333333333333,-2.5454185389735335
2021-10-05 20:00:00,0.0,0.0597997392142907,1.4511286593382418,46.500322383024326,0.061,-2.579696918686491
2021-10-05 20:30:00,0.0,0.0589465473731088,0.658454748732071,21.099685333647447,0.061,-2.607505932325916
2021-10-05 21:00:00,0.0,0.07541820269143,1.1184097722647477,35.8385968273496,0.063,-2.6205475393561986
2021-10-05 21:30:00,0.0,0.0662016739891201,0.7818271806633401,25.053061776917417,0.063,-2.6176678174061316
2021-10-05 22:00:00,0.0,0.0687313410865178,0.5965699882628936,19.116634903284307,0.06266666666666666,-2.6049741072541543
2021-10-05 22:30:00,0.0,0.1213201961833115,1.1184097722647477,35.8385968273496,0.06266666666666666,-2.590113024613611
2021-10-05 23:00:00,0.0,0.1309330693307884,0.9659030048434184,30.95163259778313,0.06033333333333333,-2.5763438719533625
2021-10-05 23:30:00,0.0,0.1168092666192308,0.8740116572269891,28.00704373526069,0.06033333333333333,-2.5615915067686204
2021-10-06 00:00:00,0.0,0.1073411533462915,1.3509321259043436,43.289600110843125,0.06033333333333333,-2.5415711913140933
2021-10-06 00:30:00,0.0,3.243207941373169e-05,1.411949932921894,45.24486967234098,0.06033333333333333,-2.5139425854904203
2021-10-06 01:00:00,0.0,0.0473051890552905,1.259164556532094,40.34897762871109,0.06066666666666667,-2.4811165164351765
2021-10-06 01:30:00,0.0,0.0435698785025839,1.411949932921894,45.24486967234098,0.06066666666666667,-2.4490895259614565
2021-10-06 02:00:00,0.0,0.0449674545301177,1.3509321259043436,43.289600110843125,0.06066666666666667,-2.422739259516774
2021-10-06 02:30:00,0.0,0.0438403340173118,1.167106032809039,37.399031734058646,0.06066666666666667,-2.4027719679436723
2021-10-06 03:00:00,0.0,0.0434580790402172,1.3509321259043436,43.289600110843125,0.061,-2.387047807212391
2021-10-06 03:30:00,0.0,3.078563437100488e-05,1.32037513042037,42.3104242590552,0.061,-2.3727917134537773
2021-10-06 04:00:00,0.0,2.959832938613145e-05,1.3509321259043436,43.289600110843125,0.06066666666666667,-2.35664857003509
2021-10-06 04:30:00,0.0,0.0467273911798181,1.1363548245974733,36.4136324820327,0.06066666666666667,-2.3346633828297483
2021-10-06 05:00:00,0.0,0.0469365871326061,1.0747543688880572,34.43969238306496,0.06066666666666667,-2.304350428845296
2021-10-06 05:30:00,0.0,0.0374419539705484,1.0439049574081585,33.45114628144221,0.06066666666666667,-2.267145240209338
2021-10-06 06:00:00,0.0,2.9410165143584247e-05,1.2285108176734392,39.36670170851631,0.06066666666666667,-2.228686658493458
2021-10-06 06:30:00,0.0,0.0329599390382807,1.2285108176734392,39.36670170851631,0.06066666666666667,-2.1969834090957994
2021-10-06 07:00:00,0.0,2.8921487481622617e-05,0.7023717497971015,22.506972478366112,0.06066666666666667,-2.1795380063476877
2021-10-06 07:30:00,0.0,2.9183333930494853e-05,0.9201774935387906,29.486393107741332,0.06066666666666667,-2.1801385624388177
2021-10-06 08:00:00,0.0,3.005453953235084e-05,1.2285108176734392,39.36670170851631,0.06066666666666667,-2.1968796876551124
2021-10-06 08:30:00,0.0,2.9372021514339375e-05,1.0747543688880572,34.43969238306496,0.06066666666666667,-2.2230800990920634
2021-10-06 09:00:00,0.0,2.9372021514339375e-05,1.0747543688880572,34.43969238306496,0.06066666666666667,-2.2504546793345237
2021-10-06 09:30:00,0.0,3.0476424600834423e-05,0.9511589982852774,30.479172038370276,0.06066666666666667,-2.2724789173486224
2021-10-06 10:00:00,0.0,3.140724455409311e-05,1.2285108176734392,39.36670170851631,0.06066666666666667,-2.286681895072908
2021-10-06 10:30:00,0.0,0.0006485740826355,1.4728400232879046,47.19604665015781,0.06066666666666667,-2.295023651434355
2021-10-06 11:00:00,0.0,0.078472419185835,1.71513575801225,54.96023055226048,0.06066666666666667,-2.3017469071668923
2021-10-06 11:30:00,0.0,0.0767717200115793,1.594239570991394,51.08620350774474,0.06066666666666667,-2.310939816569749
2021-10-06 12:00:00,0.0,0.0053837155533125,1.6547502755575578,53.02522335401649,0.06066666666666667,-2.3268645333154505
2021-10-06 12:30:00,0.0,0.0810006474481161,1.8955469766656157,60.74137185555575,0.06066666666666667,-2.354530968598729
2021-10-06 13:00:00,0.0,0.0869140089197939,2.1046310008851616,67.44131156716112,0.06,-2.3959959724799926
2021-10-06 13:30:00,0.0,0.1393121505034149,1.6245106144946306,52.056216244184654,0.06,-2.446261009011827
2021-10-06 14:00:00,0.0,0.1587983492175598,2.664760154644169,85.3902274391709,0.06,-2.496158967857204
2021-10-06 14:30:00,0.0,0.0916525237750082,2.4302129236275873,77.8743384887794,0.06,-2.5390044156807146
2021-10-06 15:00:00,0.0,0.1540507998828255,2.312236010184528,74.09385736220707,0.06,-2.5722924129558487
2021-10-06 15:30:00,0.0,0.0954089446774255,3.613128035289169,115.77996021986638,0.06,-2.594839763491811
2021-10-06 16:00:00,0.0,0.2766046596454325,2.6355434236627735,84.45399935155768,0.05933333333333333,-2.605949542843733
2021-10-06 16:30:00,0.0,0.3242021382077489,2.1046310008851616,67.44131156716112,0.05933333333333333,-2.607688946240536
2021-10-06 17:00:00,0.0,0.3059885458302148,2.1937842265590506,70.29815937913453,0.05833333333333333,-2.605707853376457
2021-10-06 17:30:00,0.0,0.0871561578335946,2.2530697620654663,72.19791960780766,0.05833333333333333,-2.6061524391196955
2021-10-06 18:00:00,0.0,0.0605439042461874,1.9255076272708296,61.70143828590447,0.058666666666666666,-2.6115117008656377
2021-10-06 18:30:00,0.0,0.0445191944477061,1.745281732544701,55.9262355479503,0.058666666666666666,-2.619522354226109
2021-10-06 19:00:00,0.0,0.0291210939060659,1.5336030273614911,49.1431512436756,0.059,-2.6253370474357896
2021-10-06 19:30:00,0.0,0.0287303095387174,1.594239570991394,51.08620350774474,0.059,-2.6241099435082407
2021-10-06 20:00:00,0.0,0.0171216531693892,1.411949932921894,45.24486967234098,0.06,-2.61209556694418
2021-10-06 20:30:00,0.0,0.0121588908029083,1.6547502755575578,53.02522335401649,0.06,-2.5871148972954083
2021-10-06 21:00:00,0.0,2.1809250752999217e-05,1.259164556532094,40.34897762871109,0.059666666666666666,-2.5505835167844944
2021-10-06 21:30:00,0.0,1.9940463453652268e-05,1.38145703356934,44.267747732696094,0.059666666666666666,-2.5106650038744345
2021-10-06 22:00:00,0.0,0.0085583421560621,1.2897859673237004,41.33021762040284,0.059,-2.481647962292867
2021-10-06 22:30:00,0.0,0.0126858006248745,1.1978246700843973,38.383387275022706,0.059,-2.476121609420887
2021-10-06 23:00:00,0.0,0.0175747214722097,1.1363548245974733,36.4136324820327,0.06,-2.495454004041192
2021-10-06 23:30:00,0.0,0.0138671497189316,1.1978246700843973,38.383387275022706,0.06,-2.52817180134657
2021-10-07 00:00:00,0.0,0.0175907087873892,1.5215237002592925,48.75607832577292,0.059666666666666666,-2.5578196739974155
2021-10-07 00:30:00,0.0,0.0129484115059778,1.3365748538443771,42.82953216646549,0.059666666666666666,-2.5723117815378225
2021-10-07 01:00:00,0.0,0.0206946776172055,1.460004596081775,46.784745075229885,0.05933333333333333,-2.5677155477740365
2021-10-07 01:30:00,0.0,0.0260074341540793,1.70530572657839,54.64523461598133,0.05933333333333333,-2.546588754975889
2021-10-07 02:00:00,0.0,0.0240194537545557,1.30563537027726,41.83809977280625,0.06,-2.5148594680779777
2021-10-07 02:30:00,0.0,0.0331351043760363,1.5215237002592925,48.75607832577292,0.06,-2.4797011950972108
2021-10-07 03:00:00,0.0,0.0225446890552672,1.613559476598469,51.70529529768176,0.06,-2.4478620231608423
2021-10-07 03:30:00,0.0,1.794792707733554e-05,1.460004596081775,46.784745075229885,0.06,-2.422783720986791
2021-10-07 04:00:00,0.0,1.7190477336829144e-05,1.460004596081775,46.784745075229885,0.06033333333333333,-2.400263360980722
2021-10-07 04:30:00,0.0,1.667489182998962e-05,1.3983551987320892,44.809236678347375,0.06033333333333333,-2.3667558874763417
2021-10-07 05:00:00,0.0,1.625198723649171e-05,1.2126186800210612,38.85745015495112,0.06033333333333333,-2.3067439194181243
2021-10-07 05:30:00,0.0,1.6476819770768957e-05,1.2746629022677582,40.84561041759186,0.06033333333333333,-2.217115259765037
2021-10-07 06:00:00,0.0,1.6960170044097344e-05,1.3674814358147394,43.81991025329522,0.06066666666666667,-2.1131229159803886
2021-10-07 06:30:00,0.0,1.6618685413519377e-05,0.9631056330703004,30.861992931142904,0.06066666666666667,-2.0165332855734337
2021-10-07 07:00:00,0.0,1.6392350536890145e-05,0.7430025568607114,23.808956017166818,0.06166666666666667,-1.9397010167953856
2021-10-07 07:30:00,0.0,1.613997829207237e-05,0.8375378592537402,26.838268414495666,0.06166666666666667,-1.884110629393677
2021-10-07 08:00:00,0.0,1.6055878204893987e-05,0.6481564918955843,20.76968546782011,0.06166666666666667,-1.8503412815111444
2021-10-07 08:30:00,0.0,1.70182879840305e-05,0.8060604734099179,25.8295993484598,0.06166666666666667,-1.843251386449476
2021-10-07 09:00:00,0.0,1.6646770254289465e-05,0.7430025568607114,23.808956017166818,0.06066666666666667,-1.8672318533805543
2021-10-07 09:30:00,0.0,1.6989719638425015e-05,1.025685676028946,32.8673231639891,0.06066666666666667,-1.9198345291931855
2021-10-07 10:00:00,0.0,0.0178683274652939,3.135555859204627,100.4765203724163,0.06066666666666667,-1.9906734977483755
2021-10-07 10:30:00,0.0,0.0917174971062446,2.518340437855838,80.69831815182114,0.06066666666666667,-2.063005201503043
2021-10-07 11:00:00,0.0,0.1922504663163334,2.7844374921600425,89.22519737144965,0.06066666666666667,-2.1171343877679294
2021-10-07 11:30:00,0.0,0.1843603866017039,3.135555859204627,100.4765203724163,0.06066666666666667,-2.141333762862488
2021-10-07 12:00:00,0.0,0.1162057624154776,3.2516795813899573,104.19761738417064,0.061,-2.145856689670873
2021-10-07 12:30:00,0.0,0.138076076708784,3.2516795813899573,104.19761738417064,0.061,-2.1601887636050288
2021-10-07 13:00:00,0.0,0.2008579096006535,3.367352570751498,107.90427100285989,0.06066666666666667,-2.2073666032111237
2021-10-07 13:30:00,0.0,0.141570513082944,3.106454004787916,99.54397341759424,0.06066666666666667,-2.281326168893787
2021-10-07 14:00:00,0.0,0.1808299225552536,2.989760881917696,95.8046303907522,0.06033333333333333,-2.3527532732861363
2021-10-07 14:30:00,0.0,0.1628327407965631,2.989760881917696,95.8046303907522,0.06033333333333333,-2.3942848189100365
2021-10-07 15:00:00,0.0,0.1225154198610771,2.901939154113182,92.99044942281068,0.06,-2.398620082884806
2021-10-07 15:30:00,0.0,0.1728853629918827,2.518340437855838,80.69831815182114,0.06,-2.378585161581611
2021-10-07 16:00:00,0.0,0.0932162778137755,2.2797785414037444,73.05378227835361,0.059666666666666666,-2.3551668163486728
2021-10-07 16:30:00,0.0,0.0665321462568504,2.339600404852745,74.970728731055,0.059666666666666666,-2.344193233452758
2021-10-07 17:00:00,0.0,0.0566848348145987,2.607305923378356,83.54914997237516,0.058666666666666666,-2.3498737503912404
2021-10-07 17:30:00,0.0,0.0491664063167806,2.518340437855838,80.69831815182114,0.058666666666666666,-2.3668600519150984
2021-10-07 18:00:00,0.0,0.0473156312676264,2.4886255861021347,79.7461281601073,0.059666666666666666,-2.386517325568734
2021-10-07 18:30:00,0.0,0.038855969357572,2.2198347722375926,71.1329294489768,0.059666666666666666,-2.4025338470102793
2021-10-07 19:00:00,0.0,0.0217465027874993,2.00906295930703,64.37890582229494,0.059,-2.4141430912290796
2021-10-07 19:30:00,0.0,2.1550467758537072e-05,1.91826640388403,61.46939874911576,0.059,-2.4258611633340004
2021-10-07 20:00:00,0.0,2.0314055965768233e-05,2.00906295930703,64.37890582229494,0.06033333333333333,-2.443131190002678
2021-10-07 20:30:00,0.0,2.0880683040757896e-05,1.644173622904171,52.68630250440689,0.06033333333333333,-2.4664980484895547
2021-10-07 21:00:00,0.0,2.022075087988744e-05,1.4907803941048756,47.7709322892028,0.059,-2.489670617588932
2021-10-07 21:30:00,0.0,2.0565235285475636e-05,1.3983551987320892,44.809236678347375,0.059,-2.503856107998639
2021-10-07 22:00:00,0.0,0.0348832217700719,1.5522345956004395,49.74018578229983,0.05933333333333333,-2.504529525645422
2021-10-07 22:30:00,0.0,0.0350943889566066,1.5215237002592925,48.75607832577292,0.05933333333333333,-2.4945777916886676
2021-10-07 23:00:00,0.0,0.0246219560465613,1.3674814358147394,43.81991025329522,0.06133333333333333,-2.481573221336025
2021-10-07 23:30:00,0.0,0.0235803337140953,1.4907803941048756,47.7709322892028,0.06133333333333333,-2.472165737505468
2021-10-08 00:00:00,0.0,2.0565235285475636e-05,1.752718312854412,56.16453514985225,0.06233333333333333,-2.468501872601893
2021-10-08 00:30:00,0.0,1.8720793614813047e-05,1.8758612682868925,60.110558191958006,0.06233333333333333,-2.469040276019639
2021-10-08 01:00:00,0.0,1.812514753180875e-05,1.7218513358921046,55.17542617560648,0.063,-2.471727917220343
2021-10-08 01:30:00,0.0,1.713293228490567e-05,1.7835527132701974,57.15260023325784,0.063,-2.4754872052058725
2021-10-08 02:00:00,0.0,1.7772036934789803e-05,1.752718312854412,56.16453514985225,0.06266666666666666,-2.478401901244381
2021-10-08 02:30:00,0.0,1.8541318940128655e-05,1.8143546185920685,58.13962403591057,0.06266666666666666,-2.4753675341336625
2021-10-08 03:00:00,0.0,0.0288101326227595,1.7218513358921046,55.17542617560648,0.063,-2.4592534542274653
2021-10-08 03:30:00,0.0,0.0299362548474887,1.690951700633475,54.18527069090992,0.063,-2.4256092520153123
2021-10-08 04:00:00,0.0,0.0333175505257638,1.906566174091603,61.094473718311505,0.06266666666666666,-2.3761500720069844
2021-10-08 04:30:00,0.0,0.0334028586540703,1.690951700633475,54.18527069090992,0.06266666666666666,-2.3172627398826053
2021-10-08 05:00:00,0.0,0.0292996789871336,1.7835527132701974,57.15260023325784,0.06066666666666667,-2.255565759918958
2021-10-08 05:30:00,0.0,0.0210078822838748,1.7835527132701974,57.15260023325784,0.06066666666666667,-2.1954063314379115
2021-10-08 06:00:00,0.0,0.0309883573791045,1.752718312854412,56.16453514985225,0.06066666666666667,-2.1392633325607435
2021-10-08 06:30:00,0.0,0.0288813726525651,1.7835527132701974,57.15260023325784,0.06066666666666667,-2.0886587115066995
2021-10-08 07:00:00,0.0,0.018582480164709,1.7835527132701974,57.15260023325784,0.06033333333333333,-2.044165548217108
2021-10-08 07:30:00,0.0,1.4662316184265649e-05,1.752718312854412,56.16453514985225,0.06033333333333333,-2.0052332136083444
2021-10-08 08:00:00,0.0,1.4555363789987431e-05,-0.7260350211661444,-23.265244145193556,0.06033333333333333,-1.971529298128729
2021-10-08 08:30:00,0.0,1.44760033753487e-05,1.31757856163316,42.2208103234922,0.06033333333333333,-1.945533655493664
2021-10-08 09:00:00,0.0,1.4635974128929488e-05,1.3801409414698231,44.22557455492893,0.06066666666666667,-1.9328109571930776
2021-10-08 09:30:00,0.0,1.5174604064334126e-05,1.4737328914809944,47.22465793734937,0.06066666666666667,-1.9386048116517536
2021-10-08 10:00:00,0.0,0.0319028423886292,1.629054126733666,52.20180966383547,0.06233333333333333,-1.964269316556406
2021-10-08 10:30:00,0.0,0.0391608227450434,3.605916487213025,115.54887160600474,0.06233333333333333,-2.0069047477578783
2021-10-08 11:00:00,0.0,0.1346244636164456,3.3439820447418582,107.15538014007129,0.06233333333333333,-2.0618210440699
2021-10-08 11:30:00,0.0,0.1750600443462354,2.7535271796935032,88.23469974368619,0.06233333333333333,-2.1256158444962923
2021-10-08 12:00:00,0.0,0.1412558828301938,2.7535271796935032,88.23469974368619,0.06233333333333333,-2.1975891512407273
2021-10-08 12:30:00,0.0,0.1713637047690149,3.285461107026138,105.28012087038056,0.06233333333333333,-2.2777861458116098
2021-10-08 13:00:00,0.0,0.1972740638122204,3.48978442106328,111.82750721820986,0.062,-2.3630255336269808
2021-10-08 13:30:00,0.0,0.1487132760622223,3.48978442106328,111.82750721820986,0.062,-2.4448590888201167
2021-10-08 14:00:00,0.0,0.15252858190375,3.402388434703884,109.02696881347076,0.061,-2.5113151905600617
2021-10-08 14:30:00,0.0,0.232619815471536,3.168073412908158,101.51852083225909,0.061,-2.5513688585490115
2021-10-08 15:00:00,0.0,0.2224100613981579,3.1386540441609916,100.57579937041974,0.06,-2.5608332275816776
2021-10-08 15:30:00,0.0,0.2818520611490848,3.605916487213025,115.54887160600474,0.06,-2.5469629837588457
2021-10-08 16:00:00,0.0,0.280002089799409,3.402388434703884,109.02696881347076,0.059666666666666666,-2.5268621730920064
2021-10-08 16:30:00,0.0,0.2205928918228032,3.576925691459392,114.61988344219913,0.059666666666666666,-2.5178798205947084
2021-10-08 17:00:00,0.0,0.0834525402579853,2.693830271691108,86.32175739393823,0.06,-2.526302203339234
2021-10-08 17:30:00,0.0,0.0886151461199697,2.9615239565338967,94.89979943382598,0.06,-2.544166249953588
2021-10-08 18:00:00,0.0,0.0819479221802699,2.5740736717914987,82.48424755841049,0.059666666666666666,-2.5573454227553603
2021-10-08 18:30:00,0.0,0.0651585085672178,2.4538294309231854,78.63111163617707,0.059666666666666666,-2.5574787275868416
2021-10-08 19:00:00,0.0,0.037773824404,2.1206041514931924,67.95315911973083,0.057666666666666665,-2.5470026017490706
2021-10-08 19:30:00,0.0,2.3390961103196077e-05,2.242214226175147,71.85006215540884,0.057666666666666665,-2.5344670501616298
2021-10-08 20:00:00,0.0,2.0848499999645363e-05,2.2118588628035276,70.87734745244248,0.057666666666666665,-2.5266638527975185
2021-10-08 20:30:00,0.0,0.0411193427915603,2.029064873464471,65.01985206135738,0.057666666666666665,-2.524720321967435
2021-10-08 21:00:00,0.0,0.0387205920418598,2.1206041514931924,67.95315911973083,0.057666666666666665,-2.5256783922552115
2021-10-08 21:30:00,0.0,2.272486421650997e-05,2.1814721142355284,69.90362703455189,0.057666666666666665,-2.526430027447472
2021-10-08 22:00:00,0.0,0.0289161343920642,1.906566174091603,61.094473718311505,0.057666666666666665,-2.5257990637237335
2021-10-08 22:30:00,0.0,0.0346775374478211,1.8143546185920685,58.13962403591057,0.057666666666666665,-2.523206260442904
2021-10-08 23:00:00,0.0,0.0485492596326197,1.8758612682868925,60.110558191958006,0.057999999999999996,-2.5168934839147674
2021-10-08 23:30:00,0.0,0.0492112786774902,1.937238907668662,62.077358309917805,0.057999999999999996,-2.5049249750494944
2021-10-09 00:00:00,0.0,0.057190751049664,2.2301389576831268,71.46311929260536,0.058666666666666666,-2.487854409726349
2021-10-09 00:30:00,0.0,0.0449043019358266,2.260839626349176,72.4468990430492,0.058666666666666666,-2.4692867822385716
2021-10-09 01:00:00,0.0,0.0348520282069069,2.137844054970845,68.50559881169353,0.06033333333333333,-2.4533266148352135
2021-10-09 01:30:00,0.0,0.0545405052978137,2.2301389576831268,71.46311929260536,0.06033333333333333,-2.441414572203662
2021-10-09 02:00:00,0.0,0.0532440146131892,2.199406193004638,70.47831104967321,0.06066666666666667,-2.4313522804519887
2021-10-09 02:30:00,0.0,0.0560233274216604,2.199406193004638,70.47831104967321,0.06066666666666667,-2.4191763245587383
2021-10-09 03:00:00,0.0,0.0501737383207647,2.199406193004638,70.47831104967321,0.06066666666666667,-2.402226140781922
2021-10-09 03:30:00,0.0,0.0475949418509583,2.137844054970845,68.50559881169353,0.06066666666666667,-2.3805296106248286
2021-10-09 04:00:00,0.0,0.0409517661770757,2.137844054970845,68.50559881169353,0.06066666666666667,-2.355601775474206
2021-10-09 04:30:00,0.0,0.0491112663044828,2.2301389576831268,71.46311929260536,0.06066666666666667,-2.3288717109231203
2021-10-09 05:00:00,0.0,0.0503533017637516,2.137844054970845,68.50559881169353,0.06033333333333333,-2.3014487843967957
2021-10-09 05:30:00,0.0,0.0539965481840095,2.0452581161570835,65.53875229862265,0.06033333333333333,-2.2743355223191166
2021-10-09 06:00:00,0.0,0.0512896920878136,2.0452581161570835,65.53875229862265,0.06066666666666667,-2.247942615387473
2021-10-09 06:30:00,0.0,0.0511687627482714,2.014331083335172,64.54771887969405,0.06066666666666667,-2.2218959995812098
2021-10-09 07:00:00,0.0,0.0549272307441883,2.2915082788000087,73.42965285804657,0.06066666666666667,-2.196339666496853
2021-10-09 07:30:00,0.0,0.0595686059196754,2.2915082788000087,73.42965285804657,0.06066666666666667,-2.173633646652096
2021-10-09 08:00:00,0.0,0.0584047496245645,2.2301389576831268,71.46311929260536,0.06033333333333333,-2.1579487351124267
2021-10-09 08:30:00,0.0,0.054561178024894,2.168641252226636,69.492471747923,0.06033333333333333,-2.15240880096586
2021-10-09 09:00:00,0.0,0.0551944461294724,2.322144994544362,74.41138328539489,0.06033333333333333,-2.1565901238153726
2021-10-09 09:30:00,0.0,0.1411398682428367,2.474852285449327,79.30477313861256,0.06033333333333333,-2.167498374201016
2021-10-09 10:00:00,0.0,0.108928108624607,2.9582764606292975,94.79573587920616,0.06033333333333333,-2.183496390686857
2021-10-09 10:30:00,0.0,0.1508665349972456,3.0181535892730356,96.7144532633514,0.06033333333333333,-2.206235812719713
2021-10-09 11:00:00,0.0,0.1217764968196454,3.0181535892730356,96.7144532633514,0.06,-2.237048877713905
2021-10-09 11:30:00,0.0,0.1358270796409589,3.0181535892730356,96.7144532633514,0.06,-2.272925144783343
2021-10-09 12:00:00,0.0,0.222387699733745,3.077910271036947,98.62931101816194,0.057333333333333326,-2.30991179854286
2021-10-09 12:30:00,0.0,0.2410342006872328,3.107743625966333,99.58529835467851,0.057333333333333326,-2.348876050966821
2021-10-09 13:00:00,0.0,0.2728110804067528,3.2267788211504747,103.3996913207116,0.056666666666666664,-2.391970396730522
2021-10-09 13:30:00,0.0,0.2483067675405812,3.2564634216785957,104.35091193473932,0.056666666666666664,-2.4339180837596865
2021-10-09 14:00:00,0.0,0.314839847879186,2.988230117264897,95.75557819307858,0.056333333333333326,-2.4626098656990667
2021-10-09 14:30:00,0.0,0.2622462174691343,3.107743625966333,99.58529835467851,0.056333333333333326,-2.469637786049585
2021-10-09 15:00:00,0.0,0.2698626887277814,3.048046949625474,97.67236342834958,0.056666666666666664,-2.4578057503869073
2021-10-09 15:30:00,0.0,0.2800502587700884,2.7175517185885933,87.08189325165596,0.056666666666666664,-2.4381975224042263
2021-10-09 16:00:00,0.0,0.2992910130956538,3.0181535892730356,96.7144532633514,0.056999999999999995,-2.421445818910951
2021-10-09 16:30:00,0.0,0.2836356571665565,3.107743625966333,99.58529835467851,0.056999999999999995,-2.411728990439503
2021-10-09 17:00:00,0.0,0.083881026471883,2.7779165245373805,89.0162378868776,0.055,-2.4070394879550916
2021-10-09 17:30:00,0.0,0.0830199685733209,2.7175517185885933,87.08189325165596,0.055,-2.4030022506236035
2021-10-09 18:00:00,0.0,0.072779994253033,2.5660984459713845,82.22868746776913,0.055,-2.3961072672502093
2021-10-09 18:30:00,0.0,0.0412912631395552,2.5052990346514283,80.28041623152649,0.055,-2.3851231979475727
2021-10-09 19:00:00,0.0,3.0093290408167564e-05,2.3833229325141945,76.3717841223704,0.05433333333333334,-2.37134319533266
2021-10-09 19:30:00,0.0,0.0658457894536864,2.322144994544362,74.41138328539489,0.05433333333333334,-2.3578848105577923
2021-10-09 20:00:00,0.0,0.0745537789151999,2.3833229325141945,76.3717841223704,0.05433333333333334,-2.3482059919390212
2021-10-09 20:30:00,0.0,0.0695369062603223,2.2915082788000087,73.42965285804657,0.05433333333333334,-2.344315572766454
2021-10-09 21:00:00,0.0,0.053766826831468,2.2301389576831268,71.46311929260536,0.054,-2.345490707512745
2021-10-09 21:30:00,0.0,0.0538644824665982,2.2301389576831268,71.46311929260536,0.054,-2.348661618473338
2021-10-09 22:00:00,0.0,0.0524345518290265,2.137844054970845,68.50559881169353,0.05466666666666667,-2.350613691386053
2021-10-09 22:30:00,0.0,0.0598544508454357,2.168641252226636,69.492471747923,0.05466666666666667,-2.3499709043920864
2021-10-09 23:00:00,0.0,0.0584469243113834,2.137844054970845,68.50559881169353,0.054,-2.3473205064958216
2021-10-09 23:30:00,0.0,0.0518595879977971,2.168641252226636,69.492471747923,0.054,-2.344439716586638
2021-10-10 00:00:00,0.0,0.0603093192163971,2.5843769892392845,82.81440958770646,0.05433333333333334,-2.344069646462646
2021-10-10 00:30:00,0.0,0.0596093975430805,2.4612640426593853,78.86934815662698,0.05433333333333334,-2.349173908050841
2021-10-10 01:00:00,0.0,0.0650376968947992,2.492090470732929,79.85715777234404,0.054,-2.360754724526789
2021-10-10 01:30:00,0.0,0.0588180035664573,2.4612640426593853,78.86934815662698,0.054,-2.376510399541912
2021-10-10 02:00:00,0.0,0.0597863057103585,2.4304053530753356,77.88050474516108,0.05366666666666667,-2.3924478122435167
2021-10-10 02:30:00,0.0,0.0586435893603301,2.151211953131366,68.93396301637482,0.05366666666666667,-2.4054655129741347
2021-10-10 03:00:00,0.0,0.0638671396755627,2.553646863979572,81.82968592295644,0.05366666666666667,-2.4147612904115636
2021-10-10 03:30:00,0.0,0.0559478482295904,2.5843769892392845,82.81440958770646,0.05366666666666667,-2.422481527387075
2021-10-10 04:00:00,0.0,0.0344714839195197,2.4304053530753356,77.88050474516108,0.05366666666666667,-2.4326742623367026
2021-10-10 04:30:00,0.0,0.0504689445795263,2.4304053530753356,77.88050474516108,0.05366666666666667,-2.4466725579323687
2021-10-10 05:00:00,0.0,0.0446341381615687,2.553646863979572,81.82968592295644,0.05366666666666667,-2.458734310173909
2021-10-10 05:30:00,0.0,0.0432294588731073,2.4304053530753356,77.88050474516108,0.05366666666666667,-2.458909872913419
2021-10-10 06:00:00,0.0,0.0282719542869972,2.492090470732929,79.85715777234404,0.05333333333333334,-2.4417303243473585
2021-10-10 06:30:00,0.0,0.0277711967623802,2.399514321206489,76.89062494959511,0.05333333333333334,-2.410903066787836
2021-10-10 07:00:00,0.0,0.0229385875789483,2.522884717776764,80.84393617125859,0.05333333333333334,-2.3752328311412345
2021-10-10 07:30:00,0.0,2.5586480963000708e-05,2.4304053530753356,77.88050474516108,0.05333333333333334,-2.3424430012663287
2021-10-10 08:00:00,0.0,2.4717075866233703e-05,2.553646863979572,81.82968592295644,0.05366666666666667,-2.3184205828977213
2021-10-10 08:30:00,0.0,0.0236239390462733,2.522884717776764,80.84393617125859,0.05366666666666667,-2.30905416594013
2021-10-10 09:00:00,0.2,0.0193321128415437,2.492090470732929,79.85715777234404,0.05366666666666667,-2.317612028298749
2021-10-10 09:30:00,0.2,0.0178916502861541,2.120026156738178,67.93463771415394,0.05366666666666667,-2.339316420315044
2021-10-10 10:00:00,0.4,2.2890386407871472e-05,2.6763760340064566,85.7624495241203,0.05566666666666667,-2.3618282724327355
2021-10-10 10:30:00,0.0,0.030277447990381,2.026269431994071,64.93027424981051,0.05566666666666667,-2.373209155742781
2021-10-10 11:00:00,0.0,0.0049403746693948,2.645741495075563,84.78078885111596,0.04933333333333333,-2.3690626297410566
2021-10-10 11:30:00,0.0,0.0102992263870932,2.399514321206489,76.89062494959511,0.04933333333333333,-2.352522730573945
2021-10-10 12:00:00,0.0,0.0288141239411504,3.041539811480166,97.463847098939,0.05266666666666667,-2.3294323413640674
2021-10-10 12:30:00,0.0,0.0217369223209141,2.8595202151135295,91.63116654604002,0.05266666666666667,-2.3041826540426036
2021-10-10 13:00:00,0.2,0.0444667630637324,2.8899344623268166,92.60576813725922,0.057,-2.2787351513075165
2021-10-10 13:30:00,0.0,0.0147505094742113,2.553646863979572,81.82968592295644,0.057,-2.2536143312780186
2021-10-10 14:00:00,0.0,0.005080219838119,2.492090470732929,79.85715777234404,0.05533333333333334,-2.2286578823221994
2021-10-10 14:30:00,0.0,0.0029018172511467,2.399514321206489,76.89062494959511,0.05533333333333334,-2.2033953757703024
2021-10-10 15:00:00,0.6,0.0035829382726392,2.553646863979572,81.82968592295644,0.077,-2.1780148222352333
2021-10-10 15:30:00,0.4,0.0061248189727021,2.645741495075563,84.78078885111596,0.077,-2.154042246154872
2021-10-10 16:00:00,0.4,0.001755377833042,2.6150751731644455,83.79810971650437,0.10533333333333333,-2.132922575602892
2021-10-10 16:30:00,0.4,0.0021182469734379,2.645741495075563,84.78078885111596,0.10533333333333333,-2.1135139335279347
2021-10-10 17:00:00,0.0,0.0028945157024481,2.645741495075563,84.78078885111596,0.10766666666666667,-2.0917676619540826
2021-10-10 17:30:00,0.0,0.0075375453032901,2.6150751731644455,83.79810971650437,0.10766666666666667,-2.0634937999085254
2021-10-10 18:00:00,0.0,1.667489182998962e-05,2.645741495075563,84.78078885111596,0.10266666666666667,-2.0274431554368455
2021-10-10 18:30:00,0.0,1.6590637282136346e-05,1.9322119280733576,61.916272543820995,0.10266666666666667,-1.9859734767370425
2021-10-10 19:00:00,0.0,1.6505715774290704e-05,1.8063300574733656,57.88248303287083,0.09899999999999999,-1.9434136598558205
2021-10-10 19:30:00,0.0,1.644895741404498e-05,1.7747747527948703,56.87131711660139,0.09899999999999999,-1.9038914549561312
2021-10-10 20:00:00,0.0,1.6590637282136346e-05,1.9322119280733576,61.916272543820995,0.09499999999999999,-1.8700869394026016
2021-10-10 20:30:00,0.0,1.6308217681522754e-05,1.9007921893934072,60.90945073763164,0.09499999999999999,-1.843316145728459
2021-10-10 21:00:00,0.0,1.6084199353670687e-05,1.7747747527948703,56.87131711660139,0.09333333333333332,-1.8243773393869496
2021-10-10 21:30:00,0.0,1.613997829207237e-05,0.4836251312120808,15.497402224934165,0.09333333333333332,-1.8140674470018063
2021-10-10 22:00:00,0.0,1.572288370120671e-05,1.9949504638679891,63.92668155994481,0.09166666666666666,-1.812475010369013
2021-10-10 22:30:00,0.0,1.577768467016847e-05,2.151211953131366,68.93396301637482,0.09166666666666666,-1.817735609059299
2021-10-10 23:00:00,0.0,1.5447315352135965e-05,1.2330434226495202,39.51194561316001,0.08933333333333332,-1.82625383832664
2021-10-10 23:30:00,0.0,1.50118711238033e-05,2.182364666832849,69.93222820871527,0.08933333333333332,-1.8352247867670404
2021-10-11 00:00:00,0.0,1.452917315961794e-05,0.8773186700115473,28.113014463367502,0.08800000000000001,-1.8454942064740325
2021-10-11 00:30:00,0.0,1.44760033753487e-05,0.2967244645097503,9.508311458010796,0.08800000000000001,-1.8615145915465243
2021-10-11 01:00:00,0.0,1.4158429532820604e-05,0.5239043784961337,16.788120296003175,0.08666666666666667,-1.8874403430681888
2021-10-11 01:30:00,0.0,1.407990235071969e-05,0.231484453495778,7.417744556930351,0.08666666666666667,-1.9226552969633357
2021-10-11 02:00:00,0.0,1.4106333627777072e-05,0.8453683708931578,27.08919124846615,0.07966666666666668,-1.9615078453142063
2021-10-11 02:30:00,0.0,1.4053510241330443e-05,0.7493048491186541,24.010908214761766,0.07966666666666668,-1.9975692029371697
2021-10-11 03:00:00,0.0,1.394833279135416e-05,0.5239043784961337,16.788120296003175,0.076,-2.0276267981558833
2021-10-11 03:30:00,0.0,1.3662305244928752e-05,1.1948960236678066,38.28954101153601,0.076,-2.0520645289207353
2021-10-11 04:00:00,0.0,1.355945607181061e-05,1.226463174607679,39.30108653230813,0.074,-2.0731058082158667
2021-10-11 04:30:00,0.0,1.363653511810966e-05,1.1632944884024197,37.27689367101065,0.074,-2.0935555645465778
2021-10-11 05:00:00,0.0,1.3662305244928752e-05,1.1632944884024197,37.27689367101065,0.07333333333333333,-2.11663458550976
2021-10-11 05:30:00,0.0,1.379260190010827e-05,1.1316584803482548,36.26314167599355,0.07333333333333333,-2.1457494833510578
2021-10-11 06:00:00,0.0,1.3327763922209071e-05,1.3523896928871242,43.33630674444036,0.073,-2.1819846175418856
2021-10-11 06:30:00,0.0,1.304776783190129e-05,1.320959201177765,42.32914036554141,0.073,-2.219223524669331
2021-10-11 07:00:00,0.0,1.2795310471781465e-05,1.226463174607679,39.30108653230813,0.07166666666666667,-2.24273801969966
2021-10-11 07:30:00,0.0,1.2521087028924168e-05,1.4777730540773582,47.354121897696224,0.07166666666666667,-2.2380710152100822
2021-10-11 08:00:00,0.0,1.2421167080119691e-05,1.415148922068345,45.347378864515306,0.07066666666666667,-2.205111660862831
2021-10-11 08:30:00,0.0,1.2670148109348674e-05,1.6648416990951944,53.348595402927536,0.07066666666666667,-2.161218126218114
2021-10-11 09:00:00,0.0,1.2521087028924168e-05,1.257996029356064,40.31153305751539,0.07,-2.1282348294792666
2021-10-11 09:30:00,0.0,1.2445887472347574e-05,1.226463174607679,39.30108653230813,0.07,-2.1177150446937967
2021-10-11 10:00:00,0.0,1.2545966477491048e-05,1.3837862376801977,44.34238532003458,0.06933333333333334,-2.1273384270607214
2021-10-11 10:30:00,0.0,1.4370123914470793e-05,1.257996029356064,40.31153305751539,0.06933333333333334,-2.1448435164372324
2021-10-11 11:00:00,0.2,0.0018514027088663,1.257996029356064,40.31153305751539,0.06866666666666667,-2.1545077435689564
2021-10-11 11:30:00,0.4,0.0021897133475973,1.1948960236678066,38.28954101153601,0.06866666666666667,-2.1488678388480684
2021-10-11 12:00:00,0.0,1.9724746704263755e-05,1.415148922068345,45.347378864515306,0.06833333333333334,-2.1387086373959763
2021-10-11 12:30:00,0.0,0.039847373460532,1.415148922068345,45.347378864515306,0.06833333333333334,-2.144041134712193
2021-10-11 13:00:00,0.0,0.0652046431712694,1.0999879107112258,35.24828218114528,0.071,-2.17031031830554
2021-10-11 13:30:00,0.0,0.0055480329445675,0.90923368509074,29.1357070278699,0.071,-2.1990609210044783
2021-10-11 14:00:00,0.0,0.016154987330374,0.231484453495778,7.417744556930351,0.08466666666666667,-2.2051506298797032
2021-10-11 14:30:00,0.0,0.0582196041578901,-0.9690675309893786,-31.053037449124,0.08466666666666667,-2.178504943389011
2021-10-11 15:00:00,0.0,0.0203807563585164,0.034868700473118,1.1173411831150175,0.08466666666666667,-2.128408086338783
2021-10-11 15:30:00,0.2,0.0143930045805273,-0.664146581332318,-21.28207581236791,0.08466666666666667,-2.0736169836266116
2021-10-11 16:00:00,0.0,0.0470105691608062,-0.765422851164705,-24.527397422309637,0.085,-2.0312177645103504
2021-10-11 16:30:00,0.0,0.0376058913934858,0.8133826958909498,26.06423444007427,0.085,-2.008867254406575
2021-10-11 17:00:00,0.0,0.0081923723730022,0.9729582287838912,31.1777119227315,0.09166666666666666,-2.001115775942661
2021-10-11 17:30:00,0.0,1.6505715774290704e-05,1.226463174607679,39.30108653230813,0.09166666666666666,-1.9931766924245955
2021-10-11 18:00:00,0.0,1.5833599832965035e-05,1.0365427298484615,33.21522925728309,0.08999999999999998,-1.972372284825069
2021-10-11 18:30:00,0.0,1.5888701306743328e-05,1.415148922068345,45.347378864515306,0.08999999999999998,-1.9377850756607944
2021-10-11 19:00:00,0.0,1.5972119462940197e-05,1.1948960236678066,38.28954101153601,0.08833333333333332,-1.8988163753956016
2021-10-11 19:30:00,0.0,0.007078586402553,1.257996029356064,40.31153305751539,0.08833333333333332,-1.866244271038989
2021-10-11 20:00:00,0.0,1.5557467018725233e-05,1.0682826903648095,34.23231233047366,0.08633333333333333,-1.8466315505131032
2021-10-11 20:30:00,0.0,1.514754173287608e-05,0.8773186700115473,28.113014463367502,0.08633333333333333,-1.8428010714644436
2021-10-11 21:00:00,0.0,1.4769886004936548e-05,0.90923368509074,29.1357070278699,0.084,-1.8553626507894736
2021-10-11 21:30:00,0.0,1.4237302331573848e-05,0.9729582287838912,31.1777119227315,0.084,-1.882685518390073
2021-10-11 22:00:00,0.0,0.0055030364618159,1.0999879107112258,35.24828218114528,0.084,-1.9209393383131217
2021-10-11 22:30:00,0.0,0.0075075239335791,1.1948960236678066,38.28954101153601,0.084,-1.9652275367448688
2021-10-11 23:00:00,0.0,1.3302496411292884e-05,1.0999879107112258,35.24828218114528,0.08333333333333333,-2.011111070474973
2021-10-11 23:30:00,0.0,1.304776783190129e-05,1.0047679393659814,32.197030084122126,0.08333333333333333,-2.0555050185444546
2021-10-12 00:00:00,0.0,1.2895985506800284e-05,0.964932264369422,30.920525952138316,0.08266666666666668,-2.096306974913506
2021-10-12 00:30:00,0.0,1.2545966477491048e-05,0.8382936964248678,26.862488646037736,0.08266666666666668,-2.131605701182684
2021-10-12 01:00:00,0.0,0.0041375845847327,0.9333245872541156,29.907681800668964,0.08233333333333334,-2.159987550838864
2021-10-12 01:30:00,0.0,0.0039812769138688,1.028044222219714,32.942900996126994,0.08233333333333334,-2.181372721073099
2021-10-12 02:00:00,0.0,0.0041247802508076,1.1852250773973203,37.97964283921847,0.08166666666666668,-2.1964242641113843
2021-10-12 02:30:00,0.0,1.2027858808284386e-05,0.9965054465314428,31.93226473887101,0.08166666666666668,-2.2051062909135024
2021-10-12 03:00:00,0.0,0.0037261763270481,0.964932264369422,30.920525952138316,0.08066666666666668,-2.207141254265316
2021-10-12 03:30:00,0.0,1.1712107463037767e-05,1.028044222219714,32.942900996126994,0.08066666666666668,-2.204530311929079
2021-10-12 04:00:00,0.0,1.1495604329439677e-05,1.0595486795847815,33.952437548623976,0.08233333333333333,-2.202802381620552
2021-10-12 04:30:00,0.0,1.1305222186743002e-05,1.1224549903119894,35.968222785803306,0.08233333333333333,-2.2093255688122757
2021-10-12 05:00:00,0.0,1.1305222186743002e-05,1.1538570183444157,36.97447706766312,0.08666666666666667,-2.2314067887477655
2021-10-12 05:30:00,0.0,1.1210257356315786e-05,1.0595486795847815,33.952437548623976,0.08666666666666667,-2.275600434427973
2021-10-12 06:00:00,0.0,1.0974584049915804e-05,1.1538570183444157,36.97447706766312,0.08466666666666667,-2.3423149763875326
2021-10-12 06:30:00,0.0,1.111593866372103e-05,1.028044222219714,32.942900996126994,0.08466666666666667,-2.4137806091501868
2021-10-12 07:00:00,0.0,1.0811158483297309e-05,0.9965054465314428,31.93226473887101,0.083,-2.451798214567307
2021-10-12 07:30:00,0.0,1.055644382267667e-05,1.1224549903119894,35.968222785803306,0.083,-2.421785802147099
2021-10-12 08:00:00,0.0,1.111593866372103e-05,1.028044222219714,32.942900996126994,0.081,-2.325825212912977
2021-10-12 08:30:00,0.0,1.111593866372103e-05,1.0910189064497782,34.960877210587924,0.081,-2.205833925083368
2021-10-12 09:00:00,0.0,1.1210257356315786e-05,1.1224549903119894,35.968222785803306,0.07533333333333334,-2.10950065290148
2021-10-12 09:30:00,0.0,1.1640081878125782e-05,0.9965054465314428,31.93226473887101,0.07533333333333334,-2.0545784408931644
2021-10-12 10:00:00,0.0,1.2921458373120283e-05,0.774765657364446,24.826780593784036,0.072,-2.025261315377043
2021-10-12 10:30:00,0.0,0.0133857252987886,0.8700053925910172,27.87866600946389,0.072,-1.9980320371366944
2021-10-12 11:00:00,0.0,0.1016528427746201,1.1852250773973203,37.97964283921847,0.07233333333333333,-1.9666340602657872
2021-10-12 11:30:00,0.0,0.1395544077355884,0.9333245872541156,29.907681800668964,0.07233333333333333,-1.9427378520858145
2021-10-12 12:00:00,0.0,0.1219044984960425,0.9016823263754083,28.893729438609885,0.06266666666666666,-1.9398571382746317
2021-10-12 12:30:00,0.0,0.1916094244876733,0.2614347545236793,8.377479342887337,0.06266666666666666,-1.9619677623613032
2021-10-12 13:00:00,0.0,0.1776394779628847,1.1852250773973203,37.97964283921847,0.05866666666666665,-2.003367373155494
2021-10-12 13:30:00,0.0,0.1519276989326218,1.6517277739275686,52.928369571070874,0.05866666666666665,-2.0541054682247464
2021-10-12 14:00:00,0.0,0.2013122484565344,-0.894648293407212,-28.66832916237034,0.06099999999999999,-2.1068753347751716
2021-10-12 14:30:00,0.0,0.2198156048711812,-1.1656348690318203,-37.351889401448325,0.06099999999999999,-2.1615771583586083
2021-10-12 15:00:00,0.0,0.1976213801455172,-0.52622503235542,-16.862483896984934,0.06633333333333333,-2.2223587035263734
2021-10-12 15:30:00,0.0,0.1598888097857402,-0.096881720184323,-3.1045015840617523,0.06633333333333333,-2.2896832392085047
2021-10-12 16:00:00,0.0,0.1847138059393031,0.5833378327897196,18.692620470542355,0.074,-2.357077303055504
2021-10-12 16:30:00,0.0,0.0533640549044851,1.3727249064810425,43.98793331232585,0.074,-2.415738966040365
2021-10-12 17:00:00,0.0,0.0596609926698311,1.9280880955778863,61.78412744472245,0.08366666666666667,-2.4591415429159205
2021-10-12 17:30:00,0.0,0.0566283491139411,1.989148571459584,63.74076429775974,0.08366666666666667,-2.4815415167133468
2021-10-12 18:00:00,0.0,0.0450311157006853,2.080501426148013,66.6680975609307,0.09133333333333334,-2.476263802367598
2021-10-12 18:30:00,0.0,0.0320858837983105,2.019631159165548,64.71755580847426,0.09133333333333334,-2.4417491253765737
2021-10-12 19:00:00,0.0,0.0309293983743793,1.80558372862688,57.858567488413755,0.09466666666666668,-2.3894502623139484
2021-10-12 19:30:00,0.0,0.0270842895517451,1.958634243160562,62.762955683702714,0.09466666666666668,-2.3404494192525633
2021-10-12 20:00:00,0.0,1.6308217681522754e-05,1.8362579459523272,58.84149962561702,0.09666666666666668,-2.311728636689905
2021-10-12 20:30:00,0.0,1.6476819770768957e-05,1.9280880955778863,61.78412744472245,0.09666666666666668,-2.306804304643689
2021-10-12 21:00:00,0.0,1.6561626103866397e-05,1.9280880955778863,61.78412744472245,0.09833333333333334,-2.318462467983232
2021-10-12 21:30:00,0.0,1.6392350536890145e-05,1.0910189064497782,34.960877210587924,0.09833333333333334,-2.3371148591987616
2021-10-12 22:00:00,0.0,1.6364599066933522e-05,0.5833378327897196,18.692620470542355,0.09799999999999999,-2.355798454118682
2021-10-12 22:30:00,0.0,1.6505715774290704e-05,1.1852250773973203,37.97964283921847,0.09799999999999999,-2.369730449605732
2021-10-12 23:00:00,0.0,0.0246527295910786,0.4871447922363243,15.61018710534644,0.09633333333333333,-2.3742461948227653
2021-10-12 23:30:00,0.0,0.0344554507804948,0.2937878643392796,9.41421032248557,0.09633333333333333,-2.365651943518148
2021-10-13 00:00:00,0.0,0.0396081157693788,1.1427937670741697,36.619963532725805,0.09300000000000001,-2.344729960477549
2021-10-13 00:30:00,0.0,0.0352632629002138,1.4218411649727731,45.56182673619012,0.09300000000000001,-2.3180010546503524
2021-10-13 01:00:00,0.0,0.0348981917120465,1.483489585918034,47.53730384492996,0.09066666666666667,-2.2938861883015247
2021-10-13 01:30:00,0.0,0.0237789316880547,1.7287872326940317,55.39768175248419,0.09066666666666667,-2.2778112850434575
2021-10-13 02:00:00,0.0,0.0234476939659309,1.6370422105667146,52.45778177979435,0.09166666666666667,-2.2710684122439804
2021-10-13 02:30:00,0.0,0.0198517617150805,1.2981509497071015,41.59826716587447,0.09166666666666667,-2.2723446049877376
2021-10-13 03:00:00,0.0,0.0185646153176682,1.173931819835214,37.61775892629792,0.09166666666666667,-2.278187720234267
2021-10-13 03:30:00,0.0,0.0312151432206968,1.0491784068610877,33.62012998805829,0.09166666666666667,-2.282647847555213
2021-10-13 04:00:00,0.0,0.0256866039647462,1.606396325002065,51.47575751247725,0.09166666666666667,-2.2786953099669054
2021-10-13 04:30:00,0.0,0.020875088419883,1.2361078327827628,39.61014232245426,0.09166666666666667,-2.26156672433269
2021-10-13 05:00:00,0.0,0.0253276806119059,1.173931819835214,37.61775892629792,0.09133333333333334,-2.2318574345501316
2021-10-13 05:30:00,0.0,0.0168390397886187,1.0804171457091227,34.62115179127674,0.09133333333333334,-2.1964352093742385
2021-10-13 06:00:00,0.0,0.0259608744247013,0.8610345670284948,27.59120267668856,0.09133333333333334,-2.165698172317464
2021-10-13 06:30:00,0.0,0.0195026279149332,0.3852379472635431,12.34465919107301,0.09133333333333334,-2.1475036199527437
2021-10-13 07:00:00,0.0,0.0279309476261239,0.5765006935793722,18.473529506131413,0.09133333333333334,-2.14160620305732
2021-10-13 07:30:00,0.0,0.0165491082722953,0.8924769976893813,28.59875163027608,0.09133333333333334,-2.139179442042217
2021-10-13 08:00:00,0.0,0.0146319760272804,1.329122881285928,42.59073933157285,0.09100000000000001,-2.1282990271694864
2021-10-13 08:30:00,0.0,0.0141164734209183,1.1427937670741697,36.619963532725805,0.09100000000000001,-2.101730035020655
2021-10-13 09:00:00,0.0,0.0110313177025621,1.0491784068610877,33.62012998805829,0.09066666666666667,-2.0615350226265594
2021-10-13 09:30:00,0.0,0.0005399640266851,0.829557883311275,26.582556109769612,0.09066666666666667,-2.0175440709216557
2021-10-13 10:00:00,0.0,0.0019108962389242,-0.5246028941732149,-16.81050370354244,0.08900000000000001,-1.9814318446306551
2021-10-13 10:30:00,0.0,0.00299508469984,0.7665014050186247,24.561958866322183,0.08900000000000001,-1.960357582648955
2021-10-13 11:00:00,0.0,0.0043874001905757,1.5142649116731035,48.52347592543034,0.085,-1.9539265260212484
2021-10-13 11:30:00,0.0,0.0055704147323167,1.3909679062570848,44.57251646789957,0.085,-1.9566795716325116
2021-10-13 12:00:00,0.0,0.0084627503396859,1.545007756138969,49.50860716753938,0.084,-1.96400659295868
2021-10-13 12:30:00,0.0,0.0126288581616505,1.360061839198402,43.58215488102588,0.084,-1.9755341916800253
2021-10-13 13:00:00,0.0,0.0379394126472035,1.7593049604483804,56.37559929952081,0.08566666666666667,-1.9928486493168107
2021-10-13 13:30:00,0.0,0.0157909969159477,1.7897908469599004,57.352496517968994,0.08566666666666667,-2.01541705049628
2021-10-13 14:00:00,0.0,0.0479273664886946,1.911417550626412,61.24993241690336,0.08666666666666667,-2.0402778115007583
2021-10-13 14:30:00,0.0,0.0464731232871934,1.850667410827889,59.30324004936831,0.08666666666666667,-2.0656408977464182
2021-10-13 15:00:00,0.0,0.041532605783822,2.213293498746862,70.92331927819207,0.08666666666666667,-2.093077652837594
2021-10-13 15:30:00,0.0,0.0061434876837528,2.2732979989909934,72.84611818911482,0.08666666666666667,-2.124594566071048
2021-10-13 16:00:00,0.0,0.0055824196587629,2.213293498746862,70.92331927819207,0.08700000000000001,-2.157960000022903
2021-10-13 16:30:00,0.0,0.0055527894899055,2.3032544009366966,73.806048474377,0.08700000000000001,-2.1864623565258774
2021-10-13 17:00:00,0.0,0.0028959557824535,2.123056388360528,68.03173919886912,0.08700000000000001,-2.2032369812084607
2021-10-13 17:30:00,0.0,3.143339565017438e-05,2.002307074271657,64.16241858657956,0.08700000000000001,-2.2047893400641914
2021-10-13 18:00:00,0.0,2.034561927560562e-05,1.972041888203529,63.192593547225755,0.08733333333333333,-2.191150822176949
2021-10-13 18:30:00,0.0,1.9786526883859147e-05,1.911417550626412,61.24993241690336,0.08733333333333333,-2.164973175877936
2021-10-13 19:00:00,0.0,1.941802761227712e-05,1.8202449709426085,58.328375930159986,0.08766666666666667,-2.131347781212851
2021-10-13 19:30:00,0.0,1.8541318940128655e-05,1.7897908469599004,57.352496517968994,0.08766666666666667,-2.0970616520464103
2021-10-13 20:00:00,0.0,1.794792707733554e-05,1.6982375846988929,54.41874134542911,0.08733333333333333,-2.068409387468033
2021-10-13 20:30:00,0.0,1.7364006490877123e-05,1.6676559371797313,53.43877553778424,0.08733333333333333,-2.049334768842106
2021-10-13 21:00:00,0.0,0.0100471852761968,1.545007756138969,49.50860716753938,0.08766666666666667,-2.0410602180481923
2021-10-13 21:30:00,0.0,0.0106308507405626,1.6370422105667146,52.45778177979435,0.08766666666666667,-2.041816522334468
2021-10-13 22:00:00,0.0,1.713293228490567e-05,1.6370422105667146,52.45778177979435,0.08800000000000001,-2.046383475363308
2021-10-13 22:30:00,0.0,1.6590637282136346e-05,1.545007756138969,49.50860716753938,0.08800000000000001,-2.04753490731658
2021-10-13 23:00:00,0.0,1.591679267182014e-05,0.7033068561518204,22.536937255560076,0.08966666666666667,-2.03927982855998
2021-10-13 23:30:00,0.0,1.5861615275447117e-05,0.8610345670284948,27.59120267668856,0.08966666666666667,-2.018716174946625
2021-10-14 00:00:00,0.0,1.591679267182014e-05,0.5995167665817892,19.211062189891987,0.08933333333333333,-1.9855203063539473
2021-10-14 00:30:00,0.0,1.6476819770768957e-05,0.7565934845198229,24.24446703375803,0.08933333333333333,-1.941746612085355
2021-10-14 01:00:00,0.0,0.0125395669326386,1.2535770974445648,40.16993172041062,0.08866666666666667,-1.892912730957255
2021-10-14 01:30:00,0.0,0.0148013493529814,-0.0697422523367987,-2.2348378253781416,0.08866666666666667,-1.8479377038058016
2021-10-14 02:00:00,0.0,1.653365262325119e-05,0.7879064363253833,25.24786693517454,0.08833333333333333,-1.8163191607357996
2021-10-14 02:30:00,0.0,1.591679267182014e-05,-0.0375158256721031,-1.2021663117133128,0.08833333333333333,-1.804389120666464
2021-10-14 03:00:00,0.0,1.6364599066933522e-05,0.8816420692800944,28.251554529049653,0.08866666666666667,-1.8131735119795445
2021-10-14 03:30:00,0.0,1.6788756272397153e-05,0.819185460275505,26.250179644076784,0.08866666666666667,-1.8384595968660444
2021-10-14 04:00:00,0.0,0.0126525673638144,0.9439639977070278,30.2486136765864,0.08933333333333333,-1.872480152864194
2021-10-14 04:30:00,0.0,0.0115166189145139,0.4098867869188317,13.134512649594797,0.08933333333333333,-1.9065482568938263
2021-10-14 05:00:00,0.0,0.0147732719291347,0.1550840231495101,4.969550443719629,0.08900000000000001,-1.9327766575047711
2021-10-14 05:30:00,0.0,0.0154052171707248,0.9439639977070278,30.2486136765864,0.08900000000000001,-1.943637103311307
2021-10-14 06:00:00,0.0,0.010673598867032,0.5679984184715386,18.201080518952207,0.08866666666666667,-1.9322280267949248
2021-10-14 06:30:00,0.0,1.4822986257214796e-05,0.441578729839487,14.150057035181476,0.08866666666666667,-1.8972279242242096
2021-10-14 07:00:00,0.0,1.4769886004936548e-05,1.3765030336109754,44.10900054397025,0.08800000000000001,-1.849157989337215
2021-10-14 07:30:00,0.0,1.5805622974320176e-05,0.5364455297522026,17.189992020270147,0.08800000000000001,-1.8082888780231616
2021-10-14 08:00:00,0.0,1.681807486633895e-05,0.7252465182925233,23.239977165875512,0.08700000000000001,-1.7916983701405034
2021-10-14 08:30:00,0.0,0.0172700109073675,0.7252465182925233,23.239977165875512,0.08700000000000001,-1.8012683288252551
2021-10-14 09:00:00,0.0,0.0184082712946159,0.8504306426172767,27.251407924187617,0.08600000000000001,-1.8255950034006252
2021-10-14 09:30:00,0.0,0.0200777342375196,0.8504306426172767,27.251407924187617,0.08600000000000001,-1.8524082756189464
2021-10-14 10:00:00,0.0,0.031318859539763,0.8504306426172767,27.251407924187617,0.08533333333333333,-1.8765305594987531
2021-10-14 10:30:00,0.0,0.0425272133730637,0.4732357747785119,15.16448314129246,0.08533333333333333,-1.897520747223804
2021-10-14 11:00:00,0.0,0.1054946245068383,0.2189971979193377,7.017599879029432,0.085,-1.9157847087245723
2021-10-14 11:30:00,0.0,0.1109580017903908,-0.005325685956684,-0.1706575859438197,0.085,-1.9341519480683529
2021-10-14 12:00:00,0.0,0.1231110548688929,-0.1990127425306938,-6.377213093032877,0.08466666666666667,-1.9598855017303491
2021-10-14 12:30:00,0.0,0.1333132231054345,1.222764150043346,39.18255408266121,0.08466666666666667,-2.0003188553765865
2021-10-14 13:00:00,0.0,0.1756380398799214,2.103368320944997,67.40084994171778,0.085,-2.054346687903151
2021-10-14 13:30:00,0.0,0.1076241367105878,2.341702446004869,75.0380870528738,0.085,-2.108498868621081
2021-10-14 14:00:00,0.0,0.1964262486349993,2.1929702628449363,70.27207652640412,0.08466666666666667,-2.1434272797809997
2021-10-14 14:30:00,0.0,0.185190049672323,2.4305823165941685,77.88617540752641,0.08466666666666667,-2.1468491727957484
2021-10-14 15:00:00,0.0,0.057638155718648,2.0134919808645666,64.52083047448997,0.085,-2.121921531722934
2021-10-14 15:30:00,0.0,0.1416787392564783,2.282299793464173,73.13457389725271,0.085,-2.0844489266069286
2021-10-14 16:00:00,0.0,0.0346799187854752,2.636932816504654,84.4985213962767,0.08533333333333333,-2.052635366874112
2021-10-14 16:30:00,0.0,0.0301272524094996,2.0134919808645666,64.52083047448997,0.08533333333333333,-2.0380873487902327
2021-10-14 17:00:00,0.0,0.0298769812425306,2.3120161082334927,74.08681077019747,0.085,-2.0431459012505715
2021-10-14 17:30:00,0.0,0.042225186441918,2.0734401283301573,66.44182360316698,0.085,-2.0632094832212817
2021-10-14 18:00:00,0.0,0.0288949185181307,1.863082843307247,59.70108321034488,0.08533333333333333,-2.0907722465521794
2021-10-14 18:30:00,0.0,0.0291395744058466,1.7118964722172798,54.856430084405645,0.08533333333333333,-2.119100098769834
2021-10-14 19:00:00,0.0,0.023613389987119,1.3765030336109754,44.10900054397025,0.08533333333333333,-2.1441539266029235
2021-10-14 19:30:00,0.0,0.0265758214164776,1.529433351147251,49.00953711721805,0.08533333333333333,-2.1639491188361157
2021-10-14 20:00:00,0.0,0.037415149364911,1.5903813224884311,50.96256884718791,0.085,-2.176812680885803
2021-10-14 20:30:00,0.0,0.034624280267376,1.468357608939099,47.05241106627457,0.085,-2.180964503768807
2021-10-14 21:00:00,0.0,0.0362558873062485,1.4377716253131927,46.07230631136253,0.085,-2.1758131171790582
2021-10-14 21:30:00,0.0,0.0273282857087609,1.407153460260549,45.09117032692553,0.085,-2.1632136014674743
2021-10-14 22:00:00,0.0,0.0256242576833636,1.2843573780135713,41.15626257418305,0.085,-2.1471509520640546
2021-10-14 22:30:00,0.0,0.026909363982724,1.345820264903811,43.12579438419557,0.085,-2.131992540970095
2021-10-14 23:00:00,0.0,0.0385955974994462,1.3765030336109754,44.10900054397025,0.08533333333333333,-2.120622875641702
2021-10-14 23:30:00,0.0,0.0383960749483347,1.3151050733865697,42.14154925994905,0.08533333333333333,-2.113523692861026
2021-10-15 00:00:00,0.0,0.0393254621237747,1.08516372570224,34.77325236380448,0.08533333333333333,-2.1089945547847884
2021-10-15 00:30:00,0.0,0.0402714543396412,1.0544104411901285,33.78778657829501,0.08533333333333333,-2.104152081660964
2021-10-15 01:00:00,0.0,0.0274691202533617,1.1158844020051335,35.75767324386658,0.085,-2.096253438976461
2021-10-15 01:30:00,0.0,0.0282168707428766,1.08516372570224,34.77325236380448,0.085,-2.0838327674194677
2021-10-15 02:00:00,0.0,0.0381058284126792,1.1772282551417863,37.723390707107974,0.085,-2.067386026536652
2021-10-15 02:30:00,0.0,0.038216890213618,1.08516372570224,34.77325236380448,0.085,-2.0494572348516256
2021-10-15 03:00:00,0.0,0.03834073324624,0.992805720605102,31.813709814608035,0.08466666666666667,-2.0336465343686907
2021-10-15 03:30:00,0.0,0.0388607073166395,1.2384426479814823,39.68495971286729,0.08466666666666667,-2.022534415001971
2021-10-15 04:00:00,0.0,0.0269074910262884,1.0544104411901285,33.78778657829501,0.08466666666666667,-2.015893551262287
2021-10-15 04:30:00,0.0,0.0432798147104017,0.7450660313748422,23.875078500186337,0.08466666666666667,-2.01074990236259
2021-10-15 05:00:00,0.0,0.0435603075682854,0.992805720605102,31.813709814608035,0.08466666666666667,-2.003069960964947
2021-10-15 05:30:00,0.0,0.0431366115251324,0.9619541203213192,30.82509357441722,0.08466666666666667,-1.989562681158355
2021-10-15 06:00:00,0.0,0.038966817054,1.0544104411901285,33.78778657829501,0.08433333333333333,-1.9688894885774173
2021-10-15 06:30:00,0.0,0.0450661122728945,1.08516372570224,34.77325236380448,0.08433333333333333,-1.9428425193794907
2021-10-15 07:00:00,0.0,0.0468744963530033,0.9619541203213192,30.82509357441722,0.084,-1.917217563238124
2021-10-15 07:30:00,0.0,0.0479960778334114,0.992805720605102,31.813709814608035,0.084,-1.9005822861127175
2021-10-15 08:00:00,0.0,0.0540331676117535,1.1158844020051335,35.75767324386658,0.084,-1.900060924159006
2021-10-15 08:30:00,0.0,0.0486811326399463,1.0544104411901285,33.78778657829501,0.084,-1.9167179727911317
2021-10-15 09:00:00,0.0,0.0474967196899116,1.08516372570224,34.77325236380448,0.084,-1.944966263699188
2021-10-15 09:30:00,0.0,0.1178120767982604,1.023624466809801,32.801273270637246,0.084,-1.9765355197351464
2021-10-15 10:00:00,0.0,0.1179778787473493,0.992805720605102,31.813709814608035,0.08433333333333333,-2.0048182573861624
2021-10-15 10:30:00,0.0,0.1500735425548322,1.2384426479814823,39.68495971286729,0.08433333333333333,-2.0265051374928484
2021-10-15 11:00:00,0.0,0.1598365790767126,1.5123224694184971,48.46123182979598,0.084,-2.0413394261272297
2021-10-15 11:30:00,0.0,0.2028891206879684,1.48201840157961,47.49016085345133,0.084,-2.0514063363880433
2021-10-15 12:00:00,0.0,0.2180150006057074,1.48201840157961,47.49016085345133,0.08333333333333333,-2.059959747766792
2021-10-15 12:30:00,0.0,0.2215853811426127,1.5425950418362753,49.43129355914814,0.08333333333333333,-2.069628169901955
2021-10-15 13:00:00,0.0,0.2492065742724281,1.6934881707200444,54.26654995996809,0.08333333333333333,-2.0803596301986076
2021-10-15 13:30:00,0.0,0.177466383514817,1.6030460095886214,51.368399184318406,0.08333333333333333,-2.0884673748969074
2021-10-15 14:00:00,0.0,0.1040733659727389,1.2384426479814823,39.68495971286729,0.083,-2.088695708112422
2021-10-15 14:30:00,0.0,0.1680621565272088,1.5425950418362753,49.43129355914814,0.083,-2.0792020083410745
2021-10-15 15:00:00,0.0,0.1374646484973208,1.451682760678496,46.51807814216317,0.08266666666666667,-2.0651702488179184
2021-10-15 15:30:00,0.0,0.1383839608003705,1.3604856190066985,43.59573458505721,0.08266666666666667,-2.0561984132737443
2021-10-15 16:00:00,0.0,0.1000371635888951,1.2995282232391736,41.64240085645995,0.08233333333333333,-2.058712299405581
2021-10-15 16:30:00,0.0,0.1066069797939979,1.3909164477317693,44.570867518303594,0.08233333333333333,-2.0708195571370687
2021-10-15 17:00:00,0.0,0.0474299106023959,1.451682760678496,46.51807814216317,0.082,-2.084601611901627
2021-10-15 17:30:00,0.0,0.0527223222596767,1.4213154687956255,45.544981199059016,0.082,-2.0927199487743553
2021-10-15 18:00:00,0.0,0.0456547446220157,1.3300229038578824,42.619579875434034,0.082,-2.092894590064992
2021-10-15 18:30:00,0.0,0.046466486425296,1.3300229038578824,42.619579875434034,0.082,-2.087597318516117
2021-10-15 19:00:00,0.0,0.0506069544489558,1.1772282551417863,37.723390707107974,0.082,-2.0808292441303844
2021-10-15 19:30:00,0.0,0.0441438486379383,1.08516372570224,34.77325236380448,0.082,-2.0749216576585283
2021-10-15 20:00:00,0.0,0.044126515595183,1.0544104411901285,33.78778657829501,0.08166666666666667,-2.069352690552322
2021-10-15 20:30:00,0.0,0.0437825318218817,1.08516372570224,34.77325236380448,0.08166666666666667,-2.062156877576647
2021-10-15 21:00:00,0.0,0.043816966432056,1.1158844020051335,35.75767324386658,0.08166666666666667,-2.052487075427777
2021-10-15 21:30:00,0.0,0.0444728022748598,0.9619541203213192,30.82509357441722,0.08166666666666667,-2.041804222747485
2021-10-15 22:00:00,0.0,0.0434713544136728,1.08516372570224,34.77325236380448,0.08166666666666667,-2.03261652725712
2021-10-15 22:30:00,0.0,0.044855478947297,1.0544104411901285,33.78778657829501,0.08166666666666667,-2.0263749249115586
2021-10-15 23:00:00,0.0,0.0304334120021743,1.08516372570224,34.77325236380448,0.08133333333333333,-2.022769237833119
2021-10-15 23:30:00,0.0,0.0447304777660019,1.023624466809801,32.801273270637246,0.08133333333333333,-2.020704075401764
2021-10-16 00:00:00,0.0,0.02936441668043,0.6701269418233399,21.473711949528926,0.08133333333333333,-2.019437484673413
2021-10-16 00:30:00,0.0,0.0427856906680772,0.7936261736967191,25.431151601218303,0.08133333333333333,-2.0186467471227507
2021-10-16 01:00:00,0.0,0.0439860689142461,0.8859050913256636,28.38815985220226,0.08133333333333333,-2.0178600021919113
2021-10-16 01:30:00,0.0,0.0510865013507814,0.7010513560174252,22.46466145650573,0.08133333333333333,-2.016513650760563
2021-10-16 02:00:00,0.0,0.0512576526557541,0.7319426439906154,23.45454945874204,0.081,-2.0147323571225284
2021-10-16 02:30:00,0.0,0.0510039327408967,0.7628008889241629,24.443378621718292,0.081,-2.0133559955145164
2021-10-16 03:00:00,0.0,0.0519572669267653,0.7628008889241629,24.443378621718292,0.081,-2.012566041059925
2021-10-16 03:30:00,0.0,0.0522780343796558,0.7628008889241629,24.443378621718292,0.081,-2.01065369173234
2021-10-16 04:00:00,0.0,0.0539247404362891,0.8244185808857517,26.41787104337469,0.081,-2.0045402994045247
2021-10-16 04:30:00,0.0,0.0464613108334824,0.7010513560174252,22.46466145650573,0.081,-1.9916578069201976
2021-10-16 05:00:00,0.0,0.0459493284374944,0.6701269418233399,21.473711949528926,0.08233333333333333,-1.9716035263165457
2021-10-16 05:30:00,0.0,0.0326234549717114,0.8244185808857517,26.41787104337469,0.08233333333333333,-1.946570373469208
2021-10-16 06:00:00,0.0,0.0507238220674136,0.6701269418233399,21.473711949528926,0.08133333333333333,-1.9204992136186896
2021-10-16 06:30:00,0.0,0.0513575230251692,0.7936261736967191,25.431151601218303,0.08133333333333333,-1.897917964164562
2021-10-16 07:00:00,0.0,0.0435829048446219,0.6701269418233399,21.473711949528926,0.08133333333333333,-1.8834000527662864
2021-10-16 07:30:00,0.0,0.0501150509656388,0.7628008889241629,24.443378621718292,0.08133333333333333,-1.8808203294339545
2021-10-16 08:00:00,0.0,0.0428265817017681,0.6391693179230763,20.48169826258876,0.081,-1.891178841635662
2021-10-16 08:30:00,0.0,0.0307786895117354,0.6701269418233399,21.473711949528926,0.081,-1.910717515190054
2021-10-16 09:00:00,0.0,0.04870402459048,0.6701269418233399,21.473711949528926,0.081,-1.932541347748654
2021-10-16 09:30:00,0.0,0.1327998818585688,0.7936261736967191,25.431151601218303,0.081,-1.9513582136808871
2021-10-16 10:00:00,0.0,0.1416647552551838,0.9472610748934024,30.354266025950142,0.082,-1.9671452482552476
2021-10-16 10:30:00,0.0,0.1918116736702891,0.8244185808857517,26.41787104337469,0.082,-1.9845465963187945
2021-10-16 11:00:00,0.0,0.2229842126464626,0.9472610748934024,30.354266025950142,0.082,-2.0086128260778273
2021-10-16 11:30:00,0.0,0.2048415689716121,1.3731522158059928,44.00162611705381,0.082,-2.0405088234616153
2021-10-16 12:00:00,0.0,0.1657389723050487,1.1000842323274658,35.25136873462128,0.08033333333333333,-2.0768202131654423
2021-10-16 12:30:00,0.0,0.2518120264922644,1.2521056737709917,40.12278105961781,0.08033333333333333,-2.112298738479156
2021-10-16 13:00:00,0.0,0.214342516188683,1.3731522158059928,44.00162611705381,0.07933333333333333,-2.1424781778499216
2021-10-16 13:30:00,0.0,0.1747379508516477,1.342937819437859,43.03342859529346,0.07933333333333333,-2.164174612601666
2021-10-16 14:00:00,0.0,0.1943621646992467,1.1913926688225558,38.17727865031947,0.07866666666666666,-2.1756813453702724
2021-10-16 14:30:00,0.0,0.2251083742728786,1.2217650474704858,39.150538594969795,0.07866666666666666,-2.178744775891438
2021-10-16 15:00:00,0.0,0.2160351301831816,1.4334869933614331,45.93500851508009,0.078,-2.1802339864775027
2021-10-16 15:30:00,0.0,0.2553560334864846,1.4033352481672756,44.968818602892355,0.078,-2.189039794162881
2021-10-16 16:00:00,0.0,0.2741122871199806,1.463607527955016,46.900198307134346,0.07733333333333332,-2.2086704454583828
2021-10-16 16:30:00,0.0,0.3191381911272247,1.1913926688225558,38.17727865031947,0.07733333333333332,-2.2329940714111345
2021-10-16 17:00:00,0.0,0.2753745937179889,1.3126919819487164,42.06422356654634,0.07666666666666666,-2.250921489251731
2021-10-16 17:30:00,0.0,0.0900564032201095,1.0695840564071255,34.274013622855,0.07666666666666666,-2.255757811058867
2021-10-16 18:00:00,0.0,0.0868032910989383,1.0390517327774318,33.29562836201187,0.07566666666666666,-2.2492451185852618
2021-10-16 18:30:00,0.0,0.0804001928000003,1.0695840564071255,34.274013622855,0.07566666666666666,-2.2373578998445605
2021-10-16 19:00:00,0.0,0.0737351242614467,0.7628008889241629,24.443378621718292,0.075,-2.22482526558661
2021-10-16 19:30:00,0.0,0.075969258758754,0.7936261736967191,25.431151601218303,0.075,-2.2146548949309133
2021-10-16 20:00:00,0.0,0.083139184352551,1.0084871815090208,32.31621039081576,0.07566666666666666,-2.2104231770022476
2021-10-16 20:30:00,0.0,0.077409344406735,0.9165993582382228,29.37173446328843,0.07566666666666666,-2.215500258792713
2021-10-16 21:00:00,0.0,0.0402936826367708,0.7319426439906154,23.45454945874204,0.075,-2.229275474438729
2021-10-16 21:30:00,0.0,0.0662615317992782,0.9778903223837608,31.33575713873721,0.075,-2.246241485318695
2021-10-16 22:00:00,0.0,0.0785220736402983,0.2650566640572447,8.49354069959002,0.075,-2.2602218687962634
2021-10-16 22:30:00,0.0,0.0846836673297041,0.6081784005258868,19.488617710673967,0.075,-2.2689530903163853
2021-10-16 23:00:00,0.0,0.089082535134963,0.7628008889241629,24.443378621718292,0.075,-2.2742749220577463
2021-10-16 23:30:00,0.0,0.0891481208989846,0.9165993582382228,29.37173446328843,0.075,-2.2791850561645615
2021-10-17 00:00:00,0.0,0.1013157816346965,0.4709797242352408,15.092189704801209,0.07466666666666666,-2.2855465414524727
2021-10-17 00:30:00,0.0,0.0942929558223159,0.5327441346835058,17.07138360960046,0.07466666666666666,-2.2935215194552425
2021-10-17 01:00:00,0.0,0.1054358410982949,0.5943762767834193,19.04633907503058,0.07466666666666666,-2.3021713367412846
2021-10-17 01:30:00,0.0,0.0991232408797238,0.5327441346835058,17.07138360960046,0.07466666666666666,-2.310854603249924
2021-10-17 02:00:00,0.0,0.0896857971210682,0.4400477101794788,14.100996665994366,0.07466666666666666,-2.3196937981405443
2021-10-17 02:30:00,0.0,0.0991232408797238,0.4400477101794788,14.100996665994366,0.07466666666666666,-2.3273698025968157
2021-10-17 03:00:00,0.0,0.1011521722023658,0.6251429542696993,20.03223402828647,0.07433333333333332,-2.3295946068093016
2021-10-17 03:30:00,0.0,0.0999760092744207,0.0975779380078864,3.1268113586197614,0.07433333333333332,-2.3230348227237587
2021-10-17 04:00:00,0.0,0.0916601349992722,0.5018785045672297,16.08231779401899,0.07433333333333332,-2.310691400538303
2021-10-17 04:30:00,0.0,0.1057065946255335,0.5943762767834193,19.04633907503058,0.07433333333333332,-2.299723362790322
2021-10-17 05:00:00,0.0,0.0937423167547523,0.3470514260012687,11.12100094550315,0.074,-2.293135570280042
2021-10-17 05:30:00,0.0,0.0857146397230928,0.4400477101794788,14.100996665994366,0.074,-2.286216047282332
2021-10-17 06:00:00,0.0,0.0746048701999343,0.2848861898122445,9.128962882438003,0.074,-2.271871757537051
2021-10-17 06:30:00,0.0,0.0886362954585941,0.6865779336225146,22.00087156233057,0.074,-2.2481249423645253
2021-10-17 07:00:00,0.0,0.041254370258579,0.3780836453366095,12.115404986845787,0.074,-2.2205462081565224
2021-10-17 07:30:00,0.0,0.0653350509048172,0.3470514260012687,11.12100094550315,0.074,-2.1993715029503895
2021-10-17 08:00:00,0.0,0.1039869367290078,0.5635766977882966,18.059389817762273,0.074,-2.195089257102996
2021-10-17 08:30:00,0.0,0.1012144585501782,0.034868700473118,1.1173411831150175,0.074,-2.214411991009422
2021-10-17 09:00:00,0.0,0.0869803071166755,0.1601501350209704,5.131890174063596,0.07366666666666666,-2.256669600918858
2021-10-17 09:30:00,0.0,0.0808652825391889,0.1913850613021207,6.132789806454456,0.07366666666666666,-2.312825449627016
2021-10-17 10:00:00,0.0,0.0638808877497758,0.3780836453366095,12.115404986845787,0.07366666666666666,-2.3699459486481325
2021-10-17 10:30:00,0.0,0.0622300236927306,0.6251429542696993,20.03223402828647,0.07366666666666666,-2.4187905470153916
2021-10-17 11:00:00,0.0,0.2398510875122132,0.5635766977882966,18.059389817762273,0.07333333333333332,-2.457719039223912
2021-10-17 11:30:00,0.0,0.3365594583633071,0.6251429542696993,20.03223402828647,0.07333333333333332,-2.4898118853491193
2021-10-17 12:00:00,0.0,0.2891431989600309,0.9918064283504108,31.781688248705535,0.07266666666666666,-2.517562826569978
2021-10-17 12:30:00,0.0,0.3815957905621083,0.961428233768136,30.80824193682978,0.07266666666666666,-2.5404501917097133
2021-10-17 13:00:00,0.0,0.3158958474263446,0.9005759656924739,28.85827694575386,0.07233333333333332,-2.5558928015561424
2021-10-17 13:30:00,0.0,0.3948918700872569,0.9918064283504108,31.781688248705535,0.07233333333333332,-2.5609904884463788
2021-10-17 14:00:00,0.0,0.3960437169555919,1.052467332671366,33.725521132728765,0.07233333333333332,-2.5538354099150697
2021-10-17 14:30:00,0.0,0.5359638565856645,1.143221150810218,36.63365872190122,0.07233333333333332,-2.535150293683065
2021-10-17 15:00:00,0.0,0.4638315068649514,1.1130014460071371,35.66529109535051,0.072,-2.5101383428287467
2021-10-17 15:30:00,0.0,0.1423522170549733,1.3838525091996174,44.34450894084381,0.072,-2.4884687375281804
2021-10-17 16:00:00,0.0,0.1362831418700232,1.5332418421776128,49.13157733712897,0.07133333333333335,-2.480962648756242
2021-10-17 16:30:00,0.0,0.1222125358166683,1.082750199191882,34.69591272883179,0.07133333333333335,-2.494020841231866
2021-10-17 17:00:00,0.0,0.1177826029389208,0.9918064283504108,31.781688248705535,0.07100000000000001,-2.5248073790106806
2021-10-17 17:30:00,0.0,0.098156885496213,0.8395953303340836,26.904198522011665,0.07100000000000001,-2.5611235649718225
2021-10-17 18:00:00,0.0,0.0939330655686767,0.778485689204691,24.94598620572846,0.07066666666666667,-2.587645980212389
2021-10-17 18:30:00,0.0,0.0638427180418887,0.8395953303340836,26.904198522011665,0.07066666666666667,-2.5940277398832707
2021-10-17 19:00:00,0.0,0.0587339314162393,0.778485689204691,24.94598620572846,0.07066666666666667,-2.5784168336138444
2021-10-17 19:30:00,0.0,0.0604798760157105,0.6558768125483788,21.01707731481112,0.07066666666666667,-2.5466455603732094
2021-10-17 20:00:00,0.0,0.0504192362480567,0.4709797242352408,15.092189704801209,0.07066666666666667,-2.511403250340759
2021-10-17 20:30:00,0.0,0.0526815628179619,0.6251429542696993,20.03223402828647,0.07066666666666667,-2.4898316149053525
2021-10-17 21:00:00,0.0,0.0733780910101673,0.8701017337214135,27.881753188256305,0.07033333333333334,-2.4951828875684057
2021-10-17 21:30:00,0.0,0.048311647215119,0.9310181059143348,29.833772347375454,0.07033333333333334,-2.527177349072354
2021-10-17 22:00:00,0.0,0.0580890984401725,0.6865779336225146,22.00087156233057,0.07066666666666667,-2.5716728871819
2021-10-17 22:30:00,0.0,0.046319815519177,0.5635766977882966,18.059389817762273,0.07066666666666667,-2.6110482873322667
2021-10-17 23:00:00,0.0,0.034793092407784,0.3470514260012687,11.12100094550315,0.07066666666666667,-2.6355196328479615
2021-10-17 23:30:00,0.0,0.0449567392999917,0.4709797242352408,15.092189704801209,0.07066666666666667,-2.646489339246941
2021-10-18 00:00:00,0.0,0.0450266084963972,1.0167199296317313,32.58002258923162,0.07066666666666667,-2.6517775030366217
2021-10-18 00:30:00,0.0,0.0393667512764254,0.8933749533489334,28.62752594148972,0.07066666666666667,-2.658703003410697
2021-10-18 01:00:00,0.0,0.0440242838103026,0.6450938549829881,20.671545580042817,0.07033333333333334,-2.6701355563749445
2021-10-18 01:30:00,0.0,0.059983400787647,0.8933749533489334,28.62752594148972,0.07033333333333334,-2.68410646526298
2021-10-18 02:00:00,0.0,0.0419778606105278,1.0781958461165226,34.54997192276508,0.07,-2.695365853131365
2021-10-18 02:30:00,0.0,2.4032825628468784e-05,0.7073646993123635,22.66696777623841,0.07,-2.6977614316410135
2021-10-18 03:00:00,0.0,2.2790967230116472e-05,0.9242605459170417,29.61723143876983,0.07033333333333333,-2.686498633633093
2021-10-18 03:30:00,0.0,0.0221182063948046,0.7695013801379963,24.658090804241077,0.07033333333333333,-2.659541263621064
2021-10-18 04:00:00,0.0,0.0197858467497945,0.9551131844651296,30.60588094935648,0.07033333333333333,-2.618362156670937
2021-10-18 04:30:00,0.0,2.171209202797072e-05,0.8624563238515688,27.636761800752275,0.07033333333333333,-2.5680503024036865
2021-10-18 05:00:00,0.0,2.110339745933009e-05,0.9551131844651296,30.60588094935648,0.07033333333333333,-2.5156430439525472
2021-10-18 05:30:00,0.0,1.9693911247200987e-05,0.8933749533489334,28.62752594148972,0.07033333333333333,-2.4667109924892614
2021-10-18 06:00:00,0.0,1.860026889025009e-05,0.831504574212712,26.64493635008421,0.07033333333333333,-2.4222438865731393
2021-10-18 06:30:00,0.0,1.7772036934789803e-05,0.8005196209156987,25.65204691325707,0.07033333333333333,-2.3785973633827338
2021-10-18 07:00:00,0.0,1.7334991695559548e-05,0.8005196209156987,25.65204691325707,0.07066666666666667,-2.3318327292793786
2021-10-18 07:30:00,0.0,1.6846420022047563e-05,0.9242605459170417,29.61723143876983,0.07066666666666667,-2.2835398567625647
2021-10-18 08:00:00,0.0,1.8421676331223436e-05,0.6450938549829881,20.671545580042817,0.07066666666666667,-2.241701225246161
2021-10-18 08:30:00,0.0,1.9022480913138412e-05,0.7695013801379963,24.658090804241077,0.07066666666666667,-2.214484366144858
2021-10-18 09:00:00,0.0,1.917414254085734e-05,0.8005196209156987,25.65204691325707,0.07033333333333334,-2.2035969071716743
2021-10-18 09:30:00,0.0,0.0007971953627995,0.8624563238515688,27.636761800752275,0.07033333333333334,-2.2041499324692033
2021-10-18 10:00:00,0.0,0.0024997247022345,0.7073646993123635,22.66696777623841,0.07066666666666667,-2.209505577635205
2021-10-18 10:30:00,0.0,0.0057912736330893,0.7384497677497575,23.663065327158787,0.07066666666666667,-2.2153085271658512
2021-10-18 11:00:00,0.0,0.0080585018423128,0.831504574212712,26.64493635008421,0.07033333333333334,-2.2203714695922843
2021-10-18 11:30:00,0.0,0.0566520504862327,0.9859329516008596,31.593477120349853,0.07033333333333334,-2.2253984627935557
2021-10-18 12:00:00,0.0,0.0425426603203919,1.1701658431409356,37.497081046191305,0.07033333333333334,-2.23082055198904
2021-10-18 12:30:00,0.0,0.0558872592578744,0.831504574212712,26.64493635008421,0.07033333333333334,-2.2349503861784155
2021-10-18 13:00:00,0.0,0.0707480130549247,1.3532358507172946,43.36342123331537,0.07,-2.233758106361724
2021-10-18 13:30:00,0.0,0.0433749414853388,1.2007577983673023,38.47737715653194,0.07,-2.223388542450089
2021-10-18 14:00:00,0.0,0.0314977090507228,1.2007577983673023,38.47737715653194,0.06966666666666667,-2.2047360865642456
2021-10-18 14:30:00,0.0,0.0264932625612501,1.1701658431409356,37.497081046191305,0.06966666666666667,-2.186063707900972
2021-10-18 15:00:00,0.0,0.0254597795257619,1.2313175323539136,39.4566407615695,0.06966666666666667,-2.1788299195025727
2021-10-18 15:30:00,0.0,0.0263157525142308,1.139541586429513,36.515749859147526,0.06966666666666667,-2.1885837067708724
2021-10-18 16:00:00,0.0,0.0241775891189529,1.1701658431409356,37.497081046191305,0.06966666666666667,-2.21015585105248
2021-10-18 16:30:00,0.0,0.018371778344136,1.0474742005664894,33.565519983910114,0.06966666666666667,-2.232517854433941
2021-10-18 17:00:00,0.0,0.0363940190114508,1.139541586429513,36.515749859147526,0.06966666666666667,-2.2474879120754125
2021-10-18 17:30:00,0.0,0.0126945350047503,0.9859329516008596,31.593477120349853,0.06966666666666667,-2.2534302140522136
2021-10-18 18:00:00,0.0,0.0091951834036887,1.0167199296317313,32.58002258923162,0.06933333333333334,-2.252772879384376
2021-10-18 18:30:00,0.0,0.0126079465514836,0.9551131844651296,30.60588094935648,0.06933333333333334,-2.248521945928222
2021-10-18 19:00:00,0.0,0.0091640415328966,0.9242605459170417,29.61723143876983,0.06933333333333334,-2.243226113180264
2021-10-18 19:30:00,0.0,0.0091647206151813,0.8933749533489334,28.62752594148972,0.06933333333333334,-2.2391442138673203
2021-10-18 20:00:00,0.0,2.119852532377504e-05,0.8624563238515688,27.636761800752275,0.069,-2.237760627271209
2021-10-18 20:30:00,0.0,2.1039756124614712e-05,0.9242605459170417,29.61723143876983,0.069,-2.2393672002036737
2021-10-18 21:00:00,0.0,2.0911709180219547e-05,0.8933749533489334,28.62752594148972,0.06933333333333334,-2.2437229869311697
2021-10-18 21:30:00,0.0,2.0659729196298585e-05,0.7384497677497575,23.663065327158787,0.06933333333333334,-2.2507799635664996
2021-10-18 22:00:00,0.0,2.0659729196298585e-05,0.9551131844651296,30.60588094935648,0.06866666666666667,-2.2605045427380266
2021-10-18 22:30:00,0.0,2.0501635159916726e-05,0.8624563238515688,27.636761800752275,0.06866666666666667,-2.272695822760325
2021-10-18 23:00:00,0.0,2.0282529430198737e-05,0.8005196209156987,25.65204691325707,0.06866666666666667,-2.286996261700276
2021-10-18 23:30:00,0.0,2.0251039650258557e-05,0.6762460900769607,21.669795435766904,0.06866666666666667,-2.3018028264009462
2021-10-19 00:00:00,0.0,1.9971589419418823e-05,0.6742378627117532,21.605443305926713,0.06866666666666667,-2.312852459056799
