,Psychrometer
2022-05-01 00:00:00,-0.4689480887733405
2022-05-01 00:30:00,-0.4815834380777577
2022-05-01 01:00:00,-0.48535536894847586
2022-05-01 01:30:00,-0.4948531376699263
2022-05-01 02:00:00,-0.49885710518674836
2022-05-01 02:30:00,-0.5061936781581313
2022-05-01 03:00:00,-0.5071604074736361
2022-05-01 03:30:00,-0.504736762901791
2022-05-01 04:00:00,-0.5006417905452029
2022-05-01 04:30:00,-0.5058980061247484
2022-05-01 05:00:00,-0.5141263889457932
2022-05-01 05:30:00,-0.5197706384514024
2022-05-01 06:00:00,-0.6257430760846835
2022-05-01 06:30:00,-0.5319356271283997
2022-05-01 07:00:00,-0.525493395285665
2022-05-01 07:30:00,-0.525493395285665
2022-05-01 08:00:00,-0.5231953523701552
2022-05-01 08:30:00,-0.5222612033164302
2022-05-01 09:00:00,-0.5138633387765376
2022-05-01 09:30:00,-0.5467318201805251
2022-05-01 10:00:00,-0.5594926416904044
2022-05-01 10:30:00,-0.602896731235939
2022-05-01 11:00:00,-0.6613593592001804
2022-05-01 11:30:00,-0.6626017059909927
2022-05-01 12:00:00,-0.6913223797700312
2022-05-01 12:30:00,-0.6854673534344442
2022-05-01 13:00:00,-0.842950073965005
2022-05-01 13:30:00,-0.6963978753880781
2022-05-01 14:00:00,-0.8124823887343041
2022-05-01 14:30:00,-0.9935731527006091
2022-05-01 15:00:00,-1.0167660203800841
2022-05-01 15:30:00,-0.8738364825809144
2022-05-01 16:00:00,-0.9898563581355242
2022-05-01 16:30:00,-0.9405494052119621
2022-05-01 17:00:00,-1.101587426497316
2022-05-01 17:30:00,-1.0035618870743253
2022-05-01 18:00:00,-0.7878537895205686
2022-05-01 18:30:00,-0.882723873723277
2022-05-01 19:00:00,-1.0003056435286768
2022-05-01 19:30:00,-0.9128343095872994
2022-05-01 20:00:00,-0.6639171561296451
2022-05-01 20:30:00,-0.6707743704911938
2022-05-01 21:00:00,-0.5537795398049693
2022-05-01 21:30:00,-0.5627162218092604
2022-05-01 22:00:00,-0.5602699056531881
2022-05-01 22:30:00,-0.5350075352885489
2022-05-01 23:00:00,-0.5193613013891913
2022-05-01 23:30:00,-0.5138757561530154
2022-05-02 00:00:00,-0.49232212651446217
2022-05-02 00:30:00,-0.48281765145143174
2022-05-02 01:00:00,-0.5118323338037818
2022-05-02 01:30:00,-0.5163346258231394
2022-05-02 02:00:00,-0.5377932661256088
2022-05-02 02:30:00,-0.5468753131194167
2022-05-02 03:00:00,-0.5290047442393764
2022-05-02 03:30:00,-0.5047096126162258
2022-05-02 04:00:00,-0.528084736035809
2022-05-02 04:30:00,-0.5057390436623478
2022-05-02 05:00:00,-0.5305004299456152
2022-05-02 05:30:00,-0.5328953308261333
2022-05-02 06:00:00,-0.5636466140560832
2022-05-02 06:30:00,-0.5675298647782202
2022-05-02 07:00:00,-0.5554598671880963
2022-05-02 07:30:00,-0.5227902147259599
2022-05-02 08:00:00,-0.54563422383799
2022-05-02 08:30:00,-0.4998123381596566
2022-05-02 09:00:00,-0.5322302859633614
2022-05-02 09:30:00,-0.5465115815092472
2022-05-02 10:00:00,-0.6625789162246258
2022-05-02 10:30:00,-0.8422892657106955
2022-05-02 11:00:00,-1.066908847866523
2022-05-02 11:30:00,-1.1801243615667654
2022-05-02 12:00:00,-1.175315230218585
2022-05-02 12:30:00,-1.3206562304098268
2022-05-02 13:00:00,-1.2292620847311844
2022-05-02 13:30:00,-1.8771814048773665
2022-05-02 14:00:00,-1.8431025682346687
2022-05-02 14:30:00,-1.826715531853903
2022-05-02 15:00:00,-1.7950300165794855
2022-05-02 15:30:00,-1.4293279129050653
2022-05-02 16:00:00,-1.6138514605607042
2022-05-02 16:30:00,-1.224338197857128
2022-05-02 17:00:00,-0.9583359768795083
2022-05-02 17:30:00,-0.900310932678711
2022-05-02 18:00:00,-0.9575974641451173
2022-05-02 18:30:00,-0.9679207374397386
2022-05-02 19:00:00,-1.1895152975655254
2022-05-02 19:30:00,-1.2458133060034922
2022-05-02 20:00:00,-0.6921633580322584
2022-05-02 20:30:00,-0.8781051743082402
2022-05-02 21:00:00,-0.5751196544481083
2022-05-02 21:30:00,-0.6015772352058676
2022-05-02 22:00:00,-0.5580703653231871
2022-05-02 22:30:00,-0.5380145869772172
2022-05-02 23:00:00,-0.5101303689619151
2022-05-02 23:30:00,-0.4843803833860788
2022-05-03 00:00:00,-0.4841053235487238
2022-05-03 00:30:00,-0.4931012677981544
2022-05-03 01:00:00,-0.5201729388794541
2022-05-03 01:30:00,-0.5034525873496131
2022-05-03 02:00:00,-0.5373832137666132
2022-05-03 02:30:00,-0.5439729398401437
2022-05-03 03:00:00,-0.5452101944107617
2022-05-03 03:30:00,-0.5564250531566943
2022-05-03 04:00:00,-0.5209296911726458
2022-05-03 04:30:00,-0.5290307486425004
2022-05-03 05:00:00,-0.5213231460775616
2022-05-03 05:30:00,-0.5456133322075729
2022-05-03 06:00:00,-0.5469132998896049
2022-05-03 06:30:00,-0.5528751902148845
2022-05-03 07:00:00,-0.5487601054805658
2022-05-03 07:30:00,-0.5012989662013024
2022-05-03 08:00:00,-0.5418668755660678
2022-05-03 08:30:00,-0.5509062785913421
2022-05-03 09:00:00,-0.5321274042408755
2022-05-03 09:30:00,-0.5639655747115622
2022-05-03 10:00:00,-0.7140175823666982
2022-05-03 10:30:00,-0.880457395066105
2022-05-03 11:00:00,-1.3379175903390188
2022-05-03 11:30:00,-1.1656128910979147
2022-05-03 12:00:00,-1.2431279710518164
2022-05-03 12:30:00,-1.92881129211976
2022-05-03 13:00:00,-1.8557500496130321
2022-05-03 13:30:00,-1.8765822158006684
2022-05-03 14:00:00,-1.825756163312536
2022-05-03 14:30:00,-1.8211431070758082
2022-05-03 15:00:00,-1.763485121165513
2022-05-03 15:30:00,-1.7138090523219183
2022-05-03 16:00:00,-1.7189825338496687
2022-05-03 16:30:00,-1.7336085077868273
2022-05-03 17:00:00,-1.7144750906347352
2022-05-03 17:30:00,-1.7550204624851273
2022-05-03 18:00:00,-1.735850894084576
2022-05-03 18:30:00,-1.5195670363237639
2022-05-03 19:00:00,-1.4340577120945537
2022-05-03 19:30:00,-1.4167447047291966
2022-05-03 20:00:00,-0.7706574745266238
2022-05-03 20:30:00,-0.8012190722630145
2022-05-03 21:00:00,-0.6396256106307696
2022-05-03 21:30:00,-0.6314597927931715
2022-05-03 22:00:00,-0.5628987712085263
2022-05-03 22:30:00,-0.5884106405172127
2022-05-03 23:00:00,-0.5390862739809215
2022-05-03 23:30:00,-0.47920805761821755
2022-05-04 00:00:00,-0.5854198722190831
2022-05-04 00:30:00,-0.7098639903451681
2022-05-04 01:00:00,-0.5914754787376075
2022-05-04 01:30:00,-0.6391038085651299
2022-05-04 02:00:00,-0.6299648099407341
2022-05-04 02:30:00,-0.616568701863776
2022-05-04 03:00:00,-0.6229151831442546
2022-05-04 03:30:00,-0.6064856765683333
2022-05-04 04:00:00,-0.6220744397754485
2022-05-04 04:30:00,-0.6145869180046767
2022-05-04 05:00:00,-0.6954299384359653
2022-05-04 05:30:00,-0.6305012679738309
2022-05-04 06:00:00,-0.6835478236736485
2022-05-04 06:30:00,-0.6860865526096709
2022-05-04 07:00:00,-0.6979074763744745
2022-05-04 07:30:00,-0.6150412608042013
2022-05-04 08:00:00,-0.5844522112466204
2022-05-04 08:30:00,-0.5855590501842888
2022-05-04 09:00:00,-0.7825810287424367
2022-05-04 09:30:00,-0.8352973904100004
2022-05-04 10:00:00,-0.8238888768124807
2022-05-04 10:30:00,-0.7901613950671219
2022-05-04 11:00:00,-0.8199889177339155
2022-05-04 11:30:00,-0.8383472959084648
2022-05-04 12:00:00,-0.7806179721692124
2022-05-04 12:30:00,-0.8371008920158839
2022-05-04 13:00:00,-0.8603909678366126
2022-05-04 13:30:00,-0.8602943779882832
2022-05-04 14:00:00,-0.8846638806005744
2022-05-04 14:30:00,-0.8623996944655918
2022-05-04 15:00:00,-0.8347531192390807
2022-05-04 15:30:00,-0.8233715788070788
2022-05-04 16:00:00,-0.8070569576205223
2022-05-04 16:30:00,-0.8539221477690379
2022-05-04 17:00:00,-0.8484426129632225
2022-05-04 17:30:00,-0.8235275169825332
2022-05-04 18:00:00,-0.7765772048564052
2022-05-04 18:30:00,-0.8006614677547279
2022-05-04 19:00:00,-0.760612853033976
2022-05-04 19:30:00,-0.7569239853971169
2022-05-04 20:00:00,-0.6901111001341763
2022-05-04 20:30:00,-0.6563199259765585
2022-05-04 21:00:00,-0.5190330075888161
2022-05-04 21:30:00,-0.4833833547753089
2022-05-04 22:00:00,-0.4564472187909038
2022-05-04 22:30:00,-0.5971170219785795
2022-05-04 23:00:00,-0.5844945059989233
2022-05-04 23:30:00,-0.5662308050581741
2022-05-05 00:00:00,-0.5141596261333862
2022-05-05 00:30:00,-0.5105644764637624
2022-05-05 01:00:00,-0.5031376986363184
2022-05-05 01:30:00,-0.4977866065733163
2022-05-05 02:00:00,-0.49934934629138106
2022-05-05 02:30:00,-0.5242558321727984
2022-05-05 03:00:00,-0.5251808823061526
2022-05-05 03:30:00,-0.5049609098819022
2022-05-05 04:00:00,-0.48103788966324806
2022-05-05 04:30:00,-0.5127751640841395
2022-05-05 05:00:00,-0.5473632627321332
2022-05-05 05:30:00,-0.48839974447169104
2022-05-05 06:00:00,-0.5662322687165283
2022-05-05 06:30:00,-0.5701242370376444
2022-05-05 07:00:00,-0.5837671929203694
2022-05-05 07:30:00,-0.5755131786517288
2022-05-05 08:00:00,-0.5743974505603229
2022-05-05 08:30:00,-0.5983071766047039
2022-05-05 09:00:00,-0.7280018078591541
2022-05-05 09:30:00,-0.8313695018032294
2022-05-05 10:00:00,-1.0263593851512125
2022-05-05 10:30:00,-1.012051718830144
2022-05-05 11:00:00,-1.7765825929573602
2022-05-05 11:30:00,-1.8917618134879808
2022-05-05 12:00:00,-1.8323475026699998
2022-05-05 12:30:00,-1.1686673280896815
2022-05-05 13:00:00,-0.9405697518864133
2022-05-05 13:30:00,-1.0146609611977424
2022-05-05 14:00:00,-1.10827790177582
2022-05-05 14:30:00,-1.318154826158691
2022-05-05 15:00:00,-1.3724928231846065
2022-05-05 15:30:00,-1.4447512704539498
2022-05-05 16:00:00,-1.2897609608924063
2022-05-05 16:30:00,-1.1694541706457628
2022-05-05 17:00:00,-1.0829969752807016
2022-05-05 17:30:00,-1.0046937371604023
2022-05-05 18:00:00,-0.9939352537919595
2022-05-05 18:30:00,-0.9732333915105734
2022-05-05 19:00:00,-0.7283362036574376
2022-05-05 19:30:00,-0.5914567053483953
2022-05-05 20:00:00,-0.6108585279517207
2022-05-05 20:30:00,-0.5716150274681586
2022-05-05 21:00:00,-0.5298132376815435
2022-05-05 21:30:00,-0.5571882974709823
2022-05-05 22:00:00,-0.5416501446264186
2022-05-05 22:30:00,-0.5276083794735164
2022-05-05 23:00:00,-0.5883893771236065
2022-05-05 23:30:00,-0.5283067179523772
2022-05-06 00:00:00,-0.5332970542664353
2022-05-06 00:30:00,-0.5236660871250488
2022-05-06 01:00:00,-0.5343570191961695
2022-05-06 01:30:00,-0.5240946452090968
2022-05-06 02:00:00,-0.5464237532844483
2022-05-06 02:30:00,-0.5467269206762186
2022-05-06 03:00:00,-0.5939643422794305
2022-05-06 03:30:00,-0.6006071401664553
2022-05-06 04:00:00,-0.5952010443385956
2022-05-06 04:30:00,-0.6031187090579926
2022-05-06 05:00:00,-0.6039198421183886
2022-05-06 05:30:00,-0.6011457713354615
2022-05-06 06:00:00,-0.6056923141282794
2022-05-06 06:30:00,-0.6084636614475699
2022-05-06 07:00:00,-0.6086902100271956
2022-05-06 07:30:00,-0.6259717231507991
2022-05-06 08:00:00,-0.6223439496267569
2022-05-06 08:30:00,-0.6242272515335408
2022-05-06 09:00:00,-0.6270593722348964
2022-05-06 09:30:00,-0.6423046911975808
2022-05-06 10:00:00,-0.6987079112196227
2022-05-06 10:30:00,-0.7973030689008402
2022-05-06 11:00:00,-0.7471748281923766
2022-05-06 11:30:00,-0.8269234868273972
2022-05-06 12:00:00,-1.032249272640497
2022-05-06 12:30:00,-0.8070539440121691
2022-05-06 13:00:00,-0.7845344526985616
2022-05-06 13:30:00,-1.017662493251524
2022-05-06 14:00:00,-1.1288870622805014
2022-05-06 14:30:00,-1.0120516756569138
2022-05-06 15:00:00,-1.0832136641262822
2022-05-06 15:30:00,-1.2673799096341272
2022-05-06 16:00:00,-1.2508125585690324
2022-05-06 16:30:00,-1.380974696009487
2022-05-06 17:00:00,-1.1970735068196927
2022-05-06 17:30:00,-1.3683308831788465
2022-05-06 18:00:00,-1.140028251709205
2022-05-06 18:30:00,-1.148312960343769
2022-05-06 19:00:00,-1.1117996889387234
2022-05-06 19:30:00,-1.0051249330175056
2022-05-06 20:00:00,-0.8493230712955109
2022-05-06 20:30:00,-0.8167499464876843
2022-05-06 21:00:00,-0.6253132480373551
2022-05-06 21:30:00,-0.6013515368871565
2022-05-06 22:00:00,-0.5939662690603178
2022-05-06 22:30:00,-0.5892123634324526
2022-05-06 23:00:00,-0.5613272698030713
2022-05-06 23:30:00,-0.5516099419052759
2022-05-07 00:00:00,-0.5147389360527075
2022-05-07 00:30:00,-0.49137388958118466
2022-05-07 01:00:00,-0.505506059067054
2022-05-07 01:30:00,-0.513381608946316
2022-05-07 02:00:00,-0.4867381213089809
2022-05-07 02:30:00,-0.5119530173887195
2022-05-07 03:00:00,-0.4955012028583755
2022-05-07 03:30:00,-0.4784813618033585
2022-05-07 04:00:00,-0.47663832660748134
2022-05-07 04:30:00,-0.5009958959614637
2022-05-07 05:00:00,-0.5014700713552623
2022-05-07 05:30:00,-0.5184277454776722
2022-05-07 06:00:00,-0.5088073676993655
2022-05-07 06:30:00,-0.505003121592956
2022-05-07 07:00:00,-0.5280017782078084
2022-05-07 07:30:00,-0.5256236971473972
2022-05-07 08:00:00,-0.5420378951018541
2022-05-07 08:30:00,-0.5315197121337636
2022-05-07 09:00:00,-0.5213105996926193
2022-05-07 09:30:00,-0.5293960080878342
2022-05-07 10:00:00,-0.6070401455819255
2022-05-07 10:30:00,-0.6278964033933945
2022-05-07 11:00:00,-0.6979719170179765
2022-05-07 11:30:00,-0.9255749820727369
2022-05-07 12:00:00,-0.7093651628393044
2022-05-07 12:30:00,-0.858726373096209
2022-05-07 13:00:00,-0.6896440418262826
2022-05-07 13:30:00,-1.0159545067019822
2022-05-07 14:00:00,-0.9901483748665038
2022-05-07 14:30:00,-0.802423237873767
2022-05-07 15:00:00,-0.9300253993828033
2022-05-07 15:30:00,-0.7201929615336037
2022-05-07 16:00:00,-0.9751620933354092
2022-05-07 16:30:00,-1.0475410361013888
2022-05-07 17:00:00,-1.1804955226848537
2022-05-07 17:30:00,-0.8394816626765789
2022-05-07 18:00:00,-0.8768116275190381
2022-05-07 18:30:00,-0.8055716580708163
2022-05-07 19:00:00,-0.8848550012081959
2022-05-07 19:30:00,-0.7951646112173699
2022-05-07 20:00:00,-0.6508573688541297
2022-05-07 20:30:00,-0.6494655942991069
2022-05-07 21:00:00,-0.5889581293869413
2022-05-07 21:30:00,-0.5680733283763585
2022-05-07 22:00:00,-0.5409696173831003
2022-05-07 22:30:00,-0.5426366102812848
2022-05-07 23:00:00,-0.4937544990221187
2022-05-07 23:30:00,-0.4494885723562397
2022-05-08 00:00:00,-0.4482893673896203
2022-05-08 00:30:00,-0.45727472051668394
2022-05-08 01:00:00,-0.4911211048582013
2022-05-08 01:30:00,-0.5240735938748393
2022-05-08 02:00:00,-0.5293560784913206
2022-05-08 02:30:00,-0.5190545167047937
2022-05-08 03:00:00,-0.5478984295615944
2022-05-08 03:30:00,-0.5218084481316584
2022-05-08 04:00:00,-0.5489918739283408
2022-05-08 04:30:00,-0.5516452729573952
2022-05-08 05:00:00,-0.5550436028104612
2022-05-08 05:30:00,-0.549657134009891
2022-05-08 06:00:00,-0.551115478614003
2022-05-08 06:30:00,-0.5512930051364114
2022-05-08 07:00:00,-0.5455043946665599
2022-05-08 07:30:00,-0.5523462625040804
2022-05-08 08:00:00,-0.5480634172493007
2022-05-08 08:30:00,-0.558508774534455
2022-05-08 09:00:00,-0.52252284719499
2022-05-08 09:30:00,-0.5007005998217972
2022-05-08 10:00:00,-0.6608049096814433
2022-05-08 10:30:00,-0.6653366722831904
2022-05-08 11:00:00,-0.6396640143602657
2022-05-08 11:30:00,-0.6349841960720758
2022-05-08 12:00:00,-0.6423952837301722
2022-05-08 12:30:00,-0.7349139069678513
2022-05-08 13:00:00,-1.0648678180684361
2022-05-08 13:30:00,-0.7797362197456466
2022-05-08 14:00:00,-1.056637085716078
2022-05-08 14:30:00,-0.8162062368414358
2022-05-08 15:00:00,-0.7724241778589264
2022-05-08 15:30:00,-0.7779002912506897
2022-05-08 16:00:00,-0.6848414979620091
2022-05-08 16:30:00,-0.8384522500632634
2022-05-08 17:00:00,-0.6477213852192313
2022-05-08 17:30:00,-0.6031954128895285
2022-05-08 18:00:00,-0.5370848043997062
2022-05-08 18:30:00,-0.5331818557167937
2022-05-08 19:00:00,-0.5923107977781537
2022-05-08 19:30:00,-0.5944257413501012
2022-05-08 20:00:00,-0.6402715119582427
2022-05-08 20:30:00,-0.7229276201473408
2022-05-08 21:00:00,-0.7234080161944224
2022-05-08 21:30:00,-0.7024679672701274
2022-05-08 22:00:00,-0.691600620403113
2022-05-08 22:30:00,-0.6657993163685606
2022-05-08 23:00:00,-0.6779524177715013
2022-05-08 23:30:00,-0.6591683663067669
2022-05-09 00:00:00,-0.6636859911670241
2022-05-09 00:30:00,-0.6636859911670241
2022-05-09 01:00:00,-0.6659192135592886
2022-05-09 01:30:00,-0.7130929310798095
2022-05-09 02:00:00,-0.7146274011264374
2022-05-09 02:30:00,-0.6577777522470355
2022-05-09 03:00:00,-0.6549824732858883
2022-05-09 03:30:00,-0.6547772233612786
2022-05-09 04:00:00,-0.6347046708591225
2022-05-09 04:30:00,-0.6360248340704399
2022-05-09 05:00:00,-0.6612997275131411
2022-05-09 05:30:00,-0.6744708715581658
2022-05-09 06:00:00,-0.6772450273475481
2022-05-09 06:30:00,-0.6788476813984193
2022-05-09 07:00:00,-0.6759162726110306
2022-05-09 07:30:00,-0.6749695868795249
2022-05-09 08:00:00,-0.7129126235181177
2022-05-09 08:30:00,-0.6844537995131036
2022-05-09 09:00:00,-0.669494698714425
2022-05-09 09:30:00,-0.6895705121819593
2022-05-09 10:00:00,-0.6553871895203778
2022-05-09 10:30:00,-0.5284647958922372
2022-05-09 11:00:00,-0.4672692702078589
2022-05-09 11:30:00,-0.46175913673358243
2022-05-09 12:00:00,-0.48002022397238675
2022-05-09 12:30:00,-0.4850775229822027
2022-05-09 13:00:00,-0.5177239811655967
2022-05-09 13:30:00,-0.5350810183081576
2022-05-09 14:00:00,-0.7641935624535365
2022-05-09 14:30:00,-0.7530188612845518
2022-05-09 15:00:00,-0.6716870772989785
2022-05-09 15:30:00,-0.5000550209407653
2022-05-09 16:00:00,-0.5343321768972169
2022-05-09 16:30:00,-0.5756833472740734
2022-05-09 17:00:00,-0.5383583915474733
2022-05-09 17:30:00,-0.5745097853527271
2022-05-09 18:00:00,-0.6748615384949938
2022-05-09 18:30:00,-0.49796082526828095
2022-05-09 19:00:00,-0.553439849556357
2022-05-09 19:30:00,-0.5405978051023552
2022-05-09 20:00:00,-0.5497429510931015
2022-05-09 20:30:00,-0.5415409765763787
2022-05-09 21:00:00,-0.5225224118220818
2022-05-09 21:30:00,-0.5091404349950741
2022-05-09 22:00:00,-0.5074071596500984
2022-05-09 22:30:00,-0.4797383031234078
2022-05-09 23:00:00,-0.4770695167376479
2022-05-09 23:30:00,-0.476402386257512
2022-05-10 00:00:00,-0.5035665583554769
2022-05-10 00:30:00,-0.5076937826080202
2022-05-10 01:00:00,-0.49380290084342304
2022-05-10 01:30:00,-0.45420558688150614
2022-05-10 02:00:00,-0.495937340676471
2022-05-10 02:30:00,-0.5150997705284996
2022-05-10 03:00:00,-0.48879144766666427
2022-05-10 03:30:00,-0.46728026064333233
2022-05-10 04:00:00,-0.47325614133814964
2022-05-10 04:30:00,-0.4984348120810696
2022-05-10 05:00:00,-0.49401259138924425
2022-05-10 05:30:00,-0.5071032320776782
2022-05-10 06:00:00,-0.4697400385648411
2022-05-10 06:30:00,-0.4747808651557328
2022-05-10 07:00:00,-0.5005869748667141
2022-05-10 07:30:00,-0.5019571136482966
2022-05-10 08:00:00,-0.5614948475858786
2022-05-10 08:30:00,-0.5680086093799115
2022-05-10 09:00:00,-0.6355861395649538
2022-05-10 09:30:00,-0.6426395388142171
2022-05-10 10:00:00,-0.6337162426757831
2022-05-10 10:30:00,-0.6360712527307525
2022-05-10 11:00:00,-0.6442799872190952
2022-05-10 11:30:00,-0.6441735742115585
2022-05-10 12:00:00,-0.6512039549545804
2022-05-10 12:30:00,-0.6566550636163814
2022-05-10 13:00:00,-0.6415242662031959
2022-05-10 13:30:00,-0.6516681628138585
2022-05-10 14:00:00,-0.674409841203853
2022-05-10 14:30:00,-0.6626864437336999
2022-05-10 15:00:00,-0.6870929592549824
2022-05-10 15:30:00,-0.6947748817458429
2022-05-10 16:00:00,-0.6833146372177881
2022-05-10 16:30:00,-0.6824026083507543
2022-05-10 17:00:00,-0.6767863209737578
2022-05-10 17:30:00,-0.681271270797586
2022-05-10 18:00:00,-0.6916031711252347
2022-05-10 18:30:00,-0.6916845812941542
2022-05-10 19:00:00,-0.6897568348313899
2022-05-10 19:30:00,-0.6884111379696093
2022-05-10 20:00:00,-0.6280363414637469
2022-05-10 20:30:00,-0.6114958542818054
2022-05-10 21:00:00,-0.5669669808633288
2022-05-10 21:30:00,-0.5640055459181255
2022-05-10 22:00:00,-0.5560941029829676
2022-05-10 22:30:00,-0.5482318095982193
2022-05-10 23:00:00,-0.5286835770525597
2022-05-10 23:30:00,-0.5125095461357971
2022-05-11 00:00:00,-0.49910446496727884
2022-05-11 00:30:00,-0.43259369567722955
2022-05-11 01:00:00,-0.45629629552689205
2022-05-11 01:30:00,-0.44395402546185636
2022-05-11 02:00:00,-0.4648312229954914
2022-05-11 02:30:00,-0.4857683256100818
2022-05-11 03:00:00,-0.4853457753245888
2022-05-11 03:30:00,-0.479873701720303
2022-05-11 04:00:00,-0.5079553247132568
2022-05-11 04:30:00,-0.49309204018129216
2022-05-11 05:00:00,-0.5355274128368839
2022-05-11 05:30:00,-0.5180109177298402
2022-05-11 06:00:00,-0.5377855966498946
2022-05-11 06:30:00,-0.547870534242225
2022-05-11 07:00:00,-0.5314831153764454
2022-05-11 07:30:00,-0.5244484563408034
2022-05-11 08:00:00,-0.5018892057057989
2022-05-11 08:30:00,-0.5060091955430872
2022-05-11 09:00:00,-0.5429770394699001
2022-05-11 09:30:00,-0.5741675582612258
2022-05-11 10:00:00,-0.6139637431073627
2022-05-11 10:30:00,-0.6260055550652395
2022-05-11 11:00:00,-0.6481808428358049
2022-05-11 11:30:00,-0.6318280482596178
2022-05-11 12:00:00,-0.7575370603400632
2022-05-11 12:30:00,-0.7097381390921946
2022-05-11 13:00:00,-0.6844995210826784
2022-05-11 13:30:00,-0.7606544376364037
2022-05-11 14:00:00,-0.765397556845567
2022-05-11 14:30:00,-0.7733287431376812
2022-05-11 15:00:00,-0.818687062923662
2022-05-11 15:30:00,-1.1329810832137095
2022-05-11 16:00:00,-1.018961914452735
2022-05-11 16:30:00,-0.9158022471758998
2022-05-11 17:00:00,-1.087540963642296
2022-05-11 17:30:00,-1.046883578363811
2022-05-11 18:00:00,-1.026799798465552
2022-05-11 18:30:00,-0.9862582753171177
2022-05-11 19:00:00,-0.8139747029027
2022-05-11 19:30:00,-0.7801410926070848
2022-05-11 20:00:00,-0.9230063251365814
2022-05-11 20:30:00,-0.6556090425345935
2022-05-11 21:00:00,-0.5770546975235676
2022-05-11 21:30:00,-0.5596820157372489
2022-05-11 22:00:00,-0.5393058498375324
2022-05-11 22:30:00,-0.545403192237202
2022-05-11 23:00:00,-0.5028632512870862
2022-05-11 23:30:00,-0.4831426376465754
2022-05-12 00:00:00,-0.4325698006730485
2022-05-12 00:30:00,-0.4483144109534916
2022-05-12 01:00:00,-0.46143947637114835
2022-05-12 01:30:00,-0.4962213221807846
2022-05-12 02:00:00,-0.5142364489250074
2022-05-12 02:30:00,-0.5376395320395397
2022-05-12 03:00:00,-0.542134329028372
2022-05-12 03:30:00,-0.5315906704065296
2022-05-12 04:00:00,-0.5344004201228248
2022-05-12 04:30:00,-0.49949198048362886
2022-05-12 05:00:00,-0.5352940758562617
2022-05-12 05:30:00,-0.5418521412830054
2022-05-12 06:00:00,-0.5610912258569078
2022-05-12 06:30:00,-0.5646417402255842
2022-05-12 07:00:00,-0.5380410511478003
2022-05-12 07:30:00,-0.5550475421837899
2022-05-12 08:00:00,-0.5406710114872351
2022-05-12 08:30:00,-0.5347498407413686
2022-05-12 09:00:00,-0.47890526098183905
2022-05-12 09:30:00,-0.5652087774443243
2022-05-12 10:00:00,-0.6264656314228215
2022-05-12 10:30:00,-0.8129568188589333
2022-05-12 11:00:00,-1.1410713287048404
2022-05-12 11:30:00,-1.0845565767468162
2022-05-12 12:00:00,-1.124971398491909
2022-05-12 12:30:00,-1.1791201037096135
2022-05-12 13:00:00,-1.3442264851748176
2022-05-12 13:30:00,-1.368622395028815
2022-05-12 14:00:00,-1.726896435639154
2022-05-12 14:30:00,-1.4215816102256098
2022-05-12 15:00:00,-1.0894561803852747
2022-05-12 15:30:00,-1.1700020254279315
2022-05-12 16:00:00,-0.9509277947354362
2022-05-12 16:30:00,-1.1118230975584924
2022-05-12 17:00:00,-1.728124189147987
2022-05-12 17:30:00,-1.2972436683914232
2022-05-12 18:00:00,-1.7617364474248354
2022-05-12 18:30:00,-1.6768430255927158
2022-05-12 19:00:00,-1.336616191461741
2022-05-12 19:30:00,-1.129866452869514
2022-05-12 20:00:00,-0.9245883790366802
2022-05-12 20:30:00,-0.9699542300858603
2022-05-12 21:00:00,-0.5982154334048126
2022-05-12 21:30:00,-0.5757178490374663
2022-05-12 22:00:00,-0.5644395879153771
2022-05-12 22:30:00,-0.5524982508674813
2022-05-12 23:00:00,-0.5211477936243402
2022-05-12 23:30:00,-0.5083726601950544
2022-05-13 00:00:00,-0.4815869076105334
2022-05-13 00:30:00,-0.4749382189970086
2022-05-13 01:00:00,-0.47419064680859224
2022-05-13 01:30:00,-0.48081602851469457
2022-05-13 02:00:00,-0.4827023276226622
2022-05-13 02:30:00,-0.5250749299526197
2022-05-13 03:00:00,-0.5247176422313791
2022-05-13 03:30:00,-0.49403703084107725
2022-05-13 04:00:00,-0.49070659661058214
2022-05-13 04:30:00,-0.49894295378581555
2022-05-13 05:00:00,-0.5063214907923524
2022-05-13 05:30:00,-0.48737735248530456
2022-05-13 06:00:00,-0.5188406985984233
2022-05-13 06:30:00,-0.5214903017640579
2022-05-13 07:00:00,-0.5032223329072871
2022-05-13 07:30:00,-0.5347120893400481
2022-05-13 08:00:00,-0.5064269250493642
2022-05-13 08:30:00,-0.5100570165955839
2022-05-13 09:00:00,-0.5996862807269467
2022-05-13 09:30:00,-0.621603451808631
2022-05-13 10:00:00,-0.5954502331370762
2022-05-13 10:30:00,-0.6102379432108378
2022-05-13 11:00:00,-0.659686695576683
2022-05-13 11:30:00,-0.6895997804818884
2022-05-13 12:00:00,-0.8046586667441457
2022-05-13 12:30:00,-0.6917986094032248
2022-05-13 13:00:00,-0.6780067214302058
2022-05-13 13:30:00,-0.6935816164635799
2022-05-13 14:00:00,-0.7435748036321305
2022-05-13 14:30:00,-0.7298609251733816
2022-05-13 15:00:00,-1.029705720491302
2022-05-13 15:30:00,-1.0285167876562795
2022-05-13 16:00:00,-1.021386278594095
2022-05-13 16:30:00,-0.7642477491727481
2022-05-13 17:00:00,-1.0209197831343249
2022-05-13 17:30:00,-0.9870565450117388
2022-05-13 18:00:00,-0.7678620951283622
2022-05-13 18:30:00,-0.8061643615951306
2022-05-13 19:00:00,-0.8673362231336723
2022-05-13 19:30:00,-0.7439656314703145
2022-05-13 20:00:00,-0.6600681670790992
2022-05-13 20:30:00,-0.6547226535888594
2022-05-13 21:00:00,-0.5937546315281805
2022-05-13 21:30:00,-0.577568775485735
2022-05-13 22:00:00,-0.5649000497719627
2022-05-13 22:30:00,-0.5591984373209242
2022-05-13 23:00:00,-0.525690915125639
2022-05-13 23:30:00,-0.5201181084350145
2022-05-14 00:00:00,-0.45117454524270706
2022-05-14 00:30:00,-0.4594054125172133
2022-05-14 01:00:00,-0.468285133118442
2022-05-14 01:30:00,-0.4634215130992434
2022-05-14 02:00:00,-0.48071706975191497
2022-05-14 02:30:00,-0.4946745978272505
2022-05-14 03:00:00,-0.49861347547656626
2022-05-14 03:30:00,-0.5063035321404
2022-05-14 04:00:00,-0.5056561415005499
2022-05-14 04:30:00,-0.510891693602005
2022-05-14 05:00:00,-0.5261784190510324
2022-05-14 05:30:00,-0.5200949810899804
2022-05-14 06:00:00,-0.5222736690262237
2022-05-14 06:30:00,-0.5218175010431042
2022-05-14 07:00:00,-0.49642183584181326
2022-05-14 07:30:00,-0.502724703074287
2022-05-14 08:00:00,-0.5100405579577054
2022-05-14 08:30:00,-0.4981736505726397
2022-05-14 09:00:00,-0.5447329752810526
2022-05-14 09:30:00,-0.5776122479425354
2022-05-14 10:00:00,-0.6040525949734277
2022-05-14 10:30:00,-0.634105447867697
2022-05-14 11:00:00,-0.6509917053512808
2022-05-14 11:30:00,-0.6764206330557165
2022-05-14 12:00:00,-0.7584244705730204
2022-05-14 12:30:00,-0.7748156237910965
2022-05-14 13:00:00,-1.0232872722436723
2022-05-14 13:30:00,-0.9326618787315322
2022-05-14 14:00:00,-1.1339190586487784
2022-05-14 14:30:00,-1.161858232941844
2022-05-14 15:00:00,-1.222698040591476
2022-05-14 15:30:00,-1.295959587486774
2022-05-14 16:00:00,-1.1818471714532421
2022-05-14 16:30:00,-1.0700796843847717
2022-05-14 17:00:00,-1.0897952203706525
2022-05-14 17:30:00,-1.0547382879712064
2022-05-14 18:00:00,-0.9515347938862365
2022-05-14 18:30:00,-0.9119185244666592
2022-05-14 19:00:00,-1.0816547832248782
2022-05-14 19:30:00,-1.0033230588710327
2022-05-14 20:00:00,-0.8431776360320575
2022-05-14 20:30:00,-0.7017158918200085
2022-05-14 21:00:00,-0.631797279543449
2022-05-14 21:30:00,-0.582486958779743
2022-05-14 22:00:00,-0.5744061631289525
2022-05-14 22:30:00,-0.5443717620783988
2022-05-14 23:00:00,-0.542515575611406
2022-05-14 23:30:00,-0.5223251806665364
2022-05-15 00:00:00,-0.5167746365597563
2022-05-15 00:30:00,-0.5080837833604628
2022-05-15 01:00:00,-0.5078688519066881
2022-05-15 01:30:00,-0.4889060630780826
2022-05-15 02:00:00,-0.49894328491455797
2022-05-15 02:30:00,-0.465130157845535
2022-05-15 03:00:00,-0.4663806850141281
2022-05-15 03:30:00,-0.5091040162963278
2022-05-15 04:00:00,-0.5233345663167401
2022-05-15 04:30:00,-0.5152622992107387
2022-05-15 05:00:00,-0.5242395916695017
2022-05-15 05:30:00,-0.5178252632063114
2022-05-15 06:00:00,-0.5494218957076691
2022-05-15 06:30:00,-0.5547792567286275
2022-05-15 07:00:00,-0.5224917302854194
2022-05-15 07:30:00,-0.5242023275912174
2022-05-15 08:00:00,-0.5465283169861528
2022-05-15 08:30:00,-0.5701807090105975
2022-05-15 09:00:00,-0.6230815665615544
2022-05-15 09:30:00,-0.6221873585020565
2022-05-15 10:00:00,-0.6429989628350663
2022-05-15 10:30:00,-0.7250582472889827
2022-05-15 11:00:00,-0.9510720311904436
2022-05-15 11:30:00,-0.9578729883512075
2022-05-15 12:00:00,-0.9524870987587437
2022-05-15 12:30:00,-1.0206273370797299
2022-05-15 13:00:00,-0.9732822698404935
2022-05-15 13:30:00,-1.1668974952148978
2022-05-15 14:00:00,-1.8218433406618184
2022-05-15 14:30:00,-1.7643072085810223
2022-05-15 15:00:00,-1.8061162470382621
2022-05-15 15:30:00,-1.820756843720512
2022-05-15 16:00:00,-0.9286886739691126
2022-05-15 16:30:00,-0.9363410358444331
2022-05-15 17:00:00,-0.9417195563964761
2022-05-15 17:30:00,-0.9254109892020413
2022-05-15 18:00:00,-1.1242093991838276
2022-05-15 18:30:00,-1.0698780276431965
2022-05-15 19:00:00,-0.7825479774466344
2022-05-15 19:30:00,-0.7725508202095439
2022-05-15 20:00:00,-0.6956478223075974
2022-05-15 20:30:00,-0.6268704817176843
2022-05-15 21:00:00,-0.47299647614207296
2022-05-15 21:30:00,-0.5816168957499358
2022-05-15 22:00:00,-0.5683708945708823
2022-05-15 22:30:00,-0.5706521663645081
2022-05-15 23:00:00,-0.5442463510503424
2022-05-15 23:30:00,-0.5389648731019802
2022-05-16 00:00:00,-0.55906923310817
2022-05-16 00:30:00,-0.533174132799388
2022-05-16 01:00:00,-0.5589103533936529
2022-05-16 01:30:00,-0.5782615975722929
2022-05-16 02:00:00,-0.5798933685157062
2022-05-16 02:30:00,-0.581476180876118
2022-05-16 03:00:00,-0.5985998729572551
2022-05-16 03:30:00,-0.5896274743304083
2022-05-16 04:00:00,-0.5933244962534762
2022-05-16 04:30:00,-0.5741726907282203
2022-05-16 05:00:00,-0.5517777456201434
2022-05-16 05:30:00,-0.5613665184385742
2022-05-16 06:00:00,-0.567981716280072
2022-05-16 06:30:00,-0.5705060878468703
2022-05-16 07:00:00,-0.6076174145458269
2022-05-16 07:30:00,-0.6053572523448036
2022-05-16 08:00:00,-0.6350114771901513
2022-05-16 08:30:00,-0.6182273345501604
2022-05-16 09:00:00,-0.7747577776698453
2022-05-16 09:30:00,-0.8125366582784612
2022-05-16 10:00:00,-0.8333476701651533
2022-05-16 10:30:00,-0.7717087271664195
2022-05-16 11:00:00,-0.9888257775813643
2022-05-16 11:30:00,-1.618990439036336
2022-05-16 12:00:00,-1.5389505820036615
2022-05-16 12:30:00,-1.9874306594240254
2022-05-16 13:00:00,-1.1267071716703565
2022-05-16 13:30:00,-1.5222444147548573
2022-05-16 14:00:00,-1.7648213481540715
2022-05-16 14:30:00,-1.858461199592811
2022-05-16 15:00:00,-1.7585722380621744
2022-05-16 15:30:00,-1.4978617930578344
2022-05-16 16:00:00,-1.6617586011993364
2022-05-16 16:30:00,-1.6724700412153144
2022-05-16 17:00:00,-1.4387050536096109
2022-05-16 17:30:00,-1.2905941394570433
2022-05-16 18:00:00,-0.8775387795036822
2022-05-16 18:30:00,-0.766070391599536
2022-05-16 19:00:00,-1.1210698567506467
2022-05-16 19:30:00,-1.2988465620931458
2022-05-16 20:00:00,-0.7044372498375749
2022-05-16 20:30:00,-0.6467663492051676
2022-05-16 21:00:00,-0.5665208682218391
2022-05-16 21:30:00,-0.5459601304173956
2022-05-16 22:00:00,-0.5310817356958796
2022-05-16 22:30:00,-0.7170607886829449
2022-05-16 23:00:00,-0.6749172152359477
2022-05-16 23:30:00,-0.6643848273525425
2022-05-17 00:00:00,-0.6303733847340677
2022-05-17 00:30:00,-0.5938006562484134
2022-05-17 01:00:00,-0.7083194867753575
2022-05-17 01:30:00,-0.603295412812185
2022-05-17 02:00:00,-0.5908366422798739
2022-05-17 02:30:00,-0.574818737459357
2022-05-17 03:00:00,-0.5762122096903016
2022-05-17 03:30:00,-0.5574156495969996
2022-05-17 04:00:00,-0.5426312578118964
2022-05-17 04:30:00,-0.5677345928880387
2022-05-17 05:00:00,-0.5733885906461683
2022-05-17 05:30:00,-0.5995229511742994
2022-05-17 06:00:00,-0.6063996672240572
2022-05-17 06:30:00,-0.5541914887578919
2022-05-17 07:00:00,-0.559128263074243
2022-05-17 07:30:00,-0.5887593358435135
2022-05-17 08:00:00,-0.5425584747592085
2022-05-17 08:30:00,-0.5043527607040768
2022-05-17 09:00:00,-0.5680608402963343
2022-05-17 09:30:00,-0.6136417649666819
2022-05-17 10:00:00,-0.6348193072437023
2022-05-17 10:30:00,-0.6493613038359517
2022-05-17 11:00:00,-0.6729248216154781
2022-05-17 11:30:00,-0.7095956588539376
2022-05-17 12:00:00,-0.6907504186641661
2022-05-17 12:30:00,-0.6878191309165167
2022-05-17 13:00:00,-0.7571473930930046
2022-05-17 13:30:00,-0.7802682202354176
2022-05-17 14:00:00,-0.8077167886273261
2022-05-17 14:30:00,-0.7031193073701938
2022-05-17 15:00:00,-0.7355110692849098
2022-05-17 15:30:00,-0.7202809976840819
2022-05-17 16:00:00,-0.8059719353230641
2022-05-17 16:30:00,-0.9828568390583164
2022-05-17 17:00:00,-1.0273330263575335
2022-05-17 17:30:00,-0.9825017907104833
2022-05-17 18:00:00,-0.8913765745971937
2022-05-17 18:30:00,-0.6683979356000629
2022-05-17 19:00:00,-0.6859848851115237
2022-05-17 19:30:00,-0.6734564935473274
2022-05-17 20:00:00,-0.6930425845070199
2022-05-17 20:30:00,-0.6461040668989194
2022-05-17 21:00:00,-0.581750758296637
2022-05-17 21:30:00,-0.5786952471560458
2022-05-17 22:00:00,-0.5584926036324454
2022-05-17 22:30:00,-0.5552165235381916
2022-05-17 23:00:00,-0.4997746788859076
2022-05-17 23:30:00,-0.44769109399670265
2022-05-18 00:00:00,-0.4684423044323385
2022-05-18 00:30:00,-0.4505039869233872
2022-05-18 01:00:00,-0.462417967459523
2022-05-18 01:30:00,-0.48933779394596905
2022-05-18 02:00:00,-0.5237925646178954
2022-05-18 02:30:00,-0.5305906216550651
2022-05-18 03:00:00,-0.5350944171338073
2022-05-18 03:30:00,-0.5141481449430654
2022-05-18 04:00:00,-0.5165066283618677
2022-05-18 04:30:00,-0.519160027390922
2022-05-18 05:00:00,-0.5242538801959981
2022-05-18 05:30:00,-0.5207022588128908
2022-05-18 06:00:00,-0.5269817581006456
2022-05-18 06:30:00,-0.5211375176661706
2022-05-18 07:00:00,-0.4885927498320759
2022-05-18 07:30:00,-0.49600670857695794
2022-05-18 08:00:00,-0.5368043812456164
2022-05-18 08:30:00,-0.5159661930451775
2022-05-18 09:00:00,-0.6361889808020428
2022-05-18 09:30:00,-0.6292457491223407
2022-05-18 10:00:00,-0.6323645017690558
2022-05-18 10:30:00,-0.6208496666876973
2022-05-18 11:00:00,-0.6322397370180605
2022-05-18 11:30:00,-0.6321676746069378
2022-05-18 12:00:00,-0.6350349642855864
2022-05-18 12:30:00,-0.6496665793079726
2022-05-18 13:00:00,-0.7081195166852774
2022-05-18 13:30:00,-0.6780298128167367
2022-05-18 14:00:00,-0.6602385903742969
2022-05-18 14:30:00,-0.6434182946020528
2022-05-18 15:00:00,-0.5728157576625029
2022-05-18 15:30:00,-0.5729827897093505
2022-05-18 16:00:00,-0.4805521901911202
2022-05-18 16:30:00,-0.4681009714495506
2022-05-18 17:00:00,-0.5559918320604029
2022-05-18 17:30:00,-0.562829615565056
2022-05-18 18:00:00,-0.5909241904307926
2022-05-18 18:30:00,-0.7593062536747301
2022-05-18 19:00:00,-0.7452139622718468
2022-05-18 19:30:00,-0.7094315298432317
2022-05-18 20:00:00,-0.6393598201689636
2022-05-18 20:30:00,-0.5697269026029254
2022-05-18 21:00:00,-0.575662988200486
2022-05-18 21:30:00,-0.5801441362196161
2022-05-18 22:00:00,-0.5646690913423844
2022-05-18 22:30:00,-0.5507887714373814
2022-05-18 23:00:00,-0.511426661378681
2022-05-18 23:30:00,-0.5181957920558816
2022-05-19 00:00:00,-0.5172354031870489
2022-05-19 00:30:00,-0.49755035515734414
2022-05-19 01:00:00,-0.4852335266486485
2022-05-19 01:30:00,-0.49069711310362657
2022-05-19 02:00:00,-0.4771603380330085
2022-05-19 02:30:00,-0.48838199717150865
2022-05-19 03:00:00,-0.4761387569597257
2022-05-19 03:30:00,-0.4848812991938061
2022-05-19 04:00:00,-0.45971451108903033
2022-05-19 04:30:00,-0.4997990279715022
2022-05-19 05:00:00,-0.4918741867521758
2022-05-19 05:30:00,-0.47059465271030354
2022-05-19 06:00:00,-0.479719095972153
2022-05-19 06:30:00,-0.4742149138172126
2022-05-19 07:00:00,-0.5042328680240551
2022-05-19 07:30:00,-0.4822222605572556
2022-05-19 08:00:00,-0.518170323662179
2022-05-19 08:30:00,-0.5644550494296301
2022-05-19 09:00:00,-0.6257294797319767
2022-05-19 09:30:00,-0.6185349922756838
2022-05-19 10:00:00,-0.659932262896066
2022-05-19 10:30:00,-0.6598748306576951
2022-05-19 11:00:00,-0.6380990780428971
2022-05-19 11:30:00,-0.650434569645698
2022-05-19 12:00:00,-0.6128116114334163
2022-05-19 12:30:00,-0.6149061332587856
2022-05-19 13:00:00,-0.5961591988612345
2022-05-19 13:30:00,-0.5483387781371423
2022-05-19 14:00:00,-0.5470524148195313
2022-05-19 14:30:00,-0.5280416790330414
2022-05-19 15:00:00,-0.5902053462986089
2022-05-19 15:30:00,-0.5230814346793274
2022-05-19 16:00:00,-0.5327875972286769
2022-05-19 16:30:00,-0.6193935294068482
2022-05-19 17:00:00,-0.5404106661682175
2022-05-19 17:30:00,-0.5363410717436058
2022-05-19 18:00:00,-0.6294902362649241
2022-05-19 18:30:00,-0.6475619155158434
2022-05-19 19:00:00,-0.6607189965212292
2022-05-19 19:30:00,-0.6243964699267205
2022-05-19 20:00:00,-0.5291563941362507
2022-05-19 20:30:00,-0.5124212156433553
2022-05-19 21:00:00,-0.5128893410156172
2022-05-19 21:30:00,-0.5102536761173664
2022-05-19 22:00:00,-0.539326401134181
2022-05-19 22:30:00,-0.5155125153542263
2022-05-19 23:00:00,-0.5323361984367607
2022-05-19 23:30:00,-0.5307134219985048
2022-05-20 00:00:00,-0.5373842968647996
2022-05-20 00:30:00,-0.5033577649898915
2022-05-20 01:00:00,-0.5071343362703751
2022-05-20 01:30:00,-0.5115653392736078
2022-05-20 02:00:00,-0.5200031380641151
2022-05-20 02:30:00,-0.5501623252138924
2022-05-20 03:00:00,-0.7005781324006497
2022-05-20 03:30:00,-0.7203982702646456
2022-05-20 04:00:00,-0.6782699512113175
2022-05-20 04:30:00,-0.5629345349783634
2022-05-20 05:00:00,-0.5496122512321184
2022-05-20 05:30:00,-0.5419121238840131
2022-05-20 06:00:00,-0.5511298377722975
2022-05-20 06:30:00,-0.5251961838910644
2022-05-20 07:00:00,-0.5125786179239347
2022-05-20 07:30:00,-0.5162740899594422
2022-05-20 08:00:00,-0.516387313893924
2022-05-20 08:30:00,-0.5376556834997451
2022-05-20 09:00:00,-0.5399353264057983
2022-05-20 09:30:00,-0.5594326717784885
2022-05-20 10:00:00,-0.5961692477620611
2022-05-20 10:30:00,-0.5918031272854101
2022-05-20 11:00:00,-0.5425958752027765
2022-05-20 11:30:00,-0.5424591835651702
2022-05-20 12:00:00,-0.5820877795711934
2022-05-20 12:30:00,-0.5001194642635398
2022-05-20 13:00:00,-0.5508221202006822
2022-05-20 13:30:00,-0.6411673535911079
2022-05-20 14:00:00,-0.564045303141627
2022-05-20 14:30:00,-0.7224315207949266
2022-05-20 15:00:00,-0.5274447326126463
2022-05-20 15:30:00,-0.5431954468810479
2022-05-20 16:00:00,-0.5302416110526859
2022-05-20 16:30:00,-0.6524069167146052
2022-05-20 17:00:00,-0.6006023349169054
2022-05-20 17:30:00,-0.5427042982237967
2022-05-20 18:00:00,-0.5189896311426512
2022-05-20 18:30:00,-0.49355389037364766
2022-05-20 19:00:00,-0.5486302910383126
2022-05-20 19:30:00,-0.5534561999606299
2022-05-20 20:00:00,-0.5268290679881916
2022-05-20 20:30:00,-0.5153597491438411
2022-05-20 21:00:00,-0.5023351149273235
2022-05-20 21:30:00,-0.5058436868980352
2022-05-20 22:00:00,-0.5020795196736494
2022-05-20 22:30:00,-0.47447984356891815
2022-05-20 23:00:00,-0.47543876883986463
2022-05-20 23:30:00,-0.47288517522599904
2022-05-21 00:00:00,-0.46656602295807553
2022-05-21 00:30:00,-0.4684850607429367
2022-05-21 01:00:00,-0.48384595120809726
2022-05-21 01:30:00,-0.48707079214632915
2022-05-21 02:00:00,-0.526205770252537
2022-05-21 02:30:00,-0.5200121406398126
2022-05-21 03:00:00,-0.5261644587246423
2022-05-21 03:30:00,-0.5343919372745011
2022-05-21 04:00:00,-0.5364412965489004
2022-05-21 04:30:00,-0.5405937711702004
2022-05-21 05:00:00,-0.5341696079481537
2022-05-21 05:30:00,-0.5570510660834217
2022-05-21 06:00:00,-0.5416966232250892
2022-05-21 06:30:00,-0.5376496005829873
2022-05-21 07:00:00,-0.5322110109634592
2022-05-21 07:30:00,-0.5397875295104423
2022-05-21 08:00:00,-0.5496738834776204
2022-05-21 08:30:00,-0.5320869780173793
2022-05-21 09:00:00,-0.5655790015280985
2022-05-21 09:30:00,-0.5775391437650526
2022-05-21 10:00:00,-0.664398645626051
2022-05-21 10:30:00,-0.6699305622085476
2022-05-21 11:00:00,-0.6349702744722829
2022-05-21 11:30:00,-0.6480311241055858
2022-05-21 12:00:00,-0.6381234808308494
2022-05-21 12:30:00,-0.6304497742245977
2022-05-21 13:00:00,-0.6551508756368212
2022-05-21 13:30:00,-0.6359005548924572
2022-05-21 14:00:00,-0.6622687139310153
2022-05-21 14:30:00,-0.6659722969847814
2022-05-21 15:00:00,-0.6597710613007989
2022-05-21 15:30:00,-0.6968853299631967
2022-05-21 16:00:00,-0.6983250914126162
2022-05-21 16:30:00,-0.6835672367283181
2022-05-21 17:00:00,-0.6789918709214937
2022-05-21 17:30:00,-0.7116269530962747
2022-05-21 18:00:00,-0.7387386703272522
2022-05-21 18:30:00,-0.7485261326616375
2022-05-21 19:00:00,-0.7245679046056844
2022-05-21 19:30:00,-0.7409359869790846
2022-05-21 20:00:00,-0.6545967317987607
2022-05-21 20:30:00,-0.6278575634817137
2022-05-21 21:00:00,-0.5320087684285546
2022-05-21 21:30:00,-0.5297078131749788
2022-05-21 22:00:00,-0.5188522502691086
2022-05-21 22:30:00,-0.5222327787638766
2022-05-21 23:00:00,-0.5171843850905726
2022-05-21 23:30:00,-0.49158650729211006
2022-05-22 00:00:00,-0.5221143340079415
2022-05-22 00:30:00,-0.5124320810923154
2022-05-22 01:00:00,-0.5254404270161316
2022-05-22 01:30:00,-0.5286518872671755
2022-05-22 02:00:00,-0.5079719604633296
2022-05-22 02:30:00,-0.5160268531514108
2022-05-22 03:00:00,-0.5018420537688404
2022-05-22 03:30:00,-0.49569864927525825
2022-05-22 04:00:00,-0.5417369148234722
2022-05-22 04:30:00,-0.5342027356455069
2022-05-22 05:00:00,-0.5368436589773026
2022-05-22 05:30:00,-0.5399898879829245
2022-05-22 06:00:00,-0.544210970016291
2022-05-22 06:30:00,-0.5440713848810182
2022-05-22 07:00:00,-0.5328129408624818
2022-05-22 07:30:00,-0.5231604688304068
2022-05-22 08:00:00,-0.5399714727286136
2022-05-22 08:30:00,-0.5315581258377835
2022-05-22 09:00:00,-0.5237206251836997
2022-05-22 09:30:00,-0.5902248589700662
2022-05-22 10:00:00,-0.6117614497520224
2022-05-22 10:30:00,-0.6351460747608771
2022-05-22 11:00:00,-0.7645684190718772
2022-05-22 11:30:00,-1.011126659624088
2022-05-22 12:00:00,-1.1647975841541665
2022-05-22 12:30:00,-1.2777877136830755
2022-05-22 13:00:00,-1.114993512321395
2022-05-22 13:30:00,-1.1106778405386255
2022-05-22 14:00:00,-1.2819181987497623
2022-05-22 14:30:00,-1.2293187868355802
2022-05-22 15:00:00,-1.1290735312534204
2022-05-22 15:30:00,-1.2130416793151784
2022-05-22 16:00:00,-1.454387292978966
2022-05-22 16:30:00,-1.6195524904160563
2022-05-22 17:00:00,-1.7359878969231497
2022-05-22 17:30:00,-1.615683626512989
2022-05-22 18:00:00,-1.7388297766560863
2022-05-22 18:30:00,-1.7209529098479948
2022-05-22 19:00:00,-0.8287498562847522
2022-05-22 19:30:00,-0.8178990373105428
2022-05-22 20:00:00,-0.7597415182864137
2022-05-22 20:30:00,-0.8702652763875193
2022-05-22 21:00:00,-0.7691280759609893
2022-05-22 21:30:00,-0.6049658842793971
2022-05-22 22:00:00,-0.5826731384847116
2022-05-22 22:30:00,-0.5708528863362403
2022-05-22 23:00:00,-0.5594644294759766
2022-05-22 23:30:00,-0.5567436407879328
2022-05-23 00:00:00,-0.4602551373218833
2022-05-23 00:30:00,-0.474027591903066
2022-05-23 01:00:00,-0.4929754334221797
2022-05-23 01:30:00,-0.5006513218407272
2022-05-23 02:00:00,-0.5224133412425814
2022-05-23 02:30:00,-0.5072019610720292
2022-05-23 03:00:00,-0.5180805504143087
2022-05-23 03:30:00,-0.5142579667804074
2022-05-23 04:00:00,-0.490657319098541
2022-05-23 04:30:00,-0.49578459502915984
2022-05-23 05:00:00,-0.49870306595154396
2022-05-23 05:30:00,-0.48361134981444215
2022-05-23 06:00:00,-0.5213532681811417
2022-05-23 06:30:00,-0.4991236264447897
2022-05-23 07:00:00,-0.48123199534998
2022-05-23 07:30:00,-0.4743395687960568
2022-05-23 08:00:00,-0.5238411188397165
2022-05-23 08:30:00,-0.5422412337816559
2022-05-23 09:00:00,-0.5980345597072317
2022-05-23 09:30:00,-0.6754790182191277
2022-05-23 10:00:00,-0.9355597721072455
2022-05-23 10:30:00,-0.9597601932185817
2022-05-23 11:00:00,-1.2561988832688058
2022-05-23 11:30:00,-1.1874374018206115
2022-05-23 12:00:00,-1.51922068159043
2022-05-23 12:30:00,-2.1527227027097937
2022-05-23 13:00:00,-1.2170658193876231
2022-05-23 13:30:00,-1.7346983113528254
2022-05-23 14:00:00,-1.6756402932447445
2022-05-23 14:30:00,-1.7434372190534482
2022-05-23 15:00:00,-1.8006434082279907
2022-05-23 15:30:00,-1.8223978578032487
2022-05-23 16:00:00,-1.1424306548680878
2022-05-23 16:30:00,-1.1107172279678397
2022-05-23 17:00:00,-1.723467415533748
2022-05-23 17:30:00,-1.766093749938917
2022-05-23 18:00:00,-1.6793845533981115
2022-05-23 18:30:00,-1.6896966124604291
2022-05-23 19:00:00,-1.0508222898580002
2022-05-23 19:30:00,-1.0221720943823909
2022-05-23 20:00:00,-0.8313258795185753
2022-05-23 20:30:00,-0.8374200446596753
2022-05-23 21:00:00,-0.6018339153258533
2022-05-23 21:30:00,-0.5816424986981746
2022-05-23 22:00:00,-0.6120507425966925
2022-05-23 22:30:00,-0.5861838494108824
2022-05-23 23:00:00,-0.582004173468831
2022-05-23 23:30:00,-0.5185549913980626
2022-05-24 00:00:00,-0.4697333289121825
2022-05-24 00:30:00,-0.47013304678543727
2022-05-24 01:00:00,-0.48650358180204584
2022-05-24 01:30:00,-0.48551772031734686
2022-05-24 02:00:00,-0.5288611575165387
2022-05-24 02:30:00,-0.532362699315104
2022-05-24 03:00:00,-0.5416368327212695
2022-05-24 03:30:00,-0.5310418153649736
2022-05-24 04:00:00,-0.5506068846853913
2022-05-24 04:30:00,-0.5557268080874276
2022-05-24 05:00:00,-0.5595526577784835
2022-05-24 05:30:00,-0.5610184657443575
2022-05-24 06:00:00,-0.5204638751348188
2022-05-24 06:30:00,-0.5250810490366312
2022-05-24 07:00:00,-0.5393255872990497
2022-05-24 07:30:00,-0.5345515504015146
2022-05-24 08:00:00,-0.5712083634733035
2022-05-24 08:30:00,-0.5220705292095006
2022-05-24 09:00:00,-0.5324147300700486
2022-05-24 09:30:00,-0.6437178016223085
2022-05-24 10:00:00,-0.7462772847242468
2022-05-24 10:30:00,-0.8890679803328199
2022-05-24 11:00:00,-1.041936562993156
2022-05-24 11:30:00,-1.4819751074307337
2022-05-24 12:00:00,-1.452689948108488
2022-05-24 12:30:00,-2.035150908151811
2022-05-24 13:00:00,-1.7618648909840593
2022-05-24 13:30:00,-1.8458961980011634
2022-05-24 14:00:00,-1.4143416920411045
2022-05-24 14:30:00,-1.1464326708046357
2022-05-24 15:00:00,-1.844284510919125
2022-05-24 15:30:00,-1.8343010298092266
2022-05-24 16:00:00,-1.5268575804921793
2022-05-24 16:30:00,-1.68564777933518
2022-05-24 17:00:00,-1.6793171216731284
2022-05-24 17:30:00,-1.6367215803651476
2022-05-24 18:00:00,-1.2121057680347689
2022-05-24 18:30:00,-1.0948931294370214
2022-05-24 19:00:00,-0.7703520145418326
2022-05-24 19:30:00,-0.7560076596775046
2022-05-24 20:00:00,-0.679279096763572
2022-05-24 20:30:00,-0.7128418817196349
2022-05-24 21:00:00,-0.4950127347851446
2022-05-24 21:30:00,-0.4914341448780396
2022-05-24 22:00:00,-0.5753281436063932
2022-05-24 22:30:00,-0.5291755623413562
2022-05-24 23:00:00,-0.48264524869353936
2022-05-24 23:30:00,-0.4940793494317737
2022-05-25 00:00:00,-0.494548414993072
2022-05-25 00:30:00,-0.5087123859404545
2022-05-25 01:00:00,-0.5224066889030393
2022-05-25 01:30:00,-0.5466040098221159
2022-05-25 02:00:00,-0.5464971542395429
2022-05-25 02:30:00,-0.5514029684363292
2022-05-25 03:00:00,-0.5450352673528822
2022-05-25 03:30:00,-0.5349234675992741
2022-05-25 04:00:00,-0.5400711978842456
2022-05-25 04:30:00,-0.5415602570513918
2022-05-25 05:00:00,-0.5476059772988805
2022-05-25 05:30:00,-0.5024476528616959
2022-05-25 06:00:00,-0.5225711517829899
2022-05-25 06:30:00,-0.5379208215698329
2022-05-25 07:00:00,-0.5388086454781791
2022-05-25 07:30:00,-0.5318661394307685
2022-05-25 08:00:00,-0.5474836734735732
2022-05-25 08:30:00,-0.6212226224671774
2022-05-25 09:00:00,-0.6321924251224966
2022-05-25 09:30:00,-0.6649197616364368
2022-05-25 10:00:00,-0.6410033570704347
2022-05-25 10:30:00,-0.7320613167214105
2022-05-25 11:00:00,-0.9047493967003174
2022-05-25 11:30:00,-0.967133477968064
2022-05-25 12:00:00,-1.5569416411196537
2022-05-25 12:30:00,-2.057008913128402
2022-05-25 13:00:00,-1.5272711074736174
2022-05-25 13:30:00,-1.2621329572084745
2022-05-25 14:00:00,-1.4597955175732162
2022-05-25 14:30:00,-1.5736152596981996
2022-05-25 15:00:00,-1.657214845265728
2022-05-25 15:30:00,-1.378868200319685
2022-05-25 16:00:00,-1.1873089874852496
2022-05-25 16:30:00,-1.075770429350877
2022-05-25 17:00:00,-1.3790747198504807
2022-05-25 17:30:00,-1.4322106439836375
2022-05-25 18:00:00,-0.8906273224226818
2022-05-25 18:30:00,-0.8206742245701224
2022-05-25 19:00:00,-1.3589123054161163
2022-05-25 19:30:00,-1.1180354807447779
2022-05-25 20:00:00,-0.7833465588164005
2022-05-25 20:30:00,-0.7716409453655169
2022-05-25 21:00:00,-0.5863689661455451
2022-05-25 21:30:00,-0.6323665040378689
2022-05-25 22:00:00,-0.4724249678259632
2022-05-25 22:30:00,-0.6185461051376633
2022-05-25 23:00:00,-0.6164479359246529
2022-05-25 23:30:00,-0.63167199904558
2022-05-26 00:00:00,-0.4114009563877024
2022-05-26 00:30:00,-0.5281494248309344
2022-05-26 01:00:00,-0.29787930350760855
2022-05-26 01:30:00,-0.5307854151612694
2022-05-26 02:00:00,-0.3457947754717586
2022-05-26 02:30:00,-0.5331558450478344
2022-05-26 03:00:00,-0.34210462951644294
2022-05-26 03:30:00,-0.5522188571090495
2022-05-26 04:00:00,-0.3214990056547062
2022-05-26 04:30:00,-0.5444325164720444
2022-05-26 05:00:00,-0.4113879451033139
2022-05-26 05:30:00,-0.5715324611777332
2022-05-26 06:00:00,-0.4265356362507083
2022-05-26 06:30:00,-0.5927988537023772
2022-05-26 07:00:00,-0.37379215335309035
2022-05-26 07:30:00,-0.5599310275121144
2022-05-26 08:00:00,-0.39144620365599736
2022-05-26 08:30:00,-0.5709499514513688
2022-05-26 09:00:00,-0.41895580921400205
2022-05-26 09:30:00,-0.6657345436199722
2022-05-26 10:00:00,-0.49928859442744566
2022-05-26 10:30:00,-0.6165347929680219
2022-05-26 11:00:00,-0.6101228590844185
2022-05-26 11:30:00,-0.7368234595865637
2022-05-26 12:00:00,-0.7400045503676114
2022-05-26 12:30:00,-1.0410314311689124
2022-05-26 13:00:00,-1.401530902094535
2022-05-26 13:30:00,-1.7862211611784453
2022-05-26 14:00:00,-1.5563228058301037
2022-05-26 14:30:00,-1.643704744023745
2022-05-26 15:00:00,-1.2512725228447357
2022-05-26 15:30:00,-1.343418974001992
2022-05-26 16:00:00,-1.5100628035660042
2022-05-26 16:30:00,-1.6953534188381862
2022-05-26 17:00:00,-1.600948883867571
2022-05-26 17:30:00,-1.8006991497585367
2022-05-26 18:00:00,-0.9496499542161209
2022-05-26 18:30:00,-0.9354280794661974
2022-05-26 19:00:00,-0.957297510120387
2022-05-26 19:30:00,-0.8838116712698113
2022-05-26 20:00:00,-0.9502630379708437
2022-05-26 20:30:00,-0.7483131756114484
2022-05-26 21:00:00,-0.5519869073198074
2022-05-26 21:30:00,-0.5141898915456345
2022-05-26 22:00:00,-0.34741157208928314
2022-05-26 22:30:00,-0.44848447284212084
2022-05-26 23:00:00,-0.3662954374990284
2022-05-26 23:30:00,-0.532922712913239
2022-05-27 00:00:00,-0.3541560046733505
2022-05-27 00:30:00,-0.5321593538351693
2022-05-27 01:00:00,-0.3406566067700559
2022-05-27 01:30:00,-0.5311414262353025
2022-05-27 02:00:00,-0.35762831082312274
2022-05-27 02:30:00,-0.6140125577489729
2022-05-27 03:00:00,-0.3683910837581557
2022-05-27 03:30:00,-0.5807227839247142
2022-05-27 04:00:00,-0.36385594430077206
2022-05-27 04:30:00,-0.5500451393176761
2022-05-27 05:00:00,-0.35272485207185417
2022-05-27 05:30:00,-0.5611149485229734
2022-05-27 06:00:00,-0.3762508595720964
2022-05-27 06:30:00,-0.5643012699540225
2022-05-27 07:00:00,-0.35597101176083407
2022-05-27 07:30:00,-0.5643010815138145
2022-05-27 08:00:00,-0.42783144721275407
2022-05-27 08:30:00,-0.6003572842332284
2022-05-27 09:00:00,-0.6798548072154245
2022-05-27 09:30:00,-0.8659844606814708
2022-05-27 10:00:00,-0.8054690833465279
2022-05-27 10:30:00,-0.8409370863513098
2022-05-27 11:00:00,-1.6824831504951785
2022-05-27 11:30:00,-1.9690576676797744
2022-05-27 12:00:00,-1.6987141515606685
2022-05-27 12:30:00,-1.941149971488841
2022-05-27 13:00:00,-1.5310817666178116
2022-05-27 13:30:00,-1.656490332578855
2022-05-27 14:00:00,-1.3331955974487764
2022-05-27 14:30:00,-1.3531622570788844
2022-05-27 15:00:00,-0.8630910717775325
2022-05-27 15:30:00,-0.853919846069588
2022-05-27 16:00:00,-1.2462136861461024
2022-05-27 16:30:00,-1.2671353270262464
2022-05-27 17:00:00,-1.3271661567840625
2022-05-27 17:30:00,-1.3759798519917694
2022-05-27 18:00:00,-0.7709608744452073
2022-05-27 18:30:00,-0.7285317390260743
2022-05-27 19:00:00,-0.5225517650241454
2022-05-27 19:30:00,-0.61872398948721
2022-05-27 20:00:00,-0.45489596808455135
2022-05-27 20:30:00,-0.6043791957809529
2022-05-27 21:00:00,-0.4687836626824781
2022-05-27 21:30:00,-0.5991669414313935
2022-05-27 22:00:00,-0.4018951718687687
2022-05-27 22:30:00,-0.524007005003834
2022-05-27 23:00:00,-0.34826412177869054
2022-05-27 23:30:00,-0.5549736264336262
2022-05-28 00:00:00,-0.33470739116771164
2022-05-28 00:30:00,-0.4759792141394518
2022-05-28 01:00:00,-0.2967720717737815
2022-05-28 01:30:00,-0.5689925607696472
2022-05-28 02:00:00,-0.30234705977443044
2022-05-28 02:30:00,-0.49789063867992417
2022-05-28 03:00:00,-0.31496485990678474
2022-05-28 03:30:00,-0.5326628259277403
2022-05-28 04:00:00,-0.365725418902997
2022-05-28 04:30:00,-0.5412658602397561
2022-05-28 05:00:00,-0.33744580428794313
2022-05-28 05:30:00,-0.49911546775917437
2022-05-28 06:00:00,-0.31831002457888125
2022-05-28 06:30:00,-0.5295727604779455
2022-05-28 07:00:00,-0.32991897840703116
2022-05-28 07:30:00,-0.4803795295748097
2022-05-28 08:00:00,-0.3196738782645078
2022-05-28 08:30:00,-0.5812448392868252
2022-05-28 09:00:00,-0.4659827333239943
2022-05-28 09:30:00,-0.665080363720759
2022-05-28 10:00:00,-0.565265679237719
2022-05-28 10:30:00,-0.9167220546411627
2022-05-28 11:00:00,-1.04516323537789
2022-05-28 11:30:00,-1.1915121594858946
2022-05-28 12:00:00,-1.3492400239280782
2022-05-28 12:30:00,-1.5884186689559874
2022-05-28 13:00:00,-1.8338671532594781
2022-05-28 13:30:00,-1.28857001786389
2022-05-28 14:00:00,-1.1747539914547753
2022-05-28 14:30:00,-1.1588219076993473
2022-05-28 15:00:00,-1.5626148804178623
2022-05-28 15:30:00,-1.8277661705917836
2022-05-28 16:00:00,-2.0098491653220605
2022-05-28 16:30:00,-1.6728568253935017
2022-05-28 17:00:00,-1.710351567051132
2022-05-28 17:30:00,-1.7429023678919282
2022-05-28 18:00:00,-1.7380416852942908
2022-05-28 18:30:00,-1.6731698435564997
2022-05-28 19:00:00,-1.009790875843426
2022-05-28 19:30:00,-0.8355282562095815
2022-05-28 20:00:00,-0.8685578903509059
2022-05-28 20:30:00,-0.763099718760667
2022-05-28 21:00:00,-0.47999873780618896
2022-05-28 21:30:00,-0.5871506642813654
2022-05-28 22:00:00,-0.4197634616107721
2022-05-28 22:30:00,-0.5459431395840739
2022-05-28 23:00:00,-0.3532320035579973
2022-05-28 23:30:00,-0.4824866390304823
2022-05-29 00:00:00,-0.2722549158181331
2022-05-29 00:30:00,-0.3118843652559033
2022-05-29 01:00:00,-0.3540501802080416
2022-05-29 01:30:00,-0.3742995651857332
2022-05-29 02:00:00,-0.353256383656002
2022-05-29 02:30:00,-0.3296875711526234
2022-05-29 03:00:00,-0.3178512197551407
2022-05-29 03:30:00,-0.2962563842339479
2022-05-29 04:00:00,-0.2894669491545416
2022-05-29 04:30:00,-0.3119473040748968
2022-05-29 05:00:00,-0.3466176937710691
2022-05-29 05:30:00,-0.3890496473602535
2022-05-29 06:00:00,-0.4436709039479516
2022-05-29 06:30:00,-0.5352375130733464
2022-05-29 07:00:00,-0.35066424560364967
2022-05-29 07:30:00,-0.548779395241041
2022-05-29 08:00:00,-0.35216637649844656
2022-05-29 08:30:00,-0.6187900121899554
2022-05-29 09:00:00,-0.46535337716683467
2022-05-29 09:30:00,-0.6654636074432555
2022-05-29 10:00:00,-0.5871240929594387
2022-05-29 10:30:00,-0.6933414951538208
2022-05-29 11:00:00,-0.6457201172195383
2022-05-29 11:30:00,-0.8293375185800039
2022-05-29 12:00:00,-0.7361826117402562
2022-05-29 12:30:00,-0.8876141617333715
2022-05-29 13:00:00,-0.9821424834283401
2022-05-29 13:30:00,-0.9808616334617258
2022-05-29 14:00:00,-1.0730094822772607
2022-05-29 14:30:00,-1.0436645199724974
2022-05-29 15:00:00,-1.407255515799744
2022-05-29 15:30:00,-1.3101350717908369
2022-05-29 16:00:00,-1.4131773855918055
2022-05-29 16:30:00,-1.489974670850269
2022-05-29 17:00:00,-1.419179269108223
2022-05-29 17:30:00,-0.9235203164736748
2022-05-29 18:00:00,-0.5255690431984141
2022-05-29 18:30:00,-0.6481894278690657
2022-05-29 19:00:00,-0.4730652657583863
2022-05-29 19:30:00,-0.5350622654744456
2022-05-29 20:00:00,-0.38417602101208026
2022-05-29 20:30:00,-0.5048140088218932
2022-05-29 21:00:00,-0.3650609580658537
2022-05-29 21:30:00,-0.531389287658074
2022-05-29 22:00:00,-0.3541405880960066
2022-05-29 22:30:00,-0.5241165311719895
2022-05-29 23:00:00,-0.3761884795813717
2022-05-29 23:30:00,-0.542497742903672
2022-05-30 00:00:00,-0.3056484290315118
2022-05-30 00:30:00,-0.5119777130195897
2022-05-30 01:00:00,-0.3221276285331691
2022-05-30 01:30:00,-0.5555259682127544
2022-05-30 02:00:00,-0.3240943007823073
2022-05-30 02:30:00,-0.5558852401802841
2022-05-30 03:00:00,-0.3573562235412886
2022-05-30 03:30:00,-0.5991415722302998
2022-05-30 04:00:00,-0.34646820653361915
2022-05-30 04:30:00,-0.5404109569131252
2022-05-30 05:00:00,-0.3506757505410601
2022-05-30 05:30:00,-0.554345245578248
2022-05-30 06:00:00,-0.3866821293189364
2022-05-30 06:30:00,-0.5975007029971431
2022-05-30 07:00:00,-0.36779147374957416
2022-05-30 07:30:00,-0.583828054533614
2022-05-30 08:00:00,-0.38208780918120655
2022-05-30 08:30:00,-0.5835702009334721
2022-05-30 09:00:00,-0.3793318096173974
2022-05-30 09:30:00,-0.5663335364101061
2022-05-30 10:00:00,-0.3840093043710027
2022-05-30 10:30:00,-0.5648589467772812
2022-05-30 11:00:00,-0.45638004525494197
2022-05-30 11:30:00,-0.5961345327907207
2022-05-30 12:00:00,-0.4419811398922854
2022-05-30 12:30:00,-0.5562431820149676
2022-05-30 13:00:00,-0.4606792007812117
2022-05-30 13:30:00,-0.5635367029428964
2022-05-30 14:00:00,-0.3806747034267689
2022-05-30 14:30:00,-0.524934523618469
2022-05-30 15:00:00,-0.43374887380993826
2022-05-30 15:30:00,-0.4621052154487239
2022-05-30 16:00:00,-0.5548114733833553
2022-05-30 16:30:00,-0.5066401760664632
2022-05-30 17:00:00,-0.5958248097629183
2022-05-30 17:30:00,-0.7082910996966184
2022-05-30 18:00:00,-0.6259019445978091
2022-05-30 18:30:00,-0.5619429604927738
2022-05-30 19:00:00,-0.6056592802876785
2022-05-30 19:30:00,-0.5633435623806078
2022-05-30 20:00:00,-0.6239011860085345
2022-05-30 20:30:00,-0.517161309053781
2022-05-30 21:00:00,-0.5886390435287746
2022-05-30 21:30:00,-0.5491653489005707
2022-05-30 22:00:00,-0.6228848119000062
2022-05-30 22:30:00,-0.5262291513618228
2022-05-30 23:00:00,-0.574980070427578
2022-05-30 23:30:00,-0.5168750939594684
2022-05-31 00:00:00,-0.5914473148473016
2022-05-31 00:30:00,-0.5367423665717598
2022-05-31 01:00:00,-0.6376432745773658
2022-05-31 01:30:00,-0.6229081992738355
2022-05-31 02:00:00,-0.735870685224485
2022-05-31 02:30:00,-0.6524320302679498
2022-05-31 03:00:00,-0.7205013413459828
2022-05-31 03:30:00,-0.6362949920257784
2022-05-31 04:00:00,-0.7365804670210987
2022-05-31 04:30:00,-0.6397517902125641
2022-05-31 05:00:00,-0.7193623127565313
2022-05-31 05:30:00,-0.6498616984720549
2022-05-31 06:00:00,-0.7527539234815719
2022-05-31 06:30:00,-0.6830293495937372
2022-05-31 07:00:00,-0.7636135315419611
2022-05-31 07:30:00,-0.6465321242659238
2022-05-31 08:00:00,-0.6379118771553051
2022-05-31 08:30:00,-0.5808334869372191
2022-05-31 09:00:00,-0.5527869715232918
2022-05-31 09:30:00,-0.5256502498650176
2022-05-31 10:00:00,-0.7113408164719307
2022-05-31 10:30:00,-0.7840660697089057
2022-05-31 11:00:00,-0.961511732408041
2022-05-31 11:30:00,-1.0388049251916978
2022-05-31 12:00:00,-1.002748294971735
2022-05-31 12:30:00,-0.956201284446417
2022-05-31 13:00:00,-1.0396971091957932
2022-05-31 13:30:00,-0.9855231736567989
2022-05-31 14:00:00,-0.7936126942867523
2022-05-31 14:30:00,-0.9227273656967694
2022-05-31 15:00:00,-1.4936908457839844
2022-05-31 15:30:00,-1.3747141878592897
2022-05-31 16:00:00,-1.4225384420059877
2022-05-31 16:30:00,-1.4314172725486094
2022-05-31 17:00:00,-1.7215758781297856
2022-05-31 17:30:00,-1.670420326159226
2022-05-31 18:00:00,-1.0580057811323826
2022-05-31 18:30:00,-1.1137445494155171
2022-05-31 19:00:00,-0.7280994029082138
2022-05-31 19:30:00,-0.7166309876532284
2022-05-31 20:00:00,-0.651912541054095
2022-05-31 20:30:00,-0.6282332383263712
2022-05-31 21:00:00,-0.47200198972890783
2022-05-31 21:30:00,-0.519513962290877
2022-05-31 22:00:00,-0.5430579199552947
2022-05-31 22:30:00,-0.6009863993276275
2022-05-31 23:00:00,-0.5730602632235466
2022-05-31 23:30:00,-0.5572653399374219
2022-06-01 00:00:00,-0.4880025331651329
2022-06-01 00:30:00,-0.47801877112406566
2022-06-01 01:00:00,-0.4685304774472492
2022-06-01 01:30:00,-0.4680811394469784
2022-06-01 02:00:00,-0.5448110863699579
2022-06-01 02:30:00,-0.5433143566133054
2022-06-01 03:00:00,-0.49590828803040965
2022-06-01 03:30:00,-0.5366462253139997
2022-06-01 04:00:00,-0.5366189574128285
2022-06-01 04:30:00,-0.5561090753959284
2022-06-01 05:00:00,-0.5474350679765942
2022-06-01 05:30:00,-0.5617292133961866
2022-06-01 06:00:00,-0.5469000981056825
2022-06-01 06:30:00,-0.5870411137718375
2022-06-01 07:00:00,-0.5551741681910943
2022-06-01 07:30:00,-0.5703331449233604
2022-06-01 08:00:00,-0.5198432948566123
2022-06-01 08:30:00,-0.5449811320774032
2022-06-01 09:00:00,-0.5873157665459217
2022-06-01 09:30:00,-0.7530129008850469
2022-06-01 10:00:00,-0.7654812095944973
2022-06-01 10:30:00,-0.8415549508470624
2022-06-01 11:00:00,-0.9798597297289457
2022-06-01 11:30:00,-0.935319645193503
2022-06-01 12:00:00,-1.7440073076267972
2022-06-01 12:30:00,-1.7743043369601181
2022-06-01 13:00:00,-0.666854292902161
2022-06-01 13:30:00,-0.8286525331874875
2022-06-01 14:00:00,-1.6897594159295803
2022-06-01 14:30:00,-1.6386538596498577
2022-06-01 15:00:00,-1.4530615706427972
2022-06-01 15:30:00,-1.474952927835437
2022-06-01 16:00:00,-1.2390675365427888
2022-06-01 16:30:00,-1.3221896789922285
2022-06-01 17:00:00,-1.432162114867891
2022-06-01 17:30:00,-1.3399240357224775
2022-06-01 18:00:00,-0.7877812626245272
2022-06-01 18:30:00,-0.7606394070822882
2022-06-01 19:00:00,-0.7703913236919082
2022-06-01 19:30:00,-0.8110486393256402
2022-06-01 20:00:00,-0.7640314560965025
2022-06-01 20:30:00,-0.6776415329802613
2022-06-01 21:00:00,-0.41583502289965873
2022-06-01 21:30:00,-0.46183218196389314
2022-06-01 22:00:00,-0.3656295788376994
2022-06-01 22:30:00,-0.5931059639937711
2022-06-01 23:00:00,-0.35135301511229194
2022-06-01 23:30:00,-0.5120764763655246
2022-06-02 00:00:00,-0.1647397069734742
2022-06-02 00:30:00,-0.44534447328559823
2022-06-02 01:00:00,-0.29242674493671855
2022-06-02 01:30:00,-0.5149082741450155
2022-06-02 02:00:00,-0.3420987070314056
2022-06-02 02:30:00,-0.5449878018472277
2022-06-02 03:00:00,-0.37309643456049507
2022-06-02 03:30:00,-0.5512217136635207
2022-06-02 04:00:00,-0.3644047979704914
2022-06-02 04:30:00,-0.5871267330226263
2022-06-02 05:00:00,-0.39954889218598594
2022-06-02 05:30:00,-0.5810440157038816
2022-06-02 06:00:00,-0.3919947168532966
2022-06-02 06:30:00,-0.5783310653092112
2022-06-02 07:00:00,-0.37171914500913805
2022-06-02 07:30:00,-0.5150687338707369
2022-06-02 08:00:00,-0.3881715413462165
2022-06-02 08:30:00,-0.6033081300803175
2022-06-02 09:00:00,-0.6095299636590861
2022-06-02 09:30:00,-0.8042131972222448
2022-06-02 10:00:00,-0.7931625851799378
2022-06-02 10:30:00,-0.8530795764449148
2022-06-02 11:00:00,-1.800691610348848
2022-06-02 11:30:00,-1.9294333688937726
2022-06-02 12:00:00,-0.889251509852552
2022-06-02 12:30:00,-1.039417706557082
2022-06-02 13:00:00,-1.7664747814759596
2022-06-02 13:30:00,-1.902472503578222
2022-06-02 14:00:00,-1.0615964960904676
2022-06-02 14:30:00,-1.0717781163471438
2022-06-02 15:00:00,-1.7174965729466802
2022-06-02 15:30:00,-1.4866766160819553
2022-06-02 16:00:00,-1.647237764530807
2022-06-02 16:30:00,-1.799558621472486
2022-06-02 17:00:00,-1.5089904095283218
2022-06-02 17:30:00,-1.217704070961919
2022-06-02 18:00:00,-1.4712367067987169
2022-06-02 18:30:00,-1.821236023552433
2022-06-02 19:00:00,-1.0968925396298685
2022-06-02 19:30:00,-1.0052568405541582
2022-06-02 20:00:00,-1.04291005155934
2022-06-02 20:30:00,-0.8827584829430554
2022-06-02 21:00:00,-0.7934300009790113
2022-06-02 21:30:00,-0.5348712874199061
2022-06-02 22:00:00,-0.43910606297990784
2022-06-02 22:30:00,-0.4297474210457246
2022-06-02 23:00:00,-0.4352327746176591
2022-06-02 23:30:00,-0.5678041846133843
2022-06-03 00:00:00,-0.25433305346298174
2022-06-03 00:30:00,-0.1518976902760383
2022-06-03 01:00:00,-0.1448957922855476
2022-06-03 01:30:00,-0.4827640529300322
2022-06-03 02:00:00,-0.30533321827847937
2022-06-03 02:30:00,-0.5196699109423165
2022-06-03 03:00:00,-0.3271560438642052
2022-06-03 03:30:00,-0.5389287054714168
2022-06-03 04:00:00,-0.3401984002575515
2022-06-03 04:30:00,-0.5427264853915474
2022-06-03 05:00:00,-0.36419067372171016
2022-06-03 05:30:00,-0.5496640742511874
2022-06-03 06:00:00,-0.3556342369013537
2022-06-03 06:30:00,-0.5197892703138421
2022-06-03 07:00:00,-0.3499556016630969
2022-06-03 07:30:00,-0.5501129931736098
2022-06-03 08:00:00,-0.36033685239251545
2022-06-03 08:30:00,-0.5017266439880723
2022-06-03 09:00:00,-0.4043729840708729
2022-06-03 09:30:00,-0.7090361157104682
2022-06-03 10:00:00,-0.9647124074672587
2022-06-03 10:30:00,-1.0529369929373658
2022-06-03 11:00:00,-2.1440309473466352
2022-06-03 11:30:00,-2.101206369083411
2022-06-03 12:00:00,-2.5832164549581127
2022-06-03 12:30:00,-2.240633811746982
2022-06-03 13:00:00,-2.051423254735968
2022-06-03 13:30:00,-1.7042351514797491
2022-06-03 14:00:00,-1.9765979537888694
2022-06-03 14:30:00,-1.6464879555596625
2022-06-03 15:00:00,-1.7936936886307873
2022-06-03 15:30:00,-1.3890548939719733
2022-06-03 16:00:00,-1.0432544638256125
2022-06-03 16:30:00,-0.9649160629024227
2022-06-03 17:00:00,-1.782756577596015
2022-06-03 17:30:00,-1.3790206806910192
2022-06-03 18:00:00,-1.7110982335058598
2022-06-03 18:30:00,-1.2573443112512832
2022-06-03 19:00:00,-1.7053771984110384
2022-06-03 19:30:00,-1.535692551547857
2022-06-03 20:00:00,-0.913542594990954
2022-06-03 20:30:00,-0.8493447003162481
2022-06-03 21:00:00,-0.8434749650535265
2022-06-03 21:30:00,-0.6329695890230324
2022-06-03 22:00:00,-0.6640341560983752
2022-06-03 22:30:00,-0.4091744427492216
2022-06-03 23:00:00,-0.5522040934755955
2022-06-03 23:30:00,-0.41823695765363966
2022-06-04 00:00:00,-0.5684734896952467
2022-06-04 00:30:00,-0.6150583596929632
2022-06-04 01:00:00,-0.5881395790513604
2022-06-04 01:30:00,-0.6311089464580067
2022-06-04 02:00:00,-0.49491987761713807
2022-06-04 02:30:00,-0.6149783021497398
2022-06-04 03:00:00,-0.49207662286131765
2022-06-04 03:30:00,-0.6100494346507195
2022-06-04 04:00:00,-0.4397646151005793
2022-06-04 04:30:00,-0.6032115164699212
2022-06-04 05:00:00,-0.4912311986446347
2022-06-04 05:30:00,-0.5618861125236488
2022-06-04 06:00:00,-0.5581819431117123
2022-06-04 06:30:00,-0.6024879853276311
2022-06-04 07:00:00,-0.6037357712108742
2022-06-04 07:30:00,-0.5805887040541235
2022-06-04 08:00:00,-0.6527138964133913
2022-06-04 08:30:00,-0.712269730829362
2022-06-04 09:00:00,-0.8009109695990928
2022-06-04 09:30:00,-1.0675297238000292
2022-06-04 10:00:00,-1.3003153231490256
2022-06-04 10:30:00,-1.6510438472739162
2022-06-04 11:00:00,-1.8282625480757906
2022-06-04 11:30:00,-1.9131438887525665
2022-06-04 12:00:00,-1.8311072645369382
2022-06-04 12:30:00,-1.9524429788630602
2022-06-04 13:00:00,-1.6122659007686642
2022-06-04 13:30:00,-1.800291502254666
2022-06-04 14:00:00,-1.6042158566343965
2022-06-04 14:30:00,-1.4083687153157287
2022-06-04 15:00:00,-1.570101233672901
2022-06-04 15:30:00,-1.5817198873440987
2022-06-04 16:00:00,-1.40656608486588
2022-06-04 16:30:00,-1.0916100249967677
2022-06-04 17:00:00,-1.6543561057406668
2022-06-04 17:30:00,-1.3014653416478288
2022-06-04 18:00:00,-1.6520035877417043
2022-06-04 18:30:00,-1.3842864191127229
2022-06-04 19:00:00,-0.8160972527310242
2022-06-04 19:30:00,-0.725587140612407
2022-06-04 20:00:00,-0.8608901272399685
2022-06-04 20:30:00,-0.776649591131553
2022-06-04 21:00:00,-0.8868943847008894
2022-06-04 21:30:00,-0.577571329386625
2022-06-04 22:00:00,-0.575841972909103
2022-06-04 22:30:00,-0.5101082828061947
2022-06-04 23:00:00,-0.5560716609593561
2022-06-04 23:30:00,-0.5674606405923368
2022-06-05 00:00:00,-0.7496369935705949
2022-06-05 00:30:00,-0.7938636739926495
2022-06-05 01:00:00,-0.7887844411521915
2022-06-05 01:30:00,-0.807970206141919
2022-06-05 02:00:00,-0.45048200514338477
2022-06-05 02:30:00,-0.8204209627672026
2022-06-05 03:00:00,-0.474496998536349
2022-06-05 03:30:00,-0.7811223079591569
2022-06-05 04:00:00,-0.4720703932384186
2022-06-05 04:30:00,-0.823286770738645
2022-06-05 05:00:00,-0.4834905312154909
2022-06-05 05:30:00,-0.8376406667133321
2022-06-05 06:00:00,-0.4729214795844915
2022-06-05 06:30:00,-0.8300945695484342
2022-06-05 07:00:00,-0.4693967031505415
2022-06-05 07:30:00,-0.8240784688367137
2022-06-05 08:00:00,-0.49335225457491816
2022-06-05 08:30:00,-0.8015726369932384
2022-06-05 09:00:00,-0.48236718323465866
2022-06-05 09:30:00,-0.6638644083936416
2022-06-05 10:00:00,-0.44861766299533284
2022-06-05 10:30:00,-0.7020854721821125
2022-06-05 11:00:00,-0.6079841531629397
2022-06-05 11:30:00,-0.5643938526598616
2022-06-05 12:00:00,-0.7169294938264469
2022-06-05 12:30:00,-0.7600630289658484
2022-06-05 13:00:00,-0.8958013040397766
2022-06-05 13:30:00,-0.7002984334325578
2022-06-05 14:00:00,-0.7924343402892241
2022-06-05 14:30:00,-0.6273239573377754
2022-06-05 15:00:00,-0.7911427203071218
2022-06-05 15:30:00,-0.5706101159193474
2022-06-05 16:00:00,-0.4620715488057445
2022-06-05 16:30:00,-0.5574269985019259
2022-06-05 17:00:00,-0.5061796095343292
2022-06-05 17:30:00,-0.5633550317147441
2022-06-05 18:00:00,-0.448279329510831
2022-06-05 18:30:00,-0.5641683780662298
2022-06-05 19:00:00,-0.5070303991407932
2022-06-05 19:30:00,-0.5776369072218178
2022-06-05 20:00:00,-0.4832286812822464
2022-06-05 20:30:00,-0.5570186434682579
2022-06-05 21:00:00,-0.5073591831790613
2022-06-05 21:30:00,-0.5995468964643584
2022-06-05 22:00:00,-0.4683114936838731
2022-06-05 22:30:00,-0.5717844733474575
2022-06-05 23:00:00,-0.4812649186807726
2022-06-05 23:30:00,-0.5446321988291194
2022-06-06 00:00:00,-0.49677985625346305
2022-06-06 00:30:00,-0.7514960725489352
2022-06-06 01:00:00,-0.5247120392856366
2022-06-06 01:30:00,-0.7796742104778533
2022-06-06 02:00:00,-0.5215085532060035
2022-06-06 02:30:00,-0.7610033537846823
2022-06-06 03:00:00,-0.4910185199301478
2022-06-06 03:30:00,-0.7179866442228473
2022-06-06 04:00:00,-0.5105194546644137
2022-06-06 04:30:00,-0.8025429318988972
2022-06-06 05:00:00,-0.5240403359096372
2022-06-06 05:30:00,-0.7747001715499638
2022-06-06 06:00:00,-0.5141842846814336
2022-06-06 06:30:00,-0.7722717228705764
2022-06-06 07:00:00,-0.4853822881898948
2022-06-06 07:30:00,-0.7210581322315022
2022-06-06 08:00:00,-0.4681375264344629
2022-06-06 08:30:00,-0.613246444140501
2022-06-06 09:00:00,-0.8026983785006415
2022-06-06 09:30:00,-0.8463431541143293
2022-06-06 10:00:00,-1.104152722897097
2022-06-06 10:30:00,-1.4115763304446853
2022-06-06 11:00:00,-1.3222684442139936
2022-06-06 11:30:00,-1.541989097437989
2022-06-06 12:00:00,-1.391048824173138
2022-06-06 12:30:00,-1.5433515943898832
2022-06-06 13:00:00,-1.1166579265443735
2022-06-06 13:30:00,-0.8871255332414409
2022-06-06 14:00:00,-0.5556679372988158
2022-06-06 14:30:00,-0.6047356147753472
2022-06-06 15:00:00,-0.5252158723076312
2022-06-06 15:30:00,-0.5826025776746787
2022-06-06 16:00:00,-0.5665258640162523
2022-06-06 16:30:00,-0.5658760324251925
2022-06-06 17:00:00,-0.48427633712578577
2022-06-06 17:30:00,-0.5381904702470278
2022-06-06 18:00:00,-0.4983891977791466
2022-06-06 18:30:00,-0.5824676620305513
2022-06-06 19:00:00,-0.5073036598241645
2022-06-06 19:30:00,-0.6006343432128972
2022-06-06 20:00:00,-0.47787199096168825
2022-06-06 20:30:00,-0.5940097657086814
2022-06-06 21:00:00,-0.5088174719718771
2022-06-06 21:30:00,-0.6724073483569264
2022-06-06 22:00:00,-0.5427120849505883
2022-06-06 22:30:00,-0.7683813691076327
2022-06-06 23:00:00,-0.5362553385267828
2022-06-06 23:30:00,-0.7668511198045492
2022-06-07 00:00:00,-0.46935906333017047
2022-06-07 00:30:00,-0.7530082179115228
2022-06-07 01:00:00,-0.45166765502406664
2022-06-07 01:30:00,-0.717339828682057
2022-06-07 02:00:00,-0.48171953427250386
2022-06-07 02:30:00,-0.7178816180425465
2022-06-07 03:00:00,-0.48138186561390234
2022-06-07 03:30:00,-0.7447478103971911
2022-06-07 04:00:00,-0.44010443677464395
2022-06-07 04:30:00,-0.7390730788919161
2022-06-07 05:00:00,-0.4441451450929814
2022-06-07 05:30:00,-0.7635890125660331
2022-06-07 06:00:00,-0.4395974979531154
2022-06-07 06:30:00,-0.7580383830709843
2022-06-07 07:00:00,-0.45675916539510103
2022-06-07 07:30:00,-0.7491628710017925
2022-06-07 08:00:00,-0.47387123211848364
2022-06-07 08:30:00,-0.8110231722805546
2022-06-07 09:00:00,-0.5317397458667089
2022-06-07 09:30:00,-0.7619457904811847
2022-06-07 10:00:00,-0.5655559729220765
2022-06-07 10:30:00,-0.5767783459564517
2022-06-07 11:00:00,-0.5913829037043192
2022-06-07 11:30:00,-0.7595471804417994
2022-06-07 12:00:00,-1.0609838280390715
2022-06-07 12:30:00,-0.9192284447145898
2022-06-07 13:00:00,-1.0458941814040263
2022-06-07 13:30:00,-1.0397388968874994
2022-06-07 14:00:00,-1.2910022604726834
2022-06-07 14:30:00,-1.499756155977178
2022-06-07 15:00:00,-1.136519469332495
2022-06-07 15:30:00,-1.2967134442338957
2022-06-07 16:00:00,-1.190223946739527
2022-06-07 16:30:00,-1.2699564444380789
2022-06-07 17:00:00,-1.0786739975957629
2022-06-07 17:30:00,-1.2438208736619352
2022-06-07 18:00:00,-1.069287949700004
2022-06-07 18:30:00,-1.2710751239831724
2022-06-07 19:00:00,-0.641759630343533
2022-06-07 19:30:00,-0.7046367009544297
2022-06-07 20:00:00,-0.5914979461751304
2022-06-07 20:30:00,-0.6406682574899776
2022-06-07 21:00:00,-0.5156450713501058
2022-06-07 21:30:00,-0.6129676800820585
2022-06-07 22:00:00,-0.48675605347242124
2022-06-07 22:30:00,-0.5347918491254725
2022-06-07 23:00:00,-0.4762041155528854
2022-06-07 23:30:00,-0.5261434777126975
2022-06-08 00:00:00,-0.4708248952300089
2022-06-08 00:30:00,-0.49603373416543584
2022-06-08 01:00:00,-0.4889606238629405
2022-06-08 01:30:00,-0.519989836615399
2022-06-08 02:00:00,-0.48476533127297683
2022-06-08 02:30:00,-0.5487186767131367
2022-06-08 03:00:00,-0.47790641259566286
2022-06-08 03:30:00,-0.5770615904391565
2022-06-08 04:00:00,-0.4676458059330642
2022-06-08 04:30:00,-0.5755085631788797
2022-06-08 05:00:00,-0.46373629309954795
2022-06-08 05:30:00,-0.58994432479965
2022-06-08 06:00:00,-0.4606042989933771
2022-06-08 06:30:00,-0.5852692561033269
2022-06-08 07:00:00,-0.46288569419220005
2022-06-08 07:30:00,-0.54031040730839
2022-06-08 08:00:00,-0.4620166452639856
2022-06-08 08:30:00,-0.5757729077649231
2022-06-08 09:00:00,-0.5339715210924553
2022-06-08 09:30:00,-0.7273008362509799
2022-06-08 10:00:00,-0.9502048080018025
2022-06-08 10:30:00,-1.4258619378506692
2022-06-08 11:00:00,-1.3068870766349365
2022-06-08 11:30:00,-1.3597534616757088
2022-06-08 12:00:00,-1.3364885667237973
2022-06-08 12:30:00,-2.043382518750221
2022-06-08 13:00:00,-1.4346112868950802
2022-06-08 13:30:00,-1.6823123991599667
2022-06-08 14:00:00,-1.2271157258980967
2022-06-08 14:30:00,-1.5200921136422851
2022-06-08 15:00:00,-1.2419876032058013
2022-06-08 15:30:00,-1.2717152077649516
2022-06-08 16:00:00,-0.5469125251793487
2022-06-08 16:30:00,-0.893028254430984
2022-06-08 17:00:00,-1.1091693357945989
2022-06-08 17:30:00,-1.61189297437549
2022-06-08 18:00:00,-0.6312875994751773
2022-06-08 18:30:00,-0.9196350429042126
2022-06-08 19:00:00,-1.185323348130354
2022-06-08 19:30:00,-1.1848504756424203
2022-06-08 20:00:00,-0.5318662253178751
2022-06-08 20:30:00,-0.6485397819363554
2022-06-08 21:00:00,-0.45559591121412557
2022-06-08 21:30:00,-0.6243962516513443
2022-06-08 22:00:00,-0.47610285799681784
2022-06-08 22:30:00,-0.48391394504214813
2022-06-08 23:00:00,-0.4707743347747869
2022-06-08 23:30:00,-0.5960913249642278
2022-06-09 00:00:00,-0.42684121336331965
2022-06-09 00:30:00,-0.529780926397097
2022-06-09 01:00:00,-0.4439464176132882
2022-06-09 01:30:00,-0.4825940494398911
2022-06-09 02:00:00,-0.4449245464790374
2022-06-09 02:30:00,-0.5441221254413099
2022-06-09 03:00:00,-0.43677822203056477
2022-06-09 03:30:00,-0.5119827483772458
2022-06-09 04:00:00,-0.4301709704167
2022-06-09 04:30:00,-0.5522253258270043
2022-06-09 05:00:00,-0.44752460351652124
2022-06-09 05:30:00,-0.5683112614107584
2022-06-09 06:00:00,-0.45461163442036256
2022-06-09 06:30:00,-0.578859930607643
2022-06-09 07:00:00,-0.42457658576743
2022-06-09 07:30:00,-0.5320268016506822
2022-06-09 08:00:00,-0.487324422202523
2022-06-09 08:30:00,-0.6561042830477308
2022-06-09 09:00:00,-0.6749870766551225
2022-06-09 09:30:00,-0.8858702324039883
2022-06-09 10:00:00,-0.8896665886606223
2022-06-09 10:30:00,-1.118037912402276
2022-06-09 11:00:00,-1.4664366620638645
2022-06-09 11:30:00,-1.7349706777548086
2022-06-09 12:00:00,-1.4542488205907653
2022-06-09 12:30:00,-1.941738521945085
2022-06-09 13:00:00,-1.2535883195613036
2022-06-09 13:30:00,-1.789967689306651
2022-06-09 14:00:00,-1.2098971962401666
2022-06-09 14:30:00,-1.6679928382078884
2022-06-09 15:00:00,-1.2232134298921764
2022-06-09 15:30:00,-1.7320063092915288
2022-06-09 16:00:00,-1.1279983540669656
2022-06-09 16:30:00,-1.514530968294831
2022-06-09 17:00:00,-1.0566228873317682
2022-06-09 17:30:00,-1.5272015314002423
2022-06-09 18:00:00,-0.7616618839134507
2022-06-09 18:30:00,-1.331709882274872
2022-06-09 19:00:00,-0.6141247972157741
2022-06-09 19:30:00,-0.9035061538135534
2022-06-09 20:00:00,-0.5961351764874183
2022-06-09 20:30:00,-0.7847858335977617
2022-06-09 21:00:00,-0.49991176215337274
2022-06-09 21:30:00,-0.6392191768270838
2022-06-09 22:00:00,-0.46468792327211134
2022-06-09 22:30:00,-0.47767706610596306
2022-06-09 23:00:00,-0.44980913775348136
2022-06-09 23:30:00,-0.4199914719659409
2022-06-10 00:00:00,-0.34373612425723205
2022-06-10 00:30:00,-0.6130715433587711
2022-06-10 01:00:00,-0.29931339714961647
2022-06-10 01:30:00,-0.6098600054535728
2022-06-10 02:00:00,-0.3393931257154004
2022-06-10 02:30:00,-0.6110289718418827
2022-06-10 03:00:00,-0.3249705708269333
2022-06-10 03:30:00,-0.5995595543384946
2022-06-10 04:00:00,-0.319198245056647
2022-06-10 04:30:00,-0.6166704276804778
2022-06-10 05:00:00,-0.35624796110560497
2022-06-10 05:30:00,-0.6374135964714305
2022-06-10 06:00:00,-0.37986500603715817
2022-06-10 06:30:00,-0.6147757202897733
2022-06-10 07:00:00,-0.337802868646861
2022-06-10 07:30:00,-0.6994557185202729
2022-06-10 08:00:00,-0.5255739616754505
2022-06-10 08:30:00,-0.8153715579758416
2022-06-10 09:00:00,-0.7324446189797779
2022-06-10 09:30:00,-1.0197386812542288
2022-06-10 10:00:00,-0.7597156860657512
2022-06-10 10:30:00,-0.9494736611612261
2022-06-10 11:00:00,-1.830791027032711
2022-06-10 11:30:00,-2.4989559814071267
2022-06-10 12:00:00,-1.7347684899407239
2022-06-10 12:30:00,-2.423107062078709
2022-06-10 13:00:00,-1.2372600083912344
2022-06-10 13:30:00,-1.7403326772709484
2022-06-10 14:00:00,-1.158192286636407
2022-06-10 14:30:00,-1.6866801993735523
2022-06-10 15:00:00,-1.0405956752353396
2022-06-10 15:30:00,-1.7797662734323136
2022-06-10 16:00:00,-1.0111079634535616
2022-06-10 16:30:00,-1.2481033993120942
2022-06-10 17:00:00,-1.149534946634126
2022-06-10 17:30:00,-1.253878406880537
2022-06-10 18:00:00,-1.274891735128086
2022-06-10 18:30:00,-1.588751676553031
2022-06-10 19:00:00,-1.301238399944882
2022-06-10 19:30:00,-1.5244462796080211
2022-06-10 20:00:00,-0.7063268985731453
2022-06-10 20:30:00,-0.8521878718458814
2022-06-10 21:00:00,-0.6114018787079464
2022-06-10 21:30:00,-0.7370901700491543
2022-06-10 22:00:00,-0.6579697194889644
2022-06-10 22:30:00,-0.5787755249454699
2022-06-10 23:00:00,-0.4725503662984135
2022-06-10 23:30:00,-0.3653393917785886
2022-06-11 00:00:00,-0.3654965828278126
2022-06-11 00:30:00,-0.5661481758822676
2022-06-11 01:00:00,-0.3474956557181115
2022-06-11 01:30:00,-0.5902871928359532
2022-06-11 02:00:00,-0.34149358044426487
2022-06-11 02:30:00,-0.6018840605934923
2022-06-11 03:00:00,-0.3869793174491577
2022-06-11 03:30:00,-0.6542574716612496
2022-06-11 04:00:00,-0.3577630855379394
2022-06-11 04:30:00,-0.6319482221999337
2022-06-11 05:00:00,-0.36206614553900074
2022-06-11 05:30:00,-0.6116207567667516
2022-06-11 06:00:00,-0.47694870705746095
2022-06-11 06:30:00,-0.6126148303313359
2022-06-11 07:00:00,-0.39599502937489256
2022-06-11 07:30:00,-0.6123619334194516
2022-06-11 08:00:00,-0.4250060416743871
2022-06-11 08:30:00,-0.7339486016689419
2022-06-11 09:00:00,-0.7629035084100794
2022-06-11 09:30:00,-0.715047237864749
2022-06-11 10:00:00,-0.5669487820134791
2022-06-11 10:30:00,-0.7314167306318414
2022-06-11 11:00:00,-0.7057527226211796
2022-06-11 11:30:00,-1.2394909049774994
2022-06-11 12:00:00,-1.320204482609891
2022-06-11 12:30:00,-1.5976408429008149
2022-06-11 13:00:00,-1.2041531855041592
2022-06-11 13:30:00,-1.5989267232191366
2022-06-11 14:00:00,-1.1166440152455224
2022-06-11 14:30:00,-1.663196097567255
2022-06-11 15:00:00,-1.0796404674820408
2022-06-11 15:30:00,-1.7003849574323187
2022-06-11 16:00:00,-1.1288987307337293
2022-06-11 16:30:00,-1.66862505476785
2022-06-11 17:00:00,-0.8406192391846545
2022-06-11 17:30:00,-1.2198511949164192
2022-06-11 18:00:00,-1.1127614679403075
2022-06-11 18:30:00,-1.611157908032718
2022-06-11 19:00:00,-1.1345735062948739
2022-06-11 19:30:00,-1.4585932064338833
2022-06-11 20:00:00,-0.6466967288307341
2022-06-11 20:30:00,-0.8633714720273196
2022-06-11 21:00:00,-0.5291165494749888
2022-06-11 21:30:00,-0.5583722472045715
2022-06-11 22:00:00,-0.44531934268354895
2022-06-11 22:30:00,-0.4622725072370926
2022-06-11 23:00:00,-0.4326722031296497
2022-06-11 23:30:00,-0.5254577662595157
2022-06-12 00:00:00,-0.4357151824447631
2022-06-12 00:30:00,-0.4761125957496417
2022-06-12 01:00:00,-0.46569523910797195
2022-06-12 01:30:00,-0.5323604783877135
2022-06-12 02:00:00,-0.41441218811729796
2022-06-12 02:30:00,-0.5372587772004416
2022-06-12 03:00:00,-0.39700977359102824
2022-06-12 03:30:00,-0.5430262821720235
2022-06-12 04:00:00,-0.3888997749337417
2022-06-12 04:30:00,-0.5223229884083992
2022-06-12 05:00:00,-0.39659536899726844
2022-06-12 05:30:00,-0.5577245643287065
2022-06-12 06:00:00,-0.40193902961063993
2022-06-12 06:30:00,-0.5338172758208283
2022-06-12 07:00:00,-0.4243781369402335
2022-06-12 07:30:00,-0.5661842364682761
2022-06-12 08:00:00,-0.5779106967526406
2022-06-12 08:30:00,-0.7025688133057403
2022-06-12 09:00:00,-0.7313678588873934
2022-06-12 09:30:00,-0.8597327831408612
2022-06-12 10:00:00,-0.9961032744015752
2022-06-12 10:30:00,-1.2356975965744106
2022-06-12 11:00:00,-1.4796934298753295
2022-06-12 11:30:00,-1.7379469752785461
2022-06-12 12:00:00,-1.2458702337078031
2022-06-12 12:30:00,-1.488226198224616
2022-06-12 13:00:00,-1.4155371541294683
2022-06-12 13:30:00,-1.9132346169434795
2022-06-12 14:00:00,-1.3868824150291177
2022-06-12 14:30:00,-1.3764426475376774
2022-06-12 15:00:00,-1.4010377351952465
2022-06-12 15:30:00,-1.816887573950015
2022-06-12 16:00:00,-1.3544329411431428
2022-06-12 16:30:00,-1.6320020172168572
2022-06-12 17:00:00,-1.4248316158534378
2022-06-12 17:30:00,-1.4398045842918858
2022-06-12 18:00:00,-0.6729929989545718
2022-06-12 18:30:00,-0.7825284924886953
2022-06-12 19:00:00,-0.7271658877626159
2022-06-12 19:30:00,-0.7281582911630884
2022-06-12 20:00:00,-0.737943277292977
2022-06-12 20:30:00,-0.6076581218082476
2022-06-12 21:00:00,-0.6270244121512937
2022-06-12 21:30:00,-0.5859094467905974
2022-06-12 22:00:00,-0.5724403607516698
2022-06-12 22:30:00,-0.5932141560197245
2022-06-12 23:00:00,-0.5526648822670837
2022-06-12 23:30:00,-0.6154953269675644
2022-06-13 00:00:00,-0.5652945879446186
2022-06-13 00:30:00,-0.6830041996532492
2022-06-13 01:00:00,-0.5769500554807793
2022-06-13 01:30:00,-0.7864382358215216
2022-06-13 02:00:00,-0.5617016610193558
2022-06-13 02:30:00,-0.8182377924485873
2022-06-13 03:00:00,-0.5496298634845109
2022-06-13 03:30:00,-0.8328773276900414
2022-06-13 04:00:00,-0.5219667822810864
2022-06-13 04:30:00,-0.7952048480874854
2022-06-13 05:00:00,-0.494696891428718
2022-06-13 05:30:00,-0.8124999889313791
2022-06-13 06:00:00,-0.492581681063341
2022-06-13 06:30:00,-0.7751406813195605
2022-06-13 07:00:00,-0.4792971535250792
2022-06-13 07:30:00,-0.7525406567819983
2022-06-13 08:00:00,-0.4826297295419636
2022-06-13 08:30:00,-0.7478463695415459
2022-06-13 09:00:00,-0.5119152384106299
2022-06-13 09:30:00,-0.7353297763088206
2022-06-13 10:00:00,-0.5000109998561296
2022-06-13 10:30:00,-0.7674429359345477
2022-06-13 11:00:00,-0.5167268926606389
2022-06-13 11:30:00,-0.7281639949505329
2022-06-13 12:00:00,-0.4905794019679353
2022-06-13 12:30:00,-0.7119062480692542
2022-06-13 13:00:00,-0.5250137602899716
2022-06-13 13:30:00,-0.7494336997818358
2022-06-13 14:00:00,-0.4799594806730933
2022-06-13 14:30:00,-0.788476342324475
2022-06-13 15:00:00,-0.49425871577000485
2022-06-13 15:30:00,-0.74063308363441
2022-06-13 16:00:00,-0.5059128876074634
2022-06-13 16:30:00,-0.7610959687977333
2022-06-13 17:00:00,-0.5094363538654478
2022-06-13 17:30:00,-0.7556610996803619
2022-06-13 18:00:00,-0.47774688828039724
2022-06-13 18:30:00,-0.6930883515174824
2022-06-13 19:00:00,-0.47102162868105785
2022-06-13 19:30:00,-0.7080441682363029
2022-06-13 20:00:00,-0.42965003697387594
2022-06-13 20:30:00,-0.6544171690954481
2022-06-13 21:00:00,-0.3832319264259311
2022-06-13 21:30:00,-0.6239438046451453
2022-06-13 22:00:00,-0.3683441077623461
2022-06-13 22:30:00,-0.6419174932679483
2022-06-13 23:00:00,-0.3888779581867025
2022-06-13 23:30:00,-0.6169922183345488
2022-06-14 00:00:00,-0.3596457450151486
2022-06-14 00:30:00,-0.6445721445900711
2022-06-14 01:00:00,-0.35382789585242674
2022-06-14 01:30:00,-0.6484864877298123
2022-06-14 02:00:00,-0.34835846164164175
2022-06-14 02:30:00,-0.6421667708801132
2022-06-14 03:00:00,-0.3498568317250447
2022-06-14 03:30:00,-0.6375349865188785
2022-06-14 04:00:00,-0.34887475910699584
2022-06-14 04:30:00,-0.6397523153707916
2022-06-14 05:00:00,-0.358199546241212
2022-06-14 05:30:00,-0.6479265668743516
2022-06-14 06:00:00,-0.3523059254563139
2022-06-14 06:30:00,-0.6555306301615655
2022-06-14 07:00:00,-0.3573059445234768
2022-06-14 07:30:00,-0.6575599937608978
2022-06-14 08:00:00,-0.3962191976968812
2022-06-14 08:30:00,-0.6529079048395853
2022-06-14 09:00:00,-0.41428650735683975
2022-06-14 09:30:00,-0.7426901359073866
2022-06-14 10:00:00,-0.5068713216766872
2022-06-14 10:30:00,-0.6035209366226798
2022-06-14 11:00:00,-0.5070215201757874
2022-06-14 11:30:00,-0.57785373136121
2022-06-14 12:00:00,-0.4838338850072175
2022-06-14 12:30:00,-0.5813861932922773
2022-06-14 13:00:00,-0.4721814307538624
2022-06-14 13:30:00,-0.6412984086667861
2022-06-14 14:00:00,-0.46983672406212706
2022-06-14 14:30:00,-0.7099516231194245
2022-06-14 15:00:00,-0.45357879846937665
2022-06-14 15:30:00,-0.6852054741816999
2022-06-14 16:00:00,-0.43393414185343204
2022-06-14 16:30:00,-0.5619069199852348
2022-06-14 17:00:00,-0.46536548931324684
2022-06-14 17:30:00,-0.5816621509446369
2022-06-14 18:00:00,-0.4514148390825366
2022-06-14 18:30:00,-0.5868404979133585
2022-06-14 19:00:00,-0.46148929171708114
2022-06-14 19:30:00,-0.5561084198171633
2022-06-14 20:00:00,-0.47130725905648707
2022-06-14 20:30:00,-0.5335026404471429
2022-06-14 21:00:00,-0.474438903065767
2022-06-14 21:30:00,-0.5043718391149535
2022-06-14 22:00:00,-0.4670137999863369
2022-06-14 22:30:00,-0.5207121530183251
2022-06-14 23:00:00,-0.46177476420350777
2022-06-14 23:30:00,-0.5363621483685835
2022-06-15 00:00:00,-0.45096469505501635
2022-06-15 00:30:00,-0.5427971448507306
2022-06-15 01:00:00,-0.4499052789726498
2022-06-15 01:30:00,-0.595444919259641
2022-06-15 02:00:00,-0.45115985184534774
2022-06-15 02:30:00,-0.5927676919824938
2022-06-15 03:00:00,-0.4646321629603945
2022-06-15 03:30:00,-0.592039057626888
2022-06-15 04:00:00,-0.4872827971608793
2022-06-15 04:30:00,-0.5728439246318962
2022-06-15 05:00:00,-0.4525035823334786
2022-06-15 05:30:00,-0.6356978265399303
2022-06-15 06:00:00,-0.45820715102778264
2022-06-15 06:30:00,-0.6224092132751137
2022-06-15 07:00:00,-0.5121774928058019
2022-06-15 07:30:00,-0.639359913290665
2022-06-15 08:00:00,-0.6210571280311235
2022-06-15 08:30:00,-0.6105643843033693
2022-06-15 09:00:00,-0.8892546378305933
2022-06-15 09:30:00,-0.8142619033411164
2022-06-15 10:00:00,-0.7372539965360051
2022-06-15 10:30:00,-0.7237296383385554
2022-06-15 11:00:00,-0.7320955067815368
2022-06-15 11:30:00,-0.7749844222372937
2022-06-15 12:00:00,-0.9179381924783178
2022-06-15 12:30:00,-0.949168033975086
2022-06-15 13:00:00,-0.7317555151432055
2022-06-15 13:30:00,-0.8806268703077913
2022-06-15 14:00:00,-1.0048929734401226
2022-06-15 14:30:00,-1.080461820499859
2022-06-15 15:00:00,-1.049647450148485
2022-06-15 15:30:00,-1.108299832057927
2022-06-15 16:00:00,-1.0691836011043914
2022-06-15 16:30:00,-1.2164143377722636
2022-06-15 17:00:00,-0.9292208978711127
2022-06-15 17:30:00,-0.9968441941711242
2022-06-15 18:00:00,-0.6575787489769973
2022-06-15 18:30:00,-0.7685716549758486
2022-06-15 19:00:00,-0.7860892775551566
2022-06-15 19:30:00,-0.8364959283134569
2022-06-15 20:00:00,-0.6732129255770704
2022-06-15 20:30:00,-0.630548265918563
2022-06-15 21:00:00,-0.5364413037792208
2022-06-15 21:30:00,-0.6009045449476035
2022-06-15 22:00:00,-0.4621647358486083
2022-06-15 22:30:00,-0.5464677615729735
2022-06-15 23:00:00,-0.48499343897917285
2022-06-15 23:30:00,-0.5568187570821849
2022-06-16 00:00:00,-0.4790924345768385
2022-06-16 00:30:00,-0.5307802815920405
2022-06-16 01:00:00,-0.48170768526039787
2022-06-16 01:30:00,-0.5122587491806881
2022-06-16 02:00:00,-0.4813271221498271
2022-06-16 02:30:00,-0.5440378206593905
2022-06-16 03:00:00,-0.47714002355056356
2022-06-16 03:30:00,-0.6272667093223407
2022-06-16 04:00:00,-0.5094204826029556
2022-06-16 04:30:00,-0.6691975390606686
2022-06-16 05:00:00,-0.496468319067807
2022-06-16 05:30:00,-0.627336082784305
2022-06-16 06:00:00,-0.5179382986327858
2022-06-16 06:30:00,-0.7438777663592445
2022-06-16 07:00:00,-0.48939443327439286
2022-06-16 07:30:00,-0.6159029500902978
2022-06-16 08:00:00,-0.4806112303087297
2022-06-16 08:30:00,-0.5902314034490278
2022-06-16 09:00:00,-0.6566176404937984
2022-06-16 09:30:00,-0.6445658583402957
2022-06-16 10:00:00,-0.5503642155045891
2022-06-16 10:30:00,-0.6985384897043635
2022-06-16 11:00:00,-1.1032077233524091
2022-06-16 11:30:00,-1.4545425382652062
2022-06-16 12:00:00,-1.2880837807885712
2022-06-16 12:30:00,-1.4395008442930444
2022-06-16 13:00:00,-1.1378902789069203
2022-06-16 13:30:00,-1.3476799918330593
2022-06-16 14:00:00,-0.9379187566074377
2022-06-16 14:30:00,-1.1632351365956453
2022-06-16 15:00:00,-1.0347978537804823
2022-06-16 15:30:00,-1.245651294967233
2022-06-16 16:00:00,-0.639802056818001
2022-06-16 16:30:00,-0.7973667676167439
2022-06-16 17:00:00,-1.0847393235005527
2022-06-16 17:30:00,-1.2196884639215135
2022-06-16 18:00:00,-1.2972301123476249
2022-06-16 18:30:00,-1.2995003163977688
2022-06-16 19:00:00,-0.5892302476035483
2022-06-16 19:30:00,-0.7117989772201117
2022-06-16 20:00:00,-0.5524340188398886
2022-06-16 20:30:00,-0.709148834201025
2022-06-16 21:00:00,-0.4596810093791755
2022-06-16 21:30:00,-0.5719273402413042
2022-06-16 22:00:00,-0.47831029951352355
2022-06-16 22:30:00,-0.5428367211118256
2022-06-16 23:00:00,-0.5077211629755489
2022-06-16 23:30:00,-0.5445472357970104
2022-06-17 00:00:00,-0.45833683587753404
2022-06-17 00:30:00,-0.49863312854188657
2022-06-17 01:00:00,-0.4671888560589254
2022-06-17 01:30:00,-0.5122919248077505
2022-06-17 02:00:00,-0.46848662754456255
2022-06-17 02:30:00,-0.6007596788392076
2022-06-17 03:00:00,-0.473196073046186
2022-06-17 03:30:00,-0.6060782374311601
2022-06-17 04:00:00,-0.48447126476994307
2022-06-17 04:30:00,-0.6157456299255201
2022-06-17 05:00:00,-0.4801980915577454
2022-06-17 05:30:00,-0.631564608626366
2022-06-17 06:00:00,-0.4611176463415741
2022-06-17 06:30:00,-0.5864658208464949
2022-06-17 07:00:00,-0.4787313118867866
2022-06-17 07:30:00,-0.7476145589555925
2022-06-17 08:00:00,-0.5128862112247892
2022-06-17 08:30:00,-0.7470048225852453
2022-06-17 09:00:00,-0.45423361236476945
2022-06-17 09:30:00,-0.7123618188736763
2022-06-17 10:00:00,-0.606900388338334
2022-06-17 10:30:00,-0.7601291989894264
2022-06-17 11:00:00,-0.7566493309581103
2022-06-17 11:30:00,-0.7288283136741908
2022-06-17 12:00:00,-0.909873241572022
2022-06-17 12:30:00,-0.9857155780337712
2022-06-17 13:00:00,-0.7752919927753124
2022-06-17 13:30:00,-0.7323297547455493
2022-06-17 14:00:00,-0.6806047712780855
2022-06-17 14:30:00,-0.7006510616616042
2022-06-17 15:00:00,-0.6254993136860294
2022-06-17 15:30:00,-0.8011491430906212
2022-06-17 16:00:00,-0.608314797511613
2022-06-17 16:30:00,-0.7763524041813638
2022-06-17 17:00:00,-0.6133763628913833
2022-06-17 17:30:00,-0.758733160275681
2022-06-17 18:00:00,-0.5934287173722484
2022-06-17 18:30:00,-0.7012770732097695
2022-06-17 19:00:00,-0.5346114479015769
2022-06-17 19:30:00,-0.6882471602243083
2022-06-17 20:00:00,-0.6156197447860405
2022-06-17 20:30:00,-0.7755946781191512
2022-06-17 21:00:00,-0.6111632452178117
2022-06-17 21:30:00,-0.8106214316712047
2022-06-17 22:00:00,-0.5531620108768655
2022-06-17 22:30:00,-0.8307234263972747
2022-06-17 23:00:00,-0.6086942228489053
2022-06-17 23:30:00,-0.7517087526871233
2022-06-18 00:00:00,-0.44785923149318063
2022-06-18 00:30:00,-0.8505538282227312
2022-06-18 01:00:00,-0.36518440140752473
2022-06-18 01:30:00,-0.8090651933559032
2022-06-18 02:00:00,-0.47570196302715084
2022-06-18 02:30:00,-0.8358662638111383
2022-06-18 03:00:00,-0.40614407034693334
2022-06-18 03:30:00,-0.7867508097013727
2022-06-18 04:00:00,-0.4163506108983676
2022-06-18 04:30:00,-0.7742830810480352
2022-06-18 05:00:00,-0.46590223949236714
2022-06-18 05:30:00,-0.8096764445778615
2022-06-18 06:00:00,-0.46203090667595176
2022-06-18 06:30:00,-0.7855377659912698
2022-06-18 07:00:00,-0.4983374321176401
2022-06-18 07:30:00,-0.8200903135743984
2022-06-18 08:00:00,-0.4914794714215237
2022-06-18 08:30:00,-0.8235276875323585
2022-06-18 09:00:00,-0.6161122468955035
2022-06-18 09:30:00,-0.7071861686618794
2022-06-18 10:00:00,-0.6266514649933395
2022-06-18 10:30:00,-0.9262406082799481
2022-06-18 11:00:00,-1.4441998129349727
2022-06-18 11:30:00,-1.6419008823059522
2022-06-18 12:00:00,-2.2768759045597613
2022-06-18 12:30:00,-2.431394710023257
2022-06-18 13:00:00,-1.6432898558673603
2022-06-18 13:30:00,-1.7802007792310766
2022-06-18 14:00:00,-1.891240012978086
2022-06-18 14:30:00,-1.7032275438782143
2022-06-18 15:00:00,-1.8056513745543663
2022-06-18 15:30:00,-1.7055034239801705
2022-06-18 16:00:00,-1.8159832353646561
2022-06-18 16:30:00,-1.7626569380693005
2022-06-18 17:00:00,-1.4841530809504715
2022-06-18 17:30:00,-1.2615805086830574
2022-06-18 18:00:00,-1.1869807567366601
2022-06-18 18:30:00,-1.1494639452052606
2022-06-18 19:00:00,-0.6089828402948244
2022-06-18 19:30:00,-0.8976843736909034
2022-06-18 20:00:00,-0.762355999271785
2022-06-18 20:30:00,-0.9775958350395733
2022-06-18 21:00:00,-0.575543974172565
2022-06-18 21:30:00,-0.6244949002765494
2022-06-18 22:00:00,-0.4941978512179058
2022-06-18 22:30:00,-0.5021247046238478
2022-06-18 23:00:00,-0.4898596174794456
2022-06-18 23:30:00,-0.456724149734913
2022-06-19 00:00:00,-0.42217245064779424
2022-06-19 00:30:00,-0.5207199118475071
2022-06-19 01:00:00,-0.45161660723747127
2022-06-19 01:30:00,-0.552579243681842
2022-06-19 02:00:00,-0.43568484232079085
2022-06-19 02:30:00,-0.5722242979856356
2022-06-19 03:00:00,-0.4403111952632826
2022-06-19 03:30:00,-0.5642118191403874
2022-06-19 04:00:00,-0.4489884014404333
2022-06-19 04:30:00,-0.5856445603725339
2022-06-19 05:00:00,-0.44389382662257804
2022-06-19 05:30:00,-0.5770897355964358
2022-06-19 06:00:00,-0.4443524070989837
2022-06-19 06:30:00,-0.6007596484744515
2022-06-19 07:00:00,-0.42418513591215484
2022-06-19 07:30:00,-0.644551811226264
2022-06-19 08:00:00,-0.5168063176681211
2022-06-19 08:30:00,-0.6663065443072669
2022-06-19 09:00:00,-0.7816226154342714
2022-06-19 09:30:00,-0.8294805860940052
2022-06-19 10:00:00,-0.6873040504008371
2022-06-19 10:30:00,-1.1112606675883965
2022-06-19 11:00:00,-1.687167134861739
2022-06-19 11:30:00,-2.387813953625395
2022-06-19 12:00:00,-1.3630026536553768
2022-06-19 12:30:00,-1.8347641864973605
2022-06-19 13:00:00,-1.611902914473606
2022-06-19 13:30:00,-1.7222072469178236
2022-06-19 14:00:00,-1.8099137003272066
2022-06-19 14:30:00,-1.6710035174926394
2022-06-19 15:00:00,-1.3698495767674288
2022-06-19 15:30:00,-1.313779054899615
2022-06-19 16:00:00,-1.110994688966498
2022-06-19 16:30:00,-1.2790126458567654
2022-06-19 17:00:00,-1.6420340341771062
2022-06-19 17:30:00,-1.7465059396337586
2022-06-19 18:00:00,-1.7140931371824626
2022-06-19 18:30:00,-1.5816741392844949
2022-06-19 19:00:00,-1.213470354882997
2022-06-19 19:30:00,-1.28812422666289
2022-06-19 20:00:00,-0.578224459937677
2022-06-19 20:30:00,-0.7217509640255863
2022-06-19 21:00:00,-0.4984189466956652
2022-06-19 21:30:00,-0.533521696288932
2022-06-19 22:00:00,-0.4685899374274053
2022-06-19 22:30:00,-0.5211707240872439
2022-06-19 23:00:00,-0.42544507695325634
2022-06-19 23:30:00,-0.5046745753351124
2022-06-20 00:00:00,-0.3781871710718925
2022-06-20 00:30:00,-0.6037570612490625
2022-06-20 01:00:00,-0.4041692895221635
2022-06-20 01:30:00,-0.5961462779666926
2022-06-20 02:00:00,-0.451158036098236
2022-06-20 02:30:00,-0.5407557915163854
2022-06-20 03:00:00,-0.45463125701511276
2022-06-20 03:30:00,-0.5570058170686578
2022-06-20 04:00:00,-0.44583651048103634
2022-06-20 04:30:00,-0.5234092260293339
2022-06-20 05:00:00,-0.43711322141780784
2022-06-20 05:30:00,-0.5303819034499729
2022-06-20 06:00:00,-0.4458660982910918
2022-06-20 06:30:00,-0.5458604915173613
2022-06-20 07:00:00,-0.44828432268683727
2022-06-20 07:30:00,-0.5578465193572929
2022-06-20 08:00:00,-0.4716325013772737
2022-06-20 08:30:00,-0.5910599927812494
2022-06-20 09:00:00,-0.4725690629950923
2022-06-20 09:30:00,-0.5915281518407808
2022-06-20 10:00:00,-0.7686079450607098
2022-06-20 10:30:00,-1.148731426327485
2022-06-20 11:00:00,-1.184176332140155
2022-06-20 11:30:00,-1.6129738750599887
2022-06-20 12:00:00,-0.9439529774245919
2022-06-20 12:30:00,-1.5119517855492108
2022-06-20 13:00:00,-1.4714126503516902
2022-06-20 13:30:00,-0.9898692056947546
2022-06-20 14:00:00,-1.0206840953567546
2022-06-20 14:30:00,-0.8480633578138156
2022-06-20 15:00:00,-0.5402395714279377
2022-06-20 15:30:00,-0.7518281247191902
2022-06-20 16:00:00,-0.9828595395092655
2022-06-20 16:30:00,-1.1863117942033006
2022-06-20 17:00:00,-1.142412436814631
2022-06-20 17:30:00,-0.8209677960277585
2022-06-20 18:00:00,-1.1709934325546627
2022-06-20 18:30:00,-1.1885978471344085
2022-06-20 19:00:00,-0.5599343771515269
2022-06-20 19:30:00,-0.7253436215090846
2022-06-20 20:00:00,-0.5473432995126908
2022-06-20 20:30:00,-0.6483369824651839
2022-06-20 21:00:00,-0.5058929084808339
2022-06-20 21:30:00,-0.5607995933211556
2022-06-20 22:00:00,-0.4959818771898693
2022-06-20 22:30:00,-0.546962327570815
2022-06-20 23:00:00,-0.4865886904397629
2022-06-20 23:30:00,-0.5462629646291174
2022-06-21 00:00:00,-0.468434038200083
2022-06-21 00:30:00,-0.5884801348343852
2022-06-21 01:00:00,-0.4723514386072685
2022-06-21 01:30:00,-0.8369708242986171
2022-06-21 02:00:00,-0.5110393652539256
2022-06-21 02:30:00,-0.7690105515904341
2022-06-21 03:00:00,-0.4755923385440912
2022-06-21 03:30:00,-0.7676461180876326
2022-06-21 04:00:00,-0.4567221287216586
2022-06-21 04:30:00,-0.7578542716182359
2022-06-21 05:00:00,-0.4705234060900203
2022-06-21 05:30:00,-0.7743079663600707
2022-06-21 06:00:00,-0.4721162267584355
2022-06-21 06:30:00,-0.7991062477929638
2022-06-21 07:00:00,-0.4540822492964454
2022-06-21 07:30:00,-0.7776632593392913
2022-06-21 08:00:00,-0.48134962694775374
2022-06-21 08:30:00,-0.7900962257871817
2022-06-21 09:00:00,-0.45664655873911614
2022-06-21 09:30:00,-0.7833889361798131
2022-06-21 10:00:00,-0.6555817444298297
2022-06-21 10:30:00,-0.8873739558554425
2022-06-21 11:00:00,-1.5555701768556762
2022-06-21 11:30:00,-2.188537720295753
2022-06-21 12:00:00,-1.9522395004211395
2022-06-21 12:30:00,-2.396079307462642
2022-06-21 13:00:00,-1.4402457799642403
2022-06-21 13:30:00,-1.4564215724123795
2022-06-21 14:00:00,-1.240084511820759
2022-06-21 14:30:00,-1.3966813543324852
2022-06-21 15:00:00,-1.5616807379519004
2022-06-21 15:30:00,-1.6473236622461787
2022-06-21 16:00:00,-1.7624758010903312
2022-06-21 16:30:00,-1.6823920963182042
2022-06-21 17:00:00,-0.853326636865664
2022-06-21 17:30:00,-1.0468425775781538
2022-06-21 18:00:00,-0.8354435780606366
2022-06-21 18:30:00,-1.0766762367157954
2022-06-21 19:00:00,-0.8736106133191893
2022-06-21 19:30:00,-1.0294368270053083
2022-06-21 20:00:00,-0.7314015571648695
2022-06-21 20:30:00,-0.91830717921254
2022-06-21 21:00:00,-0.5232113789056901
2022-06-21 21:30:00,-0.812200601967089
2022-06-21 22:00:00,-0.5282424590586338
2022-06-21 22:30:00,-0.6604276609420222
2022-06-21 23:00:00,-0.6189751741896765
2022-06-21 23:30:00,-0.5811818866497639
2022-06-22 00:00:00,-0.3152230259785427
2022-06-22 00:30:00,-0.6303630931126842
2022-06-22 01:00:00,-0.34425287085603606
2022-06-22 01:30:00,-0.6052656749824646
2022-06-22 02:00:00,-0.37126860314568005
2022-06-22 02:30:00,-0.6236384175547969
2022-06-22 03:00:00,-0.3442047541624895
2022-06-22 03:30:00,-0.5975969198807715
2022-06-22 04:00:00,-0.3136977071069842
2022-06-22 04:30:00,-0.5807533123196121
2022-06-22 05:00:00,-0.29629704771685744
2022-06-22 05:30:00,-0.6220898624580038
2022-06-22 06:00:00,-0.2660132063857779
2022-06-22 06:30:00,-0.60008147284838
2022-06-22 07:00:00,-0.23520181689988967
2022-06-22 07:30:00,-0.6024504957727649
2022-06-22 08:00:00,-0.35550958929377224
2022-06-22 08:30:00,-0.6910579816314143
2022-06-22 09:00:00,-0.6573052581382859
2022-06-22 09:30:00,-0.6451573054285409
2022-06-22 10:00:00,-0.6412291204228606
2022-06-22 10:30:00,-0.838856955427982
2022-06-22 11:00:00,-0.9575506046292894
2022-06-22 11:30:00,-1.4566142624694856
2022-06-22 12:00:00,-0.7444516699937167
2022-06-22 12:30:00,-0.9469362098271844
2022-06-22 13:00:00,-1.5230340353209797
2022-06-22 13:30:00,-1.7357415765610238
2022-06-22 14:00:00,-1.3648519558250112
2022-06-22 14:30:00,-1.4086540835535948
2022-06-22 15:00:00,-1.2228584804962024
2022-06-22 15:30:00,-1.3406392589450735
2022-06-22 16:00:00,-1.6339493917343106
2022-06-22 16:30:00,-1.7459620134305645
2022-06-22 17:00:00,-1.190754002686272
2022-06-22 17:30:00,-1.0920335438828261
2022-06-22 18:00:00,-0.597170128306061
2022-06-22 18:30:00,-0.8876234524085784
2022-06-22 19:00:00,-1.4355427808107932
2022-06-22 19:30:00,-1.4707274756523754
2022-06-22 20:00:00,-0.7257144923761496
2022-06-22 20:30:00,-0.8537439638891122
2022-06-22 21:00:00,-0.4780790682692575
2022-06-22 21:30:00,-0.5868735722224389
2022-06-22 22:00:00,-0.4750490100769845
2022-06-22 22:30:00,-0.5425517784497971
2022-06-22 23:00:00,-0.485913024421761
2022-06-22 23:30:00,-0.6199893810908853
2022-06-23 00:00:00,-0.4171452838868921
2022-06-23 00:30:00,-0.5416404219722566
2022-06-23 01:00:00,-0.4517975094022328
2022-06-23 01:30:00,-0.5492600412477519
2022-06-23 02:00:00,-0.45677993292875924
2022-06-23 02:30:00,-0.5956398594623815
2022-06-23 03:00:00,-0.4774532759122945
2022-06-23 03:30:00,-0.7437145583329909
2022-06-23 04:00:00,-0.4958085531306752
2022-06-23 04:30:00,-0.7148653101369378
2022-06-23 05:00:00,-0.5053173365491361
2022-06-23 05:30:00,-0.7320537621581029
2022-06-23 06:00:00,-0.4789107678251899
2022-06-23 06:30:00,-0.7794314149270659
2022-06-23 07:00:00,-0.48997972530959416
2022-06-23 07:30:00,-0.7908572464759218
2022-06-23 08:00:00,-0.49615850905772235
2022-06-23 08:30:00,-0.7519951489678413
2022-06-23 09:00:00,-0.411106416012898
2022-06-23 09:30:00,-0.617108296754335
2022-06-23 10:00:00,-0.4943139607485974
2022-06-23 10:30:00,-0.6200007939413473
2022-06-23 11:00:00,-1.0728259521868941
2022-06-23 11:30:00,-0.95898147985446
2022-06-23 12:00:00,-0.6785432487459321
2022-06-23 12:30:00,-0.8405500479826493
2022-06-23 13:00:00,-0.7784706865425295
2022-06-23 13:30:00,-0.6420055098528016
2022-06-23 14:00:00,-0.6579912815951786
2022-06-23 14:30:00,-1.0561355908473788
2022-06-23 15:00:00,-0.9418320997329712
2022-06-23 15:30:00,-0.8451993253290326
2022-06-23 16:00:00,-0.8924627909194398
2022-06-23 16:30:00,-0.8066854610072184
2022-06-23 17:00:00,-0.8835544817417255
2022-06-23 17:30:00,-1.0828551136009654
2022-06-23 18:00:00,-1.0728514426720452
2022-06-23 18:30:00,-1.0875089204153119
2022-06-23 19:00:00,-1.1197096200707741
2022-06-23 19:30:00,-1.0473782790273234
2022-06-23 20:00:00,-0.9312684928361925
2022-06-23 20:30:00,-0.767373353393248
2022-06-23 21:00:00,-0.4932180408826782
2022-06-23 21:30:00,-0.616721762861699
2022-06-23 22:00:00,-0.4693115754661729
2022-06-23 22:30:00,-0.6195037401656777
2022-06-23 23:00:00,-0.464464673731141
2022-06-23 23:30:00,-0.6070641505904696
2022-06-24 00:00:00,-0.40745292646964343
2022-06-24 00:30:00,-0.5792636401990784
2022-06-24 01:00:00,-0.412650222754507
2022-06-24 01:30:00,-0.5300465672700234
2022-06-24 02:00:00,-0.41762561223683564
2022-06-24 02:30:00,-0.49598134056797627
2022-06-24 03:00:00,-0.4327576226528766
2022-06-24 03:30:00,-0.5639633264990217
2022-06-24 04:00:00,-0.4508629890289052
2022-06-24 04:30:00,-0.5673740085339465
2022-06-24 05:00:00,-0.4064168926399669
2022-06-24 05:30:00,-0.6568880936082425
2022-06-24 06:00:00,-0.3748003092490647
2022-06-24 06:30:00,-0.6860216622673997
2022-06-24 07:00:00,-0.3741152994285237
2022-06-24 07:30:00,-0.6844227183266424
2022-06-24 08:00:00,-0.3891251639727764
2022-06-24 08:30:00,-0.6809045209097491
2022-06-24 09:00:00,-0.4488770312460588
2022-06-24 09:30:00,-0.5839319704014814
2022-06-24 10:00:00,-0.5136301806812855
2022-06-24 10:30:00,-0.5791038582558157
2022-06-24 11:00:00,-0.528121974202641
2022-06-24 11:30:00,-0.4309852808384669
2022-06-24 12:00:00,-0.599711484809298
2022-06-24 12:30:00,-0.6300036103155938
2022-06-24 13:00:00,-0.7238370040329548
2022-06-24 13:30:00,-0.8562958283318182
2022-06-24 14:00:00,-1.018208158652594
2022-06-24 14:30:00,-1.0497890619232206
2022-06-24 15:00:00,-1.3234881016939537
2022-06-24 15:30:00,-0.7638931941890253
2022-06-24 16:00:00,-0.6402585475637838
2022-06-24 16:30:00,-0.8182004781528123
2022-06-24 17:00:00,-0.7502316107464577
2022-06-24 17:30:00,-0.8172485674606642
2022-06-24 18:00:00,-1.0045027267090623
2022-06-24 18:30:00,-0.8942416448092041
2022-06-24 19:00:00,-0.7081876543397914
2022-06-24 19:30:00,-0.6987703906709948
2022-06-24 20:00:00,-0.6430175843149212
2022-06-24 20:30:00,-0.601609523681492
2022-06-24 21:00:00,-0.4916780482156275
2022-06-24 21:30:00,-0.5378766855627994
2022-06-24 22:00:00,-0.4746207083842964
2022-06-24 22:30:00,-0.5378914309871922
2022-06-24 23:00:00,-0.4792786832455731
2022-06-24 23:30:00,-0.5414215862532945
2022-06-25 00:00:00,-0.461090954661061
2022-06-25 00:30:00,-0.5238415393634305
2022-06-25 01:00:00,-0.4733885768388975
2022-06-25 01:30:00,-0.5165704185897783
2022-06-25 02:00:00,-0.4648313901728669
2022-06-25 02:30:00,-0.552179983476817
2022-06-25 03:00:00,-0.43590109843107805
2022-06-25 03:30:00,-0.5196034651657112
2022-06-25 04:00:00,-0.429060153862442
2022-06-25 04:30:00,-0.555984809219236
2022-06-25 05:00:00,-0.449123053333362
2022-06-25 05:30:00,-0.558504876971046
2022-06-25 06:00:00,-0.427669816608675
2022-06-25 06:30:00,-0.5630525777173863
2022-06-25 07:00:00,-0.4581219834348109
2022-06-25 07:30:00,-0.615296393043241
2022-06-25 08:00:00,-0.45512430003643867
2022-06-25 08:30:00,-0.5628646481182369
2022-06-25 09:00:00,-0.4620185335035496
2022-06-25 09:30:00,-0.554341662666326
2022-06-25 10:00:00,-0.6721728855636807
2022-06-25 10:30:00,-0.8121646880152207
2022-06-25 11:00:00,-2.122927916061493
2022-06-25 11:30:00,-2.3901468551147094
2022-06-25 12:00:00,-1.5498417236489999
2022-06-25 12:30:00,-1.574147700648387
2022-06-25 13:00:00,-1.5458699239283549
2022-06-25 13:30:00,-1.9154261893801026
2022-06-25 14:00:00,-1.4311022761056182
2022-06-25 14:30:00,-1.4225320378577444
2022-06-25 15:00:00,-1.3954234938692411
2022-06-25 15:30:00,-1.6651511990682843
2022-06-25 16:00:00,-1.6355184745053812
2022-06-25 16:30:00,-1.6733472933192308
2022-06-25 17:00:00,-1.2033783832569604
2022-06-25 17:30:00,-1.2693925527469587
2022-06-25 18:00:00,-1.547316497793581
2022-06-25 18:30:00,-1.5031360474285966
2022-06-25 19:00:00,-1.4914809088955516
2022-06-25 19:30:00,-1.4313718190737552
2022-06-25 20:00:00,-0.5264987592663909
2022-06-25 20:30:00,-0.7228598761182515
2022-06-25 21:00:00,-0.49024165045733653
2022-06-25 21:30:00,-0.5131819578169694
2022-06-25 22:00:00,-0.5032316024110788
2022-06-25 22:30:00,-0.44025344717280585
2022-06-25 23:00:00,-0.4675569974182472
2022-06-25 23:30:00,-0.5903191447415532
2022-06-26 00:00:00,-0.4128890494092065
2022-06-26 00:30:00,-0.5071648062158814
2022-06-26 01:00:00,-0.440666383109743
2022-06-26 01:30:00,-0.4769833499801355
2022-06-26 02:00:00,-0.435394079120881
2022-06-26 02:30:00,-0.4969741302230425
2022-06-26 03:00:00,-0.43065423373579365
2022-06-26 03:30:00,-0.5522532533391559
2022-06-26 04:00:00,-0.460933275706355
2022-06-26 04:30:00,-0.5474873352499577
2022-06-26 05:00:00,-0.4902119474193395
2022-06-26 05:30:00,-0.5920827906256461
2022-06-26 06:00:00,-0.4796222330714507
2022-06-26 06:30:00,-0.556271103788394
2022-06-26 07:00:00,-0.5067391252971977
2022-06-26 07:30:00,-0.5714059519917981
2022-06-26 08:00:00,-0.4645542822522139
2022-06-26 08:30:00,-0.5095795086418471
2022-06-26 09:00:00,-0.6754632020985077
2022-06-26 09:30:00,-0.855640218800568
2022-06-26 10:00:00,-0.8692112365536907
2022-06-26 10:30:00,-0.9730679520222161
2022-06-26 11:00:00,-1.6838732537849181
2022-06-26 11:30:00,-2.154813152697569
2022-06-26 12:00:00,-1.6437652727233436
2022-06-26 12:30:00,-2.1152977925377368
2022-06-26 13:00:00,-1.6793128974500706
2022-06-26 13:30:00,-1.7304150100531677
2022-06-26 14:00:00,-1.5333475495889746
2022-06-26 14:30:00,-1.623988522117586
2022-06-26 15:00:00,-1.5176616966526653
2022-06-26 15:30:00,-1.6452798989087154
2022-06-26 16:00:00,-1.4514554403095716
2022-06-26 16:30:00,-1.6179999945562313
2022-06-26 17:00:00,-1.3017141687111446
2022-06-26 17:30:00,-1.7292690184628572
2022-06-26 18:00:00,-1.1905451812477674
2022-06-26 18:30:00,-1.5505254406526192
2022-06-26 19:00:00,-1.1025331952833377
2022-06-26 19:30:00,-1.3932618271924022
2022-06-26 20:00:00,-0.6511867506153179
2022-06-26 20:30:00,-0.8818196807988826
2022-06-26 21:00:00,-0.6564474728884613
2022-06-26 21:30:00,-0.744141297742935
2022-06-26 22:00:00,-0.5772552173407667
2022-06-26 22:30:00,-0.6831614414978995
2022-06-26 23:00:00,-0.5899788724362015
2022-06-26 23:30:00,-0.5309344555940347
2022-06-27 00:00:00,-0.32137254800948406
2022-06-27 00:30:00,-0.6249046684773317
2022-06-27 01:00:00,-0.3263604231904502
2022-06-27 01:30:00,-0.6005405545400344
2022-06-27 02:00:00,-0.37136577554104966
2022-06-27 02:30:00,-0.6360178785232234
2022-06-27 03:00:00,-0.3770652365328821
2022-06-27 03:30:00,-0.512959997103604
2022-06-27 04:00:00,-0.4157796703646232
2022-06-27 04:30:00,-0.5269658628185432
2022-06-27 05:00:00,-0.3616265480876556
2022-06-27 05:30:00,-0.5486150757250878
2022-06-27 06:00:00,-0.4160669747631347
2022-06-27 06:30:00,-0.5551012828206584
2022-06-27 07:00:00,-0.42373681127077534
2022-06-27 07:30:00,-0.562279701485167
2022-06-27 08:00:00,-0.40675824947180783
2022-06-27 08:30:00,-0.6058062738731178
2022-06-27 09:00:00,-0.5490831210798155
2022-06-27 09:30:00,-0.7890606583439705
2022-06-27 10:00:00,-0.8187737786625036
2022-06-27 10:30:00,-0.9845842078477993
2022-06-27 11:00:00,-1.6076123722134783
2022-06-27 11:30:00,-2.374429488834998
2022-06-27 12:00:00,-1.586235182759111
2022-06-27 12:30:00,-2.082524860203578
2022-06-27 13:00:00,-1.2594950583454994
2022-06-27 13:30:00,-1.7208337835864216
2022-06-27 14:00:00,-1.1479927751142776
2022-06-27 14:30:00,-1.6505155983189506
2022-06-27 15:00:00,-1.0630396695898525
2022-06-27 15:30:00,-1.5575058837342914
2022-06-27 16:00:00,-0.8679523731995125
2022-06-27 16:30:00,-1.1775054308894881
2022-06-27 17:00:00,-1.1080581942986483
2022-06-27 17:30:00,-1.5466401352928825
2022-06-27 18:00:00,-0.908327548760899
2022-06-27 18:30:00,-1.1953416662323382
2022-06-27 19:00:00,-0.9953730051943331
2022-06-27 19:30:00,-1.4482905444943284
2022-06-27 20:00:00,-0.7021571867792201
2022-06-27 20:30:00,-1.1499377690811636
2022-06-27 21:00:00,-0.8114053188624023
2022-06-27 21:30:00,-0.9351338268274274
2022-06-27 22:00:00,-0.5619810514974191
2022-06-27 22:30:00,-0.7351471041373544
2022-06-27 23:00:00,-0.5810206130522305
2022-06-27 23:30:00,-0.6806443174193876
2022-06-28 00:00:00,-0.3929910055570829
2022-06-28 00:30:00,-0.8045316935157139
2022-06-28 01:00:00,-0.32814276917755064
2022-06-28 01:30:00,-0.6770867436173219
2022-06-28 02:00:00,-0.3266840606468832
2022-06-28 02:30:00,-0.6693133412228758
2022-06-28 03:00:00,-0.2922060606748146
2022-06-28 03:30:00,-0.6998796338588318
2022-06-28 04:00:00,-0.3138154072854547
2022-06-28 04:30:00,-0.7049884363049262
2022-06-28 05:00:00,-0.35040529097730394
2022-06-28 05:30:00,-0.7186225243162121
2022-06-28 06:00:00,-0.3763333256994865
2022-06-28 06:30:00,-0.668007850556656
2022-06-28 07:00:00,-0.3598095197912246
2022-06-28 07:30:00,-0.7129501340263906
2022-06-28 08:00:00,-0.40090319191138607
2022-06-28 08:30:00,-0.7726486630206767
2022-06-28 09:00:00,-0.6542746269915761
2022-06-28 09:30:00,-0.863298944086717
2022-06-28 10:00:00,-1.3286632639678506
2022-06-28 10:30:00,-1.4921506306822123
2022-06-28 11:00:00,-1.3958367058685182
2022-06-28 11:30:00,-1.620727066686039
2022-06-28 12:00:00,-1.541866175246498
2022-06-28 12:30:00,-1.930324022819361
2022-06-28 13:00:00,-0.8624157825803307
2022-06-28 13:30:00,-1.0558060019739137
2022-06-28 14:00:00,-0.7611465648901438
2022-06-28 14:30:00,-1.2537780300477335
2022-06-28 15:00:00,-0.8043234375009911
2022-06-28 15:30:00,-1.3872040481840378
2022-06-28 16:00:00,-1.1196621886149336
2022-06-28 16:30:00,-1.7718730288518352
2022-06-28 17:00:00,-1.2186614312293478
2022-06-28 17:30:00,-1.7569201138555337
2022-06-28 18:00:00,-0.6185471160379614
2022-06-28 18:30:00,-0.8514546805524276
2022-06-28 19:00:00,-0.5749350790145032
2022-06-28 19:30:00,-0.8926363725582894
2022-06-28 20:00:00,-0.7049862710116435
2022-06-28 20:30:00,-0.8266171086559727
2022-06-28 21:00:00,-0.6476773725687225
2022-06-28 21:30:00,-0.6199524560609629
2022-06-28 22:00:00,-0.4855412420351567
2022-06-28 22:30:00,-0.5390584404665227
2022-06-28 23:00:00,-0.4862244458581575
2022-06-28 23:30:00,-0.5896129914925772
2022-06-29 00:00:00,-0.3232479801438609
2022-06-29 00:30:00,-0.5736545935569352
2022-06-29 01:00:00,-0.4057196229675117
2022-06-29 01:30:00,-0.5940878628090913
2022-06-29 02:00:00,-0.3806215292452233
2022-06-29 02:30:00,-0.6261352626963039
2022-06-29 03:00:00,-0.40623295856890296
2022-06-29 03:30:00,-0.5780366519343277
2022-06-29 04:00:00,-0.3378137675082838
2022-06-29 04:30:00,-0.5559776913048033
2022-06-29 05:00:00,-0.43610377320311644
2022-06-29 05:30:00,-0.637997236599133
2022-06-29 06:00:00,-0.4352165047871651
2022-06-29 06:30:00,-0.5757121548717458
2022-06-29 07:00:00,-0.44684310922870296
2022-06-29 07:30:00,-0.5869986443347012
2022-06-29 08:00:00,-0.4501685388880528
2022-06-29 08:30:00,-0.6036497572793921
2022-06-29 09:00:00,-0.45282879640021856
2022-06-29 09:30:00,-0.7626520770046439
2022-06-29 10:00:00,-0.6731838274473698
2022-06-29 10:30:00,-0.768214132716245
2022-06-29 11:00:00,-1.150989657356033
2022-06-29 11:30:00,-1.4362976790126154
2022-06-29 12:00:00,-1.3385651969841643
2022-06-29 12:30:00,-1.0071191519032312
2022-06-29 13:00:00,-1.3294181848164257
2022-06-29 13:30:00,-1.5469455108723742
2022-06-29 14:00:00,-1.404108840386564
2022-06-29 14:30:00,-1.6616125085852311
2022-06-29 15:00:00,-1.13821320884775
2022-06-29 15:30:00,-1.7359250452118664
2022-06-29 16:00:00,-1.32507897506418
2022-06-29 16:30:00,-1.5794285006893694
2022-06-29 17:00:00,-1.0161376593440405
2022-06-29 17:30:00,-1.4255612403792464
2022-06-29 18:00:00,-1.249496333617312
2022-06-29 18:30:00,-1.4599226147295605
2022-06-29 19:00:00,-0.6374391709027352
2022-06-29 19:30:00,-0.8706294642172301
2022-06-29 20:00:00,-0.5603101334829852
2022-06-29 20:30:00,-0.7638962421672137
2022-06-29 21:00:00,-0.5082308855639469
2022-06-29 21:30:00,-0.5984097702204124
2022-06-29 22:00:00,-0.4695423034822156
2022-06-29 22:30:00,-0.5426283768983534
2022-06-29 23:00:00,-0.48529461626737186
2022-06-29 23:30:00,-0.45934220688593996
2022-06-30 00:00:00,-0.34467576563741775
2022-06-30 00:30:00,-0.6067493809510858
2022-06-30 01:00:00,-0.39686440770036535
2022-06-30 01:30:00,-0.6254031802059979
2022-06-30 02:00:00,-0.4494096868645519
2022-06-30 02:30:00,-0.6697555191876606
2022-06-30 03:00:00,-0.4137647317175715
2022-06-30 03:30:00,-0.6544225472086599
2022-06-30 04:00:00,-0.45072806649718244
2022-06-30 04:30:00,-0.6344209700931317
2022-06-30 05:00:00,-0.46104387391208435
2022-06-30 05:30:00,-0.5900024333498705
2022-06-30 06:00:00,-0.4491012709767361
2022-06-30 06:30:00,-0.5850922340306174
2022-06-30 07:00:00,-0.4615265524799211
2022-06-30 07:30:00,-0.5681721332193512
2022-06-30 08:00:00,-0.47627458794806826
2022-06-30 08:30:00,-0.5498740101861886
2022-06-30 09:00:00,-0.5361825511264843
2022-06-30 09:30:00,-0.8102098651158262
2022-06-30 10:00:00,-0.643014494603551
2022-06-30 10:30:00,-0.8993249393510031
2022-06-30 11:00:00,-1.5411765088467808
2022-06-30 11:30:00,-2.2639218294779524
2022-06-30 12:00:00,-1.527828890021424
2022-06-30 12:30:00,-2.1702853522682974
2022-06-30 13:00:00,-1.300606418222204
2022-06-30 13:30:00,-1.702379057056022
2022-06-30 14:00:00,-1.159823709602769
2022-06-30 14:30:00,-1.4353455545705633
2022-06-30 15:00:00,-1.2718337442792147
2022-06-30 15:30:00,-1.6925995866091907
2022-06-30 16:00:00,-1.1480347393171546
2022-06-30 16:30:00,-1.3970097930054712
2022-06-30 17:00:00,-1.2121432594549604
2022-06-30 17:30:00,-1.5606440676523547
2022-06-30 18:00:00,-0.9821341544941256
2022-06-30 18:30:00,-1.1291583598577193
2022-06-30 19:00:00,-0.666037015223596
2022-06-30 19:30:00,-0.9049328768450338
2022-06-30 20:00:00,-0.6476828799337373
2022-06-30 20:30:00,-0.7169777762045834
2022-06-30 21:00:00,-0.5882078183248209
2022-06-30 21:30:00,-0.6059483138703139
2022-06-30 22:00:00,-0.6072112866926378
2022-06-30 22:30:00,-0.5344398173152655
2022-06-30 23:00:00,-0.46561164527906
2022-06-30 23:30:00,-0.5364370794177303
2022-07-01 00:00:00,-0.41202776128754004
2022-07-01 00:30:00,-0.5972717905912248
2022-07-01 01:00:00,-0.4066414168037251
2022-07-01 01:30:00,-0.6249055046517429
2022-07-01 02:00:00,-0.4052126627004906
2022-07-01 02:30:00,-0.6467566356548692
2022-07-01 03:00:00,-0.4399348511767996
2022-07-01 03:30:00,-0.6516014334602316
2022-07-01 04:00:00,-0.5145121885987575
2022-07-01 04:30:00,-0.663507559602047
2022-07-01 05:00:00,-0.530593006552297
2022-07-01 05:30:00,-0.6828161402158295
2022-07-01 06:00:00,-0.5020937286339486
2022-07-01 06:30:00,-0.6322298377033563
2022-07-01 07:00:00,-0.4505136352036753
2022-07-01 07:30:00,-0.6517487987268354
2022-07-01 08:00:00,-0.49924747283220655
2022-07-01 08:30:00,-0.6971951804462151
2022-07-01 09:00:00,-0.8203322457211599
2022-07-01 09:30:00,-0.9134691296574434
2022-07-01 10:00:00,-1.5073242497181147
2022-07-01 10:30:00,-1.7191569838904623
2022-07-01 11:00:00,-1.4386521417793983
2022-07-01 11:30:00,-1.6682067941631393
2022-07-01 12:00:00,-1.8503434446843487
2022-07-01 12:30:00,-2.284812609365915
2022-07-01 13:00:00,-1.2441322046112342
2022-07-01 13:30:00,-1.3986495889950183
2022-07-01 14:00:00,-1.1700583150506594
2022-07-01 14:30:00,-1.3141448628702939
2022-07-01 15:00:00,-1.4486906995862996
2022-07-01 15:30:00,-1.715913867938815
2022-07-01 16:00:00,-1.0528093515858743
2022-07-01 16:30:00,-1.3099399569912447
2022-07-01 17:00:00,-0.9113181543380464
2022-07-01 17:30:00,-1.0346682941303387
2022-07-01 18:00:00,-1.4626459116824087
2022-07-01 18:30:00,-1.7209304173535895
2022-07-01 19:00:00,-0.619721097476968
2022-07-01 19:30:00,-0.8193398795438049
2022-07-01 20:00:00,-0.6118972109636742
2022-07-01 20:30:00,-0.726869748471235
2022-07-01 21:00:00,-0.7070814120081469
2022-07-01 21:30:00,-0.7011502999782657
2022-07-01 22:00:00,-0.7048412285996791
2022-07-01 22:30:00,-0.6637299015147832
2022-07-01 23:00:00,-0.5624044361360986
2022-07-01 23:30:00,-0.5363757409088835
2022-07-02 00:00:00,-0.5571077933384245
2022-07-02 00:30:00,-0.6230782204120802
2022-07-02 01:00:00,-0.6173743645838953
2022-07-02 01:30:00,-0.6924500076226842
2022-07-02 02:00:00,-0.6060948795671268
2022-07-02 02:30:00,-0.6334945575983464
2022-07-02 03:00:00,-0.6362650304735079
2022-07-02 03:30:00,-0.6522074710629971
2022-07-02 04:00:00,-0.638453609022407
2022-07-02 04:30:00,-0.6682169561421434
2022-07-02 05:00:00,-0.5741027558672236
2022-07-02 05:30:00,-0.6615418990724166
2022-07-02 06:00:00,-0.6209425102199703
2022-07-02 06:30:00,-0.641909945483999
2022-07-02 07:00:00,-0.5725373256675518
2022-07-02 07:30:00,-0.6591358283414427
2022-07-02 08:00:00,-0.6515027069705931
2022-07-02 08:30:00,-0.6214019764395968
2022-07-02 09:00:00,-0.6878152411726571
2022-07-02 09:30:00,-0.6966368644362199
2022-07-02 10:00:00,-0.7167641904090813
2022-07-02 10:30:00,-0.8295472350719889
2022-07-02 11:00:00,-1.9286716159765265
2022-07-02 11:30:00,-2.345375456194484
2022-07-02 12:00:00,-1.6719157351559855
2022-07-02 12:30:00,-2.1620091100362995
2022-07-02 13:00:00,-1.6781322854913454
2022-07-02 13:30:00,-1.8152261533663574
2022-07-02 14:00:00,-1.4744511924566022
2022-07-02 14:30:00,-1.7002622739166011
2022-07-02 15:00:00,-1.2386197400378856
2022-07-02 15:30:00,-1.109070787474638
2022-07-02 16:00:00,-0.7596969787019289
2022-07-02 16:30:00,-0.6504506759576621
2022-07-02 17:00:00,-0.7081287528671483
2022-07-02 17:30:00,-0.7168680389940515
2022-07-02 18:00:00,-0.7233637903366633
2022-07-02 18:30:00,-0.6822811348734134
2022-07-02 19:00:00,-0.6991818326325843
2022-07-02 19:30:00,-0.6610454875689468
2022-07-02 20:00:00,-0.6145836225021459
2022-07-02 20:30:00,-0.5031390505506012
2022-07-02 21:00:00,-0.5543647367592615
2022-07-02 21:30:00,-0.5894354893184633
2022-07-02 22:00:00,-0.6575165565613379
2022-07-02 22:30:00,-0.7109492672671108
2022-07-02 23:00:00,-0.747358287398647
2022-07-02 23:30:00,-0.7604510038263288
2022-07-03 00:00:00,-0.7580404263849863
2022-07-03 00:30:00,-0.7623081917448736
2022-07-03 01:00:00,-0.7159789210926683
2022-07-03 01:30:00,-0.7682839003842465
2022-07-03 02:00:00,-0.6997000739943207
2022-07-03 02:30:00,-0.7676123924045526
2022-07-03 03:00:00,-0.7505552514974889
2022-07-03 03:30:00,-0.7987415035934469
2022-07-03 04:00:00,-0.7577514360710751
2022-07-03 04:30:00,-0.7825691399982901
2022-07-03 05:00:00,-0.7802465015206121
2022-07-03 05:30:00,-0.7976121561693588
2022-07-03 06:00:00,-0.7931537995284156
2022-07-03 06:30:00,-0.8211189081344622
2022-07-03 07:00:00,-0.7793792861167372
2022-07-03 07:30:00,-0.8535600723330405
2022-07-03 08:00:00,-0.7437985084255283
2022-07-03 08:30:00,-0.8010597500324559
2022-07-03 09:00:00,-0.7565698880512914
2022-07-03 09:30:00,-0.7985697412155788
2022-07-03 10:00:00,-0.7926026543362135
2022-07-03 10:30:00,-0.565749993974637
2022-07-03 11:00:00,-0.5522276150085909
2022-07-03 11:30:00,-0.6006905848254064
2022-07-03 12:00:00,-0.5844705301330946
2022-07-03 12:30:00,-0.5906242256355381
2022-07-03 13:00:00,-0.6758015807777241
2022-07-03 13:30:00,-0.7351835914465048
2022-07-03 14:00:00,-0.6774460555094831
2022-07-03 14:30:00,-0.7066058554096146
2022-07-03 15:00:00,-0.7595102496342717
2022-07-03 15:30:00,-0.7915143774367861
2022-07-03 16:00:00,-0.7375972023901665
2022-07-03 16:30:00,-0.6818986350433254
2022-07-03 17:00:00,-0.6671980808493353
2022-07-03 17:30:00,-0.6955218956419326
2022-07-03 18:00:00,-0.7535209474972695
2022-07-03 18:30:00,-0.7676456003888354
2022-07-03 19:00:00,-0.7498473669034681
2022-07-03 19:30:00,-0.7639745107788015
2022-07-03 20:00:00,-0.6483642343589493
2022-07-03 20:30:00,-0.755166665483072
2022-07-03 21:00:00,-0.5437001188607687
2022-07-03 21:30:00,-0.7437820363592887
2022-07-03 22:00:00,-0.4710956474259059
2022-07-03 22:30:00,-0.7616295632356617
2022-07-03 23:00:00,-0.5432011390114644
2022-07-03 23:30:00,-0.7838718365309973
2022-07-04 00:00:00,-0.5822877413785921
2022-07-04 00:30:00,-0.8569917270206402
2022-07-04 01:00:00,-0.5835907646790631
2022-07-04 01:30:00,-0.7622570562584786
2022-07-04 02:00:00,-0.5301416646683546
2022-07-04 02:30:00,-0.766623649270072
2022-07-04 03:00:00,-0.5508307929638036
2022-07-04 03:30:00,-0.8006924742526422
2022-07-04 04:00:00,-0.525692386761786
2022-07-04 04:30:00,-0.7542663622392957
2022-07-04 05:00:00,-0.5284198093609089
2022-07-04 05:30:00,-0.762514881479511
2022-07-04 06:00:00,-0.5281721908810963
2022-07-04 06:30:00,-0.7338370108164273
2022-07-04 07:00:00,-0.552645616145089
2022-07-04 07:30:00,-0.7818245526304416
2022-07-04 08:00:00,-0.6087104587653891
2022-07-04 08:30:00,-0.8468398262652872
2022-07-04 09:00:00,-0.5698447284050355
2022-07-04 09:30:00,-0.8195556213576609
2022-07-04 10:00:00,-0.5476071752621722
2022-07-04 10:30:00,-0.6313107244425399
2022-07-04 11:00:00,-0.5237032647612265
2022-07-04 11:30:00,-0.6333781667027165
2022-07-04 12:00:00,-0.4937091743979596
2022-07-04 12:30:00,-0.6386889987181265
2022-07-04 13:00:00,-0.5211599999111753
2022-07-04 13:30:00,-0.5597805128303246
2022-07-04 14:00:00,-0.5140717908135172
2022-07-04 14:30:00,-0.6524316294071609
2022-07-04 15:00:00,-0.5594737343919304
2022-07-04 15:30:00,-0.5643327099880368
2022-07-04 16:00:00,-0.5708095423424837
2022-07-04 16:30:00,-0.6157338727649302
2022-07-04 17:00:00,-0.5556654102478089
2022-07-04 17:30:00,-0.646493868573677
2022-07-04 18:00:00,-0.554449260142282
2022-07-04 18:30:00,-0.6602191725835707
2022-07-04 19:00:00,-0.4939979744466062
2022-07-04 19:30:00,-0.6200280336595889
2022-07-04 20:00:00,-0.5031402287466937
2022-07-04 20:30:00,-0.6301978310421203
2022-07-04 21:00:00,-0.48942572392778594
2022-07-04 21:30:00,-0.6684894209051879
2022-07-04 22:00:00,-0.4772833055832693
2022-07-04 22:30:00,-0.777627637145579
2022-07-04 23:00:00,-0.46119966829322245
2022-07-04 23:30:00,-0.7761400650368983
2022-07-05 00:00:00,-0.4129932826423392
2022-07-05 00:30:00,-0.7476418478930923
2022-07-05 01:00:00,-0.4186471825394812
2022-07-05 01:30:00,-0.710200386918926
2022-07-05 02:00:00,-0.40571925898665107
2022-07-05 02:30:00,-0.7044076918530986
2022-07-05 03:00:00,-0.40327331263873795
2022-07-05 03:30:00,-0.6880197612238353
2022-07-05 04:00:00,-0.4012420358196629
2022-07-05 04:30:00,-0.7013416380867408
2022-07-05 05:00:00,-0.4251786006370495
2022-07-05 05:30:00,-0.7140138825815389
2022-07-05 06:00:00,-0.41438304545762067
2022-07-05 06:30:00,-0.7091572940141941
2022-07-05 07:00:00,-0.4227302590624059
2022-07-05 07:30:00,-0.7304026008659015
2022-07-05 08:00:00,-0.4393061616435843
2022-07-05 08:30:00,-0.5836607571207602
2022-07-05 09:00:00,-0.5647434716481579
2022-07-05 09:30:00,-0.6353199614084223
2022-07-05 10:00:00,-0.6320916291415056
2022-07-05 10:30:00,-0.7633254732539574
2022-07-05 11:00:00,-1.4169707108470668
2022-07-05 11:30:00,-1.8512415096569501
2022-07-05 12:00:00,-2.032055349269308
2022-07-05 12:30:00,-1.8910188672803097
2022-07-05 13:00:00,-1.4969262353854742
2022-07-05 13:30:00,-1.6920340996109187
2022-07-05 14:00:00,-1.4877033009834784
2022-07-05 14:30:00,-1.6588295598470026
2022-07-05 15:00:00,-1.4836928585995472
2022-07-05 15:30:00,-2.034041104546814
2022-07-05 16:00:00,-1.99536762027962
2022-07-05 16:30:00,-1.9842091251110348
2022-07-05 17:00:00,-1.857151712512542
2022-07-05 17:30:00,-1.6629936705230248
2022-07-05 18:00:00,-1.3786570854882616
2022-07-05 18:30:00,-0.980360779736353
2022-07-05 19:00:00,-0.7017011242518455
2022-07-05 19:30:00,-0.5971657281944658
2022-07-05 20:00:00,-0.5755295904073496
2022-07-05 20:30:00,-0.5562163589725442
2022-07-05 21:00:00,-0.49970615945653196
2022-07-05 21:30:00,-0.6285533778721597
2022-07-05 22:00:00,-0.49205262022875745
2022-07-05 22:30:00,-0.5133028161587522
2022-07-05 23:00:00,-0.4717102496385982
2022-07-05 23:30:00,-0.46457286083219024
2022-07-06 00:00:00,-0.4165563746042832
2022-07-06 00:30:00,-0.5474093948292832
2022-07-06 01:00:00,-0.43625134713414954
2022-07-06 01:30:00,-0.507816351942862
2022-07-06 02:00:00,-0.43804228408342155
2022-07-06 02:30:00,-0.5229174030167747
2022-07-06 03:00:00,-0.4532683773537968
2022-07-06 03:30:00,-0.5165764672843439
2022-07-06 04:00:00,-0.44371003264521847
2022-07-06 04:30:00,-0.5650894703592426
2022-07-06 05:00:00,-0.4495354089394263
2022-07-06 05:30:00,-0.5364750470639282
2022-07-06 06:00:00,-0.45297844620102057
2022-07-06 06:30:00,-0.5703897389550816
2022-07-06 07:00:00,-0.455504750764758
2022-07-06 07:30:00,-0.5369466882951647
2022-07-06 08:00:00,-0.457213576121269
2022-07-06 08:30:00,-0.5774749477285364
2022-07-06 09:00:00,-0.617183076518839
2022-07-06 09:30:00,-0.8179226260487648
2022-07-06 10:00:00,-0.9484666102840368
2022-07-06 10:30:00,-1.0060191462481274
2022-07-06 11:00:00,-1.0165339204903283
2022-07-06 11:30:00,-1.0390961129108525
2022-07-06 12:00:00,-1.1156838624239307
2022-07-06 12:30:00,-1.1694363143231123
2022-07-06 13:00:00,-1.1072125741059469
2022-07-06 13:30:00,-0.9643628195709942
2022-07-06 14:00:00,-0.877441251819425
2022-07-06 14:30:00,-0.918803096116998
2022-07-06 15:00:00,-0.9760347538044084
2022-07-06 15:30:00,-0.9550702860471062
2022-07-06 16:00:00,-0.9264370519020086
2022-07-06 16:30:00,-0.9074123738320492
2022-07-06 17:00:00,-0.943984303978055
2022-07-06 17:30:00,-1.0484869691182872
2022-07-06 18:00:00,-1.049773005529843
2022-07-06 18:30:00,-0.8999901968942017
2022-07-06 19:00:00,-0.7407945156361517
2022-07-06 19:30:00,-0.6616978681969179
2022-07-06 20:00:00,-0.615410550927019
2022-07-06 20:30:00,-0.5016478311692343
2022-07-06 21:00:00,-0.5395611862239963
2022-07-06 21:30:00,-0.6383972549506225
2022-07-06 22:00:00,-0.5345862186444866
2022-07-06 22:30:00,-0.5651574465741855
2022-07-06 23:00:00,-0.47378474412673804
2022-07-06 23:30:00,-0.504748906196282
2022-07-07 00:00:00,-0.37997177107462554
2022-07-07 00:30:00,-0.6010029639085522
2022-07-07 01:00:00,-0.3508689692298448
2022-07-07 01:30:00,-0.6294735652403989
2022-07-07 02:00:00,-0.3356371879705371
2022-07-07 02:30:00,-0.6086886527607603
2022-07-07 03:00:00,-0.33402021626733114
2022-07-07 03:30:00,-0.6145338029922714
2022-07-07 04:00:00,-0.3855021221452051
2022-07-07 04:30:00,-0.623343216305821
2022-07-07 05:00:00,-0.3980618391507993
2022-07-07 05:30:00,-0.8161118139538517
2022-07-07 06:00:00,-0.4310106004759841
2022-07-07 06:30:00,-0.8650500229224594
2022-07-07 07:00:00,-0.40834399242874947
2022-07-07 07:30:00,-0.7374850795962291
2022-07-07 08:00:00,-0.4416070897521375
2022-07-07 08:30:00,-0.8379580624296418
2022-07-07 09:00:00,-0.6306026157603233
2022-07-07 09:30:00,-0.3147739263527773
2022-07-07 10:00:00,-0.5512502907714663
2022-07-07 10:30:00,-0.882593573715376
2022-07-07 11:00:00,-1.2012149167134536
2022-07-07 11:30:00,-1.3993162149151106
2022-07-07 12:00:00,-1.394737771788829
2022-07-07 12:30:00,-1.385523222222676
2022-07-07 13:00:00,-1.4781859691736303
2022-07-07 13:30:00,-1.4583572482892744
2022-07-07 14:00:00,-1.2670087794311633
2022-07-07 14:30:00,-1.0109489400945175
2022-07-07 15:00:00,-0.7126594307808252
2022-07-07 15:30:00,-0.4890150389737681
2022-07-07 16:00:00,-0.5868793111306662
2022-07-07 16:30:00,-0.9165965902358436
2022-07-07 17:00:00,-1.082168292939595
2022-07-07 17:30:00,-1.0782657818526105
2022-07-07 18:00:00,-0.9294494745544052
2022-07-07 18:30:00,-0.6207513427031027
2022-07-07 19:00:00,-0.7018286603362809
2022-07-07 19:30:00,-0.9237705630690769
2022-07-07 20:00:00,-0.7021688448310549
2022-07-07 20:30:00,-0.9765005720285569
2022-07-07 21:00:00,-0.5114632550952298
2022-07-07 21:30:00,-0.8171875277784737
2022-07-07 22:00:00,-0.529068697100786
2022-07-07 22:30:00,-0.6146481170285213
2022-07-07 23:00:00,-0.5751138090730719
2022-07-07 23:30:00,-0.583710108245672
2022-07-08 00:00:00,-0.3319282965840004
2022-07-08 00:30:00,-0.6371502789033534
2022-07-08 01:00:00,-0.306142814530405
2022-07-08 01:30:00,-0.6408785064754958
2022-07-08 02:00:00,-0.3047209096526048
2022-07-08 02:30:00,-0.6277690661542122
2022-07-08 03:00:00,-0.29920145165211876
2022-07-08 03:30:00,-0.6149514597533535
2022-07-08 04:00:00,-0.39067400427035165
2022-07-08 04:30:00,-0.7606743589079918
2022-07-08 05:00:00,-0.3179292304680731
2022-07-08 05:30:00,-0.7595059316856427
2022-07-08 06:00:00,-0.41389668592186213
2022-07-08 06:30:00,-0.6584700680480609
2022-07-08 07:00:00,-0.5425055761468187
2022-07-08 07:30:00,-0.8390521991593842
2022-07-08 08:00:00,-0.5988677600362212
2022-07-08 08:30:00,-0.871753133591914
2022-07-08 09:00:00,-0.6792744663728572
2022-07-08 09:30:00,-0.7949213311274534
2022-07-08 10:00:00,-0.7410769042323375
2022-07-08 10:30:00,-1.434270323084244
2022-07-08 11:00:00,-1.655971530631063
2022-07-08 11:30:00,-2.2140797624750643
2022-07-08 12:00:00,-1.5026494530260706
2022-07-08 12:30:00,-2.2845307105001544
2022-07-08 13:00:00,-1.3032306101661737
2022-07-08 13:30:00,-1.7571740837475043
2022-07-08 14:00:00,-1.1682238819385662
2022-07-08 14:30:00,-1.5239495117365767
2022-07-08 15:00:00,-1.0445033160101223
2022-07-08 15:30:00,-1.2999229556919283
2022-07-08 16:00:00,-1.2076159579726278
2022-07-08 16:30:00,-1.6519237047761859
2022-07-08 17:00:00,-1.3737732143017043
2022-07-08 17:30:00,-1.732336650019512
2022-07-08 18:00:00,-1.0675083621858135
2022-07-08 18:30:00,-1.1913571167117836
2022-07-08 19:00:00,-1.29798276964957
2022-07-08 19:30:00,-1.3934183362614565
2022-07-08 20:00:00,-0.7653456842519991
2022-07-08 20:30:00,-0.9707483474900175
2022-07-08 21:00:00,-0.5680312236122314
2022-07-08 21:30:00,-0.7062702730003955
2022-07-08 22:00:00,-0.6064943583918092
2022-07-08 22:30:00,-0.5129659304496536
2022-07-08 23:00:00,-0.5701817883420739
2022-07-08 23:30:00,-0.43778095569344466
2022-07-09 00:00:00,-0.40609719899999197
2022-07-09 00:30:00,-0.6858888092385403
2022-07-09 01:00:00,-0.36096644911710746
2022-07-09 01:30:00,-0.6458205318406623
2022-07-09 02:00:00,-0.3404582623150953
2022-07-09 02:30:00,-0.714517601258136
2022-07-09 03:00:00,-0.3462749358447242
2022-07-09 03:30:00,-0.5842430057193808
2022-07-09 04:00:00,-0.32962482549821975
2022-07-09 04:30:00,-0.6416315215465547
2022-07-09 05:00:00,-0.36663067874322813
2022-07-09 05:30:00,-0.6624036207936862
2022-07-09 06:00:00,-0.3543847748981034
2022-07-09 06:30:00,-0.6122100111990023
2022-07-09 07:00:00,-0.4295779520581436
2022-07-09 07:30:00,-0.6622972821745406
2022-07-09 08:00:00,-0.4498914719376805
2022-07-09 08:30:00,-0.8098141797448407
2022-07-09 09:00:00,-0.9281314546832377
2022-07-09 09:30:00,-1.1866092800460517
2022-07-09 10:00:00,-1.113860147486156
2022-07-09 10:30:00,-1.5100821367431516
2022-07-09 11:00:00,-1.630420380942616
2022-07-09 11:30:00,-2.1891272573700333
2022-07-09 12:00:00,-1.7576364163473601
2022-07-09 12:30:00,-2.275865956042357
2022-07-09 13:00:00,-1.5229151837665438
2022-07-09 13:30:00,-1.8210810291800485
2022-07-09 14:00:00,-1.4463046063853446
2022-07-09 14:30:00,-1.7066531160650888
2022-07-09 15:00:00,-1.029420945801764
2022-07-09 15:30:00,-1.2242387759562914
2022-07-09 16:00:00,-1.4333812094805387
2022-07-09 16:30:00,-1.7751710448841314
2022-07-09 17:00:00,-1.3741914830316306
2022-07-09 17:30:00,-1.7463994799976186
2022-07-09 18:00:00,-1.2581034456580158
2022-07-09 18:30:00,-1.3464762044672043
2022-07-09 19:00:00,-1.0317709396894783
2022-07-09 19:30:00,-1.2276137037707073
2022-07-09 20:00:00,-0.7825896858193052
2022-07-09 20:30:00,-0.9497985349537165
2022-07-09 21:00:00,-0.7585305071408567
2022-07-09 21:30:00,-0.8367370889000444
2022-07-09 22:00:00,-0.6847686304309175
2022-07-09 22:30:00,-0.5343642256450113
2022-07-09 23:00:00,-0.5867133625818295
2022-07-09 23:30:00,-0.4768635198204624
2022-07-10 00:00:00,-0.5701889801866893
2022-07-10 00:30:00,-0.6699953110112409
2022-07-10 01:00:00,-0.5605951085311726
2022-07-10 01:30:00,-0.5974016910994314
2022-07-10 02:00:00,-0.49405667838237244
2022-07-10 02:30:00,-0.5868988390056795
2022-07-10 03:00:00,-0.3905194981780915
2022-07-10 03:30:00,-0.5217354346687291
2022-07-10 04:00:00,-0.40236204537890685
2022-07-10 04:30:00,-0.5272639764797147
2022-07-10 05:00:00,-0.3868454714855204
2022-07-10 05:30:00,-0.5186522562458216
2022-07-10 06:00:00,-0.3963548377278105
2022-07-10 06:30:00,-0.6384975866324872
2022-07-10 07:00:00,-0.5438645381795351
2022-07-10 07:30:00,-0.6900816975757713
2022-07-10 08:00:00,-0.4902043591267616
2022-07-10 08:30:00,-0.7527559660078831
2022-07-10 09:00:00,-0.8790474054098476
2022-07-10 09:30:00,-0.903177340361446
2022-07-10 10:00:00,-0.8116189823805836
2022-07-10 10:30:00,-0.9824504535995335
2022-07-10 11:00:00,-1.2703870542553055
2022-07-10 11:30:00,-1.4922018888473714
2022-07-10 12:00:00,-1.7471706781770444
2022-07-10 12:30:00,-1.93696850055408
2022-07-10 13:00:00,-1.7201041243712276
2022-07-10 13:30:00,-1.9326701771317192
2022-07-10 14:00:00,-1.4524319842274815
2022-07-10 14:30:00,-1.8204209693033238
2022-07-10 15:00:00,-0.9880669154473855
2022-07-10 15:30:00,-1.200839384416389
2022-07-10 16:00:00,-1.1229713928961866
2022-07-10 16:30:00,-1.2618084854732088
2022-07-10 17:00:00,-1.3540163455696657
2022-07-10 17:30:00,-1.7667914147428843
2022-07-10 18:00:00,-1.1579541297259675
2022-07-10 18:30:00,-1.2653987583952608
2022-07-10 19:00:00,-1.2611975874047567
2022-07-10 19:30:00,-1.2166915369718623
2022-07-10 20:00:00,-0.753789671521298
2022-07-10 20:30:00,-0.851808603053357
2022-07-10 21:00:00,-0.6952785433463815
2022-07-10 21:30:00,-0.802654234906255
2022-07-10 22:00:00,-0.7029621370747122
2022-07-10 22:30:00,-0.7589332522699079
2022-07-10 23:00:00,-0.6554139464966551
2022-07-10 23:30:00,-0.6952427348372234
2022-07-11 00:00:00,-0.5680676908629847
2022-07-11 00:30:00,-0.7277884019355366
2022-07-11 01:00:00,-0.5169181933227336
2022-07-11 01:30:00,-0.6473453741375773
2022-07-11 02:00:00,-0.4900992664697029
2022-07-11 02:30:00,-0.566608448940831
2022-07-11 03:00:00,-0.46213978522430726
2022-07-11 03:30:00,-0.6242715999612738
2022-07-11 04:00:00,-0.47461600294724215
2022-07-11 04:30:00,-0.6070353485639197
2022-07-11 05:00:00,-0.5533070620555973
2022-07-11 05:30:00,-0.5351427546279947
2022-07-11 06:00:00,-0.46086959281888895
2022-07-11 06:30:00,-0.6328039447203575
2022-07-11 07:00:00,-0.5213055592938397
2022-07-11 07:30:00,-0.6135918146407139
2022-07-11 08:00:00,-0.5412356531968343
2022-07-11 08:30:00,-0.7671334263475694
2022-07-11 09:00:00,-0.9346821061524004
2022-07-11 09:30:00,-0.9574391864740125
2022-07-11 10:00:00,-0.9364629657905107
2022-07-11 10:30:00,-1.0189748348948215
2022-07-11 11:00:00,-1.9635031054314493
2022-07-11 11:30:00,-2.3741556801676724
2022-07-11 12:00:00,-2.024259282394169
2022-07-11 12:30:00,-2.3805502844263127
2022-07-11 13:00:00,-1.4599025587540027
2022-07-11 13:30:00,-1.809910791330323
2022-07-11 14:00:00,-1.4981727722220937
2022-07-11 14:30:00,-1.6513590053172413
2022-07-11 15:00:00,-1.58628141081341
2022-07-11 15:30:00,-1.6476211330734782
2022-07-11 16:00:00,-1.7175217219645043
2022-07-11 16:30:00,-1.6709811935175036
2022-07-11 17:00:00,-1.665501783996039
2022-07-11 17:30:00,-1.6728468336269406
2022-07-11 18:00:00,-1.4600330270156348
2022-07-11 18:30:00,-1.3824165534726804
2022-07-11 19:00:00,-1.2243864901167378
2022-07-11 19:30:00,-1.2277062300447412
2022-07-11 20:00:00,-0.8763285925622966
2022-07-11 20:30:00,-0.8379543173530426
2022-07-11 21:00:00,-0.8623623800171764
2022-07-11 21:30:00,-0.7701570212302365
2022-07-11 22:00:00,-0.8376290555690373
2022-07-11 22:30:00,-0.8253189768465787
2022-07-11 23:00:00,-0.8199797822508442
2022-07-11 23:30:00,-0.856504438757583
2022-07-12 00:00:00,-0.9380218234604957
2022-07-12 00:30:00,-0.9088729629184327
2022-07-12 01:00:00,-0.9608414249998036
2022-07-12 01:30:00,-0.9237369145549081
2022-07-12 02:00:00,-0.96655644655478
2022-07-12 02:30:00,-0.9346005738500768
2022-07-12 03:00:00,-0.9679922475420707
2022-07-12 03:30:00,-0.9596005047156208
2022-07-12 04:00:00,-1.0031111078874668
2022-07-12 04:30:00,-0.9090246983177224
2022-07-12 05:00:00,-0.9520734631286253
2022-07-12 05:30:00,-0.9668899365316218
2022-07-12 06:00:00,-1.0411374782928824
2022-07-12 06:30:00,-0.9866029077025391
2022-07-12 07:00:00,-0.9072494332433887
2022-07-12 07:30:00,-0.6776564668075921
2022-07-12 08:00:00,-0.9480763381855033
2022-07-12 08:30:00,-0.8542158480556685
2022-07-12 09:00:00,-1.6300735348045552
2022-07-12 09:30:00,-1.5380878157237106
2022-07-12 10:00:00,-1.6077614562920548
2022-07-12 10:30:00,-1.4847901605231077
2022-07-12 11:00:00,-1.9867979305519208
2022-07-12 11:30:00,-2.0559042452956504
2022-07-12 12:00:00,-1.8991304054591205
2022-07-12 12:30:00,-2.009170311294492
2022-07-12 13:00:00,-1.4826445233439538
2022-07-12 13:30:00,-1.6788632524760303
2022-07-12 14:00:00,-1.33563447922909
2022-07-12 14:30:00,-1.5290931628690305
2022-07-12 15:00:00,-1.2844681251467127
2022-07-12 15:30:00,-1.6110493916600042
2022-07-12 16:00:00,-1.2835879422661722
2022-07-12 16:30:00,-1.5982542601438703
2022-07-12 17:00:00,-1.2549148341707366
2022-07-12 17:30:00,-1.4982449580438677
2022-07-12 18:00:00,-1.2297506780215146
2022-07-12 18:30:00,-1.3299400687504348
2022-07-12 19:00:00,-1.1972746691337495
2022-07-12 19:30:00,-1.1583942517264985
2022-07-12 20:00:00,-0.8661893477842232
2022-07-12 20:30:00,-0.7956478932532249
2022-07-12 21:00:00,-0.9445288282812399
2022-07-12 21:30:00,-0.8921110411699739
2022-07-12 22:00:00,-1.0901674957712364
2022-07-12 22:30:00,-0.9517800757468315
2022-07-12 23:00:00,-1.05588318887969
2022-07-12 23:30:00,-0.8131461571733386
2022-07-13 00:00:00,-1.0688169977889013
2022-07-13 00:30:00,-0.8903027842423447
2022-07-13 01:00:00,-0.9234986358103342
2022-07-13 01:30:00,-0.8239203337902501
2022-07-13 02:00:00,-0.868072778883854
2022-07-13 02:30:00,-0.7597437358094861
2022-07-13 03:00:00,-0.8496914394736658
2022-07-13 03:30:00,-0.754853162166478
2022-07-13 04:00:00,-0.6271929671505698
2022-07-13 04:30:00,-0.5428132426365695
2022-07-13 05:00:00,-0.6017688846172224
2022-07-13 05:30:00,-0.7593439793310194
2022-07-13 06:00:00,-0.8878345875132796
2022-07-13 06:30:00,-0.612197990654248
2022-07-13 07:00:00,-0.5845706674321395
2022-07-13 07:30:00,-0.6467592905980908
2022-07-13 08:00:00,-0.7397166705459695
2022-07-13 08:30:00,-0.7037546624081805
2022-07-13 09:00:00,-0.7947156031224238
2022-07-13 09:30:00,-0.8593043811337411
2022-07-13 10:00:00,-0.8798674021347948
2022-07-13 10:30:00,-0.9798740863076802
2022-07-13 11:00:00,-1.8310459253556948
2022-07-13 11:30:00,-2.4580167933839605
2022-07-13 12:00:00,-1.8608515160155854
2022-07-13 12:30:00,-2.356887037622315
2022-07-13 13:00:00,-1.365340714189163
2022-07-13 13:30:00,-0.8969528893017531
2022-07-13 14:00:00,-0.8891923637144892
2022-07-13 14:30:00,-1.1033541019708961
2022-07-13 15:00:00,-1.2906020640994231
2022-07-13 15:30:00,-1.4898026332055125
2022-07-13 16:00:00,-1.3888768840435546
2022-07-13 16:30:00,-1.55833201234815
2022-07-13 17:00:00,-1.7459872412173685
2022-07-13 17:30:00,-1.610160749234392
2022-07-13 18:00:00,-1.434182775082181
2022-07-13 18:30:00,-1.1816434283333808
2022-07-13 19:00:00,-1.0009159086989776
2022-07-13 19:30:00,-1.1175597943919877
2022-07-13 20:00:00,-0.7009082305319656
2022-07-13 20:30:00,-0.8496504560405042
2022-07-13 21:00:00,-0.8508302121095335
2022-07-13 21:30:00,-0.8349960851292004
2022-07-13 22:00:00,-0.7108620234583459
2022-07-13 22:30:00,-0.8927669245420282
2022-07-13 23:00:00,-0.7497397883945353
2022-07-13 23:30:00,-0.7887684361621362
2022-07-14 00:00:00,-0.577961032301549
2022-07-14 00:30:00,-0.8191888608976808
2022-07-14 01:00:00,-0.5928575058264703
2022-07-14 01:30:00,-0.7577440925491308
2022-07-14 02:00:00,-0.5315982173804528
2022-07-14 02:30:00,-0.6508143559922986
2022-07-14 03:00:00,-0.6114353633206079
2022-07-14 03:30:00,-0.6741039853951034
2022-07-14 04:00:00,-0.7045782732970528
2022-07-14 04:30:00,-0.6821024300923814
2022-07-14 05:00:00,-0.6065152599752822
2022-07-14 05:30:00,-0.6420311434032179
2022-07-14 06:00:00,-0.6747702745241847
2022-07-14 06:30:00,-0.6464382784229847
2022-07-14 07:00:00,-0.6154286581515342
2022-07-14 07:30:00,-0.6620490296444091
2022-07-14 08:00:00,-0.616933248365764
2022-07-14 08:30:00,-0.6303989615588889
2022-07-14 09:00:00,-0.8345705482446827
2022-07-14 09:30:00,-0.8212276364123133
2022-07-14 10:00:00,-1.0063138980212811
2022-07-14 10:30:00,-1.602991382366091
2022-07-14 11:00:00,-1.9529198803248928
2022-07-14 11:30:00,-1.8854899473490847
2022-07-14 12:00:00,-1.6910992770232431
2022-07-14 12:30:00,-1.5464459363142755
2022-07-14 13:00:00,-1.3798080107370465
2022-07-14 13:30:00,-1.108153085883588
2022-07-14 14:00:00,-0.8776984839762811
2022-07-14 14:30:00,-0.8490591995730188
2022-07-14 15:00:00,-0.9438376248896816
2022-07-14 15:30:00,-0.9911972757839104
2022-07-14 16:00:00,-0.9985799551802474
2022-07-14 16:30:00,-0.9845647350646516
2022-07-14 17:00:00,-1.0419658490478996
2022-07-14 17:30:00,-0.9668313954006575
2022-07-14 18:00:00,-0.6566334489560407
2022-07-14 18:30:00,-0.3682858763897433
2022-07-14 19:00:00,-0.7819695034074718
2022-07-14 19:30:00,-1.192148377120082
2022-07-14 20:00:00,-0.6444573861451015
2022-07-14 20:30:00,-1.0087104088807477
2022-07-14 21:00:00,-0.718663237610463
2022-07-14 21:30:00,-0.9647423277103634
2022-07-14 22:00:00,-0.8301841516811119
2022-07-14 22:30:00,-0.805180562474659
2022-07-14 23:00:00,-0.6491885783790066
2022-07-14 23:30:00,-0.7286171088879805
2022-07-15 00:00:00,-0.7198092000883689
2022-07-15 00:30:00,-0.7697813696869408
2022-07-15 01:00:00,-0.5289869491660144
2022-07-15 01:30:00,-0.6799767939839108
2022-07-15 02:00:00,-0.4872148362459515
2022-07-15 02:30:00,-0.5861826751138259
2022-07-15 03:00:00,-0.4875291004647868
2022-07-15 03:30:00,-0.5966622720277838
2022-07-15 04:00:00,-0.5484667745074736
2022-07-15 04:30:00,-0.613544181080868
2022-07-15 05:00:00,-0.5722214090927679
2022-07-15 05:30:00,-0.615291782370701
2022-07-15 06:00:00,-0.565208702919667
2022-07-15 06:30:00,-0.6160812092767568
2022-07-15 07:00:00,-0.6121715298210135
2022-07-15 07:30:00,-0.6529288705034487
2022-07-15 08:00:00,-0.6181160890678155
2022-07-15 08:30:00,-0.7057238249694748
2022-07-15 09:00:00,-0.8695107008579727
2022-07-15 09:30:00,-0.9989956923651039
2022-07-15 10:00:00,-1.0922056014387973
2022-07-15 10:30:00,-1.3695165291307911
2022-07-15 11:00:00,-1.6054714128671554
2022-07-15 11:30:00,-1.5967672534715696
2022-07-15 12:00:00,-1.5053959048224264
2022-07-15 12:30:00,-1.3299466030225031
2022-07-15 13:00:00,-1.0858510396311791
2022-07-15 13:30:00,-0.8538473109762189
2022-07-15 14:00:00,-0.7289973274631285
2022-07-15 14:30:00,-0.7426194442054982
2022-07-15 15:00:00,-0.8141278237258341
2022-07-15 15:30:00,-0.8466826236325417
2022-07-15 16:00:00,-0.840728899849935
2022-07-15 16:30:00,-0.7909132586768733
2022-07-15 17:00:00,-0.8156115574405587
2022-07-15 17:30:00,-0.7635436703813206
2022-07-15 18:00:00,-0.5044996191506397
2022-07-15 18:30:00,-0.2601144476568051
2022-07-15 19:00:00,-0.1889489365758687
2022-07-15 19:30:00,-0.2383322601028028
2022-07-15 20:00:00,-0.2953260683583957
2022-07-15 20:30:00,-0.2798817022117235
2022-07-15 21:00:00,-0.7028454520340952
2022-07-15 21:30:00,-0.8812718435893548
2022-07-15 22:00:00,-0.7702973401605021
2022-07-15 22:30:00,-0.8737511320518226
2022-07-15 23:00:00,-0.8278122410078008
2022-07-15 23:30:00,-0.8874061894572174
2022-07-16 00:00:00,-0.8599187827692835
2022-07-16 00:30:00,-0.92389813396498
2022-07-16 01:00:00,-0.8803958717444683
2022-07-16 01:30:00,-0.9104314359766112
2022-07-16 02:00:00,-0.8716076031712536
2022-07-16 02:30:00,-0.9559026058611115
2022-07-16 03:00:00,-0.7863944578825292
2022-07-16 03:30:00,-0.7962266140904599
2022-07-16 04:00:00,-0.8388735356892029
2022-07-16 04:30:00,-0.9727423225393586
2022-07-16 05:00:00,-0.8705854575805492
2022-07-16 05:30:00,-0.8351463962315562
2022-07-16 06:00:00,-0.5096664932847075
2022-07-16 06:30:00,-0.6091288346098114
2022-07-16 07:00:00,-0.4824208443587164
2022-07-16 07:30:00,-0.6079182907298022
2022-07-16 08:00:00,-0.5745090645509193
2022-07-16 08:30:00,-0.8806125989915897
2022-07-16 09:00:00,-1.126205047871852
2022-07-16 09:30:00,-1.0879065461699995
2022-07-16 10:00:00,-0.9744998350324819
2022-07-16 10:30:00,-1.0153583082853008
2022-07-16 11:00:00,-0.7899255425310775
2022-07-16 11:30:00,-0.9012522996775388
2022-07-16 12:00:00,-1.035543778489561
2022-07-16 12:30:00,-1.1187798975981256
2022-07-16 13:00:00,-1.0819095915195425
2022-07-16 13:30:00,-0.9253313542588252
2022-07-16 14:00:00,-0.7611957723037717
2022-07-16 14:30:00,-0.7115583519217016
2022-07-16 15:00:00,-0.7452145401172885
2022-07-16 15:30:00,-0.7598479390404558
2022-07-16 16:00:00,-0.7583730161449737
2022-07-16 16:30:00,-0.7486267014875435
2022-07-16 17:00:00,-0.7594693052971483
2022-07-16 17:30:00,-0.7643647947944151
2022-07-16 18:00:00,-0.7068879625758155
2022-07-16 18:30:00,-0.5539675269707217
2022-07-16 19:00:00,-0.4228657401057506
2022-07-16 19:30:00,-0.9311884629803496
2022-07-16 20:00:00,-0.8541403705496413
2022-07-16 20:30:00,-0.9612986214870447
2022-07-16 21:00:00,-1.0123990117184611
2022-07-16 21:30:00,-1.045019003933389
2022-07-16 22:00:00,-0.8866359310010474
2022-07-16 22:30:00,-0.9620318960284603
2022-07-16 23:00:00,-0.6797451817519906
2022-07-16 23:30:00,-0.7182444058629665
2022-07-17 00:00:00,-0.7108078918741826
2022-07-17 00:30:00,-0.716990021785563
2022-07-17 01:00:00,-0.6948118916884667
2022-07-17 01:30:00,-0.7252686073622223
2022-07-17 02:00:00,-0.7590826468023145
2022-07-17 02:30:00,-0.6364205641630676
2022-07-17 03:00:00,-0.5756422742619925
2022-07-17 03:30:00,-0.6479940992296521
2022-07-17 04:00:00,-0.5176985418224147
2022-07-17 04:30:00,-0.5915812720863635
2022-07-17 05:00:00,-0.5444449537955078
2022-07-17 05:30:00,-0.6677564142136112
2022-07-17 06:00:00,-0.5956969812083214
2022-07-17 06:30:00,-0.6335582578329843
2022-07-17 07:00:00,-0.5731933832565728
2022-07-17 07:30:00,-0.5977187605422123
2022-07-17 08:00:00,-0.5881197739274382
2022-07-17 08:30:00,-0.7178785387914393
2022-07-17 09:00:00,-0.8228646808158065
2022-07-17 09:30:00,-0.8524207243598265
2022-07-17 10:00:00,-1.2681053930816246
2022-07-17 10:30:00,-1.2563694037544773
2022-07-17 11:00:00,-1.973629509857789
2022-07-17 11:30:00,-1.734013453113764
2022-07-17 12:00:00,-2.0673828802820013
2022-07-17 12:30:00,-2.199976825047435
2022-07-17 13:00:00,-2.1301164383079576
2022-07-17 13:30:00,-1.941645839739874
2022-07-17 14:00:00,-1.8275805770049507
2022-07-17 14:30:00,-1.909321297624284
2022-07-17 15:00:00,-2.0277275861203603
2022-07-17 15:30:00,-1.9999269904699424
2022-07-17 16:00:00,-1.9198069975714136
2022-07-17 16:30:00,-1.9963150618015135
2022-07-17 17:00:00,-2.004718473789694
2022-07-17 17:30:00,-1.6526157281388154
2022-07-17 18:00:00,-1.2803879455947134
2022-07-17 18:30:00,-1.1176018176115683
2022-07-17 19:00:00,-1.4433101704143394
2022-07-17 19:30:00,-1.3703621464707254
2022-07-17 20:00:00,-1.269068187666052
2022-07-17 20:30:00,-1.2531286639958796
2022-07-17 21:00:00,-0.8857013416708994
2022-07-17 21:30:00,-0.8270386141392337
2022-07-17 22:00:00,-0.9035423598830296
2022-07-17 22:30:00,-0.9066153152706511
2022-07-17 23:00:00,-0.8178981041055207
2022-07-17 23:30:00,-0.7701044070389278
2022-07-18 00:00:00,-0.7352701995323736
2022-07-18 00:30:00,-0.820760087182702
2022-07-18 01:00:00,-0.715590116304105
2022-07-18 01:30:00,-0.7995783049691424
2022-07-18 02:00:00,-0.7196043329498832
2022-07-18 02:30:00,-0.7604500459898748
2022-07-18 03:00:00,-0.6715740418063656
2022-07-18 03:30:00,-0.731798019217666
2022-07-18 04:00:00,-0.6548952827288685
2022-07-18 04:30:00,-0.6555673440888883
2022-07-18 05:00:00,-0.6932171080749243
2022-07-18 05:30:00,-0.6773982814585707
2022-07-18 06:00:00,-0.6961393341419049
2022-07-18 06:30:00,-0.6796000040571386
2022-07-18 07:00:00,-0.7195883508713337
2022-07-18 07:30:00,-0.6913988736346829
2022-07-18 08:00:00,-0.7998399065376666
2022-07-18 08:30:00,-0.7860271791265029
2022-07-18 09:00:00,-0.872584058266588
2022-07-18 09:30:00,-0.9359493189096336
2022-07-18 10:00:00,-0.9688354624587332
2022-07-18 10:30:00,-0.9538471603214684
2022-07-18 11:00:00,-0.9215760295615322
2022-07-18 11:30:00,-0.967552581096473
2022-07-18 12:00:00,-1.1231502674755731
2022-07-18 12:30:00,-1.3414239085896005
2022-07-18 13:00:00,-1.6364387286932958
2022-07-18 13:30:00,-1.9800849496748163
2022-07-18 14:00:00,-2.3354266861399204
2022-07-18 14:30:00,-1.886388140765677
2022-07-18 15:00:00,-1.651860312832281
2022-07-18 15:30:00,-1.4447365656719384
2022-07-18 16:00:00,-1.2843044421635221
2022-07-18 16:30:00,-0.930159150249628
2022-07-18 17:00:00,-0.8767851146999839
2022-07-18 17:30:00,-0.9300198218944874
2022-07-18 18:00:00,-1.0131571205660461
2022-07-18 18:30:00,-1.0293727888142257
2022-07-18 19:00:00,-1.149161373674916
2022-07-18 19:30:00,-1.2629395328043211
2022-07-18 20:00:00,-1.0269494236887102
2022-07-18 20:30:00,-1.0239096033267534
2022-07-18 21:00:00,-0.8083519850073642
2022-07-18 21:30:00,-0.6152974145172645
2022-07-18 22:00:00,-0.5038585841978958
2022-07-18 22:30:00,-0.4918970973929234
2022-07-18 23:00:00,-0.4920515850563104
2022-07-18 23:30:00,-0.4185733772692119
2022-07-19 00:00:00,-0.3135563378328161
2022-07-19 00:30:00,-0.3274893434886357
2022-07-19 01:00:00,-0.6784942140919518
2022-07-19 01:30:00,-0.7303081776070386
2022-07-19 02:00:00,-0.6484728972567376
2022-07-19 02:30:00,-0.613852023709735
2022-07-19 03:00:00,-0.5722988083659217
2022-07-19 03:30:00,-0.6384446083707749
2022-07-19 04:00:00,-0.5609811017782118
2022-07-19 04:30:00,-0.6097243542735865
2022-07-19 05:00:00,-0.44436082942395233
2022-07-19 05:30:00,-0.5760670244764892
2022-07-19 06:00:00,-0.5439076162479699
2022-07-19 06:30:00,-0.6947627790266381
2022-07-19 07:00:00,-0.5587933592577524
2022-07-19 07:30:00,-0.6105599566337513
2022-07-19 08:00:00,-0.9144687841130432
2022-07-19 08:30:00,-1.169376022394929
2022-07-19 09:00:00,-1.2854194915723969
2022-07-19 09:30:00,-1.3612931665691723
2022-07-19 10:00:00,-1.4929665282433806
2022-07-19 10:30:00,-1.883417958337696
2022-07-19 11:00:00,-2.425265129448745
2022-07-19 11:30:00,-2.804842899727762
2022-07-19 12:00:00,-3.042006705208
2022-07-19 12:30:00,-2.8843399860807826
2022-07-19 13:00:00,-2.262810830426521
2022-07-19 13:30:00,-1.6992774965435822
2022-07-19 14:00:00,-1.4760577278558935
2022-07-19 14:30:00,-1.563465432447557
2022-07-19 15:00:00,-1.800359108678355
2022-07-19 15:30:00,-1.9415224267501945
2022-07-19 16:00:00,-2.034383161798548
2022-07-19 16:30:00,-2.0609190247745746
2022-07-19 17:00:00,-1.9041108993138671
2022-07-19 17:30:00,-1.538318345601232
2022-07-19 18:00:00,-1.2006898291668322
2022-07-19 18:30:00,-1.027524415269499
2022-07-19 19:00:00,-0.9293709956436428
2022-07-19 19:30:00,-1.311666372092133
2022-07-19 20:00:00,-0.9252654961883371
2022-07-19 20:30:00,-0.8015396787773635
2022-07-19 21:00:00,-0.919676979920788
2022-07-19 21:30:00,-1.0421120847869836
2022-07-19 22:00:00,-0.8937807226552702
2022-07-19 22:30:00,-0.8235200502395172
2022-07-19 23:00:00,-0.726399881431583
2022-07-19 23:30:00,-0.6872410147071851
2022-07-20 00:00:00,-0.6319660885345353
2022-07-20 00:30:00,-0.6171525386467903
2022-07-20 01:00:00,-0.6329917365973136
2022-07-20 01:30:00,-0.703471646526462
2022-07-20 02:00:00,-0.5861670204228995
2022-07-20 02:30:00,-0.6263140642336624
2022-07-20 03:00:00,-0.5683752755387141
2022-07-20 03:30:00,-0.6017491015744614
2022-07-20 04:00:00,-0.4468105871776034
2022-07-20 04:30:00,-0.6170771671326264
2022-07-20 05:00:00,-0.427436909443685
2022-07-20 05:30:00,-0.6014192227269104
2022-07-20 06:00:00,-0.44184468976721136
2022-07-20 06:30:00,-0.6492942885264068
2022-07-20 07:00:00,-0.44251580364990595
2022-07-20 07:30:00,-0.6418422163709405
2022-07-20 08:00:00,-0.44437257088153204
2022-07-20 08:30:00,-0.678554274747878
2022-07-20 09:00:00,-0.5235590959348226
2022-07-20 09:30:00,-0.8097495660926989
2022-07-20 10:00:00,-1.3116594361829783
2022-07-20 10:30:00,-2.1817542609288787
2022-07-20 11:00:00,-3.0588435244754852
2022-07-20 11:30:00,-3.23775013701531
2022-07-20 12:00:00,-2.901762218926347
2022-07-20 12:30:00,-2.317607465687596
2022-07-20 13:00:00,-1.6561117579161262
2022-07-20 13:30:00,-1.208020286166671
2022-07-20 14:00:00,-1.1131152457307103
2022-07-20 14:30:00,-1.1500287395985904
2022-07-20 15:00:00,-1.046071849176032
2022-07-20 15:30:00,-0.9505715001892492
2022-07-20 16:00:00,-1.0049020400534343
2022-07-20 16:30:00,-1.1203031007883075
2022-07-20 17:00:00,-1.164510868566245
2022-07-20 17:30:00,-1.066451809302603
2022-07-20 18:00:00,-0.936511064975065
2022-07-20 18:30:00,-0.8726294701042947
2022-07-20 19:00:00,-0.848342560800659
2022-07-20 19:30:00,-0.8066614450405231
2022-07-20 20:00:00,-0.7010087834415213
2022-07-20 20:30:00,-0.5172157777179
2022-07-20 21:00:00,-0.3105330324511292
2022-07-20 21:30:00,-0.1485718961616957
2022-07-20 22:00:00,-0.7605870208508257
2022-07-20 22:30:00,-0.9006162020248216
2022-07-20 23:00:00,-0.7747836290168482
2022-07-20 23:30:00,-0.8805132268726219
2022-07-21 00:00:00,-0.9046388521001119
2022-07-21 00:30:00,-0.9345988576377106
2022-07-21 01:00:00,-0.8790147589329096
2022-07-21 01:30:00,-0.8166939444684376
2022-07-21 02:00:00,-0.8921415830588159
2022-07-21 02:30:00,-0.792005541176323
2022-07-21 03:00:00,-0.7688526497101307
2022-07-21 03:30:00,-0.5574922333354941
2022-07-21 04:00:00,-0.6004355951261386
2022-07-21 04:30:00,-0.5867371521960463
2022-07-21 05:00:00,-0.538556385161573
2022-07-21 05:30:00,-0.5498042732205891
2022-07-21 06:00:00,-0.54004348328918
2022-07-21 06:30:00,-0.5698480067769023
2022-07-21 07:00:00,-0.5967726588267659
2022-07-21 07:30:00,-0.6396563239592488
2022-07-21 08:00:00,-0.7185397467533032
2022-07-21 08:30:00,-0.7547442666824793
2022-07-21 09:00:00,-0.9849512159614696
2022-07-21 09:30:00,-1.1535054629579475
2022-07-21 10:00:00,-0.6299582757551362
2022-07-21 10:30:00,-0.9329981915535496
2022-07-21 11:00:00,-1.1709025940954416
2022-07-21 11:30:00,-1.302020469349209
2022-07-21 12:00:00,-1.419498104366128
2022-07-21 12:30:00,-1.4363258716673877
2022-07-21 13:00:00,-1.2580832573318048
2022-07-21 13:30:00,-1.0259437130841862
2022-07-21 14:00:00,-0.9332072511648905
2022-07-21 14:30:00,-1.021097810162612
2022-07-21 15:00:00,-1.1069877324780506
2022-07-21 15:30:00,-1.076843754427925
2022-07-21 16:00:00,-1.047049980806678
2022-07-21 16:30:00,-1.1157523979835833
2022-07-21 17:00:00,-1.1539789915598804
2022-07-21 17:30:00,-1.0035398005160014
2022-07-21 18:00:00,-0.8278008681984742
2022-07-21 18:30:00,-0.7466855748334729
2022-07-21 19:00:00,-0.7011483383396029
2022-07-21 19:30:00,-0.6427652167374629
2022-07-21 20:00:00,-0.5765757896522092
2022-07-21 20:30:00,-0.4846130486372412
2022-07-21 21:00:00,-1.1681712938045181
2022-07-21 21:30:00,-0.8724692513686957
2022-07-21 22:00:00,-1.0805392910874219
2022-07-21 22:30:00,-0.8964553851290712
2022-07-21 23:00:00,-0.8014275969927489
2022-07-21 23:30:00,-0.8201132989194606
2022-07-22 00:00:00,-0.5993906028962281
2022-07-22 00:30:00,-0.8681814739887739
2022-07-22 01:00:00,-0.6198108881869098
2022-07-22 01:30:00,-0.824158360492209
2022-07-22 02:00:00,-0.6041042798683038
2022-07-22 02:30:00,-0.7604830949474497
2022-07-22 03:00:00,-0.5999898814044995
2022-07-22 03:30:00,-0.7118297114316741
2022-07-22 04:00:00,-1.1551224353973324
2022-07-22 04:30:00,-0.49509145800666277
2022-07-22 05:00:00,-1.1849561657632628
2022-07-22 05:30:00,-0.5891694566584585
2022-07-22 06:00:00,-0.9802275587352178
2022-07-22 06:30:00,-0.6315747478299238
2022-07-22 07:00:00,-0.9342885433371305
2022-07-22 07:30:00,-0.7952665355621075
2022-07-22 08:00:00,-1.1261684499882814
2022-07-22 08:30:00,-0.7615100218525644
2022-07-22 09:00:00,-1.1118923412110966
2022-07-22 09:30:00,-0.8385174549033826
2022-07-22 10:00:00,-1.3623500364644203
2022-07-22 10:30:00,-1.1538516461920805
2022-07-22 11:00:00,-1.4487635630230224
2022-07-22 11:30:00,-2.4169191680465643
2022-07-22 12:00:00,-1.6757859033820477
2022-07-22 12:30:00,-2.450513028986359
2022-07-22 13:00:00,-1.5915051261652058
2022-07-22 13:30:00,-1.290157271732675
2022-07-22 14:00:00,-1.212864785174067
2022-07-22 14:30:00,-1.0368991160190673
2022-07-22 15:00:00,-0.6373209970207676
2022-07-22 15:30:00,-0.9495229629697698
2022-07-22 16:00:00,-0.6278195276089183
2022-07-22 16:30:00,-0.8582938999076185
2022-07-22 17:00:00,-0.5058506697356944
2022-07-22 17:30:00,-0.699438617000138
2022-07-22 18:00:00,-0.5923471991657937
2022-07-22 18:30:00,-0.7857318201898262
2022-07-22 19:00:00,-0.7811406113376711
2022-07-22 19:30:00,-0.9319131170609516
2022-07-22 20:00:00,-0.5974103938226364
2022-07-22 20:30:00,-0.7806753093670601
2022-07-22 21:00:00,-0.4822910185737592
2022-07-22 21:30:00,-0.8239362626890153
2022-07-22 22:00:00,-0.5666105799399245
2022-07-22 22:30:00,-0.7572022921488311
2022-07-22 23:00:00,-0.5429249067691425
2022-07-22 23:30:00,-0.7448923181085765
2022-07-23 00:00:00,-0.5300723092772155
2022-07-23 00:30:00,-0.8311973399582062
2022-07-23 01:00:00,-0.47179352469612235
2022-07-23 01:30:00,-0.8591310218197412
2022-07-23 02:00:00,-0.45973814103477845
2022-07-23 02:30:00,-0.7732542509927214
2022-07-23 03:00:00,-0.44970569639739894
2022-07-23 03:30:00,-0.7869971882339474
2022-07-23 04:00:00,-0.4951537397383337
2022-07-23 04:30:00,-0.7780910846666853
2022-07-23 05:00:00,-0.4872088752108009
2022-07-23 05:30:00,-0.771889505907101
2022-07-23 06:00:00,-0.4795197352926051
2022-07-23 06:30:00,-0.7858962869502248
2022-07-23 07:00:00,-0.47968778162014525
2022-07-23 07:30:00,-0.7858629134155422
2022-07-23 08:00:00,-0.48457703377285677
2022-07-23 08:30:00,-0.8091702406964297
2022-07-23 09:00:00,-0.5515133270399162
2022-07-23 09:30:00,-0.6699436949676542
2022-07-23 10:00:00,-0.5779996254535799
2022-07-23 10:30:00,-1.0420310660129355
2022-07-23 11:00:00,-1.7904113455921378
2022-07-23 11:30:00,-2.407758021171949
2022-07-23 12:00:00,-1.8624954803744727
2022-07-23 12:30:00,-2.5084440465322353
2022-07-23 13:00:00,-1.1504388220746444
2022-07-23 13:30:00,-1.5853697323697182
2022-07-23 14:00:00,-1.0748413852192287
2022-07-23 14:30:00,-1.5268690186939673
2022-07-23 15:00:00,-0.9109301794666438
2022-07-23 15:30:00,-1.3399592248636543
2022-07-23 16:00:00,-1.074089592358019
2022-07-23 16:30:00,-1.6651321459422765
2022-07-23 17:00:00,-1.0772700179122767
2022-07-23 17:30:00,-1.295729801162886
2022-07-23 18:00:00,-0.9268540934726797
2022-07-23 18:30:00,-1.0599388378213674
2022-07-23 19:00:00,-0.9757994880269085
2022-07-23 19:30:00,-1.4703968292612513
2022-07-23 20:00:00,-0.9258696211714147
2022-07-23 20:30:00,-1.1532938030766018
2022-07-23 21:00:00,-0.7024650084077223
2022-07-23 21:30:00,-0.8624123420274467
2022-07-23 22:00:00,-0.6578588039420219
2022-07-23 22:30:00,-0.8051249372051457
2022-07-23 23:00:00,-0.5978871325664332
2022-07-23 23:30:00,-0.6806668662057751
2022-07-24 00:00:00,-0.3741407914580973
2022-07-24 00:30:00,-0.6981765398114316
2022-07-24 01:00:00,-0.337904622192371
2022-07-24 01:30:00,-0.666068528839179
2022-07-24 02:00:00,-0.28016181275147545
2022-07-24 02:30:00,-0.6598620646860153
2022-07-24 03:00:00,-0.34022060574450796
2022-07-24 03:30:00,-0.6834842236090725
2022-07-24 04:00:00,-0.3500501414075798
2022-07-24 04:30:00,-0.7020903897699035
2022-07-24 05:00:00,-0.39650087233489684
2022-07-24 05:30:00,-0.6872351713084811
2022-07-24 06:00:00,-0.4242094966628061
2022-07-24 06:30:00,-0.6449447248663951
2022-07-24 07:00:00,-0.4658234699086071
2022-07-24 07:30:00,-0.7046631488080892
2022-07-24 08:00:00,-0.4715713430869699
2022-07-24 08:30:00,-0.6708601112514059
2022-07-24 09:00:00,-0.6633172163790881
2022-07-24 09:30:00,-0.8758553560129372
2022-07-24 10:00:00,-0.7832357653709672
2022-07-24 10:30:00,-0.9973121719494205
2022-07-24 11:00:00,-1.7604872128446607
2022-07-24 11:30:00,-2.1428444680271816
2022-07-24 12:00:00,-1.3920006771381133
2022-07-24 12:30:00,-1.9701258912140884
2022-07-24 13:00:00,-1.136882424478521
2022-07-24 13:30:00,-1.7399687606230798
2022-07-24 14:00:00,-1.0930477702478105
2022-07-24 14:30:00,-1.6075819777627
2022-07-24 15:00:00,-0.9682886757324982
2022-07-24 15:30:00,-1.2004454194169774
2022-07-24 16:00:00,-1.0783177223148206
2022-07-24 16:30:00,-1.4386661090477784
2022-07-24 17:00:00,-1.0695307873760658
2022-07-24 17:30:00,-1.475423626164382
2022-07-24 18:00:00,-1.1950430789717654
2022-07-24 18:30:00,-1.389772682132911
2022-07-24 19:00:00,-1.189690499526932
2022-07-24 19:30:00,-1.3983165953938712
2022-07-24 20:00:00,-0.8579747090665221
2022-07-24 20:30:00,-1.1367698929898542
2022-07-24 21:00:00,-0.892283774319682
2022-07-24 21:30:00,-1.1097823189547675
2022-07-24 22:00:00,-0.7858054061703658
2022-07-24 22:30:00,-0.8292535131826088
2022-07-24 23:00:00,-0.7811025416713825
2022-07-24 23:30:00,-0.9048632528848405
2022-07-25 00:00:00,-0.6876158874834719
2022-07-25 00:30:00,-0.796104309448126
2022-07-25 01:00:00,-0.7069752888597128
2022-07-25 01:30:00,-0.7999056428407374
2022-07-25 02:00:00,-0.6742045355765879
2022-07-25 02:30:00,-0.8093985402506851
2022-07-25 03:00:00,-0.5029131867681177
2022-07-25 03:30:00,-0.7100008812130283
2022-07-25 04:00:00,-0.540357185040992
2022-07-25 04:30:00,-0.7019587352493559
2022-07-25 05:00:00,-0.5321141122783375
2022-07-25 05:30:00,-0.7434590029712211
2022-07-25 06:00:00,-0.592425675690509
2022-07-25 06:30:00,-0.703803157850207
2022-07-25 07:00:00,-0.6485347667313788
2022-07-25 07:30:00,-0.7887469276068476
2022-07-25 08:00:00,-0.76511279189005
2022-07-25 08:30:00,-0.8643448461405281
2022-07-25 09:00:00,-0.7692860664131829
2022-07-25 09:30:00,-0.8473528213572383
2022-07-25 10:00:00,-0.9217504302774766
2022-07-25 10:30:00,-1.089184142778392
2022-07-25 11:00:00,-1.8678771648170218
2022-07-25 11:30:00,-2.2970326280146915
2022-07-25 12:00:00,-1.8278024683344096
2022-07-25 12:30:00,-2.2972793926063697
2022-07-25 13:00:00,-1.4461779832619186
2022-07-25 13:30:00,-1.865077109045793
2022-07-25 14:00:00,-1.174987613307719
2022-07-25 14:30:00,-1.94657485736369
2022-07-25 15:00:00,-0.9308278044556323
2022-07-25 15:30:00,-1.0760916510301015
2022-07-25 16:00:00,-1.1171768201414378
2022-07-25 16:30:00,-1.71330445847501
2022-07-25 17:00:00,-1.164670326746539
2022-07-25 17:30:00,-1.285056063808716
2022-07-25 18:00:00,-0.7701030055225699
2022-07-25 18:30:00,-0.9399276536077379
2022-07-25 19:00:00,-0.7645718710716953
2022-07-25 19:30:00,-0.8445324714461756
2022-07-25 20:00:00,-0.7217448418560288
2022-07-25 20:30:00,-0.9448364960935183
2022-07-25 21:00:00,-0.7880418111950324
2022-07-25 21:30:00,-0.9510057305816702
2022-07-25 22:00:00,-0.6931384503167682
2022-07-25 22:30:00,-0.8372268004781793
2022-07-25 23:00:00,-0.726068791957955
2022-07-25 23:30:00,-0.7911466079966025
2022-07-26 00:00:00,-0.5421854195683907
2022-07-26 00:30:00,-0.8312640123752238
2022-07-26 01:00:00,-0.5411286093389188
2022-07-26 01:30:00,-0.7699585599440697
2022-07-26 02:00:00,-0.5387331532846524
2022-07-26 02:30:00,-0.7579214827234675
2022-07-26 03:00:00,-0.5184848395128097
2022-07-26 03:30:00,-0.7394275971869544
2022-07-26 04:00:00,-0.5264567267917538
2022-07-26 04:30:00,-0.7483642078518008
2022-07-26 05:00:00,-0.5355898566222919
2022-07-26 05:30:00,-0.7428106231116584
2022-07-26 06:00:00,-0.5412355235566918
2022-07-26 06:30:00,-0.7492161487125331
2022-07-26 07:00:00,-0.5600952147953753
2022-07-26 07:30:00,-0.7868474025239243
2022-07-26 08:00:00,-0.6293116341548735
2022-07-26 08:30:00,-0.8281456959079492
2022-07-26 09:00:00,-0.7810544617893727
2022-07-26 09:30:00,-0.9787968655947035
2022-07-26 10:00:00,-1.3258648529942783
2022-07-26 10:30:00,-1.4879895536017762
2022-07-26 11:00:00,-1.9510304520088977
2022-07-26 11:30:00,-2.3284248577977835
2022-07-26 12:00:00,-1.8572566174028773
2022-07-26 12:30:00,-2.3330864134130915
2022-07-26 13:00:00,-1.6661743098098472
2022-07-26 13:30:00,-2.021281235630019
2022-07-26 14:00:00,-1.252157208976027
2022-07-26 14:30:00,-1.4680610789965787
2022-07-26 15:00:00,-1.2540474769347374
2022-07-26 15:30:00,-1.593829973368388
2022-07-26 16:00:00,-1.4143493364714237
2022-07-26 16:30:00,-1.899225497019532
2022-07-26 17:00:00,-1.0945353011274979
2022-07-26 17:30:00,-1.323569504833486
2022-07-26 18:00:00,-1.2576971380625404
2022-07-26 18:30:00,-1.5303270902175106
2022-07-26 19:00:00,-1.2204104353481142
2022-07-26 19:30:00,-1.4001123197202465
2022-07-26 20:00:00,-0.98423714159601
2022-07-26 20:30:00,-1.3113164879481167
2022-07-26 21:00:00,-0.9397884162356885
2022-07-26 21:30:00,-0.8144895871788619
2022-07-26 22:00:00,-0.8736735230553768
2022-07-26 22:30:00,-0.915203474769209
2022-07-26 23:00:00,-0.7420322779735694
2022-07-26 23:30:00,-0.7530839293356246
2022-07-27 00:00:00,-0.5823897497576536
2022-07-27 00:30:00,-0.8006539609763246
2022-07-27 01:00:00,-0.5885950482102191
2022-07-27 01:30:00,-0.8006353148991725
2022-07-27 02:00:00,-0.5513598263851491
2022-07-27 02:30:00,-0.7585908860194824
2022-07-27 03:00:00,-0.5410712160688015
2022-07-27 03:30:00,-0.7420286462375216
2022-07-27 04:00:00,-0.5942311288747772
2022-07-27 04:30:00,-0.7612338547283903
2022-07-27 05:00:00,-0.5881354031606224
2022-07-27 05:30:00,-0.75770839716833
2022-07-27 06:00:00,-0.5992131400745087
2022-07-27 06:30:00,-0.7579472189990162
2022-07-27 07:00:00,-0.5676599472833275
2022-07-27 07:30:00,-0.7775554980490526
2022-07-27 08:00:00,-0.6725054906654185
2022-07-27 08:30:00,-0.8678998363976749
2022-07-27 09:00:00,-0.8583118931079561
2022-07-27 09:30:00,-1.0646311273881819
2022-07-27 10:00:00,-1.0491134598761942
2022-07-27 10:30:00,-1.175599009039824
2022-07-27 11:00:00,-1.9346577809317005
2022-07-27 11:30:00,-2.1286836714999975
2022-07-27 12:00:00,-1.6402308579157514
2022-07-27 12:30:00,-2.0072925353924473
2022-07-27 13:00:00,-1.206316216447382
2022-07-27 13:30:00,-1.7390524179592237
2022-07-27 14:00:00,-1.1203286433455508
2022-07-27 14:30:00,-1.618693510172322
2022-07-27 15:00:00,-0.9056690539184826
2022-07-27 15:30:00,-1.6598114975304867
2022-07-27 16:00:00,-0.8891154342918769
2022-07-27 16:30:00,-1.580843592950093
2022-07-27 17:00:00,-1.1917505461226257
2022-07-27 17:30:00,-1.5497815983447802
2022-07-27 18:00:00,-1.36373131769406
2022-07-27 18:30:00,-1.4528103778762336
2022-07-27 19:00:00,-1.161980956339673
2022-07-27 19:30:00,-1.2250485049669346
2022-07-27 20:00:00,-1.098600871157737
2022-07-27 20:30:00,-1.1417251738654697
2022-07-27 21:00:00,-1.0983312078143082
2022-07-27 21:30:00,-1.184612537620701
2022-07-27 22:00:00,-1.1668186286412343
2022-07-27 22:30:00,-1.0085388872445817
2022-07-27 23:00:00,-0.912133376232927
2022-07-27 23:30:00,-0.7945780360374693
2022-07-28 00:00:00,-0.6747281535247788
2022-07-28 00:30:00,-0.7155053514926398
2022-07-28 01:00:00,-0.6705411704021322
2022-07-28 01:30:00,-0.7895961384903039
2022-07-28 02:00:00,-0.7071668781795563
2022-07-28 02:30:00,-0.6439538250379023
2022-07-28 03:00:00,-0.608731598148149
2022-07-28 03:30:00,-0.6719834063220549
2022-07-28 04:00:00,-0.6179364732749295
2022-07-28 04:30:00,-0.6970800124213965
2022-07-28 05:00:00,-0.6596647510608346
2022-07-28 05:30:00,-0.7021707506646859
2022-07-28 06:00:00,-0.6415345907098249
2022-07-28 06:30:00,-0.7142899452283722
2022-07-28 07:00:00,-0.6609731302440993
2022-07-28 07:30:00,-0.7788971466048428
2022-07-28 08:00:00,-0.7655499494466063
2022-07-28 08:30:00,-0.8561979047939847
2022-07-28 09:00:00,-0.9911080284459652
2022-07-28 09:30:00,-1.1146544536346379
2022-07-28 10:00:00,-1.258100661098432
2022-07-28 10:30:00,-1.1164824628093342
2022-07-28 11:00:00,-2.134317359801272
2022-07-28 11:30:00,-2.0110718613952807
2022-07-28 12:00:00,-1.9467606778167408
2022-07-28 12:30:00,-1.9721232266537325
2022-07-28 13:00:00,-1.7001132631930969
2022-07-28 13:30:00,-1.7115773386773427
2022-07-28 14:00:00,-1.468650502259775
2022-07-28 14:30:00,-1.559026845761036
2022-07-28 15:00:00,-1.3414370309446304
2022-07-28 15:30:00,-1.6297846991647467
2022-07-28 16:00:00,-1.1315563124145593
2022-07-28 16:30:00,-1.275548065760099
2022-07-28 17:00:00,-1.2633047575582539
2022-07-28 17:30:00,-1.5774958695724555
2022-07-28 18:00:00,-1.180406689956638
2022-07-28 18:30:00,-1.3902652488421015
2022-07-28 19:00:00,-1.0596131928809764
2022-07-28 19:30:00,-1.2069231021488833
2022-07-28 20:00:00,-0.9467931239745058
2022-07-28 20:30:00,-1.0041326255096137
2022-07-28 21:00:00,-0.7941387672339488
2022-07-28 21:30:00,-0.9362336508215607
2022-07-28 22:00:00,-0.9977252956809093
2022-07-28 22:30:00,-0.9619415958468663
2022-07-28 23:00:00,-1.0131744514240126
2022-07-28 23:30:00,-1.0471880042515986
2022-07-29 00:00:00,-1.119368729174643
2022-07-29 00:30:00,-0.9744967801325339
2022-07-29 01:00:00,-0.9247600388397537
2022-07-29 01:30:00,-0.8480764178870708
2022-07-29 02:00:00,-0.8570710040216198
2022-07-29 02:30:00,-0.716031260350831
2022-07-29 03:00:00,-0.781369903803866
2022-07-29 03:30:00,-0.5288480289143063
2022-07-29 04:00:00,-0.6031373007973128
2022-07-29 04:30:00,-0.5203251146780616
2022-07-29 05:00:00,-0.5464949708916143
2022-07-29 05:30:00,-0.5808510113257388
2022-07-29 06:00:00,-0.5344509312105119
2022-07-29 06:30:00,-0.5485788755722392
2022-07-29 07:00:00,-0.5785610502839724
2022-07-29 07:30:00,-0.6691299603753735
2022-07-29 08:00:00,-0.7267046295606013
2022-07-29 08:30:00,-0.7264958445674645
2022-07-29 09:00:00,-1.0801012602019264
2022-07-29 09:30:00,-1.1131562522200695
2022-07-29 10:00:00,-1.2429470924549713
2022-07-29 10:30:00,-1.0756730936628278
2022-07-29 11:00:00,-2.1024806985297237
2022-07-29 11:30:00,-2.0604564771894083
2022-07-29 12:00:00,-1.9157027678510348
2022-07-29 12:30:00,-1.9512094039136798
2022-07-29 13:00:00,-1.5517189851274853
2022-07-29 13:30:00,-1.718286885430068
2022-07-29 14:00:00,-1.9209172771175012
2022-07-29 14:30:00,-1.655759226981699
2022-07-29 15:00:00,-2.4543849671413924
2022-07-29 15:30:00,-1.5390319634306826
2022-07-29 16:00:00,-1.756083802532381
2022-07-29 16:30:00,-1.1134353595480042
2022-07-29 17:00:00,-2.2141124234272977
2022-07-29 17:30:00,-1.2903958326274474
2022-07-29 18:00:00,-1.1446404837343451
2022-07-29 18:30:00,-1.351267490230902
2022-07-29 19:00:00,-1.4223042768556866
2022-07-29 19:30:00,-0.9938998355751835
2022-07-29 20:00:00,-1.0598687521237498
2022-07-29 20:30:00,-0.9593277043960364
2022-07-29 21:00:00,-0.5916383164217722
2022-07-29 21:30:00,-0.9311146325918764
2022-07-29 22:00:00,-0.5898016176779995
2022-07-29 22:30:00,-0.8235989115939748
2022-07-29 23:00:00,-0.5630234150120539
2022-07-29 23:30:00,-0.7624776406442025
2022-07-30 00:00:00,-0.5555287657814266
2022-07-30 00:30:00,-0.9391206669395765
2022-07-30 01:00:00,-0.6475901342840225
2022-07-30 01:30:00,-0.8987836383388061
2022-07-30 02:00:00,-0.6735699646496305
2022-07-30 02:30:00,-0.8812210040293058
2022-07-30 03:00:00,-0.6130919480699715
2022-07-30 03:30:00,-0.9608297337266933
2022-07-30 04:00:00,-0.623143249990614
2022-07-30 04:30:00,-0.9441686384994996
2022-07-30 05:00:00,-0.6637491461887136
2022-07-30 05:30:00,-0.889113410593475
2022-07-30 06:00:00,-0.6182961239897462
2022-07-30 06:30:00,-0.9273412061424611
2022-07-30 07:00:00,-0.6512367592439883
2022-07-30 07:30:00,-1.036878176492585
2022-07-30 08:00:00,-0.7049718678230716
2022-07-30 08:30:00,-0.9018432570901824
2022-07-30 09:00:00,-0.7082239118259115
2022-07-30 09:30:00,-0.9717779869790479
2022-07-30 10:00:00,-0.8075860630231978
2022-07-30 10:30:00,-1.1657895038823964
2022-07-30 11:00:00,-1.8067443141365198
2022-07-30 11:30:00,-2.386449954747917
2022-07-30 12:00:00,-1.4731455615971643
2022-07-30 12:30:00,-2.413303823584049
2022-07-30 13:00:00,-0.9829551472158283
2022-07-30 13:30:00,-1.3881753223750577
2022-07-30 14:00:00,-0.9128531257938323
2022-07-30 14:30:00,-1.3737531746539278
2022-07-30 15:00:00,-1.0669895142108912
2022-07-30 15:30:00,-1.5686804707159019
2022-07-30 16:00:00,-1.0674792885060724
2022-07-30 16:30:00,-1.7513816604913037
2022-07-30 17:00:00,-1.129684385667187
2022-07-30 17:30:00,-1.7587006424558982
2022-07-30 18:00:00,-1.226891603203157
2022-07-30 18:30:00,-1.4563726026396548
2022-07-30 19:00:00,-0.8665787736704504
2022-07-30 19:30:00,-1.2378093923466502
2022-07-30 20:00:00,-1.0324617326588355
2022-07-30 20:30:00,-1.149067843678445
2022-07-30 21:00:00,-0.8618470273985238
2022-07-30 21:30:00,-0.8568840966267365
2022-07-30 22:00:00,-0.6901263420036118
2022-07-30 22:30:00,-0.751938410586827
2022-07-30 23:00:00,-0.7327906586425467
2022-07-30 23:30:00,-0.7001256152311331
2022-07-31 00:00:00,-0.5117691641911013
2022-07-31 00:30:00,-0.7508206472493367
2022-07-31 01:00:00,-0.5279636039244427
2022-07-31 01:30:00,-0.8036486481994787
2022-07-31 02:00:00,-0.5351813687958209
2022-07-31 02:30:00,-0.8106630707887759
2022-07-31 03:00:00,-0.536715149193373
2022-07-31 03:30:00,-0.7924605313409309
2022-07-31 04:00:00,-0.5084561715939918
2022-07-31 04:30:00,-0.7911667843541091
2022-07-31 05:00:00,-0.46353371905706253
2022-07-31 05:30:00,-0.7243972913368065
2022-07-31 06:00:00,-0.4628308790800879
2022-07-31 06:30:00,-0.7439720555562468
2022-07-31 07:00:00,-0.4739148849967931
2022-07-31 07:30:00,-0.8308112822676997
2022-07-31 08:00:00,-0.6000153234024608
2022-07-31 08:30:00,-0.825843198359642
2022-07-31 09:00:00,-0.8316525917502784
2022-07-31 09:30:00,-0.955786063148635
2022-07-31 10:00:00,-1.0266234645070513
2022-07-31 10:30:00,-1.1697457486323213
2022-07-31 11:00:00,-1.8545969915982865
2022-07-31 11:30:00,-1.8707617764011557
2022-07-31 12:00:00,-1.271005524967145
2022-07-31 12:30:00,-1.9131120007441909
2022-07-31 13:00:00,-1.144420820798695
2022-07-31 13:30:00,-1.6363557467079184
2022-07-31 14:00:00,-1.0859800874007153
2022-07-31 14:30:00,-1.5709212674182091
2022-07-31 15:00:00,-0.9978135224428096
2022-07-31 15:30:00,-1.6052670795745345
2022-07-31 16:00:00,-1.003594540594556
2022-07-31 16:30:00,-1.6575012067778576
2022-07-31 17:00:00,-1.143603118065927
2022-07-31 17:30:00,-1.5787621436706194
2022-07-31 18:00:00,-1.106311587070674
2022-07-31 18:30:00,-1.4240766936531173
2022-07-31 19:00:00,-1.0834225609403374
2022-07-31 19:30:00,-1.2298304360422554
2022-07-31 20:00:00,-0.8557350243608332
2022-07-31 20:30:00,-1.2510613334777105
2022-07-31 21:00:00,-1.0221203963050822
2022-07-31 21:30:00,-1.21996571845519
2022-07-31 22:00:00,-1.0453164969145083
2022-07-31 22:30:00,-1.0368757788124092
2022-07-31 23:00:00,-1.042203569956042
2022-07-31 23:30:00,-0.9524244977826616
2022-08-01 00:00:00,-0.8796169300357074
2022-08-01 00:30:00,-0.8101496153495182
2022-08-01 01:00:00,-0.7481367193929112
2022-08-01 01:30:00,-0.8109401710942404
2022-08-01 02:00:00,-0.6912647799718123
2022-08-01 02:30:00,-0.814456703358917
2022-08-01 03:00:00,-0.5582125399167377
2022-08-01 03:30:00,-0.8193551980185461
2022-08-01 04:00:00,-0.681138550374508
2022-08-01 04:30:00,-0.7561302027081654
2022-08-01 05:00:00,-0.5448776232957712
2022-08-01 05:30:00,-0.74695541165518
2022-08-01 06:00:00,-0.5651004046643225
2022-08-01 06:30:00,-0.7820841883108072
2022-08-01 07:00:00,-0.6278892997455894
2022-08-01 07:30:00,-0.7728084039145213
2022-08-01 08:00:00,-0.6766424400375785
2022-08-01 08:30:00,-0.8451619597826584
2022-08-01 09:00:00,-0.9215284804898548
2022-08-01 09:30:00,-1.025544681574828
2022-08-01 10:00:00,-1.1995509785629215
2022-08-01 10:30:00,-1.2116330532021518
2022-08-01 11:00:00,-1.931037500162571
2022-08-01 11:30:00,-2.0578423976407247
2022-08-01 12:00:00,-1.2817055664008166
2022-08-01 12:30:00,-1.9216358555241646
2022-08-01 13:00:00,-1.0290938352540904
2022-08-01 13:30:00,-1.6509381233998568
2022-08-01 14:00:00,-0.9520797168278439
2022-08-01 14:30:00,-1.6119043846379082
2022-08-01 15:00:00,-0.8719798364885549
2022-08-01 15:30:00,-1.5764695220160676
2022-08-01 16:00:00,-1.163166687650377
2022-08-01 16:30:00,-1.6118021045763475
2022-08-01 17:00:00,-1.456491622167098
2022-08-01 17:30:00,-1.5288671436221142
2022-08-01 18:00:00,-1.0458183002291739
2022-08-01 18:30:00,-1.1973700529971074
2022-08-01 19:00:00,-1.0562835665429748
2022-08-01 19:30:00,-1.0910598609544915
2022-08-01 20:00:00,-0.8363699798949942
2022-08-01 20:30:00,-0.8649310101891386
2022-08-01 21:00:00,-0.7872853101471824
2022-08-01 21:30:00,-0.8499723703374553
2022-08-01 22:00:00,-0.8328672330388345
2022-08-01 22:30:00,-0.8444159643999595
2022-08-01 23:00:00,-0.9971827011489615
2022-08-01 23:30:00,-0.7225732021382762
2022-08-02 00:00:00,-0.6847264779020894
2022-08-02 00:30:00,-0.6873219696141263
2022-08-02 01:00:00,-0.5225324477359414
2022-08-02 01:30:00,-0.5594949013273133
2022-08-02 02:00:00,-0.4859045260915787
2022-08-02 02:30:00,-0.5134354431335556
2022-08-02 03:00:00,-0.5170912868133987
2022-08-02 03:30:00,-0.5529037879169302
2022-08-02 04:00:00,-0.7291281116328571
2022-08-02 04:30:00,-0.7322600353273953
2022-08-02 05:00:00,-0.4563672520277929
2022-08-02 05:30:00,-0.5820710501542166
2022-08-02 06:00:00,-0.6227927443509514
2022-08-02 06:30:00,-0.6264751238392808
2022-08-02 07:00:00,-0.6615782653832555
2022-08-02 07:30:00,-0.7287216637738196
2022-08-02 08:00:00,-0.6342024493336811
2022-08-02 08:30:00,-0.7052080959486594
2022-08-02 09:00:00,-0.8359435679180314
2022-08-02 09:30:00,-0.8643581135493167
2022-08-02 10:00:00,-1.2436551498172577
2022-08-02 10:30:00,-1.3499439356877412
2022-08-02 11:00:00,-2.073399724693884
2022-08-02 11:30:00,-2.154943024831331
2022-08-02 12:00:00,-1.5557239458801666
2022-08-02 12:30:00,-1.5873731693513111
2022-08-02 13:00:00,-1.8794869356302053
2022-08-02 13:30:00,-1.9347636261783874
2022-08-02 14:00:00,-1.3307156092843444
2022-08-02 14:30:00,-1.3366997214374212
2022-08-02 15:00:00,-1.1540493332277946
2022-08-02 15:30:00,-1.0393711277120652
2022-08-02 16:00:00,-1.142307916633452
2022-08-02 16:30:00,-1.16430092645665
2022-08-02 17:00:00,-1.099235309071226
2022-08-02 17:30:00,-1.2389365789366875
2022-08-02 18:00:00,-1.2030334603279103
2022-08-02 18:30:00,-1.3371639229346814
2022-08-02 19:00:00,-1.064325823509317
2022-08-02 19:30:00,-1.0920110143948831
2022-08-02 20:00:00,-0.9960348286569212
2022-08-02 20:30:00,-1.1231721206988043
2022-08-02 21:00:00,-0.8267459443676388
2022-08-02 21:30:00,-0.8292247025432878
2022-08-02 22:00:00,-0.8119955408518648
2022-08-02 22:30:00,-0.7773401959573382
2022-08-02 23:00:00,-0.6771794717208108
2022-08-02 23:30:00,-0.6104627188974598
2022-08-03 00:00:00,-0.7656701194400722
2022-08-03 00:30:00,-0.7643887298274156
2022-08-03 01:00:00,-0.6494662526917372
2022-08-03 01:30:00,-0.6714194292917023
2022-08-03 02:00:00,-0.6178006071292083
2022-08-03 02:30:00,-0.6612683569541111
2022-08-03 03:00:00,-0.6263571724851047
2022-08-03 03:30:00,-0.6415095578399926
2022-08-03 04:00:00,-0.6240158383766721
2022-08-03 04:30:00,-0.6516948188193119
2022-08-03 05:00:00,-0.6163982513855577
2022-08-03 05:30:00,-0.5815152887217891
2022-08-03 06:00:00,-0.5405195863157425
2022-08-03 06:30:00,-0.5655008541330998
2022-08-03 07:00:00,-0.6483301114720024
2022-08-03 07:30:00,-0.6445949817647569
2022-08-03 08:00:00,-0.7094402630085511
2022-08-03 08:30:00,-0.6878164442572602
2022-08-03 09:00:00,-0.8861505594692046
2022-08-03 09:30:00,-0.9941756536583612
2022-08-03 10:00:00,-1.728862300376533
2022-08-03 10:30:00,-1.7383127786908303
2022-08-03 11:00:00,-2.036060996069989
2022-08-03 11:30:00,-1.9912975433969475
2022-08-03 12:00:00,-2.2293946092443724
2022-08-03 12:30:00,-2.2744595977309077
2022-08-03 13:00:00,-1.3438364405468755
2022-08-03 13:30:00,-1.3514234125298838
2022-08-03 14:00:00,-1.3036089223263576
2022-08-03 14:30:00,-1.2942526158441876
2022-08-03 15:00:00,-1.177705989024693
2022-08-03 15:30:00,-1.270612521876717
2022-08-03 16:00:00,-1.2821628979763269
2022-08-03 16:30:00,-1.4498010859338235
2022-08-03 17:00:00,-1.5118922179463932
2022-08-03 17:30:00,-1.6806240327755662
2022-08-03 18:00:00,-2.369037703849585
2022-08-03 18:30:00,-1.4164816038169163
2022-08-03 19:00:00,-1.4768772993535018
2022-08-03 19:30:00,-1.0376052169964098
2022-08-03 20:00:00,-1.2130514701393602
2022-08-03 20:30:00,-0.9152908408766512
2022-08-03 21:00:00,-0.7139893633956952
2022-08-03 21:30:00,-1.0375156484077828
2022-08-03 22:00:00,-0.5531354479296506
2022-08-03 22:30:00,-0.7603372812181387
2022-08-03 23:00:00,-1.159659958685546
2022-08-03 23:30:00,-0.7117801959110116
2022-08-04 00:00:00,-0.8099630584641321
2022-08-04 00:30:00,-0.741992011857779
2022-08-04 01:00:00,-0.621006546969826
2022-08-04 01:30:00,-0.6130372360563816
2022-08-04 02:00:00,-0.49901053528403333
2022-08-04 02:30:00,-0.5989475499019634
2022-08-04 03:00:00,-0.4484588167766248
2022-08-04 03:30:00,-0.570760704057111
2022-08-04 04:00:00,-0.46688700563566615
2022-08-04 04:30:00,-0.5972431313014455
2022-08-04 05:00:00,-0.5049049161039015
2022-08-04 05:30:00,-0.6489380868417459
2022-08-04 06:00:00,-0.5423473727497099
2022-08-04 06:30:00,-0.6647328708294137
2022-08-04 07:00:00,-0.652835566840814
2022-08-04 07:30:00,-0.6668975155931487
2022-08-04 08:00:00,-1.3677326828537024
2022-08-04 08:30:00,-1.1743816506157854
2022-08-04 09:00:00,-1.4122651309218779
2022-08-04 09:30:00,-1.3838852318157924
2022-08-04 10:00:00,-1.2875582703585187
2022-08-04 10:30:00,-1.3941427732813991
2022-08-04 11:00:00,-1.9731488716802241
2022-08-04 11:30:00,-1.9999649579314736
2022-08-04 12:00:00,-2.297142176750978
2022-08-04 12:30:00,-2.2888746528368245
2022-08-04 13:00:00,-1.008780825136062
2022-08-04 13:30:00,-1.2966354637539192
2022-08-04 14:00:00,-0.7360093812954966
2022-08-04 14:30:00,-0.5512871531229336
2022-08-04 15:00:00,-0.6006569215990413
2022-08-04 15:30:00,-0.7758333037458535
2022-08-04 16:00:00,-0.8783416087961978
2022-08-04 16:30:00,-0.9733280227514536
2022-08-04 17:00:00,-1.0173965422980764
2022-08-04 17:30:00,-0.9242850939362958
2022-08-04 18:00:00,-0.8104889621068123
2022-08-04 18:30:00,-0.687347272091046
2022-08-04 19:00:00,-0.5033294091888302
2022-08-04 19:30:00,-0.2757069698560755
2022-08-04 20:00:00,-0.1345555061387867
2022-08-04 20:30:00,-0.0986806378970394
2022-08-04 21:00:00,-0.0929043699361989
2022-08-04 21:30:00,-0.1022715226478927
2022-08-04 22:00:00,-0.1272609707884236
2022-08-04 22:30:00,-0.1597698879690421
2022-08-04 23:00:00,-0.1813511239834473
2022-08-04 23:30:00,-0.1759042463907236
2022-08-05 00:00:00,-0.1614569824582021
2022-08-05 00:30:00,-0.5977779583377346
2022-08-05 01:00:00,-0.5926599999236124
2022-08-05 01:30:00,-0.541310531212776
2022-08-05 02:00:00,-0.3119548493254
2022-08-05 02:30:00,-0.5141860148732751
2022-08-05 03:00:00,-0.30720869750278373
2022-08-05 03:30:00,-0.5446039907976798
2022-08-05 04:00:00,-0.34267981282690024
2022-08-05 04:30:00,-0.5106372289191716
2022-08-05 05:00:00,-0.32360992931107774
2022-08-05 05:30:00,-0.5140955049470893
2022-08-05 06:00:00,-0.32937000688658863
2022-08-05 06:30:00,-0.5095476527955103
2022-08-05 07:00:00,-0.45674267205219576
2022-08-05 07:30:00,-0.5990686260563955
2022-08-05 08:00:00,-0.4939837519953596
2022-08-05 08:30:00,-0.5637343644062706
2022-08-05 09:00:00,-0.479600590565448
2022-08-05 09:30:00,-0.4656770946534849
2022-08-05 10:00:00,-0.6150673390357487
2022-08-05 10:30:00,-0.924159689570842
2022-08-05 11:00:00,-1.3117820378743523
2022-08-05 11:30:00,-1.5703829650804475
2022-08-05 12:00:00,-1.5600194400466405
2022-08-05 12:30:00,-1.4076796590165337
2022-08-05 13:00:00,-1.3069318823350178
2022-08-05 13:30:00,-1.3033364391476188
2022-08-05 14:00:00,-1.346356569268757
2022-08-05 14:30:00,-1.4553190528236428
2022-08-05 15:00:00,-1.5545321718185527
2022-08-05 15:30:00,-1.5866412906415368
2022-08-05 16:00:00,-1.7529985385030094
2022-08-05 16:30:00,-2.0093394647327565
2022-08-05 17:00:00,-1.9971124794717576
2022-08-05 17:30:00,-1.7462532137296078
2022-08-05 18:00:00,-1.4189685827687577
2022-08-05 18:30:00,-1.134458332033777
2022-08-05 19:00:00,-1.0621924856465947
2022-08-05 19:30:00,-1.23067037871978
2022-08-05 20:00:00,-1.2388050517190723
2022-08-05 20:30:00,-0.8592306045329497
2022-08-05 21:00:00,-0.5037858612925034
2022-08-05 21:30:00,-0.359143097099855
2022-08-05 22:00:00,-0.2894860025676775
2022-08-05 22:30:00,-0.4696366100046909
2022-08-05 23:00:00,-0.5014645565735516
2022-08-05 23:30:00,-0.4366974895727862
2022-08-06 00:00:00,-0.43173552405403404
2022-08-06 00:30:00,-0.5249515144422049
2022-08-06 01:00:00,-0.38317850105015994
2022-08-06 01:30:00,-0.554391968600156
2022-08-06 02:00:00,-0.35746173957044475
2022-08-06 02:30:00,-0.5683348326723195
2022-08-06 03:00:00,-0.3707698158223212
2022-08-06 03:30:00,-0.5599154211379421
2022-08-06 04:00:00,-0.3660663637081054
2022-08-06 04:30:00,-0.5656369854744545
2022-08-06 05:00:00,-0.37591057006113743
2022-08-06 05:30:00,-0.5690632442678629
2022-08-06 06:00:00,-0.4019451993451994
2022-08-06 06:30:00,-0.5782839736747686
2022-08-06 07:00:00,-0.3975295596254264
2022-08-06 07:30:00,-0.5836534985110347
2022-08-06 08:00:00,-0.4059384965673998
2022-08-06 08:30:00,-0.6056072977520968
2022-08-06 09:00:00,-0.4274934761954073
2022-08-06 09:30:00,-0.6488294489909292
2022-08-06 10:00:00,-1.0699483479608567
2022-08-06 10:30:00,-1.718847234464869
2022-08-06 11:00:00,-2.545892345131512
2022-08-06 11:30:00,-3.196614898367431
2022-08-06 12:00:00,-3.3546725336405587
2022-08-06 12:30:00,-3.139662589770794
2022-08-06 13:00:00,-2.8452515659300888
2022-08-06 13:30:00,-2.6698057372346296
2022-08-06 14:00:00,-2.635216858758512
2022-08-06 14:30:00,-2.746941911842217
2022-08-06 15:00:00,-3.033100694880579
2022-08-06 15:30:00,-3.342390211080118
2022-08-06 16:00:00,-3.510749943989588
2022-08-06 16:30:00,-3.5569879849507084
2022-08-06 17:00:00,-3.455907511603083
2022-08-06 17:30:00,-3.1087387062147056
2022-08-06 18:00:00,-2.7259713321396815
2022-08-06 18:30:00,-2.4710620411954314
2022-08-06 19:00:00,-2.186242755125872
2022-08-06 19:30:00,-1.7049691971871666
2022-08-06 20:00:00,-1.164860726790145
2022-08-06 20:30:00,-0.7090048526147085
2022-08-06 21:00:00,-0.4118586538750688
2022-08-06 21:30:00,-0.2647689429629857
2022-08-06 22:00:00,-0.1852235426301479
2022-08-06 22:30:00,-0.1243252220176773
2022-08-06 23:00:00,-0.0759715163940116
2022-08-06 23:30:00,-0.0609044753235683
2022-08-07 00:00:00,-0.0965491382743999
2022-08-07 00:30:00,-0.7864264036253068
2022-08-07 01:00:00,-0.2930989462767641
2022-08-07 01:30:00,-0.5825875496504128
2022-08-07 02:00:00,-0.5546020197741778
2022-08-07 02:30:00,-0.5923443583061987
2022-08-07 03:00:00,-0.5468898309532109
2022-08-07 03:30:00,-0.5845978081127818
2022-08-07 04:00:00,-0.5221165802328384
2022-08-07 04:30:00,-0.5573208613882779
2022-08-07 05:00:00,-0.5218222541248954
2022-08-07 05:30:00,-0.6318909298094582
2022-08-07 06:00:00,-0.498226652395794
2022-08-07 06:30:00,-0.6468393006021366
2022-08-07 07:00:00,-0.5722812731081541
2022-08-07 07:30:00,-0.7250445077922122
2022-08-07 08:00:00,-0.7051159195145678
2022-08-07 08:30:00,-0.7360980449525169
2022-08-07 09:00:00,-0.6021504759207191
2022-08-07 09:30:00,-0.798196335678345
2022-08-07 10:00:00,-0.9680565294505734
2022-08-07 10:30:00,-1.276895058917099
2022-08-07 11:00:00,-1.8273293309467693
2022-08-07 11:30:00,-2.365532052656099
2022-08-07 12:00:00,-2.505404037267025
2022-08-07 12:30:00,-2.3856125035219984
2022-08-07 13:00:00,-2.2638272923514298
2022-08-07 13:30:00,-2.2172552381294572
2022-08-07 14:00:00,-2.2304477032431227
2022-08-07 14:30:00,-2.327813039048172
2022-08-07 15:00:00,-2.551095199853696
2022-08-07 15:30:00,-2.7895993384131677
2022-08-07 16:00:00,-2.880505533937269
2022-08-07 16:30:00,-2.7873576789588044
2022-08-07 17:00:00,-2.6310345704813516
2022-08-07 17:30:00,-2.4491044492751395
2022-08-07 18:00:00,-2.212947218980693
2022-08-07 18:30:00,-1.953804262833437
2022-08-07 19:00:00,-1.7016704894778998
2022-08-07 19:30:00,-1.4275087189927158
2022-08-07 20:00:00,-1.1274757471989243
2022-08-07 20:30:00,-0.8082963260150601
2022-08-07 21:00:00,-0.5366814009168079
2022-08-07 21:30:00,-0.3976026858263102
2022-08-07 22:00:00,-0.3510687803193489
2022-08-07 22:30:00,-0.3238699910994589
2022-08-07 23:00:00,-0.3042787810858299
2022-08-07 23:30:00,-0.2977655898457121
2022-08-08 00:00:00,-0.2936388426403705
2022-08-08 00:30:00,-0.2871870549247307
2022-08-08 01:00:00,-0.2878075735938614
2022-08-08 01:30:00,-0.2975172306397876
2022-08-08 02:00:00,-0.45019276094920824
2022-08-08 02:30:00,-0.9455458499511314
2022-08-08 03:00:00,-0.4193567639459424
2022-08-08 03:30:00,-0.9516018738663671
2022-08-08 04:00:00,-0.24538117824749278
2022-08-08 04:30:00,-0.7476995892561316
2022-08-08 05:00:00,-0.38411763905865315
2022-08-08 05:30:00,-0.5531171872451888
2022-08-08 06:00:00,-0.45212843933674113
2022-08-08 06:30:00,-0.568188892988377
2022-08-08 07:00:00,-0.5993693157244752
2022-08-08 07:30:00,-0.6043581613333475
2022-08-08 08:00:00,-0.5321000411811838
2022-08-08 08:30:00,-1.041901506452681
2022-08-08 09:00:00,-0.8548645953159456
2022-08-08 09:30:00,-0.9599500588441408
2022-08-08 10:00:00,-1.085149335694689
2022-08-08 10:30:00,-1.3185260315371332
2022-08-08 11:00:00,-1.6909229456039403
2022-08-08 11:30:00,-2.085035365824883
2022-08-08 12:00:00,-2.2503050976638828
2022-08-08 12:30:00,-2.169201795309455
2022-08-08 13:00:00,-2.0222394958163306
2022-08-08 13:30:00,-1.9475700682425396
2022-08-08 14:00:00,-2.002763020058583
2022-08-08 14:30:00,-2.1562168658834264
2022-08-08 15:00:00,-2.2833891079979907
2022-08-08 15:30:00,-2.249867535139862
2022-08-08 16:00:00,-2.1420344849427826
2022-08-08 16:30:00,-2.0859409935369846
2022-08-08 17:00:00,-1.9772100619182829
2022-08-08 17:30:00,-1.755521902153469
2022-08-08 18:00:00,-1.5557450180964474
2022-08-08 18:30:00,-1.486555675134708
2022-08-08 19:00:00,-1.436468258968095
2022-08-08 19:30:00,-1.266998792344673
2022-08-08 20:00:00,-0.9970052835707508
2022-08-08 20:30:00,-0.7207938635914998
2022-08-08 21:00:00,-0.5090915893660947
2022-08-08 21:30:00,-0.3922674060319419
2022-08-08 22:00:00,-0.3308939059069644
2022-08-08 22:30:00,-0.2734829810755076
2022-08-08 23:00:00,-0.2126590472632087
2022-08-08 23:30:00,-0.1607377494451799
2022-08-09 00:00:00,-0.1210518473092824
2022-08-09 00:30:00,-0.0948613309255498
2022-08-09 01:00:00,-0.6816987364498971
2022-08-09 01:30:00,-0.6871495566329442
2022-08-09 02:00:00,-0.5756244764693496
2022-08-09 02:30:00,-0.6920436162735638
2022-08-09 03:00:00,-0.5852600449805867
2022-08-09 03:30:00,-0.6392720253975469
2022-08-09 04:00:00,-0.7068141146866919
2022-08-09 04:30:00,-0.6920357469104512
2022-08-09 05:00:00,-0.9792908276459319
2022-08-09 05:30:00,-0.6893038744240428
2022-08-09 06:00:00,-0.944273146405822
2022-08-09 06:30:00,-0.7215417058021691
2022-08-09 07:00:00,-0.9433851111422503
2022-08-09 07:30:00,-0.6716841857756954
2022-08-09 08:00:00,-0.9730832457369821
2022-08-09 08:30:00,-0.716383385430266
2022-08-09 09:00:00,-0.7497342405019214
2022-08-09 09:30:00,-0.8360455510503365
2022-08-09 10:00:00,-0.7106328581980178
2022-08-09 10:30:00,-1.1076386881302074
2022-08-09 11:00:00,-1.6148910587601026
2022-08-09 11:30:00,-2.051586455443989
2022-08-09 12:00:00,-2.205625641163659
2022-08-09 12:30:00,-2.160044673851353
2022-08-09 13:00:00,-2.099566669114855
2022-08-09 13:30:00,-2.0871461244431737
2022-08-09 14:00:00,-2.104066834621205
2022-08-09 14:30:00,-2.1860035638949196
2022-08-09 15:00:00,-2.3414039557451036
2022-08-09 15:30:00,-2.4421393534414477
2022-08-09 16:00:00,-2.368735415038057
2022-08-09 16:30:00,-2.216214950191433
2022-08-09 17:00:00,-2.1314847174317766
2022-08-09 17:30:00,-2.0560831906290225
2022-08-09 18:00:00,-1.880481802630143
2022-08-09 18:30:00,-1.5846800741629348
2022-08-09 19:00:00,-1.2663448883249055
2022-08-09 19:30:00,-1.0065566482910508
2022-08-09 20:00:00,-0.8125464953812407
2022-08-09 20:30:00,-0.6793828871030698
2022-08-09 21:00:00,-0.5990594465741296
2022-08-09 21:30:00,-0.5439232069229036
2022-08-09 22:00:00,-0.4791489695131437
2022-08-09 22:30:00,-0.3993951809245358
2022-08-09 23:00:00,-0.3348733463109576
2022-08-09 23:30:00,-0.3088977608478034
2022-08-10 00:00:00,-0.2887795048384305
2022-08-10 00:30:00,-0.2452570907887073
2022-08-10 01:00:00,-0.2014967715642993
2022-08-10 01:30:00,-0.1778667609468075
2022-08-10 02:00:00,-0.1662978899035792
2022-08-10 02:30:00,-0.1612651268506922
2022-08-10 03:00:00,-0.1610811608546602
2022-08-10 03:30:00,-0.1637085962172868
2022-08-10 04:00:00,-0.1622852839676422
2022-08-10 04:30:00,-0.1505378784451168
2022-08-10 05:00:00,-0.134011484074017
2022-08-10 05:30:00,-0.1254679409068929
2022-08-10 06:00:00,-0.1512965333409097
2022-08-10 06:30:00,-0.1999730323566347
2022-08-10 07:00:00,-0.2464807119697681
2022-08-10 07:30:00,-0.3058712525290094
2022-08-10 08:00:00,-0.376207661946203
2022-08-10 08:30:00,-0.4521529099107114
2022-08-10 09:00:00,-0.5691553826083162
2022-08-10 09:30:00,-0.7390573522917508
2022-08-10 10:00:00,-0.9451482478945944
2022-08-10 10:30:00,-1.2191406481322242
2022-08-10 11:00:00,-1.5253201717096825
2022-08-10 11:30:00,-1.764627413335624
2022-08-10 12:00:00,-1.9445557350120968
2022-08-10 12:30:00,-2.1236066664248305
2022-08-10 13:00:00,-2.2773283894606937
2022-08-10 13:30:00,-2.3213583067214687
2022-08-10 14:00:00,-2.201206226894343
2022-08-10 14:30:00,-1.9818150709396989
2022-08-10 15:00:00,-1.7954682192854678
2022-08-10 15:30:00,-1.6266673774395828
2022-08-10 16:00:00,-1.4753055637928731
2022-08-10 16:30:00,-1.4352523643844133
2022-08-10 17:00:00,-1.493771771635952
2022-08-10 17:30:00,-1.4954883834806838
2022-08-10 18:00:00,-1.4065195969958106
2022-08-10 18:30:00,-1.2909297485288058
2022-08-10 19:00:00,-1.1904566383007529
2022-08-10 19:30:00,-1.083988887538755
2022-08-10 20:00:00,-0.9703013911484843
2022-08-10 20:30:00,-0.8731619679329639
2022-08-10 21:00:00,-0.7964808593378064
2022-08-10 21:30:00,-0.7346863913287996
2022-08-10 22:00:00,-0.6732802207497032
2022-08-10 22:30:00,-0.6101256023579674
2022-08-10 23:00:00,-0.5637888253549226
2022-08-10 23:30:00,-0.5403793329648773
2022-08-11 00:00:00,-0.5274953104513691
2022-08-11 00:30:00,-0.5143823235678231
2022-08-11 01:00:00,-0.4850249386257748
2022-08-11 01:30:00,-0.4548492751353729
2022-08-11 02:00:00,-0.4393343245548637
2022-08-11 02:30:00,-0.423090890494725
2022-08-11 03:00:00,-0.4094723388923729
2022-08-11 03:30:00,-0.3925926322581876
2022-08-11 04:00:00,-0.3707335871584033
2022-08-11 04:30:00,-0.3589303764522297
2022-08-11 05:00:00,-0.3594090785783619
2022-08-11 05:30:00,-0.3578360562823185
2022-08-11 06:00:00,-0.3399561888331251
2022-08-11 06:30:00,-0.3069560285156403
2022-08-11 07:00:00,-0.2857762602803579
2022-08-11 07:30:00,-0.32408834526895
2022-08-11 08:00:00,-0.4426327520747645
2022-08-11 08:30:00,-0.5871924740333695
2022-08-11 09:00:00,-0.6766324771315088
2022-08-11 09:30:00,-0.7155212147726641
2022-08-11 10:00:00,-0.7672355064569001
2022-08-11 10:30:00,-0.8583033136199063
2022-08-11 11:00:00,-0.9614130349572508
2022-08-11 11:30:00,-1.0428155108325703
2022-08-11 12:00:00,-1.0825102736628656
2022-08-11 12:30:00,-1.094231303886697
2022-08-11 13:00:00,-1.1070298732296229
2022-08-11 13:30:00,-1.1160985261919965
2022-08-11 14:00:00,-1.1134859282827303
2022-08-11 14:30:00,-1.09794909220815
2022-08-11 15:00:00,-1.0523466118122364
2022-08-11 15:30:00,-0.9887561621232654
2022-08-11 16:00:00,-0.9877123772149012
2022-08-11 16:30:00,-1.057743435414565
2022-08-11 17:00:00,-1.1210392716616842
2022-08-11 17:30:00,-1.1434185311608278
2022-08-11 18:00:00,-1.1258367350026677
2022-08-11 18:30:00,-1.0504071282725296
2022-08-11 19:00:00,-0.950910206805841
2022-08-11 19:30:00,-0.8759488232301537
2022-08-11 20:00:00,-0.8292063000765567
2022-08-11 20:30:00,-0.7916662509727959
2022-08-11 21:00:00,-0.7438467579228343
2022-08-11 21:30:00,-0.691478406392102
2022-08-11 22:00:00,-0.6352975418542074
2022-08-11 22:30:00,-0.5812236211810609
2022-08-11 23:00:00,-0.5402463771162763
2022-08-11 23:30:00,-0.508435427577625
2022-08-12 00:00:00,-0.4819029071669463
2022-08-12 00:30:00,-0.4541735370236696
2022-08-12 01:00:00,-0.4339633449154813
2022-08-12 01:30:00,-0.4254639625010012
2022-08-12 02:00:00,-0.4185142766301111
2022-08-12 02:30:00,-0.3981529781269515
2022-08-12 03:00:00,-0.3648559777005652
2022-08-12 03:30:00,-0.3398492679129111
2022-08-12 04:00:00,-0.3392593430530779
2022-08-12 04:30:00,-0.3547159885762923
2022-08-12 05:00:00,-0.3705300540180046
2022-08-12 05:30:00,-0.3790408048418567
2022-08-12 06:00:00,-0.3750997036832345
2022-08-12 06:30:00,-0.362419714456566
2022-08-12 07:00:00,-0.3494296422845335
2022-08-12 07:30:00,-0.3434339346808788
2022-08-12 08:00:00,-0.350401878760697
2022-08-12 08:30:00,-0.3709151531020186
2022-08-12 09:00:00,-0.4171305898551025
2022-08-12 09:30:00,-0.5095750374466561
2022-08-12 10:00:00,-0.6561396751338193
2022-08-12 10:30:00,-0.8374889971774263
2022-08-12 11:00:00,-0.992062425606088
2022-08-12 11:30:00,-1.0686120309250444
2022-08-12 12:00:00,-1.0931851625808022
2022-08-12 12:30:00,-1.105256396105018
2022-08-12 13:00:00,-1.1244328732742936
2022-08-12 13:30:00,-1.1449510083746417
2022-08-12 14:00:00,-1.13280957186651
2022-08-12 14:30:00,-1.080586148133229
2022-08-12 15:00:00,-0.9917335940017776
2022-08-12 15:30:00,-0.8694427650869377
2022-08-12 16:00:00,-0.8126158171887153
2022-08-12 16:30:00,-0.8572953890319789
2022-08-12 17:00:00,-0.8953580532868045
2022-08-12 17:30:00,-0.8936289357639368
2022-08-12 18:00:00,-0.8933585584609416
2022-08-12 18:30:00,-0.8909492380807109
2022-08-12 19:00:00,-0.8509507127210338
2022-08-12 19:30:00,-0.7820807177525919
2022-08-12 20:00:00,-0.7245019961751925
2022-08-12 20:30:00,-0.6928988802162925
2022-08-12 21:00:00,-0.6811268067431452
2022-08-12 21:30:00,-0.6792631107825484
2022-08-12 22:00:00,-0.650226982818833
2022-08-12 22:30:00,-0.5909417078512317
2022-08-12 23:00:00,-0.5372193287847157
2022-08-12 23:30:00,-0.4906363839676815
2022-08-13 00:00:00,-0.4422671549507515
2022-08-13 00:30:00,-0.4095723080212988
2022-08-13 01:00:00,-0.3918893186941202
2022-08-13 01:30:00,-0.3748822547130087
2022-08-13 02:00:00,-0.3586357479846871
2022-08-13 02:30:00,-0.3542725531881934
2022-08-13 03:00:00,-0.3971950443574385
2022-08-13 03:30:00,-0.4837316003806443
2022-08-13 04:00:00,-0.5253787186901886
2022-08-13 04:30:00,-0.4962880195399922
2022-08-13 05:00:00,-0.4448116662264041
2022-08-13 05:30:00,-0.3981713543331103
2022-08-13 06:00:00,-0.3559019826723836
2022-08-13 06:30:00,-0.3268530116589734
2022-08-13 07:00:00,-0.314614586585947
2022-08-13 07:30:00,-0.3214388573332337
2022-08-13 08:00:00,-0.3528072064509575
2022-08-13 08:30:00,-0.4063078183094927
2022-08-13 09:00:00,-0.4910027682937291
2022-08-13 09:30:00,-0.6346835907903267
2022-08-13 10:00:00,-0.8453531140751827
2022-08-13 10:30:00,-1.0630076795130028
2022-08-13 11:00:00,-1.2171641510844513
2022-08-13 11:30:00,-1.2973091112844986
2022-08-13 12:00:00,-1.3414510219626623
2022-08-13 12:30:00,-1.3608537436121957
2022-08-13 13:00:00,-1.3626137575640889
2022-08-13 13:30:00,-1.352995300096902
2022-08-13 14:00:00,-1.321001635455331
2022-08-13 14:30:00,-1.2948022341783714
2022-08-13 15:00:00,-1.291576457496535
2022-08-13 15:30:00,-1.276898123245113
2022-08-13 16:00:00,-1.2449754593424938
2022-08-13 16:30:00,-1.2463843049416194
2022-08-13 17:00:00,-1.2657879633496152
2022-08-13 17:30:00,-1.287830657329025
2022-08-13 18:00:00,-1.3022032437687825
2022-08-13 18:30:00,-1.2916790848070283
2022-08-13 19:00:00,-1.2403291355558494
2022-08-13 19:30:00,-1.172284698226567
2022-08-13 20:00:00,-1.0956482376780334
2022-08-13 20:30:00,-1.0071371104153926
2022-08-13 21:00:00,-0.907800529284228
2022-08-13 21:30:00,-0.8176048641683441
2022-08-13 22:00:00,-0.7368809288557787
2022-08-13 22:30:00,-0.666534887842171
2022-08-13 23:00:00,-0.6181957855899822
2022-08-13 23:30:00,-0.5813988738507334
2022-08-14 00:00:00,-0.5467552116932144
2022-08-14 00:30:00,-0.5254281518007958
2022-08-14 01:00:00,-0.5204467810445501
2022-08-14 01:30:00,-0.500830085330763
2022-08-14 02:00:00,-0.462033380779458
2022-08-14 02:30:00,-0.4276332594436673
2022-08-14 03:00:00,-0.4112789990256332
2022-08-14 03:30:00,-0.4085699271428367
2022-08-14 04:00:00,-0.4102763344450562
2022-08-14 04:30:00,-0.4043878131268844
2022-08-14 05:00:00,-0.3910440228821701
2022-08-14 05:30:00,-0.3886686160078429
2022-08-14 06:00:00,-0.4046203180682197
2022-08-14 06:30:00,-0.4134558732061434
2022-08-14 07:00:00,-0.4116319149129131
2022-08-14 07:30:00,-0.422996738224378
2022-08-14 08:00:00,-0.4534056176973058
2022-08-14 08:30:00,-0.5011436431246156
2022-08-14 09:00:00,-0.5747779523629606
2022-08-14 09:30:00,-0.6931503941132273
2022-08-14 10:00:00,-0.849566613051873
2022-08-14 10:30:00,-1.0144532680829474
2022-08-14 11:00:00,-1.15935950129235
2022-08-14 11:30:00,-1.2645976503832468
2022-08-14 12:00:00,-1.331566425319986
2022-08-14 12:30:00,-1.3755822550232208
2022-08-14 13:00:00,-1.4176916811240583
2022-08-14 13:30:00,-1.458722692059016
2022-08-14 14:00:00,-1.485860726068003
2022-08-14 14:30:00,-1.496520182736886
2022-08-14 15:00:00,-1.4787729751201617
2022-08-14 15:30:00,-1.4199264479486713
2022-08-14 16:00:00,-1.353811536156338
2022-08-14 16:30:00,-1.347631759324459
2022-08-14 17:00:00,-1.3769163867775815
2022-08-14 17:30:00,-1.4020201523879192
2022-08-14 18:00:00,-1.4166107367137244
2022-08-14 18:30:00,-1.4184838262969297
2022-08-14 19:00:00,-1.4188607245725255
2022-08-14 19:30:00,-1.393231705209862
2022-08-14 20:00:00,-1.314580612483334
2022-08-14 20:30:00,-1.1803616877944092
2022-08-14 21:00:00,-1.0127401327366503
2022-08-14 21:30:00,-0.8696164537905757
2022-08-14 22:00:00,-0.7659987390679729
2022-08-14 22:30:00,-0.6831121415817015
2022-08-14 23:00:00,-0.6210143565583894
2022-08-14 23:30:00,-0.5808369567934731
2022-08-15 00:00:00,-0.5455227970755446
2022-08-15 00:30:00,-0.5149541884870535
2022-08-15 01:00:00,-0.491615513493518
2022-08-15 01:30:00,-0.4745816944214452
2022-08-15 02:00:00,-0.4564951097700353
2022-08-15 02:30:00,-0.4357889722254375
2022-08-15 03:00:00,-0.4159538601895821
2022-08-15 03:30:00,-0.392067989507494
2022-08-15 04:00:00,-0.3663689817867417
2022-08-15 04:30:00,-0.3455246935705581
2022-08-15 05:00:00,-0.326951873370903
2022-08-15 05:30:00,-0.3150262769320209
2022-08-15 06:00:00,-0.3023227056422473
2022-08-15 06:30:00,-0.2817951808686968
2022-08-15 07:00:00,-0.2587970788591875
2022-08-15 07:30:00,-0.2403722886552437
2022-08-15 08:00:00,-0.2324886116976764
2022-08-15 08:30:00,-0.233926508981952
2022-08-15 09:00:00,-0.2428363145859707
2022-08-15 09:30:00,-0.2654380912406707
2022-08-15 10:00:00,-0.3224169758523417
2022-08-15 10:30:00,-0.4377961361082014
2022-08-15 11:00:00,-0.588519299144616
2022-08-15 11:30:00,-0.7130506233101099
2022-08-15 12:00:00,-0.8072003668374812
2022-08-15 12:30:00,-0.8929176491246631
2022-08-15 13:00:00,-0.9699699318160286
2022-08-15 13:30:00,-1.0290232594926187
2022-08-15 14:00:00,-1.0730113558799337
2022-08-15 14:30:00,-1.0987638449502446
2022-08-15 15:00:00,-1.1026368035063498
2022-08-15 15:30:00,-1.0999284006675123
2022-08-15 16:00:00,-1.113598509572101
2022-08-15 16:30:00,-1.154305076274274
2022-08-15 17:00:00,-1.1908926692979307
2022-08-15 17:30:00,-1.1913555386889534
2022-08-15 18:00:00,-1.1669542734233196
2022-08-15 18:30:00,-1.1356100358859496
2022-08-15 19:00:00,-1.0873041819876277
2022-08-15 19:30:00,-1.0074626718970667
2022-08-15 20:00:00,-0.9756437812761051
2022-08-15 20:30:00,-1.2064136044763998
2022-08-15 21:00:00,-0.8691849736337521
2022-08-15 21:30:00,-0.8400909109606773
2022-08-15 22:00:00,-0.9660921386916159
2022-08-15 22:30:00,-0.6999363130708909
2022-08-15 23:00:00,-1.1147208906420554
2022-08-15 23:30:00,-0.6182090651826876
2022-08-16 00:00:00,-1.2147558182775944
2022-08-16 00:30:00,-0.5133749928801349
2022-08-16 01:00:00,-0.9646499306296861
2022-08-16 01:30:00,-0.5509753675187362
2022-08-16 02:00:00,-1.0610961401297914
2022-08-16 02:30:00,-0.5758263262924975
2022-08-16 03:00:00,-0.866817868623837
2022-08-16 03:30:00,-0.5850770157220136
2022-08-16 04:00:00,-0.7940994263545939
2022-08-16 04:30:00,-0.6395817542689777
2022-08-16 05:00:00,-0.6232985342026333
2022-08-16 05:30:00,-0.6229436365956579
2022-08-16 06:00:00,-0.5006623754687175
2022-08-16 06:30:00,-0.6461839546723196
2022-08-16 07:00:00,-0.5557295729555208
2022-08-16 07:30:00,-0.6446766799816608
2022-08-16 08:00:00,-0.6677257550468602
2022-08-16 08:30:00,-0.7571846190093595
2022-08-16 09:00:00,-0.940088715613441
2022-08-16 09:30:00,-0.8800109724243044
2022-08-16 10:00:00,-1.0619790574499393
2022-08-16 10:30:00,-1.1689731171913167
2022-08-16 11:00:00,-1.142857339733394
2022-08-16 11:30:00,-1.8448434356918204
2022-08-16 12:00:00,-1.1744503617357678
2022-08-16 12:30:00,-2.1759056918604602
2022-08-16 13:00:00,-1.1036810165970783
2022-08-16 13:30:00,-1.8240626320269597
2022-08-16 14:00:00,-1.225757750679984
2022-08-16 14:30:00,-1.8026771876089136
2022-08-16 15:00:00,-1.1872994820620177
2022-08-16 15:30:00,-1.1657017341900864
2022-08-16 16:00:00,-1.2329807958574404
2022-08-16 16:30:00,-1.158630816738276
2022-08-16 17:00:00,-1.2006892007968382
2022-08-16 17:30:00,-1.1227974486913475
2022-08-16 18:00:00,-1.2628861404027951
2022-08-16 18:30:00,-1.2676988912306046
2022-08-16 19:00:00,-1.262060401938055
2022-08-16 19:30:00,-1.2324427605743877
2022-08-16 20:00:00,-1.0218429984243016
2022-08-16 20:30:00,-0.9995108427773526
2022-08-16 21:00:00,-0.8056317157874602
2022-08-16 21:30:00,-1.0105304199779375
2022-08-16 22:00:00,-0.7430446379899418
2022-08-16 22:30:00,-0.9044885746768894
2022-08-16 23:00:00,-0.923516218161368
2022-08-16 23:30:00,-0.724500930343909
2022-08-17 00:00:00,-1.1690042641824439
2022-08-17 00:30:00,-0.7206463518202674
2022-08-17 01:00:00,-1.16873058241166
2022-08-17 01:30:00,-0.7221064573102545
2022-08-17 02:00:00,-1.2967585315446277
2022-08-17 02:30:00,-0.6555760058812478
2022-08-17 03:00:00,-1.2461566957166943
2022-08-17 03:30:00,-0.5262064046814205
2022-08-17 04:00:00,-1.1178959096278827
2022-08-17 04:30:00,-0.5959340592427048
2022-08-17 05:00:00,-0.9974276406740924
2022-08-17 05:30:00,-0.6243464254646401
2022-08-17 06:00:00,-0.842572566391523
2022-08-17 06:30:00,-0.623727644579117
2022-08-17 07:00:00,-0.9287915550562019
2022-08-17 07:30:00,-0.6291236295514152
2022-08-17 08:00:00,-0.9681477471117966
2022-08-17 08:30:00,-0.7578275276724125
2022-08-17 09:00:00,-0.9973686201891279
2022-08-17 09:30:00,-0.8813803240343545
2022-08-17 10:00:00,-1.2198460147681662
2022-08-17 10:30:00,-1.2896301940074775
2022-08-17 11:00:00,-1.4745899957216617
2022-08-17 11:30:00,-1.8075714225470616
2022-08-17 12:00:00,-1.1186493227272996
2022-08-17 12:30:00,-2.3977105097857523
2022-08-17 13:00:00,-1.075285281735223
2022-08-17 13:30:00,-1.9866831294227854
2022-08-17 14:00:00,-1.1134129544123008
2022-08-17 14:30:00,-1.6509949238051553
2022-08-17 15:00:00,-1.097018846958766
2022-08-17 15:30:00,-1.6384047137348512
2022-08-17 16:00:00,-1.1764678449830166
2022-08-17 16:30:00,-1.4009666856809913
2022-08-17 17:00:00,-1.1736650549972765
2022-08-17 17:30:00,-1.4023279968266098
2022-08-17 18:00:00,-1.2237883097160802
2022-08-17 18:30:00,-1.2411144358794748
2022-08-17 19:00:00,-1.200066783141958
2022-08-17 19:30:00,-1.0754555326048083
2022-08-17 20:00:00,-0.9050676240544635
2022-08-17 20:30:00,-1.055248728039145
2022-08-17 21:00:00,-0.7300698214167898
2022-08-17 21:30:00,-1.1171000226482943
2022-08-17 22:00:00,-0.6912418579621549
2022-08-17 22:30:00,-0.742275775661417
2022-08-17 23:00:00,-1.0401056973170277
2022-08-17 23:30:00,-0.7197448785587899
2022-08-18 00:00:00,-1.152159412106123
2022-08-18 00:30:00,-0.4919324062176752
2022-08-18 01:00:00,-1.2805603503417902
2022-08-18 01:30:00,-0.5787934048320773
2022-08-18 02:00:00,-1.392475489417999
2022-08-18 02:30:00,-0.5744038549928764
2022-08-18 03:00:00,-1.0259666885255905
2022-08-18 03:30:00,-0.6324302821096631
2022-08-18 04:00:00,-1.0250638431028267
2022-08-18 04:30:00,-0.6426788756074072
2022-08-18 05:00:00,-0.8253240013632435
2022-08-18 05:30:00,-0.6846771659480294
2022-08-18 06:00:00,-0.8109926155075974
2022-08-18 06:30:00,-0.7269070833929335
2022-08-18 07:00:00,-0.808027966568634
2022-08-18 07:30:00,-0.7299108735973892
2022-08-18 08:00:00,-0.9948372387725025
2022-08-18 08:30:00,-0.7308801055464936
2022-08-18 09:00:00,-1.2185578520589329
2022-08-18 09:30:00,-0.8583498123588403
2022-08-18 10:00:00,-1.1489243148433312
2022-08-18 10:30:00,-1.2279501475368713
2022-08-18 11:00:00,-1.3725552307066118
2022-08-18 11:30:00,-1.6384769591327688
2022-08-18 12:00:00,-1.0874366595593323
2022-08-18 12:30:00,-2.0648878422907853
2022-08-18 13:00:00,-1.1363886529868192
2022-08-18 13:30:00,-1.8147741684805316
2022-08-18 14:00:00,-1.1404094534437137
2022-08-18 14:30:00,-1.6990471345858678
2022-08-18 15:00:00,-1.0829520895107891
2022-08-18 15:30:00,-1.5902776883959933
2022-08-18 16:00:00,-1.183097903268672
2022-08-18 16:30:00,-1.3329643877930832
2022-08-18 17:00:00,-1.1821133858106332
2022-08-18 17:30:00,-1.32642161005218
2022-08-18 18:00:00,-1.2928840141516185
2022-08-18 18:30:00,-1.147248433035556
2022-08-18 19:00:00,-0.9880324116827408
2022-08-18 19:30:00,-0.9678900756766937
2022-08-18 20:00:00,-0.8947695005889043
2022-08-18 20:30:00,-0.925774106811399
2022-08-18 21:00:00,-0.7738697464080633
2022-08-18 21:30:00,-1.0128399592566624
2022-08-18 22:00:00,-0.638090961145586
2022-08-18 22:30:00,-1.0597302099705528
2022-08-18 23:00:00,-0.5807784646625502
2022-08-18 23:30:00,-0.8946348937869
2022-08-19 00:00:00,-0.6061063838525971
2022-08-19 00:30:00,-0.7492714809559569
2022-08-19 01:00:00,-0.7769686509196937
2022-08-19 01:30:00,-0.7064773481195366
2022-08-19 02:00:00,-0.9629808170945913
2022-08-19 02:30:00,-0.6989314948072477
2022-08-19 03:00:00,-1.459374344361505
2022-08-19 03:30:00,-0.4984234986973091
2022-08-19 04:00:00,-1.7251874828637177
2022-08-19 04:30:00,-0.49309836718389977
2022-08-19 05:00:00,-1.7000753330853604
2022-08-19 05:30:00,-0.5413968525496995
2022-08-19 06:00:00,-1.8611222810116836
2022-08-19 06:30:00,-0.5482973600362866
2022-08-19 07:00:00,-1.8419035180730592
2022-08-19 07:30:00,-0.5283287625437576
2022-08-19 08:00:00,-1.560649893723742
2022-08-19 08:30:00,-0.7763932483196182
2022-08-19 09:00:00,-1.1353164574013215
2022-08-19 09:30:00,-1.0150781411824208
2022-08-19 10:00:00,-1.2070110021057918
2022-08-19 10:30:00,-1.572989691375986
2022-08-19 11:00:00,-1.5447685493432408
2022-08-19 11:30:00,-1.6896241812050727
2022-08-19 12:00:00,-1.2841432451400834
2022-08-19 12:30:00,-1.9117363981847943
2022-08-19 13:00:00,-1.2437329747484898
2022-08-19 13:30:00,-1.7942880571814623
2022-08-19 14:00:00,-1.1972833026091532
2022-08-19 14:30:00,-1.6853434398183822
2022-08-19 15:00:00,-1.2597718404140572
2022-08-19 15:30:00,-1.495960249533731
2022-08-19 16:00:00,-1.2441138505313167
2022-08-19 16:30:00,-1.219646124925053
2022-08-19 17:00:00,-1.3554608484407953
2022-08-19 17:30:00,-1.1616352265761094
2022-08-19 18:00:00,-1.138222811518547
2022-08-19 18:30:00,-1.059791779655241
2022-08-19 19:00:00,-0.9016912415162751
2022-08-19 19:30:00,-0.9934467793499207
2022-08-19 20:00:00,-0.7763636878293074
2022-08-19 20:30:00,-1.136986267656945
2022-08-19 21:00:00,-0.6700002171896305
2022-08-19 21:30:00,-1.0280731376925343
2022-08-19 22:00:00,-0.611871300328337
2022-08-19 22:30:00,-0.8904219724497514
2022-08-19 23:00:00,-0.6403953231935876
2022-08-19 23:30:00,-0.9013117598442352
2022-08-20 00:00:00,-0.5246285762009935
2022-08-20 00:30:00,-1.0122044768160925
2022-08-20 01:00:00,-0.5021928171467229
2022-08-20 01:30:00,-0.9490196369891423
2022-08-20 02:00:00,-0.6510324427356683
2022-08-20 02:30:00,-0.7428667437140432
2022-08-20 03:00:00,-0.7016193330369945
2022-08-20 03:30:00,-0.713723626252212
2022-08-20 04:00:00,-0.7285232834532819
2022-08-20 04:30:00,-0.7195001743843872
2022-08-20 05:00:00,-0.7175996210516299
2022-08-20 05:30:00,-0.7182296089723985
2022-08-20 06:00:00,-1.056585008741672
2022-08-20 06:30:00,-0.7371822595807553
2022-08-20 07:00:00,-0.8236545780458908
2022-08-20 07:30:00,-0.7321738835368408
2022-08-20 08:00:00,-0.8608105310159178
2022-08-20 08:30:00,-0.9989901712117476
2022-08-20 09:00:00,-1.1183053159256695
2022-08-20 09:30:00,-0.9040186655256645
2022-08-20 10:00:00,-1.2782249586036505
2022-08-20 10:30:00,-0.9085081279052245
2022-08-20 11:00:00,-0.967005162901427
2022-08-20 11:30:00,-1.3963066987900508
2022-08-20 12:00:00,-1.0626205656333827
2022-08-20 12:30:00,-1.5550700545861702
2022-08-20 13:00:00,-1.7348775299511165
2022-08-20 13:30:00,-1.5548917221416119
2022-08-20 14:00:00,-1.4651672627557064
2022-08-20 14:30:00,-1.4001010129045088
2022-08-20 15:00:00,-1.1906768912859556
2022-08-20 15:30:00,-1.2394403074869516
2022-08-20 16:00:00,-1.3199701189810127
2022-08-20 16:30:00,-1.2348218455196263
2022-08-20 17:00:00,-1.3489323591066968
2022-08-20 17:30:00,-1.503951474554831
2022-08-20 18:00:00,-1.5640190981210602
2022-08-20 18:30:00,-1.3192941279398205
2022-08-20 19:00:00,-1.0381749223063763
2022-08-20 19:30:00,-0.9885335760250696
2022-08-20 20:00:00,-0.9963896818823201
2022-08-20 20:30:00,-1.150943619114669
2022-08-20 21:00:00,-0.7602227189109091
2022-08-20 21:30:00,-1.1202656443882104
2022-08-20 22:00:00,-0.6840459391408023
2022-08-20 22:30:00,-1.0607625083924852
2022-08-20 23:00:00,-0.8346682008054678
2022-08-20 23:30:00,-0.8772159229749044
2022-08-21 00:00:00,-0.9646751795378453
2022-08-21 00:30:00,-0.7198552659684749
2022-08-21 01:00:00,-1.1412805959398524
2022-08-21 01:30:00,-0.6973623680912003
2022-08-21 02:00:00,-1.1764657697729575
2022-08-21 02:30:00,-0.7517209648501513
2022-08-21 03:00:00,-1.5571444376024959
2022-08-21 03:30:00,-0.5712214155707122
2022-08-21 04:00:00,-1.3264561978511176
2022-08-21 04:30:00,-0.59353780021289
2022-08-21 05:00:00,-1.3807107654287716
2022-08-21 05:30:00,-0.6501571416927789
2022-08-21 06:00:00,-1.3255572352804705
2022-08-21 06:30:00,-0.6409657621276793
2022-08-21 07:00:00,-1.3585684085118737
2022-08-21 07:30:00,-0.6883098696024813
2022-08-21 08:00:00,-1.301732335495563
2022-08-21 08:30:00,-0.7418777963850199
2022-08-21 09:00:00,-1.2649582512565156
2022-08-21 09:30:00,-0.8956868915047633
2022-08-21 10:00:00,-1.3321655809830586
2022-08-21 10:30:00,-1.579977885651037
2022-08-21 11:00:00,-1.664035459243926
2022-08-21 11:30:00,-1.7074701926407079
2022-08-21 12:00:00,-1.4527528174688586
2022-08-21 12:30:00,-2.3210021870446984
2022-08-21 13:00:00,-1.5163290087523953
2022-08-21 13:30:00,-1.5956125646297123
2022-08-21 14:00:00,-1.3659525373329158
2022-08-21 14:30:00,-1.387621916180178
2022-08-21 15:00:00,-0.9258945010336004
2022-08-21 15:30:00,-1.1148701053316157
2022-08-21 16:00:00,-0.7987285712156583
2022-08-21 16:30:00,-1.1130412499686921
2022-08-21 17:00:00,-0.6959313298061538
2022-08-21 17:30:00,-0.921075535569634
2022-08-21 18:00:00,-0.8474459998967657
2022-08-21 18:30:00,-1.0241179770588948
2022-08-21 19:00:00,-0.986017117727991
2022-08-21 19:30:00,-0.9340920193716435
2022-08-21 20:00:00,-0.7493167964479137
2022-08-21 20:30:00,-0.963832141247002
2022-08-21 21:00:00,-0.6885254277256425
2022-08-21 21:30:00,-0.9307053317505907
2022-08-21 22:00:00,-0.685521920428103
2022-08-21 22:30:00,-0.9316712999930413
2022-08-21 23:00:00,-0.671327821657908
2022-08-21 23:30:00,-0.8984334199083506
2022-08-22 00:00:00,-0.7010603541335432
2022-08-22 00:30:00,-1.0977799667090722
2022-08-22 01:00:00,-0.6750503780520438
2022-08-22 01:30:00,-1.0635637320474876
2022-08-22 02:00:00,-0.6542553987301606
2022-08-22 02:30:00,-0.9922708204606187
2022-08-22 03:00:00,-0.6549762202048747
2022-08-22 03:30:00,-0.9836626198197707
2022-08-22 04:00:00,-0.6479540329541907
2022-08-22 04:30:00,-1.013027182384893
2022-08-22 05:00:00,-0.6292418788949551
2022-08-22 05:30:00,-1.028045359692576
2022-08-22 06:00:00,-0.6438540003965751
2022-08-22 06:30:00,-1.0285038151043309
2022-08-22 07:00:00,-0.6312453556689845
2022-08-22 07:30:00,-1.018416930304505
2022-08-22 08:00:00,-0.719019402536941
2022-08-22 08:30:00,-0.9791972263087598
2022-08-22 09:00:00,-0.620721346004052
2022-08-22 09:30:00,-0.972829542121349
2022-08-22 10:00:00,-0.7071268509312503
2022-08-22 10:30:00,-1.0718317857842776
2022-08-22 11:00:00,-1.1775691010127658
2022-08-22 11:30:00,-1.548302168758286
2022-08-22 12:00:00,-1.6373197502664916
2022-08-22 12:30:00,-1.9699470621020927
2022-08-22 13:00:00,-1.4040231736138136
2022-08-22 13:30:00,-1.9877025477352042
2022-08-22 14:00:00,-1.0035991314027972
2022-08-22 14:30:00,-1.4482337239848715
2022-08-22 15:00:00,-0.9488481099362321
2022-08-22 15:30:00,-1.3728607667669461
2022-08-22 16:00:00,-1.06586981275272
2022-08-22 16:30:00,-1.8211753469728043
2022-08-22 17:00:00,-0.883943520043834
2022-08-22 17:30:00,-1.0590063444799755
2022-08-22 18:00:00,-0.6805289085443994
2022-08-22 18:30:00,-0.9727028647829724
2022-08-22 19:00:00,-0.6903059720020823
2022-08-22 19:30:00,-0.9540088579345704
2022-08-22 20:00:00,-0.6767613659972855
2022-08-22 20:30:00,-0.9802697747259523
2022-08-22 21:00:00,-0.6763062604467217
2022-08-22 21:30:00,-0.8902102951014993
2022-08-22 22:00:00,-0.6592139369804149
2022-08-22 22:30:00,-0.8178889351400644
2022-08-22 23:00:00,-0.5982627351497412
2022-08-22 23:30:00,-0.7707653920727587
2022-08-23 00:00:00,-0.6852903538516667
2022-08-23 00:30:00,-1.118501370377172
2022-08-23 01:00:00,-0.6467539711440677
2022-08-23 01:30:00,-1.022890200213454
2022-08-23 02:00:00,-0.5817556836834726
2022-08-23 02:30:00,-1.0384684532756743
2022-08-23 03:00:00,-0.5858370951034189
2022-08-23 03:30:00,-1.0739048963594566
2022-08-23 04:00:00,-0.5887444716072262
2022-08-23 04:30:00,-0.9852794483669781
2022-08-23 05:00:00,-0.5879050461200273
2022-08-23 05:30:00,-0.9826741289534278
2022-08-23 06:00:00,-0.6003347670087753
2022-08-23 06:30:00,-0.9271523486038304
2022-08-23 07:00:00,-0.603584130161067
2022-08-23 07:30:00,-0.9818223181659596
2022-08-23 08:00:00,-0.6571636403398728
2022-08-23 08:30:00,-0.9646945820350754
2022-08-23 09:00:00,-0.6270363370899618
2022-08-23 09:30:00,-0.9060140629681226
2022-08-23 10:00:00,-0.6299207683628599
2022-08-23 10:30:00,-0.9354500243884304
2022-08-23 11:00:00,-0.6744958573034361
2022-08-23 11:30:00,-0.9829932784012598
2022-08-23 12:00:00,-0.7174115685121891
2022-08-23 12:30:00,-1.0868400483830678
2022-08-23 13:00:00,-0.8432637922198164
2022-08-23 13:30:00,-1.1280480690296228
2022-08-23 14:00:00,-0.9103067180034299
2022-08-23 14:30:00,-1.2583436807131028
2022-08-23 15:00:00,-0.8484720472267113
2022-08-23 15:30:00,-1.207480875079008
2022-08-23 16:00:00,-0.875097975530355
2022-08-23 16:30:00,-1.283332904179476
2022-08-23 17:00:00,-0.9413551465686402
2022-08-23 17:30:00,-1.2162775032652775
2022-08-23 18:00:00,-0.6825547869923468
2022-08-23 18:30:00,-1.1080675036182555
2022-08-23 19:00:00,-0.5929735494678328
2022-08-23 19:30:00,-0.875592796661725
2022-08-23 20:00:00,-0.5896313404931816
2022-08-23 20:30:00,-0.8241947411622023
2022-08-23 21:00:00,-0.5607973903771204
2022-08-23 21:30:00,-0.8038044294195399
2022-08-23 22:00:00,-0.5872502013658008
2022-08-23 22:30:00,-0.7326495114182419
2022-08-23 23:00:00,-0.5218542324950932
2022-08-23 23:30:00,-0.7595881369639393
2022-08-24 00:00:00,-0.5026494744027166
2022-08-24 00:30:00,-0.8896390685441914
2022-08-24 01:00:00,-0.40411060976496194
2022-08-24 01:30:00,-0.8332121599133352
2022-08-24 02:00:00,-0.44839051391055995
2022-08-24 02:30:00,-0.8389041817184562
2022-08-24 03:00:00,-0.46554220578898103
2022-08-24 03:30:00,-0.8121251056107914
2022-08-24 04:00:00,-0.5276544534726325
2022-08-24 04:30:00,-0.9299822556824744
2022-08-24 05:00:00,-0.6149020756051812
2022-08-24 05:30:00,-1.032245598655229
2022-08-24 06:00:00,-0.6379633613147702
2022-08-24 06:30:00,-0.9989722421957183
2022-08-24 07:00:00,-0.62988440567387
2022-08-24 07:30:00,-0.8726299255296126
2022-08-24 08:00:00,-0.685778043966951
2022-08-24 08:30:00,-0.9089403707476955
2022-08-24 09:00:00,-0.6202659216627345
2022-08-24 09:30:00,-0.9847258873636221
2022-08-24 10:00:00,-0.6030373603011292
2022-08-24 10:30:00,-1.2678405220760596
2022-08-24 11:00:00,-1.3297293684608888
2022-08-24 11:30:00,-1.6426213245757055
2022-08-24 12:00:00,-1.362745202301843
2022-08-24 12:30:00,-1.5697959018388936
2022-08-24 13:00:00,-1.288289629838955
2022-08-24 13:30:00,-1.5821690851426369
2022-08-24 14:00:00,-1.2416335925727937
2022-08-24 14:30:00,-1.4023027376819952
2022-08-24 15:00:00,-1.0708741553028662
2022-08-24 15:30:00,-1.4515529792867696
2022-08-24 16:00:00,-0.8941362015939501
2022-08-24 16:30:00,-1.254022251501456
2022-08-24 17:00:00,-0.8959282071119677
2022-08-24 17:30:00,-1.2603980614292873
2022-08-24 18:00:00,-0.9108471324817837
2022-08-24 18:30:00,-1.2908778624311117
2022-08-24 19:00:00,-0.7867355636017224
2022-08-24 19:30:00,-0.836630388205035
2022-08-24 20:00:00,-0.6843195386463798
2022-08-24 20:30:00,-0.8982786183290556
2022-08-24 21:00:00,-0.5602339196838877
2022-08-24 21:30:00,-0.701293094283105
2022-08-24 22:00:00,-0.5444072329973898
2022-08-24 22:30:00,-0.702639638420698
2022-08-24 23:00:00,-0.5323379468498716
2022-08-24 23:30:00,-0.6793538148258971
2022-08-25 00:00:00,-0.386605251559706
2022-08-25 00:30:00,-0.7194504186839012
2022-08-25 01:00:00,-0.39251197686670997
2022-08-25 01:30:00,-0.6813831110470819
2022-08-25 02:00:00,-0.4049824531503311
2022-08-25 02:30:00,-0.6804405481219992
2022-08-25 03:00:00,-0.36077388007844136
2022-08-25 03:30:00,-0.7056496171895857
2022-08-25 04:00:00,-0.3806017529572536
2022-08-25 04:30:00,-0.6748781954910362
2022-08-25 05:00:00,-0.3894879293751787
2022-08-25 05:30:00,-0.7691071898980045
2022-08-25 06:00:00,-0.3989242111714812
2022-08-25 06:30:00,-0.6588217723180497
2022-08-25 07:00:00,-0.37429244118644556
2022-08-25 07:30:00,-0.6645979917198107
2022-08-25 08:00:00,-0.4169955497370257
2022-08-25 08:30:00,-0.6846966705265963
2022-08-25 09:00:00,-0.51387797792798
2022-08-25 09:30:00,-0.9194543133507423
2022-08-25 10:00:00,-0.6008082654744158
2022-08-25 10:30:00,-1.007778603029749
2022-08-25 11:00:00,-1.3629121968841988
2022-08-25 11:30:00,-1.7298920372001394
2022-08-25 12:00:00,-1.225041649726642
2022-08-25 12:30:00,-1.6692152485012324
2022-08-25 13:00:00,-1.4532028283090292
2022-08-25 13:30:00,-1.9691928381254848
2022-08-25 14:00:00,-1.1507605638984446
2022-08-25 14:30:00,-1.6920479857966528
2022-08-25 15:00:00,-0.9935089509745803
2022-08-25 15:30:00,-1.3524270420297244
2022-08-25 16:00:00,-1.202247389507664
2022-08-25 16:30:00,-1.7419482810355975
2022-08-25 17:00:00,-1.0360520835333624
2022-08-25 17:30:00,-1.1523510768385794
2022-08-25 18:00:00,-0.9705578628731553
2022-08-25 18:30:00,-1.2163313216002511
2022-08-25 19:00:00,-0.9516750321220254
2022-08-25 19:30:00,-1.1095427924370131
2022-08-25 20:00:00,-0.7960120073304892
2022-08-25 20:30:00,-0.864876969540876
2022-08-25 21:00:00,-0.6894252775699217
2022-08-25 21:30:00,-0.7921179937256463
2022-08-25 22:00:00,-0.7572390920862148
2022-08-25 22:30:00,-0.7310805479611174
2022-08-25 23:00:00,-0.6377917040420299
2022-08-25 23:30:00,-0.738248495463683
2022-08-26 00:00:00,-0.4971594688333157
2022-08-26 00:30:00,-0.8205231151701979
2022-08-26 01:00:00,-0.5413446050064268
2022-08-26 01:30:00,-0.7724233464132153
2022-08-26 02:00:00,-0.44917663500014443
2022-08-26 02:30:00,-0.6799101895291845
2022-08-26 03:00:00,-0.4566552184743958
2022-08-26 03:30:00,-0.6986724952532942
2022-08-26 04:00:00,-0.4435513094379013
2022-08-26 04:30:00,-0.7699920968325968
2022-08-26 05:00:00,-0.48003485944718555
2022-08-26 05:30:00,-0.7431082224544514
2022-08-26 06:00:00,-0.46740561600149844
2022-08-26 06:30:00,-0.7241316491822005
2022-08-26 07:00:00,-0.4765893950053249
2022-08-26 07:30:00,-0.7185801117494102
2022-08-26 08:00:00,-0.5158182338786322
2022-08-26 08:30:00,-0.7490481222087744
2022-08-26 09:00:00,-0.7230226935907592
2022-08-26 09:30:00,-0.9926461781262671
2022-08-26 10:00:00,-0.8421870042725581
2022-08-26 10:30:00,-0.9959991691100791
2022-08-26 11:00:00,-1.4753902691057883
2022-08-26 11:30:00,-1.7430786222759644
2022-08-26 12:00:00,-1.482769176716883
2022-08-26 12:30:00,-1.7402113275679532
2022-08-26 13:00:00,-1.6734174743046153
2022-08-26 13:30:00,-2.0269080755331994
2022-08-26 14:00:00,-1.431356947280677
2022-08-26 14:30:00,-1.8179211000347157
2022-08-26 15:00:00,-1.3242758898378386
2022-08-26 15:30:00,-1.6971045673611231
2022-08-26 16:00:00,-1.2949529044880856
2022-08-26 16:30:00,-1.7818389915004353
2022-08-26 17:00:00,-0.8268570309341267
2022-08-26 17:30:00,-0.9010691134369329
2022-08-26 18:00:00,-0.5281905982025992
2022-08-26 18:30:00,-0.8246200653169915
2022-08-26 19:00:00,-0.6122144371947325
2022-08-26 19:30:00,-0.7744191764531463
2022-08-26 20:00:00,-0.5655259298855266
2022-08-26 20:30:00,-0.7757694160385035
2022-08-26 21:00:00,-0.506778244684729
2022-08-26 21:30:00,-0.7691955464602035
2022-08-26 22:00:00,-0.5623360958682688
2022-08-26 22:30:00,-0.6250331676188662
2022-08-26 23:00:00,-0.5771702605099848
2022-08-26 23:30:00,-0.8149432953722703
2022-08-27 00:00:00,-0.5603799703342416
2022-08-27 00:30:00,-0.926109104346122
2022-08-27 01:00:00,-0.5026826563729784
2022-08-27 01:30:00,-0.7143936474011394
2022-08-27 02:00:00,-0.3686188961996909
2022-08-27 02:30:00,-0.5586178670760437
2022-08-27 03:00:00,-0.3358519217506983
2022-08-27 03:30:00,-0.7403986823551679
2022-08-27 04:00:00,-0.4017026375581142
2022-08-27 04:30:00,-0.6512534040350417
2022-08-27 05:00:00,-0.4066506684041658
2022-08-27 05:30:00,-0.6624187684594767
2022-08-27 06:00:00,-0.42881346679461985
2022-08-27 06:30:00,-0.6511112214926937
2022-08-27 07:00:00,-0.4385035006609994
2022-08-27 07:30:00,-0.8100373702862835
2022-08-27 08:00:00,-0.4640861578602127
2022-08-27 08:30:00,-0.6800148743815558
2022-08-27 09:00:00,-0.529815298016836
2022-08-27 09:30:00,-0.900961056261395
2022-08-27 10:00:00,-1.0234527773045785
2022-08-27 10:30:00,-1.0820909463493995
2022-08-27 11:00:00,-1.3058376252743817
2022-08-27 11:30:00,-1.3842807229859329
2022-08-27 12:00:00,-0.8007892537802573
2022-08-27 12:30:00,-0.7115697597156762
2022-08-27 13:00:00,-0.962416745023227
2022-08-27 13:30:00,-0.7476953989742205
2022-08-27 14:00:00,-0.7721755066277064
2022-08-27 14:30:00,-0.6669881385467238
2022-08-27 15:00:00,-0.5135243517851967
2022-08-27 15:30:00,-0.4215950808344784
2022-08-27 16:00:00,-0.4297473461017398
2022-08-27 16:30:00,-0.542042470487123
2022-08-27 17:00:00,-0.7267005251788524
2022-08-27 17:30:00,-0.8787880074883686
2022-08-27 18:00:00,-0.9444013448949232
2022-08-27 18:30:00,-0.9652693662733274
2022-08-27 19:00:00,-0.9714098508954327
2022-08-27 19:30:00,-0.9704261482620904
2022-08-27 20:00:00,-0.9566085492137116
2022-08-27 20:30:00,-0.9383835259190804
2022-08-27 21:00:00,-0.9290645310803664
2022-08-27 21:30:00,-0.873322734015101
2022-08-27 22:00:00,-0.7946192335548375
2022-08-27 22:30:00,-0.7906888046902804
2022-08-27 23:00:00,-0.8262859202464805
2022-08-27 23:30:00,-0.8294729154179863
2022-08-28 00:00:00,-0.8037858611483932
2022-08-28 00:30:00,-0.7938760641653277
2022-08-28 01:00:00,-0.7852278717985027
2022-08-28 01:30:00,-0.749961664004746
2022-08-28 02:00:00,-0.6769621322323724
2022-08-28 02:30:00,-0.5909438609693041
2022-08-28 03:00:00,-0.5108133040616171
2022-08-28 03:30:00,-0.4134235571228901
2022-08-28 04:00:00,-0.3720250743244222
2022-08-28 04:30:00,-0.3719873808325145
2022-08-28 05:00:00,-0.3583855229346124
2022-08-28 05:30:00,-0.3374382452532248
2022-08-28 06:00:00,-0.3258958311539194
2022-08-28 06:30:00,-0.3344515646267978
2022-08-28 07:00:00,-0.3695207179372922
2022-08-28 07:30:00,-0.4575127404575667
2022-08-28 08:00:00,-0.6091968236895087
2022-08-28 08:30:00,-0.7203322925463189
2022-08-28 09:00:00,-0.8088326683071029
2022-08-28 09:30:00,-0.9691953493693009
2022-08-28 10:00:00,-1.103157067307612
2022-08-28 10:30:00,-1.2983956732081992
2022-08-28 11:00:00,-1.5864097937554922
2022-08-28 11:30:00,-1.724507911975007
2022-08-28 12:00:00,-1.702908212929784
2022-08-28 12:30:00,-1.6371888165172852
2022-08-28 13:00:00,-1.5985039869662163
2022-08-28 13:30:00,-1.5646047533102454
2022-08-28 14:00:00,-1.5681528222182968
2022-08-28 14:30:00,-1.670027516938361
2022-08-28 15:00:00,-1.720682168817269
2022-08-28 15:30:00,-1.6118010834294252
2022-08-28 16:00:00,-1.604998981266982
2022-08-28 16:30:00,-1.766622362788426
2022-08-28 17:00:00,-1.7283265077867844
2022-08-28 17:30:00,-1.6598963600365806
2022-08-28 18:00:00,-1.6358719505008428
2022-08-28 18:30:00,-1.3151035774176083
2022-08-28 19:00:00,-0.9423829482590108
2022-08-28 19:30:00,-0.8499307215048331
2022-08-28 20:00:00,-0.880671969962311
2022-08-28 20:30:00,-0.88196472690246
2022-08-28 21:00:00,-0.840844644943992
2022-08-28 21:30:00,-0.7476836662124654
2022-08-28 22:00:00,-0.6429437728403183
2022-08-28 22:30:00,-0.6184020930906801
2022-08-28 23:00:00,-0.6373120925478181
2022-08-28 23:30:00,-0.5931722309046841
2022-08-29 00:00:00,-0.4818165208004249
2022-08-29 00:30:00,-0.3832121724840309
2022-08-29 01:00:00,-0.3292483256036094
2022-08-29 01:30:00,-0.3368361536905401
2022-08-29 02:00:00,-0.367744342650658
2022-08-29 02:30:00,-0.3793234780397408
2022-08-29 03:00:00,-0.3713119857453081
2022-08-29 03:30:00,-0.3600760088085327
2022-08-29 04:00:00,-0.3779408457080184
2022-08-29 04:30:00,-0.4387075813990586
2022-08-29 05:00:00,-0.5180794405205466
2022-08-29 05:30:00,-0.5577497904308157
2022-08-29 06:00:00,-0.5412363859390055
2022-08-29 06:30:00,-0.5182466300325291
2022-08-29 07:00:00,-0.5285144657770529
2022-08-29 07:30:00,-0.5730142835736161
2022-08-29 08:00:00,-0.639134064263551
2022-08-29 08:30:00,-0.7204791840965725
2022-08-29 09:00:00,-0.7989458818303383
2022-08-29 09:30:00,-0.8890553043759316
2022-08-29 10:00:00,-1.0328924240470012
2022-08-29 10:30:00,-1.23065006539551
2022-08-29 11:00:00,-1.353794441735351
2022-08-29 11:30:00,-1.3283871437627248
2022-08-29 12:00:00,-1.3521263067179612
2022-08-29 12:30:00,-1.4231766467811555
2022-08-29 13:00:00,-1.4168153098540608
2022-08-29 13:30:00,-1.3876742433798948
2022-08-29 14:00:00,-1.3889806996330496
2022-08-29 14:30:00,-1.4877546180153147
2022-08-29 15:00:00,-1.7134271625161148
2022-08-29 15:30:00,-1.8522742732114037
2022-08-29 16:00:00,-1.838254076672051
2022-08-29 16:30:00,-1.898786040432119
2022-08-29 17:00:00,-1.9420369898960517
2022-08-29 17:30:00,-1.8401571656211264
2022-08-29 18:00:00,-1.6292698897599531
2022-08-29 18:30:00,-1.498744886356489
2022-08-29 19:00:00,-1.3686475382064265
2022-08-29 19:30:00,-1.1161784744425527
2022-08-29 20:00:00,-0.9478662378148264
2022-08-29 20:30:00,-0.9225880381021624
2022-08-29 21:00:00,-0.8756117149782716
2022-08-29 21:30:00,-0.7799327116023828
2022-08-29 22:00:00,-0.7160410312978337
2022-08-29 22:30:00,-0.7192670219306514
2022-08-29 23:00:00,-0.7085939808991926
2022-08-29 23:30:00,-0.6298359832975451
2022-08-30 00:00:00,-0.5344800863214468
2022-08-30 00:30:00,-0.5141298764174665
2022-08-30 01:00:00,-0.5396612876974293
2022-08-30 01:30:00,-0.5323791656432592
2022-08-30 02:00:00,-0.5079282152107274
2022-08-30 02:30:00,-0.5277993559835773
2022-08-30 03:00:00,-0.590756422424243
2022-08-30 03:30:00,-0.592522315226447
2022-08-30 04:00:00,-0.5152330482846416
2022-08-30 04:30:00,-0.439221903041627
2022-08-30 05:00:00,-0.3998690790539124
2022-08-30 05:30:00,-0.3921144121024956
2022-08-30 06:00:00,-0.4051010054766339
2022-08-30 06:30:00,-0.4421173085702761
2022-08-30 07:00:00,-0.4781996426451643
2022-08-30 07:30:00,-0.4889474216550268
2022-08-30 08:00:00,-0.51282528792104
2022-08-30 08:30:00,-0.5720916740036956
2022-08-30 09:00:00,-0.6716336731978675
2022-08-30 09:30:00,-0.8545224614342687
2022-08-30 10:00:00,-1.1130512831386066
2022-08-30 10:30:00,-1.349539401687685
2022-08-30 11:00:00,-1.485197616286089
2022-08-30 11:30:00,-1.4982348437753552
2022-08-30 12:00:00,-1.4656174981008685
2022-08-30 12:30:00,-1.459341110196903
2022-08-30 13:00:00,-1.527899636753808
2022-08-30 13:30:00,-1.607732825593192
2022-08-30 14:00:00,-1.6703133464181426
2022-08-30 14:30:00,-1.7570489089441628
2022-08-30 15:00:00,-1.8430401106557768
2022-08-30 15:30:00,-1.8363687747839144
2022-08-30 16:00:00,-1.8192551848521092
2022-08-30 16:30:00,-1.9400627655563016
2022-08-30 17:00:00,-2.0508234670435543
2022-08-30 17:30:00,-2.0122867441839296
2022-08-30 18:00:00,-1.8190634006412345
2022-08-30 18:30:00,-1.562074377399593
2022-08-30 19:00:00,-1.2818978712269211
2022-08-30 19:30:00,-1.000516579309484
2022-08-30 20:00:00,-0.898708419283052
2022-08-30 20:30:00,-0.9290550599593752
2022-08-30 21:00:00,-0.941565138074872
2022-08-30 21:30:00,-0.916285773997653
2022-08-30 22:00:00,-0.8813268505901317
2022-08-30 22:30:00,-0.8491943243966293
2022-08-30 23:00:00,-0.8149804145992099
2022-08-30 23:30:00,-0.7817593812024528
2022-08-31 00:00:00,-0.7542663945851734
2022-08-31 00:30:00,-0.7330629843318813
2022-08-31 01:00:00,-0.7143050182319477
2022-08-31 01:30:00,-0.6957504959467012
2022-08-31 02:00:00,-0.686186354096956
2022-08-31 02:30:00,-0.6795039292634754
2022-08-31 03:00:00,-0.6569072130102614
2022-08-31 03:30:00,-0.6341476526559545
2022-08-31 04:00:00,-0.6314790318386582
2022-08-31 04:30:00,-0.6420178285538297
2022-08-31 05:00:00,-0.6417309533636885
2022-08-31 05:30:00,-0.616822943475002
2022-08-31 06:00:00,-0.59074526079937
2022-08-31 06:30:00,-0.5984633773378715
2022-08-31 07:00:00,-0.6268277495451807
2022-08-31 07:30:00,-0.6501261098072928
2022-08-31 08:00:00,-0.6755625861816418
2022-08-31 08:30:00,-0.7238085327252884
2022-08-31 09:00:00,-0.8154333961865287
2022-08-31 09:30:00,-0.9665334972980986
2022-08-31 10:00:00,-1.1806580270000977
2022-08-31 10:30:00,-1.4712180332323874
2022-08-31 11:00:00,-1.7558150493404976
2022-08-31 11:30:00,-1.8938395449914949
2022-08-31 12:00:00,-1.8816251779368929
2022-08-31 12:30:00,-1.792363235892672
2022-08-31 13:00:00,-1.7831838606724362
2022-08-31 13:30:00,-1.830497021083332
2022-08-31 14:00:00,-1.9008121120465225
2022-08-31 14:30:00,-2.0388841644302875
2022-08-31 15:00:00,-2.205478998186092
2022-08-31 15:30:00,-2.2445460399057064
2022-08-31 16:00:00,-2.070985352420048
2022-08-31 16:30:00,-1.8665377099797595
2022-08-31 17:00:00,-1.9086751069215135
2022-08-31 17:30:00,-2.056952553143868
2022-08-31 18:00:00,-2.055957600490994
2022-08-31 18:30:00,-1.871805233896325
2022-08-31 19:00:00,-1.6076859299308055
2022-08-31 19:30:00,-1.309808411831182
2022-08-31 20:00:00,-1.0752470039599062
2022-08-31 20:30:00,-0.9928898049326634
2022-08-31 21:00:00,-1.0155110217373655
2022-08-31 21:30:00,-1.059160730567244
2022-08-31 22:00:00,-1.0775913702506914
2022-08-31 22:30:00,-1.0703760270139069
2022-08-31 23:00:00,-1.0601719792821431
2022-08-31 23:30:00,-1.047304116803262
